  0
SECTION
  2
HEADER
  9
$ANGBASE
  50
0.0
  9
$ANGDIR
  70
1
  9
$MEASUREMENT
  70
0
  0
ENDSEC
  0
SECTION
  2
TABLES
  0
TABLE
  2
LTYPE
  70
4
  0
LTYPE
  5
40F
  2
CONTINUOUS
  70
0
  3
Solid line
  72
65
  73
0
  40
0.0
  0
LTYPE
  5
410
  2
DASHDOT
 70
0
  3
Dash Dot ____ _ ____ _
 72
65
 73
4
 40
2.0
 49
1.25
 49
-0.25
 49
0.25
 49
-0.25
  0
LTYPE
  5
411
  2
DASHED
 70
0
  3
Dashed __ __ __ __ __
 72
65
 73
2
 40
0.75
 49
0.5
 49
-0.25
  0
LTYPE
  5
43B
  2
DOTTED
 70
0
  3
Dotted .  .  .  .
 72
65
 73
2
 40
0.2
 49
0.0
 49
-0.2
  0
ENDTAB
  0
TABLE
  2
STYLE
  70
4
  0
STYLE
  2
KICAD
  70
0
  40
0
  41
1
  42
1
  50
0
  71
0
  3
isocp.shx
  0
STYLE
  2
KICADB
  70
0
  40
0
  41
1
  42
1
  50
0
  71
0
  3
isocp.shx
  0
STYLE
  2
KICADI
  70
0
  40
0
  41
1
  42
1
  50
15
  71
0
  3
isocp.shx
  0
STYLE
  2
KICADBI
  70
0
  40
0
  41
1
  42
1
  50
15
  71
0
  3
isocp.shx
  0
ENDTAB
  0
TABLE
  2
LAYER
  70
1
  0
LAYER
  2
BLACK
  70
0
  62
7
  6
CONTINUOUS
  0
ENDTAB
  0
ENDSEC
  0
SECTION
  2
ENTITIES
0
LINE
8
BLACK
6
CONTINUOUS
10
2.5711031496062993
20
-5.0757957874015744
11
2.5848769291338582
21
-5.078939566929134
0
LINE
8
BLACK
6
CONTINUOUS
10
2.5848769291338582
20
-5.078939566929134
11
2.5982120866141734
21
-5.083605708661417
0
LINE
8
BLACK
6
CONTINUOUS
10
2.5982120866141734
20
-5.083605708661417
11
2.6109409448818899
21
-5.0897356299212602
0
LINE
8
BLACK
6
CONTINUOUS
10
2.6109409448818899
20
-5.0897356299212602
11
2.6229034645669289
21
-5.0972521653543303
0
LINE
8
BLACK
6
CONTINUOUS
10
2.6229034645669289
20
-5.0972521653543303
11
2.6339491732283462
21
-5.1060608267716532
0
LINE
8
BLACK
6
CONTINUOUS
10
2.6339491732283462
20
-5.1060608267716532
11
2.6439391732283464
21
-5.1160508267716533
0
LINE
8
BLACK
6
CONTINUOUS
10
2.6439391732283464
20
-5.1160508267716533
11
2.6527478346456692
21
-5.1270965354330711
0
LINE
8
BLACK
6
CONTINUOUS
10
2.6527478346456692
20
-5.1270965354330711
11
2.6602643700787403
21
-5.1390590551181097
0
LINE
8
BLACK
6
CONTINUOUS
10
2.6602643700787403
20
-5.1390590551181097
11
2.6663942913385825
21
-5.1517879133858271
0
LINE
8
BLACK
6
CONTINUOUS
10
2.6663942913385825
20
-5.1517879133858271
11
2.671060433070866
21
-5.1651230708661418
0
LINE
8
BLACK
6
CONTINUOUS
10
2.671060433070866
20
-5.1651230708661418
11
2.6742042125984251
21
-5.1788968503937003
0
LINE
8
BLACK
6
CONTINUOUS
10
2.6742042125984251
20
-5.1788968503937003
11
2.6757860629921257
21
-5.192936023622047
0
LINE
8
BLACK
6
CONTINUOUS
10
2.6757860629921257
20
-5.192936023622047
11
2.6757860629921257
21
-5.2070639763779525
0
LINE
8
BLACK
6
CONTINUOUS
10
2.6757860629921257
20
-5.2070639763779525
11
2.6742042125984251
21
-5.2211031496062992
0
LINE
8
BLACK
6
CONTINUOUS
10
2.6742042125984251
20
-5.2211031496062992
11
2.671060433070866
21
-5.2348769291338577
0
LINE
8
BLACK
6
CONTINUOUS
10
2.671060433070866
20
-5.2348769291338577
11
2.6663942913385825
21
-5.2482120866141733
0
LINE
8
BLACK
6
CONTINUOUS
10
2.6663942913385825
20
-5.2482120866141733
11
2.6602643700787403
21
-5.2609409448818898
0
LINE
8
BLACK
6
CONTINUOUS
10
2.6602643700787403
20
-5.2609409448818898
11
2.6527478346456692
21
-5.2729034645669293
0
LINE
8
BLACK
6
CONTINUOUS
10
2.6527478346456692
20
-5.2729034645669293
11
2.6439391732283464
21
-5.2839491732283461
0
LINE
8
BLACK
6
CONTINUOUS
10
2.6439391732283464
20
-5.2839491732283461
11
2.6339491732283462
21
-5.2939391732283463
0
LINE
8
BLACK
6
CONTINUOUS
10
2.6339491732283462
20
-5.2939391732283463
11
2.6229034645669289
21
-5.3027478346456691
0
LINE
8
BLACK
6
CONTINUOUS
10
2.6229034645669289
20
-5.3027478346456691
11
2.6109409448818899
21
-5.3102643700787402
0
LINE
8
BLACK
6
CONTINUOUS
10
2.6109409448818899
20
-5.3102643700787402
11
2.5982120866141734
21
-5.3163942913385824
0
LINE
8
BLACK
6
CONTINUOUS
10
2.5982120866141734
20
-5.3163942913385824
11
2.5848769291338582
21
-5.3210604330708664
0
LINE
8
BLACK
6
CONTINUOUS
10
2.5848769291338582
20
-5.3210604330708664
11
2.5711031496062993
21
-5.324204212598425
0
LINE
8
BLACK
6
CONTINUOUS
10
2.5711031496062993
20
-5.324204212598425
11
2.5570639763779526
21
-5.3257860629921261
0
LINE
8
BLACK
6
CONTINUOUS
10
2.5570639763779526
20
-5.3257860629921261
11
2.5429360236220471
21
-5.3257860629921261
0
LINE
8
BLACK
6
CONTINUOUS
10
2.5429360236220471
20
-5.3257860629921261
11
2.5288968503937008
21
-5.324204212598425
0
LINE
8
BLACK
6
CONTINUOUS
10
2.5288968503937008
20
-5.324204212598425
11
2.5151230708661418
21
-5.3210604330708664
0
LINE
8
BLACK
6
CONTINUOUS
10
2.5151230708661418
20
-5.3210604330708664
11
2.5017879133858267
21
-5.3163942913385824
0
LINE
8
BLACK
6
CONTINUOUS
10
2.5017879133858267
20
-5.3163942913385824
11
2.4890590551181102
21
-5.3102643700787402
0
LINE
8
BLACK
6
CONTINUOUS
10
2.4890590551181102
20
-5.3102643700787402
11
2.4770965354330707
21
-5.3027478346456691
0
LINE
8
BLACK
6
CONTINUOUS
10
2.4770965354330707
20
-5.3027478346456691
11
2.4660508267716534
21
-5.2939391732283463
0
LINE
8
BLACK
6
CONTINUOUS
10
2.4660508267716534
20
-5.2939391732283463
11
2.4560608267716533
21
-5.2839491732283461
0
LINE
8
BLACK
6
CONTINUOUS
10
2.4560608267716533
20
-5.2839491732283461
11
2.4472521653543304
21
-5.2729034645669293
0
LINE
8
BLACK
6
CONTINUOUS
10
2.4472521653543304
20
-5.2729034645669293
11
2.4397356299212598
21
-5.2609409448818898
0
LINE
8
BLACK
6
CONTINUOUS
10
2.4397356299212598
20
-5.2609409448818898
11
2.4336057086614171
21
-5.2482120866141733
0
LINE
8
BLACK
6
CONTINUOUS
10
2.4336057086614171
20
-5.2482120866141733
11
2.4289395669291336
21
-5.2348769291338577
0
LINE
8
BLACK
6
CONTINUOUS
10
2.4289395669291336
20
-5.2348769291338577
11
2.4257957874015745
21
-5.2211031496062992
0
LINE
8
BLACK
6
CONTINUOUS
10
2.4257957874015745
20
-5.2211031496062992
11
2.4242139370078739
21
-5.2070639763779525
0
LINE
8
BLACK
6
CONTINUOUS
10
2.4242139370078739
20
-5.2070639763779525
11
2.4242139370078739
21
-5.192936023622047
0
LINE
8
BLACK
6
CONTINUOUS
10
2.4242139370078739
20
-5.192936023622047
11
2.4257957874015745
21
-5.1788968503937003
0
LINE
8
BLACK
6
CONTINUOUS
10
2.4257957874015745
20
-5.1788968503937003
11
2.4289395669291336
21
-5.1651230708661418
0
LINE
8
BLACK
6
CONTINUOUS
10
2.4289395669291336
20
-5.1651230708661418
11
2.4336057086614171
21
-5.1517879133858271
0
LINE
8
BLACK
6
CONTINUOUS
10
2.4336057086614171
20
-5.1517879133858271
11
2.4397356299212598
21
-5.1390590551181097
0
LINE
8
BLACK
6
CONTINUOUS
10
2.4397356299212598
20
-5.1390590551181097
11
2.4472521653543304
21
-5.1270965354330711
0
LINE
8
BLACK
6
CONTINUOUS
10
2.4472521653543304
20
-5.1270965354330711
11
2.4560608267716533
21
-5.1160508267716533
0
LINE
8
BLACK
6
CONTINUOUS
10
2.4560608267716533
20
-5.1160508267716533
11
2.4660508267716534
21
-5.1060608267716532
0
LINE
8
BLACK
6
CONTINUOUS
10
2.4660508267716534
20
-5.1060608267716532
11
2.4770965354330707
21
-5.0972521653543303
0
LINE
8
BLACK
6
CONTINUOUS
10
2.4770965354330707
20
-5.0972521653543303
11
2.4890590551181102
21
-5.0897356299212602
0
LINE
8
BLACK
6
CONTINUOUS
10
2.4890590551181102
20
-5.0897356299212602
11
2.5017879133858267
21
-5.083605708661417
0
LINE
8
BLACK
6
CONTINUOUS
10
2.5017879133858267
20
-5.083605708661417
11
2.5151230708661418
21
-5.078939566929134
0
LINE
8
BLACK
6
CONTINUOUS
10
2.5151230708661418
20
-5.078939566929134
11
2.5288968503937008
21
-5.0757957874015744
0
LINE
8
BLACK
6
CONTINUOUS
10
2.5288968503937008
20
-5.0757957874015744
11
2.5429360236220471
21
-5.0742139370078743
0
LINE
8
BLACK
6
CONTINUOUS
10
2.5429360236220471
20
-5.0742139370078743
11
2.5570639763779526
21
-5.0742139370078743
0
LINE
8
BLACK
6
CONTINUOUS
10
2.5570639763779526
20
-5.0742139370078743
11
2.5711031496062993
21
-5.0757957874015744
0
LINE
8
BLACK
6
CONTINUOUS
10
4.9711031496062992
20
-5.0757957874015744
11
4.9848769291338577
21
-5.078939566929134
0
LINE
8
BLACK
6
CONTINUOUS
10
4.9848769291338577
20
-5.078939566929134
11
4.9982120866141733
21
-5.083605708661417
0
LINE
8
BLACK
6
CONTINUOUS
10
4.9982120866141733
20
-5.083605708661417
11
5.0109409448818898
21
-5.0897356299212602
0
LINE
8
BLACK
6
CONTINUOUS
10
5.0109409448818898
20
-5.0897356299212602
11
5.0229034645669293
21
-5.0972521653543303
0
LINE
8
BLACK
6
CONTINUOUS
10
5.0229034645669293
20
-5.0972521653543303
11
5.0339491732283461
21
-5.1060608267716532
0
LINE
8
BLACK
6
CONTINUOUS
10
5.0339491732283461
20
-5.1060608267716532
11
5.0439391732283463
21
-5.1160508267716533
0
LINE
8
BLACK
6
CONTINUOUS
10
5.0439391732283463
20
-5.1160508267716533
11
5.0527478346456691
21
-5.1270965354330711
0
LINE
8
BLACK
6
CONTINUOUS
10
5.0527478346456691
20
-5.1270965354330711
11
5.0602643700787402
21
-5.1390590551181097
0
LINE
8
BLACK
6
CONTINUOUS
10
5.0602643700787402
20
-5.1390590551181097
11
5.0663942913385824
21
-5.1517879133858271
0
LINE
8
BLACK
6
CONTINUOUS
10
5.0663942913385824
20
-5.1517879133858271
11
5.0710604330708664
21
-5.1651230708661418
0
LINE
8
BLACK
6
CONTINUOUS
10
5.0710604330708664
20
-5.1651230708661418
11
5.074204212598425
21
-5.1788968503937003
0
LINE
8
BLACK
6
CONTINUOUS
10
5.074204212598425
20
-5.1788968503937003
11
5.0757860629921261
21
-5.192936023622047
0
LINE
8
BLACK
6
CONTINUOUS
10
5.0757860629921261
20
-5.192936023622047
11
5.0757860629921261
21
-5.2070639763779525
0
LINE
8
BLACK
6
CONTINUOUS
10
5.0757860629921261
20
-5.2070639763779525
11
5.074204212598425
21
-5.2211031496062992
0
LINE
8
BLACK
6
CONTINUOUS
10
5.074204212598425
20
-5.2211031496062992
11
5.0710604330708664
21
-5.2348769291338577
0
LINE
8
BLACK
6
CONTINUOUS
10
5.0710604330708664
20
-5.2348769291338577
11
5.0663942913385824
21
-5.2482120866141733
0
LINE
8
BLACK
6
CONTINUOUS
10
5.0663942913385824
20
-5.2482120866141733
11
5.0602643700787402
21
-5.2609409448818898
0
LINE
8
BLACK
6
CONTINUOUS
10
5.0602643700787402
20
-5.2609409448818898
11
5.0527478346456691
21
-5.2729034645669293
0
LINE
8
BLACK
6
CONTINUOUS
10
5.0527478346456691
20
-5.2729034645669293
11
5.0439391732283463
21
-5.2839491732283461
0
LINE
8
BLACK
6
CONTINUOUS
10
5.0439391732283463
20
-5.2839491732283461
11
5.0339491732283461
21
-5.2939391732283463
0
LINE
8
BLACK
6
CONTINUOUS
10
5.0339491732283461
20
-5.2939391732283463
11
5.0229034645669293
21
-5.3027478346456691
0
LINE
8
BLACK
6
CONTINUOUS
10
5.0229034645669293
20
-5.3027478346456691
11
5.0109409448818898
21
-5.3102643700787402
0
LINE
8
BLACK
6
CONTINUOUS
10
5.0109409448818898
20
-5.3102643700787402
11
4.9982120866141733
21
-5.3163942913385824
0
LINE
8
BLACK
6
CONTINUOUS
10
4.9982120866141733
20
-5.3163942913385824
11
4.9848769291338577
21
-5.3210604330708664
0
LINE
8
BLACK
6
CONTINUOUS
10
4.9848769291338577
20
-5.3210604330708664
11
4.9711031496062992
21
-5.324204212598425
0
LINE
8
BLACK
6
CONTINUOUS
10
4.9711031496062992
20
-5.324204212598425
11
4.9570639763779525
21
-5.3257860629921261
0
LINE
8
BLACK
6
CONTINUOUS
10
4.9570639763779525
20
-5.3257860629921261
11
4.942936023622047
21
-5.3257860629921261
0
LINE
8
BLACK
6
CONTINUOUS
10
4.942936023622047
20
-5.3257860629921261
11
4.9288968503937003
21
-5.324204212598425
0
LINE
8
BLACK
6
CONTINUOUS
10
4.9288968503937003
20
-5.324204212598425
11
4.9151230708661418
21
-5.3210604330708664
0
LINE
8
BLACK
6
CONTINUOUS
10
4.9151230708661418
20
-5.3210604330708664
11
4.9017879133858271
21
-5.3163942913385824
0
LINE
8
BLACK
6
CONTINUOUS
10
4.9017879133858271
20
-5.3163942913385824
11
4.8890590551181106
21
-5.3102643700787402
0
LINE
8
BLACK
6
CONTINUOUS
10
4.8890590551181106
20
-5.3102643700787402
11
4.8770965354330711
21
-5.3027478346456691
0
LINE
8
BLACK
6
CONTINUOUS
10
4.8770965354330711
20
-5.3027478346456691
11
4.8660508267716533
21
-5.2939391732283463
0
LINE
8
BLACK
6
CONTINUOUS
10
4.8660508267716533
20
-5.2939391732283463
11
4.8560608267716532
21
-5.2839491732283461
0
LINE
8
BLACK
6
CONTINUOUS
10
4.8560608267716532
20
-5.2839491732283461
11
4.8472521653543303
21
-5.2729034645669293
0
LINE
8
BLACK
6
CONTINUOUS
10
4.8472521653543303
20
-5.2729034645669293
11
4.8397356299212602
21
-5.2609409448818898
0
LINE
8
BLACK
6
CONTINUOUS
10
4.8397356299212602
20
-5.2609409448818898
11
4.833605708661417
21
-5.2482120866141733
0
LINE
8
BLACK
6
CONTINUOUS
10
4.833605708661417
20
-5.2482120866141733
11
4.828939566929134
21
-5.2348769291338577
0
LINE
8
BLACK
6
CONTINUOUS
10
4.828939566929134
20
-5.2348769291338577
11
4.8257957874015744
21
-5.2211031496062992
0
LINE
8
BLACK
6
CONTINUOUS
10
4.8257957874015744
20
-5.2211031496062992
11
4.8242139370078743
21
-5.2070639763779525
0
LINE
8
BLACK
6
CONTINUOUS
10
4.8242139370078743
20
-5.2070639763779525
11
4.8242139370078743
21
-5.192936023622047
0
LINE
8
BLACK
6
CONTINUOUS
10
4.8242139370078743
20
-5.192936023622047
11
4.8257957874015744
21
-5.1788968503937003
0
LINE
8
BLACK
6
CONTINUOUS
10
4.8257957874015744
20
-5.1788968503937003
11
4.828939566929134
21
-5.1651230708661418
0
LINE
8
BLACK
6
CONTINUOUS
10
4.828939566929134
20
-5.1651230708661418
11
4.833605708661417
21
-5.1517879133858271
0
LINE
8
BLACK
6
CONTINUOUS
10
4.833605708661417
20
-5.1517879133858271
11
4.8397356299212602
21
-5.1390590551181097
0
LINE
8
BLACK
6
CONTINUOUS
10
4.8397356299212602
20
-5.1390590551181097
11
4.8472521653543303
21
-5.1270965354330711
0
LINE
8
BLACK
6
CONTINUOUS
10
4.8472521653543303
20
-5.1270965354330711
11
4.8560608267716532
21
-5.1160508267716533
0
LINE
8
BLACK
6
CONTINUOUS
10
4.8560608267716532
20
-5.1160508267716533
11
4.8660508267716533
21
-5.1060608267716532
0
LINE
8
BLACK
6
CONTINUOUS
10
4.8660508267716533
20
-5.1060608267716532
11
4.8770965354330711
21
-5.0972521653543303
0
LINE
8
BLACK
6
CONTINUOUS
10
4.8770965354330711
20
-5.0972521653543303
11
4.8890590551181106
21
-5.0897356299212602
0
LINE
8
BLACK
6
CONTINUOUS
10
4.8890590551181106
20
-5.0897356299212602
11
4.9017879133858271
21
-5.083605708661417
0
LINE
8
BLACK
6
CONTINUOUS
10
4.9017879133858271
20
-5.083605708661417
11
4.9151230708661418
21
-5.078939566929134
0
LINE
8
BLACK
6
CONTINUOUS
10
4.9151230708661418
20
-5.078939566929134
11
4.9288968503937003
21
-5.0757957874015744
0
LINE
8
BLACK
6
CONTINUOUS
10
4.9288968503937003
20
-5.0757957874015744
11
4.942936023622047
21
-5.0742139370078743
0
LINE
8
BLACK
6
CONTINUOUS
10
4.942936023622047
20
-5.0742139370078743
11
4.9570639763779525
21
-5.0742139370078743
0
LINE
8
BLACK
6
CONTINUOUS
10
4.9570639763779525
20
-5.0742139370078743
11
4.9711031496062992
21
-5.0757957874015744
0
LINE
8
BLACK
6
CONTINUOUS
10
2.9166422834645669
20
-5.1878068897637792
11
2.9219900787401576
21
-5.190022007874016
0
LINE
8
BLACK
6
CONTINUOUS
10
2.9219900787401576
20
-5.190022007874016
11
2.9268029527559056
21
-5.1932378740157477
0
LINE
8
BLACK
6
CONTINUOUS
10
2.9268029527559056
20
-5.1932378740157477
11
2.9308959842519684
21
-5.1973309055118113
0
LINE
8
BLACK
6
CONTINUOUS
10
2.9308959842519684
20
-5.1973309055118113
11
2.9341118503937009
21
-5.2021437795275594
0
LINE
8
BLACK
6
CONTINUOUS
10
2.9341118503937009
20
-5.2021437795275594
11
2.9363269685039368
21
-5.2074915748031492
0
LINE
8
BLACK
6
CONTINUOUS
10
2.9363269685039368
20
-5.2074915748031492
11
2.9374562598425196
21
-5.2131687795275585
0
LINE
8
BLACK
6
CONTINUOUS
10
2.9374562598425196
20
-5.2131687795275585
11
2.9375984251968501
21
-5.216062992125984
0
LINE
8
BLACK
6
CONTINUOUS
10
2.9375984251968501
20
-5.216062992125984
11
2.9375984251968501
21
-5.2239370078740155
0
LINE
8
BLACK
6
CONTINUOUS
10
2.9375984251968501
20
-5.2239370078740155
11
2.9374562598425196
21
-5.226831220472441
0
LINE
8
BLACK
6
CONTINUOUS
10
2.9374562598425196
20
-5.226831220472441
11
2.9363269685039368
21
-5.2325084251968503
0
LINE
8
BLACK
6
CONTINUOUS
10
2.9363269685039368
20
-5.2325084251968503
11
2.9341118503937009
21
-5.237856220472441
0
LINE
8
BLACK
6
CONTINUOUS
10
2.9341118503937009
20
-5.237856220472441
11
2.9308959842519684
21
-5.2426690944881891
0
LINE
8
BLACK
6
CONTINUOUS
10
2.9308959842519684
20
-5.2426690944881891
11
2.9268029527559056
21
-5.2467621259842518
0
LINE
8
BLACK
6
CONTINUOUS
10
2.9268029527559056
20
-5.2467621259842518
11
2.9219900787401576
21
-5.2499779921259844
0
LINE
8
BLACK
6
CONTINUOUS
10
2.9219900787401576
20
-5.2499779921259844
11
2.9166422834645669
21
-5.2521931102362203
0
LINE
8
BLACK
6
CONTINUOUS
10
2.9166422834645669
20
-5.2521931102362203
11
2.9109650787401575
21
-5.2533224015748035
0
LINE
8
BLACK
6
CONTINUOUS
10
2.9109650787401575
20
-5.2533224015748035
11
2.905176653543307
21
-5.2533224015748035
0
LINE
8
BLACK
6
CONTINUOUS
10
2.905176653543307
20
-5.2533224015748035
11
2.8994994488188977
21
-5.2521931102362203
0
LINE
8
BLACK
6
CONTINUOUS
10
2.8994994488188977
20
-5.2521931102362203
11
2.8941516535433069
21
-5.2499779921259844
0
LINE
8
BLACK
6
CONTINUOUS
10
2.8941516535433069
20
-5.2499779921259844
11
2.8893387795275589
21
-5.2467621259842518
0
LINE
8
BLACK
6
CONTINUOUS
10
2.8893387795275589
20
-5.2467621259842518
11
2.8852457480314961
21
-5.2426690944881891
0
LINE
8
BLACK
6
CONTINUOUS
10
2.8852457480314961
20
-5.2426690944881891
11
2.8820298818897636
21
-5.237856220472441
0
LINE
8
BLACK
6
CONTINUOUS
10
2.8820298818897636
20
-5.237856220472441
11
2.8798147637795273
21
-5.2325084251968503
0
LINE
8
BLACK
6
CONTINUOUS
10
2.8798147637795273
20
-5.2325084251968503
11
2.878685472440945
21
-5.226831220472441
0
LINE
8
BLACK
6
CONTINUOUS
10
2.878685472440945
20
-5.226831220472441
11
2.878543307086614
21
-5.2239370078740155
0
LINE
8
BLACK
6
CONTINUOUS
10
2.878543307086614
20
-5.2239370078740155
11
2.878543307086614
21
-5.216062992125984
0
LINE
8
BLACK
6
CONTINUOUS
10
2.878543307086614
20
-5.216062992125984
11
2.878685472440945
21
-5.2131687795275585
0
LINE
8
BLACK
6
CONTINUOUS
10
2.878685472440945
20
-5.2131687795275585
11
2.8798147637795273
21
-5.2074915748031492
0
LINE
8
BLACK
6
CONTINUOUS
10
2.8798147637795273
20
-5.2074915748031492
11
2.8820298818897636
21
-5.2021437795275594
0
LINE
8
BLACK
6
CONTINUOUS
10
2.8820298818897636
20
-5.2021437795275594
11
2.8852457480314961
21
-5.1973309055118113
0
LINE
8
BLACK
6
CONTINUOUS
10
2.8852457480314961
20
-5.1973309055118113
11
2.8893387795275589
21
-5.1932378740157477
0
LINE
8
BLACK
6
CONTINUOUS
10
2.8893387795275589
20
-5.1932378740157477
11
2.8941516535433069
21
-5.190022007874016
0
LINE
8
BLACK
6
CONTINUOUS
10
2.8941516535433069
20
-5.190022007874016
11
2.8994994488188977
21
-5.1878068897637792
0
LINE
8
BLACK
6
CONTINUOUS
10
2.8994994488188977
20
-5.1878068897637792
11
2.905176653543307
21
-5.1866775984251969
0
LINE
8
BLACK
6
CONTINUOUS
10
2.905176653543307
20
-5.1866775984251969
11
2.9109650787401575
21
-5.1866775984251969
0
LINE
8
BLACK
6
CONTINUOUS
10
2.9109650787401575
20
-5.1866775984251969
11
2.9166422834645669
21
-5.1878068897637792
0
LINE
8
BLACK
6
CONTINUOUS
10
3.0666422834645668
20
-5.1878068897637792
11
3.0719900787401575
21
-5.190022007874016
0
LINE
8
BLACK
6
CONTINUOUS
10
3.0719900787401575
20
-5.190022007874016
11
3.0768029527559055
21
-5.1932378740157477
0
LINE
8
BLACK
6
CONTINUOUS
10
3.0768029527559055
20
-5.1932378740157477
11
3.0808959842519683
21
-5.1973309055118113
0
LINE
8
BLACK
6
CONTINUOUS
10
3.0808959842519683
20
-5.1973309055118113
11
3.0841118503937008
21
-5.2021437795275594
0
LINE
8
BLACK
6
CONTINUOUS
10
3.0841118503937008
20
-5.2021437795275594
11
3.0863269685039367
21
-5.2074915748031492
0
LINE
8
BLACK
6
CONTINUOUS
10
3.0863269685039367
20
-5.2074915748031492
11
3.0874562598425195
21
-5.2131687795275585
0
LINE
8
BLACK
6
CONTINUOUS
10
3.0874562598425195
20
-5.2131687795275585
11
3.0875984251968505
21
-5.216062992125984
0
LINE
8
BLACK
6
CONTINUOUS
10
3.0875984251968505
20
-5.216062992125984
11
3.0875984251968505
21
-5.2239370078740155
0
LINE
8
BLACK
6
CONTINUOUS
10
3.0875984251968505
20
-5.2239370078740155
11
3.0874562598425195
21
-5.226831220472441
0
LINE
8
BLACK
6
CONTINUOUS
10
3.0874562598425195
20
-5.226831220472441
11
3.0863269685039367
21
-5.2325084251968503
0
LINE
8
BLACK
6
CONTINUOUS
10
3.0863269685039367
20
-5.2325084251968503
11
3.0841118503937008
21
-5.237856220472441
0
LINE
8
BLACK
6
CONTINUOUS
10
3.0841118503937008
20
-5.237856220472441
11
3.0808959842519683
21
-5.2426690944881891
0
LINE
8
BLACK
6
CONTINUOUS
10
3.0808959842519683
20
-5.2426690944881891
11
3.0768029527559055
21
-5.2467621259842518
0
LINE
8
BLACK
6
CONTINUOUS
10
3.0768029527559055
20
-5.2467621259842518
11
3.0719900787401575
21
-5.2499779921259844
0
LINE
8
BLACK
6
CONTINUOUS
10
3.0719900787401575
20
-5.2499779921259844
11
3.0666422834645668
21
-5.2521931102362203
0
LINE
8
BLACK
6
CONTINUOUS
10
3.0666422834645668
20
-5.2521931102362203
11
3.0609650787401574
21
-5.2533224015748035
0
LINE
8
BLACK
6
CONTINUOUS
10
3.0609650787401574
20
-5.2533224015748035
11
3.0551766535433069
21
-5.2533224015748035
0
LINE
8
BLACK
6
CONTINUOUS
10
3.0551766535433069
20
-5.2533224015748035
11
3.0494994488188976
21
-5.2521931102362203
0
LINE
8
BLACK
6
CONTINUOUS
10
3.0494994488188976
20
-5.2521931102362203
11
3.0441516535433069
21
-5.2499779921259844
0
LINE
8
BLACK
6
CONTINUOUS
10
3.0441516535433069
20
-5.2499779921259844
11
3.0393387795275588
21
-5.2467621259842518
0
LINE
8
BLACK
6
CONTINUOUS
10
3.0393387795275588
20
-5.2467621259842518
11
3.035245748031496
21
-5.2426690944881891
0
LINE
8
BLACK
6
CONTINUOUS
10
3.035245748031496
20
-5.2426690944881891
11
3.0320298818897635
21
-5.237856220472441
0
LINE
8
BLACK
6
CONTINUOUS
10
3.0320298818897635
20
-5.237856220472441
11
3.0298147637795276
21
-5.2325084251968503
0
LINE
8
BLACK
6
CONTINUOUS
10
3.0298147637795276
20
-5.2325084251968503
11
3.0286854724409449
21
-5.226831220472441
0
LINE
8
BLACK
6
CONTINUOUS
10
3.0286854724409449
20
-5.226831220472441
11
3.0285433070866139
21
-5.2239370078740155
0
LINE
8
BLACK
6
CONTINUOUS
10
3.0285433070866139
20
-5.2239370078740155
11
3.0285433070866139
21
-5.216062992125984
0
LINE
8
BLACK
6
CONTINUOUS
10
3.0285433070866139
20
-5.216062992125984
11
3.0286854724409449
21
-5.2131687795275585
0
LINE
8
BLACK
6
CONTINUOUS
10
3.0286854724409449
20
-5.2131687795275585
11
3.0298147637795276
21
-5.2074915748031492
0
LINE
8
BLACK
6
CONTINUOUS
10
3.0298147637795276
20
-5.2074915748031492
11
3.0320298818897635
21
-5.2021437795275594
0
LINE
8
BLACK
6
CONTINUOUS
10
3.0320298818897635
20
-5.2021437795275594
11
3.035245748031496
21
-5.1973309055118113
0
LINE
8
BLACK
6
CONTINUOUS
10
3.035245748031496
20
-5.1973309055118113
11
3.0393387795275588
21
-5.1932378740157477
0
LINE
8
BLACK
6
CONTINUOUS
10
3.0393387795275588
20
-5.1932378740157477
11
3.0441516535433069
21
-5.190022007874016
0
LINE
8
BLACK
6
CONTINUOUS
10
3.0441516535433069
20
-5.190022007874016
11
3.0494994488188976
21
-5.1878068897637792
0
LINE
8
BLACK
6
CONTINUOUS
10
3.0494994488188976
20
-5.1878068897637792
11
3.0551766535433069
21
-5.1866775984251969
0
LINE
8
BLACK
6
CONTINUOUS
10
3.0551766535433069
20
-5.1866775984251969
11
3.0609650787401574
21
-5.1866775984251969
0
LINE
8
BLACK
6
CONTINUOUS
10
3.0609650787401574
20
-5.1866775984251969
11
3.0666422834645668
21
-5.1878068897637792
0
LINE
8
BLACK
6
CONTINUOUS
10
3.2166422834645667
20
-5.1878068897637792
11
3.2219900787401574
21
-5.190022007874016
0
LINE
8
BLACK
6
CONTINUOUS
10
3.2219900787401574
20
-5.190022007874016
11
3.2268029527559055
21
-5.1932378740157477
0
LINE
8
BLACK
6
CONTINUOUS
10
3.2268029527559055
20
-5.1932378740157477
11
3.2308959842519682
21
-5.1973309055118113
0
LINE
8
BLACK
6
CONTINUOUS
10
3.2308959842519682
20
-5.1973309055118113
11
3.2341118503937007
21
-5.2021437795275594
0
LINE
8
BLACK
6
CONTINUOUS
10
3.2341118503937007
20
-5.2021437795275594
11
3.2363269685039371
21
-5.2074915748031492
0
LINE
8
BLACK
6
CONTINUOUS
10
3.2363269685039371
20
-5.2074915748031492
11
3.2374562598425194
21
-5.2131687795275585
0
LINE
8
BLACK
6
CONTINUOUS
10
3.2374562598425194
20
-5.2131687795275585
11
3.2375984251968504
21
-5.216062992125984
0
LINE
8
BLACK
6
CONTINUOUS
10
3.2375984251968504
20
-5.216062992125984
11
3.2375984251968504
21
-5.2239370078740155
0
LINE
8
BLACK
6
CONTINUOUS
10
3.2375984251968504
20
-5.2239370078740155
11
3.2374562598425194
21
-5.226831220472441
0
LINE
8
BLACK
6
CONTINUOUS
10
3.2374562598425194
20
-5.226831220472441
11
3.2363269685039371
21
-5.2325084251968503
0
LINE
8
BLACK
6
CONTINUOUS
10
3.2363269685039371
20
-5.2325084251968503
11
3.2341118503937007
21
-5.237856220472441
0
LINE
8
BLACK
6
CONTINUOUS
10
3.2341118503937007
20
-5.237856220472441
11
3.2308959842519682
21
-5.2426690944881891
0
LINE
8
BLACK
6
CONTINUOUS
10
3.2308959842519682
20
-5.2426690944881891
11
3.2268029527559055
21
-5.2467621259842518
0
LINE
8
BLACK
6
CONTINUOUS
10
3.2268029527559055
20
-5.2467621259842518
11
3.2219900787401574
21
-5.2499779921259844
0
LINE
8
BLACK
6
CONTINUOUS
10
3.2219900787401574
20
-5.2499779921259844
11
3.2166422834645667
21
-5.2521931102362203
0
LINE
8
BLACK
6
CONTINUOUS
10
3.2166422834645667
20
-5.2521931102362203
11
3.2109650787401574
21
-5.2533224015748035
0
LINE
8
BLACK
6
CONTINUOUS
10
3.2109650787401574
20
-5.2533224015748035
11
3.2051766535433068
21
-5.2533224015748035
0
LINE
8
BLACK
6
CONTINUOUS
10
3.2051766535433068
20
-5.2533224015748035
11
3.1994994488188975
21
-5.2521931102362203
0
LINE
8
BLACK
6
CONTINUOUS
10
3.1994994488188975
20
-5.2521931102362203
11
3.1941516535433072
21
-5.2499779921259844
0
LINE
8
BLACK
6
CONTINUOUS
10
3.1941516535433072
20
-5.2499779921259844
11
3.1893387795275592
21
-5.2467621259842518
0
LINE
8
BLACK
6
CONTINUOUS
10
3.1893387795275592
20
-5.2467621259842518
11
3.185245748031496
21
-5.2426690944881891
0
LINE
8
BLACK
6
CONTINUOUS
10
3.185245748031496
20
-5.2426690944881891
11
3.1820298818897639
21
-5.237856220472441
0
LINE
8
BLACK
6
CONTINUOUS
10
3.1820298818897639
20
-5.237856220472441
11
3.1798147637795275
21
-5.2325084251968503
0
LINE
8
BLACK
6
CONTINUOUS
10
3.1798147637795275
20
-5.2325084251968503
11
3.1786854724409448
21
-5.226831220472441
0
LINE
8
BLACK
6
CONTINUOUS
10
3.1786854724409448
20
-5.226831220472441
11
3.1785433070866143
21
-5.2239370078740155
0
LINE
8
BLACK
6
CONTINUOUS
10
3.1785433070866143
20
-5.2239370078740155
11
3.1785433070866143
21
-5.216062992125984
0
LINE
8
BLACK
6
CONTINUOUS
10
3.1785433070866143
20
-5.216062992125984
11
3.1786854724409448
21
-5.2131687795275585
0
LINE
8
BLACK
6
CONTINUOUS
10
3.1786854724409448
20
-5.2131687795275585
11
3.1798147637795275
21
-5.2074915748031492
0
LINE
8
BLACK
6
CONTINUOUS
10
3.1798147637795275
20
-5.2074915748031492
11
3.1820298818897639
21
-5.2021437795275594
0
LINE
8
BLACK
6
CONTINUOUS
10
3.1820298818897639
20
-5.2021437795275594
11
3.185245748031496
21
-5.1973309055118113
0
LINE
8
BLACK
6
CONTINUOUS
10
3.185245748031496
20
-5.1973309055118113
11
3.1893387795275592
21
-5.1932378740157477
0
LINE
8
BLACK
6
CONTINUOUS
10
3.1893387795275592
20
-5.1932378740157477
11
3.1941516535433072
21
-5.190022007874016
0
LINE
8
BLACK
6
CONTINUOUS
10
3.1941516535433072
20
-5.190022007874016
11
3.1994994488188975
21
-5.1878068897637792
0
LINE
8
BLACK
6
CONTINUOUS
10
3.1994994488188975
20
-5.1878068897637792
11
3.2051766535433068
21
-5.1866775984251969
0
LINE
8
BLACK
6
CONTINUOUS
10
3.2051766535433068
20
-5.1866775984251969
11
3.2109650787401574
21
-5.1866775984251969
0
LINE
8
BLACK
6
CONTINUOUS
10
3.2109650787401574
20
-5.1866775984251969
11
3.2166422834645667
21
-5.1878068897637792
0
LINE
8
BLACK
6
CONTINUOUS
10
3.6312092125984252
20
-5.1878068897637792
11
3.6365570078740155
21
-5.190022007874016
0
LINE
8
BLACK
6
CONTINUOUS
10
3.6365570078740155
20
-5.190022007874016
11
3.6413698818897635
21
-5.1932378740157477
0
LINE
8
BLACK
6
CONTINUOUS
10
3.6413698818897635
20
-5.1932378740157477
11
3.6454629133858267
21
-5.1973309055118113
0
LINE
8
BLACK
6
CONTINUOUS
10
3.6454629133858267
20
-5.1973309055118113
11
3.6486787795275588
21
-5.2021437795275594
0
LINE
8
BLACK
6
CONTINUOUS
10
3.6486787795275588
20
-5.2021437795275594
11
3.6508938976377951
21
-5.2074915748031492
0
LINE
8
BLACK
6
CONTINUOUS
10
3.6508938976377951
20
-5.2074915748031492
11
3.6520231889763779
21
-5.2131687795275585
0
LINE
8
BLACK
6
CONTINUOUS
10
3.6520231889763779
20
-5.2131687795275585
11
3.6521653543307084
21
-5.216062992125984
0
LINE
8
BLACK
6
CONTINUOUS
10
3.6521653543307084
20
-5.216062992125984
11
3.6521653543307084
21
-5.2239370078740155
0
LINE
8
BLACK
6
CONTINUOUS
10
3.6521653543307084
20
-5.2239370078740155
11
3.6520231889763779
21
-5.226831220472441
0
LINE
8
BLACK
6
CONTINUOUS
10
3.6520231889763779
20
-5.226831220472441
11
3.6508938976377951
21
-5.2325084251968503
0
LINE
8
BLACK
6
CONTINUOUS
10
3.6508938976377951
20
-5.2325084251968503
11
3.6486787795275588
21
-5.237856220472441
0
LINE
8
BLACK
6
CONTINUOUS
10
3.6486787795275588
20
-5.237856220472441
11
3.6454629133858267
21
-5.2426690944881891
0
LINE
8
BLACK
6
CONTINUOUS
10
3.6454629133858267
20
-5.2426690944881891
11
3.6413698818897635
21
-5.2467621259842518
0
LINE
8
BLACK
6
CONTINUOUS
10
3.6413698818897635
20
-5.2467621259842518
11
3.6365570078740155
21
-5.2499779921259844
0
LINE
8
BLACK
6
CONTINUOUS
10
3.6365570078740155
20
-5.2499779921259844
11
3.6312092125984252
21
-5.2521931102362203
0
LINE
8
BLACK
6
CONTINUOUS
10
3.6312092125984252
20
-5.2521931102362203
11
3.6255320078740159
21
-5.2533224015748035
0
LINE
8
BLACK
6
CONTINUOUS
10
3.6255320078740159
20
-5.2533224015748035
11
3.6197435826771653
21
-5.2533224015748035
0
LINE
8
BLACK
6
CONTINUOUS
10
3.6197435826771653
20
-5.2533224015748035
11
3.614066377952756
21
-5.2521931102362203
0
LINE
8
BLACK
6
CONTINUOUS
10
3.614066377952756
20
-5.2521931102362203
11
3.6087185826771653
21
-5.2499779921259844
0
LINE
8
BLACK
6
CONTINUOUS
10
3.6087185826771653
20
-5.2499779921259844
11
3.6039057086614172
21
-5.2467621259842518
0
LINE
8
BLACK
6
CONTINUOUS
10
3.6039057086614172
20
-5.2467621259842518
11
3.5998126771653545
21
-5.2426690944881891
0
LINE
8
BLACK
6
CONTINUOUS
10
3.5998126771653545
20
-5.2426690944881891
11
3.5965968110236219
21
-5.237856220472441
0
LINE
8
BLACK
6
CONTINUOUS
10
3.5965968110236219
20
-5.237856220472441
11
3.5943816929133856
21
-5.2325084251968503
0
LINE
8
BLACK
6
CONTINUOUS
10
3.5943816929133856
20
-5.2325084251968503
11
3.5932524015748029
21
-5.226831220472441
0
LINE
8
BLACK
6
CONTINUOUS
10
3.5932524015748029
20
-5.226831220472441
11
3.5931102362204723
21
-5.2239370078740155
0
LINE
8
BLACK
6
CONTINUOUS
10
3.5931102362204723
20
-5.2239370078740155
11
3.5931102362204723
21
-5.216062992125984
0
LINE
8
BLACK
6
CONTINUOUS
10
3.5931102362204723
20
-5.216062992125984
11
3.5932524015748029
21
-5.2131687795275585
0
LINE
8
BLACK
6
CONTINUOUS
10
3.5932524015748029
20
-5.2131687795275585
11
3.5943816929133856
21
-5.2074915748031492
0
LINE
8
BLACK
6
CONTINUOUS
10
3.5943816929133856
20
-5.2074915748031492
11
3.5965968110236219
21
-5.2021437795275594
0
LINE
8
BLACK
6
CONTINUOUS
10
3.5965968110236219
20
-5.2021437795275594
11
3.5998126771653545
21
-5.1973309055118113
0
LINE
8
BLACK
6
CONTINUOUS
10
3.5998126771653545
20
-5.1973309055118113
11
3.6039057086614172
21
-5.1932378740157477
0
LINE
8
BLACK
6
CONTINUOUS
10
3.6039057086614172
20
-5.1932378740157477
11
3.6087185826771653
21
-5.190022007874016
0
LINE
8
BLACK
6
CONTINUOUS
10
3.6087185826771653
20
-5.190022007874016
11
3.614066377952756
21
-5.1878068897637792
0
LINE
8
BLACK
6
CONTINUOUS
10
3.614066377952756
20
-5.1878068897637792
11
3.6197435826771653
21
-5.1866775984251969
0
LINE
8
BLACK
6
CONTINUOUS
10
3.6197435826771653
20
-5.1866775984251969
11
3.6255320078740159
21
-5.1866775984251969
0
LINE
8
BLACK
6
CONTINUOUS
10
3.6255320078740159
20
-5.1866775984251969
11
3.6312092125984252
21
-5.1878068897637792
0
LINE
8
BLACK
6
CONTINUOUS
10
3.7812092125984251
20
-5.1878068897637792
11
3.7865570078740158
21
-5.190022007874016
0
LINE
8
BLACK
6
CONTINUOUS
10
3.7865570078740158
20
-5.190022007874016
11
3.7913698818897639
21
-5.1932378740157477
0
LINE
8
BLACK
6
CONTINUOUS
10
3.7913698818897639
20
-5.1932378740157477
11
3.7954629133858266
21
-5.1973309055118113
0
LINE
8
BLACK
6
CONTINUOUS
10
3.7954629133858266
20
-5.1973309055118113
11
3.7986787795275592
21
-5.2021437795275594
0
LINE
8
BLACK
6
CONTINUOUS
10
3.7986787795275592
20
-5.2021437795275594
11
3.8008938976377951
21
-5.2074915748031492
0
LINE
8
BLACK
6
CONTINUOUS
10
3.8008938976377951
20
-5.2074915748031492
11
3.8020231889763778
21
-5.2131687795275585
0
LINE
8
BLACK
6
CONTINUOUS
10
3.8020231889763778
20
-5.2131687795275585
11
3.8021653543307088
21
-5.216062992125984
0
LINE
8
BLACK
6
CONTINUOUS
10
3.8021653543307088
20
-5.216062992125984
11
3.8021653543307088
21
-5.2239370078740155
0
LINE
8
BLACK
6
CONTINUOUS
10
3.8021653543307088
20
-5.2239370078740155
11
3.8020231889763778
21
-5.226831220472441
0
LINE
8
BLACK
6
CONTINUOUS
10
3.8020231889763778
20
-5.226831220472441
11
3.8008938976377951
21
-5.2325084251968503
0
LINE
8
BLACK
6
CONTINUOUS
10
3.8008938976377951
20
-5.2325084251968503
11
3.7986787795275592
21
-5.237856220472441
0
LINE
8
BLACK
6
CONTINUOUS
10
3.7986787795275592
20
-5.237856220472441
11
3.7954629133858266
21
-5.2426690944881891
0
LINE
8
BLACK
6
CONTINUOUS
10
3.7954629133858266
20
-5.2426690944881891
11
3.7913698818897639
21
-5.2467621259842518
0
LINE
8
BLACK
6
CONTINUOUS
10
3.7913698818897639
20
-5.2467621259842518
11
3.7865570078740158
21
-5.2499779921259844
0
LINE
8
BLACK
6
CONTINUOUS
10
3.7865570078740158
20
-5.2499779921259844
11
3.7812092125984251
21
-5.2521931102362203
0
LINE
8
BLACK
6
CONTINUOUS
10
3.7812092125984251
20
-5.2521931102362203
11
3.7755320078740158
21
-5.2533224015748035
0
LINE
8
BLACK
6
CONTINUOUS
10
3.7755320078740158
20
-5.2533224015748035
11
3.7697435826771653
21
-5.2533224015748035
0
LINE
8
BLACK
6
CONTINUOUS
10
3.7697435826771653
20
-5.2533224015748035
11
3.7640663779527559
21
-5.2521931102362203
0
LINE
8
BLACK
6
CONTINUOUS
10
3.7640663779527559
20
-5.2521931102362203
11
3.7587185826771652
21
-5.2499779921259844
0
LINE
8
BLACK
6
CONTINUOUS
10
3.7587185826771652
20
-5.2499779921259844
11
3.7539057086614172
21
-5.2467621259842518
0
LINE
8
BLACK
6
CONTINUOUS
10
3.7539057086614172
20
-5.2467621259842518
11
3.7498126771653544
21
-5.2426690944881891
0
LINE
8
BLACK
6
CONTINUOUS
10
3.7498126771653544
20
-5.2426690944881891
11
3.7465968110236219
21
-5.237856220472441
0
LINE
8
BLACK
6
CONTINUOUS
10
3.7465968110236219
20
-5.237856220472441
11
3.744381692913386
21
-5.2325084251968503
0
LINE
8
BLACK
6
CONTINUOUS
10
3.744381692913386
20
-5.2325084251968503
11
3.7432524015748032
21
-5.226831220472441
0
LINE
8
BLACK
6
CONTINUOUS
10
3.7432524015748032
20
-5.226831220472441
11
3.7431102362204722
21
-5.2239370078740155
0
LINE
8
BLACK
6
CONTINUOUS
10
3.7431102362204722
20
-5.2239370078740155
11
3.7431102362204722
21
-5.216062992125984
0
LINE
8
BLACK
6
CONTINUOUS
10
3.7431102362204722
20
-5.216062992125984
11
3.7432524015748032
21
-5.2131687795275585
0
LINE
8
BLACK
6
CONTINUOUS
10
3.7432524015748032
20
-5.2131687795275585
11
3.744381692913386
21
-5.2074915748031492
0
LINE
8
BLACK
6
CONTINUOUS
10
3.744381692913386
20
-5.2074915748031492
11
3.7465968110236219
21
-5.2021437795275594
0
LINE
8
BLACK
6
CONTINUOUS
10
3.7465968110236219
20
-5.2021437795275594
11
3.7498126771653544
21
-5.1973309055118113
0
LINE
8
BLACK
6
CONTINUOUS
10
3.7498126771653544
20
-5.1973309055118113
11
3.7539057086614172
21
-5.1932378740157477
0
LINE
8
BLACK
6
CONTINUOUS
10
3.7539057086614172
20
-5.1932378740157477
11
3.7587185826771652
21
-5.190022007874016
0
LINE
8
BLACK
6
CONTINUOUS
10
3.7587185826771652
20
-5.190022007874016
11
3.7640663779527559
21
-5.1878068897637792
0
LINE
8
BLACK
6
CONTINUOUS
10
3.7640663779527559
20
-5.1878068897637792
11
3.7697435826771653
21
-5.1866775984251969
0
LINE
8
BLACK
6
CONTINUOUS
10
3.7697435826771653
20
-5.1866775984251969
11
3.7755320078740158
21
-5.1866775984251969
0
LINE
8
BLACK
6
CONTINUOUS
10
3.7755320078740158
20
-5.1866775984251969
11
3.7812092125984251
21
-5.1878068897637792
0
LINE
8
BLACK
6
CONTINUOUS
10
3.931209212598425
20
-5.1878068897637792
11
3.9365570078740157
21
-5.190022007874016
0
LINE
8
BLACK
6
CONTINUOUS
10
3.9365570078740157
20
-5.190022007874016
11
3.9413698818897638
21
-5.1932378740157477
0
LINE
8
BLACK
6
CONTINUOUS
10
3.9413698818897638
20
-5.1932378740157477
11
3.9454629133858266
21
-5.1973309055118113
0
LINE
8
BLACK
6
CONTINUOUS
10
3.9454629133858266
20
-5.1973309055118113
11
3.9486787795275591
21
-5.2021437795275594
0
LINE
8
BLACK
6
CONTINUOUS
10
3.9486787795275591
20
-5.2021437795275594
11
3.950893897637795
21
-5.2074915748031492
0
LINE
8
BLACK
6
CONTINUOUS
10
3.950893897637795
20
-5.2074915748031492
11
3.9520231889763777
21
-5.2131687795275585
0
LINE
8
BLACK
6
CONTINUOUS
10
3.9520231889763777
20
-5.2131687795275585
11
3.9521653543307087
21
-5.216062992125984
0
LINE
8
BLACK
6
CONTINUOUS
10
3.9521653543307087
20
-5.216062992125984
11
3.9521653543307087
21
-5.2239370078740155
0
LINE
8
BLACK
6
CONTINUOUS
10
3.9521653543307087
20
-5.2239370078740155
11
3.9520231889763777
21
-5.226831220472441
0
LINE
8
BLACK
6
CONTINUOUS
10
3.9520231889763777
20
-5.226831220472441
11
3.950893897637795
21
-5.2325084251968503
0
LINE
8
BLACK
6
CONTINUOUS
10
3.950893897637795
20
-5.2325084251968503
11
3.9486787795275591
21
-5.237856220472441
0
LINE
8
BLACK
6
CONTINUOUS
10
3.9486787795275591
20
-5.237856220472441
11
3.9454629133858266
21
-5.2426690944881891
0
LINE
8
BLACK
6
CONTINUOUS
10
3.9454629133858266
20
-5.2426690944881891
11
3.9413698818897638
21
-5.2467621259842518
0
LINE
8
BLACK
6
CONTINUOUS
10
3.9413698818897638
20
-5.2467621259842518
11
3.9365570078740157
21
-5.2499779921259844
0
LINE
8
BLACK
6
CONTINUOUS
10
3.9365570078740157
20
-5.2499779921259844
11
3.931209212598425
21
-5.2521931102362203
0
LINE
8
BLACK
6
CONTINUOUS
10
3.931209212598425
20
-5.2521931102362203
11
3.9255320078740157
21
-5.2533224015748035
0
LINE
8
BLACK
6
CONTINUOUS
10
3.9255320078740157
20
-5.2533224015748035
11
3.9197435826771652
21
-5.2533224015748035
0
LINE
8
BLACK
6
CONTINUOUS
10
3.9197435826771652
20
-5.2533224015748035
11
3.9140663779527558
21
-5.2521931102362203
0
LINE
8
BLACK
6
CONTINUOUS
10
3.9140663779527558
20
-5.2521931102362203
11
3.9087185826771651
21
-5.2499779921259844
0
LINE
8
BLACK
6
CONTINUOUS
10
3.9087185826771651
20
-5.2499779921259844
11
3.9039057086614171
21
-5.2467621259842518
0
LINE
8
BLACK
6
CONTINUOUS
10
3.9039057086614171
20
-5.2467621259842518
11
3.8998126771653543
21
-5.2426690944881891
0
LINE
8
BLACK
6
CONTINUOUS
10
3.8998126771653543
20
-5.2426690944881891
11
3.8965968110236218
21
-5.237856220472441
0
LINE
8
BLACK
6
CONTINUOUS
10
3.8965968110236218
20
-5.237856220472441
11
3.8943816929133859
21
-5.2325084251968503
0
LINE
8
BLACK
6
CONTINUOUS
10
3.8943816929133859
20
-5.2325084251968503
11
3.8932524015748031
21
-5.226831220472441
0
LINE
8
BLACK
6
CONTINUOUS
10
3.8932524015748031
20
-5.226831220472441
11
3.8931102362204721
21
-5.2239370078740155
0
LINE
8
BLACK
6
CONTINUOUS
10
3.8931102362204721
20
-5.2239370078740155
11
3.8931102362204721
21
-5.216062992125984
0
LINE
8
BLACK
6
CONTINUOUS
10
3.8931102362204721
20
-5.216062992125984
11
3.8932524015748031
21
-5.2131687795275585
0
LINE
8
BLACK
6
CONTINUOUS
10
3.8932524015748031
20
-5.2131687795275585
11
3.8943816929133859
21
-5.2074915748031492
0
LINE
8
BLACK
6
CONTINUOUS
10
3.8943816929133859
20
-5.2074915748031492
11
3.8965968110236218
21
-5.2021437795275594
0
LINE
8
BLACK
6
CONTINUOUS
10
3.8965968110236218
20
-5.2021437795275594
11
3.8998126771653543
21
-5.1973309055118113
0
LINE
8
BLACK
6
CONTINUOUS
10
3.8998126771653543
20
-5.1973309055118113
11
3.9039057086614171
21
-5.1932378740157477
0
LINE
8
BLACK
6
CONTINUOUS
10
3.9039057086614171
20
-5.1932378740157477
11
3.9087185826771651
21
-5.190022007874016
0
LINE
8
BLACK
6
CONTINUOUS
10
3.9087185826771651
20
-5.190022007874016
11
3.9140663779527558
21
-5.1878068897637792
0
LINE
8
BLACK
6
CONTINUOUS
10
3.9140663779527558
20
-5.1878068897637792
11
3.9197435826771652
21
-5.1866775984251969
0
LINE
8
BLACK
6
CONTINUOUS
10
3.9197435826771652
20
-5.1866775984251969
11
3.9255320078740157
21
-5.1866775984251969
0
LINE
8
BLACK
6
CONTINUOUS
10
3.9255320078740157
20
-5.1866775984251969
11
3.931209212598425
21
-5.1878068897637792
0
LINE
8
BLACK
6
CONTINUOUS
10
3.3182478740157482
20
-5.1054355905511812
11
3.3267673622047242
21
-5.1082037401574798
0
LINE
8
BLACK
6
CONTINUOUS
10
3.3267673622047242
20
-5.1082037401574798
11
3.3347489370078738
21
-5.1122705511811022
0
LINE
8
BLACK
6
CONTINUOUS
10
3.3347489370078738
20
-5.1122705511811022
11
3.3419960629921257
21
-5.1175358661417318
0
LINE
8
BLACK
6
CONTINUOUS
10
3.3419960629921257
20
-5.1175358661417318
11
3.3483302755905511
21
-5.1238700787401577
0
LINE
8
BLACK
6
CONTINUOUS
10
3.3483302755905511
20
-5.1238700787401577
11
3.3535955905511812
21
-5.1311172047244096
0
LINE
8
BLACK
6
CONTINUOUS
10
3.3535955905511812
20
-5.1311172047244096
11
3.3576624015748031
21
-5.1390987795275587
0
LINE
8
BLACK
6
CONTINUOUS
10
3.3576624015748031
20
-5.1390987795275587
11
3.3604305511811021
21
-5.1476182677165356
0
LINE
8
BLACK
6
CONTINUOUS
10
3.3604305511811021
20
-5.1476182677165356
11
3.3618318897637796
21
-5.1564659055118112
0
LINE
8
BLACK
6
CONTINUOUS
10
3.3618318897637796
20
-5.1564659055118112
11
3.3618318897637796
21
-5.1654238582677161
0
LINE
8
BLACK
6
CONTINUOUS
10
3.3618318897637796
20
-5.1654238582677161
11
3.3604305511811021
21
-5.1742714960629916
0
LINE
8
BLACK
6
CONTINUOUS
10
3.3604305511811021
20
-5.1742714960629916
11
3.3576624015748031
21
-5.1827909842519686
0
LINE
8
BLACK
6
CONTINUOUS
10
3.3576624015748031
20
-5.1827909842519686
11
3.3535955905511812
21
-5.1907725590551177
0
LINE
8
BLACK
6
CONTINUOUS
10
3.3535955905511812
20
-5.1907725590551177
11
3.3483302755905511
21
-5.1980196850393696
0
LINE
8
BLACK
6
CONTINUOUS
10
3.3483302755905511
20
-5.1980196850393696
11
3.3419960629921257
21
-5.2043538976377954
0
LINE
8
BLACK
6
CONTINUOUS
10
3.3419960629921257
20
-5.2043538976377954
11
3.3347489370078738
21
-5.2096192125984251
0
LINE
8
BLACK
6
CONTINUOUS
10
3.3347489370078738
20
-5.2096192125984251
11
3.3267673622047242
21
-5.2136860236220475
0
LINE
8
BLACK
6
CONTINUOUS
10
3.3267673622047242
20
-5.2136860236220475
11
3.3182478740157482
21
-5.216454173228346
0
LINE
8
BLACK
6
CONTINUOUS
10
3.3182478740157482
20
-5.216454173228346
11
3.3094002362204722
21
-5.2178555118110239
0
LINE
8
BLACK
6
CONTINUOUS
10
3.3094002362204722
20
-5.2178555118110239
11
3.3004422834645668
21
-5.2178555118110239
0
LINE
8
BLACK
6
CONTINUOUS
10
3.3004422834645668
20
-5.2178555118110239
11
3.2915946456692913
21
-5.216454173228346
0
LINE
8
BLACK
6
CONTINUOUS
10
3.2915946456692913
20
-5.216454173228346
11
3.2830751574803148
21
-5.2136860236220475
0
LINE
8
BLACK
6
CONTINUOUS
10
3.2830751574803148
20
-5.2136860236220475
11
3.2750935826771652
21
-5.2096192125984251
0
LINE
8
BLACK
6
CONTINUOUS
10
3.2750935826771652
20
-5.2096192125984251
11
3.2678464566929133
21
-5.2043538976377954
0
LINE
8
BLACK
6
CONTINUOUS
10
3.2678464566929133
20
-5.2043538976377954
11
3.2615122440944879
21
-5.1980196850393696
0
LINE
8
BLACK
6
CONTINUOUS
10
3.2615122440944879
20
-5.1980196850393696
11
3.2562469291338583
21
-5.1907725590551177
0
LINE
8
BLACK
6
CONTINUOUS
10
3.2562469291338583
20
-5.1907725590551177
11
3.2521801181102363
21
-5.1827909842519686
0
LINE
8
BLACK
6
CONTINUOUS
10
3.2521801181102363
20
-5.1827909842519686
11
3.2494119685039369
21
-5.1742714960629916
0
LINE
8
BLACK
6
CONTINUOUS
10
3.2494119685039369
20
-5.1742714960629916
11
3.2480106299212599
21
-5.1654238582677161
0
LINE
8
BLACK
6
CONTINUOUS
10
3.2480106299212599
20
-5.1654238582677161
11
3.2480106299212599
21
-5.1564659055118112
0
LINE
8
BLACK
6
CONTINUOUS
10
3.2480106299212599
20
-5.1564659055118112
11
3.2494119685039369
21
-5.1476182677165356
0
LINE
8
BLACK
6
CONTINUOUS
10
3.2494119685039369
20
-5.1476182677165356
11
3.2521801181102363
21
-5.1390987795275587
0
LINE
8
BLACK
6
CONTINUOUS
10
3.2521801181102363
20
-5.1390987795275587
11
3.2562469291338583
21
-5.1311172047244096
0
LINE
8
BLACK
6
CONTINUOUS
10
3.2562469291338583
20
-5.1311172047244096
11
3.2615122440944879
21
-5.1238700787401577
0
LINE
8
BLACK
6
CONTINUOUS
10
3.2615122440944879
20
-5.1238700787401577
11
3.2678464566929133
21
-5.1175358661417318
0
LINE
8
BLACK
6
CONTINUOUS
10
3.2678464566929133
20
-5.1175358661417318
11
3.2750935826771652
21
-5.1122705511811022
0
LINE
8
BLACK
6
CONTINUOUS
10
3.2750935826771652
20
-5.1122705511811022
11
3.2830751574803148
21
-5.1082037401574798
0
LINE
8
BLACK
6
CONTINUOUS
10
3.2830751574803148
20
-5.1082037401574798
11
3.2915946456692913
21
-5.1054355905511812
0
LINE
8
BLACK
6
CONTINUOUS
10
3.2915946456692913
20
-5.1054355905511812
11
3.3004422834645668
21
-5.1040342519685042
0
LINE
8
BLACK
6
CONTINUOUS
10
3.3004422834645668
20
-5.1040342519685042
11
3.3094002362204722
21
-5.1040342519685042
0
LINE
8
BLACK
6
CONTINUOUS
10
3.3094002362204722
20
-5.1040342519685042
11
3.3182478740157482
21
-5.1054355905511812
0
LINE
8
BLACK
6
CONTINUOUS
10
4.0328148031496065
20
-5.1054355905511812
11
4.0413342913385826
21
-5.1082037401574798
0
LINE
8
BLACK
6
CONTINUOUS
10
4.0413342913385826
20
-5.1082037401574798
11
4.0493158661417326
21
-5.1122705511811022
0
LINE
8
BLACK
6
CONTINUOUS
10
4.0493158661417326
20
-5.1122705511811022
11
4.0565629921259845
21
-5.1175358661417318
0
LINE
8
BLACK
6
CONTINUOUS
10
4.0565629921259845
20
-5.1175358661417318
11
4.0628972047244094
21
-5.1238700787401577
0
LINE
8
BLACK
6
CONTINUOUS
10
4.0628972047244094
20
-5.1238700787401577
11
4.0681625196850391
21
-5.1311172047244096
0
LINE
8
BLACK
6
CONTINUOUS
10
4.0681625196850391
20
-5.1311172047244096
11
4.0722293307086614
21
-5.1390987795275587
0
LINE
8
BLACK
6
CONTINUOUS
10
4.0722293307086614
20
-5.1390987795275587
11
4.0749974803149609
21
-5.1476182677165356
0
LINE
8
BLACK
6
CONTINUOUS
10
4.0749974803149609
20
-5.1476182677165356
11
4.0763988188976379
21
-5.1564659055118112
0
LINE
8
BLACK
6
CONTINUOUS
10
4.0763988188976379
20
-5.1564659055118112
11
4.0763988188976379
21
-5.1654238582677161
0
LINE
8
BLACK
6
CONTINUOUS
10
4.0763988188976379
20
-5.1654238582677161
11
4.0749974803149609
21
-5.1742714960629916
0
LINE
8
BLACK
6
CONTINUOUS
10
4.0749974803149609
20
-5.1742714960629916
11
4.0722293307086614
21
-5.1827909842519686
0
LINE
8
BLACK
6
CONTINUOUS
10
4.0722293307086614
20
-5.1827909842519686
11
4.0681625196850391
21
-5.1907725590551177
0
LINE
8
BLACK
6
CONTINUOUS
10
4.0681625196850391
20
-5.1907725590551177
11
4.0628972047244094
21
-5.1980196850393696
0
LINE
8
BLACK
6
CONTINUOUS
10
4.0628972047244094
20
-5.1980196850393696
11
4.0565629921259845
21
-5.2043538976377954
0
LINE
8
BLACK
6
CONTINUOUS
10
4.0565629921259845
20
-5.2043538976377954
11
4.0493158661417326
21
-5.2096192125984251
0
LINE
8
BLACK
6
CONTINUOUS
10
4.0493158661417326
20
-5.2096192125984251
11
4.0413342913385826
21
-5.2136860236220475
0
LINE
8
BLACK
6
CONTINUOUS
10
4.0413342913385826
20
-5.2136860236220475
11
4.0328148031496065
21
-5.216454173228346
0
LINE
8
BLACK
6
CONTINUOUS
10
4.0328148031496065
20
-5.216454173228346
11
4.023967165354331
21
-5.2178555118110239
0
LINE
8
BLACK
6
CONTINUOUS
10
4.023967165354331
20
-5.2178555118110239
11
4.0150092125984251
21
-5.2178555118110239
0
LINE
8
BLACK
6
CONTINUOUS
10
4.0150092125984251
20
-5.2178555118110239
11
4.0061615748031496
21
-5.216454173228346
0
LINE
8
BLACK
6
CONTINUOUS
10
4.0061615748031496
20
-5.216454173228346
11
3.9976420866141731
21
-5.2136860236220475
0
LINE
8
BLACK
6
CONTINUOUS
10
3.9976420866141731
20
-5.2136860236220475
11
3.9896605118110235
21
-5.2096192125984251
0
LINE
8
BLACK
6
CONTINUOUS
10
3.9896605118110235
20
-5.2096192125984251
11
3.9824133858267716
21
-5.2043538976377954
0
LINE
8
BLACK
6
CONTINUOUS
10
3.9824133858267716
20
-5.2043538976377954
11
3.9760791732283463
21
-5.1980196850393696
0
LINE
8
BLACK
6
CONTINUOUS
10
3.9760791732283463
20
-5.1980196850393696
11
3.9708138582677166
21
-5.1907725590551177
0
LINE
8
BLACK
6
CONTINUOUS
10
3.9708138582677166
20
-5.1907725590551177
11
3.9667470472440942
21
-5.1827909842519686
0
LINE
8
BLACK
6
CONTINUOUS
10
3.9667470472440942
20
-5.1827909842519686
11
3.9639788976377952
21
-5.1742714960629916
0
LINE
8
BLACK
6
CONTINUOUS
10
3.9639788976377952
20
-5.1742714960629916
11
3.9625775590551182
21
-5.1654238582677161
0
LINE
8
BLACK
6
CONTINUOUS
10
3.9625775590551182
20
-5.1654238582677161
11
3.9625775590551182
21
-5.1564659055118112
0
LINE
8
BLACK
6
CONTINUOUS
10
3.9625775590551182
20
-5.1564659055118112
11
3.9639788976377952
21
-5.1476182677165356
0
LINE
8
BLACK
6
CONTINUOUS
10
3.9639788976377952
20
-5.1476182677165356
11
3.9667470472440942
21
-5.1390987795275587
0
LINE
8
BLACK
6
CONTINUOUS
10
3.9667470472440942
20
-5.1390987795275587
11
3.9708138582677166
21
-5.1311172047244096
0
LINE
8
BLACK
6
CONTINUOUS
10
3.9708138582677166
20
-5.1311172047244096
11
3.9760791732283463
21
-5.1238700787401577
0
LINE
8
BLACK
6
CONTINUOUS
10
3.9760791732283463
20
-5.1238700787401577
11
3.9824133858267716
21
-5.1175358661417318
0
LINE
8
BLACK
6
CONTINUOUS
10
3.9824133858267716
20
-5.1175358661417318
11
3.9896605118110235
21
-5.1122705511811022
0
LINE
8
BLACK
6
CONTINUOUS
10
3.9896605118110235
20
-5.1122705511811022
11
3.9976420866141731
21
-5.1082037401574798
0
LINE
8
BLACK
6
CONTINUOUS
10
3.9976420866141731
20
-5.1082037401574798
11
4.0061615748031496
21
-5.1054355905511812
0
LINE
8
BLACK
6
CONTINUOUS
10
4.0061615748031496
20
-5.1054355905511812
11
4.0150092125984251
21
-5.1040342519685042
0
LINE
8
BLACK
6
CONTINUOUS
10
4.0150092125984251
20
-5.1040342519685042
11
4.023967165354331
21
-5.1040342519685042
0
LINE
8
BLACK
6
CONTINUOUS
10
4.023967165354331
20
-5.1040342519685042
11
4.0328148031496065
21
-5.1054355905511812
0
LINE
8
BLACK
6
CONTINUOUS
10
2.9666422834645667
20
-5.1287517716535431
11
2.9719900787401574
21
-5.130966889763779
0
LINE
8
BLACK
6
CONTINUOUS
10
2.9719900787401574
20
-5.130966889763779
11
2.9768029527559055
21
-5.1341827559055115
0
LINE
8
BLACK
6
CONTINUOUS
10
2.9768029527559055
20
-5.1341827559055115
11
2.9808959842519682
21
-5.1382757874015743
0
LINE
8
BLACK
6
CONTINUOUS
10
2.9808959842519682
20
-5.1382757874015743
11
2.9830708661417322
21
-5.141530708661417
0
LINE
8
BLACK
6
CONTINUOUS
10
2.9830708661417322
20
-5.141530708661417
11
2.9852457480314958
21
-5.1382757874015743
0
LINE
8
BLACK
6
CONTINUOUS
10
2.9852457480314958
20
-5.1382757874015743
11
2.989338779527559
21
-5.1341827559055115
0
LINE
8
BLACK
6
CONTINUOUS
10
2.989338779527559
20
-5.1341827559055115
11
2.994151653543307
21
-5.130966889763779
0
LINE
8
BLACK
6
CONTINUOUS
10
2.994151653543307
20
-5.130966889763779
11
2.9994994488188977
21
-5.1287517716535431
0
LINE
8
BLACK
6
CONTINUOUS
10
2.9994994488188977
20
-5.1287517716535431
11
3.0051766535433071
21
-5.1276224803149608
0
LINE
8
BLACK
6
CONTINUOUS
10
3.0051766535433071
20
-5.1276224803149608
11
3.0109650787401576
21
-5.1276224803149608
0
LINE
8
BLACK
6
CONTINUOUS
10
3.0109650787401576
20
-5.1276224803149608
11
3.016642283464567
21
-5.1287517716535431
0
LINE
8
BLACK
6
CONTINUOUS
10
3.016642283464567
20
-5.1287517716535431
11
3.0219900787401572
21
-5.130966889763779
0
LINE
8
BLACK
6
CONTINUOUS
10
3.0219900787401572
20
-5.130966889763779
11
3.0268029527559053
21
-5.1341827559055115
0
LINE
8
BLACK
6
CONTINUOUS
10
3.0268029527559053
20
-5.1341827559055115
11
3.0308959842519685
21
-5.1382757874015743
0
LINE
8
BLACK
6
CONTINUOUS
10
3.0308959842519685
20
-5.1382757874015743
11
3.0341118503937006
21
-5.1430886614173223
0
LINE
8
BLACK
6
CONTINUOUS
10
3.0341118503937006
20
-5.1430886614173223
11
3.0363269685039369
21
-5.1484364566929131
0
LINE
8
BLACK
6
CONTINUOUS
10
3.0363269685039369
20
-5.1484364566929131
11
3.0374562598425197
21
-5.1541136614173224
0
LINE
8
BLACK
6
CONTINUOUS
10
3.0374562598425197
20
-5.1541136614173224
11
3.0375984251968502
21
-5.1570078740157479
0
LINE
8
BLACK
6
CONTINUOUS
10
3.0375984251968502
20
-5.1570078740157479
11
3.0375984251968502
21
-5.1648818897637794
0
LINE
8
BLACK
6
CONTINUOUS
10
3.0375984251968502
20
-5.1648818897637794
11
3.0374562598425197
21
-5.1677761023622049
0
LINE
8
BLACK
6
CONTINUOUS
10
3.0374562598425197
20
-5.1677761023622049
11
3.0363269685039369
21
-5.1734533070866142
0
LINE
8
BLACK
6
CONTINUOUS
10
3.0363269685039369
20
-5.1734533070866142
11
3.0341118503937006
21
-5.1788011023622049
0
LINE
8
BLACK
6
CONTINUOUS
10
3.0341118503937006
20
-5.1788011023622049
11
3.0308959842519685
21
-5.183613976377953
0
LINE
8
BLACK
6
CONTINUOUS
10
3.0308959842519685
20
-5.183613976377953
11
3.0268029527559053
21
-5.1877070078740157
0
LINE
8
BLACK
6
CONTINUOUS
10
3.0268029527559053
20
-5.1877070078740157
11
3.0219900787401572
21
-5.1909228740157483
0
LINE
8
BLACK
6
CONTINUOUS
10
3.0219900787401572
20
-5.1909228740157483
11
3.016642283464567
21
-5.1931379921259841
0
LINE
8
BLACK
6
CONTINUOUS
10
3.016642283464567
20
-5.1931379921259841
11
3.0109650787401576
21
-5.1942672834645665
0
LINE
8
BLACK
6
CONTINUOUS
10
3.0109650787401576
20
-5.1942672834645665
11
3.0051766535433071
21
-5.1942672834645665
0
LINE
8
BLACK
6
CONTINUOUS
10
3.0051766535433071
20
-5.1942672834645665
11
2.9994994488188977
21
-5.1931379921259841
0
LINE
8
BLACK
6
CONTINUOUS
10
2.9994994488188977
20
-5.1931379921259841
11
2.994151653543307
21
-5.1909228740157483
0
LINE
8
BLACK
6
CONTINUOUS
10
2.994151653543307
20
-5.1909228740157483
11
2.989338779527559
21
-5.1877070078740157
0
LINE
8
BLACK
6
CONTINUOUS
10
2.989338779527559
20
-5.1877070078740157
11
2.9852457480314958
21
-5.183613976377953
0
LINE
8
BLACK
6
CONTINUOUS
10
2.9852457480314958
20
-5.183613976377953
11
2.9830708661417322
21
-5.1803590157480315
0
LINE
8
BLACK
6
CONTINUOUS
10
2.9830708661417322
20
-5.1803590157480315
11
2.9808959842519682
21
-5.183613976377953
0
LINE
8
BLACK
6
CONTINUOUS
10
2.9808959842519682
20
-5.183613976377953
11
2.9768029527559055
21
-5.1877070078740157
0
LINE
8
BLACK
6
CONTINUOUS
10
2.9768029527559055
20
-5.1877070078740157
11
2.9719900787401574
21
-5.1909228740157483
0
LINE
8
BLACK
6
CONTINUOUS
10
2.9719900787401574
20
-5.1909228740157483
11
2.9666422834645667
21
-5.1931379921259841
0
LINE
8
BLACK
6
CONTINUOUS
10
2.9666422834645667
20
-5.1931379921259841
11
2.9609650787401574
21
-5.1942672834645665
0
LINE
8
BLACK
6
CONTINUOUS
10
2.9609650787401574
20
-5.1942672834645665
11
2.9551766535433068
21
-5.1942672834645665
0
LINE
8
BLACK
6
CONTINUOUS
10
2.9551766535433068
20
-5.1942672834645665
11
2.9494994488188975
21
-5.1931379921259841
0
LINE
8
BLACK
6
CONTINUOUS
10
2.9494994488188975
20
-5.1931379921259841
11
2.9441516535433072
21
-5.1909228740157483
0
LINE
8
BLACK
6
CONTINUOUS
10
2.9441516535433072
20
-5.1909228740157483
11
2.9393387795275592
21
-5.1877070078740157
0
LINE
8
BLACK
6
CONTINUOUS
10
2.9393387795275592
20
-5.1877070078740157
11
2.935245748031496
21
-5.183613976377953
0
LINE
8
BLACK
6
CONTINUOUS
10
2.935245748031496
20
-5.183613976377953
11
2.9320298818897639
21
-5.1788011023622049
0
LINE
8
BLACK
6
CONTINUOUS
10
2.9320298818897639
20
-5.1788011023622049
11
2.9298147637795275
21
-5.1734533070866142
0
LINE
8
BLACK
6
CONTINUOUS
10
2.9298147637795275
20
-5.1734533070866142
11
2.9286854724409448
21
-5.1677761023622049
0
LINE
8
BLACK
6
CONTINUOUS
10
2.9286854724409448
20
-5.1677761023622049
11
2.9285433070866143
21
-5.1648818897637794
0
LINE
8
BLACK
6
CONTINUOUS
10
2.9285433070866143
20
-5.1648818897637794
11
2.9285433070866143
21
-5.1570078740157479
0
LINE
8
BLACK
6
CONTINUOUS
10
2.9285433070866143
20
-5.1570078740157479
11
2.9286854724409448
21
-5.1541136614173224
0
LINE
8
BLACK
6
CONTINUOUS
10
2.9286854724409448
20
-5.1541136614173224
11
2.9298147637795275
21
-5.1484364566929131
0
LINE
8
BLACK
6
CONTINUOUS
10
2.9298147637795275
20
-5.1484364566929131
11
2.9320298818897639
21
-5.1430886614173223
0
LINE
8
BLACK
6
CONTINUOUS
10
2.9320298818897639
20
-5.1430886614173223
11
2.935245748031496
21
-5.1382757874015743
0
LINE
8
BLACK
6
CONTINUOUS
10
2.935245748031496
20
-5.1382757874015743
11
2.9393387795275592
21
-5.1341827559055115
0
LINE
8
BLACK
6
CONTINUOUS
10
2.9393387795275592
20
-5.1341827559055115
11
2.9441516535433072
21
-5.130966889763779
0
LINE
8
BLACK
6
CONTINUOUS
10
2.9441516535433072
20
-5.130966889763779
11
2.9494994488188975
21
-5.1287517716535431
0
LINE
8
BLACK
6
CONTINUOUS
10
2.9494994488188975
20
-5.1287517716535431
11
2.9551766535433068
21
-5.1276224803149608
0
LINE
8
BLACK
6
CONTINUOUS
10
2.9551766535433068
20
-5.1276224803149608
11
2.9609650787401574
21
-5.1276224803149608
0
LINE
8
BLACK
6
CONTINUOUS
10
2.9609650787401574
20
-5.1276224803149608
11
2.9666422834645667
21
-5.1287517716535431
0
LINE
8
BLACK
6
CONTINUOUS
10
3.1166422834645671
20
-5.1287517716535431
11
3.1219900787401573
21
-5.130966889763779
0
LINE
8
BLACK
6
CONTINUOUS
10
3.1219900787401573
20
-5.130966889763779
11
3.1268029527559054
21
-5.1341827559055115
0
LINE
8
BLACK
6
CONTINUOUS
10
3.1268029527559054
20
-5.1341827559055115
11
3.1308959842519686
21
-5.1382757874015743
0
LINE
8
BLACK
6
CONTINUOUS
10
3.1308959842519686
20
-5.1382757874015743
11
3.1330708661417321
21
-5.141530708661417
0
LINE
8
BLACK
6
CONTINUOUS
10
3.1330708661417321
20
-5.141530708661417
11
3.1352457480314961
21
-5.1382757874015743
0
LINE
8
BLACK
6
CONTINUOUS
10
3.1352457480314961
20
-5.1382757874015743
11
3.1393387795275589
21
-5.1341827559055115
0
LINE
8
BLACK
6
CONTINUOUS
10
3.1393387795275589
20
-5.1341827559055115
11
3.1441516535433069
21
-5.130966889763779
0
LINE
8
BLACK
6
CONTINUOUS
10
3.1441516535433069
20
-5.130966889763779
11
3.1494994488188977
21
-5.1287517716535431
0
LINE
8
BLACK
6
CONTINUOUS
10
3.1494994488188977
20
-5.1287517716535431
11
3.155176653543307
21
-5.1276224803149608
0
LINE
8
BLACK
6
CONTINUOUS
10
3.155176653543307
20
-5.1276224803149608
11
3.1609650787401575
21
-5.1276224803149608
0
LINE
8
BLACK
6
CONTINUOUS
10
3.1609650787401575
20
-5.1276224803149608
11
3.1666422834645669
21
-5.1287517716535431
0
LINE
8
BLACK
6
CONTINUOUS
10
3.1666422834645669
20
-5.1287517716535431
11
3.1719900787401576
21
-5.130966889763779
0
LINE
8
BLACK
6
CONTINUOUS
10
3.1719900787401576
20
-5.130966889763779
11
3.1768029527559056
21
-5.1341827559055115
0
LINE
8
BLACK
6
CONTINUOUS
10
3.1768029527559056
20
-5.1341827559055115
11
3.1808959842519684
21
-5.1382757874015743
0
LINE
8
BLACK
6
CONTINUOUS
10
3.1808959842519684
20
-5.1382757874015743
11
3.1841118503937009
21
-5.1430886614173223
0
LINE
8
BLACK
6
CONTINUOUS
10
3.1841118503937009
20
-5.1430886614173223
11
3.1863269685039368
21
-5.1484364566929131
0
LINE
8
BLACK
6
CONTINUOUS
10
3.1863269685039368
20
-5.1484364566929131
11
3.1874562598425196
21
-5.1541136614173224
0
LINE
8
BLACK
6
CONTINUOUS
10
3.1874562598425196
20
-5.1541136614173224
11
3.1875984251968501
21
-5.1570078740157479
0
LINE
8
BLACK
6
CONTINUOUS
10
3.1875984251968501
20
-5.1570078740157479
11
3.1875984251968501
21
-5.1648818897637794
0
LINE
8
BLACK
6
CONTINUOUS
10
3.1875984251968501
20
-5.1648818897637794
11
3.1874562598425196
21
-5.1677761023622049
0
LINE
8
BLACK
6
CONTINUOUS
10
3.1874562598425196
20
-5.1677761023622049
11
3.1863269685039368
21
-5.1734533070866142
0
LINE
8
BLACK
6
CONTINUOUS
10
3.1863269685039368
20
-5.1734533070866142
11
3.1841118503937009
21
-5.1788011023622049
0
LINE
8
BLACK
6
CONTINUOUS
10
3.1841118503937009
20
-5.1788011023622049
11
3.1808959842519684
21
-5.183613976377953
0
LINE
8
BLACK
6
CONTINUOUS
10
3.1808959842519684
20
-5.183613976377953
11
3.1768029527559056
21
-5.1877070078740157
0
LINE
8
BLACK
6
CONTINUOUS
10
3.1768029527559056
20
-5.1877070078740157
11
3.1719900787401576
21
-5.1909228740157483
0
LINE
8
BLACK
6
CONTINUOUS
10
3.1719900787401576
20
-5.1909228740157483
11
3.1666422834645669
21
-5.1931379921259841
0
LINE
8
BLACK
6
CONTINUOUS
10
3.1666422834645669
20
-5.1931379921259841
11
3.1609650787401575
21
-5.1942672834645665
0
LINE
8
BLACK
6
CONTINUOUS
10
3.1609650787401575
20
-5.1942672834645665
11
3.155176653543307
21
-5.1942672834645665
0
LINE
8
BLACK
6
CONTINUOUS
10
3.155176653543307
20
-5.1942672834645665
11
3.1494994488188977
21
-5.1931379921259841
0
LINE
8
BLACK
6
CONTINUOUS
10
3.1494994488188977
20
-5.1931379921259841
11
3.1441516535433069
21
-5.1909228740157483
0
LINE
8
BLACK
6
CONTINUOUS
10
3.1441516535433069
20
-5.1909228740157483
11
3.1393387795275589
21
-5.1877070078740157
0
LINE
8
BLACK
6
CONTINUOUS
10
3.1393387795275589
20
-5.1877070078740157
11
3.1352457480314961
21
-5.183613976377953
0
LINE
8
BLACK
6
CONTINUOUS
10
3.1352457480314961
20
-5.183613976377953
11
3.1330708661417321
21
-5.1803590157480315
0
LINE
8
BLACK
6
CONTINUOUS
10
3.1330708661417321
20
-5.1803590157480315
11
3.1308959842519686
21
-5.183613976377953
0
LINE
8
BLACK
6
CONTINUOUS
10
3.1308959842519686
20
-5.183613976377953
11
3.1268029527559054
21
-5.1877070078740157
0
LINE
8
BLACK
6
CONTINUOUS
10
3.1268029527559054
20
-5.1877070078740157
11
3.1219900787401573
21
-5.1909228740157483
0
LINE
8
BLACK
6
CONTINUOUS
10
3.1219900787401573
20
-5.1909228740157483
11
3.1166422834645671
21
-5.1931379921259841
0
LINE
8
BLACK
6
CONTINUOUS
10
3.1166422834645671
20
-5.1931379921259841
11
3.1109650787401573
21
-5.1942672834645665
0
LINE
8
BLACK
6
CONTINUOUS
10
3.1109650787401573
20
-5.1942672834645665
11
3.1051766535433072
21
-5.1942672834645665
0
LINE
8
BLACK
6
CONTINUOUS
10
3.1051766535433072
20
-5.1942672834645665
11
3.0994994488188974
21
-5.1931379921259841
0
LINE
8
BLACK
6
CONTINUOUS
10
3.0994994488188974
20
-5.1931379921259841
11
3.0941516535433071
21
-5.1909228740157483
0
LINE
8
BLACK
6
CONTINUOUS
10
3.0941516535433071
20
-5.1909228740157483
11
3.0893387795275591
21
-5.1877070078740157
0
LINE
8
BLACK
6
CONTINUOUS
10
3.0893387795275591
20
-5.1877070078740157
11
3.0852457480314959
21
-5.183613976377953
0
LINE
8
BLACK
6
CONTINUOUS
10
3.0852457480314959
20
-5.183613976377953
11
3.0820298818897638
21
-5.1788011023622049
0
LINE
8
BLACK
6
CONTINUOUS
10
3.0820298818897638
20
-5.1788011023622049
11
3.0798147637795275
21
-5.1734533070866142
0
LINE
8
BLACK
6
CONTINUOUS
10
3.0798147637795275
20
-5.1734533070866142
11
3.0786854724409447
21
-5.1677761023622049
0
LINE
8
BLACK
6
CONTINUOUS
10
3.0786854724409447
20
-5.1677761023622049
11
3.0785433070866142
21
-5.1648818897637794
0
LINE
8
BLACK
6
CONTINUOUS
10
3.0785433070866142
20
-5.1648818897637794
11
3.0785433070866142
21
-5.1570078740157479
0
LINE
8
BLACK
6
CONTINUOUS
10
3.0785433070866142
20
-5.1570078740157479
11
3.0786854724409447
21
-5.1541136614173224
0
LINE
8
BLACK
6
CONTINUOUS
10
3.0786854724409447
20
-5.1541136614173224
11
3.0798147637795275
21
-5.1484364566929131
0
LINE
8
BLACK
6
CONTINUOUS
10
3.0798147637795275
20
-5.1484364566929131
11
3.0820298818897638
21
-5.1430886614173223
0
LINE
8
BLACK
6
CONTINUOUS
10
3.0820298818897638
20
-5.1430886614173223
11
3.0852457480314959
21
-5.1382757874015743
0
LINE
8
BLACK
6
CONTINUOUS
10
3.0852457480314959
20
-5.1382757874015743
11
3.0893387795275591
21
-5.1341827559055115
0
LINE
8
BLACK
6
CONTINUOUS
10
3.0893387795275591
20
-5.1341827559055115
11
3.0941516535433071
21
-5.130966889763779
0
LINE
8
BLACK
6
CONTINUOUS
10
3.0941516535433071
20
-5.130966889763779
11
3.0994994488188974
21
-5.1287517716535431
0
LINE
8
BLACK
6
CONTINUOUS
10
3.0994994488188974
20
-5.1287517716535431
11
3.1051766535433072
21
-5.1276224803149608
0
LINE
8
BLACK
6
CONTINUOUS
10
3.1051766535433072
20
-5.1276224803149608
11
3.1109650787401573
21
-5.1276224803149608
0
LINE
8
BLACK
6
CONTINUOUS
10
3.1109650787401573
20
-5.1276224803149608
11
3.1166422834645671
21
-5.1287517716535431
0
LINE
8
BLACK
6
CONTINUOUS
10
3.681209212598425
20
-5.1287517716535431
11
3.6865570078740157
21
-5.130966889763779
0
LINE
8
BLACK
6
CONTINUOUS
10
3.6865570078740157
20
-5.130966889763779
11
3.6913698818897638
21
-5.1341827559055115
0
LINE
8
BLACK
6
CONTINUOUS
10
3.6913698818897638
20
-5.1341827559055115
11
3.6954629133858266
21
-5.1382757874015743
0
LINE
8
BLACK
6
CONTINUOUS
10
3.6954629133858266
20
-5.1382757874015743
11
3.6976377952755906
21
-5.141530708661417
0
LINE
8
BLACK
6
CONTINUOUS
10
3.6976377952755906
20
-5.141530708661417
11
3.6998126771653541
21
-5.1382757874015743
0
LINE
8
BLACK
6
CONTINUOUS
10
3.6998126771653541
20
-5.1382757874015743
11
3.7039057086614173
21
-5.1341827559055115
0
LINE
8
BLACK
6
CONTINUOUS
10
3.7039057086614173
20
-5.1341827559055115
11
3.7087185826771654
21
-5.130966889763779
0
LINE
8
BLACK
6
CONTINUOUS
10
3.7087185826771654
20
-5.130966889763779
11
3.7140663779527556
21
-5.1287517716535431
0
LINE
8
BLACK
6
CONTINUOUS
10
3.7140663779527556
20
-5.1287517716535431
11
3.7197435826771654
21
-5.1276224803149608
0
LINE
8
BLACK
6
CONTINUOUS
10
3.7197435826771654
20
-5.1276224803149608
11
3.7255320078740155
21
-5.1276224803149608
0
LINE
8
BLACK
6
CONTINUOUS
10
3.7255320078740155
20
-5.1276224803149608
11
3.7312092125984253
21
-5.1287517716535431
0
LINE
8
BLACK
6
CONTINUOUS
10
3.7312092125984253
20
-5.1287517716535431
11
3.7365570078740156
21
-5.130966889763779
0
LINE
8
BLACK
6
CONTINUOUS
10
3.7365570078740156
20
-5.130966889763779
11
3.7413698818897636
21
-5.1341827559055115
0
LINE
8
BLACK
6
CONTINUOUS
10
3.7413698818897636
20
-5.1341827559055115
11
3.7454629133858268
21
-5.1382757874015743
0
LINE
8
BLACK
6
CONTINUOUS
10
3.7454629133858268
20
-5.1382757874015743
11
3.7486787795275589
21
-5.1430886614173223
0
LINE
8
BLACK
6
CONTINUOUS
10
3.7486787795275589
20
-5.1430886614173223
11
3.7508938976377952
21
-5.1484364566929131
0
LINE
8
BLACK
6
CONTINUOUS
10
3.7508938976377952
20
-5.1484364566929131
11
3.752023188976378
21
-5.1541136614173224
0
LINE
8
BLACK
6
CONTINUOUS
10
3.752023188976378
20
-5.1541136614173224
11
3.7521653543307085
21
-5.1570078740157479
0
LINE
8
BLACK
6
CONTINUOUS
10
3.7521653543307085
20
-5.1570078740157479
11
3.7521653543307085
21
-5.1648818897637794
0
LINE
8
BLACK
6
CONTINUOUS
10
3.7521653543307085
20
-5.1648818897637794
11
3.752023188976378
21
-5.1677761023622049
0
LINE
8
BLACK
6
CONTINUOUS
10
3.752023188976378
20
-5.1677761023622049
11
3.7508938976377952
21
-5.1734533070866142
0
LINE
8
BLACK
6
CONTINUOUS
10
3.7508938976377952
20
-5.1734533070866142
11
3.7486787795275589
21
-5.1788011023622049
0
LINE
8
BLACK
6
CONTINUOUS
10
3.7486787795275589
20
-5.1788011023622049
11
3.7454629133858268
21
-5.183613976377953
0
LINE
8
BLACK
6
CONTINUOUS
10
3.7454629133858268
20
-5.183613976377953
11
3.7413698818897636
21
-5.1877070078740157
0
LINE
8
BLACK
6
CONTINUOUS
10
3.7413698818897636
20
-5.1877070078740157
11
3.7365570078740156
21
-5.1909228740157483
0
LINE
8
BLACK
6
CONTINUOUS
10
3.7365570078740156
20
-5.1909228740157483
11
3.7312092125984253
21
-5.1931379921259841
0
LINE
8
BLACK
6
CONTINUOUS
10
3.7312092125984253
20
-5.1931379921259841
11
3.7255320078740155
21
-5.1942672834645665
0
LINE
8
BLACK
6
CONTINUOUS
10
3.7255320078740155
20
-5.1942672834645665
11
3.7197435826771654
21
-5.1942672834645665
0
LINE
8
BLACK
6
CONTINUOUS
10
3.7197435826771654
20
-5.1942672834645665
11
3.7140663779527556
21
-5.1931379921259841
0
LINE
8
BLACK
6
CONTINUOUS
10
3.7140663779527556
20
-5.1931379921259841
11
3.7087185826771654
21
-5.1909228740157483
0
LINE
8
BLACK
6
CONTINUOUS
10
3.7087185826771654
20
-5.1909228740157483
11
3.7039057086614173
21
-5.1877070078740157
0
LINE
8
BLACK
6
CONTINUOUS
10
3.7039057086614173
20
-5.1877070078740157
11
3.6998126771653541
21
-5.183613976377953
0
LINE
8
BLACK
6
CONTINUOUS
10
3.6998126771653541
20
-5.183613976377953
11
3.6976377952755906
21
-5.1803590157480315
0
LINE
8
BLACK
6
CONTINUOUS
10
3.6976377952755906
20
-5.1803590157480315
11
3.6954629133858266
21
-5.183613976377953
0
LINE
8
BLACK
6
CONTINUOUS
10
3.6954629133858266
20
-5.183613976377953
11
3.6913698818897638
21
-5.1877070078740157
0
LINE
8
BLACK
6
CONTINUOUS
10
3.6913698818897638
20
-5.1877070078740157
11
3.6865570078740157
21
-5.1909228740157483
0
LINE
8
BLACK
6
CONTINUOUS
10
3.6865570078740157
20
-5.1909228740157483
11
3.681209212598425
21
-5.1931379921259841
0
LINE
8
BLACK
6
CONTINUOUS
10
3.681209212598425
20
-5.1931379921259841
11
3.6755320078740157
21
-5.1942672834645665
0
LINE
8
BLACK
6
CONTINUOUS
10
3.6755320078740157
20
-5.1942672834645665
11
3.6697435826771652
21
-5.1942672834645665
0
LINE
8
BLACK
6
CONTINUOUS
10
3.6697435826771652
20
-5.1942672834645665
11
3.6640663779527558
21
-5.1931379921259841
0
LINE
8
BLACK
6
CONTINUOUS
10
3.6640663779527558
20
-5.1931379921259841
11
3.6587185826771651
21
-5.1909228740157483
0
LINE
8
BLACK
6
CONTINUOUS
10
3.6587185826771651
20
-5.1909228740157483
11
3.6539057086614171
21
-5.1877070078740157
0
LINE
8
BLACK
6
CONTINUOUS
10
3.6539057086614171
20
-5.1877070078740157
11
3.6498126771653543
21
-5.183613976377953
0
LINE
8
BLACK
6
CONTINUOUS
10
3.6498126771653543
20
-5.183613976377953
11
3.6465968110236218
21
-5.1788011023622049
0
LINE
8
BLACK
6
CONTINUOUS
10
3.6465968110236218
20
-5.1788011023622049
11
3.6443816929133859
21
-5.1734533070866142
0
LINE
8
BLACK
6
CONTINUOUS
10
3.6443816929133859
20
-5.1734533070866142
11
3.6432524015748031
21
-5.1677761023622049
0
LINE
8
BLACK
6
CONTINUOUS
10
3.6432524015748031
20
-5.1677761023622049
11
3.6431102362204721
21
-5.1648818897637794
0
LINE
8
BLACK
6
CONTINUOUS
10
3.6431102362204721
20
-5.1648818897637794
11
3.6431102362204721
21
-5.1570078740157479
0
LINE
8
BLACK
6
CONTINUOUS
10
3.6431102362204721
20
-5.1570078740157479
11
3.6432524015748031
21
-5.1541136614173224
0
LINE
8
BLACK
6
CONTINUOUS
10
3.6432524015748031
20
-5.1541136614173224
11
3.6443816929133859
21
-5.1484364566929131
0
LINE
8
BLACK
6
CONTINUOUS
10
3.6443816929133859
20
-5.1484364566929131
11
3.6465968110236218
21
-5.1430886614173223
0
LINE
8
BLACK
6
CONTINUOUS
10
3.6465968110236218
20
-5.1430886614173223
11
3.6498126771653543
21
-5.1382757874015743
0
LINE
8
BLACK
6
CONTINUOUS
10
3.6498126771653543
20
-5.1382757874015743
11
3.6539057086614171
21
-5.1341827559055115
0
LINE
8
BLACK
6
CONTINUOUS
10
3.6539057086614171
20
-5.1341827559055115
11
3.6587185826771651
21
-5.130966889763779
0
LINE
8
BLACK
6
CONTINUOUS
10
3.6587185826771651
20
-5.130966889763779
11
3.6640663779527558
21
-5.1287517716535431
0
LINE
8
BLACK
6
CONTINUOUS
10
3.6640663779527558
20
-5.1287517716535431
11
3.6697435826771652
21
-5.1276224803149608
0
LINE
8
BLACK
6
CONTINUOUS
10
3.6697435826771652
20
-5.1276224803149608
11
3.6755320078740157
21
-5.1276224803149608
0
LINE
8
BLACK
6
CONTINUOUS
10
3.6755320078740157
20
-5.1276224803149608
11
3.681209212598425
21
-5.1287517716535431
0
LINE
8
BLACK
6
CONTINUOUS
10
3.831209212598425
20
-5.1287517716535431
11
3.8365570078740157
21
-5.130966889763779
0
LINE
8
BLACK
6
CONTINUOUS
10
3.8365570078740157
20
-5.130966889763779
11
3.8413698818897637
21
-5.1341827559055115
0
LINE
8
BLACK
6
CONTINUOUS
10
3.8413698818897637
20
-5.1341827559055115
11
3.8454629133858265
21
-5.1382757874015743
0
LINE
8
BLACK
6
CONTINUOUS
10
3.8454629133858265
20
-5.1382757874015743
11
3.8476377952755905
21
-5.141530708661417
0
LINE
8
BLACK
6
CONTINUOUS
10
3.8476377952755905
20
-5.141530708661417
11
3.849812677165354
21
-5.1382757874015743
0
LINE
8
BLACK
6
CONTINUOUS
10
3.849812677165354
20
-5.1382757874015743
11
3.8539057086614172
21
-5.1341827559055115
0
LINE
8
BLACK
6
CONTINUOUS
10
3.8539057086614172
20
-5.1341827559055115
11
3.8587185826771653
21
-5.130966889763779
0
LINE
8
BLACK
6
CONTINUOUS
10
3.8587185826771653
20
-5.130966889763779
11
3.864066377952756
21
-5.1287517716535431
0
LINE
8
BLACK
6
CONTINUOUS
10
3.864066377952756
20
-5.1287517716535431
11
3.8697435826771653
21
-5.1276224803149608
0
LINE
8
BLACK
6
CONTINUOUS
10
3.8697435826771653
20
-5.1276224803149608
11
3.8755320078740159
21
-5.1276224803149608
0
LINE
8
BLACK
6
CONTINUOUS
10
3.8755320078740159
20
-5.1276224803149608
11
3.8812092125984252
21
-5.1287517716535431
0
LINE
8
BLACK
6
CONTINUOUS
10
3.8812092125984252
20
-5.1287517716535431
11
3.8865570078740155
21
-5.130966889763779
0
LINE
8
BLACK
6
CONTINUOUS
10
3.8865570078740155
20
-5.130966889763779
11
3.8913698818897635
21
-5.1341827559055115
0
LINE
8
BLACK
6
CONTINUOUS
10
3.8913698818897635
20
-5.1341827559055115
11
3.8954629133858267
21
-5.1382757874015743
0
LINE
8
BLACK
6
CONTINUOUS
10
3.8954629133858267
20
-5.1382757874015743
11
3.8986787795275588
21
-5.1430886614173223
0
LINE
8
BLACK
6
CONTINUOUS
10
3.8986787795275588
20
-5.1430886614173223
11
3.9008938976377951
21
-5.1484364566929131
0
LINE
8
BLACK
6
CONTINUOUS
10
3.9008938976377951
20
-5.1484364566929131
11
3.9020231889763779
21
-5.1541136614173224
0
LINE
8
BLACK
6
CONTINUOUS
10
3.9020231889763779
20
-5.1541136614173224
11
3.9021653543307084
21
-5.1570078740157479
0
LINE
8
BLACK
6
CONTINUOUS
10
3.9021653543307084
20
-5.1570078740157479
11
3.9021653543307084
21
-5.1648818897637794
0
LINE
8
BLACK
6
CONTINUOUS
10
3.9021653543307084
20
-5.1648818897637794
11
3.9020231889763779
21
-5.1677761023622049
0
LINE
8
BLACK
6
CONTINUOUS
10
3.9020231889763779
20
-5.1677761023622049
11
3.9008938976377951
21
-5.1734533070866142
0
LINE
8
BLACK
6
CONTINUOUS
10
3.9008938976377951
20
-5.1734533070866142
11
3.8986787795275588
21
-5.1788011023622049
0
LINE
8
BLACK
6
CONTINUOUS
10
3.8986787795275588
20
-5.1788011023622049
11
3.8954629133858267
21
-5.183613976377953
0
LINE
8
BLACK
6
CONTINUOUS
10
3.8954629133858267
20
-5.183613976377953
11
3.8913698818897635
21
-5.1877070078740157
0
LINE
8
BLACK
6
CONTINUOUS
10
3.8913698818897635
20
-5.1877070078740157
11
3.8865570078740155
21
-5.1909228740157483
0
LINE
8
BLACK
6
CONTINUOUS
10
3.8865570078740155
20
-5.1909228740157483
11
3.8812092125984252
21
-5.1931379921259841
0
LINE
8
BLACK
6
CONTINUOUS
10
3.8812092125984252
20
-5.1931379921259841
11
3.8755320078740159
21
-5.1942672834645665
0
LINE
8
BLACK
6
CONTINUOUS
10
3.8755320078740159
20
-5.1942672834645665
11
3.8697435826771653
21
-5.1942672834645665
0
LINE
8
BLACK
6
CONTINUOUS
10
3.8697435826771653
20
-5.1942672834645665
11
3.864066377952756
21
-5.1931379921259841
0
LINE
8
BLACK
6
CONTINUOUS
10
3.864066377952756
20
-5.1931379921259841
11
3.8587185826771653
21
-5.1909228740157483
0
LINE
8
BLACK
6
CONTINUOUS
10
3.8587185826771653
20
-5.1909228740157483
11
3.8539057086614172
21
-5.1877070078740157
0
LINE
8
BLACK
6
CONTINUOUS
10
3.8539057086614172
20
-5.1877070078740157
11
3.849812677165354
21
-5.183613976377953
0
LINE
8
BLACK
6
CONTINUOUS
10
3.849812677165354
20
-5.183613976377953
11
3.8476377952755905
21
-5.1803590157480315
0
LINE
8
BLACK
6
CONTINUOUS
10
3.8476377952755905
20
-5.1803590157480315
11
3.8454629133858265
21
-5.183613976377953
0
LINE
8
BLACK
6
CONTINUOUS
10
3.8454629133858265
20
-5.183613976377953
11
3.8413698818897637
21
-5.1877070078740157
0
LINE
8
BLACK
6
CONTINUOUS
10
3.8413698818897637
20
-5.1877070078740157
11
3.8365570078740157
21
-5.1909228740157483
0
LINE
8
BLACK
6
CONTINUOUS
10
3.8365570078740157
20
-5.1909228740157483
11
3.831209212598425
21
-5.1931379921259841
0
LINE
8
BLACK
6
CONTINUOUS
10
3.831209212598425
20
-5.1931379921259841
11
3.8255320078740156
21
-5.1942672834645665
0
LINE
8
BLACK
6
CONTINUOUS
10
3.8255320078740156
20
-5.1942672834645665
11
3.8197435826771651
21
-5.1942672834645665
0
LINE
8
BLACK
6
CONTINUOUS
10
3.8197435826771651
20
-5.1942672834645665
11
3.8140663779527557
21
-5.1931379921259841
0
LINE
8
BLACK
6
CONTINUOUS
10
3.8140663779527557
20
-5.1931379921259841
11
3.8087185826771655
21
-5.1909228740157483
0
LINE
8
BLACK
6
CONTINUOUS
10
3.8087185826771655
20
-5.1909228740157483
11
3.8039057086614174
21
-5.1877070078740157
0
LINE
8
BLACK
6
CONTINUOUS
10
3.8039057086614174
20
-5.1877070078740157
11
3.7998126771653542
21
-5.183613976377953
0
LINE
8
BLACK
6
CONTINUOUS
10
3.7998126771653542
20
-5.183613976377953
11
3.7965968110236221
21
-5.1788011023622049
0
LINE
8
BLACK
6
CONTINUOUS
10
3.7965968110236221
20
-5.1788011023622049
11
3.7943816929133858
21
-5.1734533070866142
0
LINE
8
BLACK
6
CONTINUOUS
10
3.7943816929133858
20
-5.1734533070866142
11
3.793252401574803
21
-5.1677761023622049
0
LINE
8
BLACK
6
CONTINUOUS
10
3.793252401574803
20
-5.1677761023622049
11
3.7931102362204725
21
-5.1648818897637794
0
LINE
8
BLACK
6
CONTINUOUS
10
3.7931102362204725
20
-5.1648818897637794
11
3.7931102362204725
21
-5.1570078740157479
0
LINE
8
BLACK
6
CONTINUOUS
10
3.7931102362204725
20
-5.1570078740157479
11
3.793252401574803
21
-5.1541136614173224
0
LINE
8
BLACK
6
CONTINUOUS
10
3.793252401574803
20
-5.1541136614173224
11
3.7943816929133858
21
-5.1484364566929131
0
LINE
8
BLACK
6
CONTINUOUS
10
3.7943816929133858
20
-5.1484364566929131
11
3.7965968110236221
21
-5.1430886614173223
0
LINE
8
BLACK
6
CONTINUOUS
10
3.7965968110236221
20
-5.1430886614173223
11
3.7998126771653542
21
-5.1382757874015743
0
LINE
8
BLACK
6
CONTINUOUS
10
3.7998126771653542
20
-5.1382757874015743
11
3.8039057086614174
21
-5.1341827559055115
0
LINE
8
BLACK
6
CONTINUOUS
10
3.8039057086614174
20
-5.1341827559055115
11
3.8087185826771655
21
-5.130966889763779
0
LINE
8
BLACK
6
CONTINUOUS
10
3.8087185826771655
20
-5.130966889763779
11
3.8140663779527557
21
-5.1287517716535431
0
LINE
8
BLACK
6
CONTINUOUS
10
3.8140663779527557
20
-5.1287517716535431
11
3.8197435826771651
21
-5.1276224803149608
0
LINE
8
BLACK
6
CONTINUOUS
10
3.8197435826771651
20
-5.1276224803149608
11
3.8255320078740156
21
-5.1276224803149608
0
LINE
8
BLACK
6
CONTINUOUS
10
3.8255320078740156
20
-5.1276224803149608
11
3.831209212598425
21
-5.1287517716535431
0
LINE
8
BLACK
6
CONTINUOUS
10
2.8131297637795276
20
-5.0660655118110238
11
2.8216492519685037
21
-5.0688336614173224
0
LINE
8
BLACK
6
CONTINUOUS
10
2.8216492519685037
20
-5.0688336614173224
11
2.8296308267716537
21
-5.0729004724409448
0
LINE
8
BLACK
6
CONTINUOUS
10
2.8296308267716537
20
-5.0729004724409448
11
2.8368779527559056
21
-5.0781657874015744
0
LINE
8
BLACK
6
CONTINUOUS
10
2.8368779527559056
20
-5.0781657874015744
11
2.8432121653543305
21
-5.0845000000000002
0
LINE
8
BLACK
6
CONTINUOUS
10
2.8432121653543305
20
-5.0845000000000002
11
2.8484774803149606
21
-5.0917471259842522
0
LINE
8
BLACK
6
CONTINUOUS
10
2.8484774803149606
20
-5.0917471259842522
11
2.8525442913385826
21
-5.0997287007874013
0
LINE
8
BLACK
6
CONTINUOUS
10
2.8525442913385826
20
-5.0997287007874013
11
2.855312440944882
21
-5.1082481889763782
0
LINE
8
BLACK
6
CONTINUOUS
10
2.855312440944882
20
-5.1082481889763782
11
2.856713779527559
21
-5.1170958267716538
0
LINE
8
BLACK
6
CONTINUOUS
10
2.856713779527559
20
-5.1170958267716538
11
2.856713779527559
21
-5.1260537795275587
0
LINE
8
BLACK
6
CONTINUOUS
10
2.856713779527559
20
-5.1260537795275587
11
2.855312440944882
21
-5.1349014173228342
0
LINE
8
BLACK
6
CONTINUOUS
10
2.855312440944882
20
-5.1349014173228342
11
2.8525442913385826
21
-5.1434209055118112
0
LINE
8
BLACK
6
CONTINUOUS
10
2.8525442913385826
20
-5.1434209055118112
11
2.8484774803149606
21
-5.1514024803149603
0
LINE
8
BLACK
6
CONTINUOUS
10
2.8484774803149606
20
-5.1514024803149603
11
2.8432121653543305
21
-5.1586496062992122
0
LINE
8
BLACK
6
CONTINUOUS
10
2.8432121653543305
20
-5.1586496062992122
11
2.8368779527559056
21
-5.164983818897638
0
LINE
8
BLACK
6
CONTINUOUS
10
2.8368779527559056
20
-5.164983818897638
11
2.8296308267716537
21
-5.1702491338582677
0
LINE
8
BLACK
6
CONTINUOUS
10
2.8296308267716537
20
-5.1702491338582677
11
2.8216492519685037
21
-5.1743159448818901
0
LINE
8
BLACK
6
CONTINUOUS
10
2.8216492519685037
20
-5.1743159448818901
11
2.8131297637795276
21
-5.1770840944881886
0
LINE
8
BLACK
6
CONTINUOUS
10
2.8131297637795276
20
-5.1770840944881886
11
2.8042821259842521
21
-5.1784854330708656
0
LINE
8
BLACK
6
CONTINUOUS
10
2.8042821259842521
20
-5.1784854330708656
11
2.7953241732283463
21
-5.1784854330708656
0
LINE
8
BLACK
6
CONTINUOUS
10
2.7953241732283463
20
-5.1784854330708656
11
2.7864765354330707
21
-5.1770840944881886
0
LINE
8
BLACK
6
CONTINUOUS
10
2.7864765354330707
20
-5.1770840944881886
11
2.7779570472440946
21
-5.1743159448818901
0
LINE
8
BLACK
6
CONTINUOUS
10
2.7779570472440946
20
-5.1743159448818901
11
2.7699754724409447
21
-5.1702491338582677
0
LINE
8
BLACK
6
CONTINUOUS
10
2.7699754724409447
20
-5.1702491338582677
11
2.7627283464566927
21
-5.164983818897638
0
LINE
8
BLACK
6
CONTINUOUS
10
2.7627283464566927
20
-5.164983818897638
11
2.7563941338582678
21
-5.1586496062992122
0
LINE
8
BLACK
6
CONTINUOUS
10
2.7563941338582678
20
-5.1586496062992122
11
2.7511288188976377
21
-5.1514024803149603
0
LINE
8
BLACK
6
CONTINUOUS
10
2.7511288188976377
20
-5.1514024803149603
11
2.7470620078740158
21
-5.1434209055118112
0
LINE
8
BLACK
6
CONTINUOUS
10
2.7470620078740158
20
-5.1434209055118112
11
2.7442938582677163
21
-5.1349014173228342
0
LINE
8
BLACK
6
CONTINUOUS
10
2.7442938582677163
20
-5.1349014173228342
11
2.7428925196850393
21
-5.1260537795275587
0
LINE
8
BLACK
6
CONTINUOUS
10
2.7428925196850393
20
-5.1260537795275587
11
2.7428925196850393
21
-5.1170958267716538
0
LINE
8
BLACK
6
CONTINUOUS
10
2.7428925196850393
20
-5.1170958267716538
11
2.7442938582677163
21
-5.1082481889763782
0
LINE
8
BLACK
6
CONTINUOUS
10
2.7442938582677163
20
-5.1082481889763782
11
2.7470620078740158
21
-5.0997287007874013
0
LINE
8
BLACK
6
CONTINUOUS
10
2.7470620078740158
20
-5.0997287007874013
11
2.7511288188976377
21
-5.0917471259842522
0
LINE
8
BLACK
6
CONTINUOUS
10
2.7511288188976377
20
-5.0917471259842522
11
2.7563941338582678
21
-5.0845000000000002
0
LINE
8
BLACK
6
CONTINUOUS
10
2.7563941338582678
20
-5.0845000000000002
11
2.7627283464566927
21
-5.0781657874015744
0
LINE
8
BLACK
6
CONTINUOUS
10
2.7627283464566927
20
-5.0781657874015744
11
2.7699754724409447
21
-5.0729004724409448
0
LINE
8
BLACK
6
CONTINUOUS
10
2.7699754724409447
20
-5.0729004724409448
11
2.7779570472440946
21
-5.0688336614173224
0
LINE
8
BLACK
6
CONTINUOUS
10
2.7779570472440946
20
-5.0688336614173224
11
2.7864765354330707
21
-5.0660655118110238
0
LINE
8
BLACK
6
CONTINUOUS
10
2.7864765354330707
20
-5.0660655118110238
11
2.7953241732283463
21
-5.0646641732283459
0
LINE
8
BLACK
6
CONTINUOUS
10
2.7953241732283463
20
-5.0646641732283459
11
2.8042821259842521
21
-5.0646641732283459
0
LINE
8
BLACK
6
CONTINUOUS
10
2.8042821259842521
20
-5.0646641732283459
11
2.8131297637795276
21
-5.0660655118110238
0
LINE
8
BLACK
6
CONTINUOUS
10
3.5276966929133859
20
-5.0660655118110238
11
3.536216181102362
21
-5.0688336614173224
0
LINE
8
BLACK
6
CONTINUOUS
10
3.536216181102362
20
-5.0688336614173224
11
3.5441977559055116
21
-5.0729004724409448
0
LINE
8
BLACK
6
CONTINUOUS
10
3.5441977559055116
20
-5.0729004724409448
11
3.5514448818897635
21
-5.0781657874015744
0
LINE
8
BLACK
6
CONTINUOUS
10
3.5514448818897635
20
-5.0781657874015744
11
3.5577790944881889
21
-5.0845000000000002
0
LINE
8
BLACK
6
CONTINUOUS
10
3.5577790944881889
20
-5.0845000000000002
11
3.5630444094488189
21
-5.0917471259842522
0
LINE
8
BLACK
6
CONTINUOUS
10
3.5630444094488189
20
-5.0917471259842522
11
3.5671112204724409
21
-5.0997287007874013
0
LINE
8
BLACK
6
CONTINUOUS
10
3.5671112204724409
20
-5.0997287007874013
11
3.5698793700787399
21
-5.1082481889763782
0
LINE
8
BLACK
6
CONTINUOUS
10
3.5698793700787399
20
-5.1082481889763782
11
3.5712807086614173
21
-5.1170958267716538
0
LINE
8
BLACK
6
CONTINUOUS
10
3.5712807086614173
20
-5.1170958267716538
11
3.5712807086614173
21
-5.1260537795275587
0
LINE
8
BLACK
6
CONTINUOUS
10
3.5712807086614173
20
-5.1260537795275587
11
3.5698793700787399
21
-5.1349014173228342
0
LINE
8
BLACK
6
CONTINUOUS
10
3.5698793700787399
20
-5.1349014173228342
11
3.5671112204724409
21
-5.1434209055118112
0
LINE
8
BLACK
6
CONTINUOUS
10
3.5671112204724409
20
-5.1434209055118112
11
3.5630444094488189
21
-5.1514024803149603
0
LINE
8
BLACK
6
CONTINUOUS
10
3.5630444094488189
20
-5.1514024803149603
11
3.5577790944881889
21
-5.1586496062992122
0
LINE
8
BLACK
6
CONTINUOUS
10
3.5577790944881889
20
-5.1586496062992122
11
3.5514448818897635
21
-5.164983818897638
0
LINE
8
BLACK
6
CONTINUOUS
10
3.5514448818897635
20
-5.164983818897638
11
3.5441977559055116
21
-5.1702491338582677
0
LINE
8
BLACK
6
CONTINUOUS
10
3.5441977559055116
20
-5.1702491338582677
11
3.536216181102362
21
-5.1743159448818901
0
LINE
8
BLACK
6
CONTINUOUS
10
3.536216181102362
20
-5.1743159448818901
11
3.5276966929133859
21
-5.1770840944881886
0
LINE
8
BLACK
6
CONTINUOUS
10
3.5276966929133859
20
-5.1770840944881886
11
3.51884905511811
21
-5.1784854330708656
0
LINE
8
BLACK
6
CONTINUOUS
10
3.51884905511811
20
-5.1784854330708656
11
3.5098911023622046
21
-5.1784854330708656
0
LINE
8
BLACK
6
CONTINUOUS
10
3.5098911023622046
20
-5.1784854330708656
11
3.5010434645669291
21
-5.1770840944881886
0
LINE
8
BLACK
6
CONTINUOUS
10
3.5010434645669291
20
-5.1770840944881886
11
3.4925239763779525
21
-5.1743159448818901
0
LINE
8
BLACK
6
CONTINUOUS
10
3.4925239763779525
20
-5.1743159448818901
11
3.484542401574803
21
-5.1702491338582677
0
LINE
8
BLACK
6
CONTINUOUS
10
3.484542401574803
20
-5.1702491338582677
11
3.4772952755905511
21
-5.164983818897638
0
LINE
8
BLACK
6
CONTINUOUS
10
3.4772952755905511
20
-5.164983818897638
11
3.4709610629921257
21
-5.1586496062992122
0
LINE
8
BLACK
6
CONTINUOUS
10
3.4709610629921257
20
-5.1586496062992122
11
3.465695748031496
21
-5.1514024803149603
0
LINE
8
BLACK
6
CONTINUOUS
10
3.465695748031496
20
-5.1514024803149603
11
3.4616289370078741
21
-5.1434209055118112
0
LINE
8
BLACK
6
CONTINUOUS
10
3.4616289370078741
20
-5.1434209055118112
11
3.4588607874015747
21
-5.1349014173228342
0
LINE
8
BLACK
6
CONTINUOUS
10
3.4588607874015747
20
-5.1349014173228342
11
3.4574594488188977
21
-5.1260537795275587
0
LINE
8
BLACK
6
CONTINUOUS
10
3.4574594488188977
20
-5.1260537795275587
11
3.4574594488188977
21
-5.1170958267716538
0
LINE
8
BLACK
6
CONTINUOUS
10
3.4574594488188977
20
-5.1170958267716538
11
3.4588607874015747
21
-5.1082481889763782
0
LINE
8
BLACK
6
CONTINUOUS
10
3.4588607874015747
20
-5.1082481889763782
11
3.4616289370078741
21
-5.0997287007874013
0
LINE
8
BLACK
6
CONTINUOUS
10
3.4616289370078741
20
-5.0997287007874013
11
3.465695748031496
21
-5.0917471259842522
0
LINE
8
BLACK
6
CONTINUOUS
10
3.465695748031496
20
-5.0917471259842522
11
3.4709610629921257
21
-5.0845000000000002
0
LINE
8
BLACK
6
CONTINUOUS
10
3.4709610629921257
20
-5.0845000000000002
11
3.4772952755905511
21
-5.0781657874015744
0
LINE
8
BLACK
6
CONTINUOUS
10
3.4772952755905511
20
-5.0781657874015744
11
3.484542401574803
21
-5.0729004724409448
0
LINE
8
BLACK
6
CONTINUOUS
10
3.484542401574803
20
-5.0729004724409448
11
3.4925239763779525
21
-5.0688336614173224
0
LINE
8
BLACK
6
CONTINUOUS
10
3.4925239763779525
20
-5.0688336614173224
11
3.5010434645669291
21
-5.0660655118110238
0
LINE
8
BLACK
6
CONTINUOUS
10
3.5010434645669291
20
-5.0660655118110238
11
3.5098911023622046
21
-5.0646641732283459
0
LINE
8
BLACK
6
CONTINUOUS
10
3.5098911023622046
20
-5.0646641732283459
11
3.51884905511811
21
-5.0646641732283459
0
LINE
8
BLACK
6
CONTINUOUS
10
3.51884905511811
20
-5.0646641732283459
11
3.5276966929133859
21
-5.0660655118110238
0
LINE
8
BLACK
6
CONTINUOUS
10
3.5830130708661416
20
-4.8620394094488191
11
3.5876775196850392
21
-4.8644160629921256
0
LINE
8
BLACK
6
CONTINUOUS
10
3.5876775196850392
20
-4.8644160629921256
11
3.591379212598425
21
-4.8681177559055113
0
LINE
8
BLACK
6
CONTINUOUS
10
3.591379212598425
20
-4.8681177559055113
11
3.5937558661417324
21
-4.8727822047244089
0
LINE
8
BLACK
6
CONTINUOUS
10
3.5937558661417324
20
-4.8727822047244089
11
3.5945748031496061
21
-4.877952755905512
0
LINE
8
BLACK
6
CONTINUOUS
10
3.5945748031496061
20
-4.877952755905512
11
3.5945748031496061
21
-4.8956692913385824
0
LINE
8
BLACK
6
CONTINUOUS
10
3.5945748031496061
20
-4.8956692913385824
11
3.5937558661417324
21
-4.9008398425196846
0
LINE
8
BLACK
6
CONTINUOUS
10
3.5937558661417324
20
-4.9008398425196846
11
3.591379212598425
21
-4.9055042913385822
0
LINE
8
BLACK
6
CONTINUOUS
10
3.591379212598425
20
-4.9055042913385822
11
3.5876775196850392
21
-4.909205984251968
0
LINE
8
BLACK
6
CONTINUOUS
10
3.5876775196850392
20
-4.909205984251968
11
3.5830130708661416
21
-4.9115826377952754
0
LINE
8
BLACK
6
CONTINUOUS
10
3.5830130708661416
20
-4.9115826377952754
11
3.5778425196850394
21
-4.9124015748031491
0
LINE
8
BLACK
6
CONTINUOUS
10
3.5778425196850394
20
-4.9124015748031491
11
3.5581574803149607
21
-4.9124015748031491
0
LINE
8
BLACK
6
CONTINUOUS
10
3.5581574803149607
20
-4.9124015748031491
11
3.5529869291338581
21
-4.9115826377952754
0
LINE
8
BLACK
6
CONTINUOUS
10
3.5529869291338581
20
-4.9115826377952754
11
3.5483224803149604
21
-4.909205984251968
0
LINE
8
BLACK
6
CONTINUOUS
10
3.5483224803149604
20
-4.909205984251968
11
3.5446207874015747
21
-4.9055042913385822
0
LINE
8
BLACK
6
CONTINUOUS
10
3.5446207874015747
20
-4.9055042913385822
11
3.5422441338582678
21
-4.9008398425196846
0
LINE
8
BLACK
6
CONTINUOUS
10
3.5422441338582678
20
-4.9008398425196846
11
3.5414251968503936
21
-4.8956692913385824
0
LINE
8
BLACK
6
CONTINUOUS
10
3.5414251968503936
20
-4.8956692913385824
11
3.5414251968503936
21
-4.877952755905512
0
LINE
8
BLACK
6
CONTINUOUS
10
3.5414251968503936
20
-4.877952755905512
11
3.5422441338582678
21
-4.8727822047244089
0
LINE
8
BLACK
6
CONTINUOUS
10
3.5422441338582678
20
-4.8727822047244089
11
3.5446207874015747
21
-4.8681177559055113
0
LINE
8
BLACK
6
CONTINUOUS
10
3.5446207874015747
20
-4.8681177559055113
11
3.5483224803149604
21
-4.8644160629921256
0
LINE
8
BLACK
6
CONTINUOUS
10
3.5483224803149604
20
-4.8644160629921256
11
3.5529869291338581
21
-4.8620394094488191
0
LINE
8
BLACK
6
CONTINUOUS
10
3.5529869291338581
20
-4.8620394094488191
11
3.5581574803149607
21
-4.8612204724409445
0
LINE
8
BLACK
6
CONTINUOUS
10
3.5581574803149607
20
-4.8612204724409445
11
3.5778425196850394
21
-4.8612204724409445
0
LINE
8
BLACK
6
CONTINUOUS
10
3.5778425196850394
20
-4.8612204724409445
11
3.5830130708661416
21
-4.8620394094488191
0
LINE
8
BLACK
6
CONTINUOUS
10
3.5830130708661416
20
-4.8010157874015746
11
3.5876775196850392
21
-4.803392440944882
0
LINE
8
BLACK
6
CONTINUOUS
10
3.5876775196850392
20
-4.803392440944882
11
3.591379212598425
21
-4.8070941338582678
0
LINE
8
BLACK
6
CONTINUOUS
10
3.591379212598425
20
-4.8070941338582678
11
3.5937558661417324
21
-4.8117585826771654
0
LINE
8
BLACK
6
CONTINUOUS
10
3.5937558661417324
20
-4.8117585826771654
11
3.5945748031496061
21
-4.8169291338582676
0
LINE
8
BLACK
6
CONTINUOUS
10
3.5945748031496061
20
-4.8169291338582676
11
3.5945748031496061
21
-4.8346456692913389
0
LINE
8
BLACK
6
CONTINUOUS
10
3.5945748031496061
20
-4.8346456692913389
11
3.5937558661417324
21
-4.8398162204724411
0
LINE
8
BLACK
6
CONTINUOUS
10
3.5937558661417324
20
-4.8398162204724411
11
3.591379212598425
21
-4.8444806692913387
0
LINE
8
BLACK
6
CONTINUOUS
10
3.591379212598425
20
-4.8444806692913387
11
3.5876775196850392
21
-4.8481823622047244
0
LINE
8
BLACK
6
CONTINUOUS
10
3.5876775196850392
20
-4.8481823622047244
11
3.5830130708661416
21
-4.8505590157480309
0
LINE
8
BLACK
6
CONTINUOUS
10
3.5830130708661416
20
-4.8505590157480309
11
3.5778425196850394
21
-4.8513779527559056
0
LINE
8
BLACK
6
CONTINUOUS
10
3.5778425196850394
20
-4.8513779527559056
11
3.5581574803149607
21
-4.8513779527559056
0
LINE
8
BLACK
6
CONTINUOUS
10
3.5581574803149607
20
-4.8513779527559056
11
3.5529869291338581
21
-4.8505590157480309
0
LINE
8
BLACK
6
CONTINUOUS
10
3.5529869291338581
20
-4.8505590157480309
11
3.5483224803149604
21
-4.8481823622047244
0
LINE
8
BLACK
6
CONTINUOUS
10
3.5483224803149604
20
-4.8481823622047244
11
3.5446207874015747
21
-4.8444806692913387
0
LINE
8
BLACK
6
CONTINUOUS
10
3.5446207874015747
20
-4.8444806692913387
11
3.5422441338582678
21
-4.8398162204724411
0
LINE
8
BLACK
6
CONTINUOUS
10
3.5422441338582678
20
-4.8398162204724411
11
3.5414251968503936
21
-4.8346456692913389
0
LINE
8
BLACK
6
CONTINUOUS
10
3.5414251968503936
20
-4.8346456692913389
11
3.5414251968503936
21
-4.8169291338582676
0
LINE
8
BLACK
6
CONTINUOUS
10
3.5414251968503936
20
-4.8169291338582676
11
3.5422441338582678
21
-4.8117585826771654
0
LINE
8
BLACK
6
CONTINUOUS
10
3.5422441338582678
20
-4.8117585826771654
11
3.5446207874015747
21
-4.8070941338582678
0
LINE
8
BLACK
6
CONTINUOUS
10
3.5446207874015747
20
-4.8070941338582678
11
3.5483224803149604
21
-4.803392440944882
0
LINE
8
BLACK
6
CONTINUOUS
10
3.5483224803149604
20
-4.803392440944882
11
3.5529869291338581
21
-4.8010157874015746
0
LINE
8
BLACK
6
CONTINUOUS
10
3.5529869291338581
20
-4.8010157874015746
11
3.5581574803149607
21
-4.8001968503937009
0
LINE
8
BLACK
6
CONTINUOUS
10
3.5581574803149607
20
-4.8001968503937009
11
3.5778425196850394
21
-4.8001968503937009
0
LINE
8
BLACK
6
CONTINUOUS
10
3.5778425196850394
20
-4.8001968503937009
11
3.5830130708661416
21
-4.8010157874015746
0
LINE
8
BLACK
6
CONTINUOUS
10
2.6023817322834644
20
-4.6413411023622047
11
2.6109012204724409
21
-4.6441092519685041
0
LINE
8
BLACK
6
CONTINUOUS
10
2.6109012204724409
20
-4.6441092519685041
11
2.6188827952755904
21
-4.6481760629921256
0
LINE
8
BLACK
6
CONTINUOUS
10
2.6188827952755904
20
-4.6481760629921256
11
2.6261299212598423
21
-4.6534413779527561
0
LINE
8
BLACK
6
CONTINUOUS
10
2.6261299212598423
20
-4.6534413779527561
11
2.6324641338582677
21
-4.6597755905511811
0
LINE
8
BLACK
6
CONTINUOUS
10
2.6324641338582677
20
-4.6597755905511811
11
2.6377294488188974
21
-4.667022716535433
0
LINE
8
BLACK
6
CONTINUOUS
10
2.6377294488188974
20
-4.667022716535433
11
2.6417962598425198
21
-4.675004291338583
0
LINE
8
BLACK
6
CONTINUOUS
10
2.6417962598425198
20
-4.675004291338583
11
2.6445644094488188
21
-4.683523779527559
0
LINE
8
BLACK
6
CONTINUOUS
10
2.6445644094488188
20
-4.683523779527559
11
2.6459657480314962
21
-4.6923714173228346
0
LINE
8
BLACK
6
CONTINUOUS
10
2.6459657480314962
20
-4.6923714173228346
11
2.6459657480314962
21
-4.7013293700787404
0
LINE
8
BLACK
6
CONTINUOUS
10
2.6459657480314962
20
-4.7013293700787404
11
2.6445644094488188
21
-4.7101770078740159
0
LINE
8
BLACK
6
CONTINUOUS
10
2.6445644094488188
20
-4.7101770078740159
11
2.6417962598425198
21
-4.718696496062992
0
LINE
8
BLACK
6
CONTINUOUS
10
2.6417962598425198
20
-4.718696496062992
11
2.6377294488188974
21
-4.726678070866142
0
LINE
8
BLACK
6
CONTINUOUS
10
2.6377294488188974
20
-4.726678070866142
11
2.6324641338582677
21
-4.7339251968503939
0
LINE
8
BLACK
6
CONTINUOUS
10
2.6324641338582677
20
-4.7339251968503939
11
2.6261299212598423
21
-4.7402594094488189
0
LINE
8
BLACK
6
CONTINUOUS
10
2.6261299212598423
20
-4.7402594094488189
11
2.6188827952755904
21
-4.7455247244094485
0
LINE
8
BLACK
6
CONTINUOUS
10
2.6188827952755904
20
-4.7455247244094485
11
2.6109012204724409
21
-4.7495915354330709
0
LINE
8
BLACK
6
CONTINUOUS
10
2.6109012204724409
20
-4.7495915354330709
11
2.6023817322834644
21
-4.7523596850393703
0
LINE
8
BLACK
6
CONTINUOUS
10
2.6023817322834644
20
-4.7523596850393703
11
2.5935340944881888
21
-4.7537610236220473
0
LINE
8
BLACK
6
CONTINUOUS
10
2.5935340944881888
20
-4.7537610236220473
11
2.5845761417322834
21
-4.7537610236220473
0
LINE
8
BLACK
6
CONTINUOUS
10
2.5845761417322834
20
-4.7537610236220473
11
2.5757285039370079
21
-4.7523596850393703
0
LINE
8
BLACK
6
CONTINUOUS
10
2.5757285039370079
20
-4.7523596850393703
11
2.5672090157480314
21
-4.7495915354330709
0
LINE
8
BLACK
6
CONTINUOUS
10
2.5672090157480314
20
-4.7495915354330709
11
2.5592274409448819
21
-4.7455247244094485
0
LINE
8
BLACK
6
CONTINUOUS
10
2.5592274409448819
20
-4.7455247244094485
11
2.5519803149606299
21
-4.7402594094488189
0
LINE
8
BLACK
6
CONTINUOUS
10
2.5519803149606299
20
-4.7402594094488189
11
2.5456461023622046
21
-4.7339251968503939
0
LINE
8
BLACK
6
CONTINUOUS
10
2.5456461023622046
20
-4.7339251968503939
11
2.5403807874015749
21
-4.726678070866142
0
LINE
8
BLACK
6
CONTINUOUS
10
2.5403807874015749
20
-4.726678070866142
11
2.5363139763779525
21
-4.718696496062992
0
LINE
8
BLACK
6
CONTINUOUS
10
2.5363139763779525
20
-4.718696496062992
11
2.5335458267716535
21
-4.7101770078740159
0
LINE
8
BLACK
6
CONTINUOUS
10
2.5335458267716535
20
-4.7101770078740159
11
2.5321444881889765
21
-4.7013293700787404
0
LINE
8
BLACK
6
CONTINUOUS
10
2.5321444881889765
20
-4.7013293700787404
11
2.5321444881889765
21
-4.6923714173228346
0
LINE
8
BLACK
6
CONTINUOUS
10
2.5321444881889765
20
-4.6923714173228346
11
2.5335458267716535
21
-4.683523779527559
0
LINE
8
BLACK
6
CONTINUOUS
10
2.5335458267716535
20
-4.683523779527559
11
2.5363139763779525
21
-4.675004291338583
0
LINE
8
BLACK
6
CONTINUOUS
10
2.5363139763779525
20
-4.675004291338583
11
2.5403807874015749
21
-4.667022716535433
0
LINE
8
BLACK
6
CONTINUOUS
10
2.5403807874015749
20
-4.667022716535433
11
2.5456461023622046
21
-4.6597755905511811
0
LINE
8
BLACK
6
CONTINUOUS
10
2.5456461023622046
20
-4.6597755905511811
11
2.5519803149606299
21
-4.6534413779527561
0
LINE
8
BLACK
6
CONTINUOUS
10
2.5519803149606299
20
-4.6534413779527561
11
2.5592274409448819
21
-4.6481760629921256
0
LINE
8
BLACK
6
CONTINUOUS
10
2.5592274409448819
20
-4.6481760629921256
11
2.5672090157480314
21
-4.6441092519685041
0
LINE
8
BLACK
6
CONTINUOUS
10
2.5672090157480314
20
-4.6441092519685041
11
2.5757285039370079
21
-4.6413411023622047
0
LINE
8
BLACK
6
CONTINUOUS
10
2.5757285039370079
20
-4.6413411023622047
11
2.5845761417322834
21
-4.6399397637795277
0
LINE
8
BLACK
6
CONTINUOUS
10
2.5845761417322834
20
-4.6399397637795277
11
2.5935340944881888
21
-4.6399397637795277
0
LINE
8
BLACK
6
CONTINUOUS
10
2.5935340944881888
20
-4.6399397637795277
11
2.6023817322834644
21
-4.6413411023622047
0
LINE
8
BLACK
6
CONTINUOUS
10
3.5030920078740158
20
-4.6477647244094484
11
3.5056464960629921
21
-4.649471614173228
0
LINE
8
BLACK
6
CONTINUOUS
10
3.5056464960629921
20
-4.649471614173228
11
3.5073533858267716
21
-4.6520261023622043
0
LINE
8
BLACK
6
CONTINUOUS
10
3.5073533858267716
20
-4.6520261023622043
11
3.5079527559055119
21
-4.6550393700787405
0
LINE
8
BLACK
6
CONTINUOUS
10
3.5079527559055119
20
-4.6550393700787405
11
3.5079527559055119
21
-4.7150393700787401
0
LINE
8
BLACK
6
CONTINUOUS
10
3.5079527559055119
20
-4.7150393700787401
11
3.5073533858267716
21
-4.7180526377952754
0
LINE
8
BLACK
6
CONTINUOUS
10
3.5073533858267716
20
-4.7180526377952754
11
3.5056464960629921
21
-4.7206071259842517
0
LINE
8
BLACK
6
CONTINUOUS
10
3.5056464960629921
20
-4.7206071259842517
11
3.5030920078740158
21
-4.7223140157480312
0
LINE
8
BLACK
6
CONTINUOUS
10
3.5030920078740158
20
-4.7223140157480312
11
3.5000787401574804
21
-4.7229133858267716
0
LINE
8
BLACK
6
CONTINUOUS
10
3.5000787401574804
20
-4.7229133858267716
11
3.4400787401574804
21
-4.7229133858267716
0
LINE
8
BLACK
6
CONTINUOUS
10
3.4400787401574804
20
-4.7229133858267716
11
3.4370654724409446
21
-4.7223140157480312
0
LINE
8
BLACK
6
CONTINUOUS
10
3.4370654724409446
20
-4.7223140157480312
11
3.4345109842519683
21
-4.7206071259842517
0
LINE
8
BLACK
6
CONTINUOUS
10
3.4345109842519683
20
-4.7206071259842517
11
3.4328040944881888
21
-4.7180526377952754
0
LINE
8
BLACK
6
CONTINUOUS
10
3.4328040944881888
20
-4.7180526377952754
11
3.4322047244094489
21
-4.7150393700787401
0
LINE
8
BLACK
6
CONTINUOUS
10
3.4322047244094489
20
-4.7150393700787401
11
3.4322047244094489
21
-4.6550393700787405
0
LINE
8
BLACK
6
CONTINUOUS
10
3.4322047244094489
20
-4.6550393700787405
11
3.4328040944881888
21
-4.6520261023622043
0
LINE
8
BLACK
6
CONTINUOUS
10
3.4328040944881888
20
-4.6520261023622043
11
3.4345109842519683
21
-4.649471614173228
0
LINE
8
BLACK
6
CONTINUOUS
10
3.4345109842519683
20
-4.649471614173228
11
3.4370654724409446
21
-4.6477647244094484
0
LINE
8
BLACK
6
CONTINUOUS
10
3.4370654724409446
20
-4.6477647244094484
11
3.4400787401574804
21
-4.647165354330709
0
LINE
8
BLACK
6
CONTINUOUS
10
3.4400787401574804
20
-4.647165354330709
11
3.5000787401574804
21
-4.647165354330709
0
LINE
8
BLACK
6
CONTINUOUS
10
3.5000787401574804
20
-4.647165354330709
11
3.5030920078740158
21
-4.6477647244094484
0
LINE
8
BLACK
6
CONTINUOUS
10
2.536831220472441
20
-4.5706146062992126
11
2.5425084251968504
21
-4.5717438976377949
0
LINE
8
BLACK
6
CONTINUOUS
10
2.5425084251968504
20
-4.5717438976377949
11
2.5478562204724411
21
-4.5739590157480317
0
LINE
8
BLACK
6
CONTINUOUS
10
2.5478562204724411
20
-4.5739590157480317
11
2.5526690944881891
21
-4.5771748818897633
0
LINE
8
BLACK
6
CONTINUOUS
10
2.5526690944881891
20
-4.5771748818897633
11
2.5567621259842519
21
-4.581267913385827
0
LINE
8
BLACK
6
CONTINUOUS
10
2.5567621259842519
20
-4.581267913385827
11
2.559977992125984
21
-4.586080787401575
0
LINE
8
BLACK
6
CONTINUOUS
10
2.559977992125984
20
-4.586080787401575
11
2.5621931102362203
21
-4.5914285826771657
0
LINE
8
BLACK
6
CONTINUOUS
10
2.5621931102362203
20
-4.5914285826771657
11
2.5633224015748031
21
-4.597105787401575
0
LINE
8
BLACK
6
CONTINUOUS
10
2.5633224015748031
20
-4.597105787401575
11
2.5633224015748031
21
-4.6028942125984251
0
LINE
8
BLACK
6
CONTINUOUS
10
2.5633224015748031
20
-4.6028942125984251
11
2.5621931102362203
21
-4.6085714173228345
0
LINE
8
BLACK
6
CONTINUOUS
10
2.5621931102362203
20
-4.6085714173228345
11
2.559977992125984
21
-4.6139192125984252
0
LINE
8
BLACK
6
CONTINUOUS
10
2.559977992125984
20
-4.6139192125984252
11
2.5567621259842519
21
-4.6187320866141732
0
LINE
8
BLACK
6
CONTINUOUS
10
2.5567621259842519
20
-4.6187320866141732
11
2.5526690944881891
21
-4.622825118110236
0
LINE
8
BLACK
6
CONTINUOUS
10
2.5526690944881891
20
-4.622825118110236
11
2.5478562204724411
21
-4.6260409842519685
0
LINE
8
BLACK
6
CONTINUOUS
10
2.5478562204724411
20
-4.6260409842519685
11
2.5425084251968504
21
-4.6282561023622044
0
LINE
8
BLACK
6
CONTINUOUS
10
2.5425084251968504
20
-4.6282561023622044
11
2.536831220472441
21
-4.6293853937007876
0
LINE
8
BLACK
6
CONTINUOUS
10
2.536831220472441
20
-4.6293853937007876
11
2.5339370078740155
21
-4.6295275590551181
0
LINE
8
BLACK
6
CONTINUOUS
10
2.5339370078740155
20
-4.6295275590551181
11
2.5260629921259841
21
-4.6295275590551181
0
LINE
8
BLACK
6
CONTINUOUS
10
2.5260629921259841
20
-4.6295275590551181
11
2.523168779527559
21
-4.6293853937007876
0
LINE
8
BLACK
6
CONTINUOUS
10
2.523168779527559
20
-4.6293853937007876
11
2.5174915748031497
21
-4.6282561023622044
0
LINE
8
BLACK
6
CONTINUOUS
10
2.5174915748031497
20
-4.6282561023622044
11
2.512143779527559
21
-4.6260409842519685
0
LINE
8
BLACK
6
CONTINUOUS
10
2.512143779527559
20
-4.6260409842519685
11
2.5073309055118109
21
-4.622825118110236
0
LINE
8
BLACK
6
CONTINUOUS
10
2.5073309055118109
20
-4.622825118110236
11
2.5032378740157482
21
-4.6187320866141732
0
LINE
8
BLACK
6
CONTINUOUS
10
2.5032378740157482
20
-4.6187320866141732
11
2.5000220078740156
21
-4.6139192125984252
0
LINE
8
BLACK
6
CONTINUOUS
10
2.5000220078740156
20
-4.6139192125984252
11
2.4978068897637793
21
-4.6085714173228345
0
LINE
8
BLACK
6
CONTINUOUS
10
2.4978068897637793
20
-4.6085714173228345
11
2.496677598425197
21
-4.6028942125984251
0
LINE
8
BLACK
6
CONTINUOUS
10
2.496677598425197
20
-4.6028942125984251
11
2.496677598425197
21
-4.597105787401575
0
LINE
8
BLACK
6
CONTINUOUS
10
2.496677598425197
20
-4.597105787401575
11
2.4978068897637793
21
-4.5914285826771657
0
LINE
8
BLACK
6
CONTINUOUS
10
2.4978068897637793
20
-4.5914285826771657
11
2.5000220078740156
21
-4.586080787401575
0
LINE
8
BLACK
6
CONTINUOUS
10
2.5000220078740156
20
-4.586080787401575
11
2.5032378740157482
21
-4.581267913385827
0
LINE
8
BLACK
6
CONTINUOUS
10
2.5032378740157482
20
-4.581267913385827
11
2.5073309055118109
21
-4.5771748818897633
0
LINE
8
BLACK
6
CONTINUOUS
10
2.5073309055118109
20
-4.5771748818897633
11
2.512143779527559
21
-4.5739590157480317
0
LINE
8
BLACK
6
CONTINUOUS
10
2.512143779527559
20
-4.5739590157480317
11
2.5174915748031497
21
-4.5717438976377949
0
LINE
8
BLACK
6
CONTINUOUS
10
2.5174915748031497
20
-4.5717438976377949
11
2.523168779527559
21
-4.5706146062992126
0
LINE
8
BLACK
6
CONTINUOUS
10
2.523168779527559
20
-4.5706146062992126
11
2.5260629921259841
21
-4.570472440944882
0
LINE
8
BLACK
6
CONTINUOUS
10
2.5260629921259841
20
-4.570472440944882
11
2.5339370078740155
21
-4.570472440944882
0
LINE
8
BLACK
6
CONTINUOUS
10
2.5339370078740155
20
-4.570472440944882
11
2.536831220472441
21
-4.5706146062992126
0
LINE
8
BLACK
6
CONTINUOUS
10
3.5030920078740158
20
-4.5477647244094488
11
3.5056464960629921
21
-4.5494716141732283
0
LINE
8
BLACK
6
CONTINUOUS
10
3.5056464960629921
20
-4.5494716141732283
11
3.5073533858267716
21
-4.5520261023622046
0
LINE
8
BLACK
6
CONTINUOUS
10
3.5073533858267716
20
-4.5520261023622046
11
3.5079527559055119
21
-4.5550393700787399
0
LINE
8
BLACK
6
CONTINUOUS
10
3.5079527559055119
20
-4.5550393700787399
11
3.5079527559055119
21
-4.6150393700787404
0
LINE
8
BLACK
6
CONTINUOUS
10
3.5079527559055119
20
-4.6150393700787404
11
3.5073533858267716
21
-4.6180526377952757
0
LINE
8
BLACK
6
CONTINUOUS
10
3.5073533858267716
20
-4.6180526377952757
11
3.5056464960629921
21
-4.6206071259842521
0
LINE
8
BLACK
6
CONTINUOUS
10
3.5056464960629921
20
-4.6206071259842521
11
3.5030920078740158
21
-4.6223140157480316
0
LINE
8
BLACK
6
CONTINUOUS
10
3.5030920078740158
20
-4.6223140157480316
11
3.5000787401574804
21
-4.6229133858267719
0
LINE
8
BLACK
6
CONTINUOUS
10
3.5000787401574804
20
-4.6229133858267719
11
3.4400787401574804
21
-4.6229133858267719
0
LINE
8
BLACK
6
CONTINUOUS
10
3.4400787401574804
20
-4.6229133858267719
11
3.4370654724409446
21
-4.6223140157480316
0
LINE
8
BLACK
6
CONTINUOUS
10
3.4370654724409446
20
-4.6223140157480316
11
3.4345109842519683
21
-4.6206071259842521
0
LINE
8
BLACK
6
CONTINUOUS
10
3.4345109842519683
20
-4.6206071259842521
11
3.4328040944881888
21
-4.6180526377952757
0
LINE
8
BLACK
6
CONTINUOUS
10
3.4328040944881888
20
-4.6180526377952757
11
3.4322047244094489
21
-4.6150393700787404
0
LINE
8
BLACK
6
CONTINUOUS
10
3.4322047244094489
20
-4.6150393700787404
11
3.4322047244094489
21
-4.5550393700787399
0
LINE
8
BLACK
6
CONTINUOUS
10
3.4322047244094489
20
-4.5550393700787399
11
3.4328040944881888
21
-4.5520261023622046
0
LINE
8
BLACK
6
CONTINUOUS
10
3.4328040944881888
20
-4.5520261023622046
11
3.4345109842519683
21
-4.5494716141732283
0
LINE
8
BLACK
6
CONTINUOUS
10
3.4345109842519683
20
-4.5494716141732283
11
3.4370654724409446
21
-4.5477647244094488
0
LINE
8
BLACK
6
CONTINUOUS
10
3.4370654724409446
20
-4.5477647244094488
11
3.4400787401574804
21
-4.5471653543307085
0
LINE
8
BLACK
6
CONTINUOUS
10
3.4400787401574804
20
-4.5471653543307085
11
3.5000787401574804
21
-4.5471653543307085
0
LINE
8
BLACK
6
CONTINUOUS
10
3.5000787401574804
20
-4.5471653543307085
11
3.5030920078740158
21
-4.5477647244094488
0
LINE
8
BLACK
6
CONTINUOUS
10
2.5958863385826771
20
-4.4706146062992129
11
2.6015635433070865
21
-4.4717438976377952
0
LINE
8
BLACK
6
CONTINUOUS
10
2.6015635433070865
20
-4.4717438976377952
11
2.6069113385826772
21
-4.4739590157480311
0
LINE
8
BLACK
6
CONTINUOUS
10
2.6069113385826772
20
-4.4739590157480311
11
2.6117242125984252
21
-4.4771748818897636
0
LINE
8
BLACK
6
CONTINUOUS
10
2.6117242125984252
20
-4.4771748818897636
11
2.615817244094488
21
-4.4812679133858264
0
LINE
8
BLACK
6
CONTINUOUS
10
2.615817244094488
20
-4.4812679133858264
11
2.6190331102362205
21
-4.4860807874015745
0
LINE
8
BLACK
6
CONTINUOUS
10
2.6190331102362205
20
-4.4860807874015745
11
2.6212482283464564
21
-4.4914285826771652
0
LINE
8
BLACK
6
CONTINUOUS
10
2.6212482283464564
20
-4.4914285826771652
11
2.6223775196850392
21
-4.4971057874015745
0
LINE
8
BLACK
6
CONTINUOUS
10
2.6223775196850392
20
-4.4971057874015745
11
2.6223775196850392
21
-4.5028942125984255
0
LINE
8
BLACK
6
CONTINUOUS
10
2.6223775196850392
20
-4.5028942125984255
11
2.6212482283464564
21
-4.5085714173228348
0
LINE
8
BLACK
6
CONTINUOUS
10
2.6212482283464564
20
-4.5085714173228348
11
2.6190331102362205
21
-4.5139192125984247
0
LINE
8
BLACK
6
CONTINUOUS
10
2.6190331102362205
20
-4.5139192125984247
11
2.615817244094488
21
-4.5187320866141727
0
LINE
8
BLACK
6
CONTINUOUS
10
2.615817244094488
20
-4.5187320866141727
11
2.6117242125984252
21
-4.5228251181102364
0
LINE
8
BLACK
6
CONTINUOUS
10
2.6117242125984252
20
-4.5228251181102364
11
2.6084692519685038
21
-4.5249999999999995
0
LINE
8
BLACK
6
CONTINUOUS
10
2.6084692519685038
20
-4.5249999999999995
11
2.6117242125984252
21
-4.5271748818897635
0
LINE
8
BLACK
6
CONTINUOUS
10
2.6117242125984252
20
-4.5271748818897635
11
2.615817244094488
21
-4.5312679133858262
0
LINE
8
BLACK
6
CONTINUOUS
10
2.615817244094488
20
-4.5312679133858262
11
2.6190331102362205
21
-4.5360807874015743
0
LINE
8
BLACK
6
CONTINUOUS
10
2.6190331102362205
20
-4.5360807874015743
11
2.6212482283464564
21
-4.541428582677165
0
LINE
8
BLACK
6
CONTINUOUS
10
2.6212482283464564
20
-4.541428582677165
11
2.6223775196850392
21
-4.5471057874015743
0
LINE
8
BLACK
6
CONTINUOUS
10
2.6223775196850392
20
-4.5471057874015743
11
2.6223775196850392
21
-4.5528942125984253
0
LINE
8
BLACK
6
CONTINUOUS
10
2.6223775196850392
20
-4.5528942125984253
11
2.6212482283464564
21
-4.5585714173228347
0
LINE
8
BLACK
6
CONTINUOUS
10
2.6212482283464564
20
-4.5585714173228347
11
2.6190331102362205
21
-4.5639192125984254
0
LINE
8
BLACK
6
CONTINUOUS
10
2.6190331102362205
20
-4.5639192125984254
11
2.615817244094488
21
-4.5687320866141734
0
LINE
8
BLACK
6
CONTINUOUS
10
2.615817244094488
20
-4.5687320866141734
11
2.6117242125984252
21
-4.5728251181102362
0
LINE
8
BLACK
6
CONTINUOUS
10
2.6117242125984252
20
-4.5728251181102362
11
2.6069113385826772
21
-4.5760409842519687
0
LINE
8
BLACK
6
CONTINUOUS
10
2.6069113385826772
20
-4.5760409842519687
11
2.6015635433070865
21
-4.5782561023622046
0
LINE
8
BLACK
6
CONTINUOUS
10
2.6015635433070865
20
-4.5782561023622046
11
2.5958863385826771
21
-4.5793853937007869
0
LINE
8
BLACK
6
CONTINUOUS
10
2.5958863385826771
20
-4.5793853937007869
11
2.5929921259842521
21
-4.5795275590551183
0
LINE
8
BLACK
6
CONTINUOUS
10
2.5929921259842521
20
-4.5795275590551183
11
2.5851181102362206
21
-4.5795275590551183
0
LINE
8
BLACK
6
CONTINUOUS
10
2.5851181102362206
20
-4.5795275590551183
11
2.5822238976377951
21
-4.5793853937007869
0
LINE
8
BLACK
6
CONTINUOUS
10
2.5822238976377951
20
-4.5793853937007869
11
2.5765466929133858
21
-4.5782561023622046
0
LINE
8
BLACK
6
CONTINUOUS
10
2.5765466929133858
20
-4.5782561023622046
11
2.5711988976377951
21
-4.5760409842519687
0
LINE
8
BLACK
6
CONTINUOUS
10
2.5711988976377951
20
-4.5760409842519687
11
2.566386023622047
21
-4.5728251181102362
0
LINE
8
BLACK
6
CONTINUOUS
10
2.566386023622047
20
-4.5728251181102362
11
2.5622929921259843
21
-4.5687320866141734
0
LINE
8
BLACK
6
CONTINUOUS
10
2.5622929921259843
20
-4.5687320866141734
11
2.5590771259842517
21
-4.5639192125984254
0
LINE
8
BLACK
6
CONTINUOUS
10
2.5590771259842517
20
-4.5639192125984254
11
2.5568620078740159
21
-4.5585714173228347
0
LINE
8
BLACK
6
CONTINUOUS
10
2.5568620078740159
20
-4.5585714173228347
11
2.5557327165354331
21
-4.5528942125984253
0
LINE
8
BLACK
6
CONTINUOUS
10
2.5557327165354331
20
-4.5528942125984253
11
2.5557327165354331
21
-4.5471057874015743
0
LINE
8
BLACK
6
CONTINUOUS
10
2.5557327165354331
20
-4.5471057874015743
11
2.5568620078740159
21
-4.541428582677165
0
LINE
8
BLACK
6
CONTINUOUS
10
2.5568620078740159
20
-4.541428582677165
11
2.5590771259842517
21
-4.5360807874015743
0
LINE
8
BLACK
6
CONTINUOUS
10
2.5590771259842517
20
-4.5360807874015743
11
2.5622929921259843
21
-4.5312679133858262
0
LINE
8
BLACK
6
CONTINUOUS
10
2.5622929921259843
20
-4.5312679133858262
11
2.566386023622047
21
-4.5271748818897635
0
LINE
8
BLACK
6
CONTINUOUS
10
2.566386023622047
20
-4.5271748818897635
11
2.5696409448818898
21
-4.5249999999999995
0
LINE
8
BLACK
6
CONTINUOUS
10
2.5696409448818898
20
-4.5249999999999995
11
2.566386023622047
21
-4.5228251181102364
0
LINE
8
BLACK
6
CONTINUOUS
10
2.566386023622047
20
-4.5228251181102364
11
2.5622929921259843
21
-4.5187320866141727
0
LINE
8
BLACK
6
CONTINUOUS
10
2.5622929921259843
20
-4.5187320866141727
11
2.5590771259842517
21
-4.5139192125984247
0
LINE
8
BLACK
6
CONTINUOUS
10
2.5590771259842517
20
-4.5139192125984247
11
2.5568620078740159
21
-4.5085714173228348
0
LINE
8
BLACK
6
CONTINUOUS
10
2.5568620078740159
20
-4.5085714173228348
11
2.5557327165354331
21
-4.5028942125984255
0
LINE
8
BLACK
6
CONTINUOUS
10
2.5557327165354331
20
-4.5028942125984255
11
2.5557327165354331
21
-4.4971057874015745
0
LINE
8
BLACK
6
CONTINUOUS
10
2.5557327165354331
20
-4.4971057874015745
11
2.5568620078740159
21
-4.4914285826771652
0
LINE
8
BLACK
6
CONTINUOUS
10
2.5568620078740159
20
-4.4914285826771652
11
2.5590771259842517
21
-4.4860807874015745
0
LINE
8
BLACK
6
CONTINUOUS
10
2.5590771259842517
20
-4.4860807874015745
11
2.5622929921259843
21
-4.4812679133858264
0
LINE
8
BLACK
6
CONTINUOUS
10
2.5622929921259843
20
-4.4812679133858264
11
2.566386023622047
21
-4.4771748818897636
0
LINE
8
BLACK
6
CONTINUOUS
10
2.566386023622047
20
-4.4771748818897636
11
2.5711988976377951
21
-4.4739590157480311
0
LINE
8
BLACK
6
CONTINUOUS
10
2.5711988976377951
20
-4.4739590157480311
11
2.5765466929133858
21
-4.4717438976377952
0
LINE
8
BLACK
6
CONTINUOUS
10
2.5765466929133858
20
-4.4717438976377952
11
2.5822238976377951
21
-4.4706146062992129
0
LINE
8
BLACK
6
CONTINUOUS
10
2.5822238976377951
20
-4.4706146062992129
11
2.5851181102362206
21
-4.4704724409448815
0
LINE
8
BLACK
6
CONTINUOUS
10
2.5851181102362206
20
-4.4704724409448815
11
2.5929921259842521
21
-4.4704724409448815
0
LINE
8
BLACK
6
CONTINUOUS
10
2.5929921259842521
20
-4.4704724409448815
11
2.5958863385826771
21
-4.4706146062992129
0
LINE
8
BLACK
6
CONTINUOUS
10
3.7231707480314959
20
-4.4150875590551184
11
3.7257252362204722
21
-4.4167944488188979
0
LINE
8
BLACK
6
CONTINUOUS
10
3.7257252362204722
20
-4.4167944488188979
11
3.7274321259842518
21
-4.4193489370078742
0
LINE
8
BLACK
6
CONTINUOUS
10
3.7274321259842518
20
-4.4193489370078742
11
3.7280314960629921
21
-4.4223622047244096
0
LINE
8
BLACK
6
CONTINUOUS
10
3.7280314960629921
20
-4.4223622047244096
11
3.7280314960629921
21
-4.4823622047244092
0
LINE
8
BLACK
6
CONTINUOUS
10
3.7280314960629921
20
-4.4823622047244092
11
3.7274321259842518
21
-4.4853754724409445
0
LINE
8
BLACK
6
CONTINUOUS
10
3.7274321259842518
20
-4.4853754724409445
11
3.7257252362204722
21
-4.4879299606299208
0
LINE
8
BLACK
6
CONTINUOUS
10
3.7257252362204722
20
-4.4879299606299208
11
3.7231707480314959
21
-4.4896368503937003
0
LINE
8
BLACK
6
CONTINUOUS
10
3.7231707480314959
20
-4.4896368503937003
11
3.7201574803149606
21
-4.4902362204724406
0
LINE
8
BLACK
6
CONTINUOUS
10
3.7201574803149606
20
-4.4902362204724406
11
3.6601574803149606
21
-4.4902362204724406
0
LINE
8
BLACK
6
CONTINUOUS
10
3.6601574803149606
20
-4.4902362204724406
11
3.6571442125984253
21
-4.4896368503937003
0
LINE
8
BLACK
6
CONTINUOUS
10
3.6571442125984253
20
-4.4896368503937003
11
3.6545897244094485
21
-4.4879299606299208
0
LINE
8
BLACK
6
CONTINUOUS
10
3.6545897244094485
20
-4.4879299606299208
11
3.6528828346456694
21
-4.4853754724409445
0
LINE
8
BLACK
6
CONTINUOUS
10
3.6528828346456694
20
-4.4853754724409445
11
3.6522834645669291
21
-4.4823622047244092
0
LINE
8
BLACK
6
CONTINUOUS
10
3.6522834645669291
20
-4.4823622047244092
11
3.6522834645669291
21
-4.4223622047244096
0
LINE
8
BLACK
6
CONTINUOUS
10
3.6522834645669291
20
-4.4223622047244096
11
3.6528828346456694
21
-4.4193489370078742
0
LINE
8
BLACK
6
CONTINUOUS
10
3.6528828346456694
20
-4.4193489370078742
11
3.6545897244094485
21
-4.4167944488188979
0
LINE
8
BLACK
6
CONTINUOUS
10
3.6545897244094485
20
-4.4167944488188979
11
3.6571442125984253
21
-4.4150875590551184
0
LINE
8
BLACK
6
CONTINUOUS
10
3.6571442125984253
20
-4.4150875590551184
11
3.6601574803149606
21
-4.4144881889763781
0
LINE
8
BLACK
6
CONTINUOUS
10
3.6601574803149606
20
-4.4144881889763781
11
3.7201574803149606
21
-4.4144881889763781
0
LINE
8
BLACK
6
CONTINUOUS
10
3.7201574803149606
20
-4.4144881889763781
11
3.7231707480314959
21
-4.4150875590551184
0
LINE
8
BLACK
6
CONTINUOUS
10
2.536831220472441
20
-4.4206146062992122
11
2.5425084251968504
21
-4.4217438976377954
0
LINE
8
BLACK
6
CONTINUOUS
10
2.5425084251968504
20
-4.4217438976377954
11
2.5478562204724411
21
-4.4239590157480313
0
LINE
8
BLACK
6
CONTINUOUS
10
2.5478562204724411
20
-4.4239590157480313
11
2.5526690944881891
21
-4.4271748818897638
0
LINE
8
BLACK
6
CONTINUOUS
10
2.5526690944881891
20
-4.4271748818897638
11
2.5567621259842519
21
-4.4312679133858266
0
LINE
8
BLACK
6
CONTINUOUS
10
2.5567621259842519
20
-4.4312679133858266
11
2.559977992125984
21
-4.4360807874015746
0
LINE
8
BLACK
6
CONTINUOUS
10
2.559977992125984
20
-4.4360807874015746
11
2.5621931102362203
21
-4.4414285826771653
0
LINE
8
BLACK
6
CONTINUOUS
10
2.5621931102362203
20
-4.4414285826771653
11
2.5633224015748031
21
-4.4471057874015747
0
LINE
8
BLACK
6
CONTINUOUS
10
2.5633224015748031
20
-4.4471057874015747
11
2.5633224015748031
21
-4.4528942125984248
0
LINE
8
BLACK
6
CONTINUOUS
10
2.5633224015748031
20
-4.4528942125984248
11
2.5621931102362203
21
-4.4585714173228341
0
LINE
8
BLACK
6
CONTINUOUS
10
2.5621931102362203
20
-4.4585714173228341
11
2.559977992125984
21
-4.4639192125984248
0
LINE
8
BLACK
6
CONTINUOUS
10
2.559977992125984
20
-4.4639192125984248
11
2.5567621259842519
21
-4.4687320866141729
0
LINE
8
BLACK
6
CONTINUOUS
10
2.5567621259842519
20
-4.4687320866141729
11
2.5526690944881891
21
-4.4728251181102365
0
LINE
8
BLACK
6
CONTINUOUS
10
2.5526690944881891
20
-4.4728251181102365
11
2.5478562204724411
21
-4.4760409842519682
0
LINE
8
BLACK
6
CONTINUOUS
10
2.5478562204724411
20
-4.4760409842519682
11
2.5425084251968504
21
-4.4782561023622049
0
LINE
8
BLACK
6
CONTINUOUS
10
2.5425084251968504
20
-4.4782561023622049
11
2.536831220472441
21
-4.4793853937007873
0
LINE
8
BLACK
6
CONTINUOUS
10
2.536831220472441
20
-4.4793853937007873
11
2.5339370078740155
21
-4.4795275590551178
0
LINE
8
BLACK
6
CONTINUOUS
10
2.5339370078740155
20
-4.4795275590551178
11
2.5260629921259841
21
-4.4795275590551178
0
LINE
8
BLACK
6
CONTINUOUS
10
2.5260629921259841
20
-4.4795275590551178
11
2.523168779527559
21
-4.4793853937007873
0
LINE
8
BLACK
6
CONTINUOUS
10
2.523168779527559
20
-4.4793853937007873
11
2.5174915748031497
21
-4.4782561023622049
0
LINE
8
BLACK
6
CONTINUOUS
10
2.5174915748031497
20
-4.4782561023622049
11
2.512143779527559
21
-4.4760409842519682
0
LINE
8
BLACK
6
CONTINUOUS
10
2.512143779527559
20
-4.4760409842519682
11
2.5073309055118109
21
-4.4728251181102365
0
LINE
8
BLACK
6
CONTINUOUS
10
2.5073309055118109
20
-4.4728251181102365
11
2.5032378740157482
21
-4.4687320866141729
0
LINE
8
BLACK
6
CONTINUOUS
10
2.5032378740157482
20
-4.4687320866141729
11
2.5000220078740156
21
-4.4639192125984248
0
LINE
8
BLACK
6
CONTINUOUS
10
2.5000220078740156
20
-4.4639192125984248
11
2.4978068897637793
21
-4.4585714173228341
0
LINE
8
BLACK
6
CONTINUOUS
10
2.4978068897637793
20
-4.4585714173228341
11
2.496677598425197
21
-4.4528942125984248
0
LINE
8
BLACK
6
CONTINUOUS
10
2.496677598425197
20
-4.4528942125984248
11
2.496677598425197
21
-4.4471057874015747
0
LINE
8
BLACK
6
CONTINUOUS
10
2.496677598425197
20
-4.4471057874015747
11
2.4978068897637793
21
-4.4414285826771653
0
LINE
8
BLACK
6
CONTINUOUS
10
2.4978068897637793
20
-4.4414285826771653
11
2.5000220078740156
21
-4.4360807874015746
0
LINE
8
BLACK
6
CONTINUOUS
10
2.5000220078740156
20
-4.4360807874015746
11
2.5032378740157482
21
-4.4312679133858266
0
LINE
8
BLACK
6
CONTINUOUS
10
2.5032378740157482
20
-4.4312679133858266
11
2.5073309055118109
21
-4.4271748818897638
0
LINE
8
BLACK
6
CONTINUOUS
10
2.5073309055118109
20
-4.4271748818897638
11
2.512143779527559
21
-4.4239590157480313
0
LINE
8
BLACK
6
CONTINUOUS
10
2.512143779527559
20
-4.4239590157480313
11
2.5174915748031497
21
-4.4217438976377954
0
LINE
8
BLACK
6
CONTINUOUS
10
2.5174915748031497
20
-4.4217438976377954
11
2.523168779527559
21
-4.4206146062992122
0
LINE
8
BLACK
6
CONTINUOUS
10
2.523168779527559
20
-4.4206146062992122
11
2.5260629921259841
21
-4.4204724409448817
0
LINE
8
BLACK
6
CONTINUOUS
10
2.5260629921259841
20
-4.4204724409448817
11
2.5339370078740155
21
-4.4204724409448817
0
LINE
8
BLACK
6
CONTINUOUS
10
2.5339370078740155
20
-4.4204724409448817
11
2.536831220472441
21
-4.4206146062992122
0
LINE
8
BLACK
6
CONTINUOUS
10
2.5958863385826771
20
-4.3206146062992126
11
2.6015635433070865
21
-4.3217438976377949
0
LINE
8
BLACK
6
CONTINUOUS
10
2.6015635433070865
20
-4.3217438976377949
11
2.6069113385826772
21
-4.3239590157480317
0
LINE
8
BLACK
6
CONTINUOUS
10
2.6069113385826772
20
-4.3239590157480317
11
2.6117242125984252
21
-4.3271748818897633
0
LINE
8
BLACK
6
CONTINUOUS
10
2.6117242125984252
20
-4.3271748818897633
11
2.615817244094488
21
-4.331267913385827
0
LINE
8
BLACK
6
CONTINUOUS
10
2.615817244094488
20
-4.331267913385827
11
2.6190331102362205
21
-4.336080787401575
0
LINE
8
BLACK
6
CONTINUOUS
10
2.6190331102362205
20
-4.336080787401575
11
2.6212482283464564
21
-4.3414285826771657
0
LINE
8
BLACK
6
CONTINUOUS
10
2.6212482283464564
20
-4.3414285826771657
11
2.6223775196850392
21
-4.347105787401575
0
LINE
8
BLACK
6
CONTINUOUS
10
2.6223775196850392
20
-4.347105787401575
11
2.6223775196850392
21
-4.3528942125984251
0
LINE
8
BLACK
6
CONTINUOUS
10
2.6223775196850392
20
-4.3528942125984251
11
2.6212482283464564
21
-4.3585714173228345
0
LINE
8
BLACK
6
CONTINUOUS
10
2.6212482283464564
20
-4.3585714173228345
11
2.6190331102362205
21
-4.3639192125984252
0
LINE
8
BLACK
6
CONTINUOUS
10
2.6190331102362205
20
-4.3639192125984252
11
2.615817244094488
21
-4.3687320866141732
0
LINE
8
BLACK
6
CONTINUOUS
10
2.615817244094488
20
-4.3687320866141732
11
2.6117242125984252
21
-4.372825118110236
0
LINE
8
BLACK
6
CONTINUOUS
10
2.6117242125984252
20
-4.372825118110236
11
2.6084692519685038
21
-4.375
0
LINE
8
BLACK
6
CONTINUOUS
10
2.6084692519685038
20
-4.375
11
2.6117242125984252
21
-4.377174881889764
0
LINE
8
BLACK
6
CONTINUOUS
10
2.6117242125984252
20
-4.377174881889764
11
2.615817244094488
21
-4.3812679133858268
0
LINE
8
BLACK
6
CONTINUOUS
10
2.615817244094488
20
-4.3812679133858268
11
2.6190331102362205
21
-4.3860807874015748
0
LINE
8
BLACK
6
CONTINUOUS
10
2.6190331102362205
20
-4.3860807874015748
11
2.6212482283464564
21
-4.3914285826771655
0
LINE
8
BLACK
6
CONTINUOUS
10
2.6212482283464564
20
-4.3914285826771655
11
2.6223775196850392
21
-4.3971057874015749
0
LINE
8
BLACK
6
CONTINUOUS
10
2.6223775196850392
20
-4.3971057874015749
11
2.6223775196850392
21
-4.402894212598425
0
LINE
8
BLACK
6
CONTINUOUS
10
2.6223775196850392
20
-4.402894212598425
11
2.6212482283464564
21
-4.4085714173228343
0
LINE
8
BLACK
6
CONTINUOUS
10
2.6212482283464564
20
-4.4085714173228343
11
2.6190331102362205
21
-4.413919212598425
0
LINE
8
BLACK
6
CONTINUOUS
10
2.6190331102362205
20
-4.413919212598425
11
2.615817244094488
21
-4.418732086614173
0
LINE
8
BLACK
6
CONTINUOUS
10
2.615817244094488
20
-4.418732086614173
11
2.6117242125984252
21
-4.4228251181102358
0
LINE
8
BLACK
6
CONTINUOUS
10
2.6117242125984252
20
-4.4228251181102358
11
2.6069113385826772
21
-4.4260409842519683
0
LINE
8
BLACK
6
CONTINUOUS
10
2.6069113385826772
20
-4.4260409842519683
11
2.6015635433070865
21
-4.4282561023622042
0
LINE
8
BLACK
6
CONTINUOUS
10
2.6015635433070865
20
-4.4282561023622042
11
2.5958863385826771
21
-4.4293853937007874
0
LINE
8
BLACK
6
CONTINUOUS
10
2.5958863385826771
20
-4.4293853937007874
11
2.5929921259842521
21
-4.429527559055118
0
LINE
8
BLACK
6
CONTINUOUS
10
2.5929921259842521
20
-4.429527559055118
11
2.5851181102362206
21
-4.429527559055118
0
LINE
8
BLACK
6
CONTINUOUS
10
2.5851181102362206
20
-4.429527559055118
11
2.5822238976377951
21
-4.4293853937007874
0
LINE
8
BLACK
6
CONTINUOUS
10
2.5822238976377951
20
-4.4293853937007874
11
2.5765466929133858
21
-4.4282561023622042
0
LINE
8
BLACK
6
CONTINUOUS
10
2.5765466929133858
20
-4.4282561023622042
11
2.5711988976377951
21
-4.4260409842519683
0
LINE
8
BLACK
6
CONTINUOUS
10
2.5711988976377951
20
-4.4260409842519683
11
2.566386023622047
21
-4.4228251181102358
0
LINE
8
BLACK
6
CONTINUOUS
10
2.566386023622047
20
-4.4228251181102358
11
2.5622929921259843
21
-4.418732086614173
0
LINE
8
BLACK
6
CONTINUOUS
10
2.5622929921259843
20
-4.418732086614173
11
2.5590771259842517
21
-4.413919212598425
0
LINE
8
BLACK
6
CONTINUOUS
10
2.5590771259842517
20
-4.413919212598425
11
2.5568620078740159
21
-4.4085714173228343
0
LINE
8
BLACK
6
CONTINUOUS
10
2.5568620078740159
20
-4.4085714173228343
11
2.5557327165354331
21
-4.402894212598425
0
LINE
8
BLACK
6
CONTINUOUS
10
2.5557327165354331
20
-4.402894212598425
11
2.5557327165354331
21
-4.3971057874015749
0
LINE
8
BLACK
6
CONTINUOUS
10
2.5557327165354331
20
-4.3971057874015749
11
2.5568620078740159
21
-4.3914285826771655
0
LINE
8
BLACK
6
CONTINUOUS
10
2.5568620078740159
20
-4.3914285826771655
11
2.5590771259842517
21
-4.3860807874015748
0
LINE
8
BLACK
6
CONTINUOUS
10
2.5590771259842517
20
-4.3860807874015748
11
2.5622929921259843
21
-4.3812679133858268
0
LINE
8
BLACK
6
CONTINUOUS
10
2.5622929921259843
20
-4.3812679133858268
11
2.566386023622047
21
-4.377174881889764
0
LINE
8
BLACK
6
CONTINUOUS
10
2.566386023622047
20
-4.377174881889764
11
2.5696409448818898
21
-4.375
0
LINE
8
BLACK
6
CONTINUOUS
10
2.5696409448818898
20
-4.375
11
2.566386023622047
21
-4.372825118110236
0
LINE
8
BLACK
6
CONTINUOUS
10
2.566386023622047
20
-4.372825118110236
11
2.5622929921259843
21
-4.3687320866141732
0
LINE
8
BLACK
6
CONTINUOUS
10
2.5622929921259843
20
-4.3687320866141732
11
2.5590771259842517
21
-4.3639192125984252
0
LINE
8
BLACK
6
CONTINUOUS
10
2.5590771259842517
20
-4.3639192125984252
11
2.5568620078740159
21
-4.3585714173228345
0
LINE
8
BLACK
6
CONTINUOUS
10
2.5568620078740159
20
-4.3585714173228345
11
2.5557327165354331
21
-4.3528942125984251
0
LINE
8
BLACK
6
CONTINUOUS
10
2.5557327165354331
20
-4.3528942125984251
11
2.5557327165354331
21
-4.347105787401575
0
LINE
8
BLACK
6
CONTINUOUS
10
2.5557327165354331
20
-4.347105787401575
11
2.5568620078740159
21
-4.3414285826771657
0
LINE
8
BLACK
6
CONTINUOUS
10
2.5568620078740159
20
-4.3414285826771657
11
2.5590771259842517
21
-4.336080787401575
0
LINE
8
BLACK
6
CONTINUOUS
10
2.5590771259842517
20
-4.336080787401575
11
2.5622929921259843
21
-4.331267913385827
0
LINE
8
BLACK
6
CONTINUOUS
10
2.5622929921259843
20
-4.331267913385827
11
2.566386023622047
21
-4.3271748818897633
0
LINE
8
BLACK
6
CONTINUOUS
10
2.566386023622047
20
-4.3271748818897633
11
2.5711988976377951
21
-4.3239590157480317
0
LINE
8
BLACK
6
CONTINUOUS
10
2.5711988976377951
20
-4.3239590157480317
11
2.5765466929133858
21
-4.3217438976377949
0
LINE
8
BLACK
6
CONTINUOUS
10
2.5765466929133858
20
-4.3217438976377949
11
2.5822238976377951
21
-4.3206146062992126
0
LINE
8
BLACK
6
CONTINUOUS
10
2.5822238976377951
20
-4.3206146062992126
11
2.5851181102362206
21
-4.320472440944882
0
LINE
8
BLACK
6
CONTINUOUS
10
2.5851181102362206
20
-4.320472440944882
11
2.5929921259842521
21
-4.320472440944882
0
LINE
8
BLACK
6
CONTINUOUS
10
2.5929921259842521
20
-4.320472440944882
11
2.5958863385826771
21
-4.3206146062992126
0
LINE
8
BLACK
6
CONTINUOUS
10
4.3950130708661419
20
-4.3462126377952757
11
4.3996775196850395
21
-4.3485892913385822
0
LINE
8
BLACK
6
CONTINUOUS
10
4.3996775196850395
20
-4.3485892913385822
11
4.4033792125984252
21
-4.3522909842519688
0
LINE
8
BLACK
6
CONTINUOUS
10
4.4033792125984252
20
-4.3522909842519688
11
4.4057558661417318
21
-4.3569554330708664
0
LINE
8
BLACK
6
CONTINUOUS
10
4.4057558661417318
20
-4.3569554330708664
11
4.4065748031496064
21
-4.3621259842519686
0
LINE
8
BLACK
6
CONTINUOUS
10
4.4065748031496064
20
-4.3621259842519686
11
4.4065748031496064
21
-4.379842519685039
0
LINE
8
BLACK
6
CONTINUOUS
10
4.4065748031496064
20
-4.379842519685039
11
4.4057558661417318
21
-4.3850130708661412
0
LINE
8
BLACK
6
CONTINUOUS
10
4.4057558661417318
20
-4.3850130708661412
11
4.4033792125984252
21
-4.3896775196850388
0
LINE
8
BLACK
6
CONTINUOUS
10
4.4033792125984252
20
-4.3896775196850388
11
4.3996775196850395
21
-4.3933792125984255
0
LINE
8
BLACK
6
CONTINUOUS
10
4.3996775196850395
20
-4.3933792125984255
11
4.3950130708661419
21
-4.395755866141732
0
LINE
8
BLACK
6
CONTINUOUS
10
4.3950130708661419
20
-4.395755866141732
11
4.3898425196850397
21
-4.3965748031496066
0
LINE
8
BLACK
6
CONTINUOUS
10
4.3898425196850397
20
-4.3965748031496066
11
4.3701574803149601
21
-4.3965748031496066
0
LINE
8
BLACK
6
CONTINUOUS
10
4.3701574803149601
20
-4.3965748031496066
11
4.3649869291338579
21
-4.395755866141732
0
LINE
8
BLACK
6
CONTINUOUS
10
4.3649869291338579
20
-4.395755866141732
11
4.3603224803149603
21
-4.3933792125984255
0
LINE
8
BLACK
6
CONTINUOUS
10
4.3603224803149603
20
-4.3933792125984255
11
4.3566207874015745
21
-4.3896775196850388
0
LINE
8
BLACK
6
CONTINUOUS
10
4.3566207874015745
20
-4.3896775196850388
11
4.354244133858268
21
-4.3850130708661412
0
LINE
8
BLACK
6
CONTINUOUS
10
4.354244133858268
20
-4.3850130708661412
11
4.3534251968503934
21
-4.379842519685039
0
LINE
8
BLACK
6
CONTINUOUS
10
4.3534251968503934
20
-4.379842519685039
11
4.3534251968503934
21
-4.3621259842519686
0
LINE
8
BLACK
6
CONTINUOUS
10
4.3534251968503934
20
-4.3621259842519686
11
4.354244133858268
21
-4.3569554330708664
0
LINE
8
BLACK
6
CONTINUOUS
10
4.354244133858268
20
-4.3569554330708664
11
4.3566207874015745
21
-4.3522909842519688
0
LINE
8
BLACK
6
CONTINUOUS
10
4.3566207874015745
20
-4.3522909842519688
11
4.3603224803149603
21
-4.3485892913385822
0
LINE
8
BLACK
6
CONTINUOUS
10
4.3603224803149603
20
-4.3485892913385822
11
4.3649869291338579
21
-4.3462126377952757
0
LINE
8
BLACK
6
CONTINUOUS
10
4.3649869291338579
20
-4.3462126377952757
11
4.3701574803149601
21
-4.3453937007874011
0
LINE
8
BLACK
6
CONTINUOUS
10
4.3701574803149601
20
-4.3453937007874011
11
4.3898425196850397
21
-4.3453937007874011
0
LINE
8
BLACK
6
CONTINUOUS
10
4.3898425196850397
20
-4.3453937007874011
11
4.3950130708661419
21
-4.3462126377952757
0
LINE
8
BLACK
6
CONTINUOUS
10
4.3356931889763777
20
-4.3496290157480315
11
4.3400832283464563
21
-4.3518658661417318
0
LINE
8
BLACK
6
CONTINUOUS
10
4.3400832283464563
20
-4.3518658661417318
11
4.3435672047244092
21
-4.3553498425196846
0
LINE
8
BLACK
6
CONTINUOUS
10
4.3435672047244092
20
-4.3553498425196846
11
4.3458040551181103
21
-4.3597398818897632
0
LINE
8
BLACK
6
CONTINUOUS
10
4.3458040551181103
20
-4.3597398818897632
11
4.3465748031496059
21
-4.364606299212598
0
LINE
8
BLACK
6
CONTINUOUS
10
4.3465748031496059
20
-4.364606299212598
11
4.3465748031496059
21
-4.380354330708661
0
LINE
8
BLACK
6
CONTINUOUS
10
4.3465748031496059
20
-4.380354330708661
11
4.3458040551181103
21
-4.3852207480314958
0
LINE
8
BLACK
6
CONTINUOUS
10
4.3458040551181103
20
-4.3852207480314958
11
4.3435672047244092
21
-4.3896107874015744
0
LINE
8
BLACK
6
CONTINUOUS
10
4.3435672047244092
20
-4.3896107874015744
11
4.3400832283464563
21
-4.3930947637795272
0
LINE
8
BLACK
6
CONTINUOUS
10
4.3400832283464563
20
-4.3930947637795272
11
4.3356931889763777
21
-4.3953316141732284
0
LINE
8
BLACK
6
CONTINUOUS
10
4.3356931889763777
20
-4.3953316141732284
11
4.3308267716535429
21
-4.3961023622047239
0
LINE
8
BLACK
6
CONTINUOUS
10
4.3308267716535429
20
-4.3961023622047239
11
4.3091732283464568
21
-4.3961023622047239
0
LINE
8
BLACK
6
CONTINUOUS
10
4.3091732283464568
20
-4.3961023622047239
11
4.304306811023622
21
-4.3953316141732284
0
LINE
8
BLACK
6
CONTINUOUS
10
4.304306811023622
20
-4.3953316141732284
11
4.2999167716535434
21
-4.3930947637795272
0
LINE
8
BLACK
6
CONTINUOUS
10
4.2999167716535434
20
-4.3930947637795272
11
4.2964327952755905
21
-4.3896107874015744
0
LINE
8
BLACK
6
CONTINUOUS
10
4.2964327952755905
20
-4.3896107874015744
11
4.2941959448818894
21
-4.3852207480314958
0
LINE
8
BLACK
6
CONTINUOUS
10
4.2941959448818894
20
-4.3852207480314958
11
4.2934251968503938
21
-4.380354330708661
0
LINE
8
BLACK
6
CONTINUOUS
10
4.2934251968503938
20
-4.380354330708661
11
4.2934251968503938
21
-4.364606299212598
0
LINE
8
BLACK
6
CONTINUOUS
10
4.2934251968503938
20
-4.364606299212598
11
4.2941959448818894
21
-4.3597398818897632
0
LINE
8
BLACK
6
CONTINUOUS
10
4.2941959448818894
20
-4.3597398818897632
11
4.2964327952755905
21
-4.3553498425196846
0
LINE
8
BLACK
6
CONTINUOUS
10
4.2964327952755905
20
-4.3553498425196846
11
4.2999167716535434
21
-4.3518658661417318
0
LINE
8
BLACK
6
CONTINUOUS
10
4.2999167716535434
20
-4.3518658661417318
11
4.304306811023622
21
-4.3496290157480315
0
LINE
8
BLACK
6
CONTINUOUS
10
4.304306811023622
20
-4.3496290157480315
11
4.3091732283464568
21
-4.3488582677165351
0
LINE
8
BLACK
6
CONTINUOUS
10
4.3091732283464568
20
-4.3488582677165351
11
4.3308267716535429
21
-4.3488582677165351
0
LINE
8
BLACK
6
CONTINUOUS
10
4.3308267716535429
20
-4.3488582677165351
11
4.3356931889763777
21
-4.3496290157480315
0
LINE
8
BLACK
6
CONTINUOUS
10
3.7231707480314959
20
-4.3150875590551179
11
3.7257252362204722
21
-4.3167944488188974
0
LINE
8
BLACK
6
CONTINUOUS
10
3.7257252362204722
20
-4.3167944488188974
11
3.7274321259842518
21
-4.3193489370078737
0
LINE
8
BLACK
6
CONTINUOUS
10
3.7274321259842518
20
-4.3193489370078737
11
3.7280314960629921
21
-4.322362204724409
0
LINE
8
BLACK
6
CONTINUOUS
10
3.7280314960629921
20
-4.322362204724409
11
3.7280314960629921
21
-4.3823622047244095
0
LINE
8
BLACK
6
CONTINUOUS
10
3.7280314960629921
20
-4.3823622047244095
11
3.7274321259842518
21
-4.3853754724409448
0
LINE
8
BLACK
6
CONTINUOUS
10
3.7274321259842518
20
-4.3853754724409448
11
3.7257252362204722
21
-4.3879299606299211
0
LINE
8
BLACK
6
CONTINUOUS
10
3.7257252362204722
20
-4.3879299606299211
11
3.7231707480314959
21
-4.3896368503937007
0
LINE
8
BLACK
6
CONTINUOUS
10
3.7231707480314959
20
-4.3896368503937007
11
3.7201574803149606
21
-4.390236220472441
0
LINE
8
BLACK
6
CONTINUOUS
10
3.7201574803149606
20
-4.390236220472441
11
3.6601574803149606
21
-4.390236220472441
0
LINE
8
BLACK
6
CONTINUOUS
10
3.6601574803149606
20
-4.390236220472441
11
3.6571442125984253
21
-4.3896368503937007
0
LINE
8
BLACK
6
CONTINUOUS
10
3.6571442125984253
20
-4.3896368503937007
11
3.6545897244094485
21
-4.3879299606299211
0
LINE
8
BLACK
6
CONTINUOUS
10
3.6545897244094485
20
-4.3879299606299211
11
3.6528828346456694
21
-4.3853754724409448
0
LINE
8
BLACK
6
CONTINUOUS
10
3.6528828346456694
20
-4.3853754724409448
11
3.6522834645669291
21
-4.3823622047244095
0
LINE
8
BLACK
6
CONTINUOUS
10
3.6522834645669291
20
-4.3823622047244095
11
3.6522834645669291
21
-4.322362204724409
0
LINE
8
BLACK
6
CONTINUOUS
10
3.6522834645669291
20
-4.322362204724409
11
3.6528828346456694
21
-4.3193489370078737
0
LINE
8
BLACK
6
CONTINUOUS
10
3.6528828346456694
20
-4.3193489370078737
11
3.6545897244094485
21
-4.3167944488188974
0
LINE
8
BLACK
6
CONTINUOUS
10
3.6545897244094485
20
-4.3167944488188974
11
3.6571442125984253
21
-4.3150875590551179
0
LINE
8
BLACK
6
CONTINUOUS
10
3.6571442125984253
20
-4.3150875590551179
11
3.6601574803149606
21
-4.3144881889763775
0
LINE
8
BLACK
6
CONTINUOUS
10
3.6601574803149606
20
-4.3144881889763775
11
3.7201574803149606
21
-4.3144881889763775
0
LINE
8
BLACK
6
CONTINUOUS
10
3.7201574803149606
20
-4.3144881889763775
11
3.7231707480314959
21
-4.3150875590551179
0
LINE
8
BLACK
6
CONTINUOUS
10
3.8102886614173226
20
-4.3207008267716533
11
3.8149531102362202
21
-4.3230774803149608
0
LINE
8
BLACK
6
CONTINUOUS
10
3.8149531102362202
20
-4.3230774803149608
11
3.8186548031496064
21
-4.3267791732283465
0
LINE
8
BLACK
6
CONTINUOUS
10
3.8186548031496064
20
-4.3267791732283465
11
3.8210314566929133
21
-4.3314436220472441
0
LINE
8
BLACK
6
CONTINUOUS
10
3.8210314566929133
20
-4.3314436220472441
11
3.8218503937007875
21
-4.3366141732283463
0
LINE
8
BLACK
6
CONTINUOUS
10
3.8218503937007875
20
-4.3366141732283463
11
3.8218503937007875
21
-4.3543307086614176
0
LINE
8
BLACK
6
CONTINUOUS
10
3.8218503937007875
20
-4.3543307086614176
11
3.8210314566929133
21
-4.3595012598425198
0
LINE
8
BLACK
6
CONTINUOUS
10
3.8210314566929133
20
-4.3595012598425198
11
3.8186548031496064
21
-4.3641657086614174
0
LINE
8
BLACK
6
CONTINUOUS
10
3.8186548031496064
20
-4.3641657086614174
11
3.8149531102362202
21
-4.3678674015748031
0
LINE
8
BLACK
6
CONTINUOUS
10
3.8149531102362202
20
-4.3678674015748031
11
3.8102886614173226
21
-4.3702440551181105
0
LINE
8
BLACK
6
CONTINUOUS
10
3.8102886614173226
20
-4.3702440551181105
11
3.8051181102362204
21
-4.3710629921259843
0
LINE
8
BLACK
6
CONTINUOUS
10
3.8051181102362204
20
-4.3710629921259843
11
3.7854330708661417
21
-4.3710629921259843
0
LINE
8
BLACK
6
CONTINUOUS
10
3.7854330708661417
20
-4.3710629921259843
11
3.7802625196850395
21
-4.3702440551181105
0
LINE
8
BLACK
6
CONTINUOUS
10
3.7802625196850395
20
-4.3702440551181105
11
3.7755980708661419
21
-4.3678674015748031
0
LINE
8
BLACK
6
CONTINUOUS
10
3.7755980708661419
20
-4.3678674015748031
11
3.7718963779527557
21
-4.3641657086614174
0
LINE
8
BLACK
6
CONTINUOUS
10
3.7718963779527557
20
-4.3641657086614174
11
3.7695197244094487
21
-4.3595012598425198
0
LINE
8
BLACK
6
CONTINUOUS
10
3.7695197244094487
20
-4.3595012598425198
11
3.7687007874015745
21
-4.3543307086614176
0
LINE
8
BLACK
6
CONTINUOUS
10
3.7687007874015745
20
-4.3543307086614176
11
3.7687007874015745
21
-4.3366141732283463
0
LINE
8
BLACK
6
CONTINUOUS
10
3.7687007874015745
20
-4.3366141732283463
11
3.7695197244094487
21
-4.3314436220472441
0
LINE
8
BLACK
6
CONTINUOUS
10
3.7695197244094487
20
-4.3314436220472441
11
3.7718963779527557
21
-4.3267791732283465
0
LINE
8
BLACK
6
CONTINUOUS
10
3.7718963779527557
20
-4.3267791732283465
11
3.7755980708661419
21
-4.3230774803149608
0
LINE
8
BLACK
6
CONTINUOUS
10
3.7755980708661419
20
-4.3230774803149608
11
3.7802625196850395
21
-4.3207008267716533
0
LINE
8
BLACK
6
CONTINUOUS
10
3.7802625196850395
20
-4.3207008267716533
11
3.7854330708661417
21
-4.3198818897637796
0
LINE
8
BLACK
6
CONTINUOUS
10
3.7854330708661417
20
-4.3198818897637796
11
3.8051181102362204
21
-4.3198818897637796
0
LINE
8
BLACK
6
CONTINUOUS
10
3.8051181102362204
20
-4.3198818897637796
11
3.8102886614173226
21
-4.3207008267716533
0
LINE
8
BLACK
6
CONTINUOUS
10
3.8929658267716536
20
-4.3207008267716533
11
3.8976302755905512
21
-4.3230774803149608
0
LINE
8
BLACK
6
CONTINUOUS
10
3.8976302755905512
20
-4.3230774803149608
11
3.9013319685039369
21
-4.3267791732283465
0
LINE
8
BLACK
6
CONTINUOUS
10
3.9013319685039369
20
-4.3267791732283465
11
3.9037086220472439
21
-4.3314436220472441
0
LINE
8
BLACK
6
CONTINUOUS
10
3.9037086220472439
20
-4.3314436220472441
11
3.9045275590551181
21
-4.3366141732283463
0
LINE
8
BLACK
6
CONTINUOUS
10
3.9045275590551181
20
-4.3366141732283463
11
3.9045275590551181
21
-4.3543307086614176
0
LINE
8
BLACK
6
CONTINUOUS
10
3.9045275590551181
20
-4.3543307086614176
11
3.9037086220472439
21
-4.3595012598425198
0
LINE
8
BLACK
6
CONTINUOUS
10
3.9037086220472439
20
-4.3595012598425198
11
3.9013319685039369
21
-4.3641657086614174
0
LINE
8
BLACK
6
CONTINUOUS
10
3.9013319685039369
20
-4.3641657086614174
11
3.8976302755905512
21
-4.3678674015748031
0
LINE
8
BLACK
6
CONTINUOUS
10
3.8976302755905512
20
-4.3678674015748031
11
3.8929658267716536
21
-4.3702440551181105
0
LINE
8
BLACK
6
CONTINUOUS
10
3.8929658267716536
20
-4.3702440551181105
11
3.8877952755905509
21
-4.3710629921259843
0
LINE
8
BLACK
6
CONTINUOUS
10
3.8877952755905509
20
-4.3710629921259843
11
3.8681102362204722
21
-4.3710629921259843
0
LINE
8
BLACK
6
CONTINUOUS
10
3.8681102362204722
20
-4.3710629921259843
11
3.86293968503937
21
-4.3702440551181105
0
LINE
8
BLACK
6
CONTINUOUS
10
3.86293968503937
20
-4.3702440551181105
11
3.8582752362204724
21
-4.3678674015748031
0
LINE
8
BLACK
6
CONTINUOUS
10
3.8582752362204724
20
-4.3678674015748031
11
3.8545735433070867
21
-4.3641657086614174
0
LINE
8
BLACK
6
CONTINUOUS
10
3.8545735433070867
20
-4.3641657086614174
11
3.8521968897637793
21
-4.3595012598425198
0
LINE
8
BLACK
6
CONTINUOUS
10
3.8521968897637793
20
-4.3595012598425198
11
3.8513779527559056
21
-4.3543307086614176
0
LINE
8
BLACK
6
CONTINUOUS
10
3.8513779527559056
20
-4.3543307086614176
11
3.8513779527559056
21
-4.3366141732283463
0
LINE
8
BLACK
6
CONTINUOUS
10
3.8513779527559056
20
-4.3366141732283463
11
3.8521968897637793
21
-4.3314436220472441
0
LINE
8
BLACK
6
CONTINUOUS
10
3.8521968897637793
20
-4.3314436220472441
11
3.8545735433070867
21
-4.3267791732283465
0
LINE
8
BLACK
6
CONTINUOUS
10
3.8545735433070867
20
-4.3267791732283465
11
3.8582752362204724
21
-4.3230774803149608
0
LINE
8
BLACK
6
CONTINUOUS
10
3.8582752362204724
20
-4.3230774803149608
11
3.86293968503937
21
-4.3207008267716533
0
LINE
8
BLACK
6
CONTINUOUS
10
3.86293968503937
20
-4.3207008267716533
11
3.8681102362204722
21
-4.3198818897637796
0
LINE
8
BLACK
6
CONTINUOUS
10
3.8681102362204722
20
-4.3198818897637796
11
3.8877952755905509
21
-4.3198818897637796
0
LINE
8
BLACK
6
CONTINUOUS
10
3.8877952755905509
20
-4.3198818897637796
11
3.8929658267716536
21
-4.3207008267716533
0
LINE
8
BLACK
6
CONTINUOUS
10
3.5750524409448818
20
-4.3128268110236219
11
3.5797168897637794
21
-4.3152034645669293
0
LINE
8
BLACK
6
CONTINUOUS
10
3.5797168897637794
20
-4.3152034645669293
11
3.5834185826771652
21
-4.318905157480315
0
LINE
8
BLACK
6
CONTINUOUS
10
3.5834185826771652
20
-4.318905157480315
11
3.5857952362204721
21
-4.3235696062992126
0
LINE
8
BLACK
6
CONTINUOUS
10
3.5857952362204721
20
-4.3235696062992126
11
3.5866141732283463
21
-4.3287401574803148
0
LINE
8
BLACK
6
CONTINUOUS
10
3.5866141732283463
20
-4.3287401574803148
11
3.5866141732283463
21
-4.3484251968503935
0
LINE
8
BLACK
6
CONTINUOUS
10
3.5866141732283463
20
-4.3484251968503935
11
3.5857952362204721
21
-4.3535957480314957
0
LINE
8
BLACK
6
CONTINUOUS
10
3.5857952362204721
20
-4.3535957480314957
11
3.5834185826771652
21
-4.3582601968503933
0
LINE
8
BLACK
6
CONTINUOUS
10
3.5834185826771652
20
-4.3582601968503933
11
3.5797168897637794
21
-4.3619618897637791
0
LINE
8
BLACK
6
CONTINUOUS
10
3.5797168897637794
20
-4.3619618897637791
11
3.5750524409448818
21
-4.3643385433070865
0
LINE
8
BLACK
6
CONTINUOUS
10
3.5750524409448818
20
-4.3643385433070865
11
3.5698818897637796
21
-4.3651574803149602
0
LINE
8
BLACK
6
CONTINUOUS
10
3.5698818897637796
20
-4.3651574803149602
11
3.5521653543307088
21
-4.3651574803149602
0
LINE
8
BLACK
6
CONTINUOUS
10
3.5521653543307088
20
-4.3651574803149602
11
3.5469948031496061
21
-4.3643385433070865
0
LINE
8
BLACK
6
CONTINUOUS
10
3.5469948031496061
20
-4.3643385433070865
11
3.5423303543307085
21
-4.3619618897637791
0
LINE
8
BLACK
6
CONTINUOUS
10
3.5423303543307085
20
-4.3619618897637791
11
3.5386286614173228
21
-4.3582601968503933
0
LINE
8
BLACK
6
CONTINUOUS
10
3.5386286614173228
20
-4.3582601968503933
11
3.5362520078740158
21
-4.3535957480314957
0
LINE
8
BLACK
6
CONTINUOUS
10
3.5362520078740158
20
-4.3535957480314957
11
3.5354330708661417
21
-4.3484251968503935
0
LINE
8
BLACK
6
CONTINUOUS
10
3.5354330708661417
20
-4.3484251968503935
11
3.5354330708661417
21
-4.3287401574803148
0
LINE
8
BLACK
6
CONTINUOUS
10
3.5354330708661417
20
-4.3287401574803148
11
3.5362520078740158
21
-4.3235696062992126
0
LINE
8
BLACK
6
CONTINUOUS
10
3.5362520078740158
20
-4.3235696062992126
11
3.5386286614173228
21
-4.318905157480315
0
LINE
8
BLACK
6
CONTINUOUS
10
3.5386286614173228
20
-4.318905157480315
11
3.5423303543307085
21
-4.3152034645669293
0
LINE
8
BLACK
6
CONTINUOUS
10
3.5423303543307085
20
-4.3152034645669293
11
3.5469948031496061
21
-4.3128268110236219
0
LINE
8
BLACK
6
CONTINUOUS
10
3.5469948031496061
20
-4.3128268110236219
11
3.5521653543307088
21
-4.3120078740157481
0
LINE
8
BLACK
6
CONTINUOUS
10
3.5521653543307088
20
-4.3120078740157481
11
3.5698818897637796
21
-4.3120078740157481
0
LINE
8
BLACK
6
CONTINUOUS
10
3.5698818897637796
20
-4.3120078740157481
11
3.5750524409448818
21
-4.3128268110236219
0
LINE
8
BLACK
6
CONTINUOUS
10
3.6360760629921258
20
-4.3128268110236219
11
3.6407405118110234
21
-4.3152034645669293
0
LINE
8
BLACK
6
CONTINUOUS
10
3.6407405118110234
20
-4.3152034645669293
11
3.6444422047244092
21
-4.318905157480315
0
LINE
8
BLACK
6
CONTINUOUS
10
3.6444422047244092
20
-4.318905157480315
11
3.6468188582677166
21
-4.3235696062992126
0
LINE
8
BLACK
6
CONTINUOUS
10
3.6468188582677166
20
-4.3235696062992126
11
3.6476377952755903
21
-4.3287401574803148
0
LINE
8
BLACK
6
CONTINUOUS
10
3.6476377952755903
20
-4.3287401574803148
11
3.6476377952755903
21
-4.3484251968503935
0
LINE
8
BLACK
6
CONTINUOUS
10
3.6476377952755903
20
-4.3484251968503935
11
3.6468188582677166
21
-4.3535957480314957
0
LINE
8
BLACK
6
CONTINUOUS
10
3.6468188582677166
20
-4.3535957480314957
11
3.6444422047244092
21
-4.3582601968503933
0
LINE
8
BLACK
6
CONTINUOUS
10
3.6444422047244092
20
-4.3582601968503933
11
3.6407405118110234
21
-4.3619618897637791
0
LINE
8
BLACK
6
CONTINUOUS
10
3.6407405118110234
20
-4.3619618897637791
11
3.6360760629921258
21
-4.3643385433070865
0
LINE
8
BLACK
6
CONTINUOUS
10
3.6360760629921258
20
-4.3643385433070865
11
3.6309055118110236
21
-4.3651574803149602
0
LINE
8
BLACK
6
CONTINUOUS
10
3.6309055118110236
20
-4.3651574803149602
11
3.6131889763779528
21
-4.3651574803149602
0
LINE
8
BLACK
6
CONTINUOUS
10
3.6131889763779528
20
-4.3651574803149602
11
3.6080184251968501
21
-4.3643385433070865
0
LINE
8
BLACK
6
CONTINUOUS
10
3.6080184251968501
20
-4.3643385433070865
11
3.6033539763779525
21
-4.3619618897637791
0
LINE
8
BLACK
6
CONTINUOUS
10
3.6033539763779525
20
-4.3619618897637791
11
3.5996522834645668
21
-4.3582601968503933
0
LINE
8
BLACK
6
CONTINUOUS
10
3.5996522834645668
20
-4.3582601968503933
11
3.5972756299212598
21
-4.3535957480314957
0
LINE
8
BLACK
6
CONTINUOUS
10
3.5972756299212598
20
-4.3535957480314957
11
3.5964566929133857
21
-4.3484251968503935
0
LINE
8
BLACK
6
CONTINUOUS
10
3.5964566929133857
20
-4.3484251968503935
11
3.5964566929133857
21
-4.3287401574803148
0
LINE
8
BLACK
6
CONTINUOUS
10
3.5964566929133857
20
-4.3287401574803148
11
3.5972756299212598
21
-4.3235696062992126
0
LINE
8
BLACK
6
CONTINUOUS
10
3.5972756299212598
20
-4.3235696062992126
11
3.5996522834645668
21
-4.318905157480315
0
LINE
8
BLACK
6
CONTINUOUS
10
3.5996522834645668
20
-4.318905157480315
11
3.6033539763779525
21
-4.3152034645669293
0
LINE
8
BLACK
6
CONTINUOUS
10
3.6033539763779525
20
-4.3152034645669293
11
3.6080184251968501
21
-4.3128268110236219
0
LINE
8
BLACK
6
CONTINUOUS
10
3.6080184251968501
20
-4.3128268110236219
11
3.6131889763779528
21
-4.3120078740157481
0
LINE
8
BLACK
6
CONTINUOUS
10
3.6131889763779528
20
-4.3120078740157481
11
3.6309055118110236
21
-4.3120078740157481
0
LINE
8
BLACK
6
CONTINUOUS
10
3.6309055118110236
20
-4.3120078740157481
11
3.6360760629921258
21
-4.3128268110236219
0
LINE
8
BLACK
6
CONTINUOUS
10
4.3950130708661419
20
-4.2851890157480312
11
4.3996775196850395
21
-4.2875656692913386
0
LINE
8
BLACK
6
CONTINUOUS
10
4.3996775196850395
20
-4.2875656692913386
11
4.4033792125984252
21
-4.2912673622047244
0
LINE
8
BLACK
6
CONTINUOUS
10
4.4033792125984252
20
-4.2912673622047244
11
4.4057558661417318
21
-4.295931811023622
0
LINE
8
BLACK
6
CONTINUOUS
10
4.4057558661417318
20
-4.295931811023622
11
4.4065748031496064
21
-4.3011023622047242
0
LINE
8
BLACK
6
CONTINUOUS
10
4.4065748031496064
20
-4.3011023622047242
11
4.4065748031496064
21
-4.3188188976377955
0
LINE
8
BLACK
6
CONTINUOUS
10
4.4065748031496064
20
-4.3188188976377955
11
4.4057558661417318
21
-4.3239894488188977
0
LINE
8
BLACK
6
CONTINUOUS
10
4.4057558661417318
20
-4.3239894488188977
11
4.4033792125984252
21
-4.3286538976377953
0
LINE
8
BLACK
6
CONTINUOUS
10
4.4033792125984252
20
-4.3286538976377953
11
4.3996775196850395
21
-4.332355590551181
0
LINE
8
BLACK
6
CONTINUOUS
10
4.3996775196850395
20
-4.332355590551181
11
4.3950130708661419
21
-4.3347322440944884
0
LINE
8
BLACK
6
CONTINUOUS
10
4.3950130708661419
20
-4.3347322440944884
11
4.3898425196850397
21
-4.3355511811023622
0
LINE
8
BLACK
6
CONTINUOUS
10
4.3898425196850397
20
-4.3355511811023622
11
4.3701574803149601
21
-4.3355511811023622
0
LINE
8
BLACK
6
CONTINUOUS
10
4.3701574803149601
20
-4.3355511811023622
11
4.3649869291338579
21
-4.3347322440944884
0
LINE
8
BLACK
6
CONTINUOUS
10
4.3649869291338579
20
-4.3347322440944884
11
4.3603224803149603
21
-4.332355590551181
0
LINE
8
BLACK
6
CONTINUOUS
10
4.3603224803149603
20
-4.332355590551181
11
4.3566207874015745
21
-4.3286538976377953
0
LINE
8
BLACK
6
CONTINUOUS
10
4.3566207874015745
20
-4.3286538976377953
11
4.354244133858268
21
-4.3239894488188977
0
LINE
8
BLACK
6
CONTINUOUS
10
4.354244133858268
20
-4.3239894488188977
11
4.3534251968503934
21
-4.3188188976377955
0
LINE
8
BLACK
6
CONTINUOUS
10
4.3534251968503934
20
-4.3188188976377955
11
4.3534251968503934
21
-4.3011023622047242
0
LINE
8
BLACK
6
CONTINUOUS
10
4.3534251968503934
20
-4.3011023622047242
11
4.354244133858268
21
-4.295931811023622
0
LINE
8
BLACK
6
CONTINUOUS
10
4.354244133858268
20
-4.295931811023622
11
4.3566207874015745
21
-4.2912673622047244
0
LINE
8
BLACK
6
CONTINUOUS
10
4.3566207874015745
20
-4.2912673622047244
11
4.3603224803149603
21
-4.2875656692913386
0
LINE
8
BLACK
6
CONTINUOUS
10
4.3603224803149603
20
-4.2875656692913386
11
4.3649869291338579
21
-4.2851890157480312
0
LINE
8
BLACK
6
CONTINUOUS
10
4.3649869291338579
20
-4.2851890157480312
11
4.3701574803149601
21
-4.2843700787401575
0
LINE
8
BLACK
6
CONTINUOUS
10
4.3701574803149601
20
-4.2843700787401575
11
4.3898425196850397
21
-4.2843700787401575
0
LINE
8
BLACK
6
CONTINUOUS
10
4.3898425196850397
20
-4.2843700787401575
11
4.3950130708661419
21
-4.2851890157480312
0
LINE
8
BLACK
6
CONTINUOUS
10
4.3356931889763777
20
-4.2846683858267713
11
4.3400832283464563
21
-4.2869052362204725
0
LINE
8
BLACK
6
CONTINUOUS
10
4.3400832283464563
20
-4.2869052362204725
11
4.3435672047244092
21
-4.2903892125984253
0
LINE
8
BLACK
6
CONTINUOUS
10
4.3435672047244092
20
-4.2903892125984253
11
4.3458040551181103
21
-4.294779251968504
0
LINE
8
BLACK
6
CONTINUOUS
10
4.3458040551181103
20
-4.294779251968504
11
4.3465748031496059
21
-4.2996456692913387
0
LINE
8
BLACK
6
CONTINUOUS
10
4.3465748031496059
20
-4.2996456692913387
11
4.3465748031496059
21
-4.3153937007874017
0
LINE
8
BLACK
6
CONTINUOUS
10
4.3465748031496059
20
-4.3153937007874017
11
4.3458040551181103
21
-4.3202601181102365
0
LINE
8
BLACK
6
CONTINUOUS
10
4.3458040551181103
20
-4.3202601181102365
11
4.3435672047244092
21
-4.3246501574803151
0
LINE
8
BLACK
6
CONTINUOUS
10
4.3435672047244092
20
-4.3246501574803151
11
4.3400832283464563
21
-4.328134133858268
0
LINE
8
BLACK
6
CONTINUOUS
10
4.3400832283464563
20
-4.328134133858268
11
4.3356931889763777
21
-4.3303709842519682
0
LINE
8
BLACK
6
CONTINUOUS
10
4.3356931889763777
20
-4.3303709842519682
11
4.3308267716535429
21
-4.3311417322834647
0
LINE
8
BLACK
6
CONTINUOUS
10
4.3308267716535429
20
-4.3311417322834647
11
4.3091732283464568
21
-4.3311417322834647
0
LINE
8
BLACK
6
CONTINUOUS
10
4.3091732283464568
20
-4.3311417322834647
11
4.304306811023622
21
-4.3303709842519682
0
LINE
8
BLACK
6
CONTINUOUS
10
4.304306811023622
20
-4.3303709842519682
11
4.2999167716535434
21
-4.328134133858268
0
LINE
8
BLACK
6
CONTINUOUS
10
4.2999167716535434
20
-4.328134133858268
11
4.2964327952755905
21
-4.3246501574803151
0
LINE
8
BLACK
6
CONTINUOUS
10
4.2964327952755905
20
-4.3246501574803151
11
4.2941959448818894
21
-4.3202601181102365
0
LINE
8
BLACK
6
CONTINUOUS
10
4.2941959448818894
20
-4.3202601181102365
11
4.2934251968503938
21
-4.3153937007874017
0
LINE
8
BLACK
6
CONTINUOUS
10
4.2934251968503938
20
-4.3153937007874017
11
4.2934251968503938
21
-4.2996456692913387
0
LINE
8
BLACK
6
CONTINUOUS
10
4.2934251968503938
20
-4.2996456692913387
11
4.2941959448818894
21
-4.294779251968504
0
LINE
8
BLACK
6
CONTINUOUS
10
4.2941959448818894
20
-4.294779251968504
11
4.2964327952755905
21
-4.2903892125984253
0
LINE
8
BLACK
6
CONTINUOUS
10
4.2964327952755905
20
-4.2903892125984253
11
4.2999167716535434
21
-4.2869052362204725
0
LINE
8
BLACK
6
CONTINUOUS
10
4.2999167716535434
20
-4.2869052362204725
11
4.304306811023622
21
-4.2846683858267713
0
LINE
8
BLACK
6
CONTINUOUS
10
4.304306811023622
20
-4.2846683858267713
11
4.3091732283464568
21
-4.2838976377952758
0
LINE
8
BLACK
6
CONTINUOUS
10
4.3091732283464568
20
-4.2838976377952758
11
4.3308267716535429
21
-4.2838976377952758
0
LINE
8
BLACK
6
CONTINUOUS
10
4.3308267716535429
20
-4.2838976377952758
11
4.3356931889763777
21
-4.2846683858267713
0
LINE
8
BLACK
6
CONTINUOUS
10
2.536831220472441
20
-4.2706146062992127
11
2.5425084251968504
21
-4.2717438976377951
0
LINE
8
BLACK
6
CONTINUOUS
10
2.5425084251968504
20
-4.2717438976377951
11
2.5478562204724411
21
-4.2739590157480318
0
LINE
8
BLACK
6
CONTINUOUS
10
2.5478562204724411
20
-4.2739590157480318
11
2.5526690944881891
21
-4.2771748818897635
0
LINE
8
BLACK
6
CONTINUOUS
10
2.5526690944881891
20
-4.2771748818897635
11
2.5567621259842519
21
-4.2812679133858262
0
LINE
8
BLACK
6
CONTINUOUS
10
2.5567621259842519
20
-4.2812679133858262
11
2.559977992125984
21
-4.2860807874015743
0
LINE
8
BLACK
6
CONTINUOUS
10
2.559977992125984
20
-4.2860807874015743
11
2.5621931102362203
21
-4.291428582677165
0
LINE
8
BLACK
6
CONTINUOUS
10
2.5621931102362203
20
-4.291428582677165
11
2.5633224015748031
21
-4.2971057874015743
0
LINE
8
BLACK
6
CONTINUOUS
10
2.5633224015748031
20
-4.2971057874015743
11
2.5633224015748031
21
-4.3028942125984253
0
LINE
8
BLACK
6
CONTINUOUS
10
2.5633224015748031
20
-4.3028942125984253
11
2.5621931102362203
21
-4.3085714173228347
0
LINE
8
BLACK
6
CONTINUOUS
10
2.5621931102362203
20
-4.3085714173228347
11
2.559977992125984
21
-4.3139192125984254
0
LINE
8
BLACK
6
CONTINUOUS
10
2.559977992125984
20
-4.3139192125984254
11
2.5567621259842519
21
-4.3187320866141734
0
LINE
8
BLACK
6
CONTINUOUS
10
2.5567621259842519
20
-4.3187320866141734
11
2.5526690944881891
21
-4.3228251181102362
0
LINE
8
BLACK
6
CONTINUOUS
10
2.5526690944881891
20
-4.3228251181102362
11
2.5478562204724411
21
-4.3260409842519687
0
LINE
8
BLACK
6
CONTINUOUS
10
2.5478562204724411
20
-4.3260409842519687
11
2.5425084251968504
21
-4.3282561023622046
0
LINE
8
BLACK
6
CONTINUOUS
10
2.5425084251968504
20
-4.3282561023622046
11
2.536831220472441
21
-4.3293853937007869
0
LINE
8
BLACK
6
CONTINUOUS
10
2.536831220472441
20
-4.3293853937007869
11
2.5339370078740155
21
-4.3295275590551183
0
LINE
8
BLACK
6
CONTINUOUS
10
2.5339370078740155
20
-4.3295275590551183
11
2.5260629921259841
21
-4.3295275590551183
0
LINE
8
BLACK
6
CONTINUOUS
10
2.5260629921259841
20
-4.3295275590551183
11
2.523168779527559
21
-4.3293853937007869
0
LINE
8
BLACK
6
CONTINUOUS
10
2.523168779527559
20
-4.3293853937007869
11
2.5174915748031497
21
-4.3282561023622046
0
LINE
8
BLACK
6
CONTINUOUS
10
2.5174915748031497
20
-4.3282561023622046
11
2.512143779527559
21
-4.3260409842519687
0
LINE
8
BLACK
6
CONTINUOUS
10
2.512143779527559
20
-4.3260409842519687
11
2.5073309055118109
21
-4.3228251181102362
0
LINE
8
BLACK
6
CONTINUOUS
10
2.5073309055118109
20
-4.3228251181102362
11
2.5032378740157482
21
-4.3187320866141734
0
LINE
8
BLACK
6
CONTINUOUS
10
2.5032378740157482
20
-4.3187320866141734
11
2.5000220078740156
21
-4.3139192125984254
0
LINE
8
BLACK
6
CONTINUOUS
10
2.5000220078740156
20
-4.3139192125984254
11
2.4978068897637793
21
-4.3085714173228347
0
LINE
8
BLACK
6
CONTINUOUS
10
2.4978068897637793
20
-4.3085714173228347
11
2.496677598425197
21
-4.3028942125984253
0
LINE
8
BLACK
6
CONTINUOUS
10
2.496677598425197
20
-4.3028942125984253
11
2.496677598425197
21
-4.2971057874015743
0
LINE
8
BLACK
6
CONTINUOUS
10
2.496677598425197
20
-4.2971057874015743
11
2.4978068897637793
21
-4.291428582677165
0
LINE
8
BLACK
6
CONTINUOUS
10
2.4978068897637793
20
-4.291428582677165
11
2.5000220078740156
21
-4.2860807874015743
0
LINE
8
BLACK
6
CONTINUOUS
10
2.5000220078740156
20
-4.2860807874015743
11
2.5032378740157482
21
-4.2812679133858262
0
LINE
8
BLACK
6
CONTINUOUS
10
2.5032378740157482
20
-4.2812679133858262
11
2.5073309055118109
21
-4.2771748818897635
0
LINE
8
BLACK
6
CONTINUOUS
10
2.5073309055118109
20
-4.2771748818897635
11
2.512143779527559
21
-4.2739590157480318
0
LINE
8
BLACK
6
CONTINUOUS
10
2.512143779527559
20
-4.2739590157480318
11
2.5174915748031497
21
-4.2717438976377951
0
LINE
8
BLACK
6
CONTINUOUS
10
2.5174915748031497
20
-4.2717438976377951
11
2.523168779527559
21
-4.2706146062992127
0
LINE
8
BLACK
6
CONTINUOUS
10
2.523168779527559
20
-4.2706146062992127
11
2.5260629921259841
21
-4.2704724409448822
0
LINE
8
BLACK
6
CONTINUOUS
10
2.5260629921259841
20
-4.2704724409448822
11
2.5339370078740155
21
-4.2704724409448822
0
LINE
8
BLACK
6
CONTINUOUS
10
2.5339370078740155
20
-4.2704724409448822
11
2.536831220472441
21
-4.2706146062992127
0
LINE
8
BLACK
6
CONTINUOUS
10
3.8102886614173226
20
-4.2596772047244089
11
3.8149531102362202
21
-4.2620538582677163
0
LINE
8
BLACK
6
CONTINUOUS
10
3.8149531102362202
20
-4.2620538582677163
11
3.8186548031496064
21
-4.2657555511811021
0
LINE
8
BLACK
6
CONTINUOUS
10
3.8186548031496064
20
-4.2657555511811021
11
3.8210314566929133
21
-4.2704199999999997
0
LINE
8
BLACK
6
CONTINUOUS
10
3.8210314566929133
20
-4.2704199999999997
11
3.8218503937007875
21
-4.2755905511811019
0
LINE
8
BLACK
6
CONTINUOUS
10
3.8218503937007875
20
-4.2755905511811019
11
3.8218503937007875
21
-4.2933070866141732
0
LINE
8
BLACK
6
CONTINUOUS
10
3.8218503937007875
20
-4.2933070866141732
11
3.8210314566929133
21
-4.2984776377952754
0
LINE
8
BLACK
6
CONTINUOUS
10
3.8210314566929133
20
-4.2984776377952754
11
3.8186548031496064
21
-4.303142086614173
0
LINE
8
BLACK
6
CONTINUOUS
10
3.8186548031496064
20
-4.303142086614173
11
3.8149531102362202
21
-4.3068437795275587
0
LINE
8
BLACK
6
CONTINUOUS
10
3.8149531102362202
20
-4.3068437795275587
11
3.8102886614173226
21
-4.3092204330708661
0
LINE
8
BLACK
6
CONTINUOUS
10
3.8102886614173226
20
-4.3092204330708661
11
3.8051181102362204
21
-4.3100393700787398
0
LINE
8
BLACK
6
CONTINUOUS
10
3.8051181102362204
20
-4.3100393700787398
11
3.7854330708661417
21
-4.3100393700787398
0
LINE
8
BLACK
6
CONTINUOUS
10
3.7854330708661417
20
-4.3100393700787398
11
3.7802625196850395
21
-4.3092204330708661
0
LINE
8
BLACK
6
CONTINUOUS
10
3.7802625196850395
20
-4.3092204330708661
11
3.7755980708661419
21
-4.3068437795275587
0
LINE
8
BLACK
6
CONTINUOUS
10
3.7755980708661419
20
-4.3068437795275587
11
3.7718963779527557
21
-4.303142086614173
0
LINE
8
BLACK
6
CONTINUOUS
10
3.7718963779527557
20
-4.303142086614173
11
3.7695197244094487
21
-4.2984776377952754
0
LINE
8
BLACK
6
CONTINUOUS
10
3.7695197244094487
20
-4.2984776377952754
11
3.7687007874015745
21
-4.2933070866141732
0
LINE
8
BLACK
6
CONTINUOUS
10
3.7687007874015745
20
-4.2933070866141732
11
3.7687007874015745
21
-4.2755905511811019
0
LINE
8
BLACK
6
CONTINUOUS
10
3.7687007874015745
20
-4.2755905511811019
11
3.7695197244094487
21
-4.2704199999999997
0
LINE
8
BLACK
6
CONTINUOUS
10
3.7695197244094487
20
-4.2704199999999997
11
3.7718963779527557
21
-4.2657555511811021
0
LINE
8
BLACK
6
CONTINUOUS
10
3.7718963779527557
20
-4.2657555511811021
11
3.7755980708661419
21
-4.2620538582677163
0
LINE
8
BLACK
6
CONTINUOUS
10
3.7755980708661419
20
-4.2620538582677163
11
3.7802625196850395
21
-4.2596772047244089
0
LINE
8
BLACK
6
CONTINUOUS
10
3.7802625196850395
20
-4.2596772047244089
11
3.7854330708661417
21
-4.2588582677165352
0
LINE
8
BLACK
6
CONTINUOUS
10
3.7854330708661417
20
-4.2588582677165352
11
3.8051181102362204
21
-4.2588582677165352
0
LINE
8
BLACK
6
CONTINUOUS
10
3.8051181102362204
20
-4.2588582677165352
11
3.8102886614173226
21
-4.2596772047244089
0
LINE
8
BLACK
6
CONTINUOUS
10
3.8929658267716536
20
-4.2596772047244089
11
3.8976302755905512
21
-4.2620538582677163
0
LINE
8
BLACK
6
CONTINUOUS
10
3.8976302755905512
20
-4.2620538582677163
11
3.9013319685039369
21
-4.2657555511811021
0
LINE
8
BLACK
6
CONTINUOUS
10
3.9013319685039369
20
-4.2657555511811021
11
3.9037086220472439
21
-4.2704199999999997
0
LINE
8
BLACK
6
CONTINUOUS
10
3.9037086220472439
20
-4.2704199999999997
11
3.9045275590551181
21
-4.2755905511811019
0
LINE
8
BLACK
6
CONTINUOUS
10
3.9045275590551181
20
-4.2755905511811019
11
3.9045275590551181
21
-4.2933070866141732
0
LINE
8
BLACK
6
CONTINUOUS
10
3.9045275590551181
20
-4.2933070866141732
11
3.9037086220472439
21
-4.2984776377952754
0
LINE
8
BLACK
6
CONTINUOUS
10
3.9037086220472439
20
-4.2984776377952754
11
3.9013319685039369
21
-4.303142086614173
0
LINE
8
BLACK
6
CONTINUOUS
10
3.9013319685039369
20
-4.303142086614173
11
3.8976302755905512
21
-4.3068437795275587
0
LINE
8
BLACK
6
CONTINUOUS
10
3.8976302755905512
20
-4.3068437795275587
11
3.8929658267716536
21
-4.3092204330708661
0
LINE
8
BLACK
6
CONTINUOUS
10
3.8929658267716536
20
-4.3092204330708661
11
3.8877952755905509
21
-4.3100393700787398
0
LINE
8
BLACK
6
CONTINUOUS
10
3.8877952755905509
20
-4.3100393700787398
11
3.8681102362204722
21
-4.3100393700787398
0
LINE
8
BLACK
6
CONTINUOUS
10
3.8681102362204722
20
-4.3100393700787398
11
3.86293968503937
21
-4.3092204330708661
0
LINE
8
BLACK
6
CONTINUOUS
10
3.86293968503937
20
-4.3092204330708661
11
3.8582752362204724
21
-4.3068437795275587
0
LINE
8
BLACK
6
CONTINUOUS
10
3.8582752362204724
20
-4.3068437795275587
11
3.8545735433070867
21
-4.303142086614173
0
LINE
8
BLACK
6
CONTINUOUS
10
3.8545735433070867
20
-4.303142086614173
11
3.8521968897637793
21
-4.2984776377952754
0
LINE
8
BLACK
6
CONTINUOUS
10
3.8521968897637793
20
-4.2984776377952754
11
3.8513779527559056
21
-4.2933070866141732
0
LINE
8
BLACK
6
CONTINUOUS
10
3.8513779527559056
20
-4.2933070866141732
11
3.8513779527559056
21
-4.2755905511811019
0
LINE
8
BLACK
6
CONTINUOUS
10
3.8513779527559056
20
-4.2755905511811019
11
3.8521968897637793
21
-4.2704199999999997
0
LINE
8
BLACK
6
CONTINUOUS
10
3.8521968897637793
20
-4.2704199999999997
11
3.8545735433070867
21
-4.2657555511811021
0
LINE
8
BLACK
6
CONTINUOUS
10
3.8545735433070867
20
-4.2657555511811021
11
3.8582752362204724
21
-4.2620538582677163
0
LINE
8
BLACK
6
CONTINUOUS
10
3.8582752362204724
20
-4.2620538582677163
11
3.86293968503937
21
-4.2596772047244089
0
LINE
8
BLACK
6
CONTINUOUS
10
3.86293968503937
20
-4.2596772047244089
11
3.8681102362204722
21
-4.2588582677165352
0
LINE
8
BLACK
6
CONTINUOUS
10
3.8681102362204722
20
-4.2588582677165352
11
3.8877952755905509
21
-4.2588582677165352
0
LINE
8
BLACK
6
CONTINUOUS
10
3.8877952755905509
20
-4.2588582677165352
11
3.8929658267716536
21
-4.2596772047244089
0
LINE
8
BLACK
6
CONTINUOUS
10
4.3489491338582678
20
-4.208936338582677
11
4.3559012598425193
21
-4.2118160236220472
0
LINE
8
BLACK
6
CONTINUOUS
10
4.3559012598425193
20
-4.2118160236220472
11
4.3621579921259839
21
-4.2159966535433071
0
LINE
8
BLACK
6
CONTINUOUS
10
4.3621579921259839
20
-4.2159966535433071
11
4.3674789370078742
21
-4.2213175984251965
0
LINE
8
BLACK
6
CONTINUOUS
10
4.3674789370078742
20
-4.2213175984251965
11
4.371659566929134
21
-4.2275743307086611
0
LINE
8
BLACK
6
CONTINUOUS
10
4.371659566929134
20
-4.2275743307086611
11
4.3745392519685042
21
-4.2345264566929135
0
LINE
8
BLACK
6
CONTINUOUS
10
4.3745392519685042
20
-4.2345264566929135
11
4.3760072834645669
21
-4.2419068110236218
0
LINE
8
BLACK
6
CONTINUOUS
10
4.3760072834645669
20
-4.2419068110236218
11
4.3760072834645669
21
-4.2494317716535432
0
LINE
8
BLACK
6
CONTINUOUS
10
4.3760072834645669
20
-4.2494317716535432
11
4.3745392519685042
21
-4.2568121259842515
0
LINE
8
BLACK
6
CONTINUOUS
10
4.3745392519685042
20
-4.2568121259842515
11
4.371659566929134
21
-4.2637642519685039
0
LINE
8
BLACK
6
CONTINUOUS
10
4.371659566929134
20
-4.2637642519685039
11
4.3674789370078742
21
-4.2700209842519685
0
LINE
8
BLACK
6
CONTINUOUS
10
4.3674789370078742
20
-4.2700209842519685
11
4.3621579921259839
21
-4.2753419291338579
0
LINE
8
BLACK
6
CONTINUOUS
10
4.3621579921259839
20
-4.2753419291338579
11
4.3559012598425193
21
-4.2795225590551178
0
LINE
8
BLACK
6
CONTINUOUS
10
4.3559012598425193
20
-4.2795225590551178
11
4.3489491338582678
21
-4.282402244094488
0
LINE
8
BLACK
6
CONTINUOUS
10
4.3489491338582678
20
-4.282402244094488
11
4.3415687795275586
21
-4.2838702755905507
0
LINE
8
BLACK
6
CONTINUOUS
10
4.3415687795275586
20
-4.2838702755905507
11
4.334043818897638
21
-4.2838702755905507
0
LINE
8
BLACK
6
CONTINUOUS
10
4.334043818897638
20
-4.2838702755905507
11
4.3266634645669289
21
-4.282402244094488
0
LINE
8
BLACK
6
CONTINUOUS
10
4.3266634645669289
20
-4.282402244094488
11
4.3197113385826773
21
-4.2795225590551178
0
LINE
8
BLACK
6
CONTINUOUS
10
4.3197113385826773
20
-4.2795225590551178
11
4.3134546062992127
21
-4.2753419291338579
0
LINE
8
BLACK
6
CONTINUOUS
10
4.3134546062992127
20
-4.2753419291338579
11
4.3081336614173225
21
-4.2700209842519685
0
LINE
8
BLACK
6
CONTINUOUS
10
4.3081336614173225
20
-4.2700209842519685
11
4.3039530314960626
21
-4.2637642519685039
0
LINE
8
BLACK
6
CONTINUOUS
10
4.3039530314960626
20
-4.2637642519685039
11
4.3010733464566933
21
-4.2568121259842515
0
LINE
8
BLACK
6
CONTINUOUS
10
4.3010733464566933
20
-4.2568121259842515
11
4.2996053149606297
21
-4.2494317716535432
0
LINE
8
BLACK
6
CONTINUOUS
10
4.2996053149606297
20
-4.2494317716535432
11
4.2996053149606297
21
-4.2419068110236218
0
LINE
8
BLACK
6
CONTINUOUS
10
4.2996053149606297
20
-4.2419068110236218
11
4.3010733464566933
21
-4.2345264566929135
0
LINE
8
BLACK
6
CONTINUOUS
10
4.3010733464566933
20
-4.2345264566929135
11
4.3039530314960626
21
-4.2275743307086611
0
LINE
8
BLACK
6
CONTINUOUS
10
4.3039530314960626
20
-4.2275743307086611
11
4.3081336614173225
21
-4.2213175984251965
0
LINE
8
BLACK
6
CONTINUOUS
10
4.3081336614173225
20
-4.2213175984251965
11
4.3134546062992127
21
-4.2159966535433071
0
LINE
8
BLACK
6
CONTINUOUS
10
4.3134546062992127
20
-4.2159966535433071
11
4.3197113385826773
21
-4.2118160236220472
0
LINE
8
BLACK
6
CONTINUOUS
10
4.3197113385826773
20
-4.2118160236220472
11
4.3266634645669289
21
-4.208936338582677
0
LINE
8
BLACK
6
CONTINUOUS
10
4.3266634645669289
20
-4.208936338582677
11
4.334043818897638
21
-4.2074683070866143
0
LINE
8
BLACK
6
CONTINUOUS
10
4.334043818897638
20
-4.2074683070866143
11
4.3415687795275586
21
-4.2074683070866143
0
LINE
8
BLACK
6
CONTINUOUS
10
4.3415687795275586
20
-4.2074683070866143
11
4.3489491338582678
21
-4.208936338582677
0
LINE
8
BLACK
6
CONTINUOUS
10
3.5976902362204726
20
-4.2144016141732283
11
3.6023546850393702
21
-4.2167782677165357
0
LINE
8
BLACK
6
CONTINUOUS
10
3.6023546850393702
20
-4.2167782677165357
11
3.6060563779527559
21
-4.2204799606299215
0
LINE
8
BLACK
6
CONTINUOUS
10
3.6060563779527559
20
-4.2204799606299215
11
3.6084330314960629
21
-4.2251444094488191
0
LINE
8
BLACK
6
CONTINUOUS
10
3.6084330314960629
20
-4.2251444094488191
11
3.609251968503937
21
-4.2303149606299213
0
LINE
8
BLACK
6
CONTINUOUS
10
3.609251968503937
20
-4.2303149606299213
11
3.609251968503937
21
-4.2480314960629917
0
LINE
8
BLACK
6
CONTINUOUS
10
3.609251968503937
20
-4.2480314960629917
11
3.6084330314960629
21
-4.2532020472440948
0
LINE
8
BLACK
6
CONTINUOUS
10
3.6084330314960629
20
-4.2532020472440948
11
3.6060563779527559
21
-4.2578664960629924
0
LINE
8
BLACK
6
CONTINUOUS
10
3.6060563779527559
20
-4.2578664960629924
11
3.6023546850393702
21
-4.2615681889763781
0
LINE
8
BLACK
6
CONTINUOUS
10
3.6023546850393702
20
-4.2615681889763781
11
3.5976902362204726
21
-4.2639448425196846
0
LINE
8
BLACK
6
CONTINUOUS
10
3.5976902362204726
20
-4.2639448425196846
11
3.5925196850393699
21
-4.2647637795275593
0
LINE
8
BLACK
6
CONTINUOUS
10
3.5925196850393699
20
-4.2647637795275593
11
3.5728346456692912
21
-4.2647637795275593
0
LINE
8
BLACK
6
CONTINUOUS
10
3.5728346456692912
20
-4.2647637795275593
11
3.567664094488189
21
-4.2639448425196846
0
LINE
8
BLACK
6
CONTINUOUS
10
3.567664094488189
20
-4.2639448425196846
11
3.5629996456692914
21
-4.2615681889763781
0
LINE
8
BLACK
6
CONTINUOUS
10
3.5629996456692914
20
-4.2615681889763781
11
3.5592979527559052
21
-4.2578664960629924
0
LINE
8
BLACK
6
CONTINUOUS
10
3.5592979527559052
20
-4.2578664960629924
11
3.5569212992125983
21
-4.2532020472440948
0
LINE
8
BLACK
6
CONTINUOUS
10
3.5569212992125983
20
-4.2532020472440948
11
3.5561023622047245
21
-4.2480314960629917
0
LINE
8
BLACK
6
CONTINUOUS
10
3.5561023622047245
20
-4.2480314960629917
11
3.5561023622047245
21
-4.2303149606299213
0
LINE
8
BLACK
6
CONTINUOUS
10
3.5561023622047245
20
-4.2303149606299213
11
3.5569212992125983
21
-4.2251444094488191
0
LINE
8
BLACK
6
CONTINUOUS
10
3.5569212992125983
20
-4.2251444094488191
11
3.5592979527559052
21
-4.2204799606299215
0
LINE
8
BLACK
6
CONTINUOUS
10
3.5592979527559052
20
-4.2204799606299215
11
3.5629996456692914
21
-4.2167782677165357
0
LINE
8
BLACK
6
CONTINUOUS
10
3.5629996456692914
20
-4.2167782677165357
11
3.567664094488189
21
-4.2144016141732283
0
LINE
8
BLACK
6
CONTINUOUS
10
3.567664094488189
20
-4.2144016141732283
11
3.5728346456692912
21
-4.2135826771653546
0
LINE
8
BLACK
6
CONTINUOUS
10
3.5728346456692912
20
-4.2135826771653546
11
3.5925196850393699
21
-4.2135826771653546
0
LINE
8
BLACK
6
CONTINUOUS
10
3.5925196850393699
20
-4.2135826771653546
11
3.5976902362204726
21
-4.2144016141732283
0
LINE
8
BLACK
6
CONTINUOUS
10
3.6567453543307087
20
-4.2144016141732283
11
3.6614098031496063
21
-4.2167782677165357
0
LINE
8
BLACK
6
CONTINUOUS
10
3.6614098031496063
20
-4.2167782677165357
11
3.665111496062992
21
-4.2204799606299215
0
LINE
8
BLACK
6
CONTINUOUS
10
3.665111496062992
20
-4.2204799606299215
11
3.667488149606299
21
-4.2251444094488191
0
LINE
8
BLACK
6
CONTINUOUS
10
3.667488149606299
20
-4.2251444094488191
11
3.6683070866141732
21
-4.2303149606299213
0
LINE
8
BLACK
6
CONTINUOUS
10
3.6683070866141732
20
-4.2303149606299213
11
3.6683070866141732
21
-4.2480314960629917
0
LINE
8
BLACK
6
CONTINUOUS
10
3.6683070866141732
20
-4.2480314960629917
11
3.667488149606299
21
-4.2532020472440948
0
LINE
8
BLACK
6
CONTINUOUS
10
3.667488149606299
20
-4.2532020472440948
11
3.665111496062992
21
-4.2578664960629924
0
LINE
8
BLACK
6
CONTINUOUS
10
3.665111496062992
20
-4.2578664960629924
11
3.6614098031496063
21
-4.2615681889763781
0
LINE
8
BLACK
6
CONTINUOUS
10
3.6614098031496063
20
-4.2615681889763781
11
3.6567453543307087
21
-4.2639448425196846
0
LINE
8
BLACK
6
CONTINUOUS
10
3.6567453543307087
20
-4.2639448425196846
11
3.651574803149606
21
-4.2647637795275593
0
LINE
8
BLACK
6
CONTINUOUS
10
3.651574803149606
20
-4.2647637795275593
11
3.6318897637795273
21
-4.2647637795275593
0
LINE
8
BLACK
6
CONTINUOUS
10
3.6318897637795273
20
-4.2647637795275593
11
3.6267192125984251
21
-4.2639448425196846
0
LINE
8
BLACK
6
CONTINUOUS
10
3.6267192125984251
20
-4.2639448425196846
11
3.6220547637795275
21
-4.2615681889763781
0
LINE
8
BLACK
6
CONTINUOUS
10
3.6220547637795275
20
-4.2615681889763781
11
3.6183530708661418
21
-4.2578664960629924
0
LINE
8
BLACK
6
CONTINUOUS
10
3.6183530708661418
20
-4.2578664960629924
11
3.6159764173228344
21
-4.2532020472440948
0
LINE
8
BLACK
6
CONTINUOUS
10
3.6159764173228344
20
-4.2532020472440948
11
3.6151574803149606
21
-4.2480314960629917
0
LINE
8
BLACK
6
CONTINUOUS
10
3.6151574803149606
20
-4.2480314960629917
11
3.6151574803149606
21
-4.2303149606299213
0
LINE
8
BLACK
6
CONTINUOUS
10
3.6151574803149606
20
-4.2303149606299213
11
3.6159764173228344
21
-4.2251444094488191
0
LINE
8
BLACK
6
CONTINUOUS
10
3.6159764173228344
20
-4.2251444094488191
11
3.6183530708661418
21
-4.2204799606299215
0
LINE
8
BLACK
6
CONTINUOUS
10
3.6183530708661418
20
-4.2204799606299215
11
3.6220547637795275
21
-4.2167782677165357
0
LINE
8
BLACK
6
CONTINUOUS
10
3.6220547637795275
20
-4.2167782677165357
11
3.6267192125984251
21
-4.2144016141732283
0
LINE
8
BLACK
6
CONTINUOUS
10
3.6267192125984251
20
-4.2144016141732283
11
3.6318897637795273
21
-4.2135826771653546
0
LINE
8
BLACK
6
CONTINUOUS
10
3.6318897637795273
20
-4.2135826771653546
11
3.651574803149606
21
-4.2135826771653546
0
LINE
8
BLACK
6
CONTINUOUS
10
3.651574803149606
20
-4.2135826771653546
11
3.6567453543307087
21
-4.2144016141732283
0
LINE
8
BLACK
6
CONTINUOUS
10
2.6417518110236218
20
-4.1362229921259841
11
2.6502712992125983
21
-4.1389911417322836
0
LINE
8
BLACK
6
CONTINUOUS
10
2.6502712992125983
20
-4.1389911417322836
11
2.6582528740157478
21
-4.143057952755905
0
LINE
8
BLACK
6
CONTINUOUS
10
2.6582528740157478
20
-4.143057952755905
11
2.6654999999999998
21
-4.1483232677165356
0
LINE
8
BLACK
6
CONTINUOUS
10
2.6654999999999998
20
-4.1483232677165356
11
2.6718342125984251
21
-4.1546574803149605
0
LINE
8
BLACK
6
CONTINUOUS
10
2.6718342125984251
20
-4.1546574803149605
11
2.6770995275590552
21
-4.1619046062992124
0
LINE
8
BLACK
6
CONTINUOUS
10
2.6770995275590552
20
-4.1619046062992124
11
2.6811663385826772
21
-4.1698861811023624
0
LINE
8
BLACK
6
CONTINUOUS
10
2.6811663385826772
20
-4.1698861811023624
11
2.6839344881889762
21
-4.1784056692913385
0
LINE
8
BLACK
6
CONTINUOUS
10
2.6839344881889762
20
-4.1784056692913385
11
2.6853358267716536
21
-4.187253307086614
0
LINE
8
BLACK
6
CONTINUOUS
10
2.6853358267716536
20
-4.187253307086614
11
2.6853358267716536
21
-4.1962112598425199
0
LINE
8
BLACK
6
CONTINUOUS
10
2.6853358267716536
20
-4.1962112598425199
11
2.6839344881889762
21
-4.2050588976377954
0
LINE
8
BLACK
6
CONTINUOUS
10
2.6839344881889762
20
-4.2050588976377954
11
2.6811663385826772
21
-4.2135783858267715
0
LINE
8
BLACK
6
CONTINUOUS
10
2.6811663385826772
20
-4.2135783858267715
11
2.6770995275590552
21
-4.2215599606299214
0
LINE
8
BLACK
6
CONTINUOUS
10
2.6770995275590552
20
-4.2215599606299214
11
2.6718342125984251
21
-4.2288070866141734
0
LINE
8
BLACK
6
CONTINUOUS
10
2.6718342125984251
20
-4.2288070866141734
11
2.6654999999999998
21
-4.2351412992125983
0
LINE
8
BLACK
6
CONTINUOUS
10
2.6654999999999998
20
-4.2351412992125983
11
2.6582528740157478
21
-4.240406614173228
0
LINE
8
BLACK
6
CONTINUOUS
10
2.6582528740157478
20
-4.240406614173228
11
2.6502712992125983
21
-4.2444734251968503
0
LINE
8
BLACK
6
CONTINUOUS
10
2.6502712992125983
20
-4.2444734251968503
11
2.6417518110236218
21
-4.2472415748031498
0
LINE
8
BLACK
6
CONTINUOUS
10
2.6417518110236218
20
-4.2472415748031498
11
2.6329041732283462
21
-4.2486429133858268
0
LINE
8
BLACK
6
CONTINUOUS
10
2.6329041732283462
20
-4.2486429133858268
11
2.6239462204724409
21
-4.2486429133858268
0
LINE
8
BLACK
6
CONTINUOUS
10
2.6239462204724409
20
-4.2486429133858268
11
2.6150985826771653
21
-4.2472415748031498
0
LINE
8
BLACK
6
CONTINUOUS
10
2.6150985826771653
20
-4.2472415748031498
11
2.6065790944881888
21
-4.2444734251968503
0
LINE
8
BLACK
6
CONTINUOUS
10
2.6065790944881888
20
-4.2444734251968503
11
2.5985975196850393
21
-4.240406614173228
0
LINE
8
BLACK
6
CONTINUOUS
10
2.5985975196850393
20
-4.240406614173228
11
2.5913503937007873
21
-4.2351412992125983
0
LINE
8
BLACK
6
CONTINUOUS
10
2.5913503937007873
20
-4.2351412992125983
11
2.585016181102362
21
-4.2288070866141734
0
LINE
8
BLACK
6
CONTINUOUS
10
2.585016181102362
20
-4.2288070866141734
11
2.5797508661417323
21
-4.2215599606299214
0
LINE
8
BLACK
6
CONTINUOUS
10
2.5797508661417323
20
-4.2215599606299214
11
2.5756840551181104
21
-4.2135783858267715
0
LINE
8
BLACK
6
CONTINUOUS
10
2.5756840551181104
20
-4.2135783858267715
11
2.5729159055118109
21
-4.2050588976377954
0
LINE
8
BLACK
6
CONTINUOUS
10
2.5729159055118109
20
-4.2050588976377954
11
2.5715145669291339
21
-4.1962112598425199
0
LINE
8
BLACK
6
CONTINUOUS
10
2.5715145669291339
20
-4.1962112598425199
11
2.5715145669291339
21
-4.187253307086614
0
LINE
8
BLACK
6
CONTINUOUS
10
2.5715145669291339
20
-4.187253307086614
11
2.5729159055118109
21
-4.1784056692913385
0
LINE
8
BLACK
6
CONTINUOUS
10
2.5729159055118109
20
-4.1784056692913385
11
2.5756840551181104
21
-4.1698861811023624
0
LINE
8
BLACK
6
CONTINUOUS
10
2.5756840551181104
20
-4.1698861811023624
11
2.5797508661417323
21
-4.1619046062992124
0
LINE
8
BLACK
6
CONTINUOUS
10
2.5797508661417323
20
-4.1619046062992124
11
2.585016181102362
21
-4.1546574803149605
0
LINE
8
BLACK
6
CONTINUOUS
10
2.585016181102362
20
-4.1546574803149605
11
2.5913503937007873
21
-4.1483232677165356
0
LINE
8
BLACK
6
CONTINUOUS
10
2.5913503937007873
20
-4.1483232677165356
11
2.5985975196850393
21
-4.143057952755905
0
LINE
8
BLACK
6
CONTINUOUS
10
2.5985975196850393
20
-4.143057952755905
11
2.6065790944881888
21
-4.1389911417322836
0
LINE
8
BLACK
6
CONTINUOUS
10
2.6065790944881888
20
-4.1389911417322836
11
2.6150985826771653
21
-4.1362229921259841
0
LINE
8
BLACK
6
CONTINUOUS
10
2.6150985826771653
20
-4.1362229921259841
11
2.6239462204724409
21
-4.1348216535433071
0
LINE
8
BLACK
6
CONTINUOUS
10
2.6239462204724409
20
-4.1348216535433071
11
2.6329041732283462
21
-4.1348216535433071
0
LINE
8
BLACK
6
CONTINUOUS
10
2.6329041732283462
20
-4.1348216535433071
11
2.6417518110236218
21
-4.1362229921259841
0
LINE
8
BLACK
6
CONTINUOUS
10
5.0497365354330706
20
-4.1695662598425196
11
5.056688661417323
21
-4.1724459448818898
0
LINE
8
BLACK
6
CONTINUOUS
10
5.056688661417323
20
-4.1724459448818898
11
5.0629453937007876
21
-4.1766265748031497
0
LINE
8
BLACK
6
CONTINUOUS
10
5.0629453937007876
20
-4.1766265748031497
11
5.0682663385826769
21
-4.1819475196850391
0
LINE
8
BLACK
6
CONTINUOUS
10
5.0682663385826769
20
-4.1819475196850391
11
5.0724469685039368
21
-4.1882042519685037
0
LINE
8
BLACK
6
CONTINUOUS
10
5.0724469685039368
20
-4.1882042519685037
11
5.075326653543307
21
-4.1951563779527561
0
LINE
8
BLACK
6
CONTINUOUS
10
5.075326653543307
20
-4.1951563779527561
11
5.0767946850393697
21
-4.2025367322834644
0
LINE
8
BLACK
6
CONTINUOUS
10
5.0767946850393697
20
-4.2025367322834644
11
5.0767946850393697
21
-4.2100616929133858
0
LINE
8
BLACK
6
CONTINUOUS
10
5.0767946850393697
20
-4.2100616929133858
11
5.075326653543307
21
-4.2174420472440941
0
LINE
8
BLACK
6
CONTINUOUS
10
5.075326653543307
20
-4.2174420472440941
11
5.0724469685039368
21
-4.2243941732283465
0
LINE
8
BLACK
6
CONTINUOUS
10
5.0724469685039368
20
-4.2243941732283465
11
5.0682663385826769
21
-4.2306509055118111
0
LINE
8
BLACK
6
CONTINUOUS
10
5.0682663385826769
20
-4.2306509055118111
11
5.0629453937007876
21
-4.2359718503937005
0
LINE
8
BLACK
6
CONTINUOUS
10
5.0629453937007876
20
-4.2359718503937005
11
5.056688661417323
21
-4.2401524803149604
0
LINE
8
BLACK
6
CONTINUOUS
10
5.056688661417323
20
-4.2401524803149604
11
5.0497365354330706
21
-4.2430321653543306
0
LINE
8
BLACK
6
CONTINUOUS
10
5.0497365354330706
20
-4.2430321653543306
11
5.0423561811023623
21
-4.2445001968503933
0
LINE
8
BLACK
6
CONTINUOUS
10
5.0423561811023623
20
-4.2445001968503933
11
5.0348312204724408
21
-4.2445001968503933
0
LINE
8
BLACK
6
CONTINUOUS
10
5.0348312204724408
20
-4.2445001968503933
11
5.0274508661417325
21
-4.2430321653543306
0
LINE
8
BLACK
6
CONTINUOUS
10
5.0274508661417325
20
-4.2430321653543306
11
5.0204987401574801
21
-4.2401524803149604
0
LINE
8
BLACK
6
CONTINUOUS
10
5.0204987401574801
20
-4.2401524803149604
11
5.0142420078740155
21
-4.2359718503937005
0
LINE
8
BLACK
6
CONTINUOUS
10
5.0142420078740155
20
-4.2359718503937005
11
5.0089210629921261
21
-4.2306509055118111
0
LINE
8
BLACK
6
CONTINUOUS
10
5.0089210629921261
20
-4.2306509055118111
11
5.0047404330708662
21
-4.2243941732283465
0
LINE
8
BLACK
6
CONTINUOUS
10
5.0047404330708662
20
-4.2243941732283465
11
5.0018607480314961
21
-4.2174420472440941
0
LINE
8
BLACK
6
CONTINUOUS
10
5.0018607480314961
20
-4.2174420472440941
11
5.0003927165354334
21
-4.2100616929133858
0
LINE
8
BLACK
6
CONTINUOUS
10
5.0003927165354334
20
-4.2100616929133858
11
5.0003927165354334
21
-4.2025367322834644
0
LINE
8
BLACK
6
CONTINUOUS
10
5.0003927165354334
20
-4.2025367322834644
11
5.0018607480314961
21
-4.1951563779527561
0
LINE
8
BLACK
6
CONTINUOUS
10
5.0018607480314961
20
-4.1951563779527561
11
5.0047404330708662
21
-4.1882042519685037
0
LINE
8
BLACK
6
CONTINUOUS
10
5.0047404330708662
20
-4.1882042519685037
11
5.0089210629921261
21
-4.1819475196850391
0
LINE
8
BLACK
6
CONTINUOUS
10
5.0089210629921261
20
-4.1819475196850391
11
5.0142420078740155
21
-4.1766265748031497
0
LINE
8
BLACK
6
CONTINUOUS
10
5.0142420078740155
20
-4.1766265748031497
11
5.0204987401574801
21
-4.1724459448818898
0
LINE
8
BLACK
6
CONTINUOUS
10
5.0204987401574801
20
-4.1724459448818898
11
5.0274508661417325
21
-4.1695662598425196
0
LINE
8
BLACK
6
CONTINUOUS
10
5.0274508661417325
20
-4.1695662598425196
11
5.0348312204724408
21
-4.1680982283464569
0
LINE
8
BLACK
6
CONTINUOUS
10
5.0348312204724408
20
-4.1680982283464569
11
5.0423561811023623
21
-4.1680982283464569
0
LINE
8
BLACK
6
CONTINUOUS
10
5.0423561811023623
20
-4.1680982283464569
11
5.0497365354330706
21
-4.1695662598425196
0
LINE
8
BLACK
6
CONTINUOUS
10
3.5976902362204726
20
-4.1533779921259839
11
3.6023546850393702
21
-4.1557546456692913
0
LINE
8
BLACK
6
CONTINUOUS
10
3.6023546850393702
20
-4.1557546456692913
11
3.6060563779527559
21
-4.159456338582677
0
LINE
8
BLACK
6
CONTINUOUS
10
3.6060563779527559
20
-4.159456338582677
11
3.6084330314960629
21
-4.1641207874015747
0
LINE
8
BLACK
6
CONTINUOUS
10
3.6084330314960629
20
-4.1641207874015747
11
3.609251968503937
21
-4.1692913385826769
0
LINE
8
BLACK
6
CONTINUOUS
10
3.609251968503937
20
-4.1692913385826769
11
3.609251968503937
21
-4.1870078740157481
0
LINE
8
BLACK
6
CONTINUOUS
10
3.609251968503937
20
-4.1870078740157481
11
3.6084330314960629
21
-4.1921784251968504
0
LINE
8
BLACK
6
CONTINUOUS
10
3.6084330314960629
20
-4.1921784251968504
11
3.6060563779527559
21
-4.196842874015748
0
LINE
8
BLACK
6
CONTINUOUS
10
3.6060563779527559
20
-4.196842874015748
11
3.6023546850393702
21
-4.2005445669291337
0
LINE
8
BLACK
6
CONTINUOUS
10
3.6023546850393702
20
-4.2005445669291337
11
3.5976902362204726
21
-4.2029212204724411
0
LINE
8
BLACK
6
CONTINUOUS
10
3.5976902362204726
20
-4.2029212204724411
11
3.5925196850393699
21
-4.2037401574803148
0
LINE
8
BLACK
6
CONTINUOUS
10
3.5925196850393699
20
-4.2037401574803148
11
3.5728346456692912
21
-4.2037401574803148
0
LINE
8
BLACK
6
CONTINUOUS
10
3.5728346456692912
20
-4.2037401574803148
11
3.567664094488189
21
-4.2029212204724411
0
LINE
8
BLACK
6
CONTINUOUS
10
3.567664094488189
20
-4.2029212204724411
11
3.5629996456692914
21
-4.2005445669291337
0
LINE
8
BLACK
6
CONTINUOUS
10
3.5629996456692914
20
-4.2005445669291337
11
3.5592979527559052
21
-4.196842874015748
0
LINE
8
BLACK
6
CONTINUOUS
10
3.5592979527559052
20
-4.196842874015748
11
3.5569212992125983
21
-4.1921784251968504
0
LINE
8
BLACK
6
CONTINUOUS
10
3.5569212992125983
20
-4.1921784251968504
11
3.5561023622047245
21
-4.1870078740157481
0
LINE
8
BLACK
6
CONTINUOUS
10
3.5561023622047245
20
-4.1870078740157481
11
3.5561023622047245
21
-4.1692913385826769
0
LINE
8
BLACK
6
CONTINUOUS
10
3.5561023622047245
20
-4.1692913385826769
11
3.5569212992125983
21
-4.1641207874015747
0
LINE
8
BLACK
6
CONTINUOUS
10
3.5569212992125983
20
-4.1641207874015747
11
3.5592979527559052
21
-4.159456338582677
0
LINE
8
BLACK
6
CONTINUOUS
10
3.5592979527559052
20
-4.159456338582677
11
3.5629996456692914
21
-4.1557546456692913
0
LINE
8
BLACK
6
CONTINUOUS
10
3.5629996456692914
20
-4.1557546456692913
11
3.567664094488189
21
-4.1533779921259839
0
LINE
8
BLACK
6
CONTINUOUS
10
3.567664094488189
20
-4.1533779921259839
11
3.5728346456692912
21
-4.1525590551181102
0
LINE
8
BLACK
6
CONTINUOUS
10
3.5728346456692912
20
-4.1525590551181102
11
3.5925196850393699
21
-4.1525590551181102
0
LINE
8
BLACK
6
CONTINUOUS
10
3.5925196850393699
20
-4.1525590551181102
11
3.5976902362204726
21
-4.1533779921259839
0
LINE
8
BLACK
6
CONTINUOUS
10
3.6567453543307087
20
-4.1533779921259839
11
3.6614098031496063
21
-4.1557546456692913
0
LINE
8
BLACK
6
CONTINUOUS
10
3.6614098031496063
20
-4.1557546456692913
11
3.665111496062992
21
-4.159456338582677
0
LINE
8
BLACK
6
CONTINUOUS
10
3.665111496062992
20
-4.159456338582677
11
3.667488149606299
21
-4.1641207874015747
0
LINE
8
BLACK
6
CONTINUOUS
10
3.667488149606299
20
-4.1641207874015747
11
3.6683070866141732
21
-4.1692913385826769
0
LINE
8
BLACK
6
CONTINUOUS
10
3.6683070866141732
20
-4.1692913385826769
11
3.6683070866141732
21
-4.1870078740157481
0
LINE
8
BLACK
6
CONTINUOUS
10
3.6683070866141732
20
-4.1870078740157481
11
3.667488149606299
21
-4.1921784251968504
0
LINE
8
BLACK
6
CONTINUOUS
10
3.667488149606299
20
-4.1921784251968504
11
3.665111496062992
21
-4.196842874015748
0
LINE
8
BLACK
6
CONTINUOUS
10
3.665111496062992
20
-4.196842874015748
11
3.6614098031496063
21
-4.2005445669291337
0
LINE
8
BLACK
6
CONTINUOUS
10
3.6614098031496063
20
-4.2005445669291337
11
3.6567453543307087
21
-4.2029212204724411
0
LINE
8
BLACK
6
CONTINUOUS
10
3.6567453543307087
20
-4.2029212204724411
11
3.651574803149606
21
-4.2037401574803148
0
LINE
8
BLACK
6
CONTINUOUS
10
3.651574803149606
20
-4.2037401574803148
11
3.6318897637795273
21
-4.2037401574803148
0
LINE
8
BLACK
6
CONTINUOUS
10
3.6318897637795273
20
-4.2037401574803148
11
3.6267192125984251
21
-4.2029212204724411
0
LINE
8
BLACK
6
CONTINUOUS
10
3.6267192125984251
20
-4.2029212204724411
11
3.6220547637795275
21
-4.2005445669291337
0
LINE
8
BLACK
6
CONTINUOUS
10
3.6220547637795275
20
-4.2005445669291337
11
3.6183530708661418
21
-4.196842874015748
0
LINE
8
BLACK
6
CONTINUOUS
10
3.6183530708661418
20
-4.196842874015748
11
3.6159764173228344
21
-4.1921784251968504
0
LINE
8
BLACK
6
CONTINUOUS
10
3.6159764173228344
20
-4.1921784251968504
11
3.6151574803149606
21
-4.1870078740157481
0
LINE
8
BLACK
6
CONTINUOUS
10
3.6151574803149606
20
-4.1870078740157481
11
3.6151574803149606
21
-4.1692913385826769
0
LINE
8
BLACK
6
CONTINUOUS
10
3.6151574803149606
20
-4.1692913385826769
11
3.6159764173228344
21
-4.1641207874015747
0
LINE
8
BLACK
6
CONTINUOUS
10
3.6159764173228344
20
-4.1641207874015747
11
3.6183530708661418
21
-4.159456338582677
0
LINE
8
BLACK
6
CONTINUOUS
10
3.6183530708661418
20
-4.159456338582677
11
3.6220547637795275
21
-4.1557546456692913
0
LINE
8
BLACK
6
CONTINUOUS
10
3.6220547637795275
20
-4.1557546456692913
11
3.6267192125984251
21
-4.1533779921259839
0
LINE
8
BLACK
6
CONTINUOUS
10
3.6267192125984251
20
-4.1533779921259839
11
3.6318897637795273
21
-4.1525590551181102
0
LINE
8
BLACK
6
CONTINUOUS
10
3.6318897637795273
20
-4.1525590551181102
11
3.651574803149606
21
-4.1525590551181102
0
LINE
8
BLACK
6
CONTINUOUS
10
3.651574803149606
20
-4.1525590551181102
11
3.6567453543307087
21
-4.1533779921259839
0
LINE
8
BLACK
6
CONTINUOUS
10
3.5648768897637795
20
-4.1212774803149603
11
3.5684372047244093
21
-4.1233330314960632
0
LINE
8
BLACK
6
CONTINUOUS
10
3.5684372047244093
20
-4.1233330314960632
11
3.5713441338582674
21
-4.1262399606299214
0
LINE
8
BLACK
6
CONTINUOUS
10
3.5713441338582674
20
-4.1262399606299214
11
3.5733996850393699
21
-4.1298002755905507
0
LINE
8
BLACK
6
CONTINUOUS
10
3.5733996850393699
20
-4.1298002755905507
11
3.5744637007874016
21
-4.1337712598425194
0
LINE
8
BLACK
6
CONTINUOUS
10
3.5744637007874016
20
-4.1337712598425194
11
3.5744637007874016
21
-4.1378822834645668
0
LINE
8
BLACK
6
CONTINUOUS
10
3.5744637007874016
20
-4.1378822834645668
11
3.5733996850393699
21
-4.1418532677165354
0
LINE
8
BLACK
6
CONTINUOUS
10
3.5733996850393699
20
-4.1418532677165354
11
3.5713441338582674
21
-4.1454135826771656
0
LINE
8
BLACK
6
CONTINUOUS
10
3.5713441338582674
20
-4.1454135826771656
11
3.5684372047244093
21
-4.1483205118110238
0
LINE
8
BLACK
6
CONTINUOUS
10
3.5684372047244093
20
-4.1483205118110238
11
3.5648768897637795
21
-4.1503760629921258
0
LINE
8
BLACK
6
CONTINUOUS
10
3.5648768897637795
20
-4.1503760629921258
11
3.5609059055118109
21
-4.1514400787401575
0
LINE
8
BLACK
6
CONTINUOUS
10
3.5609059055118109
20
-4.1514400787401575
11
3.5567948818897639
21
-4.1514400787401575
0
LINE
8
BLACK
6
CONTINUOUS
10
3.5567948818897639
20
-4.1514400787401575
11
3.5528238976377953
21
-4.1503760629921258
0
LINE
8
BLACK
6
CONTINUOUS
10
3.5528238976377953
20
-4.1503760629921258
11
3.5492635826771655
21
-4.1483205118110238
0
LINE
8
BLACK
6
CONTINUOUS
10
3.5492635826771655
20
-4.1483205118110238
11
3.5463566535433069
21
-4.1454135826771656
0
LINE
8
BLACK
6
CONTINUOUS
10
3.5463566535433069
20
-4.1454135826771656
11
3.5443011023622049
21
-4.1418532677165354
0
LINE
8
BLACK
6
CONTINUOUS
10
3.5443011023622049
20
-4.1418532677165354
11
3.5432370866141731
21
-4.1378822834645668
0
LINE
8
BLACK
6
CONTINUOUS
10
3.5432370866141731
20
-4.1378822834645668
11
3.5432370866141731
21
-4.1337712598425194
0
LINE
8
BLACK
6
CONTINUOUS
10
3.5432370866141731
20
-4.1337712598425194
11
3.5443011023622049
21
-4.1298002755905507
0
LINE
8
BLACK
6
CONTINUOUS
10
3.5443011023622049
20
-4.1298002755905507
11
3.5463566535433069
21
-4.1262399606299214
0
LINE
8
BLACK
6
CONTINUOUS
10
3.5463566535433069
20
-4.1262399606299214
11
3.5492635826771655
21
-4.1233330314960632
0
LINE
8
BLACK
6
CONTINUOUS
10
3.5492635826771655
20
-4.1233330314960632
11
3.5528238976377953
21
-4.1212774803149603
0
LINE
8
BLACK
6
CONTINUOUS
10
3.5528238976377953
20
-4.1212774803149603
11
3.5567948818897639
21
-4.1202134645669286
0
LINE
8
BLACK
6
CONTINUOUS
10
3.5567948818897639
20
-4.1202134645669286
11
3.5609059055118109
21
-4.1202134645669286
0
LINE
8
BLACK
6
CONTINUOUS
10
3.5609059055118109
20
-4.1202134645669286
11
3.5648768897637795
21
-4.1212774803149603
0
LINE
8
BLACK
6
CONTINUOUS
10
3.6101524803149605
20
-4.1212774803149603
11
3.6137127952755903
21
-4.1233330314960632
0
LINE
8
BLACK
6
CONTINUOUS
10
3.6137127952755903
20
-4.1233330314960632
11
3.6166197244094489
21
-4.1262399606299214
0
LINE
8
BLACK
6
CONTINUOUS
10
3.6166197244094489
20
-4.1262399606299214
11
3.6186752755905509
21
-4.1298002755905507
0
LINE
8
BLACK
6
CONTINUOUS
10
3.6186752755905509
20
-4.1298002755905507
11
3.6197392913385826
21
-4.1337712598425194
0
LINE
8
BLACK
6
CONTINUOUS
10
3.6197392913385826
20
-4.1337712598425194
11
3.6197392913385826
21
-4.1378822834645668
0
LINE
8
BLACK
6
CONTINUOUS
10
3.6197392913385826
20
-4.1378822834645668
11
3.6186752755905509
21
-4.1418532677165354
0
LINE
8
BLACK
6
CONTINUOUS
10
3.6186752755905509
20
-4.1418532677165354
11
3.6166197244094489
21
-4.1454135826771656
0
LINE
8
BLACK
6
CONTINUOUS
10
3.6166197244094489
20
-4.1454135826771656
11
3.6137127952755903
21
-4.1483205118110238
0
LINE
8
BLACK
6
CONTINUOUS
10
3.6137127952755903
20
-4.1483205118110238
11
3.6101524803149605
21
-4.1503760629921258
0
LINE
8
BLACK
6
CONTINUOUS
10
3.6101524803149605
20
-4.1503760629921258
11
3.6061814960629919
21
-4.1514400787401575
0
LINE
8
BLACK
6
CONTINUOUS
10
3.6061814960629919
20
-4.1514400787401575
11
3.6020704724409449
21
-4.1514400787401575
0
LINE
8
BLACK
6
CONTINUOUS
10
3.6020704724409449
20
-4.1514400787401575
11
3.5980994881889763
21
-4.1503760629921258
0
LINE
8
BLACK
6
CONTINUOUS
10
3.5980994881889763
20
-4.1503760629921258
11
3.5945391732283465
21
-4.1483205118110238
0
LINE
8
BLACK
6
CONTINUOUS
10
3.5945391732283465
20
-4.1483205118110238
11
3.5916322440944879
21
-4.1454135826771656
0
LINE
8
BLACK
6
CONTINUOUS
10
3.5916322440944879
20
-4.1454135826771656
11
3.5895766929133859
21
-4.1418532677165354
0
LINE
8
BLACK
6
CONTINUOUS
10
3.5895766929133859
20
-4.1418532677165354
11
3.5885126771653542
21
-4.1378822834645668
0
LINE
8
BLACK
6
CONTINUOUS
10
3.5885126771653542
20
-4.1378822834645668
11
3.5885126771653542
21
-4.1337712598425194
0
LINE
8
BLACK
6
CONTINUOUS
10
3.5885126771653542
20
-4.1337712598425194
11
3.5895766929133859
21
-4.1298002755905507
0
LINE
8
BLACK
6
CONTINUOUS
10
3.5895766929133859
20
-4.1298002755905507
11
3.5916322440944879
21
-4.1262399606299214
0
LINE
8
BLACK
6
CONTINUOUS
10
3.5916322440944879
20
-4.1262399606299214
11
3.5945391732283465
21
-4.1233330314960632
0
LINE
8
BLACK
6
CONTINUOUS
10
3.5945391732283465
20
-4.1233330314960632
11
3.5980994881889763
21
-4.1212774803149603
0
LINE
8
BLACK
6
CONTINUOUS
10
3.5980994881889763
20
-4.1212774803149603
11
3.6020704724409449
21
-4.1202134645669286
0
LINE
8
BLACK
6
CONTINUOUS
10
3.6020704724409449
20
-4.1202134645669286
11
3.6061814960629919
21
-4.1202134645669286
0
LINE
8
BLACK
6
CONTINUOUS
10
3.6061814960629919
20
-4.1202134645669286
11
3.6101524803149605
21
-4.1212774803149603
0
LINE
8
BLACK
6
CONTINUOUS
10
3.6554280708661415
20
-4.1212774803149603
11
3.6589883858267718
21
-4.1233330314960632
0
LINE
8
BLACK
6
CONTINUOUS
10
3.6589883858267718
20
-4.1233330314960632
11
3.6618953149606299
21
-4.1262399606299214
0
LINE
8
BLACK
6
CONTINUOUS
10
3.6618953149606299
20
-4.1262399606299214
11
3.6639508661417324
21
-4.1298002755905507
0
LINE
8
BLACK
6
CONTINUOUS
10
3.6639508661417324
20
-4.1298002755905507
11
3.6650148818897637
21
-4.1337712598425194
0
LINE
8
BLACK
6
CONTINUOUS
10
3.6650148818897637
20
-4.1337712598425194
11
3.6650148818897637
21
-4.1378822834645668
0
LINE
8
BLACK
6
CONTINUOUS
10
3.6650148818897637
20
-4.1378822834645668
11
3.6639508661417324
21
-4.1418532677165354
0
LINE
8
BLACK
6
CONTINUOUS
10
3.6639508661417324
20
-4.1418532677165354
11
3.6618953149606299
21
-4.1454135826771656
0
LINE
8
BLACK
6
CONTINUOUS
10
3.6618953149606299
20
-4.1454135826771656
11
3.6589883858267718
21
-4.1483205118110238
0
LINE
8
BLACK
6
CONTINUOUS
10
3.6589883858267718
20
-4.1483205118110238
11
3.6554280708661415
21
-4.1503760629921258
0
LINE
8
BLACK
6
CONTINUOUS
10
3.6554280708661415
20
-4.1503760629921258
11
3.6514570866141733
21
-4.1514400787401575
0
LINE
8
BLACK
6
CONTINUOUS
10
3.6514570866141733
20
-4.1514400787401575
11
3.6473460629921259
21
-4.1514400787401575
0
LINE
8
BLACK
6
CONTINUOUS
10
3.6473460629921259
20
-4.1514400787401575
11
3.6433750787401573
21
-4.1503760629921258
0
LINE
8
BLACK
6
CONTINUOUS
10
3.6433750787401573
20
-4.1503760629921258
11
3.6398147637795275
21
-4.1483205118110238
0
LINE
8
BLACK
6
CONTINUOUS
10
3.6398147637795275
20
-4.1483205118110238
11
3.6369078346456694
21
-4.1454135826771656
0
LINE
8
BLACK
6
CONTINUOUS
10
3.6369078346456694
20
-4.1454135826771656
11
3.6348522834645669
21
-4.1418532677165354
0
LINE
8
BLACK
6
CONTINUOUS
10
3.6348522834645669
20
-4.1418532677165354
11
3.6337882677165352
21
-4.1378822834645668
0
LINE
8
BLACK
6
CONTINUOUS
10
3.6337882677165352
20
-4.1378822834645668
11
3.6337882677165352
21
-4.1337712598425194
0
LINE
8
BLACK
6
CONTINUOUS
10
3.6337882677165352
20
-4.1337712598425194
11
3.6348522834645669
21
-4.1298002755905507
0
LINE
8
BLACK
6
CONTINUOUS
10
3.6348522834645669
20
-4.1298002755905507
11
3.6369078346456694
21
-4.1262399606299214
0
LINE
8
BLACK
6
CONTINUOUS
10
3.6369078346456694
20
-4.1262399606299214
11
3.6398147637795275
21
-4.1233330314960632
0
LINE
8
BLACK
6
CONTINUOUS
10
3.6398147637795275
20
-4.1233330314960632
11
3.6433750787401573
21
-4.1212774803149603
0
LINE
8
BLACK
6
CONTINUOUS
10
3.6433750787401573
20
-4.1212774803149603
11
3.6473460629921259
21
-4.1202134645669286
0
LINE
8
BLACK
6
CONTINUOUS
10
3.6473460629921259
20
-4.1202134645669286
11
3.6514570866141733
21
-4.1202134645669286
0
LINE
8
BLACK
6
CONTINUOUS
10
3.6514570866141733
20
-4.1202134645669286
11
3.6554280708661415
21
-4.1212774803149603
0
LINE
8
BLACK
6
CONTINUOUS
10
3.7007036614173225
20
-4.1212774803149603
11
3.7042639763779528
21
-4.1233330314960632
0
LINE
8
BLACK
6
CONTINUOUS
10
3.7042639763779528
20
-4.1233330314960632
11
3.7071709055118109
21
-4.1262399606299214
0
LINE
8
BLACK
6
CONTINUOUS
10
3.7071709055118109
20
-4.1262399606299214
11
3.7092264566929134
21
-4.1298002755905507
0
LINE
8
BLACK
6
CONTINUOUS
10
3.7092264566929134
20
-4.1298002755905507
11
3.7102904724409447
21
-4.1337712598425194
0
LINE
8
BLACK
6
CONTINUOUS
10
3.7102904724409447
20
-4.1337712598425194
11
3.7102904724409447
21
-4.1378822834645668
0
LINE
8
BLACK
6
CONTINUOUS
10
3.7102904724409447
20
-4.1378822834645668
11
3.7092264566929134
21
-4.1418532677165354
0
LINE
8
BLACK
6
CONTINUOUS
10
3.7092264566929134
20
-4.1418532677165354
11
3.7071709055118109
21
-4.1454135826771656
0
LINE
8
BLACK
6
CONTINUOUS
10
3.7071709055118109
20
-4.1454135826771656
11
3.7042639763779528
21
-4.1483205118110238
0
LINE
8
BLACK
6
CONTINUOUS
10
3.7042639763779528
20
-4.1483205118110238
11
3.7007036614173225
21
-4.1503760629921258
0
LINE
8
BLACK
6
CONTINUOUS
10
3.7007036614173225
20
-4.1503760629921258
11
3.6967326771653544
21
-4.1514400787401575
0
LINE
8
BLACK
6
CONTINUOUS
10
3.6967326771653544
20
-4.1514400787401575
11
3.692621653543307
21
-4.1514400787401575
0
LINE
8
BLACK
6
CONTINUOUS
10
3.692621653543307
20
-4.1514400787401575
11
3.6886506692913383
21
-4.1503760629921258
0
LINE
8
BLACK
6
CONTINUOUS
10
3.6886506692913383
20
-4.1503760629921258
11
3.6850903543307085
21
-4.1483205118110238
0
LINE
8
BLACK
6
CONTINUOUS
10
3.6850903543307085
20
-4.1483205118110238
11
3.6821834251968504
21
-4.1454135826771656
0
LINE
8
BLACK
6
CONTINUOUS
10
3.6821834251968504
20
-4.1454135826771656
11
3.6801278740157479
21
-4.1418532677165354
0
LINE
8
BLACK
6
CONTINUOUS
10
3.6801278740157479
20
-4.1418532677165354
11
3.6790638582677166
21
-4.1378822834645668
0
LINE
8
BLACK
6
CONTINUOUS
10
3.6790638582677166
20
-4.1378822834645668
11
3.6790638582677166
21
-4.1337712598425194
0
LINE
8
BLACK
6
CONTINUOUS
10
3.6790638582677166
20
-4.1337712598425194
11
3.6801278740157479
21
-4.1298002755905507
0
LINE
8
BLACK
6
CONTINUOUS
10
3.6801278740157479
20
-4.1298002755905507
11
3.6821834251968504
21
-4.1262399606299214
0
LINE
8
BLACK
6
CONTINUOUS
10
3.6821834251968504
20
-4.1262399606299214
11
3.6850903543307085
21
-4.1233330314960632
0
LINE
8
BLACK
6
CONTINUOUS
10
3.6850903543307085
20
-4.1233330314960632
11
3.6886506692913383
21
-4.1212774803149603
0
LINE
8
BLACK
6
CONTINUOUS
10
3.6886506692913383
20
-4.1212774803149603
11
3.692621653543307
21
-4.1202134645669286
0
LINE
8
BLACK
6
CONTINUOUS
10
3.692621653543307
20
-4.1202134645669286
11
3.6967326771653544
21
-4.1202134645669286
0
LINE
8
BLACK
6
CONTINUOUS
10
3.6967326771653544
20
-4.1202134645669286
11
3.7007036614173225
21
-4.1212774803149603
0
LINE
8
BLACK
6
CONTINUOUS
10
3.745979251968504
20
-4.1212774803149603
11
3.7495395669291338
21
-4.1233330314960632
0
LINE
8
BLACK
6
CONTINUOUS
10
3.7495395669291338
20
-4.1233330314960632
11
3.752446496062992
21
-4.1262399606299214
0
LINE
8
BLACK
6
CONTINUOUS
10
3.752446496062992
20
-4.1262399606299214
11
3.7545020472440944
21
-4.1298002755905507
0
LINE
8
BLACK
6
CONTINUOUS
10
3.7545020472440944
20
-4.1298002755905507
11
3.7555660629921257
21
-4.1337712598425194
0
LINE
8
BLACK
6
CONTINUOUS
10
3.7555660629921257
20
-4.1337712598425194
11
3.7555660629921257
21
-4.1378822834645668
0
LINE
8
BLACK
6
CONTINUOUS
10
3.7555660629921257
20
-4.1378822834645668
11
3.7545020472440944
21
-4.1418532677165354
0
LINE
8
BLACK
6
CONTINUOUS
10
3.7545020472440944
20
-4.1418532677165354
11
3.752446496062992
21
-4.1454135826771656
0
LINE
8
BLACK
6
CONTINUOUS
10
3.752446496062992
20
-4.1454135826771656
11
3.7495395669291338
21
-4.1483205118110238
0
LINE
8
BLACK
6
CONTINUOUS
10
3.7495395669291338
20
-4.1483205118110238
11
3.745979251968504
21
-4.1503760629921258
0
LINE
8
BLACK
6
CONTINUOUS
10
3.745979251968504
20
-4.1503760629921258
11
3.7420082677165354
21
-4.1514400787401575
0
LINE
8
BLACK
6
CONTINUOUS
10
3.7420082677165354
20
-4.1514400787401575
11
3.737897244094488
21
-4.1514400787401575
0
LINE
8
BLACK
6
CONTINUOUS
10
3.737897244094488
20
-4.1514400787401575
11
3.7339262598425198
21
-4.1503760629921258
0
LINE
8
BLACK
6
CONTINUOUS
10
3.7339262598425198
20
-4.1503760629921258
11
3.7303659448818896
21
-4.1483205118110238
0
LINE
8
BLACK
6
CONTINUOUS
10
3.7303659448818896
20
-4.1483205118110238
11
3.7274590157480314
21
-4.1454135826771656
0
LINE
8
BLACK
6
CONTINUOUS
10
3.7274590157480314
20
-4.1454135826771656
11
3.7254034645669289
21
-4.1418532677165354
0
LINE
8
BLACK
6
CONTINUOUS
10
3.7254034645669289
20
-4.1418532677165354
11
3.7243394488188977
21
-4.1378822834645668
0
LINE
8
BLACK
6
CONTINUOUS
10
3.7243394488188977
20
-4.1378822834645668
11
3.7243394488188977
21
-4.1337712598425194
0
LINE
8
BLACK
6
CONTINUOUS
10
3.7243394488188977
20
-4.1337712598425194
11
3.7254034645669289
21
-4.1298002755905507
0
LINE
8
BLACK
6
CONTINUOUS
10
3.7254034645669289
20
-4.1298002755905507
11
3.7274590157480314
21
-4.1262399606299214
0
LINE
8
BLACK
6
CONTINUOUS
10
3.7274590157480314
20
-4.1262399606299214
11
3.7303659448818896
21
-4.1233330314960632
0
LINE
8
BLACK
6
CONTINUOUS
10
3.7303659448818896
20
-4.1233330314960632
11
3.7339262598425198
21
-4.1212774803149603
0
LINE
8
BLACK
6
CONTINUOUS
10
3.7339262598425198
20
-4.1212774803149603
11
3.737897244094488
21
-4.1202134645669286
0
LINE
8
BLACK
6
CONTINUOUS
10
3.737897244094488
20
-4.1202134645669286
11
3.7420082677165354
21
-4.1202134645669286
0
LINE
8
BLACK
6
CONTINUOUS
10
3.7420082677165354
20
-4.1202134645669286
11
3.745979251968504
21
-4.1212774803149603
0
LINE
8
BLACK
6
CONTINUOUS
10
3.4626102362204723
20
-4.0709513779527562
11
3.4675949212598423
21
-4.0726955905511808
0
LINE
8
BLACK
6
CONTINUOUS
10
3.4675949212598423
20
-4.0726955905511808
11
3.4718440157480313
21
-4.0758315748031499
0
LINE
8
BLACK
6
CONTINUOUS
10
3.4718440157480313
20
-4.0758315748031499
11
3.47498
21
-4.0800806692913385
0
LINE
8
BLACK
6
CONTINUOUS
10
3.47498
20
-4.0800806692913385
11
3.476724212598425
21
-4.0850653543307089
0
LINE
8
BLACK
6
CONTINUOUS
10
3.476724212598425
20
-4.0850653543307089
11
3.4770330708661414
21
-4.0883590551181097
0
LINE
8
BLACK
6
CONTINUOUS
10
3.4770330708661414
20
-4.0883590551181097
11
3.4770330708661414
21
-4.1139496062992125
0
LINE
8
BLACK
6
CONTINUOUS
10
3.4770330708661414
20
-4.1139496062992125
11
3.476724212598425
21
-4.1172433070866141
0
LINE
8
BLACK
6
CONTINUOUS
10
3.476724212598425
20
-4.1172433070866141
11
3.47498
21
-4.1222279921259846
0
LINE
8
BLACK
6
CONTINUOUS
10
3.47498
20
-4.1222279921259846
11
3.4718440157480313
21
-4.1264770866141731
0
LINE
8
BLACK
6
CONTINUOUS
10
3.4718440157480313
20
-4.1264770866141731
11
3.4675949212598423
21
-4.1296130708661414
0
LINE
8
BLACK
6
CONTINUOUS
10
3.4675949212598423
20
-4.1296130708661414
11
3.4626102362204723
21
-4.1313572834645669
0
LINE
8
BLACK
6
CONTINUOUS
10
3.4626102362204723
20
-4.1313572834645669
11
3.4593165354330706
21
-4.1316661417322837
0
LINE
8
BLACK
6
CONTINUOUS
10
3.4593165354330706
20
-4.1316661417322837
11
3.4238834645669289
21
-4.1316661417322837
0
LINE
8
BLACK
6
CONTINUOUS
10
3.4238834645669289
20
-4.1316661417322837
11
3.4205897637795273
21
-4.1313572834645669
0
LINE
8
BLACK
6
CONTINUOUS
10
3.4205897637795273
20
-4.1313572834645669
11
3.4156050787401573
21
-4.1296130708661414
0
LINE
8
BLACK
6
CONTINUOUS
10
3.4156050787401573
20
-4.1296130708661414
11
3.4113559842519683
21
-4.1264770866141731
0
LINE
8
BLACK
6
CONTINUOUS
10
3.4113559842519683
20
-4.1264770866141731
11
3.40822
21
-4.1222279921259846
0
LINE
8
BLACK
6
CONTINUOUS
10
3.40822
20
-4.1222279921259846
11
3.4064757874015745
21
-4.1172433070866141
0
LINE
8
BLACK
6
CONTINUOUS
10
3.4064757874015745
20
-4.1172433070866141
11
3.4061669291338581
21
-4.1139496062992125
0
LINE
8
BLACK
6
CONTINUOUS
10
3.4061669291338581
20
-4.1139496062992125
11
3.4061669291338581
21
-4.0883590551181097
0
LINE
8
BLACK
6
CONTINUOUS
10
3.4061669291338581
20
-4.0883590551181097
11
3.4064757874015745
21
-4.0850653543307089
0
LINE
8
BLACK
6
CONTINUOUS
10
3.4064757874015745
20
-4.0850653543307089
11
3.40822
21
-4.0800806692913385
0
LINE
8
BLACK
6
CONTINUOUS
10
3.40822
20
-4.0800806692913385
11
3.4113559842519683
21
-4.0758315748031499
0
LINE
8
BLACK
6
CONTINUOUS
10
3.4113559842519683
20
-4.0758315748031499
11
3.4156050787401573
21
-4.0726955905511808
0
LINE
8
BLACK
6
CONTINUOUS
10
3.4156050787401573
20
-4.0726955905511808
11
3.4205897637795273
21
-4.0709513779527562
0
LINE
8
BLACK
6
CONTINUOUS
10
3.4205897637795273
20
-4.0709513779527562
11
3.4238834645669289
21
-4.0706425196850393
0
LINE
8
BLACK
6
CONTINUOUS
10
3.4238834645669289
20
-4.0706425196850393
11
3.4593165354330706
21
-4.0706425196850393
0
LINE
8
BLACK
6
CONTINUOUS
10
3.4593165354330706
20
-4.0706425196850393
11
3.4626102362204723
21
-4.0709513779527562
0
LINE
8
BLACK
6
CONTINUOUS
10
4.3489491338582678
20
-4.0420072047244098
11
4.3559012598425193
21
-4.0448868897637791
0
LINE
8
BLACK
6
CONTINUOUS
10
4.3559012598425193
20
-4.0448868897637791
11
4.3621579921259839
21
-4.049067519685039
0
LINE
8
BLACK
6
CONTINUOUS
10
4.3621579921259839
20
-4.049067519685039
11
4.3674789370078742
21
-4.0543884645669293
0
LINE
8
BLACK
6
CONTINUOUS
10
4.3674789370078742
20
-4.0543884645669293
11
4.371659566929134
21
-4.0606451968503938
0
LINE
8
BLACK
6
CONTINUOUS
10
4.371659566929134
20
-4.0606451968503938
11
4.3745392519685042
21
-4.0675973228346454
0
LINE
8
BLACK
6
CONTINUOUS
10
4.3745392519685042
20
-4.0675973228346454
11
4.3760072834645669
21
-4.0749776771653545
0
LINE
8
BLACK
6
CONTINUOUS
10
4.3760072834645669
20
-4.0749776771653545
11
4.3760072834645669
21
-4.0825026377952751
0
LINE
8
BLACK
6
CONTINUOUS
10
4.3760072834645669
20
-4.0825026377952751
11
4.3745392519685042
21
-4.0898829921259843
0
LINE
8
BLACK
6
CONTINUOUS
10
4.3745392519685042
20
-4.0898829921259843
11
4.371659566929134
21
-4.0968351181102358
0
LINE
8
BLACK
6
CONTINUOUS
10
4.371659566929134
20
-4.0968351181102358
11
4.3674789370078742
21
-4.1030918503937004
0
LINE
8
BLACK
6
CONTINUOUS
10
4.3674789370078742
20
-4.1030918503937004
11
4.3621579921259839
21
-4.1084127952755907
0
LINE
8
BLACK
6
CONTINUOUS
10
4.3621579921259839
20
-4.1084127952755907
11
4.3559012598425193
21
-4.1125934251968506
0
LINE
8
BLACK
6
CONTINUOUS
10
4.3559012598425193
20
-4.1125934251968506
11
4.3489491338582678
21
-4.1154731102362208
0
LINE
8
BLACK
6
CONTINUOUS
10
4.3489491338582678
20
-4.1154731102362208
11
4.3415687795275586
21
-4.1169411417322834
0
LINE
8
BLACK
6
CONTINUOUS
10
4.3415687795275586
20
-4.1169411417322834
11
4.334043818897638
21
-4.1169411417322834
0
LINE
8
BLACK
6
CONTINUOUS
10
4.334043818897638
20
-4.1169411417322834
11
4.3266634645669289
21
-4.1154731102362208
0
LINE
8
BLACK
6
CONTINUOUS
10
4.3266634645669289
20
-4.1154731102362208
11
4.3197113385826773
21
-4.1125934251968506
0
LINE
8
BLACK
6
CONTINUOUS
10
4.3197113385826773
20
-4.1125934251968506
11
4.3134546062992127
21
-4.1084127952755907
0
LINE
8
BLACK
6
CONTINUOUS
10
4.3134546062992127
20
-4.1084127952755907
11
4.3081336614173225
21
-4.1030918503937004
0
LINE
8
BLACK
6
CONTINUOUS
10
4.3081336614173225
20
-4.1030918503937004
11
4.3039530314960626
21
-4.0968351181102358
0
LINE
8
BLACK
6
CONTINUOUS
10
4.3039530314960626
20
-4.0968351181102358
11
4.3010733464566933
21
-4.0898829921259843
0
LINE
8
BLACK
6
CONTINUOUS
10
4.3010733464566933
20
-4.0898829921259843
11
4.2996053149606297
21
-4.0825026377952751
0
LINE
8
BLACK
6
CONTINUOUS
10
4.2996053149606297
20
-4.0825026377952751
11
4.2996053149606297
21
-4.0749776771653545
0
LINE
8
BLACK
6
CONTINUOUS
10
4.2996053149606297
20
-4.0749776771653545
11
4.3010733464566933
21
-4.0675973228346454
0
LINE
8
BLACK
6
CONTINUOUS
10
4.3010733464566933
20
-4.0675973228346454
11
4.3039530314960626
21
-4.0606451968503938
0
LINE
8
BLACK
6
CONTINUOUS
10
4.3039530314960626
20
-4.0606451968503938
11
4.3081336614173225
21
-4.0543884645669293
0
LINE
8
BLACK
6
CONTINUOUS
10
4.3081336614173225
20
-4.0543884645669293
11
4.3134546062992127
21
-4.049067519685039
0
LINE
8
BLACK
6
CONTINUOUS
10
4.3134546062992127
20
-4.049067519685039
11
4.3197113385826773
21
-4.0448868897637791
0
LINE
8
BLACK
6
CONTINUOUS
10
4.3197113385826773
20
-4.0448868897637791
11
4.3266634645669289
21
-4.0420072047244098
0
LINE
8
BLACK
6
CONTINUOUS
10
4.3266634645669289
20
-4.0420072047244098
11
4.334043818897638
21
-4.0405391732283462
0
LINE
8
BLACK
6
CONTINUOUS
10
4.334043818897638
20
-4.0405391732283462
11
4.3415687795275586
21
-4.0405391732283462
0
LINE
8
BLACK
6
CONTINUOUS
10
4.3415687795275586
20
-4.0405391732283462
11
4.3489491338582678
21
-4.0420072047244098
0
LINE
8
BLACK
6
CONTINUOUS
10
5.0497365354330706
20
-4.0420072047244098
11
5.056688661417323
21
-4.0448868897637791
0
LINE
8
BLACK
6
CONTINUOUS
10
5.056688661417323
20
-4.0448868897637791
11
5.0629453937007876
21
-4.049067519685039
0
LINE
8
BLACK
6
CONTINUOUS
10
5.0629453937007876
20
-4.049067519685039
11
5.0682663385826769
21
-4.0543884645669293
0
LINE
8
BLACK
6
CONTINUOUS
10
5.0682663385826769
20
-4.0543884645669293
11
5.0724469685039368
21
-4.0606451968503938
0
LINE
8
BLACK
6
CONTINUOUS
10
5.0724469685039368
20
-4.0606451968503938
11
5.075326653543307
21
-4.0675973228346454
0
LINE
8
BLACK
6
CONTINUOUS
10
5.075326653543307
20
-4.0675973228346454
11
5.0767946850393697
21
-4.0749776771653545
0
LINE
8
BLACK
6
CONTINUOUS
10
5.0767946850393697
20
-4.0749776771653545
11
5.0767946850393697
21
-4.0825026377952751
0
LINE
8
BLACK
6
CONTINUOUS
10
5.0767946850393697
20
-4.0825026377952751
11
5.075326653543307
21
-4.0898829921259843
0
LINE
8
BLACK
6
CONTINUOUS
10
5.075326653543307
20
-4.0898829921259843
11
5.0724469685039368
21
-4.0968351181102358
0
LINE
8
BLACK
6
CONTINUOUS
10
5.0724469685039368
20
-4.0968351181102358
11
5.0682663385826769
21
-4.1030918503937004
0
LINE
8
BLACK
6
CONTINUOUS
10
5.0682663385826769
20
-4.1030918503937004
11
5.0629453937007876
21
-4.1084127952755907
0
LINE
8
BLACK
6
CONTINUOUS
10
5.0629453937007876
20
-4.1084127952755907
11
5.056688661417323
21
-4.1125934251968506
0
LINE
8
BLACK
6
CONTINUOUS
10
5.056688661417323
20
-4.1125934251968506
11
5.0497365354330706
21
-4.1154731102362208
0
LINE
8
BLACK
6
CONTINUOUS
10
5.0497365354330706
20
-4.1154731102362208
11
5.0423561811023623
21
-4.1169411417322834
0
LINE
8
BLACK
6
CONTINUOUS
10
5.0423561811023623
20
-4.1169411417322834
11
5.0348312204724408
21
-4.1169411417322834
0
LINE
8
BLACK
6
CONTINUOUS
10
5.0348312204724408
20
-4.1169411417322834
11
5.0274508661417325
21
-4.1154731102362208
0
LINE
8
BLACK
6
CONTINUOUS
10
5.0274508661417325
20
-4.1154731102362208
11
5.0204987401574801
21
-4.1125934251968506
0
LINE
8
BLACK
6
CONTINUOUS
10
5.0204987401574801
20
-4.1125934251968506
11
5.0142420078740155
21
-4.1084127952755907
0
LINE
8
BLACK
6
CONTINUOUS
10
5.0142420078740155
20
-4.1084127952755907
11
5.0089210629921261
21
-4.1030918503937004
0
LINE
8
BLACK
6
CONTINUOUS
10
5.0089210629921261
20
-4.1030918503937004
11
5.0047404330708662
21
-4.0968351181102358
0
LINE
8
BLACK
6
CONTINUOUS
10
5.0047404330708662
20
-4.0968351181102358
11
5.0018607480314961
21
-4.0898829921259843
0
LINE
8
BLACK
6
CONTINUOUS
10
5.0018607480314961
20
-4.0898829921259843
11
5.0003927165354334
21
-4.0825026377952751
0
LINE
8
BLACK
6
CONTINUOUS
10
5.0003927165354334
20
-4.0825026377952751
11
5.0003927165354334
21
-4.0749776771653545
0
LINE
8
BLACK
6
CONTINUOUS
10
5.0003927165354334
20
-4.0749776771653545
11
5.0018607480314961
21
-4.0675973228346454
0
LINE
8
BLACK
6
CONTINUOUS
10
5.0018607480314961
20
-4.0675973228346454
11
5.0047404330708662
21
-4.0606451968503938
0
LINE
8
BLACK
6
CONTINUOUS
10
5.0047404330708662
20
-4.0606451968503938
11
5.0089210629921261
21
-4.0543884645669293
0
LINE
8
BLACK
6
CONTINUOUS
10
5.0089210629921261
20
-4.0543884645669293
11
5.0142420078740155
21
-4.049067519685039
0
LINE
8
BLACK
6
CONTINUOUS
10
5.0142420078740155
20
-4.049067519685039
11
5.0204987401574801
21
-4.0448868897637791
0
LINE
8
BLACK
6
CONTINUOUS
10
5.0204987401574801
20
-4.0448868897637791
11
5.0274508661417325
21
-4.0420072047244098
0
LINE
8
BLACK
6
CONTINUOUS
10
5.0274508661417325
20
-4.0420072047244098
11
5.0348312204724408
21
-4.0405391732283462
0
LINE
8
BLACK
6
CONTINUOUS
10
5.0348312204724408
20
-4.0405391732283462
11
5.0423561811023623
21
-4.0405391732283462
0
LINE
8
BLACK
6
CONTINUOUS
10
5.0423561811023623
20
-4.0405391732283462
11
5.0497365354330706
21
-4.0420072047244098
0
LINE
8
BLACK
6
CONTINUOUS
10
3.5196012992125985
20
-4.0760018897637798
11
3.5231616141732283
21
-4.0780574409448818
0
LINE
8
BLACK
6
CONTINUOUS
10
3.5231616141732283
20
-4.0780574409448818
11
3.5260685433070864
21
-4.0809643700787399
0
LINE
8
BLACK
6
CONTINUOUS
10
3.5260685433070864
20
-4.0809643700787399
11
3.5281240944881889
21
-4.0845246850393702
0
LINE
8
BLACK
6
CONTINUOUS
10
3.5281240944881889
20
-4.0845246850393702
11
3.5291881102362206
21
-4.0884956692913388
0
LINE
8
BLACK
6
CONTINUOUS
10
3.5291881102362206
20
-4.0884956692913388
11
3.5291881102362206
21
-4.0926066929133853
0
LINE
8
BLACK
6
CONTINUOUS
10
3.5291881102362206
20
-4.0926066929133853
11
3.5281240944881889
21
-4.0965776771653539
0
LINE
8
BLACK
6
CONTINUOUS
10
3.5281240944881889
20
-4.0965776771653539
11
3.5260685433070864
21
-4.1001379921259842
0
LINE
8
BLACK
6
CONTINUOUS
10
3.5260685433070864
20
-4.1001379921259842
11
3.5231616141732283
21
-4.1030449212598423
0
LINE
8
BLACK
6
CONTINUOUS
10
3.5231616141732283
20
-4.1030449212598423
11
3.5196012992125985
21
-4.1051004724409452
0
LINE
8
BLACK
6
CONTINUOUS
10
3.5196012992125985
20
-4.1051004724409452
11
3.5156303149606298
21
-4.1061644881889761
0
LINE
8
BLACK
6
CONTINUOUS
10
3.5156303149606298
20
-4.1061644881889761
11
3.5115192913385824
21
-4.1061644881889761
0
LINE
8
BLACK
6
CONTINUOUS
10
3.5115192913385824
20
-4.1061644881889761
11
3.5075483070866142
21
-4.1051004724409452
0
LINE
8
BLACK
6
CONTINUOUS
10
3.5075483070866142
20
-4.1051004724409452
11
3.503987992125984
21
-4.1030449212598423
0
LINE
8
BLACK
6
CONTINUOUS
10
3.503987992125984
20
-4.1030449212598423
11
3.5010810629921258
21
-4.1001379921259842
0
LINE
8
BLACK
6
CONTINUOUS
10
3.5010810629921258
20
-4.1001379921259842
11
3.4990255118110234
21
-4.0965776771653539
0
LINE
8
BLACK
6
CONTINUOUS
10
3.4990255118110234
20
-4.0965776771653539
11
3.4979614960629921
21
-4.0926066929133853
0
LINE
8
BLACK
6
CONTINUOUS
10
3.4979614960629921
20
-4.0926066929133853
11
3.4979614960629921
21
-4.0884956692913388
0
LINE
8
BLACK
6
CONTINUOUS
10
3.4979614960629921
20
-4.0884956692913388
11
3.4990255118110234
21
-4.0845246850393702
0
LINE
8
BLACK
6
CONTINUOUS
10
3.4990255118110234
20
-4.0845246850393702
11
3.5010810629921258
21
-4.0809643700787399
0
LINE
8
BLACK
6
CONTINUOUS
10
3.5010810629921258
20
-4.0809643700787399
11
3.503987992125984
21
-4.0780574409448818
0
LINE
8
BLACK
6
CONTINUOUS
10
3.503987992125984
20
-4.0780574409448818
11
3.5075483070866142
21
-4.0760018897637798
0
LINE
8
BLACK
6
CONTINUOUS
10
3.5075483070866142
20
-4.0760018897637798
11
3.5115192913385824
21
-4.074937874015748
0
LINE
8
BLACK
6
CONTINUOUS
10
3.5115192913385824
20
-4.074937874015748
11
3.5156303149606298
21
-4.074937874015748
0
LINE
8
BLACK
6
CONTINUOUS
10
3.5156303149606298
20
-4.074937874015748
11
3.5196012992125985
21
-4.0760018897637798
0
LINE
8
BLACK
6
CONTINUOUS
10
3.5648768897637795
20
-4.0760018897637798
11
3.5684372047244093
21
-4.0780574409448818
0
LINE
8
BLACK
6
CONTINUOUS
10
3.5684372047244093
20
-4.0780574409448818
11
3.5713441338582674
21
-4.0809643700787399
0
LINE
8
BLACK
6
CONTINUOUS
10
3.5713441338582674
20
-4.0809643700787399
11
3.5733996850393699
21
-4.0845246850393702
0
LINE
8
BLACK
6
CONTINUOUS
10
3.5733996850393699
20
-4.0845246850393702
11
3.5744637007874016
21
-4.0884956692913388
0
LINE
8
BLACK
6
CONTINUOUS
10
3.5744637007874016
20
-4.0884956692913388
11
3.5744637007874016
21
-4.0926066929133853
0
LINE
8
BLACK
6
CONTINUOUS
10
3.5744637007874016
20
-4.0926066929133853
11
3.5733996850393699
21
-4.0965776771653539
0
LINE
8
BLACK
6
CONTINUOUS
10
3.5733996850393699
20
-4.0965776771653539
11
3.5713441338582674
21
-4.1001379921259842
0
LINE
8
BLACK
6
CONTINUOUS
10
3.5713441338582674
20
-4.1001379921259842
11
3.5684372047244093
21
-4.1030449212598423
0
LINE
8
BLACK
6
CONTINUOUS
10
3.5684372047244093
20
-4.1030449212598423
11
3.5648768897637795
21
-4.1051004724409452
0
LINE
8
BLACK
6
CONTINUOUS
10
3.5648768897637795
20
-4.1051004724409452
11
3.5609059055118109
21
-4.1061644881889761
0
LINE
8
BLACK
6
CONTINUOUS
10
3.5609059055118109
20
-4.1061644881889761
11
3.5567948818897639
21
-4.1061644881889761
0
LINE
8
BLACK
6
CONTINUOUS
10
3.5567948818897639
20
-4.1061644881889761
11
3.5528238976377953
21
-4.1051004724409452
0
LINE
8
BLACK
6
CONTINUOUS
10
3.5528238976377953
20
-4.1051004724409452
11
3.5492635826771655
21
-4.1030449212598423
0
LINE
8
BLACK
6
CONTINUOUS
10
3.5492635826771655
20
-4.1030449212598423
11
3.5463566535433069
21
-4.1001379921259842
0
LINE
8
BLACK
6
CONTINUOUS
10
3.5463566535433069
20
-4.1001379921259842
11
3.5443011023622049
21
-4.0965776771653539
0
LINE
8
BLACK
6
CONTINUOUS
10
3.5443011023622049
20
-4.0965776771653539
11
3.5432370866141731
21
-4.0926066929133853
0
LINE
8
BLACK
6
CONTINUOUS
10
3.5432370866141731
20
-4.0926066929133853
11
3.5432370866141731
21
-4.0884956692913388
0
LINE
8
BLACK
6
CONTINUOUS
10
3.5432370866141731
20
-4.0884956692913388
11
3.5443011023622049
21
-4.0845246850393702
0
LINE
8
BLACK
6
CONTINUOUS
10
3.5443011023622049
20
-4.0845246850393702
11
3.5463566535433069
21
-4.0809643700787399
0
LINE
8
BLACK
6
CONTINUOUS
10
3.5463566535433069
20
-4.0809643700787399
11
3.5492635826771655
21
-4.0780574409448818
0
LINE
8
BLACK
6
CONTINUOUS
10
3.5492635826771655
20
-4.0780574409448818
11
3.5528238976377953
21
-4.0760018897637798
0
LINE
8
BLACK
6
CONTINUOUS
10
3.5528238976377953
20
-4.0760018897637798
11
3.5567948818897639
21
-4.074937874015748
0
LINE
8
BLACK
6
CONTINUOUS
10
3.5567948818897639
20
-4.074937874015748
11
3.5609059055118109
21
-4.074937874015748
0
LINE
8
BLACK
6
CONTINUOUS
10
3.5609059055118109
20
-4.074937874015748
11
3.5648768897637795
21
-4.0760018897637798
0
LINE
8
BLACK
6
CONTINUOUS
10
3.6101524803149605
20
-4.0760018897637798
11
3.6137127952755903
21
-4.0780574409448818
0
LINE
8
BLACK
6
CONTINUOUS
10
3.6137127952755903
20
-4.0780574409448818
11
3.6166197244094489
21
-4.0809643700787399
0
LINE
8
BLACK
6
CONTINUOUS
10
3.6166197244094489
20
-4.0809643700787399
11
3.6186752755905509
21
-4.0845246850393702
0
LINE
8
BLACK
6
CONTINUOUS
10
3.6186752755905509
20
-4.0845246850393702
11
3.6197392913385826
21
-4.0884956692913388
0
LINE
8
BLACK
6
CONTINUOUS
10
3.6197392913385826
20
-4.0884956692913388
11
3.6197392913385826
21
-4.0926066929133853
0
LINE
8
BLACK
6
CONTINUOUS
10
3.6197392913385826
20
-4.0926066929133853
11
3.6186752755905509
21
-4.0965776771653539
0
LINE
8
BLACK
6
CONTINUOUS
10
3.6186752755905509
20
-4.0965776771653539
11
3.6166197244094489
21
-4.1001379921259842
0
LINE
8
BLACK
6
CONTINUOUS
10
3.6166197244094489
20
-4.1001379921259842
11
3.6137127952755903
21
-4.1030449212598423
0
LINE
8
BLACK
6
CONTINUOUS
10
3.6137127952755903
20
-4.1030449212598423
11
3.6101524803149605
21
-4.1051004724409452
0
LINE
8
BLACK
6
CONTINUOUS
10
3.6101524803149605
20
-4.1051004724409452
11
3.6061814960629919
21
-4.1061644881889761
0
LINE
8
BLACK
6
CONTINUOUS
10
3.6061814960629919
20
-4.1061644881889761
11
3.6020704724409449
21
-4.1061644881889761
0
LINE
8
BLACK
6
CONTINUOUS
10
3.6020704724409449
20
-4.1061644881889761
11
3.5980994881889763
21
-4.1051004724409452
0
LINE
8
BLACK
6
CONTINUOUS
10
3.5980994881889763
20
-4.1051004724409452
11
3.5945391732283465
21
-4.1030449212598423
0
LINE
8
BLACK
6
CONTINUOUS
10
3.5945391732283465
20
-4.1030449212598423
11
3.5916322440944879
21
-4.1001379921259842
0
LINE
8
BLACK
6
CONTINUOUS
10
3.5916322440944879
20
-4.1001379921259842
11
3.5895766929133859
21
-4.0965776771653539
0
LINE
8
BLACK
6
CONTINUOUS
10
3.5895766929133859
20
-4.0965776771653539
11
3.5885126771653542
21
-4.0926066929133853
0
LINE
8
BLACK
6
CONTINUOUS
10
3.5885126771653542
20
-4.0926066929133853
11
3.5885126771653542
21
-4.0884956692913388
0
LINE
8
BLACK
6
CONTINUOUS
10
3.5885126771653542
20
-4.0884956692913388
11
3.5895766929133859
21
-4.0845246850393702
0
LINE
8
BLACK
6
CONTINUOUS
10
3.5895766929133859
20
-4.0845246850393702
11
3.5916322440944879
21
-4.0809643700787399
0
LINE
8
BLACK
6
CONTINUOUS
10
3.5916322440944879
20
-4.0809643700787399
11
3.5945391732283465
21
-4.0780574409448818
0
LINE
8
BLACK
6
CONTINUOUS
10
3.5945391732283465
20
-4.0780574409448818
11
3.5980994881889763
21
-4.0760018897637798
0
LINE
8
BLACK
6
CONTINUOUS
10
3.5980994881889763
20
-4.0760018897637798
11
3.6020704724409449
21
-4.074937874015748
0
LINE
8
BLACK
6
CONTINUOUS
10
3.6020704724409449
20
-4.074937874015748
11
3.6061814960629919
21
-4.074937874015748
0
LINE
8
BLACK
6
CONTINUOUS
10
3.6061814960629919
20
-4.074937874015748
11
3.6101524803149605
21
-4.0760018897637798
0
LINE
8
BLACK
6
CONTINUOUS
10
3.6554280708661415
20
-4.0760018897637798
11
3.6589883858267718
21
-4.0780574409448818
0
LINE
8
BLACK
6
CONTINUOUS
10
3.6589883858267718
20
-4.0780574409448818
11
3.6618953149606299
21
-4.0809643700787399
0
LINE
8
BLACK
6
CONTINUOUS
10
3.6618953149606299
20
-4.0809643700787399
11
3.6639508661417324
21
-4.0845246850393702
0
LINE
8
BLACK
6
CONTINUOUS
10
3.6639508661417324
20
-4.0845246850393702
11
3.6650148818897637
21
-4.0884956692913388
0
LINE
8
BLACK
6
CONTINUOUS
10
3.6650148818897637
20
-4.0884956692913388
11
3.6650148818897637
21
-4.0926066929133853
0
LINE
8
BLACK
6
CONTINUOUS
10
3.6650148818897637
20
-4.0926066929133853
11
3.6639508661417324
21
-4.0965776771653539
0
LINE
8
BLACK
6
CONTINUOUS
10
3.6639508661417324
20
-4.0965776771653539
11
3.6618953149606299
21
-4.1001379921259842
0
LINE
8
BLACK
6
CONTINUOUS
10
3.6618953149606299
20
-4.1001379921259842
11
3.6589883858267718
21
-4.1030449212598423
0
LINE
8
BLACK
6
CONTINUOUS
10
3.6589883858267718
20
-4.1030449212598423
11
3.6554280708661415
21
-4.1051004724409452
0
LINE
8
BLACK
6
CONTINUOUS
10
3.6554280708661415
20
-4.1051004724409452
11
3.6514570866141733
21
-4.1061644881889761
0
LINE
8
BLACK
6
CONTINUOUS
10
3.6514570866141733
20
-4.1061644881889761
11
3.6473460629921259
21
-4.1061644881889761
0
LINE
8
BLACK
6
CONTINUOUS
10
3.6473460629921259
20
-4.1061644881889761
11
3.6433750787401573
21
-4.1051004724409452
0
LINE
8
BLACK
6
CONTINUOUS
10
3.6433750787401573
20
-4.1051004724409452
11
3.6398147637795275
21
-4.1030449212598423
0
LINE
8
BLACK
6
CONTINUOUS
10
3.6398147637795275
20
-4.1030449212598423
11
3.6369078346456694
21
-4.1001379921259842
0
LINE
8
BLACK
6
CONTINUOUS
10
3.6369078346456694
20
-4.1001379921259842
11
3.6348522834645669
21
-4.0965776771653539
0
LINE
8
BLACK
6
CONTINUOUS
10
3.6348522834645669
20
-4.0965776771653539
11
3.6337882677165352
21
-4.0926066929133853
0
LINE
8
BLACK
6
CONTINUOUS
10
3.6337882677165352
20
-4.0926066929133853
11
3.6337882677165352
21
-4.0884956692913388
0
LINE
8
BLACK
6
CONTINUOUS
10
3.6337882677165352
20
-4.0884956692913388
11
3.6348522834645669
21
-4.0845246850393702
0
LINE
8
BLACK
6
CONTINUOUS
10
3.6348522834645669
20
-4.0845246850393702
11
3.6369078346456694
21
-4.0809643700787399
0
LINE
8
BLACK
6
CONTINUOUS
10
3.6369078346456694
20
-4.0809643700787399
11
3.6398147637795275
21
-4.0780574409448818
0
LINE
8
BLACK
6
CONTINUOUS
10
3.6398147637795275
20
-4.0780574409448818
11
3.6433750787401573
21
-4.0760018897637798
0
LINE
8
BLACK
6
CONTINUOUS
10
3.6433750787401573
20
-4.0760018897637798
11
3.6473460629921259
21
-4.074937874015748
0
LINE
8
BLACK
6
CONTINUOUS
10
3.6473460629921259
20
-4.074937874015748
11
3.6514570866141733
21
-4.074937874015748
0
LINE
8
BLACK
6
CONTINUOUS
10
3.6514570866141733
20
-4.074937874015748
11
3.6554280708661415
21
-4.0760018897637798
0
LINE
8
BLACK
6
CONTINUOUS
10
3.7007036614173225
20
-4.0760018897637798
11
3.7042639763779528
21
-4.0780574409448818
0
LINE
8
BLACK
6
CONTINUOUS
10
3.7042639763779528
20
-4.0780574409448818
11
3.7071709055118109
21
-4.0809643700787399
0
LINE
8
BLACK
6
CONTINUOUS
10
3.7071709055118109
20
-4.0809643700787399
11
3.7092264566929134
21
-4.0845246850393702
0
LINE
8
BLACK
6
CONTINUOUS
10
3.7092264566929134
20
-4.0845246850393702
11
3.7102904724409447
21
-4.0884956692913388
0
LINE
8
BLACK
6
CONTINUOUS
10
3.7102904724409447
20
-4.0884956692913388
11
3.7102904724409447
21
-4.0926066929133853
0
LINE
8
BLACK
6
CONTINUOUS
10
3.7102904724409447
20
-4.0926066929133853
11
3.7092264566929134
21
-4.0965776771653539
0
LINE
8
BLACK
6
CONTINUOUS
10
3.7092264566929134
20
-4.0965776771653539
11
3.7071709055118109
21
-4.1001379921259842
0
LINE
8
BLACK
6
CONTINUOUS
10
3.7071709055118109
20
-4.1001379921259842
11
3.7042639763779528
21
-4.1030449212598423
0
LINE
8
BLACK
6
CONTINUOUS
10
3.7042639763779528
20
-4.1030449212598423
11
3.7007036614173225
21
-4.1051004724409452
0
LINE
8
BLACK
6
CONTINUOUS
10
3.7007036614173225
20
-4.1051004724409452
11
3.6967326771653544
21
-4.1061644881889761
0
LINE
8
BLACK
6
CONTINUOUS
10
3.6967326771653544
20
-4.1061644881889761
11
3.692621653543307
21
-4.1061644881889761
0
LINE
8
BLACK
6
CONTINUOUS
10
3.692621653543307
20
-4.1061644881889761
11
3.6886506692913383
21
-4.1051004724409452
0
LINE
8
BLACK
6
CONTINUOUS
10
3.6886506692913383
20
-4.1051004724409452
11
3.6850903543307085
21
-4.1030449212598423
0
LINE
8
BLACK
6
CONTINUOUS
10
3.6850903543307085
20
-4.1030449212598423
11
3.6821834251968504
21
-4.1001379921259842
0
LINE
8
BLACK
6
CONTINUOUS
10
3.6821834251968504
20
-4.1001379921259842
11
3.6801278740157479
21
-4.0965776771653539
0
LINE
8
BLACK
6
CONTINUOUS
10
3.6801278740157479
20
-4.0965776771653539
11
3.6790638582677166
21
-4.0926066929133853
0
LINE
8
BLACK
6
CONTINUOUS
10
3.6790638582677166
20
-4.0926066929133853
11
3.6790638582677166
21
-4.0884956692913388
0
LINE
8
BLACK
6
CONTINUOUS
10
3.6790638582677166
20
-4.0884956692913388
11
3.6801278740157479
21
-4.0845246850393702
0
LINE
8
BLACK
6
CONTINUOUS
10
3.6801278740157479
20
-4.0845246850393702
11
3.6821834251968504
21
-4.0809643700787399
0
LINE
8
BLACK
6
CONTINUOUS
10
3.6821834251968504
20
-4.0809643700787399
11
3.6850903543307085
21
-4.0780574409448818
0
LINE
8
BLACK
6
CONTINUOUS
10
3.6850903543307085
20
-4.0780574409448818
11
3.6886506692913383
21
-4.0760018897637798
0
LINE
8
BLACK
6
CONTINUOUS
10
3.6886506692913383
20
-4.0760018897637798
11
3.692621653543307
21
-4.074937874015748
0
LINE
8
BLACK
6
CONTINUOUS
10
3.692621653543307
20
-4.074937874015748
11
3.6967326771653544
21
-4.074937874015748
0
LINE
8
BLACK
6
CONTINUOUS
10
3.6967326771653544
20
-4.074937874015748
11
3.7007036614173225
21
-4.0760018897637798
0
LINE
8
BLACK
6
CONTINUOUS
10
3.745979251968504
20
-4.0760018897637798
11
3.7495395669291338
21
-4.0780574409448818
0
LINE
8
BLACK
6
CONTINUOUS
10
3.7495395669291338
20
-4.0780574409448818
11
3.752446496062992
21
-4.0809643700787399
0
LINE
8
BLACK
6
CONTINUOUS
10
3.752446496062992
20
-4.0809643700787399
11
3.7545020472440944
21
-4.0845246850393702
0
LINE
8
BLACK
6
CONTINUOUS
10
3.7545020472440944
20
-4.0845246850393702
11
3.7555660629921257
21
-4.0884956692913388
0
LINE
8
BLACK
6
CONTINUOUS
10
3.7555660629921257
20
-4.0884956692913388
11
3.7555660629921257
21
-4.0926066929133853
0
LINE
8
BLACK
6
CONTINUOUS
10
3.7555660629921257
20
-4.0926066929133853
11
3.7545020472440944
21
-4.0965776771653539
0
LINE
8
BLACK
6
CONTINUOUS
10
3.7545020472440944
20
-4.0965776771653539
11
3.752446496062992
21
-4.1001379921259842
0
LINE
8
BLACK
6
CONTINUOUS
10
3.752446496062992
20
-4.1001379921259842
11
3.7495395669291338
21
-4.1030449212598423
0
LINE
8
BLACK
6
CONTINUOUS
10
3.7495395669291338
20
-4.1030449212598423
11
3.745979251968504
21
-4.1051004724409452
0
LINE
8
BLACK
6
CONTINUOUS
10
3.745979251968504
20
-4.1051004724409452
11
3.7420082677165354
21
-4.1061644881889761
0
LINE
8
BLACK
6
CONTINUOUS
10
3.7420082677165354
20
-4.1061644881889761
11
3.737897244094488
21
-4.1061644881889761
0
LINE
8
BLACK
6
CONTINUOUS
10
3.737897244094488
20
-4.1061644881889761
11
3.7339262598425198
21
-4.1051004724409452
0
LINE
8
BLACK
6
CONTINUOUS
10
3.7339262598425198
20
-4.1051004724409452
11
3.7303659448818896
21
-4.1030449212598423
0
LINE
8
BLACK
6
CONTINUOUS
10
3.7303659448818896
20
-4.1030449212598423
11
3.7274590157480314
21
-4.1001379921259842
0
LINE
8
BLACK
6
CONTINUOUS
10
3.7274590157480314
20
-4.1001379921259842
11
3.7254034645669289
21
-4.0965776771653539
0
LINE
8
BLACK
6
CONTINUOUS
10
3.7254034645669289
20
-4.0965776771653539
11
3.7243394488188977
21
-4.0926066929133853
0
LINE
8
BLACK
6
CONTINUOUS
10
3.7243394488188977
20
-4.0926066929133853
11
3.7243394488188977
21
-4.0884956692913388
0
LINE
8
BLACK
6
CONTINUOUS
10
3.7243394488188977
20
-4.0884956692913388
11
3.7254034645669289
21
-4.0845246850393702
0
LINE
8
BLACK
6
CONTINUOUS
10
3.7254034645669289
20
-4.0845246850393702
11
3.7274590157480314
21
-4.0809643700787399
0
LINE
8
BLACK
6
CONTINUOUS
10
3.7274590157480314
20
-4.0809643700787399
11
3.7303659448818896
21
-4.0780574409448818
0
LINE
8
BLACK
6
CONTINUOUS
10
3.7303659448818896
20
-4.0780574409448818
11
3.7339262598425198
21
-4.0760018897637798
0
LINE
8
BLACK
6
CONTINUOUS
10
3.7339262598425198
20
-4.0760018897637798
11
3.737897244094488
21
-4.074937874015748
0
LINE
8
BLACK
6
CONTINUOUS
10
3.737897244094488
20
-4.074937874015748
11
3.7420082677165354
21
-4.074937874015748
0
LINE
8
BLACK
6
CONTINUOUS
10
3.7420082677165354
20
-4.074937874015748
11
3.745979251968504
21
-4.0760018897637798
0
LINE
8
BLACK
6
CONTINUOUS
10
3.791254842519685
20
-4.0760018897637798
11
3.7948151574803148
21
-4.0780574409448818
0
LINE
8
BLACK
6
CONTINUOUS
10
3.7948151574803148
20
-4.0780574409448818
11
3.797722086614173
21
-4.0809643700787399
0
LINE
8
BLACK
6
CONTINUOUS
10
3.797722086614173
20
-4.0809643700787399
11
3.7997776377952754
21
-4.0845246850393702
0
LINE
8
BLACK
6
CONTINUOUS
10
3.7997776377952754
20
-4.0845246850393702
11
3.8008416535433072
21
-4.0884956692913388
0
LINE
8
BLACK
6
CONTINUOUS
10
3.8008416535433072
20
-4.0884956692913388
11
3.8008416535433072
21
-4.0926066929133853
0
LINE
8
BLACK
6
CONTINUOUS
10
3.8008416535433072
20
-4.0926066929133853
11
3.7997776377952754
21
-4.0965776771653539
0
LINE
8
BLACK
6
CONTINUOUS
10
3.7997776377952754
20
-4.0965776771653539
11
3.797722086614173
21
-4.1001379921259842
0
LINE
8
BLACK
6
CONTINUOUS
10
3.797722086614173
20
-4.1001379921259842
11
3.7948151574803148
21
-4.1030449212598423
0
LINE
8
BLACK
6
CONTINUOUS
10
3.7948151574803148
20
-4.1030449212598423
11
3.791254842519685
21
-4.1051004724409452
0
LINE
8
BLACK
6
CONTINUOUS
10
3.791254842519685
20
-4.1051004724409452
11
3.7872838582677164
21
-4.1061644881889761
0
LINE
8
BLACK
6
CONTINUOUS
10
3.7872838582677164
20
-4.1061644881889761
11
3.783172834645669
21
-4.1061644881889761
0
LINE
8
BLACK
6
CONTINUOUS
10
3.783172834645669
20
-4.1061644881889761
11
3.7792018503937008
21
-4.1051004724409452
0
LINE
8
BLACK
6
CONTINUOUS
10
3.7792018503937008
20
-4.1051004724409452
11
3.7756415354330706
21
-4.1030449212598423
0
LINE
8
BLACK
6
CONTINUOUS
10
3.7756415354330706
20
-4.1030449212598423
11
3.7727346062992124
21
-4.1001379921259842
0
LINE
8
BLACK
6
CONTINUOUS
10
3.7727346062992124
20
-4.1001379921259842
11
3.77067905511811
21
-4.0965776771653539
0
LINE
8
BLACK
6
CONTINUOUS
10
3.77067905511811
20
-4.0965776771653539
11
3.7696150393700787
21
-4.0926066929133853
0
LINE
8
BLACK
6
CONTINUOUS
10
3.7696150393700787
20
-4.0926066929133853
11
3.7696150393700787
21
-4.0884956692913388
0
LINE
8
BLACK
6
CONTINUOUS
10
3.7696150393700787
20
-4.0884956692913388
11
3.77067905511811
21
-4.0845246850393702
0
LINE
8
BLACK
6
CONTINUOUS
10
3.77067905511811
20
-4.0845246850393702
11
3.7727346062992124
21
-4.0809643700787399
0
LINE
8
BLACK
6
CONTINUOUS
10
3.7727346062992124
20
-4.0809643700787399
11
3.7756415354330706
21
-4.0780574409448818
0
LINE
8
BLACK
6
CONTINUOUS
10
3.7756415354330706
20
-4.0780574409448818
11
3.7792018503937008
21
-4.0760018897637798
0
LINE
8
BLACK
6
CONTINUOUS
10
3.7792018503937008
20
-4.0760018897637798
11
3.783172834645669
21
-4.074937874015748
0
LINE
8
BLACK
6
CONTINUOUS
10
3.783172834645669
20
-4.074937874015748
11
3.7872838582677164
21
-4.074937874015748
0
LINE
8
BLACK
6
CONTINUOUS
10
3.7872838582677164
20
-4.074937874015748
11
3.791254842519685
21
-4.0760018897637798
0
LINE
8
BLACK
6
CONTINUOUS
10
3.5196012992125985
20
-4.0307262992125983
11
3.5231616141732283
21
-4.0327818503937003
0
LINE
8
BLACK
6
CONTINUOUS
10
3.5231616141732283
20
-4.0327818503937003
11
3.5260685433070864
21
-4.0356887795275593
0
LINE
8
BLACK
6
CONTINUOUS
10
3.5260685433070864
20
-4.0356887795275593
11
3.5281240944881889
21
-4.0392490944881887
0
LINE
8
BLACK
6
CONTINUOUS
10
3.5281240944881889
20
-4.0392490944881887
11
3.5291881102362206
21
-4.0432200787401573
0
LINE
8
BLACK
6
CONTINUOUS
10
3.5291881102362206
20
-4.0432200787401573
11
3.5291881102362206
21
-4.0473311023622047
0
LINE
8
BLACK
6
CONTINUOUS
10
3.5291881102362206
20
-4.0473311023622047
11
3.5281240944881889
21
-4.0513020866141733
0
LINE
8
BLACK
6
CONTINUOUS
10
3.5281240944881889
20
-4.0513020866141733
11
3.5260685433070864
21
-4.0548624015748027
0
LINE
8
BLACK
6
CONTINUOUS
10
3.5260685433070864
20
-4.0548624015748027
11
3.5231616141732283
21
-4.0577693307086617
0
LINE
8
BLACK
6
CONTINUOUS
10
3.5231616141732283
20
-4.0577693307086617
11
3.5196012992125985
21
-4.0598248818897638
0
LINE
8
BLACK
6
CONTINUOUS
10
3.5196012992125985
20
-4.0598248818897638
11
3.5156303149606298
21
-4.0608888976377955
0
LINE
8
BLACK
6
CONTINUOUS
10
3.5156303149606298
20
-4.0608888976377955
11
3.5115192913385824
21
-4.0608888976377955
0
LINE
8
BLACK
6
CONTINUOUS
10
3.5115192913385824
20
-4.0608888976377955
11
3.5075483070866142
21
-4.0598248818897638
0
LINE
8
BLACK
6
CONTINUOUS
10
3.5075483070866142
20
-4.0598248818897638
11
3.503987992125984
21
-4.0577693307086617
0
LINE
8
BLACK
6
CONTINUOUS
10
3.503987992125984
20
-4.0577693307086617
11
3.5010810629921258
21
-4.0548624015748027
0
LINE
8
BLACK
6
CONTINUOUS
10
3.5010810629921258
20
-4.0548624015748027
11
3.4990255118110234
21
-4.0513020866141733
0
LINE
8
BLACK
6
CONTINUOUS
10
3.4990255118110234
20
-4.0513020866141733
11
3.4979614960629921
21
-4.0473311023622047
0
LINE
8
BLACK
6
CONTINUOUS
10
3.4979614960629921
20
-4.0473311023622047
11
3.4979614960629921
21
-4.0432200787401573
0
LINE
8
BLACK
6
CONTINUOUS
10
3.4979614960629921
20
-4.0432200787401573
11
3.4990255118110234
21
-4.0392490944881887
0
LINE
8
BLACK
6
CONTINUOUS
10
3.4990255118110234
20
-4.0392490944881887
11
3.5010810629921258
21
-4.0356887795275593
0
LINE
8
BLACK
6
CONTINUOUS
10
3.5010810629921258
20
-4.0356887795275593
11
3.503987992125984
21
-4.0327818503937003
0
LINE
8
BLACK
6
CONTINUOUS
10
3.503987992125984
20
-4.0327818503937003
11
3.5075483070866142
21
-4.0307262992125983
0
LINE
8
BLACK
6
CONTINUOUS
10
3.5075483070866142
20
-4.0307262992125983
11
3.5115192913385824
21
-4.0296622834645666
0
LINE
8
BLACK
6
CONTINUOUS
10
3.5115192913385824
20
-4.0296622834645666
11
3.5156303149606298
21
-4.0296622834645666
0
LINE
8
BLACK
6
CONTINUOUS
10
3.5156303149606298
20
-4.0296622834645666
11
3.5196012992125985
21
-4.0307262992125983
0
LINE
8
BLACK
6
CONTINUOUS
10
3.5648768897637795
20
-4.0307262992125983
11
3.5684372047244093
21
-4.0327818503937003
0
LINE
8
BLACK
6
CONTINUOUS
10
3.5684372047244093
20
-4.0327818503937003
11
3.5713441338582674
21
-4.0356887795275593
0
LINE
8
BLACK
6
CONTINUOUS
10
3.5713441338582674
20
-4.0356887795275593
11
3.5733996850393699
21
-4.0392490944881887
0
LINE
8
BLACK
6
CONTINUOUS
10
3.5733996850393699
20
-4.0392490944881887
11
3.5744637007874016
21
-4.0432200787401573
0
LINE
8
BLACK
6
CONTINUOUS
10
3.5744637007874016
20
-4.0432200787401573
11
3.5744637007874016
21
-4.0473311023622047
0
LINE
8
BLACK
6
CONTINUOUS
10
3.5744637007874016
20
-4.0473311023622047
11
3.5733996850393699
21
-4.0513020866141733
0
LINE
8
BLACK
6
CONTINUOUS
10
3.5733996850393699
20
-4.0513020866141733
11
3.5713441338582674
21
-4.0548624015748027
0
LINE
8
BLACK
6
CONTINUOUS
10
3.5713441338582674
20
-4.0548624015748027
11
3.5684372047244093
21
-4.0577693307086617
0
LINE
8
BLACK
6
CONTINUOUS
10
3.5684372047244093
20
-4.0577693307086617
11
3.5648768897637795
21
-4.0598248818897638
0
LINE
8
BLACK
6
CONTINUOUS
10
3.5648768897637795
20
-4.0598248818897638
11
3.5609059055118109
21
-4.0608888976377955
0
LINE
8
BLACK
6
CONTINUOUS
10
3.5609059055118109
20
-4.0608888976377955
11
3.5567948818897639
21
-4.0608888976377955
0
LINE
8
BLACK
6
CONTINUOUS
10
3.5567948818897639
20
-4.0608888976377955
11
3.5528238976377953
21
-4.0598248818897638
0
LINE
8
BLACK
6
CONTINUOUS
10
3.5528238976377953
20
-4.0598248818897638
11
3.5492635826771655
21
-4.0577693307086617
0
LINE
8
BLACK
6
CONTINUOUS
10
3.5492635826771655
20
-4.0577693307086617
11
3.5463566535433069
21
-4.0548624015748027
0
LINE
8
BLACK
6
CONTINUOUS
10
3.5463566535433069
20
-4.0548624015748027
11
3.5443011023622049
21
-4.0513020866141733
0
LINE
8
BLACK
6
CONTINUOUS
10
3.5443011023622049
20
-4.0513020866141733
11
3.5432370866141731
21
-4.0473311023622047
0
LINE
8
BLACK
6
CONTINUOUS
10
3.5432370866141731
20
-4.0473311023622047
11
3.5432370866141731
21
-4.0432200787401573
0
LINE
8
BLACK
6
CONTINUOUS
10
3.5432370866141731
20
-4.0432200787401573
11
3.5443011023622049
21
-4.0392490944881887
0
LINE
8
BLACK
6
CONTINUOUS
10
3.5443011023622049
20
-4.0392490944881887
11
3.5463566535433069
21
-4.0356887795275593
0
LINE
8
BLACK
6
CONTINUOUS
10
3.5463566535433069
20
-4.0356887795275593
11
3.5492635826771655
21
-4.0327818503937003
0
LINE
8
BLACK
6
CONTINUOUS
10
3.5492635826771655
20
-4.0327818503937003
11
3.5528238976377953
21
-4.0307262992125983
0
LINE
8
BLACK
6
CONTINUOUS
10
3.5528238976377953
20
-4.0307262992125983
11
3.5567948818897639
21
-4.0296622834645666
0
LINE
8
BLACK
6
CONTINUOUS
10
3.5567948818897639
20
-4.0296622834645666
11
3.5609059055118109
21
-4.0296622834645666
0
LINE
8
BLACK
6
CONTINUOUS
10
3.5609059055118109
20
-4.0296622834645666
11
3.5648768897637795
21
-4.0307262992125983
0
LINE
8
BLACK
6
CONTINUOUS
10
3.6101524803149605
20
-4.0307262992125983
11
3.6137127952755903
21
-4.0327818503937003
0
LINE
8
BLACK
6
CONTINUOUS
10
3.6137127952755903
20
-4.0327818503937003
11
3.6166197244094489
21
-4.0356887795275593
0
LINE
8
BLACK
6
CONTINUOUS
10
3.6166197244094489
20
-4.0356887795275593
11
3.6186752755905509
21
-4.0392490944881887
0
LINE
8
BLACK
6
CONTINUOUS
10
3.6186752755905509
20
-4.0392490944881887
11
3.6197392913385826
21
-4.0432200787401573
0
LINE
8
BLACK
6
CONTINUOUS
10
3.6197392913385826
20
-4.0432200787401573
11
3.6197392913385826
21
-4.0473311023622047
0
LINE
8
BLACK
6
CONTINUOUS
10
3.6197392913385826
20
-4.0473311023622047
11
3.6186752755905509
21
-4.0513020866141733
0
LINE
8
BLACK
6
CONTINUOUS
10
3.6186752755905509
20
-4.0513020866141733
11
3.6166197244094489
21
-4.0548624015748027
0
LINE
8
BLACK
6
CONTINUOUS
10
3.6166197244094489
20
-4.0548624015748027
11
3.6137127952755903
21
-4.0577693307086617
0
LINE
8
BLACK
6
CONTINUOUS
10
3.6137127952755903
20
-4.0577693307086617
11
3.6101524803149605
21
-4.0598248818897638
0
LINE
8
BLACK
6
CONTINUOUS
10
3.6101524803149605
20
-4.0598248818897638
11
3.6061814960629919
21
-4.0608888976377955
0
LINE
8
BLACK
6
CONTINUOUS
10
3.6061814960629919
20
-4.0608888976377955
11
3.6020704724409449
21
-4.0608888976377955
0
LINE
8
BLACK
6
CONTINUOUS
10
3.6020704724409449
20
-4.0608888976377955
11
3.5980994881889763
21
-4.0598248818897638
0
LINE
8
BLACK
6
CONTINUOUS
10
3.5980994881889763
20
-4.0598248818897638
11
3.5945391732283465
21
-4.0577693307086617
0
LINE
8
BLACK
6
CONTINUOUS
10
3.5945391732283465
20
-4.0577693307086617
11
3.5916322440944879
21
-4.0548624015748027
0
LINE
8
BLACK
6
CONTINUOUS
10
3.5916322440944879
20
-4.0548624015748027
11
3.5895766929133859
21
-4.0513020866141733
0
LINE
8
BLACK
6
CONTINUOUS
10
3.5895766929133859
20
-4.0513020866141733
11
3.5885126771653542
21
-4.0473311023622047
0
LINE
8
BLACK
6
CONTINUOUS
10
3.5885126771653542
20
-4.0473311023622047
11
3.5885126771653542
21
-4.0432200787401573
0
LINE
8
BLACK
6
CONTINUOUS
10
3.5885126771653542
20
-4.0432200787401573
11
3.5895766929133859
21
-4.0392490944881887
0
LINE
8
BLACK
6
CONTINUOUS
10
3.5895766929133859
20
-4.0392490944881887
11
3.5916322440944879
21
-4.0356887795275593
0
LINE
8
BLACK
6
CONTINUOUS
10
3.5916322440944879
20
-4.0356887795275593
11
3.5945391732283465
21
-4.0327818503937003
0
LINE
8
BLACK
6
CONTINUOUS
10
3.5945391732283465
20
-4.0327818503937003
11
3.5980994881889763
21
-4.0307262992125983
0
LINE
8
BLACK
6
CONTINUOUS
10
3.5980994881889763
20
-4.0307262992125983
11
3.6020704724409449
21
-4.0296622834645666
0
LINE
8
BLACK
6
CONTINUOUS
10
3.6020704724409449
20
-4.0296622834645666
11
3.6061814960629919
21
-4.0296622834645666
0
LINE
8
BLACK
6
CONTINUOUS
10
3.6061814960629919
20
-4.0296622834645666
11
3.6101524803149605
21
-4.0307262992125983
0
LINE
8
BLACK
6
CONTINUOUS
10
3.6554280708661415
20
-4.0307262992125983
11
3.6589883858267718
21
-4.0327818503937003
0
LINE
8
BLACK
6
CONTINUOUS
10
3.6589883858267718
20
-4.0327818503937003
11
3.6618953149606299
21
-4.0356887795275593
0
LINE
8
BLACK
6
CONTINUOUS
10
3.6618953149606299
20
-4.0356887795275593
11
3.6639508661417324
21
-4.0392490944881887
0
LINE
8
BLACK
6
CONTINUOUS
10
3.6639508661417324
20
-4.0392490944881887
11
3.6650148818897637
21
-4.0432200787401573
0
LINE
8
BLACK
6
CONTINUOUS
10
3.6650148818897637
20
-4.0432200787401573
11
3.6650148818897637
21
-4.0473311023622047
0
LINE
8
BLACK
6
CONTINUOUS
10
3.6650148818897637
20
-4.0473311023622047
11
3.6639508661417324
21
-4.0513020866141733
0
LINE
8
BLACK
6
CONTINUOUS
10
3.6639508661417324
20
-4.0513020866141733
11
3.6618953149606299
21
-4.0548624015748027
0
LINE
8
BLACK
6
CONTINUOUS
10
3.6618953149606299
20
-4.0548624015748027
11
3.6589883858267718
21
-4.0577693307086617
0
LINE
8
BLACK
6
CONTINUOUS
10
3.6589883858267718
20
-4.0577693307086617
11
3.6554280708661415
21
-4.0598248818897638
0
LINE
8
BLACK
6
CONTINUOUS
10
3.6554280708661415
20
-4.0598248818897638
11
3.6514570866141733
21
-4.0608888976377955
0
LINE
8
BLACK
6
CONTINUOUS
10
3.6514570866141733
20
-4.0608888976377955
11
3.6473460629921259
21
-4.0608888976377955
0
LINE
8
BLACK
6
CONTINUOUS
10
3.6473460629921259
20
-4.0608888976377955
11
3.6433750787401573
21
-4.0598248818897638
0
LINE
8
BLACK
6
CONTINUOUS
10
3.6433750787401573
20
-4.0598248818897638
11
3.6398147637795275
21
-4.0577693307086617
0
LINE
8
BLACK
6
CONTINUOUS
10
3.6398147637795275
20
-4.0577693307086617
11
3.6369078346456694
21
-4.0548624015748027
0
LINE
8
BLACK
6
CONTINUOUS
10
3.6369078346456694
20
-4.0548624015748027
11
3.6348522834645669
21
-4.0513020866141733
0
LINE
8
BLACK
6
CONTINUOUS
10
3.6348522834645669
20
-4.0513020866141733
11
3.6337882677165352
21
-4.0473311023622047
0
LINE
8
BLACK
6
CONTINUOUS
10
3.6337882677165352
20
-4.0473311023622047
11
3.6337882677165352
21
-4.0432200787401573
0
LINE
8
BLACK
6
CONTINUOUS
10
3.6337882677165352
20
-4.0432200787401573
11
3.6348522834645669
21
-4.0392490944881887
0
LINE
8
BLACK
6
CONTINUOUS
10
3.6348522834645669
20
-4.0392490944881887
11
3.6369078346456694
21
-4.0356887795275593
0
LINE
8
BLACK
6
CONTINUOUS
10
3.6369078346456694
20
-4.0356887795275593
11
3.6398147637795275
21
-4.0327818503937003
0
LINE
8
BLACK
6
CONTINUOUS
10
3.6398147637795275
20
-4.0327818503937003
11
3.6433750787401573
21
-4.0307262992125983
0
LINE
8
BLACK
6
CONTINUOUS
10
3.6433750787401573
20
-4.0307262992125983
11
3.6473460629921259
21
-4.0296622834645666
0
LINE
8
BLACK
6
CONTINUOUS
10
3.6473460629921259
20
-4.0296622834645666
11
3.6514570866141733
21
-4.0296622834645666
0
LINE
8
BLACK
6
CONTINUOUS
10
3.6514570866141733
20
-4.0296622834645666
11
3.6554280708661415
21
-4.0307262992125983
0
LINE
8
BLACK
6
CONTINUOUS
10
3.7007036614173225
20
-4.0307262992125983
11
3.7042639763779528
21
-4.0327818503937003
0
LINE
8
BLACK
6
CONTINUOUS
10
3.7042639763779528
20
-4.0327818503937003
11
3.7071709055118109
21
-4.0356887795275593
0
LINE
8
BLACK
6
CONTINUOUS
10
3.7071709055118109
20
-4.0356887795275593
11
3.7092264566929134
21
-4.0392490944881887
0
LINE
8
BLACK
6
CONTINUOUS
10
3.7092264566929134
20
-4.0392490944881887
11
3.7102904724409447
21
-4.0432200787401573
0
LINE
8
BLACK
6
CONTINUOUS
10
3.7102904724409447
20
-4.0432200787401573
11
3.7102904724409447
21
-4.0473311023622047
0
LINE
8
BLACK
6
CONTINUOUS
10
3.7102904724409447
20
-4.0473311023622047
11
3.7092264566929134
21
-4.0513020866141733
0
LINE
8
BLACK
6
CONTINUOUS
10
3.7092264566929134
20
-4.0513020866141733
11
3.7071709055118109
21
-4.0548624015748027
0
LINE
8
BLACK
6
CONTINUOUS
10
3.7071709055118109
20
-4.0548624015748027
11
3.7042639763779528
21
-4.0577693307086617
0
LINE
8
BLACK
6
CONTINUOUS
10
3.7042639763779528
20
-4.0577693307086617
11
3.7007036614173225
21
-4.0598248818897638
0
LINE
8
BLACK
6
CONTINUOUS
10
3.7007036614173225
20
-4.0598248818897638
11
3.6967326771653544
21
-4.0608888976377955
0
LINE
8
BLACK
6
CONTINUOUS
10
3.6967326771653544
20
-4.0608888976377955
11
3.692621653543307
21
-4.0608888976377955
0
LINE
8
BLACK
6
CONTINUOUS
10
3.692621653543307
20
-4.0608888976377955
11
3.6886506692913383
21
-4.0598248818897638
0
LINE
8
BLACK
6
CONTINUOUS
10
3.6886506692913383
20
-4.0598248818897638
11
3.6850903543307085
21
-4.0577693307086617
0
LINE
8
BLACK
6
CONTINUOUS
10
3.6850903543307085
20
-4.0577693307086617
11
3.6821834251968504
21
-4.0548624015748027
0
LINE
8
BLACK
6
CONTINUOUS
10
3.6821834251968504
20
-4.0548624015748027
11
3.6801278740157479
21
-4.0513020866141733
0
LINE
8
BLACK
6
CONTINUOUS
10
3.6801278740157479
20
-4.0513020866141733
11
3.6790638582677166
21
-4.0473311023622047
0
LINE
8
BLACK
6
CONTINUOUS
10
3.6790638582677166
20
-4.0473311023622047
11
3.6790638582677166
21
-4.0432200787401573
0
LINE
8
BLACK
6
CONTINUOUS
10
3.6790638582677166
20
-4.0432200787401573
11
3.6801278740157479
21
-4.0392490944881887
0
LINE
8
BLACK
6
CONTINUOUS
10
3.6801278740157479
20
-4.0392490944881887
11
3.6821834251968504
21
-4.0356887795275593
0
LINE
8
BLACK
6
CONTINUOUS
10
3.6821834251968504
20
-4.0356887795275593
11
3.6850903543307085
21
-4.0327818503937003
0
LINE
8
BLACK
6
CONTINUOUS
10
3.6850903543307085
20
-4.0327818503937003
11
3.6886506692913383
21
-4.0307262992125983
0
LINE
8
BLACK
6
CONTINUOUS
10
3.6886506692913383
20
-4.0307262992125983
11
3.692621653543307
21
-4.0296622834645666
0
LINE
8
BLACK
6
CONTINUOUS
10
3.692621653543307
20
-4.0296622834645666
11
3.6967326771653544
21
-4.0296622834645666
0
LINE
8
BLACK
6
CONTINUOUS
10
3.6967326771653544
20
-4.0296622834645666
11
3.7007036614173225
21
-4.0307262992125983
0
LINE
8
BLACK
6
CONTINUOUS
10
3.745979251968504
20
-4.0307262992125983
11
3.7495395669291338
21
-4.0327818503937003
0
LINE
8
BLACK
6
CONTINUOUS
10
3.7495395669291338
20
-4.0327818503937003
11
3.752446496062992
21
-4.0356887795275593
0
LINE
8
BLACK
6
CONTINUOUS
10
3.752446496062992
20
-4.0356887795275593
11
3.7545020472440944
21
-4.0392490944881887
0
LINE
8
BLACK
6
CONTINUOUS
10
3.7545020472440944
20
-4.0392490944881887
11
3.7555660629921257
21
-4.0432200787401573
0
LINE
8
BLACK
6
CONTINUOUS
10
3.7555660629921257
20
-4.0432200787401573
11
3.7555660629921257
21
-4.0473311023622047
0
LINE
8
BLACK
6
CONTINUOUS
10
3.7555660629921257
20
-4.0473311023622047
11
3.7545020472440944
21
-4.0513020866141733
0
LINE
8
BLACK
6
CONTINUOUS
10
3.7545020472440944
20
-4.0513020866141733
11
3.752446496062992
21
-4.0548624015748027
0
LINE
8
BLACK
6
CONTINUOUS
10
3.752446496062992
20
-4.0548624015748027
11
3.7495395669291338
21
-4.0577693307086617
0
LINE
8
BLACK
6
CONTINUOUS
10
3.7495395669291338
20
-4.0577693307086617
11
3.745979251968504
21
-4.0598248818897638
0
LINE
8
BLACK
6
CONTINUOUS
10
3.745979251968504
20
-4.0598248818897638
11
3.7420082677165354
21
-4.0608888976377955
0
LINE
8
BLACK
6
CONTINUOUS
10
3.7420082677165354
20
-4.0608888976377955
11
3.737897244094488
21
-4.0608888976377955
0
LINE
8
BLACK
6
CONTINUOUS
10
3.737897244094488
20
-4.0608888976377955
11
3.7339262598425198
21
-4.0598248818897638
0
LINE
8
BLACK
6
CONTINUOUS
10
3.7339262598425198
20
-4.0598248818897638
11
3.7303659448818896
21
-4.0577693307086617
0
LINE
8
BLACK
6
CONTINUOUS
10
3.7303659448818896
20
-4.0577693307086617
11
3.7274590157480314
21
-4.0548624015748027
0
LINE
8
BLACK
6
CONTINUOUS
10
3.7274590157480314
20
-4.0548624015748027
11
3.7254034645669289
21
-4.0513020866141733
0
LINE
8
BLACK
6
CONTINUOUS
10
3.7254034645669289
20
-4.0513020866141733
11
3.7243394488188977
21
-4.0473311023622047
0
LINE
8
BLACK
6
CONTINUOUS
10
3.7243394488188977
20
-4.0473311023622047
11
3.7243394488188977
21
-4.0432200787401573
0
LINE
8
BLACK
6
CONTINUOUS
10
3.7243394488188977
20
-4.0432200787401573
11
3.7254034645669289
21
-4.0392490944881887
0
LINE
8
BLACK
6
CONTINUOUS
10
3.7254034645669289
20
-4.0392490944881887
11
3.7274590157480314
21
-4.0356887795275593
0
LINE
8
BLACK
6
CONTINUOUS
10
3.7274590157480314
20
-4.0356887795275593
11
3.7303659448818896
21
-4.0327818503937003
0
LINE
8
BLACK
6
CONTINUOUS
10
3.7303659448818896
20
-4.0327818503937003
11
3.7339262598425198
21
-4.0307262992125983
0
LINE
8
BLACK
6
CONTINUOUS
10
3.7339262598425198
20
-4.0307262992125983
11
3.737897244094488
21
-4.0296622834645666
0
LINE
8
BLACK
6
CONTINUOUS
10
3.737897244094488
20
-4.0296622834645666
11
3.7420082677165354
21
-4.0296622834645666
0
LINE
8
BLACK
6
CONTINUOUS
10
3.7420082677165354
20
-4.0296622834645666
11
3.745979251968504
21
-4.0307262992125983
0
LINE
8
BLACK
6
CONTINUOUS
10
3.791254842519685
20
-4.0307262992125983
11
3.7948151574803148
21
-4.0327818503937003
0
LINE
8
BLACK
6
CONTINUOUS
10
3.7948151574803148
20
-4.0327818503937003
11
3.797722086614173
21
-4.0356887795275593
0
LINE
8
BLACK
6
CONTINUOUS
10
3.797722086614173
20
-4.0356887795275593
11
3.7997776377952754
21
-4.0392490944881887
0
LINE
8
BLACK
6
CONTINUOUS
10
3.7997776377952754
20
-4.0392490944881887
11
3.8008416535433072
21
-4.0432200787401573
0
LINE
8
BLACK
6
CONTINUOUS
10
3.8008416535433072
20
-4.0432200787401573
11
3.8008416535433072
21
-4.0473311023622047
0
LINE
8
BLACK
6
CONTINUOUS
10
3.8008416535433072
20
-4.0473311023622047
11
3.7997776377952754
21
-4.0513020866141733
0
LINE
8
BLACK
6
CONTINUOUS
10
3.7997776377952754
20
-4.0513020866141733
11
3.797722086614173
21
-4.0548624015748027
0
LINE
8
BLACK
6
CONTINUOUS
10
3.797722086614173
20
-4.0548624015748027
11
3.7948151574803148
21
-4.0577693307086617
0
LINE
8
BLACK
6
CONTINUOUS
10
3.7948151574803148
20
-4.0577693307086617
11
3.791254842519685
21
-4.0598248818897638
0
LINE
8
BLACK
6
CONTINUOUS
10
3.791254842519685
20
-4.0598248818897638
11
3.7872838582677164
21
-4.0608888976377955
0
LINE
8
BLACK
6
CONTINUOUS
10
3.7872838582677164
20
-4.0608888976377955
11
3.783172834645669
21
-4.0608888976377955
0
LINE
8
BLACK
6
CONTINUOUS
10
3.783172834645669
20
-4.0608888976377955
11
3.7792018503937008
21
-4.0598248818897638
0
LINE
8
BLACK
6
CONTINUOUS
10
3.7792018503937008
20
-4.0598248818897638
11
3.7756415354330706
21
-4.0577693307086617
0
LINE
8
BLACK
6
CONTINUOUS
10
3.7756415354330706
20
-4.0577693307086617
11
3.7727346062992124
21
-4.0548624015748027
0
LINE
8
BLACK
6
CONTINUOUS
10
3.7727346062992124
20
-4.0548624015748027
11
3.77067905511811
21
-4.0513020866141733
0
LINE
8
BLACK
6
CONTINUOUS
10
3.77067905511811
20
-4.0513020866141733
11
3.7696150393700787
21
-4.0473311023622047
0
LINE
8
BLACK
6
CONTINUOUS
10
3.7696150393700787
20
-4.0473311023622047
11
3.7696150393700787
21
-4.0432200787401573
0
LINE
8
BLACK
6
CONTINUOUS
10
3.7696150393700787
20
-4.0432200787401573
11
3.77067905511811
21
-4.0392490944881887
0
LINE
8
BLACK
6
CONTINUOUS
10
3.77067905511811
20
-4.0392490944881887
11
3.7727346062992124
21
-4.0356887795275593
0
LINE
8
BLACK
6
CONTINUOUS
10
3.7727346062992124
20
-4.0356887795275593
11
3.7756415354330706
21
-4.0327818503937003
0
LINE
8
BLACK
6
CONTINUOUS
10
3.7756415354330706
20
-4.0327818503937003
11
3.7792018503937008
21
-4.0307262992125983
0
LINE
8
BLACK
6
CONTINUOUS
10
3.7792018503937008
20
-4.0307262992125983
11
3.783172834645669
21
-4.0296622834645666
0
LINE
8
BLACK
6
CONTINUOUS
10
3.783172834645669
20
-4.0296622834645666
11
3.7872838582677164
21
-4.0296622834645666
0
LINE
8
BLACK
6
CONTINUOUS
10
3.7872838582677164
20
-4.0296622834645666
11
3.791254842519685
21
-4.0307262992125983
0
LINE
8
BLACK
6
CONTINUOUS
10
3.4626102362204723
20
-3.9902427165354331
11
3.4675949212598423
21
-3.9919869291338581
0
LINE
8
BLACK
6
CONTINUOUS
10
3.4675949212598423
20
-3.9919869291338581
11
3.4718440157480313
21
-3.9951229133858268
0
LINE
8
BLACK
6
CONTINUOUS
10
3.4718440157480313
20
-3.9951229133858268
11
3.47498
21
-3.9993720078740158
0
LINE
8
BLACK
6
CONTINUOUS
10
3.47498
20
-3.9993720078740158
11
3.476724212598425
21
-4.0043566929133858
0
LINE
8
BLACK
6
CONTINUOUS
10
3.476724212598425
20
-4.0043566929133858
11
3.4770330708661414
21
-4.0076503937007875
0
LINE
8
BLACK
6
CONTINUOUS
10
3.4770330708661414
20
-4.0076503937007875
11
3.4770330708661414
21
-4.0332409448818893
0
LINE
8
BLACK
6
CONTINUOUS
10
3.4770330708661414
20
-4.0332409448818893
11
3.476724212598425
21
-4.036534645669291
0
LINE
8
BLACK
6
CONTINUOUS
10
3.476724212598425
20
-4.036534645669291
11
3.47498
21
-4.0415193307086614
0
LINE
8
BLACK
6
CONTINUOUS
10
3.47498
20
-4.0415193307086614
11
3.4718440157480313
21
-4.04576842519685
0
LINE
8
BLACK
6
CONTINUOUS
10
3.4718440157480313
20
-4.04576842519685
11
3.4675949212598423
21
-4.0489044094488191
0
LINE
8
BLACK
6
CONTINUOUS
10
3.4675949212598423
20
-4.0489044094488191
11
3.4626102362204723
21
-4.0506486220472437
0
LINE
8
BLACK
6
CONTINUOUS
10
3.4626102362204723
20
-4.0506486220472437
11
3.4593165354330706
21
-4.0509574803149606
0
LINE
8
BLACK
6
CONTINUOUS
10
3.4593165354330706
20
-4.0509574803149606
11
3.4238834645669289
21
-4.0509574803149606
0
LINE
8
BLACK
6
CONTINUOUS
10
3.4238834645669289
20
-4.0509574803149606
11
3.4205897637795273
21
-4.0506486220472437
0
LINE
8
BLACK
6
CONTINUOUS
10
3.4205897637795273
20
-4.0506486220472437
11
3.4156050787401573
21
-4.0489044094488191
0
LINE
8
BLACK
6
CONTINUOUS
10
3.4156050787401573
20
-4.0489044094488191
11
3.4113559842519683
21
-4.04576842519685
0
LINE
8
BLACK
6
CONTINUOUS
10
3.4113559842519683
20
-4.04576842519685
11
3.40822
21
-4.0415193307086614
0
LINE
8
BLACK
6
CONTINUOUS
10
3.40822
20
-4.0415193307086614
11
3.4064757874015745
21
-4.036534645669291
0
LINE
8
BLACK
6
CONTINUOUS
10
3.4064757874015745
20
-4.036534645669291
11
3.4061669291338581
21
-4.0332409448818893
0
LINE
8
BLACK
6
CONTINUOUS
10
3.4061669291338581
20
-4.0332409448818893
11
3.4061669291338581
21
-4.0076503937007875
0
LINE
8
BLACK
6
CONTINUOUS
10
3.4061669291338581
20
-4.0076503937007875
11
3.4064757874015745
21
-4.0043566929133858
0
LINE
8
BLACK
6
CONTINUOUS
10
3.4064757874015745
20
-4.0043566929133858
11
3.40822
21
-3.9993720078740158
0
LINE
8
BLACK
6
CONTINUOUS
10
3.40822
20
-3.9993720078740158
11
3.4113559842519683
21
-3.9951229133858268
0
LINE
8
BLACK
6
CONTINUOUS
10
3.4113559842519683
20
-3.9951229133858268
11
3.4156050787401573
21
-3.9919869291338581
0
LINE
8
BLACK
6
CONTINUOUS
10
3.4156050787401573
20
-3.9919869291338581
11
3.4205897637795273
21
-3.9902427165354331
0
LINE
8
BLACK
6
CONTINUOUS
10
3.4205897637795273
20
-3.9902427165354331
11
3.4238834645669289
21
-3.9899338582677166
0
LINE
8
BLACK
6
CONTINUOUS
10
3.4238834645669289
20
-3.9899338582677166
11
3.4593165354330706
21
-3.9899338582677166
0
LINE
8
BLACK
6
CONTINUOUS
10
3.4593165354330706
20
-3.9899338582677166
11
3.4626102362204723
21
-3.9902427165354331
0
LINE
8
BLACK
6
CONTINUOUS
10
4.3843822047244094
20
-3.9632670472440945
11
4.391334330708661
21
-3.9661467322834643
0
LINE
8
BLACK
6
CONTINUOUS
10
4.391334330708661
20
-3.9661467322834643
11
4.3975910629921255
21
-3.9703273622047242
0
LINE
8
BLACK
6
CONTINUOUS
10
4.3975910629921255
20
-3.9703273622047242
11
4.4029120078740158
21
-3.975648307086614
0
LINE
8
BLACK
6
CONTINUOUS
10
4.4029120078740158
20
-3.975648307086614
11
4.4070926377952757
21
-3.9819050393700786
0
LINE
8
BLACK
6
CONTINUOUS
10
4.4070926377952757
20
-3.9819050393700786
11
4.4099723228346459
21
-3.9888571653543305
0
LINE
8
BLACK
6
CONTINUOUS
10
4.4099723228346459
20
-3.9888571653543305
11
4.4114403543307086
21
-3.9962375196850393
0
LINE
8
BLACK
6
CONTINUOUS
10
4.4114403543307086
20
-3.9962375196850393
11
4.4114403543307086
21
-4.0037624803149603
0
LINE
8
BLACK
6
CONTINUOUS
10
4.4114403543307086
20
-4.0037624803149603
11
4.4099723228346459
21
-4.0111428346456695
0
LINE
8
BLACK
6
CONTINUOUS
10
4.4099723228346459
20
-4.0111428346456695
11
4.4070926377952757
21
-4.018094960629921
0
LINE
8
BLACK
6
CONTINUOUS
10
4.4070926377952757
20
-4.018094960629921
11
4.4029120078740158
21
-4.0243516929133856
0
LINE
8
BLACK
6
CONTINUOUS
10
4.4029120078740158
20
-4.0243516929133856
11
4.3975910629921255
21
-4.0296726377952758
0
LINE
8
BLACK
6
CONTINUOUS
10
4.3975910629921255
20
-4.0296726377952758
11
4.391334330708661
21
-4.0338532677165357
0
LINE
8
BLACK
6
CONTINUOUS
10
4.391334330708661
20
-4.0338532677165357
11
4.3843822047244094
21
-4.036732952755905
0
LINE
8
BLACK
6
CONTINUOUS
10
4.3843822047244094
20
-4.036732952755905
11
4.3770018503937003
21
-4.0382009842519686
0
LINE
8
BLACK
6
CONTINUOUS
10
4.3770018503937003
20
-4.0382009842519686
11
4.3694768897637797
21
-4.0382009842519686
0
LINE
8
BLACK
6
CONTINUOUS
10
4.3694768897637797
20
-4.0382009842519686
11
4.3620965354330705
21
-4.036732952755905
0
LINE
8
BLACK
6
CONTINUOUS
10
4.3620965354330705
20
-4.036732952755905
11
4.355144409448819
21
-4.0338532677165357
0
LINE
8
BLACK
6
CONTINUOUS
10
4.355144409448819
20
-4.0338532677165357
11
4.3488876771653544
21
-4.0296726377952758
0
LINE
8
BLACK
6
CONTINUOUS
10
4.3488876771653544
20
-4.0296726377952758
11
4.3435667322834641
21
-4.0243516929133856
0
LINE
8
BLACK
6
CONTINUOUS
10
4.3435667322834641
20
-4.0243516929133856
11
4.3393861023622042
21
-4.018094960629921
0
LINE
8
BLACK
6
CONTINUOUS
10
4.3393861023622042
20
-4.018094960629921
11
4.3365064173228349
21
-4.0111428346456695
0
LINE
8
BLACK
6
CONTINUOUS
10
4.3365064173228349
20
-4.0111428346456695
11
4.3350383858267714
21
-4.0037624803149603
0
LINE
8
BLACK
6
CONTINUOUS
10
4.3350383858267714
20
-4.0037624803149603
11
4.3350383858267714
21
-3.9962375196850393
0
LINE
8
BLACK
6
CONTINUOUS
10
4.3350383858267714
20
-3.9962375196850393
11
4.3365064173228349
21
-3.9888571653543305
0
LINE
8
BLACK
6
CONTINUOUS
10
4.3365064173228349
20
-3.9888571653543305
11
4.3393861023622042
21
-3.9819050393700786
0
LINE
8
BLACK
6
CONTINUOUS
10
4.3393861023622042
20
-3.9819050393700786
11
4.3435667322834641
21
-3.975648307086614
0
LINE
8
BLACK
6
CONTINUOUS
10
4.3435667322834641
20
-3.975648307086614
11
4.3488876771653544
21
-3.9703273622047242
0
LINE
8
BLACK
6
CONTINUOUS
10
4.3488876771653544
20
-3.9703273622047242
11
4.355144409448819
21
-3.9661467322834643
0
LINE
8
BLACK
6
CONTINUOUS
10
4.355144409448819
20
-3.9661467322834643
11
4.3620965354330705
21
-3.9632670472440945
0
LINE
8
BLACK
6
CONTINUOUS
10
4.3620965354330705
20
-3.9632670472440945
11
4.3694768897637797
21
-3.9617990157480314
0
LINE
8
BLACK
6
CONTINUOUS
10
4.3694768897637797
20
-3.9617990157480314
11
4.3770018503937003
21
-3.9617990157480314
0
LINE
8
BLACK
6
CONTINUOUS
10
4.3770018503937003
20
-3.9617990157480314
11
4.3843822047244094
21
-3.9632670472440945
0
LINE
8
BLACK
6
CONTINUOUS
10
5.0143034645669289
20
-3.9632670472440945
11
5.0212555905511813
21
-3.9661467322834643
0
LINE
8
BLACK
6
CONTINUOUS
10
5.0212555905511813
20
-3.9661467322834643
11
5.0275123228346459
21
-3.9703273622047242
0
LINE
8
BLACK
6
CONTINUOUS
10
5.0275123228346459
20
-3.9703273622047242
11
5.0328332677165353
21
-3.975648307086614
0
LINE
8
BLACK
6
CONTINUOUS
10
5.0328332677165353
20
-3.975648307086614
11
5.0370138976377952
21
-3.9819050393700786
0
LINE
8
BLACK
6
CONTINUOUS
10
5.0370138976377952
20
-3.9819050393700786
11
5.0398935826771654
21
-3.9888571653543305
0
LINE
8
BLACK
6
CONTINUOUS
10
5.0398935826771654
20
-3.9888571653543305
11
5.041361614173228
21
-3.9962375196850393
0
LINE
8
BLACK
6
CONTINUOUS
10
5.041361614173228
20
-3.9962375196850393
11
5.041361614173228
21
-4.0037624803149603
0
LINE
8
BLACK
6
CONTINUOUS
10
5.041361614173228
20
-4.0037624803149603
11
5.0398935826771654
21
-4.0111428346456695
0
LINE
8
BLACK
6
CONTINUOUS
10
5.0398935826771654
20
-4.0111428346456695
11
5.0370138976377952
21
-4.018094960629921
0
LINE
8
BLACK
6
CONTINUOUS
10
5.0370138976377952
20
-4.018094960629921
11
5.0328332677165353
21
-4.0243516929133856
0
LINE
8
BLACK
6
CONTINUOUS
10
5.0328332677165353
20
-4.0243516929133856
11
5.0275123228346459
21
-4.0296726377952758
0
LINE
8
BLACK
6
CONTINUOUS
10
5.0275123228346459
20
-4.0296726377952758
11
5.0212555905511813
21
-4.0338532677165357
0
LINE
8
BLACK
6
CONTINUOUS
10
5.0212555905511813
20
-4.0338532677165357
11
5.0143034645669289
21
-4.036732952755905
0
LINE
8
BLACK
6
CONTINUOUS
10
5.0143034645669289
20
-4.036732952755905
11
5.0069231102362206
21
-4.0382009842519686
0
LINE
8
BLACK
6
CONTINUOUS
10
5.0069231102362206
20
-4.0382009842519686
11
4.9993981496062991
21
-4.0382009842519686
0
LINE
8
BLACK
6
CONTINUOUS
10
4.9993981496062991
20
-4.0382009842519686
11
4.9920177952755909
21
-4.036732952755905
0
LINE
8
BLACK
6
CONTINUOUS
10
4.9920177952755909
20
-4.036732952755905
11
4.9850656692913384
21
-4.0338532677165357
0
LINE
8
BLACK
6
CONTINUOUS
10
4.9850656692913384
20
-4.0338532677165357
11
4.9788089370078739
21
-4.0296726377952758
0
LINE
8
BLACK
6
CONTINUOUS
10
4.9788089370078739
20
-4.0296726377952758
11
4.9734879921259845
21
-4.0243516929133856
0
LINE
8
BLACK
6
CONTINUOUS
10
4.9734879921259845
20
-4.0243516929133856
11
4.9693073622047246
21
-4.018094960629921
0
LINE
8
BLACK
6
CONTINUOUS
10
4.9693073622047246
20
-4.018094960629921
11
4.9664276771653544
21
-4.0111428346456695
0
LINE
8
BLACK
6
CONTINUOUS
10
4.9664276771653544
20
-4.0111428346456695
11
4.9649596456692908
21
-4.0037624803149603
0
LINE
8
BLACK
6
CONTINUOUS
10
4.9649596456692908
20
-4.0037624803149603
11
4.9649596456692908
21
-3.9962375196850393
0
LINE
8
BLACK
6
CONTINUOUS
10
4.9649596456692908
20
-3.9962375196850393
11
4.9664276771653544
21
-3.9888571653543305
0
LINE
8
BLACK
6
CONTINUOUS
10
4.9664276771653544
20
-3.9888571653543305
11
4.9693073622047246
21
-3.9819050393700786
0
LINE
8
BLACK
6
CONTINUOUS
10
4.9693073622047246
20
-3.9819050393700786
11
4.9734879921259845
21
-3.975648307086614
0
LINE
8
BLACK
6
CONTINUOUS
10
4.9734879921259845
20
-3.975648307086614
11
4.9788089370078739
21
-3.9703273622047242
0
LINE
8
BLACK
6
CONTINUOUS
10
4.9788089370078739
20
-3.9703273622047242
11
4.9850656692913384
21
-3.9661467322834643
0
LINE
8
BLACK
6
CONTINUOUS
10
4.9850656692913384
20
-3.9661467322834643
11
4.9920177952755909
21
-3.9632670472440945
0
LINE
8
BLACK
6
CONTINUOUS
10
4.9920177952755909
20
-3.9632670472440945
11
4.9993981496062991
21
-3.9617990157480314
0
LINE
8
BLACK
6
CONTINUOUS
10
4.9993981496062991
20
-3.9617990157480314
11
5.0069231102362206
21
-3.9617990157480314
0
LINE
8
BLACK
6
CONTINUOUS
10
5.0069231102362206
20
-3.9617990157480314
11
5.0143034645669289
21
-3.9632670472440945
0
LINE
8
BLACK
6
CONTINUOUS
10
3.5196012992125985
20
-3.9854507086614173
11
3.5231616141732283
21
-3.9875062598425197
0
LINE
8
BLACK
6
CONTINUOUS
10
3.5231616141732283
20
-3.9875062598425197
11
3.5260685433070864
21
-3.9904131889763779
0
LINE
8
BLACK
6
CONTINUOUS
10
3.5260685433070864
20
-3.9904131889763779
11
3.5281240944881889
21
-3.9939735039370077
0
LINE
8
BLACK
6
CONTINUOUS
10
3.5281240944881889
20
-3.9939735039370077
11
3.5291881102362206
21
-3.9979444881889763
0
LINE
8
BLACK
6
CONTINUOUS
10
3.5291881102362206
20
-3.9979444881889763
11
3.5291881102362206
21
-4.0020555118110233
0
LINE
8
BLACK
6
CONTINUOUS
10
3.5291881102362206
20
-4.0020555118110233
11
3.5281240944881889
21
-4.0060264960629919
0
LINE
8
BLACK
6
CONTINUOUS
10
3.5281240944881889
20
-4.0060264960629919
11
3.5260685433070864
21
-4.0095868110236221
0
LINE
8
BLACK
6
CONTINUOUS
10
3.5260685433070864
20
-4.0095868110236221
11
3.5231616141732283
21
-4.0124937401574803
0
LINE
8
BLACK
6
CONTINUOUS
10
3.5231616141732283
20
-4.0124937401574803
11
3.5196012992125985
21
-4.0145492913385823
0
LINE
8
BLACK
6
CONTINUOUS
10
3.5196012992125985
20
-4.0145492913385823
11
3.5156303149606298
21
-4.015613307086614
0
LINE
8
BLACK
6
CONTINUOUS
10
3.5156303149606298
20
-4.015613307086614
11
3.5115192913385824
21
-4.015613307086614
0
LINE
8
BLACK
6
CONTINUOUS
10
3.5115192913385824
20
-4.015613307086614
11
3.5075483070866142
21
-4.0145492913385823
0
LINE
8
BLACK
6
CONTINUOUS
10
3.5075483070866142
20
-4.0145492913385823
11
3.503987992125984
21
-4.0124937401574803
0
LINE
8
BLACK
6
CONTINUOUS
10
3.503987992125984
20
-4.0124937401574803
11
3.5010810629921258
21
-4.0095868110236221
0
LINE
8
BLACK
6
CONTINUOUS
10
3.5010810629921258
20
-4.0095868110236221
11
3.4990255118110234
21
-4.0060264960629919
0
LINE
8
BLACK
6
CONTINUOUS
10
3.4990255118110234
20
-4.0060264960629919
11
3.4979614960629921
21
-4.0020555118110233
0
LINE
8
BLACK
6
CONTINUOUS
10
3.4979614960629921
20
-4.0020555118110233
11
3.4979614960629921
21
-3.9979444881889763
0
LINE
8
BLACK
6
CONTINUOUS
10
3.4979614960629921
20
-3.9979444881889763
11
3.4990255118110234
21
-3.9939735039370077
0
LINE
8
BLACK
6
CONTINUOUS
10
3.4990255118110234
20
-3.9939735039370077
11
3.5010810629921258
21
-3.9904131889763779
0
LINE
8
BLACK
6
CONTINUOUS
10
3.5010810629921258
20
-3.9904131889763779
11
3.503987992125984
21
-3.9875062598425197
0
LINE
8
BLACK
6
CONTINUOUS
10
3.503987992125984
20
-3.9875062598425197
11
3.5075483070866142
21
-3.9854507086614173
0
LINE
8
BLACK
6
CONTINUOUS
10
3.5075483070866142
20
-3.9854507086614173
11
3.5115192913385824
21
-3.9843866929133855
0
LINE
8
BLACK
6
CONTINUOUS
10
3.5115192913385824
20
-3.9843866929133855
11
3.5156303149606298
21
-3.9843866929133855
0
LINE
8
BLACK
6
CONTINUOUS
10
3.5156303149606298
20
-3.9843866929133855
11
3.5196012992125985
21
-3.9854507086614173
0
LINE
8
BLACK
6
CONTINUOUS
10
3.5648768897637795
20
-3.9854507086614173
11
3.5684372047244093
21
-3.9875062598425197
0
LINE
8
BLACK
6
CONTINUOUS
10
3.5684372047244093
20
-3.9875062598425197
11
3.5713441338582674
21
-3.9904131889763779
0
LINE
8
BLACK
6
CONTINUOUS
10
3.5713441338582674
20
-3.9904131889763779
11
3.5733996850393699
21
-3.9939735039370077
0
LINE
8
BLACK
6
CONTINUOUS
10
3.5733996850393699
20
-3.9939735039370077
11
3.5744637007874016
21
-3.9979444881889763
0
LINE
8
BLACK
6
CONTINUOUS
10
3.5744637007874016
20
-3.9979444881889763
11
3.5744637007874016
21
-4.0020555118110233
0
LINE
8
BLACK
6
CONTINUOUS
10
3.5744637007874016
20
-4.0020555118110233
11
3.5733996850393699
21
-4.0060264960629919
0
LINE
8
BLACK
6
CONTINUOUS
10
3.5733996850393699
20
-4.0060264960629919
11
3.5713441338582674
21
-4.0095868110236221
0
LINE
8
BLACK
6
CONTINUOUS
10
3.5713441338582674
20
-4.0095868110236221
11
3.5684372047244093
21
-4.0124937401574803
0
LINE
8
BLACK
6
CONTINUOUS
10
3.5684372047244093
20
-4.0124937401574803
11
3.5648768897637795
21
-4.0145492913385823
0
LINE
8
BLACK
6
CONTINUOUS
10
3.5648768897637795
20
-4.0145492913385823
11
3.5609059055118109
21
-4.015613307086614
0
LINE
8
BLACK
6
CONTINUOUS
10
3.5609059055118109
20
-4.015613307086614
11
3.5567948818897639
21
-4.015613307086614
0
LINE
8
BLACK
6
CONTINUOUS
10
3.5567948818897639
20
-4.015613307086614
11
3.5528238976377953
21
-4.0145492913385823
0
LINE
8
BLACK
6
CONTINUOUS
10
3.5528238976377953
20
-4.0145492913385823
11
3.5492635826771655
21
-4.0124937401574803
0
LINE
8
BLACK
6
CONTINUOUS
10
3.5492635826771655
20
-4.0124937401574803
11
3.5463566535433069
21
-4.0095868110236221
0
LINE
8
BLACK
6
CONTINUOUS
10
3.5463566535433069
20
-4.0095868110236221
11
3.5443011023622049
21
-4.0060264960629919
0
LINE
8
BLACK
6
CONTINUOUS
10
3.5443011023622049
20
-4.0060264960629919
11
3.5432370866141731
21
-4.0020555118110233
0
LINE
8
BLACK
6
CONTINUOUS
10
3.5432370866141731
20
-4.0020555118110233
11
3.5432370866141731
21
-3.9979444881889763
0
LINE
8
BLACK
6
CONTINUOUS
10
3.5432370866141731
20
-3.9979444881889763
11
3.5443011023622049
21
-3.9939735039370077
0
LINE
8
BLACK
6
CONTINUOUS
10
3.5443011023622049
20
-3.9939735039370077
11
3.5463566535433069
21
-3.9904131889763779
0
LINE
8
BLACK
6
CONTINUOUS
10
3.5463566535433069
20
-3.9904131889763779
11
3.5492635826771655
21
-3.9875062598425197
0
LINE
8
BLACK
6
CONTINUOUS
10
3.5492635826771655
20
-3.9875062598425197
11
3.5528238976377953
21
-3.9854507086614173
0
LINE
8
BLACK
6
CONTINUOUS
10
3.5528238976377953
20
-3.9854507086614173
11
3.5567948818897639
21
-3.9843866929133855
0
LINE
8
BLACK
6
CONTINUOUS
10
3.5567948818897639
20
-3.9843866929133855
11
3.5609059055118109
21
-3.9843866929133855
0
LINE
8
BLACK
6
CONTINUOUS
10
3.5609059055118109
20
-3.9843866929133855
11
3.5648768897637795
21
-3.9854507086614173
0
LINE
8
BLACK
6
CONTINUOUS
10
3.6101524803149605
20
-3.9854507086614173
11
3.6137127952755903
21
-3.9875062598425197
0
LINE
8
BLACK
6
CONTINUOUS
10
3.6137127952755903
20
-3.9875062598425197
11
3.6166197244094489
21
-3.9904131889763779
0
LINE
8
BLACK
6
CONTINUOUS
10
3.6166197244094489
20
-3.9904131889763779
11
3.6186752755905509
21
-3.9939735039370077
0
LINE
8
BLACK
6
CONTINUOUS
10
3.6186752755905509
20
-3.9939735039370077
11
3.6197392913385826
21
-3.9979444881889763
0
LINE
8
BLACK
6
CONTINUOUS
10
3.6197392913385826
20
-3.9979444881889763
11
3.6197392913385826
21
-4.0020555118110233
0
LINE
8
BLACK
6
CONTINUOUS
10
3.6197392913385826
20
-4.0020555118110233
11
3.6186752755905509
21
-4.0060264960629919
0
LINE
8
BLACK
6
CONTINUOUS
10
3.6186752755905509
20
-4.0060264960629919
11
3.6166197244094489
21
-4.0095868110236221
0
LINE
8
BLACK
6
CONTINUOUS
10
3.6166197244094489
20
-4.0095868110236221
11
3.6137127952755903
21
-4.0124937401574803
0
LINE
8
BLACK
6
CONTINUOUS
10
3.6137127952755903
20
-4.0124937401574803
11
3.6101524803149605
21
-4.0145492913385823
0
LINE
8
BLACK
6
CONTINUOUS
10
3.6101524803149605
20
-4.0145492913385823
11
3.6061814960629919
21
-4.015613307086614
0
LINE
8
BLACK
6
CONTINUOUS
10
3.6061814960629919
20
-4.015613307086614
11
3.6020704724409449
21
-4.015613307086614
0
LINE
8
BLACK
6
CONTINUOUS
10
3.6020704724409449
20
-4.015613307086614
11
3.5980994881889763
21
-4.0145492913385823
0
LINE
8
BLACK
6
CONTINUOUS
10
3.5980994881889763
20
-4.0145492913385823
11
3.5945391732283465
21
-4.0124937401574803
0
LINE
8
BLACK
6
CONTINUOUS
10
3.5945391732283465
20
-4.0124937401574803
11
3.5916322440944879
21
-4.0095868110236221
0
LINE
8
BLACK
6
CONTINUOUS
10
3.5916322440944879
20
-4.0095868110236221
11
3.5895766929133859
21
-4.0060264960629919
0
LINE
8
BLACK
6
CONTINUOUS
10
3.5895766929133859
20
-4.0060264960629919
11
3.5885126771653542
21
-4.0020555118110233
0
LINE
8
BLACK
6
CONTINUOUS
10
3.5885126771653542
20
-4.0020555118110233
11
3.5885126771653542
21
-3.9979444881889763
0
LINE
8
BLACK
6
CONTINUOUS
10
3.5885126771653542
20
-3.9979444881889763
11
3.5895766929133859
21
-3.9939735039370077
0
LINE
8
BLACK
6
CONTINUOUS
10
3.5895766929133859
20
-3.9939735039370077
11
3.5916322440944879
21
-3.9904131889763779
0
LINE
8
BLACK
6
CONTINUOUS
10
3.5916322440944879
20
-3.9904131889763779
11
3.5945391732283465
21
-3.9875062598425197
0
LINE
8
BLACK
6
CONTINUOUS
10
3.5945391732283465
20
-3.9875062598425197
11
3.5980994881889763
21
-3.9854507086614173
0
LINE
8
BLACK
6
CONTINUOUS
10
3.5980994881889763
20
-3.9854507086614173
11
3.6020704724409449
21
-3.9843866929133855
0
LINE
8
BLACK
6
CONTINUOUS
10
3.6020704724409449
20
-3.9843866929133855
11
3.6061814960629919
21
-3.9843866929133855
0
LINE
8
BLACK
6
CONTINUOUS
10
3.6061814960629919
20
-3.9843866929133855
11
3.6101524803149605
21
-3.9854507086614173
0
LINE
8
BLACK
6
CONTINUOUS
10
3.6554280708661415
20
-3.9854507086614173
11
3.6589883858267718
21
-3.9875062598425197
0
LINE
8
BLACK
6
CONTINUOUS
10
3.6589883858267718
20
-3.9875062598425197
11
3.6618953149606299
21
-3.9904131889763779
0
LINE
8
BLACK
6
CONTINUOUS
10
3.6618953149606299
20
-3.9904131889763779
11
3.6639508661417324
21
-3.9939735039370077
0
LINE
8
BLACK
6
CONTINUOUS
10
3.6639508661417324
20
-3.9939735039370077
11
3.6650148818897637
21
-3.9979444881889763
0
LINE
8
BLACK
6
CONTINUOUS
10
3.6650148818897637
20
-3.9979444881889763
11
3.6650148818897637
21
-4.0020555118110233
0
LINE
8
BLACK
6
CONTINUOUS
10
3.6650148818897637
20
-4.0020555118110233
11
3.6639508661417324
21
-4.0060264960629919
0
LINE
8
BLACK
6
CONTINUOUS
10
3.6639508661417324
20
-4.0060264960629919
11
3.6618953149606299
21
-4.0095868110236221
0
LINE
8
BLACK
6
CONTINUOUS
10
3.6618953149606299
20
-4.0095868110236221
11
3.6589883858267718
21
-4.0124937401574803
0
LINE
8
BLACK
6
CONTINUOUS
10
3.6589883858267718
20
-4.0124937401574803
11
3.6554280708661415
21
-4.0145492913385823
0
LINE
8
BLACK
6
CONTINUOUS
10
3.6554280708661415
20
-4.0145492913385823
11
3.6514570866141733
21
-4.015613307086614
0
LINE
8
BLACK
6
CONTINUOUS
10
3.6514570866141733
20
-4.015613307086614
11
3.6473460629921259
21
-4.015613307086614
0
LINE
8
BLACK
6
CONTINUOUS
10
3.6473460629921259
20
-4.015613307086614
11
3.6433750787401573
21
-4.0145492913385823
0
LINE
8
BLACK
6
CONTINUOUS
10
3.6433750787401573
20
-4.0145492913385823
11
3.6398147637795275
21
-4.0124937401574803
0
LINE
8
BLACK
6
CONTINUOUS
10
3.6398147637795275
20
-4.0124937401574803
11
3.6369078346456694
21
-4.0095868110236221
0
LINE
8
BLACK
6
CONTINUOUS
10
3.6369078346456694
20
-4.0095868110236221
11
3.6348522834645669
21
-4.0060264960629919
0
LINE
8
BLACK
6
CONTINUOUS
10
3.6348522834645669
20
-4.0060264960629919
11
3.6337882677165352
21
-4.0020555118110233
0
LINE
8
BLACK
6
CONTINUOUS
10
3.6337882677165352
20
-4.0020555118110233
11
3.6337882677165352
21
-3.9979444881889763
0
LINE
8
BLACK
6
CONTINUOUS
10
3.6337882677165352
20
-3.9979444881889763
11
3.6348522834645669
21
-3.9939735039370077
0
LINE
8
BLACK
6
CONTINUOUS
10
3.6348522834645669
20
-3.9939735039370077
11
3.6369078346456694
21
-3.9904131889763779
0
LINE
8
BLACK
6
CONTINUOUS
10
3.6369078346456694
20
-3.9904131889763779
11
3.6398147637795275
21
-3.9875062598425197
0
LINE
8
BLACK
6
CONTINUOUS
10
3.6398147637795275
20
-3.9875062598425197
11
3.6433750787401573
21
-3.9854507086614173
0
LINE
8
BLACK
6
CONTINUOUS
10
3.6433750787401573
20
-3.9854507086614173
11
3.6473460629921259
21
-3.9843866929133855
0
LINE
8
BLACK
6
CONTINUOUS
10
3.6473460629921259
20
-3.9843866929133855
11
3.6514570866141733
21
-3.9843866929133855
0
LINE
8
BLACK
6
CONTINUOUS
10
3.6514570866141733
20
-3.9843866929133855
11
3.6554280708661415
21
-3.9854507086614173
0
LINE
8
BLACK
6
CONTINUOUS
10
3.7007036614173225
20
-3.9854507086614173
11
3.7042639763779528
21
-3.9875062598425197
0
LINE
8
BLACK
6
CONTINUOUS
10
3.7042639763779528
20
-3.9875062598425197
11
3.7071709055118109
21
-3.9904131889763779
0
LINE
8
BLACK
6
CONTINUOUS
10
3.7071709055118109
20
-3.9904131889763779
11
3.7092264566929134
21
-3.9939735039370077
0
LINE
8
BLACK
6
CONTINUOUS
10
3.7092264566929134
20
-3.9939735039370077
11
3.7102904724409447
21
-3.9979444881889763
0
LINE
8
BLACK
6
CONTINUOUS
10
3.7102904724409447
20
-3.9979444881889763
11
3.7102904724409447
21
-4.0020555118110233
0
LINE
8
BLACK
6
CONTINUOUS
10
3.7102904724409447
20
-4.0020555118110233
11
3.7092264566929134
21
-4.0060264960629919
0
LINE
8
BLACK
6
CONTINUOUS
10
3.7092264566929134
20
-4.0060264960629919
11
3.7071709055118109
21
-4.0095868110236221
0
LINE
8
BLACK
6
CONTINUOUS
10
3.7071709055118109
20
-4.0095868110236221
11
3.7042639763779528
21
-4.0124937401574803
0
LINE
8
BLACK
6
CONTINUOUS
10
3.7042639763779528
20
-4.0124937401574803
11
3.7007036614173225
21
-4.0145492913385823
0
LINE
8
BLACK
6
CONTINUOUS
10
3.7007036614173225
20
-4.0145492913385823
11
3.6967326771653544
21
-4.015613307086614
0
LINE
8
BLACK
6
CONTINUOUS
10
3.6967326771653544
20
-4.015613307086614
11
3.692621653543307
21
-4.015613307086614
0
LINE
8
BLACK
6
CONTINUOUS
10
3.692621653543307
20
-4.015613307086614
11
3.6886506692913383
21
-4.0145492913385823
0
LINE
8
BLACK
6
CONTINUOUS
10
3.6886506692913383
20
-4.0145492913385823
11
3.6850903543307085
21
-4.0124937401574803
0
LINE
8
BLACK
6
CONTINUOUS
10
3.6850903543307085
20
-4.0124937401574803
11
3.6821834251968504
21
-4.0095868110236221
0
LINE
8
BLACK
6
CONTINUOUS
10
3.6821834251968504
20
-4.0095868110236221
11
3.6801278740157479
21
-4.0060264960629919
0
LINE
8
BLACK
6
CONTINUOUS
10
3.6801278740157479
20
-4.0060264960629919
11
3.6790638582677166
21
-4.0020555118110233
0
LINE
8
BLACK
6
CONTINUOUS
10
3.6790638582677166
20
-4.0020555118110233
11
3.6790638582677166
21
-3.9979444881889763
0
LINE
8
BLACK
6
CONTINUOUS
10
3.6790638582677166
20
-3.9979444881889763
11
3.6801278740157479
21
-3.9939735039370077
0
LINE
8
BLACK
6
CONTINUOUS
10
3.6801278740157479
20
-3.9939735039370077
11
3.6821834251968504
21
-3.9904131889763779
0
LINE
8
BLACK
6
CONTINUOUS
10
3.6821834251968504
20
-3.9904131889763779
11
3.6850903543307085
21
-3.9875062598425197
0
LINE
8
BLACK
6
CONTINUOUS
10
3.6850903543307085
20
-3.9875062598425197
11
3.6886506692913383
21
-3.9854507086614173
0
LINE
8
BLACK
6
CONTINUOUS
10
3.6886506692913383
20
-3.9854507086614173
11
3.692621653543307
21
-3.9843866929133855
0
LINE
8
BLACK
6
CONTINUOUS
10
3.692621653543307
20
-3.9843866929133855
11
3.6967326771653544
21
-3.9843866929133855
0
LINE
8
BLACK
6
CONTINUOUS
10
3.6967326771653544
20
-3.9843866929133855
11
3.7007036614173225
21
-3.9854507086614173
0
LINE
8
BLACK
6
CONTINUOUS
10
3.745979251968504
20
-3.9854507086614173
11
3.7495395669291338
21
-3.9875062598425197
0
LINE
8
BLACK
6
CONTINUOUS
10
3.7495395669291338
20
-3.9875062598425197
11
3.752446496062992
21
-3.9904131889763779
0
LINE
8
BLACK
6
CONTINUOUS
10
3.752446496062992
20
-3.9904131889763779
11
3.7545020472440944
21
-3.9939735039370077
0
LINE
8
BLACK
6
CONTINUOUS
10
3.7545020472440944
20
-3.9939735039370077
11
3.7555660629921257
21
-3.9979444881889763
0
LINE
8
BLACK
6
CONTINUOUS
10
3.7555660629921257
20
-3.9979444881889763
11
3.7555660629921257
21
-4.0020555118110233
0
LINE
8
BLACK
6
CONTINUOUS
10
3.7555660629921257
20
-4.0020555118110233
11
3.7545020472440944
21
-4.0060264960629919
0
LINE
8
BLACK
6
CONTINUOUS
10
3.7545020472440944
20
-4.0060264960629919
11
3.752446496062992
21
-4.0095868110236221
0
LINE
8
BLACK
6
CONTINUOUS
10
3.752446496062992
20
-4.0095868110236221
11
3.7495395669291338
21
-4.0124937401574803
0
LINE
8
BLACK
6
CONTINUOUS
10
3.7495395669291338
20
-4.0124937401574803
11
3.745979251968504
21
-4.0145492913385823
0
LINE
8
BLACK
6
CONTINUOUS
10
3.745979251968504
20
-4.0145492913385823
11
3.7420082677165354
21
-4.015613307086614
0
LINE
8
BLACK
6
CONTINUOUS
10
3.7420082677165354
20
-4.015613307086614
11
3.737897244094488
21
-4.015613307086614
0
LINE
8
BLACK
6
CONTINUOUS
10
3.737897244094488
20
-4.015613307086614
11
3.7339262598425198
21
-4.0145492913385823
0
LINE
8
BLACK
6
CONTINUOUS
10
3.7339262598425198
20
-4.0145492913385823
11
3.7303659448818896
21
-4.0124937401574803
0
LINE
8
BLACK
6
CONTINUOUS
10
3.7303659448818896
20
-4.0124937401574803
11
3.7274590157480314
21
-4.0095868110236221
0
LINE
8
BLACK
6
CONTINUOUS
10
3.7274590157480314
20
-4.0095868110236221
11
3.7254034645669289
21
-4.0060264960629919
0
LINE
8
BLACK
6
CONTINUOUS
10
3.7254034645669289
20
-4.0060264960629919
11
3.7243394488188977
21
-4.0020555118110233
0
LINE
8
BLACK
6
CONTINUOUS
10
3.7243394488188977
20
-4.0020555118110233
11
3.7243394488188977
21
-3.9979444881889763
0
LINE
8
BLACK
6
CONTINUOUS
10
3.7243394488188977
20
-3.9979444881889763
11
3.7254034645669289
21
-3.9939735039370077
0
LINE
8
BLACK
6
CONTINUOUS
10
3.7254034645669289
20
-3.9939735039370077
11
3.7274590157480314
21
-3.9904131889763779
0
LINE
8
BLACK
6
CONTINUOUS
10
3.7274590157480314
20
-3.9904131889763779
11
3.7303659448818896
21
-3.9875062598425197
0
LINE
8
BLACK
6
CONTINUOUS
10
3.7303659448818896
20
-3.9875062598425197
11
3.7339262598425198
21
-3.9854507086614173
0
LINE
8
BLACK
6
CONTINUOUS
10
3.7339262598425198
20
-3.9854507086614173
11
3.737897244094488
21
-3.9843866929133855
0
LINE
8
BLACK
6
CONTINUOUS
10
3.737897244094488
20
-3.9843866929133855
11
3.7420082677165354
21
-3.9843866929133855
0
LINE
8
BLACK
6
CONTINUOUS
10
3.7420082677165354
20
-3.9843866929133855
11
3.745979251968504
21
-3.9854507086614173
0
LINE
8
BLACK
6
CONTINUOUS
10
3.791254842519685
20
-3.9854507086614173
11
3.7948151574803148
21
-3.9875062598425197
0
LINE
8
BLACK
6
CONTINUOUS
10
3.7948151574803148
20
-3.9875062598425197
11
3.797722086614173
21
-3.9904131889763779
0
LINE
8
BLACK
6
CONTINUOUS
10
3.797722086614173
20
-3.9904131889763779
11
3.7997776377952754
21
-3.9939735039370077
0
LINE
8
BLACK
6
CONTINUOUS
10
3.7997776377952754
20
-3.9939735039370077
11
3.8008416535433072
21
-3.9979444881889763
0
LINE
8
BLACK
6
CONTINUOUS
10
3.8008416535433072
20
-3.9979444881889763
11
3.8008416535433072
21
-4.0020555118110233
0
LINE
8
BLACK
6
CONTINUOUS
10
3.8008416535433072
20
-4.0020555118110233
11
3.7997776377952754
21
-4.0060264960629919
0
LINE
8
BLACK
6
CONTINUOUS
10
3.7997776377952754
20
-4.0060264960629919
11
3.797722086614173
21
-4.0095868110236221
0
LINE
8
BLACK
6
CONTINUOUS
10
3.797722086614173
20
-4.0095868110236221
11
3.7948151574803148
21
-4.0124937401574803
0
LINE
8
BLACK
6
CONTINUOUS
10
3.7948151574803148
20
-4.0124937401574803
11
3.791254842519685
21
-4.0145492913385823
0
LINE
8
BLACK
6
CONTINUOUS
10
3.791254842519685
20
-4.0145492913385823
11
3.7872838582677164
21
-4.015613307086614
0
LINE
8
BLACK
6
CONTINUOUS
10
3.7872838582677164
20
-4.015613307086614
11
3.783172834645669
21
-4.015613307086614
0
LINE
8
BLACK
6
CONTINUOUS
10
3.783172834645669
20
-4.015613307086614
11
3.7792018503937008
21
-4.0145492913385823
0
LINE
8
BLACK
6
CONTINUOUS
10
3.7792018503937008
20
-4.0145492913385823
11
3.7756415354330706
21
-4.0124937401574803
0
LINE
8
BLACK
6
CONTINUOUS
10
3.7756415354330706
20
-4.0124937401574803
11
3.7727346062992124
21
-4.0095868110236221
0
LINE
8
BLACK
6
CONTINUOUS
10
3.7727346062992124
20
-4.0095868110236221
11
3.77067905511811
21
-4.0060264960629919
0
LINE
8
BLACK
6
CONTINUOUS
10
3.77067905511811
20
-4.0060264960629919
11
3.7696150393700787
21
-4.0020555118110233
0
LINE
8
BLACK
6
CONTINUOUS
10
3.7696150393700787
20
-4.0020555118110233
11
3.7696150393700787
21
-3.9979444881889763
0
LINE
8
BLACK
6
CONTINUOUS
10
3.7696150393700787
20
-3.9979444881889763
11
3.77067905511811
21
-3.9939735039370077
0
LINE
8
BLACK
6
CONTINUOUS
10
3.77067905511811
20
-3.9939735039370077
11
3.7727346062992124
21
-3.9904131889763779
0
LINE
8
BLACK
6
CONTINUOUS
10
3.7727346062992124
20
-3.9904131889763779
11
3.7756415354330706
21
-3.9875062598425197
0
LINE
8
BLACK
6
CONTINUOUS
10
3.7756415354330706
20
-3.9875062598425197
11
3.7792018503937008
21
-3.9854507086614173
0
LINE
8
BLACK
6
CONTINUOUS
10
3.7792018503937008
20
-3.9854507086614173
11
3.783172834645669
21
-3.9843866929133855
0
LINE
8
BLACK
6
CONTINUOUS
10
3.783172834645669
20
-3.9843866929133855
11
3.7872838582677164
21
-3.9843866929133855
0
LINE
8
BLACK
6
CONTINUOUS
10
3.7872838582677164
20
-3.9843866929133855
11
3.791254842519685
21
-3.9854507086614173
0
LINE
8
BLACK
6
CONTINUOUS
10
3.4254461417322832
20
-3.9191260236220473
11
3.4301105905511808
21
-3.9215026771653543
0
LINE
8
BLACK
6
CONTINUOUS
10
3.4301105905511808
20
-3.9215026771653543
11
3.433812283464567
21
-3.92520437007874
0
LINE
8
BLACK
6
CONTINUOUS
10
3.433812283464567
20
-3.92520437007874
11
3.436188937007874
21
-3.9298688188976376
0
LINE
8
BLACK
6
CONTINUOUS
10
3.436188937007874
20
-3.9298688188976376
11
3.4370078740157481
21
-3.9350393700787403
0
LINE
8
BLACK
6
CONTINUOUS
10
3.4370078740157481
20
-3.9350393700787403
11
3.4370078740157481
21
-3.954724409448819
0
LINE
8
BLACK
6
CONTINUOUS
10
3.4370078740157481
20
-3.954724409448819
11
3.436188937007874
21
-3.9598949606299212
0
LINE
8
BLACK
6
CONTINUOUS
10
3.436188937007874
20
-3.9598949606299212
11
3.433812283464567
21
-3.9645594094488188
0
LINE
8
BLACK
6
CONTINUOUS
10
3.433812283464567
20
-3.9645594094488188
11
3.4301105905511808
21
-3.9682611023622045
0
LINE
8
BLACK
6
CONTINUOUS
10
3.4301105905511808
20
-3.9682611023622045
11
3.4254461417322832
21
-3.9706377559055119
0
LINE
8
BLACK
6
CONTINUOUS
10
3.4254461417322832
20
-3.9706377559055119
11
3.420275590551181
21
-3.9714566929133857
0
LINE
8
BLACK
6
CONTINUOUS
10
3.420275590551181
20
-3.9714566929133857
11
3.4025590551181102
21
-3.9714566929133857
0
LINE
8
BLACK
6
CONTINUOUS
10
3.4025590551181102
20
-3.9714566929133857
11
3.397388503937008
21
-3.9706377559055119
0
LINE
8
BLACK
6
CONTINUOUS
10
3.397388503937008
20
-3.9706377559055119
11
3.3927240551181104
21
-3.9682611023622045
0
LINE
8
BLACK
6
CONTINUOUS
10
3.3927240551181104
20
-3.9682611023622045
11
3.3890223622047242
21
-3.9645594094488188
0
LINE
8
BLACK
6
CONTINUOUS
10
3.3890223622047242
20
-3.9645594094488188
11
3.3866457086614172
21
-3.9598949606299212
0
LINE
8
BLACK
6
CONTINUOUS
10
3.3866457086614172
20
-3.9598949606299212
11
3.3858267716535431
21
-3.954724409448819
0
LINE
8
BLACK
6
CONTINUOUS
10
3.3858267716535431
20
-3.954724409448819
11
3.3858267716535431
21
-3.9350393700787403
0
LINE
8
BLACK
6
CONTINUOUS
10
3.3858267716535431
20
-3.9350393700787403
11
3.3866457086614172
21
-3.9298688188976376
0
LINE
8
BLACK
6
CONTINUOUS
10
3.3866457086614172
20
-3.9298688188976376
11
3.3890223622047242
21
-3.92520437007874
0
LINE
8
BLACK
6
CONTINUOUS
10
3.3890223622047242
20
-3.92520437007874
11
3.3927240551181104
21
-3.9215026771653543
0
LINE
8
BLACK
6
CONTINUOUS
10
3.3927240551181104
20
-3.9215026771653543
11
3.397388503937008
21
-3.9191260236220473
0
LINE
8
BLACK
6
CONTINUOUS
10
3.397388503937008
20
-3.9191260236220473
11
3.4025590551181102
21
-3.9183070866141732
0
LINE
8
BLACK
6
CONTINUOUS
10
3.4025590551181102
20
-3.9183070866141732
11
3.420275590551181
21
-3.9183070866141732
0
LINE
8
BLACK
6
CONTINUOUS
10
3.420275590551181
20
-3.9183070866141732
11
3.4254461417322832
21
-3.9191260236220473
0
LINE
8
BLACK
6
CONTINUOUS
10
3.4864697637795277
20
-3.9191260236220473
11
3.4911342125984253
21
-3.9215026771653543
0
LINE
8
BLACK
6
CONTINUOUS
10
3.4911342125984253
20
-3.9215026771653543
11
3.494835905511811
21
-3.92520437007874
0
LINE
8
BLACK
6
CONTINUOUS
10
3.494835905511811
20
-3.92520437007874
11
3.497212559055118
21
-3.9298688188976376
0
LINE
8
BLACK
6
CONTINUOUS
10
3.497212559055118
20
-3.9298688188976376
11
3.4980314960629921
21
-3.9350393700787403
0
LINE
8
BLACK
6
CONTINUOUS
10
3.4980314960629921
20
-3.9350393700787403
11
3.4980314960629921
21
-3.9524076377952757
0
LINE
8
BLACK
6
CONTINUOUS
10
3.4980314960629921
20
-3.9524076377952757
11
3.4990255118110234
21
-3.9486979133858267
0
LINE
8
BLACK
6
CONTINUOUS
10
3.4990255118110234
20
-3.9486979133858267
11
3.5010810629921258
21
-3.9451375984251968
0
LINE
8
BLACK
6
CONTINUOUS
10
3.5010810629921258
20
-3.9451375984251968
11
3.503987992125984
21
-3.9422306692913387
0
LINE
8
BLACK
6
CONTINUOUS
10
3.503987992125984
20
-3.9422306692913387
11
3.5075483070866142
21
-3.9401751181102362
0
LINE
8
BLACK
6
CONTINUOUS
10
3.5075483070866142
20
-3.9401751181102362
11
3.5115192913385824
21
-3.9391111023622045
0
LINE
8
BLACK
6
CONTINUOUS
10
3.5115192913385824
20
-3.9391111023622045
11
3.5156303149606298
21
-3.9391111023622045
0
LINE
8
BLACK
6
CONTINUOUS
10
3.5156303149606298
20
-3.9391111023622045
11
3.5196012992125985
21
-3.9401751181102362
0
LINE
8
BLACK
6
CONTINUOUS
10
3.5196012992125985
20
-3.9401751181102362
11
3.5231616141732283
21
-3.9422306692913387
0
LINE
8
BLACK
6
CONTINUOUS
10
3.5231616141732283
20
-3.9422306692913387
11
3.5260685433070864
21
-3.9451375984251968
0
LINE
8
BLACK
6
CONTINUOUS
10
3.5260685433070864
20
-3.9451375984251968
11
3.5281240944881889
21
-3.9486979133858267
0
LINE
8
BLACK
6
CONTINUOUS
10
3.5281240944881889
20
-3.9486979133858267
11
3.5291881102362206
21
-3.9526688976377953
0
LINE
8
BLACK
6
CONTINUOUS
10
3.5291881102362206
20
-3.9526688976377953
11
3.5291881102362206
21
-3.9567799212598422
0
LINE
8
BLACK
6
CONTINUOUS
10
3.5291881102362206
20
-3.9567799212598422
11
3.5281240944881889
21
-3.9607509055118109
0
LINE
8
BLACK
6
CONTINUOUS
10
3.5281240944881889
20
-3.9607509055118109
11
3.5260685433070864
21
-3.9643112204724407
0
LINE
8
BLACK
6
CONTINUOUS
10
3.5260685433070864
20
-3.9643112204724407
11
3.5231616141732283
21
-3.9672181496062993
0
LINE
8
BLACK
6
CONTINUOUS
10
3.5231616141732283
20
-3.9672181496062993
11
3.5196012992125985
21
-3.9692737007874013
0
LINE
8
BLACK
6
CONTINUOUS
10
3.5196012992125985
20
-3.9692737007874013
11
3.5156303149606298
21
-3.970337716535433
0
LINE
8
BLACK
6
CONTINUOUS
10
3.5156303149606298
20
-3.970337716535433
11
3.5115192913385824
21
-3.970337716535433
0
LINE
8
BLACK
6
CONTINUOUS
10
3.5115192913385824
20
-3.970337716535433
11
3.5075483070866142
21
-3.9692737007874013
0
LINE
8
BLACK
6
CONTINUOUS
10
3.5075483070866142
20
-3.9692737007874013
11
3.503987992125984
21
-3.9672181496062993
0
LINE
8
BLACK
6
CONTINUOUS
10
3.503987992125984
20
-3.9672181496062993
11
3.5010810629921258
21
-3.9643112204724407
0
LINE
8
BLACK
6
CONTINUOUS
10
3.5010810629921258
20
-3.9643112204724407
11
3.4990255118110234
21
-3.9607509055118109
0
LINE
8
BLACK
6
CONTINUOUS
10
3.4990255118110234
20
-3.9607509055118109
11
3.4979614960629921
21
-3.9567799212598422
0
LINE
8
BLACK
6
CONTINUOUS
10
3.4979614960629921
20
-3.9567799212598422
11
3.4979614960629921
21
-3.9551663385826772
0
LINE
8
BLACK
6
CONTINUOUS
10
3.4979614960629921
20
-3.9551663385826772
11
3.497212559055118
21
-3.9598949606299212
0
LINE
8
BLACK
6
CONTINUOUS
10
3.497212559055118
20
-3.9598949606299212
11
3.494835905511811
21
-3.9645594094488188
0
LINE
8
BLACK
6
CONTINUOUS
10
3.494835905511811
20
-3.9645594094488188
11
3.4911342125984253
21
-3.9682611023622045
0
LINE
8
BLACK
6
CONTINUOUS
10
3.4911342125984253
20
-3.9682611023622045
11
3.4864697637795277
21
-3.9706377559055119
0
LINE
8
BLACK
6
CONTINUOUS
10
3.4864697637795277
20
-3.9706377559055119
11
3.481299212598425
21
-3.9714566929133857
0
LINE
8
BLACK
6
CONTINUOUS
10
3.481299212598425
20
-3.9714566929133857
11
3.4635826771653542
21
-3.9714566929133857
0
LINE
8
BLACK
6
CONTINUOUS
10
3.4635826771653542
20
-3.9714566929133857
11
3.458412125984252
21
-3.9706377559055119
0
LINE
8
BLACK
6
CONTINUOUS
10
3.458412125984252
20
-3.9706377559055119
11
3.4537476771653544
21
-3.9682611023622045
0
LINE
8
BLACK
6
CONTINUOUS
10
3.4537476771653544
20
-3.9682611023622045
11
3.4500459842519686
21
-3.9645594094488188
0
LINE
8
BLACK
6
CONTINUOUS
10
3.4500459842519686
20
-3.9645594094488188
11
3.4476693307086612
21
-3.9598949606299212
0
LINE
8
BLACK
6
CONTINUOUS
10
3.4476693307086612
20
-3.9598949606299212
11
3.4468503937007875
21
-3.954724409448819
0
LINE
8
BLACK
6
CONTINUOUS
10
3.4468503937007875
20
-3.954724409448819
11
3.4468503937007875
21
-3.9350393700787403
0
LINE
8
BLACK
6
CONTINUOUS
10
3.4468503937007875
20
-3.9350393700787403
11
3.4476693307086612
21
-3.9298688188976376
0
LINE
8
BLACK
6
CONTINUOUS
10
3.4476693307086612
20
-3.9298688188976376
11
3.4500459842519686
21
-3.92520437007874
0
LINE
8
BLACK
6
CONTINUOUS
10
3.4500459842519686
20
-3.92520437007874
11
3.4537476771653544
21
-3.9215026771653543
0
LINE
8
BLACK
6
CONTINUOUS
10
3.4537476771653544
20
-3.9215026771653543
11
3.458412125984252
21
-3.9191260236220473
0
LINE
8
BLACK
6
CONTINUOUS
10
3.458412125984252
20
-3.9191260236220473
11
3.4635826771653542
21
-3.9183070866141732
0
LINE
8
BLACK
6
CONTINUOUS
10
3.4635826771653542
20
-3.9183070866141732
11
3.481299212598425
21
-3.9183070866141732
0
LINE
8
BLACK
6
CONTINUOUS
10
3.481299212598425
20
-3.9183070866141732
11
3.4864697637795277
21
-3.9191260236220473
0
LINE
8
BLACK
6
CONTINUOUS
10
3.5648768897637795
20
-3.9401751181102362
11
3.5684372047244093
21
-3.9422306692913387
0
LINE
8
BLACK
6
CONTINUOUS
10
3.5684372047244093
20
-3.9422306692913387
11
3.5713441338582674
21
-3.9451375984251968
0
LINE
8
BLACK
6
CONTINUOUS
10
3.5713441338582674
20
-3.9451375984251968
11
3.5733996850393699
21
-3.9486979133858267
0
LINE
8
BLACK
6
CONTINUOUS
10
3.5733996850393699
20
-3.9486979133858267
11
3.5744637007874016
21
-3.9526688976377953
0
LINE
8
BLACK
6
CONTINUOUS
10
3.5744637007874016
20
-3.9526688976377953
11
3.5744637007874016
21
-3.9567799212598422
0
LINE
8
BLACK
6
CONTINUOUS
10
3.5744637007874016
20
-3.9567799212598422
11
3.5733996850393699
21
-3.9607509055118109
0
LINE
8
BLACK
6
CONTINUOUS
10
3.5733996850393699
20
-3.9607509055118109
11
3.5713441338582674
21
-3.9643112204724407
0
LINE
8
BLACK
6
CONTINUOUS
10
3.5713441338582674
20
-3.9643112204724407
11
3.5684372047244093
21
-3.9672181496062993
0
LINE
8
BLACK
6
CONTINUOUS
10
3.5684372047244093
20
-3.9672181496062993
11
3.5648768897637795
21
-3.9692737007874013
0
LINE
8
BLACK
6
CONTINUOUS
10
3.5648768897637795
20
-3.9692737007874013
11
3.5609059055118109
21
-3.970337716535433
0
LINE
8
BLACK
6
CONTINUOUS
10
3.5609059055118109
20
-3.970337716535433
11
3.5567948818897639
21
-3.970337716535433
0
LINE
8
BLACK
6
CONTINUOUS
10
3.5567948818897639
20
-3.970337716535433
11
3.5528238976377953
21
-3.9692737007874013
0
LINE
8
BLACK
6
CONTINUOUS
10
3.5528238976377953
20
-3.9692737007874013
11
3.5492635826771655
21
-3.9672181496062993
0
LINE
8
BLACK
6
CONTINUOUS
10
3.5492635826771655
20
-3.9672181496062993
11
3.5463566535433069
21
-3.9643112204724407
0
LINE
8
BLACK
6
CONTINUOUS
10
3.5463566535433069
20
-3.9643112204724407
11
3.5443011023622049
21
-3.9607509055118109
0
LINE
8
BLACK
6
CONTINUOUS
10
3.5443011023622049
20
-3.9607509055118109
11
3.5432370866141731
21
-3.9567799212598422
0
LINE
8
BLACK
6
CONTINUOUS
10
3.5432370866141731
20
-3.9567799212598422
11
3.5432370866141731
21
-3.9526688976377953
0
LINE
8
BLACK
6
CONTINUOUS
10
3.5432370866141731
20
-3.9526688976377953
11
3.5443011023622049
21
-3.9486979133858267
0
LINE
8
BLACK
6
CONTINUOUS
10
3.5443011023622049
20
-3.9486979133858267
11
3.5463566535433069
21
-3.9451375984251968
0
LINE
8
BLACK
6
CONTINUOUS
10
3.5463566535433069
20
-3.9451375984251968
11
3.5492635826771655
21
-3.9422306692913387
0
LINE
8
BLACK
6
CONTINUOUS
10
3.5492635826771655
20
-3.9422306692913387
11
3.5528238976377953
21
-3.9401751181102362
0
LINE
8
BLACK
6
CONTINUOUS
10
3.5528238976377953
20
-3.9401751181102362
11
3.5567948818897639
21
-3.9391111023622045
0
LINE
8
BLACK
6
CONTINUOUS
10
3.5567948818897639
20
-3.9391111023622045
11
3.5609059055118109
21
-3.9391111023622045
0
LINE
8
BLACK
6
CONTINUOUS
10
3.5609059055118109
20
-3.9391111023622045
11
3.5648768897637795
21
-3.9401751181102362
0
LINE
8
BLACK
6
CONTINUOUS
10
3.6101524803149605
20
-3.9401751181102362
11
3.6137127952755903
21
-3.9422306692913387
0
LINE
8
BLACK
6
CONTINUOUS
10
3.6137127952755903
20
-3.9422306692913387
11
3.6166197244094489
21
-3.9451375984251968
0
LINE
8
BLACK
6
CONTINUOUS
10
3.6166197244094489
20
-3.9451375984251968
11
3.6186752755905509
21
-3.9486979133858267
0
LINE
8
BLACK
6
CONTINUOUS
10
3.6186752755905509
20
-3.9486979133858267
11
3.6197392913385826
21
-3.9526688976377953
0
LINE
8
BLACK
6
CONTINUOUS
10
3.6197392913385826
20
-3.9526688976377953
11
3.6197392913385826
21
-3.9567799212598422
0
LINE
8
BLACK
6
CONTINUOUS
10
3.6197392913385826
20
-3.9567799212598422
11
3.6186752755905509
21
-3.9607509055118109
0
LINE
8
BLACK
6
CONTINUOUS
10
3.6186752755905509
20
-3.9607509055118109
11
3.6166197244094489
21
-3.9643112204724407
0
LINE
8
BLACK
6
CONTINUOUS
10
3.6166197244094489
20
-3.9643112204724407
11
3.6137127952755903
21
-3.9672181496062993
0
LINE
8
BLACK
6
CONTINUOUS
10
3.6137127952755903
20
-3.9672181496062993
11
3.6101524803149605
21
-3.9692737007874013
0
LINE
8
BLACK
6
CONTINUOUS
10
3.6101524803149605
20
-3.9692737007874013
11
3.6061814960629919
21
-3.970337716535433
0
LINE
8
BLACK
6
CONTINUOUS
10
3.6061814960629919
20
-3.970337716535433
11
3.6020704724409449
21
-3.970337716535433
0
LINE
8
BLACK
6
CONTINUOUS
10
3.6020704724409449
20
-3.970337716535433
11
3.5980994881889763
21
-3.9692737007874013
0
LINE
8
BLACK
6
CONTINUOUS
10
3.5980994881889763
20
-3.9692737007874013
11
3.5945391732283465
21
-3.9672181496062993
0
LINE
8
BLACK
6
CONTINUOUS
10
3.5945391732283465
20
-3.9672181496062993
11
3.5916322440944879
21
-3.9643112204724407
0
LINE
8
BLACK
6
CONTINUOUS
10
3.5916322440944879
20
-3.9643112204724407
11
3.5895766929133859
21
-3.9607509055118109
0
LINE
8
BLACK
6
CONTINUOUS
10
3.5895766929133859
20
-3.9607509055118109
11
3.5885126771653542
21
-3.9567799212598422
0
LINE
8
BLACK
6
CONTINUOUS
10
3.5885126771653542
20
-3.9567799212598422
11
3.5885126771653542
21
-3.9526688976377953
0
LINE
8
BLACK
6
CONTINUOUS
10
3.5885126771653542
20
-3.9526688976377953
11
3.5895766929133859
21
-3.9486979133858267
0
LINE
8
BLACK
6
CONTINUOUS
10
3.5895766929133859
20
-3.9486979133858267
11
3.5916322440944879
21
-3.9451375984251968
0
LINE
8
BLACK
6
CONTINUOUS
10
3.5916322440944879
20
-3.9451375984251968
11
3.5945391732283465
21
-3.9422306692913387
0
LINE
8
BLACK
6
CONTINUOUS
10
3.5945391732283465
20
-3.9422306692913387
11
3.5980994881889763
21
-3.9401751181102362
0
LINE
8
BLACK
6
CONTINUOUS
10
3.5980994881889763
20
-3.9401751181102362
11
3.6020704724409449
21
-3.9391111023622045
0
LINE
8
BLACK
6
CONTINUOUS
10
3.6020704724409449
20
-3.9391111023622045
11
3.6061814960629919
21
-3.9391111023622045
0
LINE
8
BLACK
6
CONTINUOUS
10
3.6061814960629919
20
-3.9391111023622045
11
3.6101524803149605
21
-3.9401751181102362
0
LINE
8
BLACK
6
CONTINUOUS
10
3.6554280708661415
20
-3.9401751181102362
11
3.6589883858267718
21
-3.9422306692913387
0
LINE
8
BLACK
6
CONTINUOUS
10
3.6589883858267718
20
-3.9422306692913387
11
3.6618953149606299
21
-3.9451375984251968
0
LINE
8
BLACK
6
CONTINUOUS
10
3.6618953149606299
20
-3.9451375984251968
11
3.6639508661417324
21
-3.9486979133858267
0
LINE
8
BLACK
6
CONTINUOUS
10
3.6639508661417324
20
-3.9486979133858267
11
3.6650148818897637
21
-3.9526688976377953
0
LINE
8
BLACK
6
CONTINUOUS
10
3.6650148818897637
20
-3.9526688976377953
11
3.6650148818897637
21
-3.9567799212598422
0
LINE
8
BLACK
6
CONTINUOUS
10
3.6650148818897637
20
-3.9567799212598422
11
3.6639508661417324
21
-3.9607509055118109
0
LINE
8
BLACK
6
CONTINUOUS
10
3.6639508661417324
20
-3.9607509055118109
11
3.6618953149606299
21
-3.9643112204724407
0
LINE
8
BLACK
6
CONTINUOUS
10
3.6618953149606299
20
-3.9643112204724407
11
3.6589883858267718
21
-3.9672181496062993
0
LINE
8
BLACK
6
CONTINUOUS
10
3.6589883858267718
20
-3.9672181496062993
11
3.6554280708661415
21
-3.9692737007874013
0
LINE
8
BLACK
6
CONTINUOUS
10
3.6554280708661415
20
-3.9692737007874013
11
3.6514570866141733
21
-3.970337716535433
0
LINE
8
BLACK
6
CONTINUOUS
10
3.6514570866141733
20
-3.970337716535433
11
3.6473460629921259
21
-3.970337716535433
0
LINE
8
BLACK
6
CONTINUOUS
10
3.6473460629921259
20
-3.970337716535433
11
3.6433750787401573
21
-3.9692737007874013
0
LINE
8
BLACK
6
CONTINUOUS
10
3.6433750787401573
20
-3.9692737007874013
11
3.6398147637795275
21
-3.9672181496062993
0
LINE
8
BLACK
6
CONTINUOUS
10
3.6398147637795275
20
-3.9672181496062993
11
3.6369078346456694
21
-3.9643112204724407
0
LINE
8
BLACK
6
CONTINUOUS
10
3.6369078346456694
20
-3.9643112204724407
11
3.6348522834645669
21
-3.9607509055118109
0
LINE
8
BLACK
6
CONTINUOUS
10
3.6348522834645669
20
-3.9607509055118109
11
3.6337882677165352
21
-3.9567799212598422
0
LINE
8
BLACK
6
CONTINUOUS
10
3.6337882677165352
20
-3.9567799212598422
11
3.6337882677165352
21
-3.9526688976377953
0
LINE
8
BLACK
6
CONTINUOUS
10
3.6337882677165352
20
-3.9526688976377953
11
3.6348522834645669
21
-3.9486979133858267
0
LINE
8
BLACK
6
CONTINUOUS
10
3.6348522834645669
20
-3.9486979133858267
11
3.6369078346456694
21
-3.9451375984251968
0
LINE
8
BLACK
6
CONTINUOUS
10
3.6369078346456694
20
-3.9451375984251968
11
3.6398147637795275
21
-3.9422306692913387
0
LINE
8
BLACK
6
CONTINUOUS
10
3.6398147637795275
20
-3.9422306692913387
11
3.6433750787401573
21
-3.9401751181102362
0
LINE
8
BLACK
6
CONTINUOUS
10
3.6433750787401573
20
-3.9401751181102362
11
3.6473460629921259
21
-3.9391111023622045
0
LINE
8
BLACK
6
CONTINUOUS
10
3.6473460629921259
20
-3.9391111023622045
11
3.6514570866141733
21
-3.9391111023622045
0
LINE
8
BLACK
6
CONTINUOUS
10
3.6514570866141733
20
-3.9391111023622045
11
3.6554280708661415
21
-3.9401751181102362
0
LINE
8
BLACK
6
CONTINUOUS
10
3.7007036614173225
20
-3.9401751181102362
11
3.7042639763779528
21
-3.9422306692913387
0
LINE
8
BLACK
6
CONTINUOUS
10
3.7042639763779528
20
-3.9422306692913387
11
3.7071709055118109
21
-3.9451375984251968
0
LINE
8
BLACK
6
CONTINUOUS
10
3.7071709055118109
20
-3.9451375984251968
11
3.7092264566929134
21
-3.9486979133858267
0
LINE
8
BLACK
6
CONTINUOUS
10
3.7092264566929134
20
-3.9486979133858267
11
3.7102904724409447
21
-3.9526688976377953
0
LINE
8
BLACK
6
CONTINUOUS
10
3.7102904724409447
20
-3.9526688976377953
11
3.7102904724409447
21
-3.9567799212598422
0
LINE
8
BLACK
6
CONTINUOUS
10
3.7102904724409447
20
-3.9567799212598422
11
3.7092264566929134
21
-3.9607509055118109
0
LINE
8
BLACK
6
CONTINUOUS
10
3.7092264566929134
20
-3.9607509055118109
11
3.7071709055118109
21
-3.9643112204724407
0
LINE
8
BLACK
6
CONTINUOUS
10
3.7071709055118109
20
-3.9643112204724407
11
3.7042639763779528
21
-3.9672181496062993
0
LINE
8
BLACK
6
CONTINUOUS
10
3.7042639763779528
20
-3.9672181496062993
11
3.7007036614173225
21
-3.9692737007874013
0
LINE
8
BLACK
6
CONTINUOUS
10
3.7007036614173225
20
-3.9692737007874013
11
3.6967326771653544
21
-3.970337716535433
0
LINE
8
BLACK
6
CONTINUOUS
10
3.6967326771653544
20
-3.970337716535433
11
3.692621653543307
21
-3.970337716535433
0
LINE
8
BLACK
6
CONTINUOUS
10
3.692621653543307
20
-3.970337716535433
11
3.6886506692913383
21
-3.9692737007874013
0
LINE
8
BLACK
6
CONTINUOUS
10
3.6886506692913383
20
-3.9692737007874013
11
3.6850903543307085
21
-3.9672181496062993
0
LINE
8
BLACK
6
CONTINUOUS
10
3.6850903543307085
20
-3.9672181496062993
11
3.6821834251968504
21
-3.9643112204724407
0
LINE
8
BLACK
6
CONTINUOUS
10
3.6821834251968504
20
-3.9643112204724407
11
3.6801278740157479
21
-3.9607509055118109
0
LINE
8
BLACK
6
CONTINUOUS
10
3.6801278740157479
20
-3.9607509055118109
11
3.6790638582677166
21
-3.9567799212598422
0
LINE
8
BLACK
6
CONTINUOUS
10
3.6790638582677166
20
-3.9567799212598422
11
3.6790638582677166
21
-3.9526688976377953
0
LINE
8
BLACK
6
CONTINUOUS
10
3.6790638582677166
20
-3.9526688976377953
11
3.6801278740157479
21
-3.9486979133858267
0
LINE
8
BLACK
6
CONTINUOUS
10
3.6801278740157479
20
-3.9486979133858267
11
3.6821834251968504
21
-3.9451375984251968
0
LINE
8
BLACK
6
CONTINUOUS
10
3.6821834251968504
20
-3.9451375984251968
11
3.6850903543307085
21
-3.9422306692913387
0
LINE
8
BLACK
6
CONTINUOUS
10
3.6850903543307085
20
-3.9422306692913387
11
3.6886506692913383
21
-3.9401751181102362
0
LINE
8
BLACK
6
CONTINUOUS
10
3.6886506692913383
20
-3.9401751181102362
11
3.692621653543307
21
-3.9391111023622045
0
LINE
8
BLACK
6
CONTINUOUS
10
3.692621653543307
20
-3.9391111023622045
11
3.6967326771653544
21
-3.9391111023622045
0
LINE
8
BLACK
6
CONTINUOUS
10
3.6967326771653544
20
-3.9391111023622045
11
3.7007036614173225
21
-3.9401751181102362
0
LINE
8
BLACK
6
CONTINUOUS
10
3.745979251968504
20
-3.9401751181102362
11
3.7495395669291338
21
-3.9422306692913387
0
LINE
8
BLACK
6
CONTINUOUS
10
3.7495395669291338
20
-3.9422306692913387
11
3.752446496062992
21
-3.9451375984251968
0
LINE
8
BLACK
6
CONTINUOUS
10
3.752446496062992
20
-3.9451375984251968
11
3.7545020472440944
21
-3.9486979133858267
0
LINE
8
BLACK
6
CONTINUOUS
10
3.7545020472440944
20
-3.9486979133858267
11
3.7555660629921257
21
-3.9526688976377953
0
LINE
8
BLACK
6
CONTINUOUS
10
3.7555660629921257
20
-3.9526688976377953
11
3.7555660629921257
21
-3.9567799212598422
0
LINE
8
BLACK
6
CONTINUOUS
10
3.7555660629921257
20
-3.9567799212598422
11
3.7545020472440944
21
-3.9607509055118109
0
LINE
8
BLACK
6
CONTINUOUS
10
3.7545020472440944
20
-3.9607509055118109
11
3.752446496062992
21
-3.9643112204724407
0
LINE
8
BLACK
6
CONTINUOUS
10
3.752446496062992
20
-3.9643112204724407
11
3.7495395669291338
21
-3.9672181496062993
0
LINE
8
BLACK
6
CONTINUOUS
10
3.7495395669291338
20
-3.9672181496062993
11
3.745979251968504
21
-3.9692737007874013
0
LINE
8
BLACK
6
CONTINUOUS
10
3.745979251968504
20
-3.9692737007874013
11
3.7420082677165354
21
-3.970337716535433
0
LINE
8
BLACK
6
CONTINUOUS
10
3.7420082677165354
20
-3.970337716535433
11
3.737897244094488
21
-3.970337716535433
0
LINE
8
BLACK
6
CONTINUOUS
10
3.737897244094488
20
-3.970337716535433
11
3.7339262598425198
21
-3.9692737007874013
0
LINE
8
BLACK
6
CONTINUOUS
10
3.7339262598425198
20
-3.9692737007874013
11
3.7303659448818896
21
-3.9672181496062993
0
LINE
8
BLACK
6
CONTINUOUS
10
3.7303659448818896
20
-3.9672181496062993
11
3.7274590157480314
21
-3.9643112204724407
0
LINE
8
BLACK
6
CONTINUOUS
10
3.7274590157480314
20
-3.9643112204724407
11
3.7254034645669289
21
-3.9607509055118109
0
LINE
8
BLACK
6
CONTINUOUS
10
3.7254034645669289
20
-3.9607509055118109
11
3.7243394488188977
21
-3.9567799212598422
0
LINE
8
BLACK
6
CONTINUOUS
10
3.7243394488188977
20
-3.9567799212598422
11
3.7243394488188977
21
-3.9526688976377953
0
LINE
8
BLACK
6
CONTINUOUS
10
3.7243394488188977
20
-3.9526688976377953
11
3.7254034645669289
21
-3.9486979133858267
0
LINE
8
BLACK
6
CONTINUOUS
10
3.7254034645669289
20
-3.9486979133858267
11
3.7274590157480314
21
-3.9451375984251968
0
LINE
8
BLACK
6
CONTINUOUS
10
3.7274590157480314
20
-3.9451375984251968
11
3.7303659448818896
21
-3.9422306692913387
0
LINE
8
BLACK
6
CONTINUOUS
10
3.7303659448818896
20
-3.9422306692913387
11
3.7339262598425198
21
-3.9401751181102362
0
LINE
8
BLACK
6
CONTINUOUS
10
3.7339262598425198
20
-3.9401751181102362
11
3.737897244094488
21
-3.9391111023622045
0
LINE
8
BLACK
6
CONTINUOUS
10
3.737897244094488
20
-3.9391111023622045
11
3.7420082677165354
21
-3.9391111023622045
0
LINE
8
BLACK
6
CONTINUOUS
10
3.7420082677165354
20
-3.9391111023622045
11
3.745979251968504
21
-3.9401751181102362
0
LINE
8
BLACK
6
CONTINUOUS
10
3.791254842519685
20
-3.9401751181102362
11
3.7948151574803148
21
-3.9422306692913387
0
LINE
8
BLACK
6
CONTINUOUS
10
3.7948151574803148
20
-3.9422306692913387
11
3.797722086614173
21
-3.9451375984251968
0
LINE
8
BLACK
6
CONTINUOUS
10
3.797722086614173
20
-3.9451375984251968
11
3.7997776377952754
21
-3.9486979133858267
0
LINE
8
BLACK
6
CONTINUOUS
10
3.7997776377952754
20
-3.9486979133858267
11
3.8008416535433072
21
-3.9526688976377953
0
LINE
8
BLACK
6
CONTINUOUS
10
3.8008416535433072
20
-3.9526688976377953
11
3.8008416535433072
21
-3.9567799212598422
0
LINE
8
BLACK
6
CONTINUOUS
10
3.8008416535433072
20
-3.9567799212598422
11
3.7997776377952754
21
-3.9607509055118109
0
LINE
8
BLACK
6
CONTINUOUS
10
3.7997776377952754
20
-3.9607509055118109
11
3.797722086614173
21
-3.9643112204724407
0
LINE
8
BLACK
6
CONTINUOUS
10
3.797722086614173
20
-3.9643112204724407
11
3.7948151574803148
21
-3.9672181496062993
0
LINE
8
BLACK
6
CONTINUOUS
10
3.7948151574803148
20
-3.9672181496062993
11
3.791254842519685
21
-3.9692737007874013
0
LINE
8
BLACK
6
CONTINUOUS
10
3.791254842519685
20
-3.9692737007874013
11
3.7872838582677164
21
-3.970337716535433
0
LINE
8
BLACK
6
CONTINUOUS
10
3.7872838582677164
20
-3.970337716535433
11
3.783172834645669
21
-3.970337716535433
0
LINE
8
BLACK
6
CONTINUOUS
10
3.783172834645669
20
-3.970337716535433
11
3.7792018503937008
21
-3.9692737007874013
0
LINE
8
BLACK
6
CONTINUOUS
10
3.7792018503937008
20
-3.9692737007874013
11
3.7756415354330706
21
-3.9672181496062993
0
LINE
8
BLACK
6
CONTINUOUS
10
3.7756415354330706
20
-3.9672181496062993
11
3.7727346062992124
21
-3.9643112204724407
0
LINE
8
BLACK
6
CONTINUOUS
10
3.7727346062992124
20
-3.9643112204724407
11
3.77067905511811
21
-3.9607509055118109
0
LINE
8
BLACK
6
CONTINUOUS
10
3.77067905511811
20
-3.9607509055118109
11
3.7696150393700787
21
-3.9567799212598422
0
LINE
8
BLACK
6
CONTINUOUS
10
3.7696150393700787
20
-3.9567799212598422
11
3.7696150393700787
21
-3.9526688976377953
0
LINE
8
BLACK
6
CONTINUOUS
10
3.7696150393700787
20
-3.9526688976377953
11
3.77067905511811
21
-3.9486979133858267
0
LINE
8
BLACK
6
CONTINUOUS
10
3.77067905511811
20
-3.9486979133858267
11
3.7727346062992124
21
-3.9451375984251968
0
LINE
8
BLACK
6
CONTINUOUS
10
3.7727346062992124
20
-3.9451375984251968
11
3.7756415354330706
21
-3.9422306692913387
0
LINE
8
BLACK
6
CONTINUOUS
10
3.7756415354330706
20
-3.9422306692913387
11
3.7792018503937008
21
-3.9401751181102362
0
LINE
8
BLACK
6
CONTINUOUS
10
3.7792018503937008
20
-3.9401751181102362
11
3.783172834645669
21
-3.9391111023622045
0
LINE
8
BLACK
6
CONTINUOUS
10
3.783172834645669
20
-3.9391111023622045
11
3.7872838582677164
21
-3.9391111023622045
0
LINE
8
BLACK
6
CONTINUOUS
10
3.7872838582677164
20
-3.9391111023622045
11
3.791254842519685
21
-3.9401751181102362
0
LINE
8
BLACK
6
CONTINUOUS
10
4.3489491338582678
20
-3.884920590551181
11
4.3559012598425193
21
-3.8878002755905512
0
LINE
8
BLACK
6
CONTINUOUS
10
4.3559012598425193
20
-3.8878002755905512
11
4.3621579921259839
21
-3.8919809055118111
0
LINE
8
BLACK
6
CONTINUOUS
10
4.3621579921259839
20
-3.8919809055118111
11
4.3674789370078742
21
-3.8973018503937009
0
LINE
8
BLACK
6
CONTINUOUS
10
4.3674789370078742
20
-3.8973018503937009
11
4.371659566929134
21
-3.903558582677165
0
LINE
8
BLACK
6
CONTINUOUS
10
4.371659566929134
20
-3.903558582677165
11
4.3745392519685042
21
-3.910510708661417
0
LINE
8
BLACK
6
CONTINUOUS
10
4.3745392519685042
20
-3.910510708661417
11
4.3760072834645669
21
-3.9178910629921258
0
LINE
8
BLACK
6
CONTINUOUS
10
4.3760072834645669
20
-3.9178910629921258
11
4.3760072834645669
21
-3.9254160236220472
0
LINE
8
BLACK
6
CONTINUOUS
10
4.3760072834645669
20
-3.9254160236220472
11
4.3745392519685042
21
-3.9327963779527559
0
LINE
8
BLACK
6
CONTINUOUS
10
4.3745392519685042
20
-3.9327963779527559
11
4.371659566929134
21
-3.9397485039370079
0
LINE
8
BLACK
6
CONTINUOUS
10
4.371659566929134
20
-3.9397485039370079
11
4.3674789370078742
21
-3.9460052362204725
0
LINE
8
BLACK
6
CONTINUOUS
10
4.3674789370078742
20
-3.9460052362204725
11
4.3621579921259839
21
-3.9513261811023623
0
LINE
8
BLACK
6
CONTINUOUS
10
4.3621579921259839
20
-3.9513261811023623
11
4.3559012598425193
21
-3.9555068110236218
0
LINE
8
BLACK
6
CONTINUOUS
10
4.3559012598425193
20
-3.9555068110236218
11
4.3489491338582678
21
-3.958386496062992
0
LINE
8
BLACK
6
CONTINUOUS
10
4.3489491338582678
20
-3.958386496062992
11
4.3415687795275586
21
-3.9598545275590551
0
LINE
8
BLACK
6
CONTINUOUS
10
4.3415687795275586
20
-3.9598545275590551
11
4.334043818897638
21
-3.9598545275590551
0
LINE
8
BLACK
6
CONTINUOUS
10
4.334043818897638
20
-3.9598545275590551
11
4.3266634645669289
21
-3.958386496062992
0
LINE
8
BLACK
6
CONTINUOUS
10
4.3266634645669289
20
-3.958386496062992
11
4.3197113385826773
21
-3.9555068110236218
0
LINE
8
BLACK
6
CONTINUOUS
10
4.3197113385826773
20
-3.9555068110236218
11
4.3134546062992127
21
-3.9513261811023623
0
LINE
8
BLACK
6
CONTINUOUS
10
4.3134546062992127
20
-3.9513261811023623
11
4.3081336614173225
21
-3.9460052362204725
0
LINE
8
BLACK
6
CONTINUOUS
10
4.3081336614173225
20
-3.9460052362204725
11
4.3039530314960626
21
-3.9397485039370079
0
LINE
8
BLACK
6
CONTINUOUS
10
4.3039530314960626
20
-3.9397485039370079
11
4.3010733464566933
21
-3.9327963779527559
0
LINE
8
BLACK
6
CONTINUOUS
10
4.3010733464566933
20
-3.9327963779527559
11
4.2996053149606297
21
-3.9254160236220472
0
LINE
8
BLACK
6
CONTINUOUS
10
4.2996053149606297
20
-3.9254160236220472
11
4.2996053149606297
21
-3.9178910629921258
0
LINE
8
BLACK
6
CONTINUOUS
10
4.2996053149606297
20
-3.9178910629921258
11
4.3010733464566933
21
-3.910510708661417
0
LINE
8
BLACK
6
CONTINUOUS
10
4.3010733464566933
20
-3.910510708661417
11
4.3039530314960626
21
-3.903558582677165
0
LINE
8
BLACK
6
CONTINUOUS
10
4.3039530314960626
20
-3.903558582677165
11
4.3081336614173225
21
-3.8973018503937009
0
LINE
8
BLACK
6
CONTINUOUS
10
4.3081336614173225
20
-3.8973018503937009
11
4.3134546062992127
21
-3.8919809055118111
0
LINE
8
BLACK
6
CONTINUOUS
10
4.3134546062992127
20
-3.8919809055118111
11
4.3197113385826773
21
-3.8878002755905512
0
LINE
8
BLACK
6
CONTINUOUS
10
4.3197113385826773
20
-3.8878002755905512
11
4.3266634645669289
21
-3.884920590551181
0
LINE
8
BLACK
6
CONTINUOUS
10
4.3266634645669289
20
-3.884920590551181
11
4.334043818897638
21
-3.8834525590551179
0
LINE
8
BLACK
6
CONTINUOUS
10
4.334043818897638
20
-3.8834525590551179
11
4.3415687795275586
21
-3.8834525590551179
0
LINE
8
BLACK
6
CONTINUOUS
10
4.3415687795275586
20
-3.8834525590551179
11
4.3489491338582678
21
-3.884920590551181
0
LINE
8
BLACK
6
CONTINUOUS
10
5.0497365354330706
20
-3.884920590551181
11
5.056688661417323
21
-3.8878002755905512
0
LINE
8
BLACK
6
CONTINUOUS
10
5.056688661417323
20
-3.8878002755905512
11
5.0629453937007876
21
-3.8919809055118111
0
LINE
8
BLACK
6
CONTINUOUS
10
5.0629453937007876
20
-3.8919809055118111
11
5.0682663385826769
21
-3.8973018503937009
0
LINE
8
BLACK
6
CONTINUOUS
10
5.0682663385826769
20
-3.8973018503937009
11
5.0724469685039368
21
-3.903558582677165
0
LINE
8
BLACK
6
CONTINUOUS
10
5.0724469685039368
20
-3.903558582677165
11
5.075326653543307
21
-3.910510708661417
0
LINE
8
BLACK
6
CONTINUOUS
10
5.075326653543307
20
-3.910510708661417
11
5.0767946850393697
21
-3.9178910629921258
0
LINE
8
BLACK
6
CONTINUOUS
10
5.0767946850393697
20
-3.9178910629921258
11
5.0767946850393697
21
-3.9254160236220472
0
LINE
8
BLACK
6
CONTINUOUS
10
5.0767946850393697
20
-3.9254160236220472
11
5.075326653543307
21
-3.9327963779527559
0
LINE
8
BLACK
6
CONTINUOUS
10
5.075326653543307
20
-3.9327963779527559
11
5.0724469685039368
21
-3.9397485039370079
0
LINE
8
BLACK
6
CONTINUOUS
10
5.0724469685039368
20
-3.9397485039370079
11
5.0682663385826769
21
-3.9460052362204725
0
LINE
8
BLACK
6
CONTINUOUS
10
5.0682663385826769
20
-3.9460052362204725
11
5.0629453937007876
21
-3.9513261811023623
0
LINE
8
BLACK
6
CONTINUOUS
10
5.0629453937007876
20
-3.9513261811023623
11
5.056688661417323
21
-3.9555068110236218
0
LINE
8
BLACK
6
CONTINUOUS
10
5.056688661417323
20
-3.9555068110236218
11
5.0497365354330706
21
-3.958386496062992
0
LINE
8
BLACK
6
CONTINUOUS
10
5.0497365354330706
20
-3.958386496062992
11
5.0423561811023623
21
-3.9598545275590551
0
LINE
8
BLACK
6
CONTINUOUS
10
5.0423561811023623
20
-3.9598545275590551
11
5.0348312204724408
21
-3.9598545275590551
0
LINE
8
BLACK
6
CONTINUOUS
10
5.0348312204724408
20
-3.9598545275590551
11
5.0274508661417325
21
-3.958386496062992
0
LINE
8
BLACK
6
CONTINUOUS
10
5.0274508661417325
20
-3.958386496062992
11
5.0204987401574801
21
-3.9555068110236218
0
LINE
8
BLACK
6
CONTINUOUS
10
5.0204987401574801
20
-3.9555068110236218
11
5.0142420078740155
21
-3.9513261811023623
0
LINE
8
BLACK
6
CONTINUOUS
10
5.0142420078740155
20
-3.9513261811023623
11
5.0089210629921261
21
-3.9460052362204725
0
LINE
8
BLACK
6
CONTINUOUS
10
5.0089210629921261
20
-3.9460052362204725
11
5.0047404330708662
21
-3.9397485039370079
0
LINE
8
BLACK
6
CONTINUOUS
10
5.0047404330708662
20
-3.9397485039370079
11
5.0018607480314961
21
-3.9327963779527559
0
LINE
8
BLACK
6
CONTINUOUS
10
5.0018607480314961
20
-3.9327963779527559
11
5.0003927165354334
21
-3.9254160236220472
0
LINE
8
BLACK
6
CONTINUOUS
10
5.0003927165354334
20
-3.9254160236220472
11
5.0003927165354334
21
-3.9178910629921258
0
LINE
8
BLACK
6
CONTINUOUS
10
5.0003927165354334
20
-3.9178910629921258
11
5.0018607480314961
21
-3.910510708661417
0
LINE
8
BLACK
6
CONTINUOUS
10
5.0018607480314961
20
-3.910510708661417
11
5.0047404330708662
21
-3.903558582677165
0
LINE
8
BLACK
6
CONTINUOUS
10
5.0047404330708662
20
-3.903558582677165
11
5.0089210629921261
21
-3.8973018503937009
0
LINE
8
BLACK
6
CONTINUOUS
10
5.0089210629921261
20
-3.8973018503937009
11
5.0142420078740155
21
-3.8919809055118111
0
LINE
8
BLACK
6
CONTINUOUS
10
5.0142420078740155
20
-3.8919809055118111
11
5.0204987401574801
21
-3.8878002755905512
0
LINE
8
BLACK
6
CONTINUOUS
10
5.0204987401574801
20
-3.8878002755905512
11
5.0274508661417325
21
-3.884920590551181
0
LINE
8
BLACK
6
CONTINUOUS
10
5.0274508661417325
20
-3.884920590551181
11
5.0348312204724408
21
-3.8834525590551179
0
LINE
8
BLACK
6
CONTINUOUS
10
5.0348312204724408
20
-3.8834525590551179
11
5.0423561811023623
21
-3.8834525590551179
0
LINE
8
BLACK
6
CONTINUOUS
10
5.0423561811023623
20
-3.8834525590551179
11
5.0497365354330706
21
-3.884920590551181
0
LINE
8
BLACK
6
CONTINUOUS
10
3.5196012992125985
20
-3.8948995275590552
11
3.5231616141732283
21
-3.8969550787401572
0
LINE
8
BLACK
6
CONTINUOUS
10
3.5231616141732283
20
-3.8969550787401572
11
3.5260685433070864
21
-3.8998620078740158
0
LINE
8
BLACK
6
CONTINUOUS
10
3.5260685433070864
20
-3.8998620078740158
11
3.5281240944881889
21
-3.9034223228346456
0
LINE
8
BLACK
6
CONTINUOUS
10
3.5281240944881889
20
-3.9034223228346456
11
3.5291881102362206
21
-3.9073933070866143
0
LINE
8
BLACK
6
CONTINUOUS
10
3.5291881102362206
20
-3.9073933070866143
11
3.5291881102362206
21
-3.9115043307086612
0
LINE
8
BLACK
6
CONTINUOUS
10
3.5291881102362206
20
-3.9115043307086612
11
3.5281240944881889
21
-3.9154753149606298
0
LINE
8
BLACK
6
CONTINUOUS
10
3.5281240944881889
20
-3.9154753149606298
11
3.5260685433070864
21
-3.9190356299212596
0
LINE
8
BLACK
6
CONTINUOUS
10
3.5260685433070864
20
-3.9190356299212596
11
3.5231616141732283
21
-3.9219425590551182
0
LINE
8
BLACK
6
CONTINUOUS
10
3.5231616141732283
20
-3.9219425590551182
11
3.5196012992125985
21
-3.9239981102362202
0
LINE
8
BLACK
6
CONTINUOUS
10
3.5196012992125985
20
-3.9239981102362202
11
3.5156303149606298
21
-3.925062125984252
0
LINE
8
BLACK
6
CONTINUOUS
10
3.5156303149606298
20
-3.925062125984252
11
3.5115192913385824
21
-3.925062125984252
0
LINE
8
BLACK
6
CONTINUOUS
10
3.5115192913385824
20
-3.925062125984252
11
3.5075483070866142
21
-3.9239981102362202
0
LINE
8
BLACK
6
CONTINUOUS
10
3.5075483070866142
20
-3.9239981102362202
11
3.503987992125984
21
-3.9219425590551182
0
LINE
8
BLACK
6
CONTINUOUS
10
3.503987992125984
20
-3.9219425590551182
11
3.5010810629921258
21
-3.9190356299212596
0
LINE
8
BLACK
6
CONTINUOUS
10
3.5010810629921258
20
-3.9190356299212596
11
3.4990255118110234
21
-3.9154753149606298
0
LINE
8
BLACK
6
CONTINUOUS
10
3.4990255118110234
20
-3.9154753149606298
11
3.4979614960629921
21
-3.9115043307086612
0
LINE
8
BLACK
6
CONTINUOUS
10
3.4979614960629921
20
-3.9115043307086612
11
3.4979614960629921
21
-3.9073933070866143
0
LINE
8
BLACK
6
CONTINUOUS
10
3.4979614960629921
20
-3.9073933070866143
11
3.4990255118110234
21
-3.9034223228346456
0
LINE
8
BLACK
6
CONTINUOUS
10
3.4990255118110234
20
-3.9034223228346456
11
3.5010810629921258
21
-3.8998620078740158
0
LINE
8
BLACK
6
CONTINUOUS
10
3.5010810629921258
20
-3.8998620078740158
11
3.503987992125984
21
-3.8969550787401572
0
LINE
8
BLACK
6
CONTINUOUS
10
3.503987992125984
20
-3.8969550787401572
11
3.5075483070866142
21
-3.8948995275590552
0
LINE
8
BLACK
6
CONTINUOUS
10
3.5075483070866142
20
-3.8948995275590552
11
3.5115192913385824
21
-3.8938355118110235
0
LINE
8
BLACK
6
CONTINUOUS
10
3.5115192913385824
20
-3.8938355118110235
11
3.5156303149606298
21
-3.8938355118110235
0
LINE
8
BLACK
6
CONTINUOUS
10
3.5156303149606298
20
-3.8938355118110235
11
3.5196012992125985
21
-3.8948995275590552
0
LINE
8
BLACK
6
CONTINUOUS
10
3.5648768897637795
20
-3.8948995275590552
11
3.5684372047244093
21
-3.8969550787401572
0
LINE
8
BLACK
6
CONTINUOUS
10
3.5684372047244093
20
-3.8969550787401572
11
3.5713441338582674
21
-3.8998620078740158
0
LINE
8
BLACK
6
CONTINUOUS
10
3.5713441338582674
20
-3.8998620078740158
11
3.5733996850393699
21
-3.9034223228346456
0
LINE
8
BLACK
6
CONTINUOUS
10
3.5733996850393699
20
-3.9034223228346456
11
3.5744637007874016
21
-3.9073933070866143
0
LINE
8
BLACK
6
CONTINUOUS
10
3.5744637007874016
20
-3.9073933070866143
11
3.5744637007874016
21
-3.9115043307086612
0
LINE
8
BLACK
6
CONTINUOUS
10
3.5744637007874016
20
-3.9115043307086612
11
3.5733996850393699
21
-3.9154753149606298
0
LINE
8
BLACK
6
CONTINUOUS
10
3.5733996850393699
20
-3.9154753149606298
11
3.5713441338582674
21
-3.9190356299212596
0
LINE
8
BLACK
6
CONTINUOUS
10
3.5713441338582674
20
-3.9190356299212596
11
3.5684372047244093
21
-3.9219425590551182
0
LINE
8
BLACK
6
CONTINUOUS
10
3.5684372047244093
20
-3.9219425590551182
11
3.5648768897637795
21
-3.9239981102362202
0
LINE
8
BLACK
6
CONTINUOUS
10
3.5648768897637795
20
-3.9239981102362202
11
3.5609059055118109
21
-3.925062125984252
0
LINE
8
BLACK
6
CONTINUOUS
10
3.5609059055118109
20
-3.925062125984252
11
3.5567948818897639
21
-3.925062125984252
0
LINE
8
BLACK
6
CONTINUOUS
10
3.5567948818897639
20
-3.925062125984252
11
3.5528238976377953
21
-3.9239981102362202
0
LINE
8
BLACK
6
CONTINUOUS
10
3.5528238976377953
20
-3.9239981102362202
11
3.5492635826771655
21
-3.9219425590551182
0
LINE
8
BLACK
6
CONTINUOUS
10
3.5492635826771655
20
-3.9219425590551182
11
3.5463566535433069
21
-3.9190356299212596
0
LINE
8
BLACK
6
CONTINUOUS
10
3.5463566535433069
20
-3.9190356299212596
11
3.5443011023622049
21
-3.9154753149606298
0
LINE
8
BLACK
6
CONTINUOUS
10
3.5443011023622049
20
-3.9154753149606298
11
3.5432370866141731
21
-3.9115043307086612
0
LINE
8
BLACK
6
CONTINUOUS
10
3.5432370866141731
20
-3.9115043307086612
11
3.5432370866141731
21
-3.9073933070866143
0
LINE
8
BLACK
6
CONTINUOUS
10
3.5432370866141731
20
-3.9073933070866143
11
3.5443011023622049
21
-3.9034223228346456
0
LINE
8
BLACK
6
CONTINUOUS
10
3.5443011023622049
20
-3.9034223228346456
11
3.5463566535433069
21
-3.8998620078740158
0
LINE
8
BLACK
6
CONTINUOUS
10
3.5463566535433069
20
-3.8998620078740158
11
3.5492635826771655
21
-3.8969550787401572
0
LINE
8
BLACK
6
CONTINUOUS
10
3.5492635826771655
20
-3.8969550787401572
11
3.5528238976377953
21
-3.8948995275590552
0
LINE
8
BLACK
6
CONTINUOUS
10
3.5528238976377953
20
-3.8948995275590552
11
3.5567948818897639
21
-3.8938355118110235
0
LINE
8
BLACK
6
CONTINUOUS
10
3.5567948818897639
20
-3.8938355118110235
11
3.5609059055118109
21
-3.8938355118110235
0
LINE
8
BLACK
6
CONTINUOUS
10
3.5609059055118109
20
-3.8938355118110235
11
3.5648768897637795
21
-3.8948995275590552
0
LINE
8
BLACK
6
CONTINUOUS
10
3.6101524803149605
20
-3.8948995275590552
11
3.6137127952755903
21
-3.8969550787401572
0
LINE
8
BLACK
6
CONTINUOUS
10
3.6137127952755903
20
-3.8969550787401572
11
3.6166197244094489
21
-3.8998620078740158
0
LINE
8
BLACK
6
CONTINUOUS
10
3.6166197244094489
20
-3.8998620078740158
11
3.6186752755905509
21
-3.9034223228346456
0
LINE
8
BLACK
6
CONTINUOUS
10
3.6186752755905509
20
-3.9034223228346456
11
3.6197392913385826
21
-3.9073933070866143
0
LINE
8
BLACK
6
CONTINUOUS
10
3.6197392913385826
20
-3.9073933070866143
11
3.6197392913385826
21
-3.9115043307086612
0
LINE
8
BLACK
6
CONTINUOUS
10
3.6197392913385826
20
-3.9115043307086612
11
3.6186752755905509
21
-3.9154753149606298
0
LINE
8
BLACK
6
CONTINUOUS
10
3.6186752755905509
20
-3.9154753149606298
11
3.6166197244094489
21
-3.9190356299212596
0
LINE
8
BLACK
6
CONTINUOUS
10
3.6166197244094489
20
-3.9190356299212596
11
3.6137127952755903
21
-3.9219425590551182
0
LINE
8
BLACK
6
CONTINUOUS
10
3.6137127952755903
20
-3.9219425590551182
11
3.6101524803149605
21
-3.9239981102362202
0
LINE
8
BLACK
6
CONTINUOUS
10
3.6101524803149605
20
-3.9239981102362202
11
3.6061814960629919
21
-3.925062125984252
0
LINE
8
BLACK
6
CONTINUOUS
10
3.6061814960629919
20
-3.925062125984252
11
3.6020704724409449
21
-3.925062125984252
0
LINE
8
BLACK
6
CONTINUOUS
10
3.6020704724409449
20
-3.925062125984252
11
3.5980994881889763
21
-3.9239981102362202
0
LINE
8
BLACK
6
CONTINUOUS
10
3.5980994881889763
20
-3.9239981102362202
11
3.5945391732283465
21
-3.9219425590551182
0
LINE
8
BLACK
6
CONTINUOUS
10
3.5945391732283465
20
-3.9219425590551182
11
3.5916322440944879
21
-3.9190356299212596
0
LINE
8
BLACK
6
CONTINUOUS
10
3.5916322440944879
20
-3.9190356299212596
11
3.5895766929133859
21
-3.9154753149606298
0
LINE
8
BLACK
6
CONTINUOUS
10
3.5895766929133859
20
-3.9154753149606298
11
3.5885126771653542
21
-3.9115043307086612
0
LINE
8
BLACK
6
CONTINUOUS
10
3.5885126771653542
20
-3.9115043307086612
11
3.5885126771653542
21
-3.9073933070866143
0
LINE
8
BLACK
6
CONTINUOUS
10
3.5885126771653542
20
-3.9073933070866143
11
3.5895766929133859
21
-3.9034223228346456
0
LINE
8
BLACK
6
CONTINUOUS
10
3.5895766929133859
20
-3.9034223228346456
11
3.5916322440944879
21
-3.8998620078740158
0
LINE
8
BLACK
6
CONTINUOUS
10
3.5916322440944879
20
-3.8998620078740158
11
3.5945391732283465
21
-3.8969550787401572
0
LINE
8
BLACK
6
CONTINUOUS
10
3.5945391732283465
20
-3.8969550787401572
11
3.5980994881889763
21
-3.8948995275590552
0
LINE
8
BLACK
6
CONTINUOUS
10
3.5980994881889763
20
-3.8948995275590552
11
3.6020704724409449
21
-3.8938355118110235
0
LINE
8
BLACK
6
CONTINUOUS
10
3.6020704724409449
20
-3.8938355118110235
11
3.6061814960629919
21
-3.8938355118110235
0
LINE
8
BLACK
6
CONTINUOUS
10
3.6061814960629919
20
-3.8938355118110235
11
3.6101524803149605
21
-3.8948995275590552
0
LINE
8
BLACK
6
CONTINUOUS
10
3.6554280708661415
20
-3.8948995275590552
11
3.6589883858267718
21
-3.8969550787401572
0
LINE
8
BLACK
6
CONTINUOUS
10
3.6589883858267718
20
-3.8969550787401572
11
3.6618953149606299
21
-3.8998620078740158
0
LINE
8
BLACK
6
CONTINUOUS
10
3.6618953149606299
20
-3.8998620078740158
11
3.6639508661417324
21
-3.9034223228346456
0
LINE
8
BLACK
6
CONTINUOUS
10
3.6639508661417324
20
-3.9034223228346456
11
3.6650148818897637
21
-3.9073933070866143
0
LINE
8
BLACK
6
CONTINUOUS
10
3.6650148818897637
20
-3.9073933070866143
11
3.6650148818897637
21
-3.9115043307086612
0
LINE
8
BLACK
6
CONTINUOUS
10
3.6650148818897637
20
-3.9115043307086612
11
3.6639508661417324
21
-3.9154753149606298
0
LINE
8
BLACK
6
CONTINUOUS
10
3.6639508661417324
20
-3.9154753149606298
11
3.6618953149606299
21
-3.9190356299212596
0
LINE
8
BLACK
6
CONTINUOUS
10
3.6618953149606299
20
-3.9190356299212596
11
3.6589883858267718
21
-3.9219425590551182
0
LINE
8
BLACK
6
CONTINUOUS
10
3.6589883858267718
20
-3.9219425590551182
11
3.6554280708661415
21
-3.9239981102362202
0
LINE
8
BLACK
6
CONTINUOUS
10
3.6554280708661415
20
-3.9239981102362202
11
3.6514570866141733
21
-3.925062125984252
0
LINE
8
BLACK
6
CONTINUOUS
10
3.6514570866141733
20
-3.925062125984252
11
3.6473460629921259
21
-3.925062125984252
0
LINE
8
BLACK
6
CONTINUOUS
10
3.6473460629921259
20
-3.925062125984252
11
3.6433750787401573
21
-3.9239981102362202
0
LINE
8
BLACK
6
CONTINUOUS
10
3.6433750787401573
20
-3.9239981102362202
11
3.6398147637795275
21
-3.9219425590551182
0
LINE
8
BLACK
6
CONTINUOUS
10
3.6398147637795275
20
-3.9219425590551182
11
3.6369078346456694
21
-3.9190356299212596
0
LINE
8
BLACK
6
CONTINUOUS
10
3.6369078346456694
20
-3.9190356299212596
11
3.6348522834645669
21
-3.9154753149606298
0
LINE
8
BLACK
6
CONTINUOUS
10
3.6348522834645669
20
-3.9154753149606298
11
3.6337882677165352
21
-3.9115043307086612
0
LINE
8
BLACK
6
CONTINUOUS
10
3.6337882677165352
20
-3.9115043307086612
11
3.6337882677165352
21
-3.9073933070866143
0
LINE
8
BLACK
6
CONTINUOUS
10
3.6337882677165352
20
-3.9073933070866143
11
3.6348522834645669
21
-3.9034223228346456
0
LINE
8
BLACK
6
CONTINUOUS
10
3.6348522834645669
20
-3.9034223228346456
11
3.6369078346456694
21
-3.8998620078740158
0
LINE
8
BLACK
6
CONTINUOUS
10
3.6369078346456694
20
-3.8998620078740158
11
3.6398147637795275
21
-3.8969550787401572
0
LINE
8
BLACK
6
CONTINUOUS
10
3.6398147637795275
20
-3.8969550787401572
11
3.6433750787401573
21
-3.8948995275590552
0
LINE
8
BLACK
6
CONTINUOUS
10
3.6433750787401573
20
-3.8948995275590552
11
3.6473460629921259
21
-3.8938355118110235
0
LINE
8
BLACK
6
CONTINUOUS
10
3.6473460629921259
20
-3.8938355118110235
11
3.6514570866141733
21
-3.8938355118110235
0
LINE
8
BLACK
6
CONTINUOUS
10
3.6514570866141733
20
-3.8938355118110235
11
3.6554280708661415
21
-3.8948995275590552
0
LINE
8
BLACK
6
CONTINUOUS
10
3.7007036614173225
20
-3.8948995275590552
11
3.7042639763779528
21
-3.8969550787401572
0
LINE
8
BLACK
6
CONTINUOUS
10
3.7042639763779528
20
-3.8969550787401572
11
3.7071709055118109
21
-3.8998620078740158
0
LINE
8
BLACK
6
CONTINUOUS
10
3.7071709055118109
20
-3.8998620078740158
11
3.7092264566929134
21
-3.9034223228346456
0
LINE
8
BLACK
6
CONTINUOUS
10
3.7092264566929134
20
-3.9034223228346456
11
3.7102904724409447
21
-3.9073933070866143
0
LINE
8
BLACK
6
CONTINUOUS
10
3.7102904724409447
20
-3.9073933070866143
11
3.7102904724409447
21
-3.9115043307086612
0
LINE
8
BLACK
6
CONTINUOUS
10
3.7102904724409447
20
-3.9115043307086612
11
3.7092264566929134
21
-3.9154753149606298
0
LINE
8
BLACK
6
CONTINUOUS
10
3.7092264566929134
20
-3.9154753149606298
11
3.7071709055118109
21
-3.9190356299212596
0
LINE
8
BLACK
6
CONTINUOUS
10
3.7071709055118109
20
-3.9190356299212596
11
3.7042639763779528
21
-3.9219425590551182
0
LINE
8
BLACK
6
CONTINUOUS
10
3.7042639763779528
20
-3.9219425590551182
11
3.7007036614173225
21
-3.9239981102362202
0
LINE
8
BLACK
6
CONTINUOUS
10
3.7007036614173225
20
-3.9239981102362202
11
3.6967326771653544
21
-3.925062125984252
0
LINE
8
BLACK
6
CONTINUOUS
10
3.6967326771653544
20
-3.925062125984252
11
3.692621653543307
21
-3.925062125984252
0
LINE
8
BLACK
6
CONTINUOUS
10
3.692621653543307
20
-3.925062125984252
11
3.6886506692913383
21
-3.9239981102362202
0
LINE
8
BLACK
6
CONTINUOUS
10
3.6886506692913383
20
-3.9239981102362202
11
3.6850903543307085
21
-3.9219425590551182
0
LINE
8
BLACK
6
CONTINUOUS
10
3.6850903543307085
20
-3.9219425590551182
11
3.6821834251968504
21
-3.9190356299212596
0
LINE
8
BLACK
6
CONTINUOUS
10
3.6821834251968504
20
-3.9190356299212596
11
3.6801278740157479
21
-3.9154753149606298
0
LINE
8
BLACK
6
CONTINUOUS
10
3.6801278740157479
20
-3.9154753149606298
11
3.6790638582677166
21
-3.9115043307086612
0
LINE
8
BLACK
6
CONTINUOUS
10
3.6790638582677166
20
-3.9115043307086612
11
3.6790638582677166
21
-3.9073933070866143
0
LINE
8
BLACK
6
CONTINUOUS
10
3.6790638582677166
20
-3.9073933070866143
11
3.6801278740157479
21
-3.9034223228346456
0
LINE
8
BLACK
6
CONTINUOUS
10
3.6801278740157479
20
-3.9034223228346456
11
3.6821834251968504
21
-3.8998620078740158
0
LINE
8
BLACK
6
CONTINUOUS
10
3.6821834251968504
20
-3.8998620078740158
11
3.6850903543307085
21
-3.8969550787401572
0
LINE
8
BLACK
6
CONTINUOUS
10
3.6850903543307085
20
-3.8969550787401572
11
3.6886506692913383
21
-3.8948995275590552
0
LINE
8
BLACK
6
CONTINUOUS
10
3.6886506692913383
20
-3.8948995275590552
11
3.692621653543307
21
-3.8938355118110235
0
LINE
8
BLACK
6
CONTINUOUS
10
3.692621653543307
20
-3.8938355118110235
11
3.6967326771653544
21
-3.8938355118110235
0
LINE
8
BLACK
6
CONTINUOUS
10
3.6967326771653544
20
-3.8938355118110235
11
3.7007036614173225
21
-3.8948995275590552
0
LINE
8
BLACK
6
CONTINUOUS
10
3.745979251968504
20
-3.8948995275590552
11
3.7495395669291338
21
-3.8969550787401572
0
LINE
8
BLACK
6
CONTINUOUS
10
3.7495395669291338
20
-3.8969550787401572
11
3.752446496062992
21
-3.8998620078740158
0
LINE
8
BLACK
6
CONTINUOUS
10
3.752446496062992
20
-3.8998620078740158
11
3.7545020472440944
21
-3.9034223228346456
0
LINE
8
BLACK
6
CONTINUOUS
10
3.7545020472440944
20
-3.9034223228346456
11
3.7555660629921257
21
-3.9073933070866143
0
LINE
8
BLACK
6
CONTINUOUS
10
3.7555660629921257
20
-3.9073933070866143
11
3.7555660629921257
21
-3.9115043307086612
0
LINE
8
BLACK
6
CONTINUOUS
10
3.7555660629921257
20
-3.9115043307086612
11
3.7545020472440944
21
-3.9154753149606298
0
LINE
8
BLACK
6
CONTINUOUS
10
3.7545020472440944
20
-3.9154753149606298
11
3.752446496062992
21
-3.9190356299212596
0
LINE
8
BLACK
6
CONTINUOUS
10
3.752446496062992
20
-3.9190356299212596
11
3.7495395669291338
21
-3.9219425590551182
0
LINE
8
BLACK
6
CONTINUOUS
10
3.7495395669291338
20
-3.9219425590551182
11
3.745979251968504
21
-3.9239981102362202
0
LINE
8
BLACK
6
CONTINUOUS
10
3.745979251968504
20
-3.9239981102362202
11
3.7420082677165354
21
-3.925062125984252
0
LINE
8
BLACK
6
CONTINUOUS
10
3.7420082677165354
20
-3.925062125984252
11
3.737897244094488
21
-3.925062125984252
0
LINE
8
BLACK
6
CONTINUOUS
10
3.737897244094488
20
-3.925062125984252
11
3.7339262598425198
21
-3.9239981102362202
0
LINE
8
BLACK
6
CONTINUOUS
10
3.7339262598425198
20
-3.9239981102362202
11
3.7303659448818896
21
-3.9219425590551182
0
LINE
8
BLACK
6
CONTINUOUS
10
3.7303659448818896
20
-3.9219425590551182
11
3.7274590157480314
21
-3.9190356299212596
0
LINE
8
BLACK
6
CONTINUOUS
10
3.7274590157480314
20
-3.9190356299212596
11
3.7254034645669289
21
-3.9154753149606298
0
LINE
8
BLACK
6
CONTINUOUS
10
3.7254034645669289
20
-3.9154753149606298
11
3.7243394488188977
21
-3.9115043307086612
0
LINE
8
BLACK
6
CONTINUOUS
10
3.7243394488188977
20
-3.9115043307086612
11
3.7243394488188977
21
-3.9073933070866143
0
LINE
8
BLACK
6
CONTINUOUS
10
3.7243394488188977
20
-3.9073933070866143
11
3.7254034645669289
21
-3.9034223228346456
0
LINE
8
BLACK
6
CONTINUOUS
10
3.7254034645669289
20
-3.9034223228346456
11
3.7274590157480314
21
-3.8998620078740158
0
LINE
8
BLACK
6
CONTINUOUS
10
3.7274590157480314
20
-3.8998620078740158
11
3.7303659448818896
21
-3.8969550787401572
0
LINE
8
BLACK
6
CONTINUOUS
10
3.7303659448818896
20
-3.8969550787401572
11
3.7339262598425198
21
-3.8948995275590552
0
LINE
8
BLACK
6
CONTINUOUS
10
3.7339262598425198
20
-3.8948995275590552
11
3.737897244094488
21
-3.8938355118110235
0
LINE
8
BLACK
6
CONTINUOUS
10
3.737897244094488
20
-3.8938355118110235
11
3.7420082677165354
21
-3.8938355118110235
0
LINE
8
BLACK
6
CONTINUOUS
10
3.7420082677165354
20
-3.8938355118110235
11
3.745979251968504
21
-3.8948995275590552
0
LINE
8
BLACK
6
CONTINUOUS
10
3.791254842519685
20
-3.8948995275590552
11
3.7948151574803148
21
-3.8969550787401572
0
LINE
8
BLACK
6
CONTINUOUS
10
3.7948151574803148
20
-3.8969550787401572
11
3.797722086614173
21
-3.8998620078740158
0
LINE
8
BLACK
6
CONTINUOUS
10
3.797722086614173
20
-3.8998620078740158
11
3.7997776377952754
21
-3.9034223228346456
0
LINE
8
BLACK
6
CONTINUOUS
10
3.7997776377952754
20
-3.9034223228346456
11
3.8008416535433072
21
-3.9073933070866143
0
LINE
8
BLACK
6
CONTINUOUS
10
3.8008416535433072
20
-3.9073933070866143
11
3.8008416535433072
21
-3.9115043307086612
0
LINE
8
BLACK
6
CONTINUOUS
10
3.8008416535433072
20
-3.9115043307086612
11
3.7997776377952754
21
-3.9154753149606298
0
LINE
8
BLACK
6
CONTINUOUS
10
3.7997776377952754
20
-3.9154753149606298
11
3.797722086614173
21
-3.9190356299212596
0
LINE
8
BLACK
6
CONTINUOUS
10
3.797722086614173
20
-3.9190356299212596
11
3.7948151574803148
21
-3.9219425590551182
0
LINE
8
BLACK
6
CONTINUOUS
10
3.7948151574803148
20
-3.9219425590551182
11
3.791254842519685
21
-3.9239981102362202
0
LINE
8
BLACK
6
CONTINUOUS
10
3.791254842519685
20
-3.9239981102362202
11
3.7872838582677164
21
-3.925062125984252
0
LINE
8
BLACK
6
CONTINUOUS
10
3.7872838582677164
20
-3.925062125984252
11
3.783172834645669
21
-3.925062125984252
0
LINE
8
BLACK
6
CONTINUOUS
10
3.783172834645669
20
-3.925062125984252
11
3.7792018503937008
21
-3.9239981102362202
0
LINE
8
BLACK
6
CONTINUOUS
10
3.7792018503937008
20
-3.9239981102362202
11
3.7756415354330706
21
-3.9219425590551182
0
LINE
8
BLACK
6
CONTINUOUS
10
3.7756415354330706
20
-3.9219425590551182
11
3.7727346062992124
21
-3.9190356299212596
0
LINE
8
BLACK
6
CONTINUOUS
10
3.7727346062992124
20
-3.9190356299212596
11
3.77067905511811
21
-3.9154753149606298
0
LINE
8
BLACK
6
CONTINUOUS
10
3.77067905511811
20
-3.9154753149606298
11
3.7696150393700787
21
-3.9115043307086612
0
LINE
8
BLACK
6
CONTINUOUS
10
3.7696150393700787
20
-3.9115043307086612
11
3.7696150393700787
21
-3.9073933070866143
0
LINE
8
BLACK
6
CONTINUOUS
10
3.7696150393700787
20
-3.9073933070866143
11
3.77067905511811
21
-3.9034223228346456
0
LINE
8
BLACK
6
CONTINUOUS
10
3.77067905511811
20
-3.9034223228346456
11
3.7727346062992124
21
-3.8998620078740158
0
LINE
8
BLACK
6
CONTINUOUS
10
3.7727346062992124
20
-3.8998620078740158
11
3.7756415354330706
21
-3.8969550787401572
0
LINE
8
BLACK
6
CONTINUOUS
10
3.7756415354330706
20
-3.8969550787401572
11
3.7792018503937008
21
-3.8948995275590552
0
LINE
8
BLACK
6
CONTINUOUS
10
3.7792018503937008
20
-3.8948995275590552
11
3.783172834645669
21
-3.8938355118110235
0
LINE
8
BLACK
6
CONTINUOUS
10
3.783172834645669
20
-3.8938355118110235
11
3.7872838582677164
21
-3.8938355118110235
0
LINE
8
BLACK
6
CONTINUOUS
10
3.7872838582677164
20
-3.8938355118110235
11
3.791254842519685
21
-3.8948995275590552
0
LINE
8
BLACK
6
CONTINUOUS
10
4.3489491338582678
20
-3.8049993307086614
11
4.3559012598425193
21
-3.8078790157480316
0
LINE
8
BLACK
6
CONTINUOUS
10
4.3559012598425193
20
-3.8078790157480316
11
4.3621579921259839
21
-3.8120596456692915
0
LINE
8
BLACK
6
CONTINUOUS
10
4.3621579921259839
20
-3.8120596456692915
11
4.3674789370078742
21
-3.8173805905511808
0
LINE
8
BLACK
6
CONTINUOUS
10
4.3674789370078742
20
-3.8173805905511808
11
4.371659566929134
21
-3.8236373228346454
0
LINE
8
BLACK
6
CONTINUOUS
10
4.371659566929134
20
-3.8236373228346454
11
4.3745392519685042
21
-3.8305894488188974
0
LINE
8
BLACK
6
CONTINUOUS
10
4.3745392519685042
20
-3.8305894488188974
11
4.3760072834645669
21
-3.8379698031496061
0
LINE
8
BLACK
6
CONTINUOUS
10
4.3760072834645669
20
-3.8379698031496061
11
4.3760072834645669
21
-3.8454947637795276
0
LINE
8
BLACK
6
CONTINUOUS
10
4.3760072834645669
20
-3.8454947637795276
11
4.3745392519685042
21
-3.8528751181102363
0
LINE
8
BLACK
6
CONTINUOUS
10
4.3745392519685042
20
-3.8528751181102363
11
4.371659566929134
21
-3.8598272440944883
0
LINE
8
BLACK
6
CONTINUOUS
10
4.371659566929134
20
-3.8598272440944883
11
4.3674789370078742
21
-3.8660839763779529
0
LINE
8
BLACK
6
CONTINUOUS
10
4.3674789370078742
20
-3.8660839763779529
11
4.3621579921259839
21
-3.8714049212598423
0
LINE
8
BLACK
6
CONTINUOUS
10
4.3621579921259839
20
-3.8714049212598423
11
4.3559012598425193
21
-3.8755855511811022
0
LINE
8
BLACK
6
CONTINUOUS
10
4.3559012598425193
20
-3.8755855511811022
11
4.3489491338582678
21
-3.8784652362204723
0
LINE
8
BLACK
6
CONTINUOUS
10
4.3489491338582678
20
-3.8784652362204723
11
4.3415687795275586
21
-3.8799332677165355
0
LINE
8
BLACK
6
CONTINUOUS
10
4.3415687795275586
20
-3.8799332677165355
11
4.334043818897638
21
-3.8799332677165355
0
LINE
8
BLACK
6
CONTINUOUS
10
4.334043818897638
20
-3.8799332677165355
11
4.3266634645669289
21
-3.8784652362204723
0
LINE
8
BLACK
6
CONTINUOUS
10
4.3266634645669289
20
-3.8784652362204723
11
4.3197113385826773
21
-3.8755855511811022
0
LINE
8
BLACK
6
CONTINUOUS
10
4.3197113385826773
20
-3.8755855511811022
11
4.3134546062992127
21
-3.8714049212598423
0
LINE
8
BLACK
6
CONTINUOUS
10
4.3134546062992127
20
-3.8714049212598423
11
4.3081336614173225
21
-3.8660839763779529
0
LINE
8
BLACK
6
CONTINUOUS
10
4.3081336614173225
20
-3.8660839763779529
11
4.3039530314960626
21
-3.8598272440944883
0
LINE
8
BLACK
6
CONTINUOUS
10
4.3039530314960626
20
-3.8598272440944883
11
4.3010733464566933
21
-3.8528751181102363
0
LINE
8
BLACK
6
CONTINUOUS
10
4.3010733464566933
20
-3.8528751181102363
11
4.2996053149606297
21
-3.8454947637795276
0
LINE
8
BLACK
6
CONTINUOUS
10
4.2996053149606297
20
-3.8454947637795276
11
4.2996053149606297
21
-3.8379698031496061
0
LINE
8
BLACK
6
CONTINUOUS
10
4.2996053149606297
20
-3.8379698031496061
11
4.3010733464566933
21
-3.8305894488188974
0
LINE
8
BLACK
6
CONTINUOUS
10
4.3010733464566933
20
-3.8305894488188974
11
4.3039530314960626
21
-3.8236373228346454
0
LINE
8
BLACK
6
CONTINUOUS
10
4.3039530314960626
20
-3.8236373228346454
11
4.3081336614173225
21
-3.8173805905511808
0
LINE
8
BLACK
6
CONTINUOUS
10
4.3081336614173225
20
-3.8173805905511808
11
4.3134546062992127
21
-3.8120596456692915
0
LINE
8
BLACK
6
CONTINUOUS
10
4.3134546062992127
20
-3.8120596456692915
11
4.3197113385826773
21
-3.8078790157480316
0
LINE
8
BLACK
6
CONTINUOUS
10
4.3197113385826773
20
-3.8078790157480316
11
4.3266634645669289
21
-3.8049993307086614
0
LINE
8
BLACK
6
CONTINUOUS
10
4.3266634645669289
20
-3.8049993307086614
11
4.334043818897638
21
-3.8035312992125982
0
LINE
8
BLACK
6
CONTINUOUS
10
4.334043818897638
20
-3.8035312992125982
11
4.3415687795275586
21
-3.8035312992125982
0
LINE
8
BLACK
6
CONTINUOUS
10
4.3415687795275586
20
-3.8035312992125982
11
4.3489491338582678
21
-3.8049993307086614
0
LINE
8
BLACK
6
CONTINUOUS
10
5.0497365354330706
20
-3.8049993307086614
11
5.056688661417323
21
-3.8078790157480316
0
LINE
8
BLACK
6
CONTINUOUS
10
5.056688661417323
20
-3.8078790157480316
11
5.0629453937007876
21
-3.8120596456692915
0
LINE
8
BLACK
6
CONTINUOUS
10
5.0629453937007876
20
-3.8120596456692915
11
5.0682663385826769
21
-3.8173805905511808
0
LINE
8
BLACK
6
CONTINUOUS
10
5.0682663385826769
20
-3.8173805905511808
11
5.0724469685039368
21
-3.8236373228346454
0
LINE
8
BLACK
6
CONTINUOUS
10
5.0724469685039368
20
-3.8236373228346454
11
5.075326653543307
21
-3.8305894488188974
0
LINE
8
BLACK
6
CONTINUOUS
10
5.075326653543307
20
-3.8305894488188974
11
5.0767946850393697
21
-3.8379698031496061
0
LINE
8
BLACK
6
CONTINUOUS
10
5.0767946850393697
20
-3.8379698031496061
11
5.0767946850393697
21
-3.8454947637795276
0
LINE
8
BLACK
6
CONTINUOUS
10
5.0767946850393697
20
-3.8454947637795276
11
5.075326653543307
21
-3.8528751181102363
0
LINE
8
BLACK
6
CONTINUOUS
10
5.075326653543307
20
-3.8528751181102363
11
5.0724469685039368
21
-3.8598272440944883
0
LINE
8
BLACK
6
CONTINUOUS
10
5.0724469685039368
20
-3.8598272440944883
11
5.0682663385826769
21
-3.8660839763779529
0
LINE
8
BLACK
6
CONTINUOUS
10
5.0682663385826769
20
-3.8660839763779529
11
5.0629453937007876
21
-3.8714049212598423
0
LINE
8
BLACK
6
CONTINUOUS
10
5.0629453937007876
20
-3.8714049212598423
11
5.056688661417323
21
-3.8755855511811022
0
LINE
8
BLACK
6
CONTINUOUS
10
5.056688661417323
20
-3.8755855511811022
11
5.0497365354330706
21
-3.8784652362204723
0
LINE
8
BLACK
6
CONTINUOUS
10
5.0497365354330706
20
-3.8784652362204723
11
5.0423561811023623
21
-3.8799332677165355
0
LINE
8
BLACK
6
CONTINUOUS
10
5.0423561811023623
20
-3.8799332677165355
11
5.0348312204724408
21
-3.8799332677165355
0
LINE
8
BLACK
6
CONTINUOUS
10
5.0348312204724408
20
-3.8799332677165355
11
5.0274508661417325
21
-3.8784652362204723
0
LINE
8
BLACK
6
CONTINUOUS
10
5.0274508661417325
20
-3.8784652362204723
11
5.0204987401574801
21
-3.8755855511811022
0
LINE
8
BLACK
6
CONTINUOUS
10
5.0204987401574801
20
-3.8755855511811022
11
5.0142420078740155
21
-3.8714049212598423
0
LINE
8
BLACK
6
CONTINUOUS
10
5.0142420078740155
20
-3.8714049212598423
11
5.0089210629921261
21
-3.8660839763779529
0
LINE
8
BLACK
6
CONTINUOUS
10
5.0089210629921261
20
-3.8660839763779529
11
5.0047404330708662
21
-3.8598272440944883
0
LINE
8
BLACK
6
CONTINUOUS
10
5.0047404330708662
20
-3.8598272440944883
11
5.0018607480314961
21
-3.8528751181102363
0
LINE
8
BLACK
6
CONTINUOUS
10
5.0018607480314961
20
-3.8528751181102363
11
5.0003927165354334
21
-3.8454947637795276
0
LINE
8
BLACK
6
CONTINUOUS
10
5.0003927165354334
20
-3.8454947637795276
11
5.0003927165354334
21
-3.8379698031496061
0
LINE
8
BLACK
6
CONTINUOUS
10
5.0003927165354334
20
-3.8379698031496061
11
5.0018607480314961
21
-3.8305894488188974
0
LINE
8
BLACK
6
CONTINUOUS
10
5.0018607480314961
20
-3.8305894488188974
11
5.0047404330708662
21
-3.8236373228346454
0
LINE
8
BLACK
6
CONTINUOUS
10
5.0047404330708662
20
-3.8236373228346454
11
5.0089210629921261
21
-3.8173805905511808
0
LINE
8
BLACK
6
CONTINUOUS
10
5.0089210629921261
20
-3.8173805905511808
11
5.0142420078740155
21
-3.8120596456692915
0
LINE
8
BLACK
6
CONTINUOUS
10
5.0142420078740155
20
-3.8120596456692915
11
5.0204987401574801
21
-3.8078790157480316
0
LINE
8
BLACK
6
CONTINUOUS
10
5.0204987401574801
20
-3.8078790157480316
11
5.0274508661417325
21
-3.8049993307086614
0
LINE
8
BLACK
6
CONTINUOUS
10
5.0274508661417325
20
-3.8049993307086614
11
5.0348312204724408
21
-3.8035312992125982
0
LINE
8
BLACK
6
CONTINUOUS
10
5.0348312204724408
20
-3.8035312992125982
11
5.0423561811023623
21
-3.8035312992125982
0
LINE
8
BLACK
6
CONTINUOUS
10
5.0423561811023623
20
-3.8035312992125982
11
5.0497365354330706
21
-3.8049993307086614
0
LINE
8
BLACK
6
CONTINUOUS
10
3.5504461417322832
20
-3.8020000393700788
11
3.5551105905511808
21
-3.8043766929133858
0
LINE
8
BLACK
6
CONTINUOUS
10
3.5551105905511808
20
-3.8043766929133858
11
3.558812283464567
21
-3.8080783858267715
0
LINE
8
BLACK
6
CONTINUOUS
10
3.558812283464567
20
-3.8080783858267715
11
3.561188937007874
21
-3.8127428346456691
0
LINE
8
BLACK
6
CONTINUOUS
10
3.561188937007874
20
-3.8127428346456691
11
3.5620078740157481
21
-3.8179133858267718
0
LINE
8
BLACK
6
CONTINUOUS
10
3.5620078740157481
20
-3.8179133858267718
11
3.5620078740157481
21
-3.8356299212598426
0
LINE
8
BLACK
6
CONTINUOUS
10
3.5620078740157481
20
-3.8356299212598426
11
3.561188937007874
21
-3.8408004724409448
0
LINE
8
BLACK
6
CONTINUOUS
10
3.561188937007874
20
-3.8408004724409448
11
3.558812283464567
21
-3.8454649212598424
0
LINE
8
BLACK
6
CONTINUOUS
10
3.558812283464567
20
-3.8454649212598424
11
3.5553228346456693
21
-3.8489543307086613
0
LINE
8
BLACK
6
CONTINUOUS
10
3.5553228346456693
20
-3.8489543307086613
11
3.5567948818897639
21
-3.8485599212598425
0
LINE
8
BLACK
6
CONTINUOUS
10
3.5567948818897639
20
-3.8485599212598425
11
3.5609059055118109
21
-3.8485599212598425
0
LINE
8
BLACK
6
CONTINUOUS
10
3.5609059055118109
20
-3.8485599212598425
11
3.5648768897637795
21
-3.8496239370078738
0
LINE
8
BLACK
6
CONTINUOUS
10
3.5648768897637795
20
-3.8496239370078738
11
3.5684372047244093
21
-3.8516794881889762
0
LINE
8
BLACK
6
CONTINUOUS
10
3.5684372047244093
20
-3.8516794881889762
11
3.5713441338582674
21
-3.8545864173228344
0
LINE
8
BLACK
6
CONTINUOUS
10
3.5713441338582674
20
-3.8545864173228344
11
3.5733996850393699
21
-3.8581467322834646
0
LINE
8
BLACK
6
CONTINUOUS
10
3.5733996850393699
20
-3.8581467322834646
11
3.5744637007874016
21
-3.8621177165354328
0
LINE
8
BLACK
6
CONTINUOUS
10
3.5744637007874016
20
-3.8621177165354328
11
3.5744637007874016
21
-3.8662287401574802
0
LINE
8
BLACK
6
CONTINUOUS
10
3.5744637007874016
20
-3.8662287401574802
11
3.5733996850393699
21
-3.8701997244094488
0
LINE
8
BLACK
6
CONTINUOUS
10
3.5733996850393699
20
-3.8701997244094488
11
3.5713441338582674
21
-3.8737600393700786
0
LINE
8
BLACK
6
CONTINUOUS
10
3.5713441338582674
20
-3.8737600393700786
11
3.5684372047244093
21
-3.8766669685039368
0
LINE
8
BLACK
6
CONTINUOUS
10
3.5684372047244093
20
-3.8766669685039368
11
3.5648768897637795
21
-3.8787225196850392
0
LINE
8
BLACK
6
CONTINUOUS
10
3.5648768897637795
20
-3.8787225196850392
11
3.5609059055118109
21
-3.8797865354330709
0
LINE
8
BLACK
6
CONTINUOUS
10
3.5609059055118109
20
-3.8797865354330709
11
3.5567948818897639
21
-3.8797865354330709
0
LINE
8
BLACK
6
CONTINUOUS
10
3.5567948818897639
20
-3.8797865354330709
11
3.5528238976377953
21
-3.8787225196850392
0
LINE
8
BLACK
6
CONTINUOUS
10
3.5528238976377953
20
-3.8787225196850392
11
3.5492635826771655
21
-3.8766669685039368
0
LINE
8
BLACK
6
CONTINUOUS
10
3.5492635826771655
20
-3.8766669685039368
11
3.5463566535433069
21
-3.8737600393700786
0
LINE
8
BLACK
6
CONTINUOUS
10
3.5463566535433069
20
-3.8737600393700786
11
3.5443011023622049
21
-3.8701997244094488
0
LINE
8
BLACK
6
CONTINUOUS
10
3.5443011023622049
20
-3.8701997244094488
11
3.5432370866141731
21
-3.8662287401574802
0
LINE
8
BLACK
6
CONTINUOUS
10
3.5432370866141731
20
-3.8662287401574802
11
3.5432370866141731
21
-3.8621177165354328
0
LINE
8
BLACK
6
CONTINUOUS
10
3.5432370866141731
20
-3.8621177165354328
11
3.5443011023622049
21
-3.8581467322834646
0
LINE
8
BLACK
6
CONTINUOUS
10
3.5443011023622049
20
-3.8581467322834646
11
3.5463566535433069
21
-3.8545864173228344
0
LINE
8
BLACK
6
CONTINUOUS
10
3.5463566535433069
20
-3.8545864173228344
11
3.549202874015748
21
-3.851740157480315
0
LINE
8
BLACK
6
CONTINUOUS
10
3.549202874015748
20
-3.851740157480315
11
3.545275590551181
21
-3.8523622047244093
0
LINE
8
BLACK
6
CONTINUOUS
10
3.545275590551181
20
-3.8523622047244093
11
3.5255905511811023
21
-3.8523622047244093
0
LINE
8
BLACK
6
CONTINUOUS
10
3.5255905511811023
20
-3.8523622047244093
11
3.5204200000000001
21
-3.8515432677165355
0
LINE
8
BLACK
6
CONTINUOUS
10
3.5204200000000001
20
-3.8515432677165355
11
3.5157555511811025
21
-3.8491666141732281
0
LINE
8
BLACK
6
CONTINUOUS
10
3.5157555511811025
20
-3.8491666141732281
11
3.5120538582677163
21
-3.8454649212598424
0
LINE
8
BLACK
6
CONTINUOUS
10
3.5120538582677163
20
-3.8454649212598424
11
3.5096772047244094
21
-3.8408004724409448
0
LINE
8
BLACK
6
CONTINUOUS
10
3.5096772047244094
20
-3.8408004724409448
11
3.5088582677165352
21
-3.8356299212598426
0
LINE
8
BLACK
6
CONTINUOUS
10
3.5088582677165352
20
-3.8356299212598426
11
3.5088582677165352
21
-3.8179133858267718
0
LINE
8
BLACK
6
CONTINUOUS
10
3.5088582677165352
20
-3.8179133858267718
11
3.5096772047244094
21
-3.8127428346456691
0
LINE
8
BLACK
6
CONTINUOUS
10
3.5096772047244094
20
-3.8127428346456691
11
3.5120538582677163
21
-3.8080783858267715
0
LINE
8
BLACK
6
CONTINUOUS
10
3.5120538582677163
20
-3.8080783858267715
11
3.5157555511811025
21
-3.8043766929133858
0
LINE
8
BLACK
6
CONTINUOUS
10
3.5157555511811025
20
-3.8043766929133858
11
3.5204200000000001
21
-3.8020000393700788
0
LINE
8
BLACK
6
CONTINUOUS
10
3.5204200000000001
20
-3.8020000393700788
11
3.5255905511811023
21
-3.8011811023622046
0
LINE
8
BLACK
6
CONTINUOUS
10
3.5255905511811023
20
-3.8011811023622046
11
3.545275590551181
21
-3.8011811023622046
0
LINE
8
BLACK
6
CONTINUOUS
10
3.545275590551181
20
-3.8011811023622046
11
3.5504461417322832
21
-3.8020000393700788
0
LINE
8
BLACK
6
CONTINUOUS
10
3.6101524803149605
20
-3.8496239370078738
11
3.6137127952755903
21
-3.8516794881889762
0
LINE
8
BLACK
6
CONTINUOUS
10
3.6137127952755903
20
-3.8516794881889762
11
3.6166197244094489
21
-3.8545864173228344
0
LINE
8
BLACK
6
CONTINUOUS
10
3.6166197244094489
20
-3.8545864173228344
11
3.6186752755905509
21
-3.8581467322834646
0
LINE
8
BLACK
6
CONTINUOUS
10
3.6186752755905509
20
-3.8581467322834646
11
3.6197392913385826
21
-3.8621177165354328
0
LINE
8
BLACK
6
CONTINUOUS
10
3.6197392913385826
20
-3.8621177165354328
11
3.6197392913385826
21
-3.8662287401574802
0
LINE
8
BLACK
6
CONTINUOUS
10
3.6197392913385826
20
-3.8662287401574802
11
3.6186752755905509
21
-3.8701997244094488
0
LINE
8
BLACK
6
CONTINUOUS
10
3.6186752755905509
20
-3.8701997244094488
11
3.6166197244094489
21
-3.8737600393700786
0
LINE
8
BLACK
6
CONTINUOUS
10
3.6166197244094489
20
-3.8737600393700786
11
3.6137127952755903
21
-3.8766669685039368
0
LINE
8
BLACK
6
CONTINUOUS
10
3.6137127952755903
20
-3.8766669685039368
11
3.6101524803149605
21
-3.8787225196850392
0
LINE
8
BLACK
6
CONTINUOUS
10
3.6101524803149605
20
-3.8787225196850392
11
3.6061814960629919
21
-3.8797865354330709
0
LINE
8
BLACK
6
CONTINUOUS
10
3.6061814960629919
20
-3.8797865354330709
11
3.6020704724409449
21
-3.8797865354330709
0
LINE
8
BLACK
6
CONTINUOUS
10
3.6020704724409449
20
-3.8797865354330709
11
3.5980994881889763
21
-3.8787225196850392
0
LINE
8
BLACK
6
CONTINUOUS
10
3.5980994881889763
20
-3.8787225196850392
11
3.5945391732283465
21
-3.8766669685039368
0
LINE
8
BLACK
6
CONTINUOUS
10
3.5945391732283465
20
-3.8766669685039368
11
3.5916322440944879
21
-3.8737600393700786
0
LINE
8
BLACK
6
CONTINUOUS
10
3.5916322440944879
20
-3.8737600393700786
11
3.5895766929133859
21
-3.8701997244094488
0
LINE
8
BLACK
6
CONTINUOUS
10
3.5895766929133859
20
-3.8701997244094488
11
3.5885126771653542
21
-3.8662287401574802
0
LINE
8
BLACK
6
CONTINUOUS
10
3.5885126771653542
20
-3.8662287401574802
11
3.5885126771653542
21
-3.8621177165354328
0
LINE
8
BLACK
6
CONTINUOUS
10
3.5885126771653542
20
-3.8621177165354328
11
3.5895766929133859
21
-3.8581467322834646
0
LINE
8
BLACK
6
CONTINUOUS
10
3.5895766929133859
20
-3.8581467322834646
11
3.5916322440944879
21
-3.8545864173228344
0
LINE
8
BLACK
6
CONTINUOUS
10
3.5916322440944879
20
-3.8545864173228344
11
3.5945391732283465
21
-3.8516794881889762
0
LINE
8
BLACK
6
CONTINUOUS
10
3.5945391732283465
20
-3.8516794881889762
11
3.5980994881889763
21
-3.8496239370078738
0
LINE
8
BLACK
6
CONTINUOUS
10
3.5980994881889763
20
-3.8496239370078738
11
3.6020704724409449
21
-3.8485599212598425
0
LINE
8
BLACK
6
CONTINUOUS
10
3.6020704724409449
20
-3.8485599212598425
11
3.6061814960629919
21
-3.8485599212598425
0
LINE
8
BLACK
6
CONTINUOUS
10
3.6061814960629919
20
-3.8485599212598425
11
3.6101524803149605
21
-3.8496239370078738
0
LINE
8
BLACK
6
CONTINUOUS
10
3.6554280708661415
20
-3.8496239370078738
11
3.6589883858267718
21
-3.8516794881889762
0
LINE
8
BLACK
6
CONTINUOUS
10
3.6589883858267718
20
-3.8516794881889762
11
3.6618953149606299
21
-3.8545864173228344
0
LINE
8
BLACK
6
CONTINUOUS
10
3.6618953149606299
20
-3.8545864173228344
11
3.6639508661417324
21
-3.8581467322834646
0
LINE
8
BLACK
6
CONTINUOUS
10
3.6639508661417324
20
-3.8581467322834646
11
3.6650148818897637
21
-3.8621177165354328
0
LINE
8
BLACK
6
CONTINUOUS
10
3.6650148818897637
20
-3.8621177165354328
11
3.6650148818897637
21
-3.8662287401574802
0
LINE
8
BLACK
6
CONTINUOUS
10
3.6650148818897637
20
-3.8662287401574802
11
3.6639508661417324
21
-3.8701997244094488
0
LINE
8
BLACK
6
CONTINUOUS
10
3.6639508661417324
20
-3.8701997244094488
11
3.6618953149606299
21
-3.8737600393700786
0
LINE
8
BLACK
6
CONTINUOUS
10
3.6618953149606299
20
-3.8737600393700786
11
3.6589883858267718
21
-3.8766669685039368
0
LINE
8
BLACK
6
CONTINUOUS
10
3.6589883858267718
20
-3.8766669685039368
11
3.6554280708661415
21
-3.8787225196850392
0
LINE
8
BLACK
6
CONTINUOUS
10
3.6554280708661415
20
-3.8787225196850392
11
3.6514570866141733
21
-3.8797865354330709
0
LINE
8
BLACK
6
CONTINUOUS
10
3.6514570866141733
20
-3.8797865354330709
11
3.6473460629921259
21
-3.8797865354330709
0
LINE
8
BLACK
6
CONTINUOUS
10
3.6473460629921259
20
-3.8797865354330709
11
3.6433750787401573
21
-3.8787225196850392
0
LINE
8
BLACK
6
CONTINUOUS
10
3.6433750787401573
20
-3.8787225196850392
11
3.6398147637795275
21
-3.8766669685039368
0
LINE
8
BLACK
6
CONTINUOUS
10
3.6398147637795275
20
-3.8766669685039368
11
3.6369078346456694
21
-3.8737600393700786
0
LINE
8
BLACK
6
CONTINUOUS
10
3.6369078346456694
20
-3.8737600393700786
11
3.6348522834645669
21
-3.8701997244094488
0
LINE
8
BLACK
6
CONTINUOUS
10
3.6348522834645669
20
-3.8701997244094488
11
3.6337882677165352
21
-3.8662287401574802
0
LINE
8
BLACK
6
CONTINUOUS
10
3.6337882677165352
20
-3.8662287401574802
11
3.6337882677165352
21
-3.8621177165354328
0
LINE
8
BLACK
6
CONTINUOUS
10
3.6337882677165352
20
-3.8621177165354328
11
3.6348522834645669
21
-3.8581467322834646
0
LINE
8
BLACK
6
CONTINUOUS
10
3.6348522834645669
20
-3.8581467322834646
11
3.6369078346456694
21
-3.8545864173228344
0
LINE
8
BLACK
6
CONTINUOUS
10
3.6369078346456694
20
-3.8545864173228344
11
3.6398147637795275
21
-3.8516794881889762
0
LINE
8
BLACK
6
CONTINUOUS
10
3.6398147637795275
20
-3.8516794881889762
11
3.6433750787401573
21
-3.8496239370078738
0
LINE
8
BLACK
6
CONTINUOUS
10
3.6433750787401573
20
-3.8496239370078738
11
3.6473460629921259
21
-3.8485599212598425
0
LINE
8
BLACK
6
CONTINUOUS
10
3.6473460629921259
20
-3.8485599212598425
11
3.6514570866141733
21
-3.8485599212598425
0
LINE
8
BLACK
6
CONTINUOUS
10
3.6514570866141733
20
-3.8485599212598425
11
3.6554280708661415
21
-3.8496239370078738
0
LINE
8
BLACK
6
CONTINUOUS
10
3.7007036614173225
20
-3.8496239370078738
11
3.7042639763779528
21
-3.8516794881889762
0
LINE
8
BLACK
6
CONTINUOUS
10
3.7042639763779528
20
-3.8516794881889762
11
3.7071709055118109
21
-3.8545864173228344
0
LINE
8
BLACK
6
CONTINUOUS
10
3.7071709055118109
20
-3.8545864173228344
11
3.7092264566929134
21
-3.8581467322834646
0
LINE
8
BLACK
6
CONTINUOUS
10
3.7092264566929134
20
-3.8581467322834646
11
3.7102904724409447
21
-3.8621177165354328
0
LINE
8
BLACK
6
CONTINUOUS
10
3.7102904724409447
20
-3.8621177165354328
11
3.7102904724409447
21
-3.8662287401574802
0
LINE
8
BLACK
6
CONTINUOUS
10
3.7102904724409447
20
-3.8662287401574802
11
3.7092264566929134
21
-3.8701997244094488
0
LINE
8
BLACK
6
CONTINUOUS
10
3.7092264566929134
20
-3.8701997244094488
11
3.7071709055118109
21
-3.8737600393700786
0
LINE
8
BLACK
6
CONTINUOUS
10
3.7071709055118109
20
-3.8737600393700786
11
3.7042639763779528
21
-3.8766669685039368
0
LINE
8
BLACK
6
CONTINUOUS
10
3.7042639763779528
20
-3.8766669685039368
11
3.7007036614173225
21
-3.8787225196850392
0
LINE
8
BLACK
6
CONTINUOUS
10
3.7007036614173225
20
-3.8787225196850392
11
3.6967326771653544
21
-3.8797865354330709
0
LINE
8
BLACK
6
CONTINUOUS
10
3.6967326771653544
20
-3.8797865354330709
11
3.692621653543307
21
-3.8797865354330709
0
LINE
8
BLACK
6
CONTINUOUS
10
3.692621653543307
20
-3.8797865354330709
11
3.6886506692913383
21
-3.8787225196850392
0
LINE
8
BLACK
6
CONTINUOUS
10
3.6886506692913383
20
-3.8787225196850392
11
3.6850903543307085
21
-3.8766669685039368
0
LINE
8
BLACK
6
CONTINUOUS
10
3.6850903543307085
20
-3.8766669685039368
11
3.6821834251968504
21
-3.8737600393700786
0
LINE
8
BLACK
6
CONTINUOUS
10
3.6821834251968504
20
-3.8737600393700786
11
3.6801278740157479
21
-3.8701997244094488
0
LINE
8
BLACK
6
CONTINUOUS
10
3.6801278740157479
20
-3.8701997244094488
11
3.6790638582677166
21
-3.8662287401574802
0
LINE
8
BLACK
6
CONTINUOUS
10
3.6790638582677166
20
-3.8662287401574802
11
3.6790638582677166
21
-3.8621177165354328
0
LINE
8
BLACK
6
CONTINUOUS
10
3.6790638582677166
20
-3.8621177165354328
11
3.6801278740157479
21
-3.8581467322834646
0
LINE
8
BLACK
6
CONTINUOUS
10
3.6801278740157479
20
-3.8581467322834646
11
3.6821834251968504
21
-3.8545864173228344
0
LINE
8
BLACK
6
CONTINUOUS
10
3.6821834251968504
20
-3.8545864173228344
11
3.6850903543307085
21
-3.8516794881889762
0
LINE
8
BLACK
6
CONTINUOUS
10
3.6850903543307085
20
-3.8516794881889762
11
3.6886506692913383
21
-3.8496239370078738
0
LINE
8
BLACK
6
CONTINUOUS
10
3.6886506692913383
20
-3.8496239370078738
11
3.692621653543307
21
-3.8485599212598425
0
LINE
8
BLACK
6
CONTINUOUS
10
3.692621653543307
20
-3.8485599212598425
11
3.6967326771653544
21
-3.8485599212598425
0
LINE
8
BLACK
6
CONTINUOUS
10
3.6967326771653544
20
-3.8485599212598425
11
3.7007036614173225
21
-3.8496239370078738
0
LINE
8
BLACK
6
CONTINUOUS
10
3.745979251968504
20
-3.8496239370078738
11
3.7495395669291338
21
-3.8516794881889762
0
LINE
8
BLACK
6
CONTINUOUS
10
3.7495395669291338
20
-3.8516794881889762
11
3.752446496062992
21
-3.8545864173228344
0
LINE
8
BLACK
6
CONTINUOUS
10
3.752446496062992
20
-3.8545864173228344
11
3.7545020472440944
21
-3.8581467322834646
0
LINE
8
BLACK
6
CONTINUOUS
10
3.7545020472440944
20
-3.8581467322834646
11
3.7555660629921257
21
-3.8621177165354328
0
LINE
8
BLACK
6
CONTINUOUS
10
3.7555660629921257
20
-3.8621177165354328
11
3.7555660629921257
21
-3.8662287401574802
0
LINE
8
BLACK
6
CONTINUOUS
10
3.7555660629921257
20
-3.8662287401574802
11
3.7545020472440944
21
-3.8701997244094488
0
LINE
8
BLACK
6
CONTINUOUS
10
3.7545020472440944
20
-3.8701997244094488
11
3.752446496062992
21
-3.8737600393700786
0
LINE
8
BLACK
6
CONTINUOUS
10
3.752446496062992
20
-3.8737600393700786
11
3.7495395669291338
21
-3.8766669685039368
0
LINE
8
BLACK
6
CONTINUOUS
10
3.7495395669291338
20
-3.8766669685039368
11
3.745979251968504
21
-3.8787225196850392
0
LINE
8
BLACK
6
CONTINUOUS
10
3.745979251968504
20
-3.8787225196850392
11
3.7420082677165354
21
-3.8797865354330709
0
LINE
8
BLACK
6
CONTINUOUS
10
3.7420082677165354
20
-3.8797865354330709
11
3.737897244094488
21
-3.8797865354330709
0
LINE
8
BLACK
6
CONTINUOUS
10
3.737897244094488
20
-3.8797865354330709
11
3.7339262598425198
21
-3.8787225196850392
0
LINE
8
BLACK
6
CONTINUOUS
10
3.7339262598425198
20
-3.8787225196850392
11
3.7303659448818896
21
-3.8766669685039368
0
LINE
8
BLACK
6
CONTINUOUS
10
3.7303659448818896
20
-3.8766669685039368
11
3.7274590157480314
21
-3.8737600393700786
0
LINE
8
BLACK
6
CONTINUOUS
10
3.7274590157480314
20
-3.8737600393700786
11
3.7254034645669289
21
-3.8701997244094488
0
LINE
8
BLACK
6
CONTINUOUS
10
3.7254034645669289
20
-3.8701997244094488
11
3.7243394488188977
21
-3.8662287401574802
0
LINE
8
BLACK
6
CONTINUOUS
10
3.7243394488188977
20
-3.8662287401574802
11
3.7243394488188977
21
-3.8621177165354328
0
LINE
8
BLACK
6
CONTINUOUS
10
3.7243394488188977
20
-3.8621177165354328
11
3.7254034645669289
21
-3.8581467322834646
0
LINE
8
BLACK
6
CONTINUOUS
10
3.7254034645669289
20
-3.8581467322834646
11
3.7274590157480314
21
-3.8545864173228344
0
LINE
8
BLACK
6
CONTINUOUS
10
3.7274590157480314
20
-3.8545864173228344
11
3.7303659448818896
21
-3.8516794881889762
0
LINE
8
BLACK
6
CONTINUOUS
10
3.7303659448818896
20
-3.8516794881889762
11
3.7339262598425198
21
-3.8496239370078738
0
LINE
8
BLACK
6
CONTINUOUS
10
3.7339262598425198
20
-3.8496239370078738
11
3.737897244094488
21
-3.8485599212598425
0
LINE
8
BLACK
6
CONTINUOUS
10
3.737897244094488
20
-3.8485599212598425
11
3.7420082677165354
21
-3.8485599212598425
0
LINE
8
BLACK
6
CONTINUOUS
10
3.7420082677165354
20
-3.8485599212598425
11
3.745979251968504
21
-3.8496239370078738
0
LINE
8
BLACK
6
CONTINUOUS
10
2.6023817322834644
20
-3.7413411023622047
11
2.6109012204724409
21
-3.7441092519685037
0
LINE
8
BLACK
6
CONTINUOUS
10
2.6109012204724409
20
-3.7441092519685037
11
2.6188827952755904
21
-3.7481760629921257
0
LINE
8
BLACK
6
CONTINUOUS
10
2.6188827952755904
20
-3.7481760629921257
11
2.6261299212598423
21
-3.7534413779527558
0
LINE
8
BLACK
6
CONTINUOUS
10
2.6261299212598423
20
-3.7534413779527558
11
2.6324641338582677
21
-3.7597755905511812
0
LINE
8
BLACK
6
CONTINUOUS
10
2.6324641338582677
20
-3.7597755905511812
11
2.6377294488188974
21
-3.7670227165354331
0
LINE
8
BLACK
6
CONTINUOUS
10
2.6377294488188974
20
-3.7670227165354331
11
2.6417962598425198
21
-3.7750042913385826
0
LINE
8
BLACK
6
CONTINUOUS
10
2.6417962598425198
20
-3.7750042913385826
11
2.6445644094488188
21
-3.7835237795275591
0
LINE
8
BLACK
6
CONTINUOUS
10
2.6445644094488188
20
-3.7835237795275591
11
2.6459657480314962
21
-3.7923714173228347
0
LINE
8
BLACK
6
CONTINUOUS
10
2.6459657480314962
20
-3.7923714173228347
11
2.6459657480314962
21
-3.8013293700787401
0
LINE
8
BLACK
6
CONTINUOUS
10
2.6459657480314962
20
-3.8013293700787401
11
2.6445644094488188
21
-3.8101770078740156
0
LINE
8
BLACK
6
CONTINUOUS
10
2.6445644094488188
20
-3.8101770078740156
11
2.6417962598425198
21
-3.8186964960629921
0
LINE
8
BLACK
6
CONTINUOUS
10
2.6417962598425198
20
-3.8186964960629921
11
2.6377294488188974
21
-3.8266780708661416
0
LINE
8
BLACK
6
CONTINUOUS
10
2.6377294488188974
20
-3.8266780708661416
11
2.6324641338582677
21
-3.8339251968503936
0
LINE
8
BLACK
6
CONTINUOUS
10
2.6324641338582677
20
-3.8339251968503936
11
2.6261299212598423
21
-3.8402594094488189
0
LINE
8
BLACK
6
CONTINUOUS
10
2.6261299212598423
20
-3.8402594094488189
11
2.6188827952755904
21
-3.8455247244094486
0
LINE
8
BLACK
6
CONTINUOUS
10
2.6188827952755904
20
-3.8455247244094486
11
2.6109012204724409
21
-3.849591535433071
0
LINE
8
BLACK
6
CONTINUOUS
10
2.6109012204724409
20
-3.849591535433071
11
2.6023817322834644
21
-3.85235968503937
0
LINE
8
BLACK
6
CONTINUOUS
10
2.6023817322834644
20
-3.85235968503937
11
2.5935340944881888
21
-3.853761023622047
0
LINE
8
BLACK
6
CONTINUOUS
10
2.5935340944881888
20
-3.853761023622047
11
2.5845761417322834
21
-3.853761023622047
0
LINE
8
BLACK
6
CONTINUOUS
10
2.5845761417322834
20
-3.853761023622047
11
2.5757285039370079
21
-3.85235968503937
0
LINE
8
BLACK
6
CONTINUOUS
10
2.5757285039370079
20
-3.85235968503937
11
2.5672090157480314
21
-3.849591535433071
0
LINE
8
BLACK
6
CONTINUOUS
10
2.5672090157480314
20
-3.849591535433071
11
2.5592274409448819
21
-3.8455247244094486
0
LINE
8
BLACK
6
CONTINUOUS
10
2.5592274409448819
20
-3.8455247244094486
11
2.5519803149606299
21
-3.8402594094488189
0
LINE
8
BLACK
6
CONTINUOUS
10
2.5519803149606299
20
-3.8402594094488189
11
2.5456461023622046
21
-3.8339251968503936
0
LINE
8
BLACK
6
CONTINUOUS
10
2.5456461023622046
20
-3.8339251968503936
11
2.5403807874015749
21
-3.8266780708661416
0
LINE
8
BLACK
6
CONTINUOUS
10
2.5403807874015749
20
-3.8266780708661416
11
2.5363139763779525
21
-3.8186964960629921
0
LINE
8
BLACK
6
CONTINUOUS
10
2.5363139763779525
20
-3.8186964960629921
11
2.5335458267716535
21
-3.8101770078740156
0
LINE
8
BLACK
6
CONTINUOUS
10
2.5335458267716535
20
-3.8101770078740156
11
2.5321444881889765
21
-3.8013293700787401
0
LINE
8
BLACK
6
CONTINUOUS
10
2.5321444881889765
20
-3.8013293700787401
11
2.5321444881889765
21
-3.7923714173228347
0
LINE
8
BLACK
6
CONTINUOUS
10
2.5321444881889765
20
-3.7923714173228347
11
2.5335458267716535
21
-3.7835237795275591
0
LINE
8
BLACK
6
CONTINUOUS
10
2.5335458267716535
20
-3.7835237795275591
11
2.5363139763779525
21
-3.7750042913385826
0
LINE
8
BLACK
6
CONTINUOUS
10
2.5363139763779525
20
-3.7750042913385826
11
2.5403807874015749
21
-3.7670227165354331
0
LINE
8
BLACK
6
CONTINUOUS
10
2.5403807874015749
20
-3.7670227165354331
11
2.5456461023622046
21
-3.7597755905511812
0
LINE
8
BLACK
6
CONTINUOUS
10
2.5456461023622046
20
-3.7597755905511812
11
2.5519803149606299
21
-3.7534413779527558
0
LINE
8
BLACK
6
CONTINUOUS
10
2.5519803149606299
20
-3.7534413779527558
11
2.5592274409448819
21
-3.7481760629921257
0
LINE
8
BLACK
6
CONTINUOUS
10
2.5592274409448819
20
-3.7481760629921257
11
2.5672090157480314
21
-3.7441092519685037
0
LINE
8
BLACK
6
CONTINUOUS
10
2.5672090157480314
20
-3.7441092519685037
11
2.5757285039370079
21
-3.7413411023622047
0
LINE
8
BLACK
6
CONTINUOUS
10
2.5757285039370079
20
-3.7413411023622047
11
2.5845761417322834
21
-3.7399397637795273
0
LINE
8
BLACK
6
CONTINUOUS
10
2.5845761417322834
20
-3.7399397637795273
11
2.5935340944881888
21
-3.7399397637795273
0
LINE
8
BLACK
6
CONTINUOUS
10
2.5935340944881888
20
-3.7399397637795273
11
2.6023817322834644
21
-3.7413411023622047
0
LINE
8
BLACK
6
CONTINUOUS
10
3.6141183858267714
20
-3.7486290157480315
11
3.6185084251968505
21
-3.7508658661417322
0
LINE
8
BLACK
6
CONTINUOUS
10
3.6185084251968505
20
-3.7508658661417322
11
3.6219924015748033
21
-3.7543498425196851
0
LINE
8
BLACK
6
CONTINUOUS
10
3.6219924015748033
20
-3.7543498425196851
11
3.624229251968504
21
-3.7587398818897637
0
LINE
8
BLACK
6
CONTINUOUS
10
3.624229251968504
20
-3.7587398818897637
11
3.625
21
-3.7636062992125985
0
LINE
8
BLACK
6
CONTINUOUS
10
3.625
20
-3.7636062992125985
11
3.625
21
-3.7793543307086614
0
LINE
8
BLACK
6
CONTINUOUS
10
3.625
20
-3.7793543307086614
11
3.624229251968504
21
-3.7842207480314958
0
LINE
8
BLACK
6
CONTINUOUS
10
3.624229251968504
20
-3.7842207480314958
11
3.6219924015748033
21
-3.7886107874015749
0
LINE
8
BLACK
6
CONTINUOUS
10
3.6219924015748033
20
-3.7886107874015749
11
3.6185084251968505
21
-3.7920947637795273
0
LINE
8
BLACK
6
CONTINUOUS
10
3.6185084251968505
20
-3.7920947637795273
11
3.6141183858267714
21
-3.7943316141732284
0
LINE
8
BLACK
6
CONTINUOUS
10
3.6141183858267714
20
-3.7943316141732284
11
3.609251968503937
21
-3.7951023622047244
0
LINE
8
BLACK
6
CONTINUOUS
10
3.609251968503937
20
-3.7951023622047244
11
3.5875984251968505
21
-3.7951023622047244
0
LINE
8
BLACK
6
CONTINUOUS
10
3.5875984251968505
20
-3.7951023622047244
11
3.5827320078740157
21
-3.7943316141732284
0
LINE
8
BLACK
6
CONTINUOUS
10
3.5827320078740157
20
-3.7943316141732284
11
3.578341968503937
21
-3.7920947637795273
0
LINE
8
BLACK
6
CONTINUOUS
10
3.578341968503937
20
-3.7920947637795273
11
3.5748579921259842
21
-3.7886107874015749
0
LINE
8
BLACK
6
CONTINUOUS
10
3.5748579921259842
20
-3.7886107874015749
11
3.5726211417322835
21
-3.7842207480314958
0
LINE
8
BLACK
6
CONTINUOUS
10
3.5726211417322835
20
-3.7842207480314958
11
3.5718503937007875
21
-3.7793543307086614
0
LINE
8
BLACK
6
CONTINUOUS
10
3.5718503937007875
20
-3.7793543307086614
11
3.5718503937007875
21
-3.7636062992125985
0
LINE
8
BLACK
6
CONTINUOUS
10
3.5718503937007875
20
-3.7636062992125985
11
3.5726211417322835
21
-3.7587398818897637
0
LINE
8
BLACK
6
CONTINUOUS
10
3.5726211417322835
20
-3.7587398818897637
11
3.5748579921259842
21
-3.7543498425196851
0
LINE
8
BLACK
6
CONTINUOUS
10
3.5748579921259842
20
-3.7543498425196851
11
3.578341968503937
21
-3.7508658661417322
0
LINE
8
BLACK
6
CONTINUOUS
10
3.578341968503937
20
-3.7508658661417322
11
3.5827320078740157
21
-3.7486290157480315
0
LINE
8
BLACK
6
CONTINUOUS
10
3.5827320078740157
20
-3.7486290157480315
11
3.5875984251968505
21
-3.7478582677165355
0
LINE
8
BLACK
6
CONTINUOUS
10
3.5875984251968505
20
-3.7478582677165355
11
3.609251968503937
21
-3.7478582677165355
0
LINE
8
BLACK
6
CONTINUOUS
10
3.609251968503937
20
-3.7478582677165355
11
3.6141183858267714
21
-3.7486290157480315
0
LINE
8
BLACK
6
CONTINUOUS
10
3.6810475196850394
20
-3.7486290157480315
11
3.6854375590551181
21
-3.7508658661417322
0
LINE
8
BLACK
6
CONTINUOUS
10
3.6854375590551181
20
-3.7508658661417322
11
3.6889215354330709
21
-3.7543498425196851
0
LINE
8
BLACK
6
CONTINUOUS
10
3.6889215354330709
20
-3.7543498425196851
11
3.6911583858267716
21
-3.7587398818897637
0
LINE
8
BLACK
6
CONTINUOUS
10
3.6911583858267716
20
-3.7587398818897637
11
3.6919291338582676
21
-3.7636062992125985
0
LINE
8
BLACK
6
CONTINUOUS
10
3.6919291338582676
20
-3.7636062992125985
11
3.6919291338582676
21
-3.7793543307086614
0
LINE
8
BLACK
6
CONTINUOUS
10
3.6919291338582676
20
-3.7793543307086614
11
3.6911583858267716
21
-3.7842207480314958
0
LINE
8
BLACK
6
CONTINUOUS
10
3.6911583858267716
20
-3.7842207480314958
11
3.6889215354330709
21
-3.7886107874015749
0
LINE
8
BLACK
6
CONTINUOUS
10
3.6889215354330709
20
-3.7886107874015749
11
3.6854375590551181
21
-3.7920947637795273
0
LINE
8
BLACK
6
CONTINUOUS
10
3.6854375590551181
20
-3.7920947637795273
11
3.6810475196850394
21
-3.7943316141732284
0
LINE
8
BLACK
6
CONTINUOUS
10
3.6810475196850394
20
-3.7943316141732284
11
3.6761811023622046
21
-3.7951023622047244
0
LINE
8
BLACK
6
CONTINUOUS
10
3.6761811023622046
20
-3.7951023622047244
11
3.6545275590551181
21
-3.7951023622047244
0
LINE
8
BLACK
6
CONTINUOUS
10
3.6545275590551181
20
-3.7951023622047244
11
3.6496611417322833
21
-3.7943316141732284
0
LINE
8
BLACK
6
CONTINUOUS
10
3.6496611417322833
20
-3.7943316141732284
11
3.6452711023622046
21
-3.7920947637795273
0
LINE
8
BLACK
6
CONTINUOUS
10
3.6452711023622046
20
-3.7920947637795273
11
3.6417871259842518
21
-3.7886107874015749
0
LINE
8
BLACK
6
CONTINUOUS
10
3.6417871259842518
20
-3.7886107874015749
11
3.6395502755905511
21
-3.7842207480314958
0
LINE
8
BLACK
6
CONTINUOUS
10
3.6395502755905511
20
-3.7842207480314958
11
3.6387795275590551
21
-3.7793543307086614
0
LINE
8
BLACK
6
CONTINUOUS
10
3.6387795275590551
20
-3.7793543307086614
11
3.6387795275590551
21
-3.7636062992125985
0
LINE
8
BLACK
6
CONTINUOUS
10
3.6387795275590551
20
-3.7636062992125985
11
3.6395502755905511
21
-3.7587398818897637
0
LINE
8
BLACK
6
CONTINUOUS
10
3.6395502755905511
20
-3.7587398818897637
11
3.6417871259842518
21
-3.7543498425196851
0
LINE
8
BLACK
6
CONTINUOUS
10
3.6417871259842518
20
-3.7543498425196851
11
3.6452711023622046
21
-3.7508658661417322
0
LINE
8
BLACK
6
CONTINUOUS
10
3.6452711023622046
20
-3.7508658661417322
11
3.6496611417322833
21
-3.7486290157480315
0
LINE
8
BLACK
6
CONTINUOUS
10
3.6496611417322833
20
-3.7486290157480315
11
3.6545275590551181
21
-3.7478582677165355
0
LINE
8
BLACK
6
CONTINUOUS
10
3.6545275590551181
20
-3.7478582677165355
11
3.6761811023622046
21
-3.7478582677165355
0
LINE
8
BLACK
6
CONTINUOUS
10
3.6761811023622046
20
-3.7478582677165355
11
3.6810475196850394
21
-3.7486290157480315
0
LINE
8
BLACK
6
CONTINUOUS
10
3.7558506692913385
20
-3.7485565748031493
11
3.7602407086614171
21
-3.7507934251968504
0
LINE
8
BLACK
6
CONTINUOUS
10
3.7602407086614171
20
-3.7507934251968504
11
3.76372468503937
21
-3.7542774015748033
0
LINE
8
BLACK
6
CONTINUOUS
10
3.76372468503937
20
-3.7542774015748033
11
3.7659615354330707
21
-3.7586674409448819
0
LINE
8
BLACK
6
CONTINUOUS
10
3.7659615354330707
20
-3.7586674409448819
11
3.7667322834645667
21
-3.7635338582677162
0
LINE
8
BLACK
6
CONTINUOUS
10
3.7667322834645667
20
-3.7635338582677162
11
3.7667322834645667
21
-3.7792818897637797
0
LINE
8
BLACK
6
CONTINUOUS
10
3.7667322834645667
20
-3.7792818897637797
11
3.7659615354330707
21
-3.784148307086614
0
LINE
8
BLACK
6
CONTINUOUS
10
3.7659615354330707
20
-3.784148307086614
11
3.76372468503937
21
-3.7885383464566926
0
LINE
8
BLACK
6
CONTINUOUS
10
3.76372468503937
20
-3.7885383464566926
11
3.7602407086614171
21
-3.7920223228346455
0
LINE
8
BLACK
6
CONTINUOUS
10
3.7602407086614171
20
-3.7920223228346455
11
3.7558506692913385
21
-3.7942591732283462
0
LINE
8
BLACK
6
CONTINUOUS
10
3.7558506692913385
20
-3.7942591732283462
11
3.7509842519685037
21
-3.7950299212598426
0
LINE
8
BLACK
6
CONTINUOUS
10
3.7509842519685037
20
-3.7950299212598426
11
3.7293307086614171
21
-3.7950299212598426
0
LINE
8
BLACK
6
CONTINUOUS
10
3.7293307086614171
20
-3.7950299212598426
11
3.7244642913385828
21
-3.7942591732283462
0
LINE
8
BLACK
6
CONTINUOUS
10
3.7244642913385828
20
-3.7942591732283462
11
3.7200742519685037
21
-3.7920223228346455
0
LINE
8
BLACK
6
CONTINUOUS
10
3.7200742519685037
20
-3.7920223228346455
11
3.7165902755905509
21
-3.7885383464566926
0
LINE
8
BLACK
6
CONTINUOUS
10
3.7165902755905509
20
-3.7885383464566926
11
3.7143534251968502
21
-3.784148307086614
0
LINE
8
BLACK
6
CONTINUOUS
10
3.7143534251968502
20
-3.784148307086614
11
3.7135826771653542
21
-3.7792818897637797
0
LINE
8
BLACK
6
CONTINUOUS
10
3.7135826771653542
20
-3.7792818897637797
11
3.7135826771653542
21
-3.7635338582677162
0
LINE
8
BLACK
6
CONTINUOUS
10
3.7135826771653542
20
-3.7635338582677162
11
3.7143534251968502
21
-3.7586674409448819
0
LINE
8
BLACK
6
CONTINUOUS
10
3.7143534251968502
20
-3.7586674409448819
11
3.7165902755905509
21
-3.7542774015748033
0
LINE
8
BLACK
6
CONTINUOUS
10
3.7165902755905509
20
-3.7542774015748033
11
3.7200742519685037
21
-3.7507934251968504
0
LINE
8
BLACK
6
CONTINUOUS
10
3.7200742519685037
20
-3.7507934251968504
11
3.7244642913385828
21
-3.7485565748031493
0
LINE
8
BLACK
6
CONTINUOUS
10
3.7244642913385828
20
-3.7485565748031493
11
3.7293307086614171
21
-3.7477858267716533
0
LINE
8
BLACK
6
CONTINUOUS
10
3.7293307086614171
20
-3.7477858267716533
11
3.7509842519685037
21
-3.7477858267716533
0
LINE
8
BLACK
6
CONTINUOUS
10
3.7509842519685037
20
-3.7477858267716533
11
3.7558506692913385
21
-3.7485565748031493
0
LINE
8
BLACK
6
CONTINUOUS
10
3.5504461417322832
20
-3.7409764173228344
11
3.5551105905511808
21
-3.7433530708661418
0
LINE
8
BLACK
6
CONTINUOUS
10
3.5551105905511808
20
-3.7433530708661418
11
3.558812283464567
21
-3.7470547637795275
0
LINE
8
BLACK
6
CONTINUOUS
10
3.558812283464567
20
-3.7470547637795275
11
3.561188937007874
21
-3.7517192125984251
0
LINE
8
BLACK
6
CONTINUOUS
10
3.561188937007874
20
-3.7517192125984251
11
3.5620078740157481
21
-3.7568897637795273
0
LINE
8
BLACK
6
CONTINUOUS
10
3.5620078740157481
20
-3.7568897637795273
11
3.5620078740157481
21
-3.7746062992125982
0
LINE
8
BLACK
6
CONTINUOUS
10
3.5620078740157481
20
-3.7746062992125982
11
3.561188937007874
21
-3.7797768503937008
0
LINE
8
BLACK
6
CONTINUOUS
10
3.561188937007874
20
-3.7797768503937008
11
3.558812283464567
21
-3.7844412992125984
0
LINE
8
BLACK
6
CONTINUOUS
10
3.558812283464567
20
-3.7844412992125984
11
3.5551105905511808
21
-3.7881429921259842
0
LINE
8
BLACK
6
CONTINUOUS
10
3.5551105905511808
20
-3.7881429921259842
11
3.5504461417322832
21
-3.7905196456692911
0
LINE
8
BLACK
6
CONTINUOUS
10
3.5504461417322832
20
-3.7905196456692911
11
3.545275590551181
21
-3.7913385826771653
0
LINE
8
BLACK
6
CONTINUOUS
10
3.545275590551181
20
-3.7913385826771653
11
3.5255905511811023
21
-3.7913385826771653
0
LINE
8
BLACK
6
CONTINUOUS
10
3.5255905511811023
20
-3.7913385826771653
11
3.5204200000000001
21
-3.7905196456692911
0
LINE
8
BLACK
6
CONTINUOUS
10
3.5204200000000001
20
-3.7905196456692911
11
3.5157555511811025
21
-3.7881429921259842
0
LINE
8
BLACK
6
CONTINUOUS
10
3.5157555511811025
20
-3.7881429921259842
11
3.5120538582677163
21
-3.7844412992125984
0
LINE
8
BLACK
6
CONTINUOUS
10
3.5120538582677163
20
-3.7844412992125984
11
3.5096772047244094
21
-3.7797768503937008
0
LINE
8
BLACK
6
CONTINUOUS
10
3.5096772047244094
20
-3.7797768503937008
11
3.5088582677165352
21
-3.7746062992125982
0
LINE
8
BLACK
6
CONTINUOUS
10
3.5088582677165352
20
-3.7746062992125982
11
3.5088582677165352
21
-3.7568897637795273
0
LINE
8
BLACK
6
CONTINUOUS
10
3.5088582677165352
20
-3.7568897637795273
11
3.5096772047244094
21
-3.7517192125984251
0
LINE
8
BLACK
6
CONTINUOUS
10
3.5096772047244094
20
-3.7517192125984251
11
3.5120538582677163
21
-3.7470547637795275
0
LINE
8
BLACK
6
CONTINUOUS
10
3.5120538582677163
20
-3.7470547637795275
11
3.5157555511811025
21
-3.7433530708661418
0
LINE
8
BLACK
6
CONTINUOUS
10
3.5157555511811025
20
-3.7433530708661418
11
3.5204200000000001
21
-3.7409764173228344
0
LINE
8
BLACK
6
CONTINUOUS
10
3.5204200000000001
20
-3.7409764173228344
11
3.5255905511811023
21
-3.7401574803149606
0
LINE
8
BLACK
6
CONTINUOUS
10
3.5255905511811023
20
-3.7401574803149606
11
3.545275590551181
21
-3.7401574803149606
0
LINE
8
BLACK
6
CONTINUOUS
10
3.545275590551181
20
-3.7401574803149606
11
3.5504461417322832
21
-3.7409764173228344
0
LINE
8
BLACK
6
CONTINUOUS
10
3.5485692913385827
20
-3.6745214566929132
11
3.5535539763779527
21
-3.6762656692913387
0
LINE
8
BLACK
6
CONTINUOUS
10
3.5535539763779527
20
-3.6762656692913387
11
3.5578030708661417
21
-3.6794016535433069
0
LINE
8
BLACK
6
CONTINUOUS
10
3.5578030708661417
20
-3.6794016535433069
11
3.5609390551181104
21
-3.6836507480314959
0
LINE
8
BLACK
6
CONTINUOUS
10
3.5609390551181104
20
-3.6836507480314959
11
3.5626832677165354
21
-3.6886354330708659
0
LINE
8
BLACK
6
CONTINUOUS
10
3.5626832677165354
20
-3.6886354330708659
11
3.5629921259842519
21
-3.6919291338582676
0
LINE
8
BLACK
6
CONTINUOUS
10
3.5629921259842519
20
-3.6919291338582676
11
3.5629921259842519
21
-3.7175196850393699
0
LINE
8
BLACK
6
CONTINUOUS
10
3.5629921259842519
20
-3.7175196850393699
11
3.5626832677165354
21
-3.7208133858267716
0
LINE
8
BLACK
6
CONTINUOUS
10
3.5626832677165354
20
-3.7208133858267716
11
3.5609390551181104
21
-3.7257980708661416
0
LINE
8
BLACK
6
CONTINUOUS
10
3.5609390551181104
20
-3.7257980708661416
11
3.5578030708661417
21
-3.7300471653543306
0
LINE
8
BLACK
6
CONTINUOUS
10
3.5578030708661417
20
-3.7300471653543306
11
3.5535539763779527
21
-3.7331831496062993
0
LINE
8
BLACK
6
CONTINUOUS
10
3.5535539763779527
20
-3.7331831496062993
11
3.5485692913385827
21
-3.7349273622047243
0
LINE
8
BLACK
6
CONTINUOUS
10
3.5485692913385827
20
-3.7349273622047243
11
3.545275590551181
21
-3.7352362204724407
0
LINE
8
BLACK
6
CONTINUOUS
10
3.545275590551181
20
-3.7352362204724407
11
3.5098425196850394
21
-3.7352362204724407
0
LINE
8
BLACK
6
CONTINUOUS
10
3.5098425196850394
20
-3.7352362204724407
11
3.5065488188976377
21
-3.7349273622047243
0
LINE
8
BLACK
6
CONTINUOUS
10
3.5065488188976377
20
-3.7349273622047243
11
3.5015641338582677
21
-3.7331831496062993
0
LINE
8
BLACK
6
CONTINUOUS
10
3.5015641338582677
20
-3.7331831496062993
11
3.4973150393700787
21
-3.7300471653543306
0
LINE
8
BLACK
6
CONTINUOUS
10
3.4973150393700787
20
-3.7300471653543306
11
3.49417905511811
21
-3.7257980708661416
0
LINE
8
BLACK
6
CONTINUOUS
10
3.49417905511811
20
-3.7257980708661416
11
3.4924348425196849
21
-3.7208133858267716
0
LINE
8
BLACK
6
CONTINUOUS
10
3.4924348425196849
20
-3.7208133858267716
11
3.4921259842519685
21
-3.7175196850393699
0
LINE
8
BLACK
6
CONTINUOUS
10
3.4921259842519685
20
-3.7175196850393699
11
3.4921259842519685
21
-3.6919291338582676
0
LINE
8
BLACK
6
CONTINUOUS
10
3.4921259842519685
20
-3.6919291338582676
11
3.4924348425196849
21
-3.6886354330708659
0
LINE
8
BLACK
6
CONTINUOUS
10
3.4924348425196849
20
-3.6886354330708659
11
3.49417905511811
21
-3.6836507480314959
0
LINE
8
BLACK
6
CONTINUOUS
10
3.49417905511811
20
-3.6836507480314959
11
3.4973150393700787
21
-3.6794016535433069
0
LINE
8
BLACK
6
CONTINUOUS
10
3.4973150393700787
20
-3.6794016535433069
11
3.5015641338582677
21
-3.6762656692913387
0
LINE
8
BLACK
6
CONTINUOUS
10
3.5015641338582677
20
-3.6762656692913387
11
3.5065488188976377
21
-3.6745214566929132
0
LINE
8
BLACK
6
CONTINUOUS
10
3.5065488188976377
20
-3.6745214566929132
11
3.5098425196850394
21
-3.6742125984251968
0
LINE
8
BLACK
6
CONTINUOUS
10
3.5098425196850394
20
-3.6742125984251968
11
3.545275590551181
21
-3.6742125984251968
0
LINE
8
BLACK
6
CONTINUOUS
10
3.545275590551181
20
-3.6742125984251968
11
3.5485692913385827
21
-3.6745214566929132
0
LINE
8
BLACK
6
CONTINUOUS
10
3.6141183858267714
20
-3.6836683858267714
11
3.6185084251968505
21
-3.6859052362204725
0
LINE
8
BLACK
6
CONTINUOUS
10
3.6185084251968505
20
-3.6859052362204725
11
3.6219924015748033
21
-3.6893892125984249
0
LINE
8
BLACK
6
CONTINUOUS
10
3.6219924015748033
20
-3.6893892125984249
11
3.624229251968504
21
-3.693779251968504
0
LINE
8
BLACK
6
CONTINUOUS
10
3.624229251968504
20
-3.693779251968504
11
3.625
21
-3.6986456692913383
0
LINE
8
BLACK
6
CONTINUOUS
10
3.625
20
-3.6986456692913383
11
3.625
21
-3.7143937007874013
0
LINE
8
BLACK
6
CONTINUOUS
10
3.625
20
-3.7143937007874013
11
3.624229251968504
21
-3.719260118110236
0
LINE
8
BLACK
6
CONTINUOUS
10
3.624229251968504
20
-3.719260118110236
11
3.6219924015748033
21
-3.7236501574803147
0
LINE
8
BLACK
6
CONTINUOUS
10
3.6219924015748033
20
-3.7236501574803147
11
3.6185084251968505
21
-3.7271341338582675
0
LINE
8
BLACK
6
CONTINUOUS
10
3.6185084251968505
20
-3.7271341338582675
11
3.6141183858267714
21
-3.7293709842519682
0
LINE
8
BLACK
6
CONTINUOUS
10
3.6141183858267714
20
-3.7293709842519682
11
3.609251968503937
21
-3.7301417322834647
0
LINE
8
BLACK
6
CONTINUOUS
10
3.609251968503937
20
-3.7301417322834647
11
3.5875984251968505
21
-3.7301417322834647
0
LINE
8
BLACK
6
CONTINUOUS
10
3.5875984251968505
20
-3.7301417322834647
11
3.5827320078740157
21
-3.7293709842519682
0
LINE
8
BLACK
6
CONTINUOUS
10
3.5827320078740157
20
-3.7293709842519682
11
3.578341968503937
21
-3.7271341338582675
0
LINE
8
BLACK
6
CONTINUOUS
10
3.578341968503937
20
-3.7271341338582675
11
3.5748579921259842
21
-3.7236501574803147
0
LINE
8
BLACK
6
CONTINUOUS
10
3.5748579921259842
20
-3.7236501574803147
11
3.5726211417322835
21
-3.719260118110236
0
LINE
8
BLACK
6
CONTINUOUS
10
3.5726211417322835
20
-3.719260118110236
11
3.5718503937007875
21
-3.7143937007874013
0
LINE
8
BLACK
6
CONTINUOUS
10
3.5718503937007875
20
-3.7143937007874013
11
3.5718503937007875
21
-3.6986456692913383
0
LINE
8
BLACK
6
CONTINUOUS
10
3.5718503937007875
20
-3.6986456692913383
11
3.5726211417322835
21
-3.693779251968504
0
LINE
8
BLACK
6
CONTINUOUS
10
3.5726211417322835
20
-3.693779251968504
11
3.5748579921259842
21
-3.6893892125984249
0
LINE
8
BLACK
6
CONTINUOUS
10
3.5748579921259842
20
-3.6893892125984249
11
3.578341968503937
21
-3.6859052362204725
0
LINE
8
BLACK
6
CONTINUOUS
10
3.578341968503937
20
-3.6859052362204725
11
3.5827320078740157
21
-3.6836683858267714
0
LINE
8
BLACK
6
CONTINUOUS
10
3.5827320078740157
20
-3.6836683858267714
11
3.5875984251968505
21
-3.6828976377952753
0
LINE
8
BLACK
6
CONTINUOUS
10
3.5875984251968505
20
-3.6828976377952753
11
3.609251968503937
21
-3.6828976377952753
0
LINE
8
BLACK
6
CONTINUOUS
10
3.609251968503937
20
-3.6828976377952753
11
3.6141183858267714
21
-3.6836683858267714
0
LINE
8
BLACK
6
CONTINUOUS
10
3.6810475196850394
20
-3.6836683858267714
11
3.6854375590551181
21
-3.6859052362204725
0
LINE
8
BLACK
6
CONTINUOUS
10
3.6854375590551181
20
-3.6859052362204725
11
3.6889215354330709
21
-3.6893892125984249
0
LINE
8
BLACK
6
CONTINUOUS
10
3.6889215354330709
20
-3.6893892125984249
11
3.6911583858267716
21
-3.693779251968504
0
LINE
8
BLACK
6
CONTINUOUS
10
3.6911583858267716
20
-3.693779251968504
11
3.6919291338582676
21
-3.6986456692913383
0
LINE
8
BLACK
6
CONTINUOUS
10
3.6919291338582676
20
-3.6986456692913383
11
3.6919291338582676
21
-3.7143937007874013
0
LINE
8
BLACK
6
CONTINUOUS
10
3.6919291338582676
20
-3.7143937007874013
11
3.6911583858267716
21
-3.719260118110236
0
LINE
8
BLACK
6
CONTINUOUS
10
3.6911583858267716
20
-3.719260118110236
11
3.6889215354330709
21
-3.7236501574803147
0
LINE
8
BLACK
6
CONTINUOUS
10
3.6889215354330709
20
-3.7236501574803147
11
3.6854375590551181
21
-3.7271341338582675
0
LINE
8
BLACK
6
CONTINUOUS
10
3.6854375590551181
20
-3.7271341338582675
11
3.6810475196850394
21
-3.7293709842519682
0
LINE
8
BLACK
6
CONTINUOUS
10
3.6810475196850394
20
-3.7293709842519682
11
3.6761811023622046
21
-3.7301417322834647
0
LINE
8
BLACK
6
CONTINUOUS
10
3.6761811023622046
20
-3.7301417322834647
11
3.6545275590551181
21
-3.7301417322834647
0
LINE
8
BLACK
6
CONTINUOUS
10
3.6545275590551181
20
-3.7301417322834647
11
3.6496611417322833
21
-3.7293709842519682
0
LINE
8
BLACK
6
CONTINUOUS
10
3.6496611417322833
20
-3.7293709842519682
11
3.6452711023622046
21
-3.7271341338582675
0
LINE
8
BLACK
6
CONTINUOUS
10
3.6452711023622046
20
-3.7271341338582675
11
3.6417871259842518
21
-3.7236501574803147
0
LINE
8
BLACK
6
CONTINUOUS
10
3.6417871259842518
20
-3.7236501574803147
11
3.6395502755905511
21
-3.719260118110236
0
LINE
8
BLACK
6
CONTINUOUS
10
3.6395502755905511
20
-3.719260118110236
11
3.6387795275590551
21
-3.7143937007874013
0
LINE
8
BLACK
6
CONTINUOUS
10
3.6387795275590551
20
-3.7143937007874013
11
3.6387795275590551
21
-3.6986456692913383
0
LINE
8
BLACK
6
CONTINUOUS
10
3.6387795275590551
20
-3.6986456692913383
11
3.6395502755905511
21
-3.693779251968504
0
LINE
8
BLACK
6
CONTINUOUS
10
3.6395502755905511
20
-3.693779251968504
11
3.6417871259842518
21
-3.6893892125984249
0
LINE
8
BLACK
6
CONTINUOUS
10
3.6417871259842518
20
-3.6893892125984249
11
3.6452711023622046
21
-3.6859052362204725
0
LINE
8
BLACK
6
CONTINUOUS
10
3.6452711023622046
20
-3.6859052362204725
11
3.6496611417322833
21
-3.6836683858267714
0
LINE
8
BLACK
6
CONTINUOUS
10
3.6496611417322833
20
-3.6836683858267714
11
3.6545275590551181
21
-3.6828976377952753
0
LINE
8
BLACK
6
CONTINUOUS
10
3.6545275590551181
20
-3.6828976377952753
11
3.6761811023622046
21
-3.6828976377952753
0
LINE
8
BLACK
6
CONTINUOUS
10
3.6761811023622046
20
-3.6828976377952753
11
3.6810475196850394
21
-3.6836683858267714
0
LINE
8
BLACK
6
CONTINUOUS
10
3.7558506692913385
20
-3.6835959448818896
11
3.7602407086614171
21
-3.6858327952755903
0
LINE
8
BLACK
6
CONTINUOUS
10
3.7602407086614171
20
-3.6858327952755903
11
3.76372468503937
21
-3.6893167716535431
0
LINE
8
BLACK
6
CONTINUOUS
10
3.76372468503937
20
-3.6893167716535431
11
3.7659615354330707
21
-3.6937068110236217
0
LINE
8
BLACK
6
CONTINUOUS
10
3.7659615354330707
20
-3.6937068110236217
11
3.7667322834645667
21
-3.6985732283464565
0
LINE
8
BLACK
6
CONTINUOUS
10
3.7667322834645667
20
-3.6985732283464565
11
3.7667322834645667
21
-3.7143212598425195
0
LINE
8
BLACK
6
CONTINUOUS
10
3.7667322834645667
20
-3.7143212598425195
11
3.7659615354330707
21
-3.7191876771653543
0
LINE
8
BLACK
6
CONTINUOUS
10
3.7659615354330707
20
-3.7191876771653543
11
3.76372468503937
21
-3.7235777165354329
0
LINE
8
BLACK
6
CONTINUOUS
10
3.76372468503937
20
-3.7235777165354329
11
3.7602407086614171
21
-3.7270616929133857
0
LINE
8
BLACK
6
CONTINUOUS
10
3.7602407086614171
20
-3.7270616929133857
11
3.7558506692913385
21
-3.7292985433070864
0
LINE
8
BLACK
6
CONTINUOUS
10
3.7558506692913385
20
-3.7292985433070864
11
3.7509842519685037
21
-3.7300692913385824
0
LINE
8
BLACK
6
CONTINUOUS
10
3.7509842519685037
20
-3.7300692913385824
11
3.7293307086614171
21
-3.7300692913385824
0
LINE
8
BLACK
6
CONTINUOUS
10
3.7293307086614171
20
-3.7300692913385824
11
3.7244642913385828
21
-3.7292985433070864
0
LINE
8
BLACK
6
CONTINUOUS
10
3.7244642913385828
20
-3.7292985433070864
11
3.7200742519685037
21
-3.7270616929133857
0
LINE
8
BLACK
6
CONTINUOUS
10
3.7200742519685037
20
-3.7270616929133857
11
3.7165902755905509
21
-3.7235777165354329
0
LINE
8
BLACK
6
CONTINUOUS
10
3.7165902755905509
20
-3.7235777165354329
11
3.7143534251968502
21
-3.7191876771653543
0
LINE
8
BLACK
6
CONTINUOUS
10
3.7143534251968502
20
-3.7191876771653543
11
3.7135826771653542
21
-3.7143212598425195
0
LINE
8
BLACK
6
CONTINUOUS
10
3.7135826771653542
20
-3.7143212598425195
11
3.7135826771653542
21
-3.6985732283464565
0
LINE
8
BLACK
6
CONTINUOUS
10
3.7135826771653542
20
-3.6985732283464565
11
3.7143534251968502
21
-3.6937068110236217
0
LINE
8
BLACK
6
CONTINUOUS
10
3.7143534251968502
20
-3.6937068110236217
11
3.7165902755905509
21
-3.6893167716535431
0
LINE
8
BLACK
6
CONTINUOUS
10
3.7165902755905509
20
-3.6893167716535431
11
3.7200742519685037
21
-3.6858327952755903
0
LINE
8
BLACK
6
CONTINUOUS
10
3.7200742519685037
20
-3.6858327952755903
11
3.7244642913385828
21
-3.6835959448818896
0
LINE
8
BLACK
6
CONTINUOUS
10
3.7244642913385828
20
-3.6835959448818896
11
3.7293307086614171
21
-3.6828251968503936
0
LINE
8
BLACK
6
CONTINUOUS
10
3.7293307086614171
20
-3.6828251968503936
11
3.7509842519685037
21
-3.6828251968503936
0
LINE
8
BLACK
6
CONTINUOUS
10
3.7509842519685037
20
-3.6828251968503936
11
3.7558506692913385
21
-3.6835959448818896
0
LINE
8
BLACK
6
CONTINUOUS
10
2.536831220472441
20
-3.6706146062992127
11
2.5425084251968504
21
-3.6717438976377954
0
LINE
8
BLACK
6
CONTINUOUS
10
2.5425084251968504
20
-3.6717438976377954
11
2.5478562204724411
21
-3.6739590157480313
0
LINE
8
BLACK
6
CONTINUOUS
10
2.5478562204724411
20
-3.6739590157480313
11
2.5526690944881891
21
-3.6771748818897638
0
LINE
8
BLACK
6
CONTINUOUS
10
2.5526690944881891
20
-3.6771748818897638
11
2.5567621259842519
21
-3.6812679133858266
0
LINE
8
BLACK
6
CONTINUOUS
10
2.5567621259842519
20
-3.6812679133858266
11
2.559977992125984
21
-3.6860807874015746
0
LINE
8
BLACK
6
CONTINUOUS
10
2.559977992125984
20
-3.6860807874015746
11
2.5621931102362203
21
-3.6914285826771653
0
LINE
8
BLACK
6
CONTINUOUS
10
2.5621931102362203
20
-3.6914285826771653
11
2.5633224015748031
21
-3.6971057874015747
0
LINE
8
BLACK
6
CONTINUOUS
10
2.5633224015748031
20
-3.6971057874015747
11
2.5633224015748031
21
-3.7028942125984252
0
LINE
8
BLACK
6
CONTINUOUS
10
2.5633224015748031
20
-3.7028942125984252
11
2.5621931102362203
21
-3.7085714173228346
0
LINE
8
BLACK
6
CONTINUOUS
10
2.5621931102362203
20
-3.7085714173228346
11
2.559977992125984
21
-3.7139192125984253
0
LINE
8
BLACK
6
CONTINUOUS
10
2.559977992125984
20
-3.7139192125984253
11
2.5567621259842519
21
-3.7187320866141733
0
LINE
8
BLACK
6
CONTINUOUS
10
2.5567621259842519
20
-3.7187320866141733
11
2.5526690944881891
21
-3.7228251181102361
0
LINE
8
BLACK
6
CONTINUOUS
10
2.5526690944881891
20
-3.7228251181102361
11
2.5478562204724411
21
-3.7260409842519686
0
LINE
8
BLACK
6
CONTINUOUS
10
2.5478562204724411
20
-3.7260409842519686
11
2.5425084251968504
21
-3.7282561023622045
0
LINE
8
BLACK
6
CONTINUOUS
10
2.5425084251968504
20
-3.7282561023622045
11
2.536831220472441
21
-3.7293853937007873
0
LINE
8
BLACK
6
CONTINUOUS
10
2.536831220472441
20
-3.7293853937007873
11
2.5339370078740155
21
-3.7295275590551182
0
LINE
8
BLACK
6
CONTINUOUS
10
2.5339370078740155
20
-3.7295275590551182
11
2.5260629921259841
21
-3.7295275590551182
0
LINE
8
BLACK
6
CONTINUOUS
10
2.5260629921259841
20
-3.7295275590551182
11
2.523168779527559
21
-3.7293853937007873
0
LINE
8
BLACK
6
CONTINUOUS
10
2.523168779527559
20
-3.7293853937007873
11
2.5174915748031497
21
-3.7282561023622045
0
LINE
8
BLACK
6
CONTINUOUS
10
2.5174915748031497
20
-3.7282561023622045
11
2.512143779527559
21
-3.7260409842519686
0
LINE
8
BLACK
6
CONTINUOUS
10
2.512143779527559
20
-3.7260409842519686
11
2.5073309055118109
21
-3.7228251181102361
0
LINE
8
BLACK
6
CONTINUOUS
10
2.5073309055118109
20
-3.7228251181102361
11
2.5032378740157482
21
-3.7187320866141733
0
LINE
8
BLACK
6
CONTINUOUS
10
2.5032378740157482
20
-3.7187320866141733
11
2.5000220078740156
21
-3.7139192125984253
0
LINE
8
BLACK
6
CONTINUOUS
10
2.5000220078740156
20
-3.7139192125984253
11
2.4978068897637793
21
-3.7085714173228346
0
LINE
8
BLACK
6
CONTINUOUS
10
2.4978068897637793
20
-3.7085714173228346
11
2.496677598425197
21
-3.7028942125984252
0
LINE
8
BLACK
6
CONTINUOUS
10
2.496677598425197
20
-3.7028942125984252
11
2.496677598425197
21
-3.6971057874015747
0
LINE
8
BLACK
6
CONTINUOUS
10
2.496677598425197
20
-3.6971057874015747
11
2.4978068897637793
21
-3.6914285826771653
0
LINE
8
BLACK
6
CONTINUOUS
10
2.4978068897637793
20
-3.6914285826771653
11
2.5000220078740156
21
-3.6860807874015746
0
LINE
8
BLACK
6
CONTINUOUS
10
2.5000220078740156
20
-3.6860807874015746
11
2.5032378740157482
21
-3.6812679133858266
0
LINE
8
BLACK
6
CONTINUOUS
10
2.5032378740157482
20
-3.6812679133858266
11
2.5073309055118109
21
-3.6771748818897638
0
LINE
8
BLACK
6
CONTINUOUS
10
2.5073309055118109
20
-3.6771748818897638
11
2.512143779527559
21
-3.6739590157480313
0
LINE
8
BLACK
6
CONTINUOUS
10
2.512143779527559
20
-3.6739590157480313
11
2.5174915748031497
21
-3.6717438976377954
0
LINE
8
BLACK
6
CONTINUOUS
10
2.5174915748031497
20
-3.6717438976377954
11
2.523168779527559
21
-3.6706146062992127
0
LINE
8
BLACK
6
CONTINUOUS
10
2.523168779527559
20
-3.6706146062992127
11
2.5260629921259841
21
-3.6704724409448817
0
LINE
8
BLACK
6
CONTINUOUS
10
2.5260629921259841
20
-3.6704724409448817
11
2.5339370078740155
21
-3.6704724409448817
0
LINE
8
BLACK
6
CONTINUOUS
10
2.5339370078740155
20
-3.6704724409448817
11
2.536831220472441
21
-3.6706146062992127
0
LINE
8
BLACK
6
CONTINUOUS
10
2.5958863385826771
20
-3.5706146062992126
11
2.6015635433070865
21
-3.5717438976377953
0
LINE
8
BLACK
6
CONTINUOUS
10
2.6015635433070865
20
-3.5717438976377953
11
2.6069113385826772
21
-3.5739590157480312
0
LINE
8
BLACK
6
CONTINUOUS
10
2.6069113385826772
20
-3.5739590157480312
11
2.6117242125984252
21
-3.5771748818897637
0
LINE
8
BLACK
6
CONTINUOUS
10
2.6117242125984252
20
-3.5771748818897637
11
2.615817244094488
21
-3.5812679133858265
0
LINE
8
BLACK
6
CONTINUOUS
10
2.615817244094488
20
-3.5812679133858265
11
2.6190331102362205
21
-3.5860807874015745
0
LINE
8
BLACK
6
CONTINUOUS
10
2.6190331102362205
20
-3.5860807874015745
11
2.6212482283464564
21
-3.5914285826771652
0
LINE
8
BLACK
6
CONTINUOUS
10
2.6212482283464564
20
-3.5914285826771652
11
2.6223775196850392
21
-3.5971057874015746
0
LINE
8
BLACK
6
CONTINUOUS
10
2.6223775196850392
20
-3.5971057874015746
11
2.6223775196850392
21
-3.6028942125984251
0
LINE
8
BLACK
6
CONTINUOUS
10
2.6223775196850392
20
-3.6028942125984251
11
2.6212482283464564
21
-3.6085714173228345
0
LINE
8
BLACK
6
CONTINUOUS
10
2.6212482283464564
20
-3.6085714173228345
11
2.6190331102362205
21
-3.6139192125984252
0
LINE
8
BLACK
6
CONTINUOUS
10
2.6190331102362205
20
-3.6139192125984252
11
2.615817244094488
21
-3.6187320866141732
0
LINE
8
BLACK
6
CONTINUOUS
10
2.615817244094488
20
-3.6187320866141732
11
2.6117242125984252
21
-3.622825118110236
0
LINE
8
BLACK
6
CONTINUOUS
10
2.6117242125984252
20
-3.622825118110236
11
2.6084692519685038
21
-3.625
0
LINE
8
BLACK
6
CONTINUOUS
10
2.6084692519685038
20
-3.625
11
2.6117242125984252
21
-3.6271748818897636
0
LINE
8
BLACK
6
CONTINUOUS
10
2.6117242125984252
20
-3.6271748818897636
11
2.615817244094488
21
-3.6312679133858268
0
LINE
8
BLACK
6
CONTINUOUS
10
2.615817244094488
20
-3.6312679133858268
11
2.6190331102362205
21
-3.6360807874015748
0
LINE
8
BLACK
6
CONTINUOUS
10
2.6190331102362205
20
-3.6360807874015748
11
2.6212482283464564
21
-3.6414285826771651
0
LINE
8
BLACK
6
CONTINUOUS
10
2.6212482283464564
20
-3.6414285826771651
11
2.6223775196850392
21
-3.6471057874015749
0
LINE
8
BLACK
6
CONTINUOUS
10
2.6223775196850392
20
-3.6471057874015749
11
2.6223775196850392
21
-3.652894212598425
0
LINE
8
BLACK
6
CONTINUOUS
10
2.6223775196850392
20
-3.652894212598425
11
2.6212482283464564
21
-3.6585714173228348
0
LINE
8
BLACK
6
CONTINUOUS
10
2.6212482283464564
20
-3.6585714173228348
11
2.6190331102362205
21
-3.663919212598425
0
LINE
8
BLACK
6
CONTINUOUS
10
2.6190331102362205
20
-3.663919212598425
11
2.615817244094488
21
-3.668732086614173
0
LINE
8
BLACK
6
CONTINUOUS
10
2.615817244094488
20
-3.668732086614173
11
2.6117242125984252
21
-3.6728251181102363
0
LINE
8
BLACK
6
CONTINUOUS
10
2.6117242125984252
20
-3.6728251181102363
11
2.6069113385826772
21
-3.6760409842519683
0
LINE
8
BLACK
6
CONTINUOUS
10
2.6069113385826772
20
-3.6760409842519683
11
2.6015635433070865
21
-3.6782561023622047
0
LINE
8
BLACK
6
CONTINUOUS
10
2.6015635433070865
20
-3.6782561023622047
11
2.5958863385826771
21
-3.6793853937007874
0
LINE
8
BLACK
6
CONTINUOUS
10
2.5958863385826771
20
-3.6793853937007874
11
2.5929921259842521
21
-3.679527559055118
0
LINE
8
BLACK
6
CONTINUOUS
10
2.5929921259842521
20
-3.679527559055118
11
2.5851181102362206
21
-3.679527559055118
0
LINE
8
BLACK
6
CONTINUOUS
10
2.5851181102362206
20
-3.679527559055118
11
2.5822238976377951
21
-3.6793853937007874
0
LINE
8
BLACK
6
CONTINUOUS
10
2.5822238976377951
20
-3.6793853937007874
11
2.5765466929133858
21
-3.6782561023622047
0
LINE
8
BLACK
6
CONTINUOUS
10
2.5765466929133858
20
-3.6782561023622047
11
2.5711988976377951
21
-3.6760409842519683
0
LINE
8
BLACK
6
CONTINUOUS
10
2.5711988976377951
20
-3.6760409842519683
11
2.566386023622047
21
-3.6728251181102363
0
LINE
8
BLACK
6
CONTINUOUS
10
2.566386023622047
20
-3.6728251181102363
11
2.5622929921259843
21
-3.668732086614173
0
LINE
8
BLACK
6
CONTINUOUS
10
2.5622929921259843
20
-3.668732086614173
11
2.5590771259842517
21
-3.663919212598425
0
LINE
8
BLACK
6
CONTINUOUS
10
2.5590771259842517
20
-3.663919212598425
11
2.5568620078740159
21
-3.6585714173228348
0
LINE
8
BLACK
6
CONTINUOUS
10
2.5568620078740159
20
-3.6585714173228348
11
2.5557327165354331
21
-3.652894212598425
0
LINE
8
BLACK
6
CONTINUOUS
10
2.5557327165354331
20
-3.652894212598425
11
2.5557327165354331
21
-3.6471057874015749
0
LINE
8
BLACK
6
CONTINUOUS
10
2.5557327165354331
20
-3.6471057874015749
11
2.5568620078740159
21
-3.6414285826771651
0
LINE
8
BLACK
6
CONTINUOUS
10
2.5568620078740159
20
-3.6414285826771651
11
2.5590771259842517
21
-3.6360807874015748
0
LINE
8
BLACK
6
CONTINUOUS
10
2.5590771259842517
20
-3.6360807874015748
11
2.5622929921259843
21
-3.6312679133858268
0
LINE
8
BLACK
6
CONTINUOUS
10
2.5622929921259843
20
-3.6312679133858268
11
2.566386023622047
21
-3.6271748818897636
0
LINE
8
BLACK
6
CONTINUOUS
10
2.566386023622047
20
-3.6271748818897636
11
2.5696409448818898
21
-3.625
0
LINE
8
BLACK
6
CONTINUOUS
10
2.5696409448818898
20
-3.625
11
2.566386023622047
21
-3.622825118110236
0
LINE
8
BLACK
6
CONTINUOUS
10
2.566386023622047
20
-3.622825118110236
11
2.5622929921259843
21
-3.6187320866141732
0
LINE
8
BLACK
6
CONTINUOUS
10
2.5622929921259843
20
-3.6187320866141732
11
2.5590771259842517
21
-3.6139192125984252
0
LINE
8
BLACK
6
CONTINUOUS
10
2.5590771259842517
20
-3.6139192125984252
11
2.5568620078740159
21
-3.6085714173228345
0
LINE
8
BLACK
6
CONTINUOUS
10
2.5568620078740159
20
-3.6085714173228345
11
2.5557327165354331
21
-3.6028942125984251
0
LINE
8
BLACK
6
CONTINUOUS
10
2.5557327165354331
20
-3.6028942125984251
11
2.5557327165354331
21
-3.5971057874015746
0
LINE
8
BLACK
6
CONTINUOUS
10
2.5557327165354331
20
-3.5971057874015746
11
2.5568620078740159
21
-3.5914285826771652
0
LINE
8
BLACK
6
CONTINUOUS
10
2.5568620078740159
20
-3.5914285826771652
11
2.5590771259842517
21
-3.5860807874015745
0
LINE
8
BLACK
6
CONTINUOUS
10
2.5590771259842517
20
-3.5860807874015745
11
2.5622929921259843
21
-3.5812679133858265
0
LINE
8
BLACK
6
CONTINUOUS
10
2.5622929921259843
20
-3.5812679133858265
11
2.566386023622047
21
-3.5771748818897637
0
LINE
8
BLACK
6
CONTINUOUS
10
2.566386023622047
20
-3.5771748818897637
11
2.5711988976377951
21
-3.5739590157480312
0
LINE
8
BLACK
6
CONTINUOUS
10
2.5711988976377951
20
-3.5739590157480312
11
2.5765466929133858
21
-3.5717438976377953
0
LINE
8
BLACK
6
CONTINUOUS
10
2.5765466929133858
20
-3.5717438976377953
11
2.5822238976377951
21
-3.5706146062992126
0
LINE
8
BLACK
6
CONTINUOUS
10
2.5822238976377951
20
-3.5706146062992126
11
2.5851181102362206
21
-3.5704724409448816
0
LINE
8
BLACK
6
CONTINUOUS
10
2.5851181102362206
20
-3.5704724409448816
11
2.5929921259842521
21
-3.5704724409448816
0
LINE
8
BLACK
6
CONTINUOUS
10
2.5929921259842521
20
-3.5704724409448816
11
2.5958863385826771
21
-3.5706146062992126
0
LINE
8
BLACK
6
CONTINUOUS
10
3.5485692913385827
20
-3.5938127952755905
11
3.5535539763779527
21
-3.5955570078740156
0
LINE
8
BLACK
6
CONTINUOUS
10
3.5535539763779527
20
-3.5955570078740156
11
3.5578030708661417
21
-3.5986929921259843
0
LINE
8
BLACK
6
CONTINUOUS
10
3.5578030708661417
20
-3.5986929921259843
11
3.5609390551181104
21
-3.6029420866141733
0
LINE
8
BLACK
6
CONTINUOUS
10
3.5609390551181104
20
-3.6029420866141733
11
3.5626832677165354
21
-3.6079267716535433
0
LINE
8
BLACK
6
CONTINUOUS
10
3.5626832677165354
20
-3.6079267716535433
11
3.5629921259842519
21
-3.6112204724409449
0
LINE
8
BLACK
6
CONTINUOUS
10
3.5629921259842519
20
-3.6112204724409449
11
3.5629921259842519
21
-3.6368110236220472
0
LINE
8
BLACK
6
CONTINUOUS
10
3.5629921259842519
20
-3.6368110236220472
11
3.5626832677165354
21
-3.6401047244094489
0
LINE
8
BLACK
6
CONTINUOUS
10
3.5626832677165354
20
-3.6401047244094489
11
3.5609390551181104
21
-3.6450894094488189
0
LINE
8
BLACK
6
CONTINUOUS
10
3.5609390551181104
20
-3.6450894094488189
11
3.5578030708661417
21
-3.6493385039370079
0
LINE
8
BLACK
6
CONTINUOUS
10
3.5578030708661417
20
-3.6493385039370079
11
3.5535539763779527
21
-3.6524744881889761
0
LINE
8
BLACK
6
CONTINUOUS
10
3.5535539763779527
20
-3.6524744881889761
11
3.5485692913385827
21
-3.6542187007874016
0
LINE
8
BLACK
6
CONTINUOUS
10
3.5485692913385827
20
-3.6542187007874016
11
3.545275590551181
21
-3.6545275590551181
0
LINE
8
BLACK
6
CONTINUOUS
10
3.545275590551181
20
-3.6545275590551181
11
3.5098425196850394
21
-3.6545275590551181
0
LINE
8
BLACK
6
CONTINUOUS
10
3.5098425196850394
20
-3.6545275590551181
11
3.5065488188976377
21
-3.6542187007874016
0
LINE
8
BLACK
6
CONTINUOUS
10
3.5065488188976377
20
-3.6542187007874016
11
3.5015641338582677
21
-3.6524744881889761
0
LINE
8
BLACK
6
CONTINUOUS
10
3.5015641338582677
20
-3.6524744881889761
11
3.4973150393700787
21
-3.6493385039370079
0
LINE
8
BLACK
6
CONTINUOUS
10
3.4973150393700787
20
-3.6493385039370079
11
3.49417905511811
21
-3.6450894094488189
0
LINE
8
BLACK
6
CONTINUOUS
10
3.49417905511811
20
-3.6450894094488189
11
3.4924348425196849
21
-3.6401047244094489
0
LINE
8
BLACK
6
CONTINUOUS
10
3.4924348425196849
20
-3.6401047244094489
11
3.4921259842519685
21
-3.6368110236220472
0
LINE
8
BLACK
6
CONTINUOUS
10
3.4921259842519685
20
-3.6368110236220472
11
3.4921259842519685
21
-3.6112204724409449
0
LINE
8
BLACK
6
CONTINUOUS
10
3.4921259842519685
20
-3.6112204724409449
11
3.4924348425196849
21
-3.6079267716535433
0
LINE
8
BLACK
6
CONTINUOUS
10
3.4924348425196849
20
-3.6079267716535433
11
3.49417905511811
21
-3.6029420866141733
0
LINE
8
BLACK
6
CONTINUOUS
10
3.49417905511811
20
-3.6029420866141733
11
3.4973150393700787
21
-3.5986929921259843
0
LINE
8
BLACK
6
CONTINUOUS
10
3.4973150393700787
20
-3.5986929921259843
11
3.5015641338582677
21
-3.5955570078740156
0
LINE
8
BLACK
6
CONTINUOUS
10
3.5015641338582677
20
-3.5955570078740156
11
3.5065488188976377
21
-3.5938127952755905
0
LINE
8
BLACK
6
CONTINUOUS
10
3.5065488188976377
20
-3.5938127952755905
11
3.5098425196850394
21
-3.5935039370078741
0
LINE
8
BLACK
6
CONTINUOUS
10
3.5098425196850394
20
-3.5935039370078741
11
3.545275590551181
21
-3.5935039370078741
0
LINE
8
BLACK
6
CONTINUOUS
10
3.545275590551181
20
-3.5935039370078741
11
3.5485692913385827
21
-3.5938127952755905
0
LINE
8
BLACK
6
CONTINUOUS
10
3.7748555905511809
20
-3.6031811417322834
11
3.7795200393700785
21
-3.6055577952755904
0
LINE
8
BLACK
6
CONTINUOUS
10
3.7795200393700785
20
-3.6055577952755904
11
3.7832217322834647
21
-3.6092594881889761
0
LINE
8
BLACK
6
CONTINUOUS
10
3.7832217322834647
20
-3.6092594881889761
11
3.7855983858267717
21
-3.6139239370078737
0
LINE
8
BLACK
6
CONTINUOUS
10
3.7855983858267717
20
-3.6139239370078737
11
3.7864173228346454
21
-3.6190944881889764
0
LINE
8
BLACK
6
CONTINUOUS
10
3.7864173228346454
20
-3.6190944881889764
11
3.7864173228346454
21
-3.6368110236220472
0
LINE
8
BLACK
6
CONTINUOUS
10
3.7864173228346454
20
-3.6368110236220472
11
3.7855983858267717
21
-3.6419815748031494
0
LINE
8
BLACK
6
CONTINUOUS
10
3.7855983858267717
20
-3.6419815748031494
11
3.7832217322834647
21
-3.646646023622047
0
LINE
8
BLACK
6
CONTINUOUS
10
3.7832217322834647
20
-3.646646023622047
11
3.7795200393700785
21
-3.6503477165354328
0
LINE
8
BLACK
6
CONTINUOUS
10
3.7795200393700785
20
-3.6503477165354328
11
3.7748555905511809
21
-3.6527243700787402
0
LINE
8
BLACK
6
CONTINUOUS
10
3.7748555905511809
20
-3.6527243700787402
11
3.7696850393700787
21
-3.6535433070866139
0
LINE
8
BLACK
6
CONTINUOUS
10
3.7696850393700787
20
-3.6535433070866139
11
3.75
21
-3.6535433070866139
0
LINE
8
BLACK
6
CONTINUOUS
10
3.75
20
-3.6535433070866139
11
3.7448294488188973
21
-3.6527243700787402
0
LINE
8
BLACK
6
CONTINUOUS
10
3.7448294488188973
20
-3.6527243700787402
11
3.7401649999999997
21
-3.6503477165354328
0
LINE
8
BLACK
6
CONTINUOUS
10
3.7401649999999997
20
-3.6503477165354328
11
3.736463307086614
21
-3.646646023622047
0
LINE
8
BLACK
6
CONTINUOUS
10
3.736463307086614
20
-3.646646023622047
11
3.734086653543307
21
-3.6419815748031494
0
LINE
8
BLACK
6
CONTINUOUS
10
3.734086653543307
20
-3.6419815748031494
11
3.7332677165354329
21
-3.6368110236220472
0
LINE
8
BLACK
6
CONTINUOUS
10
3.7332677165354329
20
-3.6368110236220472
11
3.7332677165354329
21
-3.6190944881889764
0
LINE
8
BLACK
6
CONTINUOUS
10
3.7332677165354329
20
-3.6190944881889764
11
3.734086653543307
21
-3.6139239370078737
0
LINE
8
BLACK
6
CONTINUOUS
10
3.734086653543307
20
-3.6139239370078737
11
3.736463307086614
21
-3.6092594881889761
0
LINE
8
BLACK
6
CONTINUOUS
10
3.736463307086614
20
-3.6092594881889761
11
3.7401649999999997
21
-3.6055577952755904
0
LINE
8
BLACK
6
CONTINUOUS
10
3.7401649999999997
20
-3.6055577952755904
11
3.7448294488188973
21
-3.6031811417322834
0
LINE
8
BLACK
6
CONTINUOUS
10
3.7448294488188973
20
-3.6031811417322834
11
3.75
21
-3.6023622047244093
0
LINE
8
BLACK
6
CONTINUOUS
10
3.75
20
-3.6023622047244093
11
3.7696850393700787
21
-3.6023622047244093
0
LINE
8
BLACK
6
CONTINUOUS
10
3.7696850393700787
20
-3.6023622047244093
11
3.7748555905511809
21
-3.6031811417322834
0
LINE
8
BLACK
6
CONTINUOUS
10
3.7748555905511809
20
-3.5421575196850394
11
3.7795200393700785
21
-3.5445341732283464
0
LINE
8
BLACK
6
CONTINUOUS
10
3.7795200393700785
20
-3.5445341732283464
11
3.7832217322834647
21
-3.5482358661417321
0
LINE
8
BLACK
6
CONTINUOUS
10
3.7832217322834647
20
-3.5482358661417321
11
3.7855983858267717
21
-3.5529003149606297
0
LINE
8
BLACK
6
CONTINUOUS
10
3.7855983858267717
20
-3.5529003149606297
11
3.7864173228346454
21
-3.5580708661417324
0
LINE
8
BLACK
6
CONTINUOUS
10
3.7864173228346454
20
-3.5580708661417324
11
3.7864173228346454
21
-3.5757874015748032
0
LINE
8
BLACK
6
CONTINUOUS
10
3.7864173228346454
20
-3.5757874015748032
11
3.7855983858267717
21
-3.5809579527559054
0
LINE
8
BLACK
6
CONTINUOUS
10
3.7855983858267717
20
-3.5809579527559054
11
3.7832217322834647
21
-3.5856224015748031
0
LINE
8
BLACK
6
CONTINUOUS
10
3.7832217322834647
20
-3.5856224015748031
11
3.7795200393700785
21
-3.5893240944881888
0
LINE
8
BLACK
6
CONTINUOUS
10
3.7795200393700785
20
-3.5893240944881888
11
3.7748555905511809
21
-3.5917007480314962
0
LINE
8
BLACK
6
CONTINUOUS
10
3.7748555905511809
20
-3.5917007480314962
11
3.7696850393700787
21
-3.5925196850393699
0
LINE
8
BLACK
6
CONTINUOUS
10
3.7696850393700787
20
-3.5925196850393699
11
3.75
21
-3.5925196850393699
0
LINE
8
BLACK
6
CONTINUOUS
10
3.75
20
-3.5925196850393699
11
3.7448294488188973
21
-3.5917007480314962
0
LINE
8
BLACK
6
CONTINUOUS
10
3.7448294488188973
20
-3.5917007480314962
11
3.7401649999999997
21
-3.5893240944881888
0
LINE
8
BLACK
6
CONTINUOUS
10
3.7401649999999997
20
-3.5893240944881888
11
3.736463307086614
21
-3.5856224015748031
0
LINE
8
BLACK
6
CONTINUOUS
10
3.736463307086614
20
-3.5856224015748031
11
3.734086653543307
21
-3.5809579527559054
0
LINE
8
BLACK
6
CONTINUOUS
10
3.734086653543307
20
-3.5809579527559054
11
3.7332677165354329
21
-3.5757874015748032
0
LINE
8
BLACK
6
CONTINUOUS
10
3.7332677165354329
20
-3.5757874015748032
11
3.7332677165354329
21
-3.5580708661417324
0
LINE
8
BLACK
6
CONTINUOUS
10
3.7332677165354329
20
-3.5580708661417324
11
3.734086653543307
21
-3.5529003149606297
0
LINE
8
BLACK
6
CONTINUOUS
10
3.734086653543307
20
-3.5529003149606297
11
3.736463307086614
21
-3.5482358661417321
0
LINE
8
BLACK
6
CONTINUOUS
10
3.736463307086614
20
-3.5482358661417321
11
3.7401649999999997
21
-3.5445341732283464
0
LINE
8
BLACK
6
CONTINUOUS
10
3.7401649999999997
20
-3.5445341732283464
11
3.7448294488188973
21
-3.5421575196850394
0
LINE
8
BLACK
6
CONTINUOUS
10
3.7448294488188973
20
-3.5421575196850394
11
3.75
21
-3.5413385826771653
0
LINE
8
BLACK
6
CONTINUOUS
10
3.75
20
-3.5413385826771653
11
3.7696850393700787
21
-3.5413385826771653
0
LINE
8
BLACK
6
CONTINUOUS
10
3.7696850393700787
20
-3.5413385826771653
11
3.7748555905511809
21
-3.5421575196850394
0
LINE
8
BLACK
6
CONTINUOUS
10
2.536831220472441
20
-3.5206146062992123
11
2.5425084251968504
21
-3.5217438976377951
0
LINE
8
BLACK
6
CONTINUOUS
10
2.5425084251968504
20
-3.5217438976377951
11
2.5478562204724411
21
-3.5239590157480314
0
LINE
8
BLACK
6
CONTINUOUS
10
2.5478562204724411
20
-3.5239590157480314
11
2.5526690944881891
21
-3.5271748818897639
0
LINE
8
BLACK
6
CONTINUOUS
10
2.5526690944881891
20
-3.5271748818897639
11
2.5567621259842519
21
-3.5312679133858267
0
LINE
8
BLACK
6
CONTINUOUS
10
2.5567621259842519
20
-3.5312679133858267
11
2.559977992125984
21
-3.5360807874015747
0
LINE
8
BLACK
6
CONTINUOUS
10
2.559977992125984
20
-3.5360807874015747
11
2.5621931102362203
21
-3.5414285826771654
0
LINE
8
BLACK
6
CONTINUOUS
10
2.5621931102362203
20
-3.5414285826771654
11
2.5633224015748031
21
-3.5471057874015748
0
LINE
8
BLACK
6
CONTINUOUS
10
2.5633224015748031
20
-3.5471057874015748
11
2.5633224015748031
21
-3.5528942125984253
0
LINE
8
BLACK
6
CONTINUOUS
10
2.5633224015748031
20
-3.5528942125984253
11
2.5621931102362203
21
-3.5585714173228347
0
LINE
8
BLACK
6
CONTINUOUS
10
2.5621931102362203
20
-3.5585714173228347
11
2.559977992125984
21
-3.5639192125984249
0
LINE
8
BLACK
6
CONTINUOUS
10
2.559977992125984
20
-3.5639192125984249
11
2.5567621259842519
21
-3.568732086614173
0
LINE
8
BLACK
6
CONTINUOUS
10
2.5567621259842519
20
-3.568732086614173
11
2.5526690944881891
21
-3.5728251181102362
0
LINE
8
BLACK
6
CONTINUOUS
10
2.5526690944881891
20
-3.5728251181102362
11
2.5478562204724411
21
-3.5760409842519683
0
LINE
8
BLACK
6
CONTINUOUS
10
2.5478562204724411
20
-3.5760409842519683
11
2.5425084251968504
21
-3.5782561023622046
0
LINE
8
BLACK
6
CONTINUOUS
10
2.5425084251968504
20
-3.5782561023622046
11
2.536831220472441
21
-3.5793853937007873
0
LINE
8
BLACK
6
CONTINUOUS
10
2.536831220472441
20
-3.5793853937007873
11
2.5339370078740155
21
-3.5795275590551179
0
LINE
8
BLACK
6
CONTINUOUS
10
2.5339370078740155
20
-3.5795275590551179
11
2.5260629921259841
21
-3.5795275590551179
0
LINE
8
BLACK
6
CONTINUOUS
10
2.5260629921259841
20
-3.5795275590551179
11
2.523168779527559
21
-3.5793853937007873
0
LINE
8
BLACK
6
CONTINUOUS
10
2.523168779527559
20
-3.5793853937007873
11
2.5174915748031497
21
-3.5782561023622046
0
LINE
8
BLACK
6
CONTINUOUS
10
2.5174915748031497
20
-3.5782561023622046
11
2.512143779527559
21
-3.5760409842519683
0
LINE
8
BLACK
6
CONTINUOUS
10
2.512143779527559
20
-3.5760409842519683
11
2.5073309055118109
21
-3.5728251181102362
0
LINE
8
BLACK
6
CONTINUOUS
10
2.5073309055118109
20
-3.5728251181102362
11
2.5032378740157482
21
-3.568732086614173
0
LINE
8
BLACK
6
CONTINUOUS
10
2.5032378740157482
20
-3.568732086614173
11
2.5000220078740156
21
-3.5639192125984249
0
LINE
8
BLACK
6
CONTINUOUS
10
2.5000220078740156
20
-3.5639192125984249
11
2.4978068897637793
21
-3.5585714173228347
0
LINE
8
BLACK
6
CONTINUOUS
10
2.4978068897637793
20
-3.5585714173228347
11
2.496677598425197
21
-3.5528942125984253
0
LINE
8
BLACK
6
CONTINUOUS
10
2.496677598425197
20
-3.5528942125984253
11
2.496677598425197
21
-3.5471057874015748
0
LINE
8
BLACK
6
CONTINUOUS
10
2.496677598425197
20
-3.5471057874015748
11
2.4978068897637793
21
-3.5414285826771654
0
LINE
8
BLACK
6
CONTINUOUS
10
2.4978068897637793
20
-3.5414285826771654
11
2.5000220078740156
21
-3.5360807874015747
0
LINE
8
BLACK
6
CONTINUOUS
10
2.5000220078740156
20
-3.5360807874015747
11
2.5032378740157482
21
-3.5312679133858267
0
LINE
8
BLACK
6
CONTINUOUS
10
2.5032378740157482
20
-3.5312679133858267
11
2.5073309055118109
21
-3.5271748818897639
0
LINE
8
BLACK
6
CONTINUOUS
10
2.5073309055118109
20
-3.5271748818897639
11
2.512143779527559
21
-3.5239590157480314
0
LINE
8
BLACK
6
CONTINUOUS
10
2.512143779527559
20
-3.5239590157480314
11
2.5174915748031497
21
-3.5217438976377951
0
LINE
8
BLACK
6
CONTINUOUS
10
2.5174915748031497
20
-3.5217438976377951
11
2.523168779527559
21
-3.5206146062992123
0
LINE
8
BLACK
6
CONTINUOUS
10
2.523168779527559
20
-3.5206146062992123
11
2.5260629921259841
21
-3.5204724409448818
0
LINE
8
BLACK
6
CONTINUOUS
10
2.5260629921259841
20
-3.5204724409448818
11
2.5339370078740155
21
-3.5204724409448818
0
LINE
8
BLACK
6
CONTINUOUS
10
2.5339370078740155
20
-3.5204724409448818
11
2.536831220472441
21
-3.5206146062992123
0
LINE
8
BLACK
6
CONTINUOUS
10
3.5830132677165354
20
-3.4927253543307084
11
3.5855677559055117
21
-3.4944322440944879
0
LINE
8
BLACK
6
CONTINUOUS
10
3.5855677559055117
20
-3.4944322440944879
11
3.5872746456692912
21
-3.4969867322834647
0
LINE
8
BLACK
6
CONTINUOUS
10
3.5872746456692912
20
-3.4969867322834647
11
3.5878740157480316
21
-3.5
0
LINE
8
BLACK
6
CONTINUOUS
10
3.5878740157480316
20
-3.5
11
3.5878740157480316
21
-3.5600000000000001
0
LINE
8
BLACK
6
CONTINUOUS
10
3.5878740157480316
20
-3.5600000000000001
11
3.5872746456692912
21
-3.5630132677165354
0
LINE
8
BLACK
6
CONTINUOUS
10
3.5872746456692912
20
-3.5630132677165354
11
3.5855677559055117
21
-3.5655677559055117
0
LINE
8
BLACK
6
CONTINUOUS
10
3.5855677559055117
20
-3.5655677559055117
11
3.5830132677165354
21
-3.5672746456692912
0
LINE
8
BLACK
6
CONTINUOUS
10
3.5830132677165354
20
-3.5672746456692912
11
3.5800000000000001
21
-3.5678740157480315
0
LINE
8
BLACK
6
CONTINUOUS
10
3.5800000000000001
20
-3.5678740157480315
11
3.52
21
-3.5678740157480315
0
LINE
8
BLACK
6
CONTINUOUS
10
3.52
20
-3.5678740157480315
11
3.5169867322834647
21
-3.5672746456692912
0
LINE
8
BLACK
6
CONTINUOUS
10
3.5169867322834647
20
-3.5672746456692912
11
3.514432244094488
21
-3.5655677559055117
0
LINE
8
BLACK
6
CONTINUOUS
10
3.514432244094488
20
-3.5655677559055117
11
3.5127253543307084
21
-3.5630132677165354
0
LINE
8
BLACK
6
CONTINUOUS
10
3.5127253543307084
20
-3.5630132677165354
11
3.5121259842519685
21
-3.5600000000000001
0
LINE
8
BLACK
6
CONTINUOUS
10
3.5121259842519685
20
-3.5600000000000001
11
3.5121259842519685
21
-3.5
0
LINE
8
BLACK
6
CONTINUOUS
10
3.5121259842519685
20
-3.5
11
3.5127253543307084
21
-3.4969867322834647
0
LINE
8
BLACK
6
CONTINUOUS
10
3.5127253543307084
20
-3.4969867322834647
11
3.514432244094488
21
-3.4944322440944879
0
LINE
8
BLACK
6
CONTINUOUS
10
3.514432244094488
20
-3.4944322440944879
11
3.5169867322834647
21
-3.4927253543307084
0
LINE
8
BLACK
6
CONTINUOUS
10
3.5169867322834647
20
-3.4927253543307084
11
3.52
21
-3.4921259842519685
0
LINE
8
BLACK
6
CONTINUOUS
10
3.52
20
-3.4921259842519685
11
3.5800000000000001
21
-3.4921259842519685
0
LINE
8
BLACK
6
CONTINUOUS
10
3.5800000000000001
20
-3.4921259842519685
11
3.5830132677165354
21
-3.4927253543307084
0
LINE
8
BLACK
6
CONTINUOUS
10
3.6830132677165355
20
-3.4927253543307084
11
3.6855677559055118
21
-3.4944322440944879
0
LINE
8
BLACK
6
CONTINUOUS
10
3.6855677559055118
20
-3.4944322440944879
11
3.6872746456692913
21
-3.4969867322834647
0
LINE
8
BLACK
6
CONTINUOUS
10
3.6872746456692913
20
-3.4969867322834647
11
3.6878740157480312
21
-3.5
0
LINE
8
BLACK
6
CONTINUOUS
10
3.6878740157480312
20
-3.5
11
3.6878740157480312
21
-3.5600000000000001
0
LINE
8
BLACK
6
CONTINUOUS
10
3.6878740157480312
20
-3.5600000000000001
11
3.6872746456692913
21
-3.5630132677165354
0
LINE
8
BLACK
6
CONTINUOUS
10
3.6872746456692913
20
-3.5630132677165354
11
3.6855677559055118
21
-3.5655677559055117
0
LINE
8
BLACK
6
CONTINUOUS
10
3.6855677559055118
20
-3.5655677559055117
11
3.6830132677165355
21
-3.5672746456692912
0
LINE
8
BLACK
6
CONTINUOUS
10
3.6830132677165355
20
-3.5672746456692912
11
3.6799999999999997
21
-3.5678740157480315
0
LINE
8
BLACK
6
CONTINUOUS
10
3.6799999999999997
20
-3.5678740157480315
11
3.6200000000000001
21
-3.5678740157480315
0
LINE
8
BLACK
6
CONTINUOUS
10
3.6200000000000001
20
-3.5678740157480315
11
3.6169867322834643
21
-3.5672746456692912
0
LINE
8
BLACK
6
CONTINUOUS
10
3.6169867322834643
20
-3.5672746456692912
11
3.614432244094488
21
-3.5655677559055117
0
LINE
8
BLACK
6
CONTINUOUS
10
3.614432244094488
20
-3.5655677559055117
11
3.6127253543307085
21
-3.5630132677165354
0
LINE
8
BLACK
6
CONTINUOUS
10
3.6127253543307085
20
-3.5630132677165354
11
3.6121259842519686
21
-3.5600000000000001
0
LINE
8
BLACK
6
CONTINUOUS
10
3.6121259842519686
20
-3.5600000000000001
11
3.6121259842519686
21
-3.5
0
LINE
8
BLACK
6
CONTINUOUS
10
3.6121259842519686
20
-3.5
11
3.6127253543307085
21
-3.4969867322834647
0
LINE
8
BLACK
6
CONTINUOUS
10
3.6127253543307085
20
-3.4969867322834647
11
3.614432244094488
21
-3.4944322440944879
0
LINE
8
BLACK
6
CONTINUOUS
10
3.614432244094488
20
-3.4944322440944879
11
3.6169867322834643
21
-3.4927253543307084
0
LINE
8
BLACK
6
CONTINUOUS
10
3.6169867322834643
20
-3.4927253543307084
11
3.6200000000000001
21
-3.4921259842519685
0
LINE
8
BLACK
6
CONTINUOUS
10
3.6200000000000001
20
-3.4921259842519685
11
3.6799999999999997
21
-3.4921259842519685
0
LINE
8
BLACK
6
CONTINUOUS
10
3.6799999999999997
20
-3.4921259842519685
11
3.6830132677165355
21
-3.4927253543307084
0
LINE
8
BLACK
6
CONTINUOUS
10
3.4960081496062991
20
-3.500770748031496
11
3.5003981889763778
21
-3.5030075984251967
0
LINE
8
BLACK
6
CONTINUOUS
10
3.5003981889763778
20
-3.5030075984251967
11
3.5038821653543306
21
-3.5064915748031495
0
LINE
8
BLACK
6
CONTINUOUS
10
3.5038821653543306
20
-3.5064915748031495
11
3.5061190157480313
21
-3.5108816141732282
0
LINE
8
BLACK
6
CONTINUOUS
10
3.5061190157480313
20
-3.5108816141732282
11
3.5068897637795273
21
-3.515748031496063
0
LINE
8
BLACK
6
CONTINUOUS
10
3.5068897637795273
20
-3.515748031496063
11
3.5068897637795273
21
-3.5314960629921259
0
LINE
8
BLACK
6
CONTINUOUS
10
3.5068897637795273
20
-3.5314960629921259
11
3.5061190157480313
21
-3.5363624803149607
0
LINE
8
BLACK
6
CONTINUOUS
10
3.5061190157480313
20
-3.5363624803149607
11
3.5038821653543306
21
-3.5407525196850393
0
LINE
8
BLACK
6
CONTINUOUS
10
3.5038821653543306
20
-3.5407525196850393
11
3.5003981889763778
21
-3.5442364960629922
0
LINE
8
BLACK
6
CONTINUOUS
10
3.5003981889763778
20
-3.5442364960629922
11
3.4960081496062991
21
-3.5464733464566929
0
LINE
8
BLACK
6
CONTINUOUS
10
3.4960081496062991
20
-3.5464733464566929
11
3.4911417322834644
21
-3.5472440944881889
0
LINE
8
BLACK
6
CONTINUOUS
10
3.4911417322834644
20
-3.5472440944881889
11
3.4694881889763778
21
-3.5472440944881889
0
LINE
8
BLACK
6
CONTINUOUS
10
3.4694881889763778
20
-3.5472440944881889
11
3.464621771653543
21
-3.5464733464566929
0
LINE
8
BLACK
6
CONTINUOUS
10
3.464621771653543
20
-3.5464733464566929
11
3.4602317322834644
21
-3.5442364960629922
0
LINE
8
BLACK
6
CONTINUOUS
10
3.4602317322834644
20
-3.5442364960629922
11
3.4567477559055115
21
-3.5407525196850393
0
LINE
8
BLACK
6
CONTINUOUS
10
3.4567477559055115
20
-3.5407525196850393
11
3.4545109055118108
21
-3.5363624803149607
0
LINE
8
BLACK
6
CONTINUOUS
10
3.4545109055118108
20
-3.5363624803149607
11
3.4537401574803148
21
-3.5314960629921259
0
LINE
8
BLACK
6
CONTINUOUS
10
3.4537401574803148
20
-3.5314960629921259
11
3.4537401574803148
21
-3.515748031496063
0
LINE
8
BLACK
6
CONTINUOUS
10
3.4537401574803148
20
-3.515748031496063
11
3.4545109055118108
21
-3.5108816141732282
0
LINE
8
BLACK
6
CONTINUOUS
10
3.4545109055118108
20
-3.5108816141732282
11
3.4567477559055115
21
-3.5064915748031495
0
LINE
8
BLACK
6
CONTINUOUS
10
3.4567477559055115
20
-3.5064915748031495
11
3.4602317322834644
21
-3.5030075984251967
0
LINE
8
BLACK
6
CONTINUOUS
10
3.4602317322834644
20
-3.5030075984251967
11
3.464621771653543
21
-3.500770748031496
0
LINE
8
BLACK
6
CONTINUOUS
10
3.464621771653543
20
-3.500770748031496
11
3.4694881889763778
21
-3.5
0
LINE
8
BLACK
6
CONTINUOUS
10
3.4694881889763778
20
-3.5
11
3.4911417322834644
21
-3.5
0
LINE
8
BLACK
6
CONTINUOUS
10
3.4911417322834644
20
-3.5
11
3.4960081496062991
21
-3.500770748031496
0
LINE
8
BLACK
6
CONTINUOUS
10
2.5958863385826771
20
-3.4206146062992127
11
2.6015635433070865
21
-3.4217438976377954
0
LINE
8
BLACK
6
CONTINUOUS
10
2.6015635433070865
20
-3.4217438976377954
11
2.6069113385826772
21
-3.4239590157480313
0
LINE
8
BLACK
6
CONTINUOUS
10
2.6069113385826772
20
-3.4239590157480313
11
2.6117242125984252
21
-3.4271748818897638
0
LINE
8
BLACK
6
CONTINUOUS
10
2.6117242125984252
20
-3.4271748818897638
11
2.615817244094488
21
-3.4312679133858266
0
LINE
8
BLACK
6
CONTINUOUS
10
2.615817244094488
20
-3.4312679133858266
11
2.6190331102362205
21
-3.4360807874015746
0
LINE
8
BLACK
6
CONTINUOUS
10
2.6190331102362205
20
-3.4360807874015746
11
2.6212482283464564
21
-3.4414285826771653
0
LINE
8
BLACK
6
CONTINUOUS
10
2.6212482283464564
20
-3.4414285826771653
11
2.6223775196850392
21
-3.4471057874015747
0
LINE
8
BLACK
6
CONTINUOUS
10
2.6223775196850392
20
-3.4471057874015747
11
2.6223775196850392
21
-3.4528942125984252
0
LINE
8
BLACK
6
CONTINUOUS
10
2.6223775196850392
20
-3.4528942125984252
11
2.6212482283464564
21
-3.4585714173228346
0
LINE
8
BLACK
6
CONTINUOUS
10
2.6212482283464564
20
-3.4585714173228346
11
2.6190331102362205
21
-3.4639192125984253
0
LINE
8
BLACK
6
CONTINUOUS
10
2.6190331102362205
20
-3.4639192125984253
11
2.615817244094488
21
-3.4687320866141733
0
LINE
8
BLACK
6
CONTINUOUS
10
2.615817244094488
20
-3.4687320866141733
11
2.6117242125984252
21
-3.4728251181102361
0
LINE
8
BLACK
6
CONTINUOUS
10
2.6117242125984252
20
-3.4728251181102361
11
2.6084692519685038
21
-3.4750000000000001
0
LINE
8
BLACK
6
CONTINUOUS
10
2.6084692519685038
20
-3.4750000000000001
11
2.6117242125984252
21
-3.4771748818897636
0
LINE
8
BLACK
6
CONTINUOUS
10
2.6117242125984252
20
-3.4771748818897636
11
2.615817244094488
21
-3.4812679133858269
0
LINE
8
BLACK
6
CONTINUOUS
10
2.615817244094488
20
-3.4812679133858269
11
2.6190331102362205
21
-3.4860807874015749
0
LINE
8
BLACK
6
CONTINUOUS
10
2.6190331102362205
20
-3.4860807874015749
11
2.6212482283464564
21
-3.4914285826771652
0
LINE
8
BLACK
6
CONTINUOUS
10
2.6212482283464564
20
-3.4914285826771652
11
2.6223775196850392
21
-3.4971057874015745
0
LINE
8
BLACK
6
CONTINUOUS
10
2.6223775196850392
20
-3.4971057874015745
11
2.6223775196850392
21
-3.502894212598425
0
LINE
8
BLACK
6
CONTINUOUS
10
2.6223775196850392
20
-3.502894212598425
11
2.6212482283464564
21
-3.5085714173228344
0
LINE
8
BLACK
6
CONTINUOUS
10
2.6212482283464564
20
-3.5085714173228344
11
2.6190331102362205
21
-3.5139192125984251
0
LINE
8
BLACK
6
CONTINUOUS
10
2.6190331102362205
20
-3.5139192125984251
11
2.615817244094488
21
-3.5187320866141731
0
LINE
8
BLACK
6
CONTINUOUS
10
2.615817244094488
20
-3.5187320866141731
11
2.6117242125984252
21
-3.5228251181102364
0
LINE
8
BLACK
6
CONTINUOUS
10
2.6117242125984252
20
-3.5228251181102364
11
2.6069113385826772
21
-3.5260409842519684
0
LINE
8
BLACK
6
CONTINUOUS
10
2.6069113385826772
20
-3.5260409842519684
11
2.6015635433070865
21
-3.5282561023622048
0
LINE
8
BLACK
6
CONTINUOUS
10
2.6015635433070865
20
-3.5282561023622048
11
2.5958863385826771
21
-3.5293853937007875
0
LINE
8
BLACK
6
CONTINUOUS
10
2.5958863385826771
20
-3.5293853937007875
11
2.5929921259842521
21
-3.5295275590551181
0
LINE
8
BLACK
6
CONTINUOUS
10
2.5929921259842521
20
-3.5295275590551181
11
2.5851181102362206
21
-3.5295275590551181
0
LINE
8
BLACK
6
CONTINUOUS
10
2.5851181102362206
20
-3.5295275590551181
11
2.5822238976377951
21
-3.5293853937007875
0
LINE
8
BLACK
6
CONTINUOUS
10
2.5822238976377951
20
-3.5293853937007875
11
2.5765466929133858
21
-3.5282561023622048
0
LINE
8
BLACK
6
CONTINUOUS
10
2.5765466929133858
20
-3.5282561023622048
11
2.5711988976377951
21
-3.5260409842519684
0
LINE
8
BLACK
6
CONTINUOUS
10
2.5711988976377951
20
-3.5260409842519684
11
2.566386023622047
21
-3.5228251181102364
0
LINE
8
BLACK
6
CONTINUOUS
10
2.566386023622047
20
-3.5228251181102364
11
2.5622929921259843
21
-3.5187320866141731
0
LINE
8
BLACK
6
CONTINUOUS
10
2.5622929921259843
20
-3.5187320866141731
11
2.5590771259842517
21
-3.5139192125984251
0
LINE
8
BLACK
6
CONTINUOUS
10
2.5590771259842517
20
-3.5139192125984251
11
2.5568620078740159
21
-3.5085714173228344
0
LINE
8
BLACK
6
CONTINUOUS
10
2.5568620078740159
20
-3.5085714173228344
11
2.5557327165354331
21
-3.502894212598425
0
LINE
8
BLACK
6
CONTINUOUS
10
2.5557327165354331
20
-3.502894212598425
11
2.5557327165354331
21
-3.4971057874015745
0
LINE
8
BLACK
6
CONTINUOUS
10
2.5557327165354331
20
-3.4971057874015745
11
2.5568620078740159
21
-3.4914285826771652
0
LINE
8
BLACK
6
CONTINUOUS
10
2.5568620078740159
20
-3.4914285826771652
11
2.5590771259842517
21
-3.4860807874015749
0
LINE
8
BLACK
6
CONTINUOUS
10
2.5590771259842517
20
-3.4860807874015749
11
2.5622929921259843
21
-3.4812679133858269
0
LINE
8
BLACK
6
CONTINUOUS
10
2.5622929921259843
20
-3.4812679133858269
11
2.566386023622047
21
-3.4771748818897636
0
LINE
8
BLACK
6
CONTINUOUS
10
2.566386023622047
20
-3.4771748818897636
11
2.5696409448818898
21
-3.4750000000000001
0
LINE
8
BLACK
6
CONTINUOUS
10
2.5696409448818898
20
-3.4750000000000001
11
2.566386023622047
21
-3.4728251181102361
0
LINE
8
BLACK
6
CONTINUOUS
10
2.566386023622047
20
-3.4728251181102361
11
2.5622929921259843
21
-3.4687320866141733
0
LINE
8
BLACK
6
CONTINUOUS
10
2.5622929921259843
20
-3.4687320866141733
11
2.5590771259842517
21
-3.4639192125984253
0
LINE
8
BLACK
6
CONTINUOUS
10
2.5590771259842517
20
-3.4639192125984253
11
2.5568620078740159
21
-3.4585714173228346
0
LINE
8
BLACK
6
CONTINUOUS
10
2.5568620078740159
20
-3.4585714173228346
11
2.5557327165354331
21
-3.4528942125984252
0
LINE
8
BLACK
6
CONTINUOUS
10
2.5557327165354331
20
-3.4528942125984252
11
2.5557327165354331
21
-3.4471057874015747
0
LINE
8
BLACK
6
CONTINUOUS
10
2.5557327165354331
20
-3.4471057874015747
11
2.5568620078740159
21
-3.4414285826771653
0
LINE
8
BLACK
6
CONTINUOUS
10
2.5568620078740159
20
-3.4414285826771653
11
2.5590771259842517
21
-3.4360807874015746
0
LINE
8
BLACK
6
CONTINUOUS
10
2.5590771259842517
20
-3.4360807874015746
11
2.5622929921259843
21
-3.4312679133858266
0
LINE
8
BLACK
6
CONTINUOUS
10
2.5622929921259843
20
-3.4312679133858266
11
2.566386023622047
21
-3.4271748818897638
0
LINE
8
BLACK
6
CONTINUOUS
10
2.566386023622047
20
-3.4271748818897638
11
2.5711988976377951
21
-3.4239590157480313
0
LINE
8
BLACK
6
CONTINUOUS
10
2.5711988976377951
20
-3.4239590157480313
11
2.5765466929133858
21
-3.4217438976377954
0
LINE
8
BLACK
6
CONTINUOUS
10
2.5765466929133858
20
-3.4217438976377954
11
2.5822238976377951
21
-3.4206146062992127
0
LINE
8
BLACK
6
CONTINUOUS
10
2.5822238976377951
20
-3.4206146062992127
11
2.5851181102362206
21
-3.4204724409448817
0
LINE
8
BLACK
6
CONTINUOUS
10
2.5851181102362206
20
-3.4204724409448817
11
2.5929921259842521
21
-3.4204724409448817
0
LINE
8
BLACK
6
CONTINUOUS
10
2.5929921259842521
20
-3.4204724409448817
11
2.5958863385826771
21
-3.4206146062992127
0
LINE
8
BLACK
6
CONTINUOUS
10
3.4960081496062991
20
-3.4358101181102363
11
3.5003981889763778
21
-3.438046968503937
0
LINE
8
BLACK
6
CONTINUOUS
10
3.5003981889763778
20
-3.438046968503937
11
3.5038821653543306
21
-3.4415309448818898
0
LINE
8
BLACK
6
CONTINUOUS
10
3.5038821653543306
20
-3.4415309448818898
11
3.5061190157480313
21
-3.4459209842519685
0
LINE
8
BLACK
6
CONTINUOUS
10
3.5061190157480313
20
-3.4459209842519685
11
3.5068897637795273
21
-3.4507874015748032
0
LINE
8
BLACK
6
CONTINUOUS
10
3.5068897637795273
20
-3.4507874015748032
11
3.5068897637795273
21
-3.4665354330708662
0
LINE
8
BLACK
6
CONTINUOUS
10
3.5068897637795273
20
-3.4665354330708662
11
3.5061190157480313
21
-3.4714018503937005
0
LINE
8
BLACK
6
CONTINUOUS
10
3.5061190157480313
20
-3.4714018503937005
11
3.5038821653543306
21
-3.4757918897637796
0
LINE
8
BLACK
6
CONTINUOUS
10
3.5038821653543306
20
-3.4757918897637796
11
3.5003981889763778
21
-3.479275866141732
0
LINE
8
BLACK
6
CONTINUOUS
10
3.5003981889763778
20
-3.479275866141732
11
3.4960081496062991
21
-3.4815127165354331
0
LINE
8
BLACK
6
CONTINUOUS
10
3.4960081496062991
20
-3.4815127165354331
11
3.4911417322834644
21
-3.4822834645669292
0
LINE
8
BLACK
6
CONTINUOUS
10
3.4911417322834644
20
-3.4822834645669292
11
3.4694881889763778
21
-3.4822834645669292
0
LINE
8
BLACK
6
CONTINUOUS
10
3.4694881889763778
20
-3.4822834645669292
11
3.464621771653543
21
-3.4815127165354331
0
LINE
8
BLACK
6
CONTINUOUS
10
3.464621771653543
20
-3.4815127165354331
11
3.4602317322834644
21
-3.479275866141732
0
LINE
8
BLACK
6
CONTINUOUS
10
3.4602317322834644
20
-3.479275866141732
11
3.4567477559055115
21
-3.4757918897637796
0
LINE
8
BLACK
6
CONTINUOUS
10
3.4567477559055115
20
-3.4757918897637796
11
3.4545109055118108
21
-3.4714018503937005
0
LINE
8
BLACK
6
CONTINUOUS
10
3.4545109055118108
20
-3.4714018503937005
11
3.4537401574803148
21
-3.4665354330708662
0
LINE
8
BLACK
6
CONTINUOUS
10
3.4537401574803148
20
-3.4665354330708662
11
3.4537401574803148
21
-3.4507874015748032
0
LINE
8
BLACK
6
CONTINUOUS
10
3.4537401574803148
20
-3.4507874015748032
11
3.4545109055118108
21
-3.4459209842519685
0
LINE
8
BLACK
6
CONTINUOUS
10
3.4545109055118108
20
-3.4459209842519685
11
3.4567477559055115
21
-3.4415309448818898
0
LINE
8
BLACK
6
CONTINUOUS
10
3.4567477559055115
20
-3.4415309448818898
11
3.4602317322834644
21
-3.438046968503937
0
LINE
8
BLACK
6
CONTINUOUS
10
3.4602317322834644
20
-3.438046968503937
11
3.464621771653543
21
-3.4358101181102363
0
LINE
8
BLACK
6
CONTINUOUS
10
3.464621771653543
20
-3.4358101181102363
11
3.4694881889763778
21
-3.4350393700787403
0
LINE
8
BLACK
6
CONTINUOUS
10
3.4694881889763778
20
-3.4350393700787403
11
3.4911417322834644
21
-3.4350393700787403
0
LINE
8
BLACK
6
CONTINUOUS
10
3.4911417322834644
20
-3.4350393700787403
11
3.4960081496062991
21
-3.4358101181102363
0
LINE
8
BLACK
6
CONTINUOUS
10
3.5830132677165354
20
-3.3927253543307088
11
3.5855677559055117
21
-3.3944322440944883
0
LINE
8
BLACK
6
CONTINUOUS
10
3.5855677559055117
20
-3.3944322440944883
11
3.5872746456692912
21
-3.3969867322834646
0
LINE
8
BLACK
6
CONTINUOUS
10
3.5872746456692912
20
-3.3969867322834646
11
3.5878740157480316
21
-3.3999999999999999
0
LINE
8
BLACK
6
CONTINUOUS
10
3.5878740157480316
20
-3.3999999999999999
11
3.5878740157480316
21
-3.46
0
LINE
8
BLACK
6
CONTINUOUS
10
3.5878740157480316
20
-3.46
11
3.5872746456692912
21
-3.4630132677165353
0
LINE
8
BLACK
6
CONTINUOUS
10
3.5872746456692912
20
-3.4630132677165353
11
3.5855677559055117
21
-3.4655677559055116
0
LINE
8
BLACK
6
CONTINUOUS
10
3.5855677559055117
20
-3.4655677559055116
11
3.5830132677165354
21
-3.4672746456692911
0
LINE
8
BLACK
6
CONTINUOUS
10
3.5830132677165354
20
-3.4672746456692911
11
3.5800000000000001
21
-3.4678740157480314
0
LINE
8
BLACK
6
CONTINUOUS
10
3.5800000000000001
20
-3.4678740157480314
11
3.52
21
-3.4678740157480314
0
LINE
8
BLACK
6
CONTINUOUS
10
3.52
20
-3.4678740157480314
11
3.5169867322834647
21
-3.4672746456692911
0
LINE
8
BLACK
6
CONTINUOUS
10
3.5169867322834647
20
-3.4672746456692911
11
3.514432244094488
21
-3.4655677559055116
0
LINE
8
BLACK
6
CONTINUOUS
10
3.514432244094488
20
-3.4655677559055116
11
3.5127253543307084
21
-3.4630132677165353
0
LINE
8
BLACK
6
CONTINUOUS
10
3.5127253543307084
20
-3.4630132677165353
11
3.5121259842519685
21
-3.46
0
LINE
8
BLACK
6
CONTINUOUS
10
3.5121259842519685
20
-3.46
11
3.5121259842519685
21
-3.3999999999999999
0
LINE
8
BLACK
6
CONTINUOUS
10
3.5121259842519685
20
-3.3999999999999999
11
3.5127253543307084
21
-3.3969867322834646
0
LINE
8
BLACK
6
CONTINUOUS
10
3.5127253543307084
20
-3.3969867322834646
11
3.514432244094488
21
-3.3944322440944883
0
LINE
8
BLACK
6
CONTINUOUS
10
3.514432244094488
20
-3.3944322440944883
11
3.5169867322834647
21
-3.3927253543307088
0
LINE
8
BLACK
6
CONTINUOUS
10
3.5169867322834647
20
-3.3927253543307088
11
3.52
21
-3.3921259842519684
0
LINE
8
BLACK
6
CONTINUOUS
10
3.52
20
-3.3921259842519684
11
3.5800000000000001
21
-3.3921259842519684
0
LINE
8
BLACK
6
CONTINUOUS
10
3.5800000000000001
20
-3.3921259842519684
11
3.5830132677165354
21
-3.3927253543307088
0
LINE
8
BLACK
6
CONTINUOUS
10
3.6830132677165355
20
-3.3927253543307088
11
3.6855677559055118
21
-3.3944322440944883
0
LINE
8
BLACK
6
CONTINUOUS
10
3.6855677559055118
20
-3.3944322440944883
11
3.6872746456692913
21
-3.3969867322834646
0
LINE
8
BLACK
6
CONTINUOUS
10
3.6872746456692913
20
-3.3969867322834646
11
3.6878740157480312
21
-3.3999999999999999
0
LINE
8
BLACK
6
CONTINUOUS
10
3.6878740157480312
20
-3.3999999999999999
11
3.6878740157480312
21
-3.46
0
LINE
8
BLACK
6
CONTINUOUS
10
3.6878740157480312
20
-3.46
11
3.6872746456692913
21
-3.4630132677165353
0
LINE
8
BLACK
6
CONTINUOUS
10
3.6872746456692913
20
-3.4630132677165353
11
3.6855677559055118
21
-3.4655677559055116
0
LINE
8
BLACK
6
CONTINUOUS
10
3.6855677559055118
20
-3.4655677559055116
11
3.6830132677165355
21
-3.4672746456692911
0
LINE
8
BLACK
6
CONTINUOUS
10
3.6830132677165355
20
-3.4672746456692911
11
3.6799999999999997
21
-3.4678740157480314
0
LINE
8
BLACK
6
CONTINUOUS
10
3.6799999999999997
20
-3.4678740157480314
11
3.6200000000000001
21
-3.4678740157480314
0
LINE
8
BLACK
6
CONTINUOUS
10
3.6200000000000001
20
-3.4678740157480314
11
3.6169867322834643
21
-3.4672746456692911
0
LINE
8
BLACK
6
CONTINUOUS
10
3.6169867322834643
20
-3.4672746456692911
11
3.614432244094488
21
-3.4655677559055116
0
LINE
8
BLACK
6
CONTINUOUS
10
3.614432244094488
20
-3.4655677559055116
11
3.6127253543307085
21
-3.4630132677165353
0
LINE
8
BLACK
6
CONTINUOUS
10
3.6127253543307085
20
-3.4630132677165353
11
3.6121259842519686
21
-3.46
0
LINE
8
BLACK
6
CONTINUOUS
10
3.6121259842519686
20
-3.46
11
3.6121259842519686
21
-3.3999999999999999
0
LINE
8
BLACK
6
CONTINUOUS
10
3.6121259842519686
20
-3.3999999999999999
11
3.6127253543307085
21
-3.3969867322834646
0
LINE
8
BLACK
6
CONTINUOUS
10
3.6127253543307085
20
-3.3969867322834646
11
3.614432244094488
21
-3.3944322440944883
0
LINE
8
BLACK
6
CONTINUOUS
10
3.614432244094488
20
-3.3944322440944883
11
3.6169867322834643
21
-3.3927253543307088
0
LINE
8
BLACK
6
CONTINUOUS
10
3.6169867322834643
20
-3.3927253543307088
11
3.6200000000000001
21
-3.3921259842519684
0
LINE
8
BLACK
6
CONTINUOUS
10
3.6200000000000001
20
-3.3921259842519684
11
3.6799999999999997
21
-3.3921259842519684
0
LINE
8
BLACK
6
CONTINUOUS
10
3.6799999999999997
20
-3.3921259842519684
11
3.6830132677165355
21
-3.3927253543307088
0
LINE
8
BLACK
6
CONTINUOUS
10
2.536831220472441
20
-3.3706146062992124
11
2.5425084251968504
21
-3.3717438976377951
0
LINE
8
BLACK
6
CONTINUOUS
10
2.5425084251968504
20
-3.3717438976377951
11
2.5478562204724411
21
-3.3739590157480315
0
LINE
8
BLACK
6
CONTINUOUS
10
2.5478562204724411
20
-3.3739590157480315
11
2.5526690944881891
21
-3.3771748818897636
0
LINE
8
BLACK
6
CONTINUOUS
10
2.5526690944881891
20
-3.3771748818897636
11
2.5567621259842519
21
-3.3812679133858268
0
LINE
8
BLACK
6
CONTINUOUS
10
2.5567621259842519
20
-3.3812679133858268
11
2.559977992125984
21
-3.3860807874015748
0
LINE
8
BLACK
6
CONTINUOUS
10
2.559977992125984
20
-3.3860807874015748
11
2.5621931102362203
21
-3.3914285826771651
0
LINE
8
BLACK
6
CONTINUOUS
10
2.5621931102362203
20
-3.3914285826771651
11
2.5633224015748031
21
-3.3971057874015749
0
LINE
8
BLACK
6
CONTINUOUS
10
2.5633224015748031
20
-3.3971057874015749
11
2.5633224015748031
21
-3.402894212598425
0
LINE
8
BLACK
6
CONTINUOUS
10
2.5633224015748031
20
-3.402894212598425
11
2.5621931102362203
21
-3.4085714173228348
0
LINE
8
BLACK
6
CONTINUOUS
10
2.5621931102362203
20
-3.4085714173228348
11
2.559977992125984
21
-3.413919212598425
0
LINE
8
BLACK
6
CONTINUOUS
10
2.559977992125984
20
-3.413919212598425
11
2.5567621259842519
21
-3.418732086614173
0
LINE
8
BLACK
6
CONTINUOUS
10
2.5567621259842519
20
-3.418732086614173
11
2.5526690944881891
21
-3.4228251181102363
0
LINE
8
BLACK
6
CONTINUOUS
10
2.5526690944881891
20
-3.4228251181102363
11
2.5478562204724411
21
-3.4260409842519683
0
LINE
8
BLACK
6
CONTINUOUS
10
2.5478562204724411
20
-3.4260409842519683
11
2.5425084251968504
21
-3.4282561023622047
0
LINE
8
BLACK
6
CONTINUOUS
10
2.5425084251968504
20
-3.4282561023622047
11
2.536831220472441
21
-3.4293853937007874
0
LINE
8
BLACK
6
CONTINUOUS
10
2.536831220472441
20
-3.4293853937007874
11
2.5339370078740155
21
-3.429527559055118
0
LINE
8
BLACK
6
CONTINUOUS
10
2.5339370078740155
20
-3.429527559055118
11
2.5260629921259841
21
-3.429527559055118
0
LINE
8
BLACK
6
CONTINUOUS
10
2.5260629921259841
20
-3.429527559055118
11
2.523168779527559
21
-3.4293853937007874
0
LINE
8
BLACK
6
CONTINUOUS
10
2.523168779527559
20
-3.4293853937007874
11
2.5174915748031497
21
-3.4282561023622047
0
LINE
8
BLACK
6
CONTINUOUS
10
2.5174915748031497
20
-3.4282561023622047
11
2.512143779527559
21
-3.4260409842519683
0
LINE
8
BLACK
6
CONTINUOUS
10
2.512143779527559
20
-3.4260409842519683
11
2.5073309055118109
21
-3.4228251181102363
0
LINE
8
BLACK
6
CONTINUOUS
10
2.5073309055118109
20
-3.4228251181102363
11
2.5032378740157482
21
-3.418732086614173
0
LINE
8
BLACK
6
CONTINUOUS
10
2.5032378740157482
20
-3.418732086614173
11
2.5000220078740156
21
-3.413919212598425
0
LINE
8
BLACK
6
CONTINUOUS
10
2.5000220078740156
20
-3.413919212598425
11
2.4978068897637793
21
-3.4085714173228348
0
LINE
8
BLACK
6
CONTINUOUS
10
2.4978068897637793
20
-3.4085714173228348
11
2.496677598425197
21
-3.402894212598425
0
LINE
8
BLACK
6
CONTINUOUS
10
2.496677598425197
20
-3.402894212598425
11
2.496677598425197
21
-3.3971057874015749
0
LINE
8
BLACK
6
CONTINUOUS
10
2.496677598425197
20
-3.3971057874015749
11
2.4978068897637793
21
-3.3914285826771651
0
LINE
8
BLACK
6
CONTINUOUS
10
2.4978068897637793
20
-3.3914285826771651
11
2.5000220078740156
21
-3.3860807874015748
0
LINE
8
BLACK
6
CONTINUOUS
10
2.5000220078740156
20
-3.3860807874015748
11
2.5032378740157482
21
-3.3812679133858268
0
LINE
8
BLACK
6
CONTINUOUS
10
2.5032378740157482
20
-3.3812679133858268
11
2.5073309055118109
21
-3.3771748818897636
0
LINE
8
BLACK
6
CONTINUOUS
10
2.5073309055118109
20
-3.3771748818897636
11
2.512143779527559
21
-3.3739590157480315
0
LINE
8
BLACK
6
CONTINUOUS
10
2.512143779527559
20
-3.3739590157480315
11
2.5174915748031497
21
-3.3717438976377951
0
LINE
8
BLACK
6
CONTINUOUS
10
2.5174915748031497
20
-3.3717438976377951
11
2.523168779527559
21
-3.3706146062992124
0
LINE
8
BLACK
6
CONTINUOUS
10
2.523168779527559
20
-3.3706146062992124
11
2.5260629921259841
21
-3.3704724409448819
0
LINE
8
BLACK
6
CONTINUOUS
10
2.5260629921259841
20
-3.3704724409448819
11
2.5339370078740155
21
-3.3704724409448819
0
LINE
8
BLACK
6
CONTINUOUS
10
2.5339370078740155
20
-3.3704724409448819
11
2.536831220472441
21
-3.3706146062992124
0
LINE
8
BLACK
6
CONTINUOUS
10
3.4960081496062991
20
-3.3826605118110233
11
3.5003981889763778
21
-3.3848973622047245
0
LINE
8
BLACK
6
CONTINUOUS
10
3.5003981889763778
20
-3.3848973622047245
11
3.5038821653543306
21
-3.3883813385826769
0
LINE
8
BLACK
6
CONTINUOUS
10
3.5038821653543306
20
-3.3883813385826769
11
3.5061190157480313
21
-3.392771377952756
0
LINE
8
BLACK
6
CONTINUOUS
10
3.5061190157480313
20
-3.392771377952756
11
3.5068897637795273
21
-3.3976377952755903
0
LINE
8
BLACK
6
CONTINUOUS
10
3.5068897637795273
20
-3.3976377952755903
11
3.5068897637795273
21
-3.4133858267716533
0
LINE
8
BLACK
6
CONTINUOUS
10
3.5068897637795273
20
-3.4133858267716533
11
3.5061190157480313
21
-3.418252244094488
0
LINE
8
BLACK
6
CONTINUOUS
10
3.5061190157480313
20
-3.418252244094488
11
3.5038821653543306
21
-3.4226422834645667
0
LINE
8
BLACK
6
CONTINUOUS
10
3.5038821653543306
20
-3.4226422834645667
11
3.5003981889763778
21
-3.4261262598425195
0
LINE
8
BLACK
6
CONTINUOUS
10
3.5003981889763778
20
-3.4261262598425195
11
3.4960081496062991
21
-3.4283631102362202
0
LINE
8
BLACK
6
CONTINUOUS
10
3.4960081496062991
20
-3.4283631102362202
11
3.4911417322834644
21
-3.4291338582677167
0
LINE
8
BLACK
6
CONTINUOUS
10
3.4911417322834644
20
-3.4291338582677167
11
3.4694881889763778
21
-3.4291338582677167
0
LINE
8
BLACK
6
CONTINUOUS
10
3.4694881889763778
20
-3.4291338582677167
11
3.464621771653543
21
-3.4283631102362202
0
LINE
8
BLACK
6
CONTINUOUS
10
3.464621771653543
20
-3.4283631102362202
11
3.4602317322834644
21
-3.4261262598425195
0
LINE
8
BLACK
6
CONTINUOUS
10
3.4602317322834644
20
-3.4261262598425195
11
3.4567477559055115
21
-3.4226422834645667
0
LINE
8
BLACK
6
CONTINUOUS
10
3.4567477559055115
20
-3.4226422834645667
11
3.4545109055118108
21
-3.418252244094488
0
LINE
8
BLACK
6
CONTINUOUS
10
3.4545109055118108
20
-3.418252244094488
11
3.4537401574803148
21
-3.4133858267716533
0
LINE
8
BLACK
6
CONTINUOUS
10
3.4537401574803148
20
-3.4133858267716533
11
3.4537401574803148
21
-3.3976377952755903
0
LINE
8
BLACK
6
CONTINUOUS
10
3.4537401574803148
20
-3.3976377952755903
11
3.4545109055118108
21
-3.392771377952756
0
LINE
8
BLACK
6
CONTINUOUS
10
3.4545109055118108
20
-3.392771377952756
11
3.4567477559055115
21
-3.3883813385826769
0
LINE
8
BLACK
6
CONTINUOUS
10
3.4567477559055115
20
-3.3883813385826769
11
3.4602317322834644
21
-3.3848973622047245
0
LINE
8
BLACK
6
CONTINUOUS
10
3.4602317322834644
20
-3.3848973622047245
11
3.464621771653543
21
-3.3826605118110233
0
LINE
8
BLACK
6
CONTINUOUS
10
3.464621771653543
20
-3.3826605118110233
11
3.4694881889763778
21
-3.3818897637795273
0
LINE
8
BLACK
6
CONTINUOUS
10
3.4694881889763778
20
-3.3818897637795273
11
3.4911417322834644
21
-3.3818897637795273
0
LINE
8
BLACK
6
CONTINUOUS
10
3.4911417322834644
20
-3.3818897637795273
11
3.4960081496062991
21
-3.3826605118110233
0
LINE
8
BLACK
6
CONTINUOUS
10
3.5830132677165354
20
-3.2927253543307087
11
3.5855677559055117
21
-3.2944322440944882
0
LINE
8
BLACK
6
CONTINUOUS
10
3.5855677559055117
20
-3.2944322440944882
11
3.5872746456692912
21
-3.2969867322834645
0
LINE
8
BLACK
6
CONTINUOUS
10
3.5872746456692912
20
-3.2969867322834645
11
3.5878740157480316
21
-3.2999999999999998
0
LINE
8
BLACK
6
CONTINUOUS
10
3.5878740157480316
20
-3.2999999999999998
11
3.5878740157480316
21
-3.3599999999999999
0
LINE
8
BLACK
6
CONTINUOUS
10
3.5878740157480316
20
-3.3599999999999999
11
3.5872746456692912
21
-3.3630132677165352
0
LINE
8
BLACK
6
CONTINUOUS
10
3.5872746456692912
20
-3.3630132677165352
11
3.5855677559055117
21
-3.3655677559055119
0
LINE
8
BLACK
6
CONTINUOUS
10
3.5855677559055117
20
-3.3655677559055119
11
3.5830132677165354
21
-3.3672746456692915
0
LINE
8
BLACK
6
CONTINUOUS
10
3.5830132677165354
20
-3.3672746456692915
11
3.5800000000000001
21
-3.3678740157480314
0
LINE
8
BLACK
6
CONTINUOUS
10
3.5800000000000001
20
-3.3678740157480314
11
3.52
21
-3.3678740157480314
0
LINE
8
BLACK
6
CONTINUOUS
10
3.52
20
-3.3678740157480314
11
3.5169867322834647
21
-3.3672746456692915
0
LINE
8
BLACK
6
CONTINUOUS
10
3.5169867322834647
20
-3.3672746456692915
11
3.514432244094488
21
-3.3655677559055119
0
LINE
8
BLACK
6
CONTINUOUS
10
3.514432244094488
20
-3.3655677559055119
11
3.5127253543307084
21
-3.3630132677165352
0
LINE
8
BLACK
6
CONTINUOUS
10
3.5127253543307084
20
-3.3630132677165352
11
3.5121259842519685
21
-3.3599999999999999
0
LINE
8
BLACK
6
CONTINUOUS
10
3.5121259842519685
20
-3.3599999999999999
11
3.5121259842519685
21
-3.2999999999999998
0
LINE
8
BLACK
6
CONTINUOUS
10
3.5121259842519685
20
-3.2999999999999998
11
3.5127253543307084
21
-3.2969867322834645
0
LINE
8
BLACK
6
CONTINUOUS
10
3.5127253543307084
20
-3.2969867322834645
11
3.514432244094488
21
-3.2944322440944882
0
LINE
8
BLACK
6
CONTINUOUS
10
3.514432244094488
20
-3.2944322440944882
11
3.5169867322834647
21
-3.2927253543307087
0
LINE
8
BLACK
6
CONTINUOUS
10
3.5169867322834647
20
-3.2927253543307087
11
3.52
21
-3.2921259842519683
0
LINE
8
BLACK
6
CONTINUOUS
10
3.52
20
-3.2921259842519683
11
3.5800000000000001
21
-3.2921259842519683
0
LINE
8
BLACK
6
CONTINUOUS
10
3.5800000000000001
20
-3.2921259842519683
11
3.5830132677165354
21
-3.2927253543307087
0
LINE
8
BLACK
6
CONTINUOUS
10
3.6830132677165355
20
-3.2927253543307087
11
3.6855677559055118
21
-3.2944322440944882
0
LINE
8
BLACK
6
CONTINUOUS
10
3.6855677559055118
20
-3.2944322440944882
11
3.6872746456692913
21
-3.2969867322834645
0
LINE
8
BLACK
6
CONTINUOUS
10
3.6872746456692913
20
-3.2969867322834645
11
3.6878740157480312
21
-3.2999999999999998
0
LINE
8
BLACK
6
CONTINUOUS
10
3.6878740157480312
20
-3.2999999999999998
11
3.6878740157480312
21
-3.3599999999999999
0
LINE
8
BLACK
6
CONTINUOUS
10
3.6878740157480312
20
-3.3599999999999999
11
3.6872746456692913
21
-3.3630132677165352
0
LINE
8
BLACK
6
CONTINUOUS
10
3.6872746456692913
20
-3.3630132677165352
11
3.6855677559055118
21
-3.3655677559055119
0
LINE
8
BLACK
6
CONTINUOUS
10
3.6855677559055118
20
-3.3655677559055119
11
3.6830132677165355
21
-3.3672746456692915
0
LINE
8
BLACK
6
CONTINUOUS
10
3.6830132677165355
20
-3.3672746456692915
11
3.6799999999999997
21
-3.3678740157480314
0
LINE
8
BLACK
6
CONTINUOUS
10
3.6799999999999997
20
-3.3678740157480314
11
3.6200000000000001
21
-3.3678740157480314
0
LINE
8
BLACK
6
CONTINUOUS
10
3.6200000000000001
20
-3.3678740157480314
11
3.6169867322834643
21
-3.3672746456692915
0
LINE
8
BLACK
6
CONTINUOUS
10
3.6169867322834643
20
-3.3672746456692915
11
3.614432244094488
21
-3.3655677559055119
0
LINE
8
BLACK
6
CONTINUOUS
10
3.614432244094488
20
-3.3655677559055119
11
3.6127253543307085
21
-3.3630132677165352
0
LINE
8
BLACK
6
CONTINUOUS
10
3.6127253543307085
20
-3.3630132677165352
11
3.6121259842519686
21
-3.3599999999999999
0
LINE
8
BLACK
6
CONTINUOUS
10
3.6121259842519686
20
-3.3599999999999999
11
3.6121259842519686
21
-3.2999999999999998
0
LINE
8
BLACK
6
CONTINUOUS
10
3.6121259842519686
20
-3.2999999999999998
11
3.6127253543307085
21
-3.2969867322834645
0
LINE
8
BLACK
6
CONTINUOUS
10
3.6127253543307085
20
-3.2969867322834645
11
3.614432244094488
21
-3.2944322440944882
0
LINE
8
BLACK
6
CONTINUOUS
10
3.614432244094488
20
-3.2944322440944882
11
3.6169867322834643
21
-3.2927253543307087
0
LINE
8
BLACK
6
CONTINUOUS
10
3.6169867322834643
20
-3.2927253543307087
11
3.6200000000000001
21
-3.2921259842519683
0
LINE
8
BLACK
6
CONTINUOUS
10
3.6200000000000001
20
-3.2921259842519683
11
3.6799999999999997
21
-3.2921259842519683
0
LINE
8
BLACK
6
CONTINUOUS
10
3.6799999999999997
20
-3.2921259842519683
11
3.6830132677165355
21
-3.2927253543307087
0
LINE
8
BLACK
6
CONTINUOUS
10
3.4960081496062991
20
-3.3176998818897636
11
3.5003981889763778
21
-3.3199367322834643
0
LINE
8
BLACK
6
CONTINUOUS
10
3.5003981889763778
20
-3.3199367322834643
11
3.5038821653543306
21
-3.3234207086614171
0
LINE
8
BLACK
6
CONTINUOUS
10
3.5038821653543306
20
-3.3234207086614171
11
3.5061190157480313
21
-3.3278107480314958
0
LINE
8
BLACK
6
CONTINUOUS
10
3.5061190157480313
20
-3.3278107480314958
11
3.5068897637795273
21
-3.3326771653543306
0
LINE
8
BLACK
6
CONTINUOUS
10
3.5068897637795273
20
-3.3326771653543306
11
3.5068897637795273
21
-3.3484251968503935
0
LINE
8
BLACK
6
CONTINUOUS
10
3.5068897637795273
20
-3.3484251968503935
11
3.5061190157480313
21
-3.3532916141732283
0
LINE
8
BLACK
6
CONTINUOUS
10
3.5061190157480313
20
-3.3532916141732283
11
3.5038821653543306
21
-3.3576816535433069
0
LINE
8
BLACK
6
CONTINUOUS
10
3.5038821653543306
20
-3.3576816535433069
11
3.5003981889763778
21
-3.3611656299212598
0
LINE
8
BLACK
6
CONTINUOUS
10
3.5003981889763778
20
-3.3611656299212598
11
3.4960081496062991
21
-3.3634024803149605
0
LINE
8
BLACK
6
CONTINUOUS
10
3.4960081496062991
20
-3.3634024803149605
11
3.4911417322834644
21
-3.3641732283464565
0
LINE
8
BLACK
6
CONTINUOUS
10
3.4911417322834644
20
-3.3641732283464565
11
3.4694881889763778
21
-3.3641732283464565
0
LINE
8
BLACK
6
CONTINUOUS
10
3.4694881889763778
20
-3.3641732283464565
11
3.464621771653543
21
-3.3634024803149605
0
LINE
8
BLACK
6
CONTINUOUS
10
3.464621771653543
20
-3.3634024803149605
11
3.4602317322834644
21
-3.3611656299212598
0
LINE
8
BLACK
6
CONTINUOUS
10
3.4602317322834644
20
-3.3611656299212598
11
3.4567477559055115
21
-3.3576816535433069
0
LINE
8
BLACK
6
CONTINUOUS
10
3.4567477559055115
20
-3.3576816535433069
11
3.4545109055118108
21
-3.3532916141732283
0
LINE
8
BLACK
6
CONTINUOUS
10
3.4545109055118108
20
-3.3532916141732283
11
3.4537401574803148
21
-3.3484251968503935
0
LINE
8
BLACK
6
CONTINUOUS
10
3.4537401574803148
20
-3.3484251968503935
11
3.4537401574803148
21
-3.3326771653543306
0
LINE
8
BLACK
6
CONTINUOUS
10
3.4537401574803148
20
-3.3326771653543306
11
3.4545109055118108
21
-3.3278107480314958
0
LINE
8
BLACK
6
CONTINUOUS
10
3.4545109055118108
20
-3.3278107480314958
11
3.4567477559055115
21
-3.3234207086614171
0
LINE
8
BLACK
6
CONTINUOUS
10
3.4567477559055115
20
-3.3234207086614171
11
3.4602317322834644
21
-3.3199367322834643
0
LINE
8
BLACK
6
CONTINUOUS
10
3.4602317322834644
20
-3.3199367322834643
11
3.464621771653543
21
-3.3176998818897636
0
LINE
8
BLACK
6
CONTINUOUS
10
3.464621771653543
20
-3.3176998818897636
11
3.4694881889763778
21
-3.3169291338582676
0
LINE
8
BLACK
6
CONTINUOUS
10
3.4694881889763778
20
-3.3169291338582676
11
3.4911417322834644
21
-3.3169291338582676
0
LINE
8
BLACK
6
CONTINUOUS
10
3.4911417322834644
20
-3.3169291338582676
11
3.4960081496062991
21
-3.3176998818897636
0
LINE
8
BLACK
6
CONTINUOUS
10
2.6417518110236218
20
-3.2362229921259842
11
2.6502712992125983
21
-3.2389911417322832
0
LINE
8
BLACK
6
CONTINUOUS
10
2.6502712992125983
20
-3.2389911417322832
11
2.6582528740157478
21
-3.2430579527559056
0
LINE
8
BLACK
6
CONTINUOUS
10
2.6582528740157478
20
-3.2430579527559056
11
2.6654999999999998
21
-3.2483232677165352
0
LINE
8
BLACK
6
CONTINUOUS
10
2.6654999999999998
20
-3.2483232677165352
11
2.6718342125984251
21
-3.2546574803149606
0
LINE
8
BLACK
6
CONTINUOUS
10
2.6718342125984251
20
-3.2546574803149606
11
2.6770995275590552
21
-3.2619046062992125
0
LINE
8
BLACK
6
CONTINUOUS
10
2.6770995275590552
20
-3.2619046062992125
11
2.6811663385826772
21
-3.2698861811023621
0
LINE
8
BLACK
6
CONTINUOUS
10
2.6811663385826772
20
-3.2698861811023621
11
2.6839344881889762
21
-3.2784056692913386
0
LINE
8
BLACK
6
CONTINUOUS
10
2.6839344881889762
20
-3.2784056692913386
11
2.6853358267716536
21
-3.2872533070866141
0
LINE
8
BLACK
6
CONTINUOUS
10
2.6853358267716536
20
-3.2872533070866141
11
2.6853358267716536
21
-3.2962112598425195
0
LINE
8
BLACK
6
CONTINUOUS
10
2.6853358267716536
20
-3.2962112598425195
11
2.6839344881889762
21
-3.305058897637795
0
LINE
8
BLACK
6
CONTINUOUS
10
2.6839344881889762
20
-3.305058897637795
11
2.6811663385826772
21
-3.3135783858267716
0
LINE
8
BLACK
6
CONTINUOUS
10
2.6811663385826772
20
-3.3135783858267716
11
2.6770995275590552
21
-3.3215599606299211
0
LINE
8
BLACK
6
CONTINUOUS
10
2.6770995275590552
20
-3.3215599606299211
11
2.6718342125984251
21
-3.328807086614173
0
LINE
8
BLACK
6
CONTINUOUS
10
2.6718342125984251
20
-3.328807086614173
11
2.6654999999999998
21
-3.3351412992125984
0
LINE
8
BLACK
6
CONTINUOUS
10
2.6654999999999998
20
-3.3351412992125984
11
2.6582528740157478
21
-3.3404066141732285
0
LINE
8
BLACK
6
CONTINUOUS
10
2.6582528740157478
20
-3.3404066141732285
11
2.6502712992125983
21
-3.3444734251968504
0
LINE
8
BLACK
6
CONTINUOUS
10
2.6502712992125983
20
-3.3444734251968504
11
2.6417518110236218
21
-3.3472415748031494
0
LINE
8
BLACK
6
CONTINUOUS
10
2.6417518110236218
20
-3.3472415748031494
11
2.6329041732283462
21
-3.3486429133858269
0
LINE
8
BLACK
6
CONTINUOUS
10
2.6329041732283462
20
-3.3486429133858269
11
2.6239462204724409
21
-3.3486429133858269
0
LINE
8
BLACK
6
CONTINUOUS
10
2.6239462204724409
20
-3.3486429133858269
11
2.6150985826771653
21
-3.3472415748031494
0
LINE
8
BLACK
6
CONTINUOUS
10
2.6150985826771653
20
-3.3472415748031494
11
2.6065790944881888
21
-3.3444734251968504
0
LINE
8
BLACK
6
CONTINUOUS
10
2.6065790944881888
20
-3.3444734251968504
11
2.5985975196850393
21
-3.3404066141732285
0
LINE
8
BLACK
6
CONTINUOUS
10
2.5985975196850393
20
-3.3404066141732285
11
2.5913503937007873
21
-3.3351412992125984
0
LINE
8
BLACK
6
CONTINUOUS
10
2.5913503937007873
20
-3.3351412992125984
11
2.585016181102362
21
-3.328807086614173
0
LINE
8
BLACK
6
CONTINUOUS
10
2.585016181102362
20
-3.328807086614173
11
2.5797508661417323
21
-3.3215599606299211
0
LINE
8
BLACK
6
CONTINUOUS
10
2.5797508661417323
20
-3.3215599606299211
11
2.5756840551181104
21
-3.3135783858267716
0
LINE
8
BLACK
6
CONTINUOUS
10
2.5756840551181104
20
-3.3135783858267716
11
2.5729159055118109
21
-3.305058897637795
0
LINE
8
BLACK
6
CONTINUOUS
10
2.5729159055118109
20
-3.305058897637795
11
2.5715145669291339
21
-3.2962112598425195
0
LINE
8
BLACK
6
CONTINUOUS
10
2.5715145669291339
20
-3.2962112598425195
11
2.5715145669291339
21
-3.2872533070866141
0
LINE
8
BLACK
6
CONTINUOUS
10
2.5715145669291339
20
-3.2872533070866141
11
2.5729159055118109
21
-3.2784056692913386
0
LINE
8
BLACK
6
CONTINUOUS
10
2.5729159055118109
20
-3.2784056692913386
11
2.5756840551181104
21
-3.2698861811023621
0
LINE
8
BLACK
6
CONTINUOUS
10
2.5756840551181104
20
-3.2698861811023621
11
2.5797508661417323
21
-3.2619046062992125
0
LINE
8
BLACK
6
CONTINUOUS
10
2.5797508661417323
20
-3.2619046062992125
11
2.585016181102362
21
-3.2546574803149606
0
LINE
8
BLACK
6
CONTINUOUS
10
2.585016181102362
20
-3.2546574803149606
11
2.5913503937007873
21
-3.2483232677165352
0
LINE
8
BLACK
6
CONTINUOUS
10
2.5913503937007873
20
-3.2483232677165352
11
2.5985975196850393
21
-3.2430579527559056
0
LINE
8
BLACK
6
CONTINUOUS
10
2.5985975196850393
20
-3.2430579527559056
11
2.6065790944881888
21
-3.2389911417322832
0
LINE
8
BLACK
6
CONTINUOUS
10
2.6065790944881888
20
-3.2389911417322832
11
2.6150985826771653
21
-3.2362229921259842
0
LINE
8
BLACK
6
CONTINUOUS
10
2.6150985826771653
20
-3.2362229921259842
11
2.6239462204724409
21
-3.2348216535433072
0
LINE
8
BLACK
6
CONTINUOUS
10
2.6239462204724409
20
-3.2348216535433072
11
2.6329041732283462
21
-3.2348216535433072
0
LINE
8
BLACK
6
CONTINUOUS
10
2.6329041732283462
20
-3.2348216535433072
11
2.6417518110236218
21
-3.2362229921259842
0
LINE
8
BLACK
6
CONTINUOUS
10
3.5830132677165354
20
-3.1927253543307086
11
3.5855677559055117
21
-3.1944322440944881
0
LINE
8
BLACK
6
CONTINUOUS
10
3.5855677559055117
20
-3.1944322440944881
11
3.5872746456692912
21
-3.1969867322834644
0
LINE
8
BLACK
6
CONTINUOUS
10
3.5872746456692912
20
-3.1969867322834644
11
3.5878740157480316
21
-3.1999999999999997
0
LINE
8
BLACK
6
CONTINUOUS
10
3.5878740157480316
20
-3.1999999999999997
11
3.5878740157480316
21
-3.2599999999999998
0
LINE
8
BLACK
6
CONTINUOUS
10
3.5878740157480316
20
-3.2599999999999998
11
3.5872746456692912
21
-3.2630132677165355
0
LINE
8
BLACK
6
CONTINUOUS
10
3.5872746456692912
20
-3.2630132677165355
11
3.5855677559055117
21
-3.2655677559055118
0
LINE
8
BLACK
6
CONTINUOUS
10
3.5855677559055117
20
-3.2655677559055118
11
3.5830132677165354
21
-3.2672746456692914
0
LINE
8
BLACK
6
CONTINUOUS
10
3.5830132677165354
20
-3.2672746456692914
11
3.5800000000000001
21
-3.2678740157480313
0
LINE
8
BLACK
6
CONTINUOUS
10
3.5800000000000001
20
-3.2678740157480313
11
3.52
21
-3.2678740157480313
0
LINE
8
BLACK
6
CONTINUOUS
10
3.52
20
-3.2678740157480313
11
3.5169867322834647
21
-3.2672746456692914
0
LINE
8
BLACK
6
CONTINUOUS
10
3.5169867322834647
20
-3.2672746456692914
11
3.514432244094488
21
-3.2655677559055118
0
LINE
8
BLACK
6
CONTINUOUS
10
3.514432244094488
20
-3.2655677559055118
11
3.5127253543307084
21
-3.2630132677165355
0
LINE
8
BLACK
6
CONTINUOUS
10
3.5127253543307084
20
-3.2630132677165355
11
3.5121259842519685
21
-3.2599999999999998
0
LINE
8
BLACK
6
CONTINUOUS
10
3.5121259842519685
20
-3.2599999999999998
11
3.5121259842519685
21
-3.1999999999999997
0
LINE
8
BLACK
6
CONTINUOUS
10
3.5121259842519685
20
-3.1999999999999997
11
3.5127253543307084
21
-3.1969867322834644
0
LINE
8
BLACK
6
CONTINUOUS
10
3.5127253543307084
20
-3.1969867322834644
11
3.514432244094488
21
-3.1944322440944881
0
LINE
8
BLACK
6
CONTINUOUS
10
3.514432244094488
20
-3.1944322440944881
11
3.5169867322834647
21
-3.1927253543307086
0
LINE
8
BLACK
6
CONTINUOUS
10
3.5169867322834647
20
-3.1927253543307086
11
3.52
21
-3.1921259842519683
0
LINE
8
BLACK
6
CONTINUOUS
10
3.52
20
-3.1921259842519683
11
3.5800000000000001
21
-3.1921259842519683
0
LINE
8
BLACK
6
CONTINUOUS
10
3.5800000000000001
20
-3.1921259842519683
11
3.5830132677165354
21
-3.1927253543307086
0
LINE
8
BLACK
6
CONTINUOUS
10
3.6830132677165355
20
-3.1927253543307086
11
3.6855677559055118
21
-3.1944322440944881
0
LINE
8
BLACK
6
CONTINUOUS
10
3.6855677559055118
20
-3.1944322440944881
11
3.6872746456692913
21
-3.1969867322834644
0
LINE
8
BLACK
6
CONTINUOUS
10
3.6872746456692913
20
-3.1969867322834644
11
3.6878740157480312
21
-3.1999999999999997
0
LINE
8
BLACK
6
CONTINUOUS
10
3.6878740157480312
20
-3.1999999999999997
11
3.6878740157480312
21
-3.2599999999999998
0
LINE
8
BLACK
6
CONTINUOUS
10
3.6878740157480312
20
-3.2599999999999998
11
3.6872746456692913
21
-3.2630132677165355
0
LINE
8
BLACK
6
CONTINUOUS
10
3.6872746456692913
20
-3.2630132677165355
11
3.6855677559055118
21
-3.2655677559055118
0
LINE
8
BLACK
6
CONTINUOUS
10
3.6855677559055118
20
-3.2655677559055118
11
3.6830132677165355
21
-3.2672746456692914
0
LINE
8
BLACK
6
CONTINUOUS
10
3.6830132677165355
20
-3.2672746456692914
11
3.6799999999999997
21
-3.2678740157480313
0
LINE
8
BLACK
6
CONTINUOUS
10
3.6799999999999997
20
-3.2678740157480313
11
3.6200000000000001
21
-3.2678740157480313
0
LINE
8
BLACK
6
CONTINUOUS
10
3.6200000000000001
20
-3.2678740157480313
11
3.6169867322834643
21
-3.2672746456692914
0
LINE
8
BLACK
6
CONTINUOUS
10
3.6169867322834643
20
-3.2672746456692914
11
3.614432244094488
21
-3.2655677559055118
0
LINE
8
BLACK
6
CONTINUOUS
10
3.614432244094488
20
-3.2655677559055118
11
3.6127253543307085
21
-3.2630132677165355
0
LINE
8
BLACK
6
CONTINUOUS
10
3.6127253543307085
20
-3.2630132677165355
11
3.6121259842519686
21
-3.2599999999999998
0
LINE
8
BLACK
6
CONTINUOUS
10
3.6121259842519686
20
-3.2599999999999998
11
3.6121259842519686
21
-3.1999999999999997
0
LINE
8
BLACK
6
CONTINUOUS
10
3.6121259842519686
20
-3.1999999999999997
11
3.6127253543307085
21
-3.1969867322834644
0
LINE
8
BLACK
6
CONTINUOUS
10
3.6127253543307085
20
-3.1969867322834644
11
3.614432244094488
21
-3.1944322440944881
0
LINE
8
BLACK
6
CONTINUOUS
10
3.614432244094488
20
-3.1944322440944881
11
3.6169867322834643
21
-3.1927253543307086
0
LINE
8
BLACK
6
CONTINUOUS
10
3.6169867322834643
20
-3.1927253543307086
11
3.6200000000000001
21
-3.1921259842519683
0
LINE
8
BLACK
6
CONTINUOUS
10
3.6200000000000001
20
-3.1921259842519683
11
3.6799999999999997
21
-3.1921259842519683
0
LINE
8
BLACK
6
CONTINUOUS
10
3.6799999999999997
20
-3.1921259842519683
11
3.6830132677165355
21
-3.1927253543307086
0
LINE
8
BLACK
6
CONTINUOUS
10
3.4060447637795277
20
-3.1757174803149604
11
3.408599251968504
21
-3.1774243700787399
0
LINE
8
BLACK
6
CONTINUOUS
10
3.408599251968504
20
-3.1774243700787399
11
3.4103061417322835
21
-3.1799788582677166
0
LINE
8
BLACK
6
CONTINUOUS
10
3.4103061417322835
20
-3.1799788582677166
11
3.4109055118110234
21
-3.182992125984252
0
LINE
8
BLACK
6
CONTINUOUS
10
3.4109055118110234
20
-3.182992125984252
11
3.4109055118110234
21
-3.242992125984252
0
LINE
8
BLACK
6
CONTINUOUS
10
3.4109055118110234
20
-3.242992125984252
11
3.4103061417322835
21
-3.2460053937007873
0
LINE
8
BLACK
6
CONTINUOUS
10
3.4103061417322835
20
-3.2460053937007873
11
3.408599251968504
21
-3.2485598818897636
0
LINE
8
BLACK
6
CONTINUOUS
10
3.408599251968504
20
-3.2485598818897636
11
3.4060447637795277
21
-3.2502667716535432
0
LINE
8
BLACK
6
CONTINUOUS
10
3.4060447637795277
20
-3.2502667716535432
11
3.4030314960629919
21
-3.2508661417322835
0
LINE
8
BLACK
6
CONTINUOUS
10
3.4030314960629919
20
-3.2508661417322835
11
3.3430314960629919
21
-3.2508661417322835
0
LINE
8
BLACK
6
CONTINUOUS
10
3.3430314960629919
20
-3.2508661417322835
11
3.3400182283464566
21
-3.2502667716535432
0
LINE
8
BLACK
6
CONTINUOUS
10
3.3400182283464566
20
-3.2502667716535432
11
3.3374637401574803
21
-3.2485598818897636
0
LINE
8
BLACK
6
CONTINUOUS
10
3.3374637401574803
20
-3.2485598818897636
11
3.3357568503937007
21
-3.2460053937007873
0
LINE
8
BLACK
6
CONTINUOUS
10
3.3357568503937007
20
-3.2460053937007873
11
3.3351574803149604
21
-3.242992125984252
0
LINE
8
BLACK
6
CONTINUOUS
10
3.3351574803149604
20
-3.242992125984252
11
3.3351574803149604
21
-3.182992125984252
0
LINE
8
BLACK
6
CONTINUOUS
10
3.3351574803149604
20
-3.182992125984252
11
3.3357568503937007
21
-3.1799788582677166
0
LINE
8
BLACK
6
CONTINUOUS
10
3.3357568503937007
20
-3.1799788582677166
11
3.3374637401574803
21
-3.1774243700787399
0
LINE
8
BLACK
6
CONTINUOUS
10
3.3374637401574803
20
-3.1774243700787399
11
3.3400182283464566
21
-3.1757174803149604
0
LINE
8
BLACK
6
CONTINUOUS
10
3.3400182283464566
20
-3.1757174803149604
11
3.3430314960629919
21
-3.1751181102362205
0
LINE
8
BLACK
6
CONTINUOUS
10
3.3430314960629919
20
-3.1751181102362205
11
3.4030314960629919
21
-3.1751181102362205
0
LINE
8
BLACK
6
CONTINUOUS
10
3.4030314960629919
20
-3.1751181102362205
11
3.4060447637795277
21
-3.1757174803149604
0
LINE
8
BLACK
6
CONTINUOUS
10
3.5660931889763781
20
-3.1302290157480313
11
3.5704832283464567
21
-3.1324658661417324
0
LINE
8
BLACK
6
CONTINUOUS
10
3.5704832283464567
20
-3.1324658661417324
11
3.5739672047244095
21
-3.1359498425196848
0
LINE
8
BLACK
6
CONTINUOUS
10
3.5739672047244095
20
-3.1359498425196848
11
3.5762040551181102
21
-3.1403398818897639
0
LINE
8
BLACK
6
CONTINUOUS
10
3.5762040551181102
20
-3.1403398818897639
11
3.5769748031496063
21
-3.1452062992125982
0
LINE
8
BLACK
6
CONTINUOUS
10
3.5769748031496063
20
-3.1452062992125982
11
3.5769748031496063
21
-3.1609543307086612
0
LINE
8
BLACK
6
CONTINUOUS
10
3.5769748031496063
20
-3.1609543307086612
11
3.5762040551181102
21
-3.1658207480314959
0
LINE
8
BLACK
6
CONTINUOUS
10
3.5762040551181102
20
-3.1658207480314959
11
3.5739672047244095
21
-3.1702107874015746
0
LINE
8
BLACK
6
CONTINUOUS
10
3.5739672047244095
20
-3.1702107874015746
11
3.5704832283464567
21
-3.1736947637795274
0
LINE
8
BLACK
6
CONTINUOUS
10
3.5704832283464567
20
-3.1736947637795274
11
3.5660931889763781
21
-3.1759316141732281
0
LINE
8
BLACK
6
CONTINUOUS
10
3.5660931889763781
20
-3.1759316141732281
11
3.5612267716535433
21
-3.1767023622047241
0
LINE
8
BLACK
6
CONTINUOUS
10
3.5612267716535433
20
-3.1767023622047241
11
3.5395732283464567
21
-3.1767023622047241
0
LINE
8
BLACK
6
CONTINUOUS
10
3.5395732283464567
20
-3.1767023622047241
11
3.5347068110236219
21
-3.1759316141732281
0
LINE
8
BLACK
6
CONTINUOUS
10
3.5347068110236219
20
-3.1759316141732281
11
3.5303167716535433
21
-3.1736947637795274
0
LINE
8
BLACK
6
CONTINUOUS
10
3.5303167716535433
20
-3.1736947637795274
11
3.5268327952755905
21
-3.1702107874015746
0
LINE
8
BLACK
6
CONTINUOUS
10
3.5268327952755905
20
-3.1702107874015746
11
3.5245959448818898
21
-3.1658207480314959
0
LINE
8
BLACK
6
CONTINUOUS
10
3.5245959448818898
20
-3.1658207480314959
11
3.5238251968503937
21
-3.1609543307086612
0
LINE
8
BLACK
6
CONTINUOUS
10
3.5238251968503937
20
-3.1609543307086612
11
3.5238251968503937
21
-3.1452062992125982
0
LINE
8
BLACK
6
CONTINUOUS
10
3.5238251968503937
20
-3.1452062992125982
11
3.5245959448818898
21
-3.1403398818897639
0
LINE
8
BLACK
6
CONTINUOUS
10
3.5245959448818898
20
-3.1403398818897639
11
3.5268327952755905
21
-3.1359498425196848
0
LINE
8
BLACK
6
CONTINUOUS
10
3.5268327952755905
20
-3.1359498425196848
11
3.5303167716535433
21
-3.1324658661417324
0
LINE
8
BLACK
6
CONTINUOUS
10
3.5303167716535433
20
-3.1324658661417324
11
3.5347068110236219
21
-3.1302290157480313
0
LINE
8
BLACK
6
CONTINUOUS
10
3.5347068110236219
20
-3.1302290157480313
11
3.5395732283464567
21
-3.1294582677165352
0
LINE
8
BLACK
6
CONTINUOUS
10
3.5395732283464567
20
-3.1294582677165352
11
3.5612267716535433
21
-3.1294582677165352
0
LINE
8
BLACK
6
CONTINUOUS
10
3.5612267716535433
20
-3.1294582677165352
11
3.5660931889763781
21
-3.1302290157480313
0
LINE
8
BLACK
6
CONTINUOUS
10
3.4060447637795277
20
-3.0757174803149607
11
3.408599251968504
21
-3.0774243700787403
0
LINE
8
BLACK
6
CONTINUOUS
10
3.408599251968504
20
-3.0774243700787403
11
3.4103061417322835
21
-3.0799788582677166
0
LINE
8
BLACK
6
CONTINUOUS
10
3.4103061417322835
20
-3.0799788582677166
11
3.4109055118110234
21
-3.0829921259842519
0
LINE
8
BLACK
6
CONTINUOUS
10
3.4109055118110234
20
-3.0829921259842519
11
3.4109055118110234
21
-3.1429921259842519
0
LINE
8
BLACK
6
CONTINUOUS
10
3.4109055118110234
20
-3.1429921259842519
11
3.4103061417322835
21
-3.1460053937007872
0
LINE
8
BLACK
6
CONTINUOUS
10
3.4103061417322835
20
-3.1460053937007872
11
3.408599251968504
21
-3.1485598818897635
0
LINE
8
BLACK
6
CONTINUOUS
10
3.408599251968504
20
-3.1485598818897635
11
3.4060447637795277
21
-3.1502667716535431
0
LINE
8
BLACK
6
CONTINUOUS
10
3.4060447637795277
20
-3.1502667716535431
11
3.4030314960629919
21
-3.1508661417322834
0
LINE
8
BLACK
6
CONTINUOUS
10
3.4030314960629919
20
-3.1508661417322834
11
3.3430314960629919
21
-3.1508661417322834
0
LINE
8
BLACK
6
CONTINUOUS
10
3.3430314960629919
20
-3.1508661417322834
11
3.3400182283464566
21
-3.1502667716535431
0
LINE
8
BLACK
6
CONTINUOUS
10
3.3400182283464566
20
-3.1502667716535431
11
3.3374637401574803
21
-3.1485598818897635
0
LINE
8
BLACK
6
CONTINUOUS
10
3.3374637401574803
20
-3.1485598818897635
11
3.3357568503937007
21
-3.1460053937007872
0
LINE
8
BLACK
6
CONTINUOUS
10
3.3357568503937007
20
-3.1460053937007872
11
3.3351574803149604
21
-3.1429921259842519
0
LINE
8
BLACK
6
CONTINUOUS
10
3.3351574803149604
20
-3.1429921259842519
11
3.3351574803149604
21
-3.0829921259842519
0
LINE
8
BLACK
6
CONTINUOUS
10
3.3351574803149604
20
-3.0829921259842519
11
3.3357568503937007
21
-3.0799788582677166
0
LINE
8
BLACK
6
CONTINUOUS
10
3.3357568503937007
20
-3.0799788582677166
11
3.3374637401574803
21
-3.0774243700787403
0
LINE
8
BLACK
6
CONTINUOUS
10
3.3374637401574803
20
-3.0774243700787403
11
3.3400182283464566
21
-3.0757174803149607
0
LINE
8
BLACK
6
CONTINUOUS
10
3.3400182283464566
20
-3.0757174803149607
11
3.3430314960629919
21
-3.0751181102362204
0
LINE
8
BLACK
6
CONTINUOUS
10
3.3430314960629919
20
-3.0751181102362204
11
3.4030314960629919
21
-3.0751181102362204
0
LINE
8
BLACK
6
CONTINUOUS
10
3.4030314960629919
20
-3.0751181102362204
11
3.4060447637795277
21
-3.0757174803149607
0
LINE
8
BLACK
6
CONTINUOUS
10
3.5660931889763781
20
-3.0652683858267715
11
3.5704832283464567
21
-3.0675052362204722
0
LINE
8
BLACK
6
CONTINUOUS
10
3.5704832283464567
20
-3.0675052362204722
11
3.5739672047244095
21
-3.0709892125984251
0
LINE
8
BLACK
6
CONTINUOUS
10
3.5739672047244095
20
-3.0709892125984251
11
3.5762040551181102
21
-3.0753792519685037
0
LINE
8
BLACK
6
CONTINUOUS
10
3.5762040551181102
20
-3.0753792519685037
11
3.5769748031496063
21
-3.0802456692913385
0
LINE
8
BLACK
6
CONTINUOUS
10
3.5769748031496063
20
-3.0802456692913385
11
3.5769748031496063
21
-3.0959937007874014
0
LINE
8
BLACK
6
CONTINUOUS
10
3.5769748031496063
20
-3.0959937007874014
11
3.5762040551181102
21
-3.1008601181102362
0
LINE
8
BLACK
6
CONTINUOUS
10
3.5762040551181102
20
-3.1008601181102362
11
3.5739672047244095
21
-3.1052501574803149
0
LINE
8
BLACK
6
CONTINUOUS
10
3.5739672047244095
20
-3.1052501574803149
11
3.5704832283464567
21
-3.1087341338582677
0
LINE
8
BLACK
6
CONTINUOUS
10
3.5704832283464567
20
-3.1087341338582677
11
3.5660931889763781
21
-3.1109709842519684
0
LINE
8
BLACK
6
CONTINUOUS
10
3.5660931889763781
20
-3.1109709842519684
11
3.5612267716535433
21
-3.1117417322834644
0
LINE
8
BLACK
6
CONTINUOUS
10
3.5612267716535433
20
-3.1117417322834644
11
3.5395732283464567
21
-3.1117417322834644
0
LINE
8
BLACK
6
CONTINUOUS
10
3.5395732283464567
20
-3.1117417322834644
11
3.5347068110236219
21
-3.1109709842519684
0
LINE
8
BLACK
6
CONTINUOUS
10
3.5347068110236219
20
-3.1109709842519684
11
3.5303167716535433
21
-3.1087341338582677
0
LINE
8
BLACK
6
CONTINUOUS
10
3.5303167716535433
20
-3.1087341338582677
11
3.5268327952755905
21
-3.1052501574803149
0
LINE
8
BLACK
6
CONTINUOUS
10
3.5268327952755905
20
-3.1052501574803149
11
3.5245959448818898
21
-3.1008601181102362
0
LINE
8
BLACK
6
CONTINUOUS
10
3.5245959448818898
20
-3.1008601181102362
11
3.5238251968503937
21
-3.0959937007874014
0
LINE
8
BLACK
6
CONTINUOUS
10
3.5238251968503937
20
-3.0959937007874014
11
3.5238251968503937
21
-3.0802456692913385
0
LINE
8
BLACK
6
CONTINUOUS
10
3.5238251968503937
20
-3.0802456692913385
11
3.5245959448818898
21
-3.0753792519685037
0
LINE
8
BLACK
6
CONTINUOUS
10
3.5245959448818898
20
-3.0753792519685037
11
3.5268327952755905
21
-3.0709892125984251
0
LINE
8
BLACK
6
CONTINUOUS
10
3.5268327952755905
20
-3.0709892125984251
11
3.5303167716535433
21
-3.0675052362204722
0
LINE
8
BLACK
6
CONTINUOUS
10
3.5303167716535433
20
-3.0675052362204722
11
3.5347068110236219
21
-3.0652683858267715
0
LINE
8
BLACK
6
CONTINUOUS
10
3.5347068110236219
20
-3.0652683858267715
11
3.5395732283464567
21
-3.0644976377952755
0
LINE
8
BLACK
6
CONTINUOUS
10
3.5395732283464567
20
-3.0644976377952755
11
3.5612267716535433
21
-3.0644976377952755
0
LINE
8
BLACK
6
CONTINUOUS
10
3.5612267716535433
20
-3.0644976377952755
11
3.5660931889763781
21
-3.0652683858267715
0
LINE
8
BLACK
6
CONTINUOUS
10
4.258467598425197
20
-2.9451489763779528
11
4.2610220866141733
21
-2.9468558661417323
0
LINE
8
BLACK
6
CONTINUOUS
10
4.2610220866141733
20
-2.9468558661417323
11
4.2627289763779528
21
-2.9494103543307086
0
LINE
8
BLACK
6
CONTINUOUS
10
4.2627289763779528
20
-2.9494103543307086
11
4.2633283464566931
21
-2.952423622047244
0
LINE
8
BLACK
6
CONTINUOUS
10
4.2633283464566931
20
-2.952423622047244
11
4.2633283464566931
21
-3.0114787401574801
0
LINE
8
BLACK
6
CONTINUOUS
10
4.2633283464566931
20
-3.0114787401574801
11
4.2627289763779528
21
-3.0144920078740158
0
LINE
8
BLACK
6
CONTINUOUS
10
4.2627289763779528
20
-3.0144920078740158
11
4.2610220866141733
21
-3.0170464960629921
0
LINE
8
BLACK
6
CONTINUOUS
10
4.2610220866141733
20
-3.0170464960629921
11
4.258467598425197
21
-3.0187533858267717
0
LINE
8
BLACK
6
CONTINUOUS
10
4.258467598425197
20
-3.0187533858267717
11
4.2554543307086616
21
-3.0193527559055116
0
LINE
8
BLACK
6
CONTINUOUS
10
4.2554543307086616
20
-3.0193527559055116
11
4.1767141732283459
21
-3.0193527559055116
0
LINE
8
BLACK
6
CONTINUOUS
10
4.1767141732283459
20
-3.0193527559055116
11
4.1737009055118106
21
-3.0187533858267717
0
LINE
8
BLACK
6
CONTINUOUS
10
4.1737009055118106
20
-3.0187533858267717
11
4.1711464173228343
21
-3.0170464960629921
0
LINE
8
BLACK
6
CONTINUOUS
10
4.1711464173228343
20
-3.0170464960629921
11
4.1694395275590548
21
-3.0144920078740158
0
LINE
8
BLACK
6
CONTINUOUS
10
4.1694395275590548
20
-3.0144920078740158
11
4.1688401574803144
21
-3.0114787401574801
0
LINE
8
BLACK
6
CONTINUOUS
10
4.1688401574803144
20
-3.0114787401574801
11
4.1688401574803144
21
-2.952423622047244
0
LINE
8
BLACK
6
CONTINUOUS
10
4.1688401574803144
20
-2.952423622047244
11
4.1694395275590548
21
-2.9494103543307086
0
LINE
8
BLACK
6
CONTINUOUS
10
4.1694395275590548
20
-2.9494103543307086
11
4.1711464173228343
21
-2.9468558661417323
0
LINE
8
BLACK
6
CONTINUOUS
10
4.1711464173228343
20
-2.9468558661417323
11
4.1737009055118106
21
-2.9451489763779528
0
LINE
8
BLACK
6
CONTINUOUS
10
4.1737009055118106
20
-2.9451489763779528
11
4.1767141732283459
21
-2.9445496062992125
0
LINE
8
BLACK
6
CONTINUOUS
10
4.1767141732283459
20
-2.9445496062992125
11
4.2554543307086616
21
-2.9445496062992125
0
LINE
8
BLACK
6
CONTINUOUS
10
4.2554543307086616
20
-2.9445496062992125
11
4.258467598425197
21
-2.9451489763779528
0
LINE
8
BLACK
6
CONTINUOUS
10
3.7608872834645668
20
-2.9381001574803149
11
3.7634417716535431
21
-2.9398070472440945
0
LINE
8
BLACK
6
CONTINUOUS
10
3.7634417716535431
20
-2.9398070472440945
11
3.7651486614173226
21
-2.9423615354330708
0
LINE
8
BLACK
6
CONTINUOUS
10
3.7651486614173226
20
-2.9423615354330708
11
3.765748031496063
21
-2.9453748031496061
0
LINE
8
BLACK
6
CONTINUOUS
10
3.765748031496063
20
-2.9453748031496061
11
3.765748031496063
21
-3.0044299212598427
0
LINE
8
BLACK
6
CONTINUOUS
10
3.765748031496063
20
-3.0044299212598427
11
3.7651486614173226
21
-3.007443188976378
0
LINE
8
BLACK
6
CONTINUOUS
10
3.7651486614173226
20
-3.007443188976378
11
3.7634417716535431
21
-3.0099976771653543
0
LINE
8
BLACK
6
CONTINUOUS
10
3.7634417716535431
20
-3.0099976771653543
11
3.7608872834645668
21
-3.0117045669291338
0
LINE
8
BLACK
6
CONTINUOUS
10
3.7608872834645668
20
-3.0117045669291338
11
3.7578740157480315
21
-3.0123039370078741
0
LINE
8
BLACK
6
CONTINUOUS
10
3.7578740157480315
20
-3.0123039370078741
11
3.6791338582677167
21
-3.0123039370078741
0
LINE
8
BLACK
6
CONTINUOUS
10
3.6791338582677167
20
-3.0123039370078741
11
3.6761205905511809
21
-3.0117045669291338
0
LINE
8
BLACK
6
CONTINUOUS
10
3.6761205905511809
20
-3.0117045669291338
11
3.6735661023622046
21
-3.0099976771653543
0
LINE
8
BLACK
6
CONTINUOUS
10
3.6735661023622046
20
-3.0099976771653543
11
3.6718592125984251
21
-3.007443188976378
0
LINE
8
BLACK
6
CONTINUOUS
10
3.6718592125984251
20
-3.007443188976378
11
3.6712598425196847
21
-3.0044299212598427
0
LINE
8
BLACK
6
CONTINUOUS
10
3.6712598425196847
20
-3.0044299212598427
11
3.6712598425196847
21
-2.9453748031496061
0
LINE
8
BLACK
6
CONTINUOUS
10
3.6712598425196847
20
-2.9453748031496061
11
3.6718592125984251
21
-2.9423615354330708
0
LINE
8
BLACK
6
CONTINUOUS
10
3.6718592125984251
20
-2.9423615354330708
11
3.6735661023622046
21
-2.9398070472440945
0
LINE
8
BLACK
6
CONTINUOUS
10
3.6735661023622046
20
-2.9398070472440945
11
3.6761205905511809
21
-2.9381001574803149
0
LINE
8
BLACK
6
CONTINUOUS
10
3.6761205905511809
20
-2.9381001574803149
11
3.6791338582677167
21
-2.9375007874015746
0
LINE
8
BLACK
6
CONTINUOUS
10
3.6791338582677167
20
-2.9375007874015746
11
3.7578740157480315
21
-2.9375007874015746
0
LINE
8
BLACK
6
CONTINUOUS
10
3.7578740157480315
20
-2.9375007874015746
11
3.7608872834645668
21
-2.9381001574803149
0
LINE
8
BLACK
6
CONTINUOUS
10
4.1179944881889758
20
-2.9406513779527557
11
4.1229791732283463
21
-2.9423955905511812
0
LINE
8
BLACK
6
CONTINUOUS
10
4.1229791732283463
20
-2.9423955905511812
11
4.1272282677165357
21
-2.9455315748031494
0
LINE
8
BLACK
6
CONTINUOUS
10
4.1272282677165357
20
-2.9455315748031494
11
4.130364251968504
21
-2.9497806692913384
0
LINE
8
BLACK
6
CONTINUOUS
10
4.130364251968504
20
-2.9497806692913384
11
4.1321084645669286
21
-2.9547653543307084
0
LINE
8
BLACK
6
CONTINUOUS
10
4.1321084645669286
20
-2.9547653543307084
11
4.1324173228346455
21
-2.9580590551181101
0
LINE
8
BLACK
6
CONTINUOUS
10
4.1324173228346455
20
-2.9580590551181101
11
4.1324173228346455
21
-2.9777440944881888
0
LINE
8
BLACK
6
CONTINUOUS
10
4.1324173228346455
20
-2.9777440944881888
11
4.1321084645669286
21
-2.9810377952755904
0
LINE
8
BLACK
6
CONTINUOUS
10
4.1321084645669286
20
-2.9810377952755904
11
4.130364251968504
21
-2.9860224803149604
0
LINE
8
BLACK
6
CONTINUOUS
10
4.130364251968504
20
-2.9860224803149604
11
4.1272282677165357
21
-2.9902715748031494
0
LINE
8
BLACK
6
CONTINUOUS
10
4.1272282677165357
20
-2.9902715748031494
11
4.1229791732283463
21
-2.9934075590551181
0
LINE
8
BLACK
6
CONTINUOUS
10
4.1229791732283463
20
-2.9934075590551181
11
4.1179944881889758
21
-2.9951517716535432
0
LINE
8
BLACK
6
CONTINUOUS
10
4.1179944881889758
20
-2.9951517716535432
11
4.1147007874015751
21
-2.9954606299212596
0
LINE
8
BLACK
6
CONTINUOUS
10
4.1147007874015751
20
-2.9954606299212596
11
4.0772992125984251
21
-2.9954606299212596
0
LINE
8
BLACK
6
CONTINUOUS
10
4.0772992125984251
20
-2.9954606299212596
11
4.0740055118110234
21
-2.9951517716535432
0
LINE
8
BLACK
6
CONTINUOUS
10
4.0740055118110234
20
-2.9951517716535432
11
4.0690208267716539
21
-2.9934075590551181
0
LINE
8
BLACK
6
CONTINUOUS
10
4.0690208267716539
20
-2.9934075590551181
11
4.0647717322834644
21
-2.9902715748031494
0
LINE
8
BLACK
6
CONTINUOUS
10
4.0647717322834644
20
-2.9902715748031494
11
4.0616357480314962
21
-2.9860224803149604
0
LINE
8
BLACK
6
CONTINUOUS
10
4.0616357480314962
20
-2.9860224803149604
11
4.0598915354330707
21
-2.9810377952755904
0
LINE
8
BLACK
6
CONTINUOUS
10
4.0598915354330707
20
-2.9810377952755904
11
4.0595826771653538
21
-2.9777440944881888
0
LINE
8
BLACK
6
CONTINUOUS
10
4.0595826771653538
20
-2.9777440944881888
11
4.0595826771653538
21
-2.9580590551181101
0
LINE
8
BLACK
6
CONTINUOUS
10
4.0595826771653538
20
-2.9580590551181101
11
4.0598915354330707
21
-2.9547653543307084
0
LINE
8
BLACK
6
CONTINUOUS
10
4.0598915354330707
20
-2.9547653543307084
11
4.0616357480314962
21
-2.9497806692913384
0
LINE
8
BLACK
6
CONTINUOUS
10
4.0616357480314962
20
-2.9497806692913384
11
4.0647717322834644
21
-2.9455315748031494
0
LINE
8
BLACK
6
CONTINUOUS
10
4.0647717322834644
20
-2.9455315748031494
11
4.0690208267716539
21
-2.9423955905511812
0
LINE
8
BLACK
6
CONTINUOUS
10
4.0690208267716539
20
-2.9423955905511812
11
4.0740055118110234
21
-2.9406513779527557
0
LINE
8
BLACK
6
CONTINUOUS
10
4.0740055118110234
20
-2.9406513779527557
11
4.0772992125984251
21
-2.9403425196850392
0
LINE
8
BLACK
6
CONTINUOUS
10
4.0772992125984251
20
-2.9403425196850392
11
4.1147007874015751
21
-2.9403425196850392
0
LINE
8
BLACK
6
CONTINUOUS
10
4.1147007874015751
20
-2.9403425196850392
11
4.1179944881889758
21
-2.9406513779527557
0
LINE
8
BLACK
6
CONTINUOUS
10
3.5771125984251966
20
-2.9346513779527559
11
3.582097283464567
21
-2.9363955905511809
0
LINE
8
BLACK
6
CONTINUOUS
10
3.582097283464567
20
-2.9363955905511809
11
3.586346377952756
21
-2.9395315748031496
0
LINE
8
BLACK
6
CONTINUOUS
10
3.586346377952756
20
-2.9395315748031496
11
3.5894823622047243
21
-2.9437806692913386
0
LINE
8
BLACK
6
CONTINUOUS
10
3.5894823622047243
20
-2.9437806692913386
11
3.5912265748031493
21
-2.9487653543307086
0
LINE
8
BLACK
6
CONTINUOUS
10
3.5912265748031493
20
-2.9487653543307086
11
3.5915354330708662
21
-2.9520590551181103
0
LINE
8
BLACK
6
CONTINUOUS
10
3.5915354330708662
20
-2.9520590551181103
11
3.5915354330708662
21
-2.971744094488189
0
LINE
8
BLACK
6
CONTINUOUS
10
3.5915354330708662
20
-2.971744094488189
11
3.5912265748031493
21
-2.9750377952755906
0
LINE
8
BLACK
6
CONTINUOUS
10
3.5912265748031493
20
-2.9750377952755906
11
3.5894823622047243
21
-2.9800224803149606
0
LINE
8
BLACK
6
CONTINUOUS
10
3.5894823622047243
20
-2.9800224803149606
11
3.586346377952756
21
-2.9842715748031496
0
LINE
8
BLACK
6
CONTINUOUS
10
3.586346377952756
20
-2.9842715748031496
11
3.582097283464567
21
-2.9874075590551179
0
LINE
8
BLACK
6
CONTINUOUS
10
3.582097283464567
20
-2.9874075590551179
11
3.5771125984251966
21
-2.9891517716535434
0
LINE
8
BLACK
6
CONTINUOUS
10
3.5771125984251966
20
-2.9891517716535434
11
3.5738188976377954
21
-2.9894606299212598
0
LINE
8
BLACK
6
CONTINUOUS
10
3.5738188976377954
20
-2.9894606299212598
11
3.5364173228346454
21
-2.9894606299212598
0
LINE
8
BLACK
6
CONTINUOUS
10
3.5364173228346454
20
-2.9894606299212598
11
3.5331236220472442
21
-2.9891517716535434
0
LINE
8
BLACK
6
CONTINUOUS
10
3.5331236220472442
20
-2.9891517716535434
11
3.5281389370078737
21
-2.9874075590551179
0
LINE
8
BLACK
6
CONTINUOUS
10
3.5281389370078737
20
-2.9874075590551179
11
3.5238898425196852
21
-2.9842715748031496
0
LINE
8
BLACK
6
CONTINUOUS
10
3.5238898425196852
20
-2.9842715748031496
11
3.5207538582677165
21
-2.9800224803149606
0
LINE
8
BLACK
6
CONTINUOUS
10
3.5207538582677165
20
-2.9800224803149606
11
3.5190096456692914
21
-2.9750377952755906
0
LINE
8
BLACK
6
CONTINUOUS
10
3.5190096456692914
20
-2.9750377952755906
11
3.5187007874015745
21
-2.971744094488189
0
LINE
8
BLACK
6
CONTINUOUS
10
3.5187007874015745
20
-2.971744094488189
11
3.5187007874015745
21
-2.9520590551181103
0
LINE
8
BLACK
6
CONTINUOUS
10
3.5187007874015745
20
-2.9520590551181103
11
3.5190096456692914
21
-2.9487653543307086
0
LINE
8
BLACK
6
CONTINUOUS
10
3.5190096456692914
20
-2.9487653543307086
11
3.5207538582677165
21
-2.9437806692913386
0
LINE
8
BLACK
6
CONTINUOUS
10
3.5207538582677165
20
-2.9437806692913386
11
3.5238898425196852
21
-2.9395315748031496
0
LINE
8
BLACK
6
CONTINUOUS
10
3.5238898425196852
20
-2.9395315748031496
11
3.5281389370078737
21
-2.9363955905511809
0
LINE
8
BLACK
6
CONTINUOUS
10
3.5281389370078737
20
-2.9363955905511809
11
3.5331236220472442
21
-2.9346513779527559
0
LINE
8
BLACK
6
CONTINUOUS
10
3.5331236220472442
20
-2.9346513779527559
11
3.5364173228346454
21
-2.9343425196850395
0
LINE
8
BLACK
6
CONTINUOUS
10
3.5364173228346454
20
-2.9343425196850395
11
3.5738188976377954
21
-2.9343425196850395
0
LINE
8
BLACK
6
CONTINUOUS
10
3.5738188976377954
20
-2.9343425196850395
11
3.5771125984251966
21
-2.9346513779527559
0
LINE
8
BLACK
6
CONTINUOUS
10
4.5064990944881886
20
-2.8093222047244093
11
4.5090535826771649
21
-2.8110290944881888
0
LINE
8
BLACK
6
CONTINUOUS
10
4.5090535826771649
20
-2.8110290944881888
11
4.5107604724409445
21
-2.8135835826771651
0
LINE
8
BLACK
6
CONTINUOUS
10
4.5107604724409445
20
-2.8135835826771651
11
4.5113598425196848
21
-2.8165968503937009
0
LINE
8
BLACK
6
CONTINUOUS
10
4.5113598425196848
20
-2.8165968503937009
11
4.5113598425196848
21
-2.966203149606299
0
LINE
8
BLACK
6
CONTINUOUS
10
4.5113598425196848
20
-2.966203149606299
11
4.5107604724409445
21
-2.9692164173228344
0
LINE
8
BLACK
6
CONTINUOUS
10
4.5107604724409445
20
-2.9692164173228344
11
4.5090535826771649
21
-2.9717709055118111
0
LINE
8
BLACK
6
CONTINUOUS
10
4.5090535826771649
20
-2.9717709055118111
11
4.5064990944881886
21
-2.9734777952755906
0
LINE
8
BLACK
6
CONTINUOUS
10
4.5064990944881886
20
-2.9734777952755906
11
4.5034858267716533
21
-2.9740771653543305
0
LINE
8
BLACK
6
CONTINUOUS
10
4.5034858267716533
20
-2.9740771653543305
11
4.4247456692913385
21
-2.9740771653543305
0
LINE
8
BLACK
6
CONTINUOUS
10
4.4247456692913385
20
-2.9740771653543305
11
4.4217324015748032
21
-2.9734777952755906
0
LINE
8
BLACK
6
CONTINUOUS
10
4.4217324015748032
20
-2.9734777952755906
11
4.4191779133858269
21
-2.9717709055118111
0
LINE
8
BLACK
6
CONTINUOUS
10
4.4191779133858269
20
-2.9717709055118111
11
4.4174710236220474
21
-2.9692164173228344
0
LINE
8
BLACK
6
CONTINUOUS
10
4.4174710236220474
20
-2.9692164173228344
11
4.416871653543307
21
-2.966203149606299
0
LINE
8
BLACK
6
CONTINUOUS
10
4.416871653543307
20
-2.966203149606299
11
4.416871653543307
21
-2.8165968503937009
0
LINE
8
BLACK
6
CONTINUOUS
10
4.416871653543307
20
-2.8165968503937009
11
4.4174710236220474
21
-2.8135835826771651
0
LINE
8
BLACK
6
CONTINUOUS
10
4.4174710236220474
20
-2.8135835826771651
11
4.4191779133858269
21
-2.8110290944881888
0
LINE
8
BLACK
6
CONTINUOUS
10
4.4191779133858269
20
-2.8110290944881888
11
4.4217324015748032
21
-2.8093222047244093
0
LINE
8
BLACK
6
CONTINUOUS
10
4.4217324015748032
20
-2.8093222047244093
11
4.4247456692913385
21
-2.8087228346456694
0
LINE
8
BLACK
6
CONTINUOUS
10
4.4247456692913385
20
-2.8087228346456694
11
4.5034858267716533
21
-2.8087228346456694
0
LINE
8
BLACK
6
CONTINUOUS
10
4.5034858267716533
20
-2.8087228346456694
11
4.5064990944881886
21
-2.8093222047244093
0
LINE
8
BLACK
6
CONTINUOUS
10
3.6449343307086615
20
-2.9197401968503938
11
3.6495987795275591
21
-2.9221168503937007
0
LINE
8
BLACK
6
CONTINUOUS
10
3.6495987795275591
20
-2.9221168503937007
11
3.6533004724409448
21
-2.9258185433070865
0
LINE
8
BLACK
6
CONTINUOUS
10
3.6533004724409448
20
-2.9258185433070865
11
3.6556771259842518
21
-2.9304829921259841
0
LINE
8
BLACK
6
CONTINUOUS
10
3.6556771259842518
20
-2.9304829921259841
11
3.6564960629921259
21
-2.9356535433070867
0
LINE
8
BLACK
6
CONTINUOUS
10
3.6564960629921259
20
-2.9356535433070867
11
3.6564960629921259
21
-2.9533700787401576
0
LINE
8
BLACK
6
CONTINUOUS
10
3.6564960629921259
20
-2.9533700787401576
11
3.6556771259842518
21
-2.9585406299212598
0
LINE
8
BLACK
6
CONTINUOUS
10
3.6556771259842518
20
-2.9585406299212598
11
3.6533004724409448
21
-2.9632050787401574
0
LINE
8
BLACK
6
CONTINUOUS
10
3.6533004724409448
20
-2.9632050787401574
11
3.6495987795275591
21
-2.9669067716535431
0
LINE
8
BLACK
6
CONTINUOUS
10
3.6495987795275591
20
-2.9669067716535431
11
3.6449343307086615
21
-2.9692834251968505
0
LINE
8
BLACK
6
CONTINUOUS
10
3.6449343307086615
20
-2.9692834251968505
11
3.6397637795275588
21
-2.9701023622047242
0
LINE
8
BLACK
6
CONTINUOUS
10
3.6397637795275588
20
-2.9701023622047242
11
3.6200787401574801
21
-2.9701023622047242
0
LINE
8
BLACK
6
CONTINUOUS
10
3.6200787401574801
20
-2.9701023622047242
11
3.6149081889763779
21
-2.9692834251968505
0
LINE
8
BLACK
6
CONTINUOUS
10
3.6149081889763779
20
-2.9692834251968505
11
3.6102437401574803
21
-2.9669067716535431
0
LINE
8
BLACK
6
CONTINUOUS
10
3.6102437401574803
20
-2.9669067716535431
11
3.6065420472440946
21
-2.9632050787401574
0
LINE
8
BLACK
6
CONTINUOUS
10
3.6065420472440946
20
-2.9632050787401574
11
3.6041653937007871
21
-2.9585406299212598
0
LINE
8
BLACK
6
CONTINUOUS
10
3.6041653937007871
20
-2.9585406299212598
11
3.6033464566929134
21
-2.9533700787401576
0
LINE
8
BLACK
6
CONTINUOUS
10
3.6033464566929134
20
-2.9533700787401576
11
3.6033464566929134
21
-2.9356535433070867
0
LINE
8
BLACK
6
CONTINUOUS
10
3.6033464566929134
20
-2.9356535433070867
11
3.6041653937007871
21
-2.9304829921259841
0
LINE
8
BLACK
6
CONTINUOUS
10
3.6041653937007871
20
-2.9304829921259841
11
3.6065420472440946
21
-2.9258185433070865
0
LINE
8
BLACK
6
CONTINUOUS
10
3.6065420472440946
20
-2.9258185433070865
11
3.6102437401574803
21
-2.9221168503937007
0
LINE
8
BLACK
6
CONTINUOUS
10
3.6102437401574803
20
-2.9221168503937007
11
3.6149081889763779
21
-2.9197401968503938
0
LINE
8
BLACK
6
CONTINUOUS
10
3.6149081889763779
20
-2.9197401968503938
11
3.6200787401574801
21
-2.9189212598425196
0
LINE
8
BLACK
6
CONTINUOUS
10
3.6200787401574801
20
-2.9189212598425196
11
3.6397637795275588
21
-2.9189212598425196
0
LINE
8
BLACK
6
CONTINUOUS
10
3.6397637795275588
20
-2.9189212598425196
11
3.6449343307086615
21
-2.9197401968503938
0
LINE
8
BLACK
6
CONTINUOUS
10
4.0089187795275594
20
-2.8022733858267714
11
4.0114732677165357
21
-2.803980275590551
0
LINE
8
BLACK
6
CONTINUOUS
10
4.0114732677165357
20
-2.803980275590551
11
4.0131801574803152
21
-2.8065347637795277
0
LINE
8
BLACK
6
CONTINUOUS
10
4.0131801574803152
20
-2.8065347637795277
11
4.0137795275590546
21
-2.809548031496063
0
LINE
8
BLACK
6
CONTINUOUS
10
4.0137795275590546
20
-2.809548031496063
11
4.0137795275590546
21
-2.9591543307086612
0
LINE
8
BLACK
6
CONTINUOUS
10
4.0137795275590546
20
-2.9591543307086612
11
4.0131801574803152
21
-2.9621675984251969
0
LINE
8
BLACK
6
CONTINUOUS
10
4.0131801574803152
20
-2.9621675984251969
11
4.0114732677165357
21
-2.9647220866141732
0
LINE
8
BLACK
6
CONTINUOUS
10
4.0114732677165357
20
-2.9647220866141732
11
4.0089187795275594
21
-2.9664289763779528
0
LINE
8
BLACK
6
CONTINUOUS
10
4.0089187795275594
20
-2.9664289763779528
11
4.0059055118110232
21
-2.9670283464566927
0
LINE
8
BLACK
6
CONTINUOUS
10
4.0059055118110232
20
-2.9670283464566927
11
3.9271653543307088
21
-2.9670283464566927
0
LINE
8
BLACK
6
CONTINUOUS
10
3.9271653543307088
20
-2.9670283464566927
11
3.924152086614173
21
-2.9664289763779528
0
LINE
8
BLACK
6
CONTINUOUS
10
3.924152086614173
20
-2.9664289763779528
11
3.9215975984251967
21
-2.9647220866141732
0
LINE
8
BLACK
6
CONTINUOUS
10
3.9215975984251967
20
-2.9647220866141732
11
3.9198907086614172
21
-2.9621675984251969
0
LINE
8
BLACK
6
CONTINUOUS
10
3.9198907086614172
20
-2.9621675984251969
11
3.9192913385826769
21
-2.9591543307086612
0
LINE
8
BLACK
6
CONTINUOUS
10
3.9192913385826769
20
-2.9591543307086612
11
3.9192913385826769
21
-2.809548031496063
0
LINE
8
BLACK
6
CONTINUOUS
10
3.9192913385826769
20
-2.809548031496063
11
3.9198907086614172
21
-2.8065347637795277
0
LINE
8
BLACK
6
CONTINUOUS
10
3.9198907086614172
20
-2.8065347637795277
11
3.9215975984251967
21
-2.803980275590551
0
LINE
8
BLACK
6
CONTINUOUS
10
3.9215975984251967
20
-2.803980275590551
11
3.924152086614173
21
-2.8022733858267714
0
LINE
8
BLACK
6
CONTINUOUS
10
3.924152086614173
20
-2.8022733858267714
11
3.9271653543307088
21
-2.8016740157480315
0
LINE
8
BLACK
6
CONTINUOUS
10
3.9271653543307088
20
-2.8016740157480315
11
4.0059055118110232
21
-2.8016740157480315
0
LINE
8
BLACK
6
CONTINUOUS
10
4.0059055118110232
20
-2.8016740157480315
11
4.0089187795275594
21
-2.8022733858267714
0
LINE
8
BLACK
6
CONTINUOUS
10
4.636950275590551
20
-2.8686308661417321
11
4.6395047637795273
21
-2.8703377559055117
0
LINE
8
BLACK
6
CONTINUOUS
10
4.6395047637795273
20
-2.8703377559055117
11
4.6412116535433068
21
-2.872892244094488
0
LINE
8
BLACK
6
CONTINUOUS
10
4.6412116535433068
20
-2.872892244094488
11
4.6418110236220471
21
-2.8759055118110237
0
LINE
8
BLACK
6
CONTINUOUS
10
4.6418110236220471
20
-2.8759055118110237
11
4.6418110236220471
21
-2.9359055118110238
0
LINE
8
BLACK
6
CONTINUOUS
10
4.6418110236220471
20
-2.9359055118110238
11
4.6412116535433068
21
-2.9389187795275591
0
LINE
8
BLACK
6
CONTINUOUS
10
4.6412116535433068
20
-2.9389187795275591
11
4.6395047637795273
21
-2.9414732677165354
0
LINE
8
BLACK
6
CONTINUOUS
10
4.6395047637795273
20
-2.9414732677165354
11
4.636950275590551
21
-2.9431801574803149
0
LINE
8
BLACK
6
CONTINUOUS
10
4.636950275590551
20
-2.9431801574803149
11
4.6339370078740156
21
-2.9437795275590553
0
LINE
8
BLACK
6
CONTINUOUS
10
4.6339370078740156
20
-2.9437795275590553
11
4.573937007874016
21
-2.9437795275590553
0
LINE
8
BLACK
6
CONTINUOUS
10
4.573937007874016
20
-2.9437795275590553
11
4.5709237401574798
21
-2.9431801574803149
0
LINE
8
BLACK
6
CONTINUOUS
10
4.5709237401574798
20
-2.9431801574803149
11
4.5683692519685035
21
-2.9414732677165354
0
LINE
8
BLACK
6
CONTINUOUS
10
4.5683692519685035
20
-2.9414732677165354
11
4.566662362204724
21
-2.9389187795275591
0
LINE
8
BLACK
6
CONTINUOUS
10
4.566662362204724
20
-2.9389187795275591
11
4.5660629921259845
21
-2.9359055118110238
0
LINE
8
BLACK
6
CONTINUOUS
10
4.5660629921259845
20
-2.9359055118110238
11
4.5660629921259845
21
-2.8759055118110237
0
LINE
8
BLACK
6
CONTINUOUS
10
4.5660629921259845
20
-2.8759055118110237
11
4.566662362204724
21
-2.872892244094488
0
LINE
8
BLACK
6
CONTINUOUS
10
4.566662362204724
20
-2.872892244094488
11
4.5683692519685035
21
-2.8703377559055117
0
LINE
8
BLACK
6
CONTINUOUS
10
4.5683692519685035
20
-2.8703377559055117
11
4.5709237401574798
21
-2.8686308661417321
0
LINE
8
BLACK
6
CONTINUOUS
10
4.5709237401574798
20
-2.8686308661417321
11
4.573937007874016
21
-2.8680314960629922
0
LINE
8
BLACK
6
CONTINUOUS
10
4.573937007874016
20
-2.8680314960629922
11
4.6339370078740156
21
-2.8680314960629922
0
LINE
8
BLACK
6
CONTINUOUS
10
4.6339370078740156
20
-2.8680314960629922
11
4.636950275590551
21
-2.8686308661417321
0
LINE
8
BLACK
6
CONTINUOUS
10
4.7369502755905515
20
-2.8686308661417321
11
4.7395047637795278
21
-2.8703377559055117
0
LINE
8
BLACK
6
CONTINUOUS
10
4.7395047637795278
20
-2.8703377559055117
11
4.7412116535433073
21
-2.872892244094488
0
LINE
8
BLACK
6
CONTINUOUS
10
4.7412116535433073
20
-2.872892244094488
11
4.7418110236220468
21
-2.8759055118110237
0
LINE
8
BLACK
6
CONTINUOUS
10
4.7418110236220468
20
-2.8759055118110237
11
4.7418110236220468
21
-2.9359055118110238
0
LINE
8
BLACK
6
CONTINUOUS
10
4.7418110236220468
20
-2.9359055118110238
11
4.7412116535433073
21
-2.9389187795275591
0
LINE
8
BLACK
6
CONTINUOUS
10
4.7412116535433073
20
-2.9389187795275591
11
4.7395047637795278
21
-2.9414732677165354
0
LINE
8
BLACK
6
CONTINUOUS
10
4.7395047637795278
20
-2.9414732677165354
11
4.7369502755905515
21
-2.9431801574803149
0
LINE
8
BLACK
6
CONTINUOUS
10
4.7369502755905515
20
-2.9431801574803149
11
4.7339370078740153
21
-2.9437795275590553
0
LINE
8
BLACK
6
CONTINUOUS
10
4.7339370078740153
20
-2.9437795275590553
11
4.6739370078740157
21
-2.9437795275590553
0
LINE
8
BLACK
6
CONTINUOUS
10
4.6739370078740157
20
-2.9437795275590553
11
4.6709237401574804
21
-2.9431801574803149
0
LINE
8
BLACK
6
CONTINUOUS
10
4.6709237401574804
20
-2.9431801574803149
11
4.6683692519685041
21
-2.9414732677165354
0
LINE
8
BLACK
6
CONTINUOUS
10
4.6683692519685041
20
-2.9414732677165354
11
4.6666623622047245
21
-2.9389187795275591
0
LINE
8
BLACK
6
CONTINUOUS
10
4.6666623622047245
20
-2.9389187795275591
11
4.6660629921259842
21
-2.9359055118110238
0
LINE
8
BLACK
6
CONTINUOUS
10
4.6660629921259842
20
-2.9359055118110238
11
4.6660629921259842
21
-2.8759055118110237
0
LINE
8
BLACK
6
CONTINUOUS
10
4.6660629921259842
20
-2.8759055118110237
11
4.6666623622047245
21
-2.872892244094488
0
LINE
8
BLACK
6
CONTINUOUS
10
4.6666623622047245
20
-2.872892244094488
11
4.6683692519685041
21
-2.8703377559055117
0
LINE
8
BLACK
6
CONTINUOUS
10
4.6683692519685041
20
-2.8703377559055117
11
4.6709237401574804
21
-2.8686308661417321
0
LINE
8
BLACK
6
CONTINUOUS
10
4.6709237401574804
20
-2.8686308661417321
11
4.6739370078740157
21
-2.8680314960629922
0
LINE
8
BLACK
6
CONTINUOUS
10
4.6739370078740157
20
-2.8680314960629922
11
4.7339370078740153
21
-2.8680314960629922
0
LINE
8
BLACK
6
CONTINUOUS
10
4.7339370078740153
20
-2.8680314960629922
11
4.7369502755905515
21
-2.8686308661417321
0
LINE
8
BLACK
6
CONTINUOUS
10
3.3316337007874015
20
-2.8238607874015749
11
3.340153188976378
21
-2.8266289370078739
0
LINE
8
BLACK
6
CONTINUOUS
10
3.340153188976378
20
-2.8266289370078739
11
3.3481347637795276
21
-2.8306957480314958
0
LINE
8
BLACK
6
CONTINUOUS
10
3.3481347637795276
20
-2.8306957480314958
11
3.3553818897637795
21
-2.8359610629921259
0
LINE
8
BLACK
6
CONTINUOUS
10
3.3553818897637795
20
-2.8359610629921259
11
3.3617161023622049
21
-2.8422952755905513
0
LINE
8
BLACK
6
CONTINUOUS
10
3.3617161023622049
20
-2.8422952755905513
11
3.3669814173228345
21
-2.8495424015748032
0
LINE
8
BLACK
6
CONTINUOUS
10
3.3669814173228345
20
-2.8495424015748032
11
3.3710482283464565
21
-2.8575239763779527
0
LINE
8
BLACK
6
CONTINUOUS
10
3.3710482283464565
20
-2.8575239763779527
11
3.3738163779527559
21
-2.8660434645669293
0
LINE
8
BLACK
6
CONTINUOUS
10
3.3738163779527559
20
-2.8660434645669293
11
3.3752177165354329
21
-2.8748911023622048
0
LINE
8
BLACK
6
CONTINUOUS
10
3.3752177165354329
20
-2.8748911023622048
11
3.3752177165354329
21
-2.8838490551181102
0
LINE
8
BLACK
6
CONTINUOUS
10
3.3752177165354329
20
-2.8838490551181102
11
3.3738163779527559
21
-2.8926966929133857
0
LINE
8
BLACK
6
CONTINUOUS
10
3.3738163779527559
20
-2.8926966929133857
11
3.3710482283464565
21
-2.9012161811023622
0
LINE
8
BLACK
6
CONTINUOUS
10
3.3710482283464565
20
-2.9012161811023622
11
3.3669814173228345
21
-2.9091977559055118
0
LINE
8
BLACK
6
CONTINUOUS
10
3.3669814173228345
20
-2.9091977559055118
11
3.3617161023622049
21
-2.9164448818897637
0
LINE
8
BLACK
6
CONTINUOUS
10
3.3617161023622049
20
-2.9164448818897637
11
3.3553818897637795
21
-2.9227790944881891
0
LINE
8
BLACK
6
CONTINUOUS
10
3.3553818897637795
20
-2.9227790944881891
11
3.3481347637795276
21
-2.9280444094488187
0
LINE
8
BLACK
6
CONTINUOUS
10
3.3481347637795276
20
-2.9280444094488187
11
3.340153188976378
21
-2.9321112204724407
0
LINE
8
BLACK
6
CONTINUOUS
10
3.340153188976378
20
-2.9321112204724407
11
3.3316337007874015
21
-2.9348793700787401
0
LINE
8
BLACK
6
CONTINUOUS
10
3.3316337007874015
20
-2.9348793700787401
11
3.322786062992126
21
-2.9362807086614171
0
LINE
8
BLACK
6
CONTINUOUS
10
3.322786062992126
20
-2.9362807086614171
11
3.3138281102362206
21
-2.9362807086614171
0
LINE
8
BLACK
6
CONTINUOUS
10
3.3138281102362206
20
-2.9362807086614171
11
3.3049804724409446
21
-2.9348793700787401
0
LINE
8
BLACK
6
CONTINUOUS
10
3.3049804724409446
20
-2.9348793700787401
11
3.2964609842519685
21
-2.9321112204724407
0
LINE
8
BLACK
6
CONTINUOUS
10
3.2964609842519685
20
-2.9321112204724407
11
3.288479409448819
21
-2.9280444094488187
0
LINE
8
BLACK
6
CONTINUOUS
10
3.288479409448819
20
-2.9280444094488187
11
3.2812322834645666
21
-2.9227790944881891
0
LINE
8
BLACK
6
CONTINUOUS
10
3.2812322834645666
20
-2.9227790944881891
11
3.2748980708661417
21
-2.9164448818897637
0
LINE
8
BLACK
6
CONTINUOUS
10
3.2748980708661417
20
-2.9164448818897637
11
3.2696327559055116
21
-2.9091977559055118
0
LINE
8
BLACK
6
CONTINUOUS
10
3.2696327559055116
20
-2.9091977559055118
11
3.2655659448818897
21
-2.9012161811023622
0
LINE
8
BLACK
6
CONTINUOUS
10
3.2655659448818897
20
-2.9012161811023622
11
3.2627977952755907
21
-2.8926966929133857
0
LINE
8
BLACK
6
CONTINUOUS
10
3.2627977952755907
20
-2.8926966929133857
11
3.2613964566929132
21
-2.8838490551181102
0
LINE
8
BLACK
6
CONTINUOUS
10
3.2613964566929132
20
-2.8838490551181102
11
3.2613964566929132
21
-2.8748911023622048
0
LINE
8
BLACK
6
CONTINUOUS
10
3.2613964566929132
20
-2.8748911023622048
11
3.2627977952755907
21
-2.8660434645669293
0
LINE
8
BLACK
6
CONTINUOUS
10
3.2627977952755907
20
-2.8660434645669293
11
3.2655659448818897
21
-2.8575239763779527
0
LINE
8
BLACK
6
CONTINUOUS
10
3.2655659448818897
20
-2.8575239763779527
11
3.2696327559055116
21
-2.8495424015748032
0
LINE
8
BLACK
6
CONTINUOUS
10
3.2696327559055116
20
-2.8495424015748032
11
3.2748980708661417
21
-2.8422952755905513
0
LINE
8
BLACK
6
CONTINUOUS
10
3.2748980708661417
20
-2.8422952755905513
11
3.2812322834645666
21
-2.8359610629921259
0
LINE
8
BLACK
6
CONTINUOUS
10
3.2812322834645666
20
-2.8359610629921259
11
3.288479409448819
21
-2.8306957480314958
0
LINE
8
BLACK
6
CONTINUOUS
10
3.288479409448819
20
-2.8306957480314958
11
3.2964609842519685
21
-2.8266289370078739
0
LINE
8
BLACK
6
CONTINUOUS
10
3.2964609842519685
20
-2.8266289370078739
11
3.3049804724409446
21
-2.8238607874015749
0
LINE
8
BLACK
6
CONTINUOUS
10
3.3049804724409446
20
-2.8238607874015749
11
3.3138281102362206
21
-2.8224594488188974
0
LINE
8
BLACK
6
CONTINUOUS
10
3.3138281102362206
20
-2.8224594488188974
11
3.322786062992126
21
-2.8224594488188974
0
LINE
8
BLACK
6
CONTINUOUS
10
3.322786062992126
20
-2.8224594488188974
11
3.3316337007874015
21
-2.8238607874015749
0
LINE
8
BLACK
6
CONTINUOUS
10
4.258467598425197
20
-2.8545977952755903
11
4.2610220866141733
21
-2.8563046850393699
0
LINE
8
BLACK
6
CONTINUOUS
10
4.2610220866141733
20
-2.8563046850393699
11
4.2627289763779528
21
-2.8588591732283466
0
LINE
8
BLACK
6
CONTINUOUS
10
4.2627289763779528
20
-2.8588591732283466
11
4.2633283464566931
21
-2.8618724409448819
0
LINE
8
BLACK
6
CONTINUOUS
10
4.2633283464566931
20
-2.8618724409448819
11
4.2633283464566931
21
-2.920927559055118
0
LINE
8
BLACK
6
CONTINUOUS
10
4.2633283464566931
20
-2.920927559055118
11
4.2627289763779528
21
-2.9239408267716533
0
LINE
8
BLACK
6
CONTINUOUS
10
4.2627289763779528
20
-2.9239408267716533
11
4.2610220866141733
21
-2.9264953149606296
0
LINE
8
BLACK
6
CONTINUOUS
10
4.2610220866141733
20
-2.9264953149606296
11
4.258467598425197
21
-2.9282022047244092
0
LINE
8
BLACK
6
CONTINUOUS
10
4.258467598425197
20
-2.9282022047244092
11
4.2554543307086616
21
-2.9288015748031495
0
LINE
8
BLACK
6
CONTINUOUS
10
4.2554543307086616
20
-2.9288015748031495
11
4.1767141732283459
21
-2.9288015748031495
0
LINE
8
BLACK
6
CONTINUOUS
10
4.1767141732283459
20
-2.9288015748031495
11
4.1737009055118106
21
-2.9282022047244092
0
LINE
8
BLACK
6
CONTINUOUS
10
4.1737009055118106
20
-2.9282022047244092
11
4.1711464173228343
21
-2.9264953149606296
0
LINE
8
BLACK
6
CONTINUOUS
10
4.1711464173228343
20
-2.9264953149606296
11
4.1694395275590548
21
-2.9239408267716533
0
LINE
8
BLACK
6
CONTINUOUS
10
4.1694395275590548
20
-2.9239408267716533
11
4.1688401574803144
21
-2.920927559055118
0
LINE
8
BLACK
6
CONTINUOUS
10
4.1688401574803144
20
-2.920927559055118
11
4.1688401574803144
21
-2.8618724409448819
0
LINE
8
BLACK
6
CONTINUOUS
10
4.1688401574803144
20
-2.8618724409448819
11
4.1694395275590548
21
-2.8588591732283466
0
LINE
8
BLACK
6
CONTINUOUS
10
4.1694395275590548
20
-2.8588591732283466
11
4.1711464173228343
21
-2.8563046850393699
0
LINE
8
BLACK
6
CONTINUOUS
10
4.1711464173228343
20
-2.8563046850393699
11
4.1737009055118106
21
-2.8545977952755903
0
LINE
8
BLACK
6
CONTINUOUS
10
4.1737009055118106
20
-2.8545977952755903
11
4.1767141732283459
21
-2.8539984251968504
0
LINE
8
BLACK
6
CONTINUOUS
10
4.1767141732283459
20
-2.8539984251968504
11
4.2554543307086616
21
-2.8539984251968504
0
LINE
8
BLACK
6
CONTINUOUS
10
4.2554543307086616
20
-2.8539984251968504
11
4.258467598425197
21
-2.8545977952755903
0
LINE
8
BLACK
6
CONTINUOUS
10
2.5711031496062993
20
-2.6757957874015745
11
2.5848769291338582
21
-2.6789395669291336
0
LINE
8
BLACK
6
CONTINUOUS
10
2.5848769291338582
20
-2.6789395669291336
11
2.5982120866141734
21
-2.6836057086614171
0
LINE
8
BLACK
6
CONTINUOUS
10
2.5982120866141734
20
-2.6836057086614171
11
2.6109409448818899
21
-2.6897356299212598
0
LINE
8
BLACK
6
CONTINUOUS
10
2.6109409448818899
20
-2.6897356299212598
11
2.6229034645669289
21
-2.6972521653543304
0
LINE
8
BLACK
6
CONTINUOUS
10
2.6229034645669289
20
-2.6972521653543304
11
2.6339491732283462
21
-2.7060608267716533
0
LINE
8
BLACK
6
CONTINUOUS
10
2.6339491732283462
20
-2.7060608267716533
11
2.6439391732283464
21
-2.7160508267716534
0
LINE
8
BLACK
6
CONTINUOUS
10
2.6439391732283464
20
-2.7160508267716534
11
2.6527478346456692
21
-2.7270965354330707
0
LINE
8
BLACK
6
CONTINUOUS
10
2.6527478346456692
20
-2.7270965354330707
11
2.6602643700787403
21
-2.7390590551181102
0
LINE
8
BLACK
6
CONTINUOUS
10
2.6602643700787403
20
-2.7390590551181102
11
2.6663942913385825
21
-2.7517879133858267
0
LINE
8
BLACK
6
CONTINUOUS
10
2.6663942913385825
20
-2.7517879133858267
11
2.671060433070866
21
-2.7651230708661418
0
LINE
8
BLACK
6
CONTINUOUS
10
2.671060433070866
20
-2.7651230708661418
11
2.6742042125984251
21
-2.7788968503937008
0
LINE
8
BLACK
6
CONTINUOUS
10
2.6742042125984251
20
-2.7788968503937008
11
2.6757860629921257
21
-2.7929360236220471
0
LINE
8
BLACK
6
CONTINUOUS
10
2.6757860629921257
20
-2.7929360236220471
11
2.6757860629921257
21
-2.8070639763779526
0
LINE
8
BLACK
6
CONTINUOUS
10
2.6757860629921257
20
-2.8070639763779526
11
2.6742042125984251
21
-2.8211031496062993
0
LINE
8
BLACK
6
CONTINUOUS
10
2.6742042125984251
20
-2.8211031496062993
11
2.671060433070866
21
-2.8348769291338582
0
LINE
8
BLACK
6
CONTINUOUS
10
2.671060433070866
20
-2.8348769291338582
11
2.6663942913385825
21
-2.8482120866141734
0
LINE
8
BLACK
6
CONTINUOUS
10
2.6663942913385825
20
-2.8482120866141734
11
2.6602643700787403
21
-2.8609409448818899
0
LINE
8
BLACK
6
CONTINUOUS
10
2.6602643700787403
20
-2.8609409448818899
11
2.6527478346456692
21
-2.8729034645669289
0
LINE
8
BLACK
6
CONTINUOUS
10
2.6527478346456692
20
-2.8729034645669289
11
2.6439391732283464
21
-2.8839491732283462
0
LINE
8
BLACK
6
CONTINUOUS
10
2.6439391732283464
20
-2.8839491732283462
11
2.6339491732283462
21
-2.8939391732283464
0
LINE
8
BLACK
6
CONTINUOUS
10
2.6339491732283462
20
-2.8939391732283464
11
2.6229034645669289
21
-2.9027478346456692
0
LINE
8
BLACK
6
CONTINUOUS
10
2.6229034645669289
20
-2.9027478346456692
11
2.6109409448818899
21
-2.9102643700787403
0
LINE
8
BLACK
6
CONTINUOUS
10
2.6109409448818899
20
-2.9102643700787403
11
2.5982120866141734
21
-2.9163942913385825
0
LINE
8
BLACK
6
CONTINUOUS
10
2.5982120866141734
20
-2.9163942913385825
11
2.5848769291338582
21
-2.921060433070866
0
LINE
8
BLACK
6
CONTINUOUS
10
2.5848769291338582
20
-2.921060433070866
11
2.5711031496062993
21
-2.9242042125984251
0
LINE
8
BLACK
6
CONTINUOUS
10
2.5711031496062993
20
-2.9242042125984251
11
2.5570639763779526
21
-2.9257860629921257
0
LINE
8
BLACK
6
CONTINUOUS
10
2.5570639763779526
20
-2.9257860629921257
11
2.5429360236220471
21
-2.9257860629921257
0
LINE
8
BLACK
6
CONTINUOUS
10
2.5429360236220471
20
-2.9257860629921257
11
2.5288968503937008
21
-2.9242042125984251
0
LINE
8
BLACK
6
CONTINUOUS
10
2.5288968503937008
20
-2.9242042125984251
11
2.5151230708661418
21
-2.921060433070866
0
LINE
8
BLACK
6
CONTINUOUS
10
2.5151230708661418
20
-2.921060433070866
11
2.5017879133858267
21
-2.9163942913385825
0
LINE
8
BLACK
6
CONTINUOUS
10
2.5017879133858267
20
-2.9163942913385825
11
2.4890590551181102
21
-2.9102643700787403
0
LINE
8
BLACK
6
CONTINUOUS
10
2.4890590551181102
20
-2.9102643700787403
11
2.4770965354330707
21
-2.9027478346456692
0
LINE
8
BLACK
6
CONTINUOUS
10
2.4770965354330707
20
-2.9027478346456692
11
2.4660508267716534
21
-2.8939391732283464
0
LINE
8
BLACK
6
CONTINUOUS
10
2.4660508267716534
20
-2.8939391732283464
11
2.4560608267716533
21
-2.8839491732283462
0
LINE
8
BLACK
6
CONTINUOUS
10
2.4560608267716533
20
-2.8839491732283462
11
2.4472521653543304
21
-2.8729034645669289
0
LINE
8
BLACK
6
CONTINUOUS
10
2.4472521653543304
20
-2.8729034645669289
11
2.4397356299212598
21
-2.8609409448818899
0
LINE
8
BLACK
6
CONTINUOUS
10
2.4397356299212598
20
-2.8609409448818899
11
2.4336057086614171
21
-2.8482120866141734
0
LINE
8
BLACK
6
CONTINUOUS
10
2.4336057086614171
20
-2.8482120866141734
11
2.4289395669291336
21
-2.8348769291338582
0
LINE
8
BLACK
6
CONTINUOUS
10
2.4289395669291336
20
-2.8348769291338582
11
2.4257957874015745
21
-2.8211031496062993
0
LINE
8
BLACK
6
CONTINUOUS
10
2.4257957874015745
20
-2.8211031496062993
11
2.4242139370078739
21
-2.8070639763779526
0
LINE
8
BLACK
6
CONTINUOUS
10
2.4242139370078739
20
-2.8070639763779526
11
2.4242139370078739
21
-2.7929360236220471
0
LINE
8
BLACK
6
CONTINUOUS
10
2.4242139370078739
20
-2.7929360236220471
11
2.4257957874015745
21
-2.7788968503937008
0
LINE
8
BLACK
6
CONTINUOUS
10
2.4257957874015745
20
-2.7788968503937008
11
2.4289395669291336
21
-2.7651230708661418
0
LINE
8
BLACK
6
CONTINUOUS
10
2.4289395669291336
20
-2.7651230708661418
11
2.4336057086614171
21
-2.7517879133858267
0
LINE
8
BLACK
6
CONTINUOUS
10
2.4336057086614171
20
-2.7517879133858267
11
2.4397356299212598
21
-2.7390590551181102
0
LINE
8
BLACK
6
CONTINUOUS
10
2.4397356299212598
20
-2.7390590551181102
11
2.4472521653543304
21
-2.7270965354330707
0
LINE
8
BLACK
6
CONTINUOUS
10
2.4472521653543304
20
-2.7270965354330707
11
2.4560608267716533
21
-2.7160508267716534
0
LINE
8
BLACK
6
CONTINUOUS
10
2.4560608267716533
20
-2.7160508267716534
11
2.4660508267716534
21
-2.7060608267716533
0
LINE
8
BLACK
6
CONTINUOUS
10
2.4660508267716534
20
-2.7060608267716533
11
2.4770965354330707
21
-2.6972521653543304
0
LINE
8
BLACK
6
CONTINUOUS
10
2.4770965354330707
20
-2.6972521653543304
11
2.4890590551181102
21
-2.6897356299212598
0
LINE
8
BLACK
6
CONTINUOUS
10
2.4890590551181102
20
-2.6897356299212598
11
2.5017879133858267
21
-2.6836057086614171
0
LINE
8
BLACK
6
CONTINUOUS
10
2.5017879133858267
20
-2.6836057086614171
11
2.5151230708661418
21
-2.6789395669291336
0
LINE
8
BLACK
6
CONTINUOUS
10
2.5151230708661418
20
-2.6789395669291336
11
2.5288968503937008
21
-2.6757957874015745
0
LINE
8
BLACK
6
CONTINUOUS
10
2.5288968503937008
20
-2.6757957874015745
11
2.5429360236220471
21
-2.6742139370078739
0
LINE
8
BLACK
6
CONTINUOUS
10
2.5429360236220471
20
-2.6742139370078739
11
2.5570639763779526
21
-2.6742139370078739
0
LINE
8
BLACK
6
CONTINUOUS
10
2.5570639763779526
20
-2.6742139370078739
11
2.5711031496062993
21
-2.6757957874015745
0
LINE
8
BLACK
6
CONTINUOUS
10
4.9711031496062992
20
-2.6757957874015745
11
4.9848769291338577
21
-2.6789395669291336
0
LINE
8
BLACK
6
CONTINUOUS
10
4.9848769291338577
20
-2.6789395669291336
11
4.9982120866141733
21
-2.6836057086614171
0
LINE
8
BLACK
6
CONTINUOUS
10
4.9982120866141733
20
-2.6836057086614171
11
5.0109409448818898
21
-2.6897356299212598
0
LINE
8
BLACK
6
CONTINUOUS
10
5.0109409448818898
20
-2.6897356299212598
11
5.0229034645669293
21
-2.6972521653543304
0
LINE
8
BLACK
6
CONTINUOUS
10
5.0229034645669293
20
-2.6972521653543304
11
5.0339491732283461
21
-2.7060608267716533
0
LINE
8
BLACK
6
CONTINUOUS
10
5.0339491732283461
20
-2.7060608267716533
11
5.0439391732283463
21
-2.7160508267716534
0
LINE
8
BLACK
6
CONTINUOUS
10
5.0439391732283463
20
-2.7160508267716534
11
5.0527478346456691
21
-2.7270965354330707
0
LINE
8
BLACK
6
CONTINUOUS
10
5.0527478346456691
20
-2.7270965354330707
11
5.0602643700787402
21
-2.7390590551181102
0
LINE
8
BLACK
6
CONTINUOUS
10
5.0602643700787402
20
-2.7390590551181102
11
5.0663942913385824
21
-2.7517879133858267
0
LINE
8
BLACK
6
CONTINUOUS
10
5.0663942913385824
20
-2.7517879133858267
11
5.0710604330708664
21
-2.7651230708661418
0
LINE
8
BLACK
6
CONTINUOUS
10
5.0710604330708664
20
-2.7651230708661418
11
5.074204212598425
21
-2.7788968503937008
0
LINE
8
BLACK
6
CONTINUOUS
10
5.074204212598425
20
-2.7788968503937008
11
5.0757860629921261
21
-2.7929360236220471
0
LINE
8
BLACK
6
CONTINUOUS
10
5.0757860629921261
20
-2.7929360236220471
11
5.0757860629921261
21
-2.8070639763779526
0
LINE
8
BLACK
6
CONTINUOUS
10
5.0757860629921261
20
-2.8070639763779526
11
5.074204212598425
21
-2.8211031496062993
0
LINE
8
BLACK
6
CONTINUOUS
10
5.074204212598425
20
-2.8211031496062993
11
5.0710604330708664
21
-2.8348769291338582
0
LINE
8
BLACK
6
CONTINUOUS
10
5.0710604330708664
20
-2.8348769291338582
11
5.0663942913385824
21
-2.8482120866141734
0
LINE
8
BLACK
6
CONTINUOUS
10
5.0663942913385824
20
-2.8482120866141734
11
5.0602643700787402
21
-2.8609409448818899
0
LINE
8
BLACK
6
CONTINUOUS
10
5.0602643700787402
20
-2.8609409448818899
11
5.0527478346456691
21
-2.8729034645669289
0
LINE
8
BLACK
6
CONTINUOUS
10
5.0527478346456691
20
-2.8729034645669289
11
5.0439391732283463
21
-2.8839491732283462
0
LINE
8
BLACK
6
CONTINUOUS
10
5.0439391732283463
20
-2.8839491732283462
11
5.0339491732283461
21
-2.8939391732283464
0
LINE
8
BLACK
6
CONTINUOUS
10
5.0339491732283461
20
-2.8939391732283464
11
5.0229034645669293
21
-2.9027478346456692
0
LINE
8
BLACK
6
CONTINUOUS
10
5.0229034645669293
20
-2.9027478346456692
11
5.0109409448818898
21
-2.9102643700787403
0
LINE
8
BLACK
6
CONTINUOUS
10
5.0109409448818898
20
-2.9102643700787403
11
4.9982120866141733
21
-2.9163942913385825
0
LINE
8
BLACK
6
CONTINUOUS
10
4.9982120866141733
20
-2.9163942913385825
11
4.9848769291338577
21
-2.921060433070866
0
LINE
8
BLACK
6
CONTINUOUS
10
4.9848769291338577
20
-2.921060433070866
11
4.9711031496062992
21
-2.9242042125984251
0
LINE
8
BLACK
6
CONTINUOUS
10
4.9711031496062992
20
-2.9242042125984251
11
4.9570639763779525
21
-2.9257860629921257
0
LINE
8
BLACK
6
CONTINUOUS
10
4.9570639763779525
20
-2.9257860629921257
11
4.942936023622047
21
-2.9257860629921257
0
LINE
8
BLACK
6
CONTINUOUS
10
4.942936023622047
20
-2.9257860629921257
11
4.9288968503937003
21
-2.9242042125984251
0
LINE
8
BLACK
6
CONTINUOUS
10
4.9288968503937003
20
-2.9242042125984251
11
4.9151230708661418
21
-2.921060433070866
0
LINE
8
BLACK
6
CONTINUOUS
10
4.9151230708661418
20
-2.921060433070866
11
4.9017879133858271
21
-2.9163942913385825
0
LINE
8
BLACK
6
CONTINUOUS
10
4.9017879133858271
20
-2.9163942913385825
11
4.8890590551181106
21
-2.9102643700787403
0
LINE
8
BLACK
6
CONTINUOUS
10
4.8890590551181106
20
-2.9102643700787403
11
4.8770965354330711
21
-2.9027478346456692
0
LINE
8
BLACK
6
CONTINUOUS
10
4.8770965354330711
20
-2.9027478346456692
11
4.8660508267716533
21
-2.8939391732283464
0
LINE
8
BLACK
6
CONTINUOUS
10
4.8660508267716533
20
-2.8939391732283464
11
4.8560608267716532
21
-2.8839491732283462
0
LINE
8
BLACK
6
CONTINUOUS
10
4.8560608267716532
20
-2.8839491732283462
11
4.8472521653543303
21
-2.8729034645669289
0
LINE
8
BLACK
6
CONTINUOUS
10
4.8472521653543303
20
-2.8729034645669289
11
4.8397356299212602
21
-2.8609409448818899
0
LINE
8
BLACK
6
CONTINUOUS
10
4.8397356299212602
20
-2.8609409448818899
11
4.833605708661417
21
-2.8482120866141734
0
LINE
8
BLACK
6
CONTINUOUS
10
4.833605708661417
20
-2.8482120866141734
11
4.828939566929134
21
-2.8348769291338582
0
LINE
8
BLACK
6
CONTINUOUS
10
4.828939566929134
20
-2.8348769291338582
11
4.8257957874015744
21
-2.8211031496062993
0
LINE
8
BLACK
6
CONTINUOUS
10
4.8257957874015744
20
-2.8211031496062993
11
4.8242139370078743
21
-2.8070639763779526
0
LINE
8
BLACK
6
CONTINUOUS
10
4.8242139370078743
20
-2.8070639763779526
11
4.8242139370078743
21
-2.7929360236220471
0
LINE
8
BLACK
6
CONTINUOUS
10
4.8242139370078743
20
-2.7929360236220471
11
4.8257957874015744
21
-2.7788968503937008
0
LINE
8
BLACK
6
CONTINUOUS
10
4.8257957874015744
20
-2.7788968503937008
11
4.828939566929134
21
-2.7651230708661418
0
LINE
8
BLACK
6
CONTINUOUS
10
4.828939566929134
20
-2.7651230708661418
11
4.833605708661417
21
-2.7517879133858267
0
LINE
8
BLACK
6
CONTINUOUS
10
4.833605708661417
20
-2.7517879133858267
11
4.8397356299212602
21
-2.7390590551181102
0
LINE
8
BLACK
6
CONTINUOUS
10
4.8397356299212602
20
-2.7390590551181102
11
4.8472521653543303
21
-2.7270965354330707
0
LINE
8
BLACK
6
CONTINUOUS
10
4.8472521653543303
20
-2.7270965354330707
11
4.8560608267716532
21
-2.7160508267716534
0
LINE
8
BLACK
6
CONTINUOUS
10
4.8560608267716532
20
-2.7160508267716534
11
4.8660508267716533
21
-2.7060608267716533
0
LINE
8
BLACK
6
CONTINUOUS
10
4.8660508267716533
20
-2.7060608267716533
11
4.8770965354330711
21
-2.6972521653543304
0
LINE
8
BLACK
6
CONTINUOUS
10
4.8770965354330711
20
-2.6972521653543304
11
4.8890590551181106
21
-2.6897356299212598
0
LINE
8
BLACK
6
CONTINUOUS
10
4.8890590551181106
20
-2.6897356299212598
11
4.9017879133858271
21
-2.6836057086614171
0
LINE
8
BLACK
6
CONTINUOUS
10
4.9017879133858271
20
-2.6836057086614171
11
4.9151230708661418
21
-2.6789395669291336
0
LINE
8
BLACK
6
CONTINUOUS
10
4.9151230708661418
20
-2.6789395669291336
11
4.9288968503937003
21
-2.6757957874015745
0
LINE
8
BLACK
6
CONTINUOUS
10
4.9288968503937003
20
-2.6757957874015745
11
4.942936023622047
21
-2.6742139370078739
0
LINE
8
BLACK
6
CONTINUOUS
10
4.942936023622047
20
-2.6742139370078739
11
4.9570639763779525
21
-2.6742139370078739
0
LINE
8
BLACK
6
CONTINUOUS
10
4.9570639763779525
20
-2.6742139370078739
11
4.9711031496062992
21
-2.6757957874015745
0
LINE
8
BLACK
6
CONTINUOUS
10
3.7608872834645668
20
-2.8475489763779529
11
3.7634417716535431
21
-2.8492558661417324
0
LINE
8
BLACK
6
CONTINUOUS
10
3.7634417716535431
20
-2.8492558661417324
11
3.7651486614173226
21
-2.8518103543307087
0
LINE
8
BLACK
6
CONTINUOUS
10
3.7651486614173226
20
-2.8518103543307087
11
3.765748031496063
21
-2.854823622047244
0
LINE
8
BLACK
6
CONTINUOUS
10
3.765748031496063
20
-2.854823622047244
11
3.765748031496063
21
-2.9138787401574802
0
LINE
8
BLACK
6
CONTINUOUS
10
3.765748031496063
20
-2.9138787401574802
11
3.7651486614173226
21
-2.9168920078740155
0
LINE
8
BLACK
6
CONTINUOUS
10
3.7651486614173226
20
-2.9168920078740155
11
3.7634417716535431
21
-2.9194464960629922
0
LINE
8
BLACK
6
CONTINUOUS
10
3.7634417716535431
20
-2.9194464960629922
11
3.7608872834645668
21
-2.9211533858267718
0
LINE
8
BLACK
6
CONTINUOUS
10
3.7608872834645668
20
-2.9211533858267718
11
3.7578740157480315
21
-2.9217527559055116
0
LINE
8
BLACK
6
CONTINUOUS
10
3.7578740157480315
20
-2.9217527559055116
11
3.6791338582677167
21
-2.9217527559055116
0
LINE
8
BLACK
6
CONTINUOUS
10
3.6791338582677167
20
-2.9217527559055116
11
3.6761205905511809
21
-2.9211533858267718
0
LINE
8
BLACK
6
CONTINUOUS
10
3.6761205905511809
20
-2.9211533858267718
11
3.6735661023622046
21
-2.9194464960629922
0
LINE
8
BLACK
6
CONTINUOUS
10
3.6735661023622046
20
-2.9194464960629922
11
3.6718592125984251
21
-2.9168920078740155
0
LINE
8
BLACK
6
CONTINUOUS
10
3.6718592125984251
20
-2.9168920078740155
11
3.6712598425196847
21
-2.9138787401574802
0
LINE
8
BLACK
6
CONTINUOUS
10
3.6712598425196847
20
-2.9138787401574802
11
3.6712598425196847
21
-2.854823622047244
0
LINE
8
BLACK
6
CONTINUOUS
10
3.6712598425196847
20
-2.854823622047244
11
3.6718592125984251
21
-2.8518103543307087
0
LINE
8
BLACK
6
CONTINUOUS
10
3.6718592125984251
20
-2.8518103543307087
11
3.6735661023622046
21
-2.8492558661417324
0
LINE
8
BLACK
6
CONTINUOUS
10
3.6735661023622046
20
-2.8492558661417324
11
3.6761205905511809
21
-2.8475489763779529
0
LINE
8
BLACK
6
CONTINUOUS
10
3.6761205905511809
20
-2.8475489763779529
11
3.6791338582677167
21
-2.8469496062992126
0
LINE
8
BLACK
6
CONTINUOUS
10
3.6791338582677167
20
-2.8469496062992126
11
3.7578740157480315
21
-2.8469496062992126
0
LINE
8
BLACK
6
CONTINUOUS
10
3.7578740157480315
20
-2.8469496062992126
11
3.7608872834645668
21
-2.8475489763779529
0
LINE
8
BLACK
6
CONTINUOUS
10
4.1179944881889758
20
-2.8658482283464566
11
4.1229791732283463
21
-2.8675924409448816
0
LINE
8
BLACK
6
CONTINUOUS
10
4.1229791732283463
20
-2.8675924409448816
11
4.1272282677165357
21
-2.8707284251968503
0
LINE
8
BLACK
6
CONTINUOUS
10
4.1272282677165357
20
-2.8707284251968503
11
4.130364251968504
21
-2.8749775196850393
0
LINE
8
BLACK
6
CONTINUOUS
10
4.130364251968504
20
-2.8749775196850393
11
4.1321084645669286
21
-2.8799622047244093
0
LINE
8
BLACK
6
CONTINUOUS
10
4.1321084645669286
20
-2.8799622047244093
11
4.1324173228346455
21
-2.883255905511811
0
LINE
8
BLACK
6
CONTINUOUS
10
4.1324173228346455
20
-2.883255905511811
11
4.1324173228346455
21
-2.9029409448818897
0
LINE
8
BLACK
6
CONTINUOUS
10
4.1324173228346455
20
-2.9029409448818897
11
4.1321084645669286
21
-2.9062346456692913
0
LINE
8
BLACK
6
CONTINUOUS
10
4.1321084645669286
20
-2.9062346456692913
11
4.130364251968504
21
-2.9112193307086613
0
LINE
8
BLACK
6
CONTINUOUS
10
4.130364251968504
20
-2.9112193307086613
11
4.1272282677165357
21
-2.9154684251968503
0
LINE
8
BLACK
6
CONTINUOUS
10
4.1272282677165357
20
-2.9154684251968503
11
4.1229791732283463
21
-2.918604409448819
0
LINE
8
BLACK
6
CONTINUOUS
10
4.1229791732283463
20
-2.918604409448819
11
4.1179944881889758
21
-2.9203486220472441
0
LINE
8
BLACK
6
CONTINUOUS
10
4.1179944881889758
20
-2.9203486220472441
11
4.1147007874015751
21
-2.9206574803149605
0
LINE
8
BLACK
6
CONTINUOUS
10
4.1147007874015751
20
-2.9206574803149605
11
4.0772992125984251
21
-2.9206574803149605
0
LINE
8
BLACK
6
CONTINUOUS
10
4.0772992125984251
20
-2.9206574803149605
11
4.0740055118110234
21
-2.9203486220472441
0
LINE
8
BLACK
6
CONTINUOUS
10
4.0740055118110234
20
-2.9203486220472441
11
4.0690208267716539
21
-2.918604409448819
0
LINE
8
BLACK
6
CONTINUOUS
10
4.0690208267716539
20
-2.918604409448819
11
4.0647717322834644
21
-2.9154684251968503
0
LINE
8
BLACK
6
CONTINUOUS
10
4.0647717322834644
20
-2.9154684251968503
11
4.0616357480314962
21
-2.9112193307086613
0
LINE
8
BLACK
6
CONTINUOUS
10
4.0616357480314962
20
-2.9112193307086613
11
4.0598915354330707
21
-2.9062346456692913
0
LINE
8
BLACK
6
CONTINUOUS
10
4.0598915354330707
20
-2.9062346456692913
11
4.0595826771653538
21
-2.9029409448818897
0
LINE
8
BLACK
6
CONTINUOUS
10
4.0595826771653538
20
-2.9029409448818897
11
4.0595826771653538
21
-2.883255905511811
0
LINE
8
BLACK
6
CONTINUOUS
10
4.0595826771653538
20
-2.883255905511811
11
4.0598915354330707
21
-2.8799622047244093
0
LINE
8
BLACK
6
CONTINUOUS
10
4.0598915354330707
20
-2.8799622047244093
11
4.0616357480314962
21
-2.8749775196850393
0
LINE
8
BLACK
6
CONTINUOUS
10
4.0616357480314962
20
-2.8749775196850393
11
4.0647717322834644
21
-2.8707284251968503
0
LINE
8
BLACK
6
CONTINUOUS
10
4.0647717322834644
20
-2.8707284251968503
11
4.0690208267716539
21
-2.8675924409448816
0
LINE
8
BLACK
6
CONTINUOUS
10
4.0690208267716539
20
-2.8675924409448816
11
4.0740055118110234
21
-2.8658482283464566
0
LINE
8
BLACK
6
CONTINUOUS
10
4.0740055118110234
20
-2.8658482283464566
11
4.0772992125984251
21
-2.8655393700787402
0
LINE
8
BLACK
6
CONTINUOUS
10
4.0772992125984251
20
-2.8655393700787402
11
4.1147007874015751
21
-2.8655393700787402
0
LINE
8
BLACK
6
CONTINUOUS
10
4.1147007874015751
20
-2.8655393700787402
11
4.1179944881889758
21
-2.8658482283464566
0
LINE
8
BLACK
6
CONTINUOUS
10
3.5771125984251966
20
-2.8598482283464568
11
3.582097283464567
21
-2.8615924409448819
0
LINE
8
BLACK
6
CONTINUOUS
10
3.582097283464567
20
-2.8615924409448819
11
3.586346377952756
21
-2.8647284251968501
0
LINE
8
BLACK
6
CONTINUOUS
10
3.586346377952756
20
-2.8647284251968501
11
3.5894823622047243
21
-2.8689775196850391
0
LINE
8
BLACK
6
CONTINUOUS
10
3.5894823622047243
20
-2.8689775196850391
11
3.5912265748031493
21
-2.8739622047244096
0
LINE
8
BLACK
6
CONTINUOUS
10
3.5912265748031493
20
-2.8739622047244096
11
3.5915354330708662
21
-2.8772559055118108
0
LINE
8
BLACK
6
CONTINUOUS
10
3.5915354330708662
20
-2.8772559055118108
11
3.5915354330708662
21
-2.8969409448818899
0
LINE
8
BLACK
6
CONTINUOUS
10
3.5915354330708662
20
-2.8969409448818899
11
3.5912265748031493
21
-2.9002346456692911
0
LINE
8
BLACK
6
CONTINUOUS
10
3.5912265748031493
20
-2.9002346456692911
11
3.5894823622047243
21
-2.9052193307086616
0
LINE
8
BLACK
6
CONTINUOUS
10
3.5894823622047243
20
-2.9052193307086616
11
3.586346377952756
21
-2.9094684251968501
0
LINE
8
BLACK
6
CONTINUOUS
10
3.586346377952756
20
-2.9094684251968501
11
3.582097283464567
21
-2.9126044094488188
0
LINE
8
BLACK
6
CONTINUOUS
10
3.582097283464567
20
-2.9126044094488188
11
3.5771125984251966
21
-2.9143486220472439
0
LINE
8
BLACK
6
CONTINUOUS
10
3.5771125984251966
20
-2.9143486220472439
11
3.5738188976377954
21
-2.9146574803149607
0
LINE
8
BLACK
6
CONTINUOUS
10
3.5738188976377954
20
-2.9146574803149607
11
3.5364173228346454
21
-2.9146574803149607
0
LINE
8
BLACK
6
CONTINUOUS
10
3.5364173228346454
20
-2.9146574803149607
11
3.5331236220472442
21
-2.9143486220472439
0
LINE
8
BLACK
6
CONTINUOUS
10
3.5331236220472442
20
-2.9143486220472439
11
3.5281389370078737
21
-2.9126044094488188
0
LINE
8
BLACK
6
CONTINUOUS
10
3.5281389370078737
20
-2.9126044094488188
11
3.5238898425196852
21
-2.9094684251968501
0
LINE
8
BLACK
6
CONTINUOUS
10
3.5238898425196852
20
-2.9094684251968501
11
3.5207538582677165
21
-2.9052193307086616
0
LINE
8
BLACK
6
CONTINUOUS
10
3.5207538582677165
20
-2.9052193307086616
11
3.5190096456692914
21
-2.9002346456692911
0
LINE
8
BLACK
6
CONTINUOUS
10
3.5190096456692914
20
-2.9002346456692911
11
3.5187007874015745
21
-2.8969409448818899
0
LINE
8
BLACK
6
CONTINUOUS
10
3.5187007874015745
20
-2.8969409448818899
11
3.5187007874015745
21
-2.8772559055118108
0
LINE
8
BLACK
6
CONTINUOUS
10
3.5187007874015745
20
-2.8772559055118108
11
3.5190096456692914
21
-2.8739622047244096
0
LINE
8
BLACK
6
CONTINUOUS
10
3.5190096456692914
20
-2.8739622047244096
11
3.5207538582677165
21
-2.8689775196850391
0
LINE
8
BLACK
6
CONTINUOUS
10
3.5207538582677165
20
-2.8689775196850391
11
3.5238898425196852
21
-2.8647284251968501
0
LINE
8
BLACK
6
CONTINUOUS
10
3.5238898425196852
20
-2.8647284251968501
11
3.5281389370078737
21
-2.8615924409448819
0
LINE
8
BLACK
6
CONTINUOUS
10
3.5281389370078737
20
-2.8615924409448819
11
3.5331236220472442
21
-2.8598482283464568
0
LINE
8
BLACK
6
CONTINUOUS
10
3.5331236220472442
20
-2.8598482283464568
11
3.5364173228346454
21
-2.8595393700787399
0
LINE
8
BLACK
6
CONTINUOUS
10
3.5364173228346454
20
-2.8595393700787399
11
3.5738188976377954
21
-2.8595393700787399
0
LINE
8
BLACK
6
CONTINUOUS
10
3.5738188976377954
20
-2.8595393700787399
11
3.5771125984251966
21
-2.8598482283464568
0
LINE
8
BLACK
6
CONTINUOUS
10
3.6449343307086615
20
-2.8587165748031493
11
3.6495987795275591
21
-2.8610932283464567
0
LINE
8
BLACK
6
CONTINUOUS
10
3.6495987795275591
20
-2.8610932283464567
11
3.6533004724409448
21
-2.8647949212598425
0
LINE
8
BLACK
6
CONTINUOUS
10
3.6533004724409448
20
-2.8647949212598425
11
3.6556771259842518
21
-2.8694593700787401
0
LINE
8
BLACK
6
CONTINUOUS
10
3.6556771259842518
20
-2.8694593700787401
11
3.6564960629921259
21
-2.8746299212598423
0
LINE
8
BLACK
6
CONTINUOUS
10
3.6564960629921259
20
-2.8746299212598423
11
3.6564960629921259
21
-2.8923464566929131
0
LINE
8
BLACK
6
CONTINUOUS
10
3.6564960629921259
20
-2.8923464566929131
11
3.6556771259842518
21
-2.8975170078740158
0
LINE
8
BLACK
6
CONTINUOUS
10
3.6556771259842518
20
-2.8975170078740158
11
3.6533004724409448
21
-2.9021814566929134
0
LINE
8
BLACK
6
CONTINUOUS
10
3.6533004724409448
20
-2.9021814566929134
11
3.6495987795275591
21
-2.9058831496062991
0
LINE
8
BLACK
6
CONTINUOUS
10
3.6495987795275591
20
-2.9058831496062991
11
3.6449343307086615
21
-2.9082598031496061
0
LINE
8
BLACK
6
CONTINUOUS
10
3.6449343307086615
20
-2.9082598031496061
11
3.6397637795275588
21
-2.9090787401574802
0
LINE
8
BLACK
6
CONTINUOUS
10
3.6397637795275588
20
-2.9090787401574802
11
3.6200787401574801
21
-2.9090787401574802
0
LINE
8
BLACK
6
CONTINUOUS
10
3.6200787401574801
20
-2.9090787401574802
11
3.6149081889763779
21
-2.9082598031496061
0
LINE
8
BLACK
6
CONTINUOUS
10
3.6149081889763779
20
-2.9082598031496061
11
3.6102437401574803
21
-2.9058831496062991
0
LINE
8
BLACK
6
CONTINUOUS
10
3.6102437401574803
20
-2.9058831496062991
11
3.6065420472440946
21
-2.9021814566929134
0
LINE
8
BLACK
6
CONTINUOUS
10
3.6065420472440946
20
-2.9021814566929134
11
3.6041653937007871
21
-2.8975170078740158
0
LINE
8
BLACK
6
CONTINUOUS
10
3.6041653937007871
20
-2.8975170078740158
11
3.6033464566929134
21
-2.8923464566929131
0
LINE
8
BLACK
6
CONTINUOUS
10
3.6033464566929134
20
-2.8923464566929131
11
3.6033464566929134
21
-2.8746299212598423
0
LINE
8
BLACK
6
CONTINUOUS
10
3.6033464566929134
20
-2.8746299212598423
11
3.6041653937007871
21
-2.8694593700787401
0
LINE
8
BLACK
6
CONTINUOUS
10
3.6041653937007871
20
-2.8694593700787401
11
3.6065420472440946
21
-2.8647949212598425
0
LINE
8
BLACK
6
CONTINUOUS
10
3.6065420472440946
20
-2.8647949212598425
11
3.6102437401574803
21
-2.8610932283464567
0
LINE
8
BLACK
6
CONTINUOUS
10
3.6102437401574803
20
-2.8610932283464567
11
3.6149081889763779
21
-2.8587165748031493
0
LINE
8
BLACK
6
CONTINUOUS
10
3.6149081889763779
20
-2.8587165748031493
11
3.6200787401574801
21
-2.8578976377952756
0
LINE
8
BLACK
6
CONTINUOUS
10
3.6200787401574801
20
-2.8578976377952756
11
3.6397637795275588
21
-2.8578976377952756
0
LINE
8
BLACK
6
CONTINUOUS
10
3.6397637795275588
20
-2.8578976377952756
11
3.6449343307086615
21
-2.8587165748031493
0
LINE
8
BLACK
6
CONTINUOUS
10
2.826515590551181
20
-2.7844907086614175
11
2.8350350787401575
21
-2.7872588582677165
0
LINE
8
BLACK
6
CONTINUOUS
10
2.8350350787401575
20
-2.7872588582677165
11
2.843016653543307
21
-2.7913256692913384
0
LINE
8
BLACK
6
CONTINUOUS
10
2.843016653543307
20
-2.7913256692913384
11
2.8502637795275589
21
-2.7965909842519685
0
LINE
8
BLACK
6
CONTINUOUS
10
2.8502637795275589
20
-2.7965909842519685
11
2.8565979921259843
21
-2.8029251968503934
0
LINE
8
BLACK
6
CONTINUOUS
10
2.8565979921259843
20
-2.8029251968503934
11
2.861863307086614
21
-2.8101723228346458
0
LINE
8
BLACK
6
CONTINUOUS
10
2.861863307086614
20
-2.8101723228346458
11
2.8659301181102363
21
-2.8181538976377953
0
LINE
8
BLACK
6
CONTINUOUS
10
2.8659301181102363
20
-2.8181538976377953
11
2.8686982677165354
21
-2.8266733858267714
0
LINE
8
BLACK
6
CONTINUOUS
10
2.8686982677165354
20
-2.8266733858267714
11
2.8700996062992123
21
-2.8355210236220474
0
LINE
8
BLACK
6
CONTINUOUS
10
2.8700996062992123
20
-2.8355210236220474
11
2.8700996062992123
21
-2.8444789763779528
0
LINE
8
BLACK
6
CONTINUOUS
10
2.8700996062992123
20
-2.8444789763779528
11
2.8686982677165354
21
-2.8533266141732283
0
LINE
8
BLACK
6
CONTINUOUS
10
2.8686982677165354
20
-2.8533266141732283
11
2.8659301181102363
21
-2.8618461023622048
0
LINE
8
BLACK
6
CONTINUOUS
10
2.8659301181102363
20
-2.8618461023622048
11
2.861863307086614
21
-2.8698276771653544
0
LINE
8
BLACK
6
CONTINUOUS
10
2.861863307086614
20
-2.8698276771653544
11
2.8565979921259843
21
-2.8770748031496063
0
LINE
8
BLACK
6
CONTINUOUS
10
2.8565979921259843
20
-2.8770748031496063
11
2.8502637795275589
21
-2.8834090157480312
0
LINE
8
BLACK
6
CONTINUOUS
10
2.8502637795275589
20
-2.8834090157480312
11
2.843016653543307
21
-2.8886743307086613
0
LINE
8
BLACK
6
CONTINUOUS
10
2.843016653543307
20
-2.8886743307086613
11
2.8350350787401575
21
-2.8927411417322832
0
LINE
8
BLACK
6
CONTINUOUS
10
2.8350350787401575
20
-2.8927411417322832
11
2.826515590551181
21
-2.8955092913385827
0
LINE
8
BLACK
6
CONTINUOUS
10
2.826515590551181
20
-2.8955092913385827
11
2.8176679527559054
21
-2.8969106299212597
0
LINE
8
BLACK
6
CONTINUOUS
10
2.8176679527559054
20
-2.8969106299212597
11
2.80871
21
-2.8969106299212597
0
LINE
8
BLACK
6
CONTINUOUS
10
2.80871
20
-2.8969106299212597
11
2.7998623622047245
21
-2.8955092913385827
0
LINE
8
BLACK
6
CONTINUOUS
10
2.7998623622047245
20
-2.8955092913385827
11
2.791342874015748
21
-2.8927411417322832
0
LINE
8
BLACK
6
CONTINUOUS
10
2.791342874015748
20
-2.8927411417322832
11
2.7833612992125984
21
-2.8886743307086613
0
LINE
8
BLACK
6
CONTINUOUS
10
2.7833612992125984
20
-2.8886743307086613
11
2.7761141732283465
21
-2.8834090157480312
0
LINE
8
BLACK
6
CONTINUOUS
10
2.7761141732283465
20
-2.8834090157480312
11
2.7697799606299212
21
-2.8770748031496063
0
LINE
8
BLACK
6
CONTINUOUS
10
2.7697799606299212
20
-2.8770748031496063
11
2.7645146456692911
21
-2.8698276771653544
0
LINE
8
BLACK
6
CONTINUOUS
10
2.7645146456692911
20
-2.8698276771653544
11
2.7604478346456691
21
-2.8618461023622048
0
LINE
8
BLACK
6
CONTINUOUS
10
2.7604478346456691
20
-2.8618461023622048
11
2.7576796850393701
21
-2.8533266141732283
0
LINE
8
BLACK
6
CONTINUOUS
10
2.7576796850393701
20
-2.8533266141732283
11
2.7562783464566927
21
-2.8444789763779528
0
LINE
8
BLACK
6
CONTINUOUS
10
2.7562783464566927
20
-2.8444789763779528
11
2.7562783464566927
21
-2.8355210236220474
0
LINE
8
BLACK
6
CONTINUOUS
10
2.7562783464566927
20
-2.8355210236220474
11
2.7576796850393701
21
-2.8266733858267714
0
LINE
8
BLACK
6
CONTINUOUS
10
2.7576796850393701
20
-2.8266733858267714
11
2.7604478346456691
21
-2.8181538976377953
0
LINE
8
BLACK
6
CONTINUOUS
10
2.7604478346456691
20
-2.8181538976377953
11
2.7645146456692911
21
-2.8101723228346458
0
LINE
8
BLACK
6
CONTINUOUS
10
2.7645146456692911
20
-2.8101723228346458
11
2.7697799606299212
21
-2.8029251968503934
0
LINE
8
BLACK
6
CONTINUOUS
10
2.7697799606299212
20
-2.8029251968503934
11
2.7761141732283465
21
-2.7965909842519685
0
LINE
8
BLACK
6
CONTINUOUS
10
2.7761141732283465
20
-2.7965909842519685
11
2.7833612992125984
21
-2.7913256692913384
0
LINE
8
BLACK
6
CONTINUOUS
10
2.7833612992125984
20
-2.7913256692913384
11
2.791342874015748
21
-2.7872588582677165
0
LINE
8
BLACK
6
CONTINUOUS
10
2.791342874015748
20
-2.7872588582677165
11
2.7998623622047245
21
-2.7844907086614175
0
LINE
8
BLACK
6
CONTINUOUS
10
2.7998623622047245
20
-2.7844907086614175
11
2.80871
21
-2.78308937007874
0
LINE
8
BLACK
6
CONTINUOUS
10
2.80871
20
-2.78308937007874
11
2.8176679527559054
21
-2.78308937007874
0
LINE
8
BLACK
6
CONTINUOUS
10
2.8176679527559054
20
-2.78308937007874
11
2.826515590551181
21
-2.7844907086614175
0
LINE
8
BLACK
6
CONTINUOUS
10
2.9686107874015746
20
-2.8078068897637793
11
2.9739585826771653
21
-2.8100220078740157
0
LINE
8
BLACK
6
CONTINUOUS
10
2.9739585826771653
20
-2.8100220078740157
11
2.9787714566929133
21
-2.8132378740157478
0
LINE
8
BLACK
6
CONTINUOUS
10
2.9787714566929133
20
-2.8132378740157478
11
2.9828644881889761
21
-2.817330905511811
0
LINE
8
BLACK
6
CONTINUOUS
10
2.9828644881889761
20
-2.817330905511811
11
2.9850393700787401
21
-2.8205858267716533
0
LINE
8
BLACK
6
CONTINUOUS
10
2.9850393700787401
20
-2.8205858267716533
11
2.9872142519685037
21
-2.817330905511811
0
LINE
8
BLACK
6
CONTINUOUS
10
2.9872142519685037
20
-2.817330905511811
11
2.9913072834645669
21
-2.8132378740157478
0
LINE
8
BLACK
6
CONTINUOUS
10
2.9913072834645669
20
-2.8132378740157478
11
2.9961201574803149
21
-2.8100220078740157
0
LINE
8
BLACK
6
CONTINUOUS
10
2.9961201574803149
20
-2.8100220078740157
11
3.0014679527559056
21
-2.8078068897637793
0
LINE
8
BLACK
6
CONTINUOUS
10
3.0014679527559056
20
-2.8078068897637793
11
3.007145157480315
21
-2.8066775984251966
0
LINE
8
BLACK
6
CONTINUOUS
10
3.007145157480315
20
-2.8066775984251966
11
3.0129335826771655
21
-2.8066775984251966
0
LINE
8
BLACK
6
CONTINUOUS
10
3.0129335826771655
20
-2.8066775984251966
11
3.0186107874015748
21
-2.8078068897637793
0
LINE
8
BLACK
6
CONTINUOUS
10
3.0186107874015748
20
-2.8078068897637793
11
3.0239585826771651
21
-2.8100220078740157
0
LINE
8
BLACK
6
CONTINUOUS
10
3.0239585826771651
20
-2.8100220078740157
11
3.0287714566929131
21
-2.8132378740157478
0
LINE
8
BLACK
6
CONTINUOUS
10
3.0287714566929131
20
-2.8132378740157478
11
3.0328644881889764
21
-2.817330905511811
0
LINE
8
BLACK
6
CONTINUOUS
10
3.0328644881889764
20
-2.817330905511811
11
3.0360803543307084
21
-2.822143779527559
0
LINE
8
BLACK
6
CONTINUOUS
10
3.0360803543307084
20
-2.822143779527559
11
3.0382954724409448
21
-2.8274915748031497
0
LINE
8
BLACK
6
CONTINUOUS
10
3.0382954724409448
20
-2.8274915748031497
11
3.0394247637795275
21
-2.8331687795275591
0
LINE
8
BLACK
6
CONTINUOUS
10
3.0394247637795275
20
-2.8331687795275591
11
3.0395669291338581
21
-2.8360629921259841
0
LINE
8
BLACK
6
CONTINUOUS
10
3.0395669291338581
20
-2.8360629921259841
11
3.0395669291338581
21
-2.8439370078740156
0
LINE
8
BLACK
6
CONTINUOUS
10
3.0395669291338581
20
-2.8439370078740156
11
3.0394247637795275
21
-2.8468312204724411
0
LINE
8
BLACK
6
CONTINUOUS
10
3.0394247637795275
20
-2.8468312204724411
11
3.0382954724409448
21
-2.8525084251968504
0
LINE
8
BLACK
6
CONTINUOUS
10
3.0382954724409448
20
-2.8525084251968504
11
3.0360803543307084
21
-2.8578562204724407
0
LINE
8
BLACK
6
CONTINUOUS
10
3.0360803543307084
20
-2.8578562204724407
11
3.0328644881889764
21
-2.8626690944881887
0
LINE
8
BLACK
6
CONTINUOUS
10
3.0328644881889764
20
-2.8626690944881887
11
3.0287714566929131
21
-2.866762125984252
0
LINE
8
BLACK
6
CONTINUOUS
10
3.0287714566929131
20
-2.866762125984252
11
3.0239585826771651
21
-2.869977992125984
0
LINE
8
BLACK
6
CONTINUOUS
10
3.0239585826771651
20
-2.869977992125984
11
3.0186107874015748
21
-2.8721931102362204
0
LINE
8
BLACK
6
CONTINUOUS
10
3.0186107874015748
20
-2.8721931102362204
11
3.0129335826771655
21
-2.8733224015748031
0
LINE
8
BLACK
6
CONTINUOUS
10
3.0129335826771655
20
-2.8733224015748031
11
3.007145157480315
21
-2.8733224015748031
0
LINE
8
BLACK
6
CONTINUOUS
10
3.007145157480315
20
-2.8733224015748031
11
3.0014679527559056
21
-2.8721931102362204
0
LINE
8
BLACK
6
CONTINUOUS
10
3.0014679527559056
20
-2.8721931102362204
11
2.9961201574803149
21
-2.869977992125984
0
LINE
8
BLACK
6
CONTINUOUS
10
2.9961201574803149
20
-2.869977992125984
11
2.9913072834645669
21
-2.866762125984252
0
LINE
8
BLACK
6
CONTINUOUS
10
2.9913072834645669
20
-2.866762125984252
11
2.9872142519685037
21
-2.8626690944881887
0
LINE
8
BLACK
6
CONTINUOUS
10
2.9872142519685037
20
-2.8626690944881887
11
2.9850393700787401
21
-2.8594141338582677
0
LINE
8
BLACK
6
CONTINUOUS
10
2.9850393700787401
20
-2.8594141338582677
11
2.9828644881889761
21
-2.8626690944881887
0
LINE
8
BLACK
6
CONTINUOUS
10
2.9828644881889761
20
-2.8626690944881887
11
2.9787714566929133
21
-2.866762125984252
0
LINE
8
BLACK
6
CONTINUOUS
10
2.9787714566929133
20
-2.866762125984252
11
2.9739585826771653
21
-2.869977992125984
0
LINE
8
BLACK
6
CONTINUOUS
10
2.9739585826771653
20
-2.869977992125984
11
2.9686107874015746
21
-2.8721931102362204
0
LINE
8
BLACK
6
CONTINUOUS
10
2.9686107874015746
20
-2.8721931102362204
11
2.9629335826771652
21
-2.8733224015748031
0
LINE
8
BLACK
6
CONTINUOUS
10
2.9629335826771652
20
-2.8733224015748031
11
2.9571451574803147
21
-2.8733224015748031
0
LINE
8
BLACK
6
CONTINUOUS
10
2.9571451574803147
20
-2.8733224015748031
11
2.9514679527559053
21
-2.8721931102362204
0
LINE
8
BLACK
6
CONTINUOUS
10
2.9514679527559053
20
-2.8721931102362204
11
2.9461201574803151
21
-2.869977992125984
0
LINE
8
BLACK
6
CONTINUOUS
10
2.9461201574803151
20
-2.869977992125984
11
2.941307283464567
21
-2.866762125984252
0
LINE
8
BLACK
6
CONTINUOUS
10
2.941307283464567
20
-2.866762125984252
11
2.9372142519685038
21
-2.8626690944881887
0
LINE
8
BLACK
6
CONTINUOUS
10
2.9372142519685038
20
-2.8626690944881887
11
2.9339983858267717
21
-2.8578562204724407
0
LINE
8
BLACK
6
CONTINUOUS
10
2.9339983858267717
20
-2.8578562204724407
11
2.9317832677165354
21
-2.8525084251968504
0
LINE
8
BLACK
6
CONTINUOUS
10
2.9317832677165354
20
-2.8525084251968504
11
2.9306539763779527
21
-2.8468312204724411
0
LINE
8
BLACK
6
CONTINUOUS
10
2.9306539763779527
20
-2.8468312204724411
11
2.9305118110236221
21
-2.8439370078740156
0
LINE
8
BLACK
6
CONTINUOUS
10
2.9305118110236221
20
-2.8439370078740156
11
2.9305118110236221
21
-2.8360629921259841
0
LINE
8
BLACK
6
CONTINUOUS
10
2.9305118110236221
20
-2.8360629921259841
11
2.9306539763779527
21
-2.8331687795275591
0
LINE
8
BLACK
6
CONTINUOUS
10
2.9306539763779527
20
-2.8331687795275591
11
2.9317832677165354
21
-2.8274915748031497
0
LINE
8
BLACK
6
CONTINUOUS
10
2.9317832677165354
20
-2.8274915748031497
11
2.9339983858267717
21
-2.822143779527559
0
LINE
8
BLACK
6
CONTINUOUS
10
2.9339983858267717
20
-2.822143779527559
11
2.9372142519685038
21
-2.817330905511811
0
LINE
8
BLACK
6
CONTINUOUS
10
2.9372142519685038
20
-2.817330905511811
11
2.941307283464567
21
-2.8132378740157478
0
LINE
8
BLACK
6
CONTINUOUS
10
2.941307283464567
20
-2.8132378740157478
11
2.9461201574803151
21
-2.8100220078740157
0
LINE
8
BLACK
6
CONTINUOUS
10
2.9461201574803151
20
-2.8100220078740157
11
2.9514679527559053
21
-2.8078068897637793
0
LINE
8
BLACK
6
CONTINUOUS
10
2.9514679527559053
20
-2.8078068897637793
11
2.9571451574803147
21
-2.8066775984251966
0
LINE
8
BLACK
6
CONTINUOUS
10
2.9571451574803147
20
-2.8066775984251966
11
2.9629335826771652
21
-2.8066775984251966
0
LINE
8
BLACK
6
CONTINUOUS
10
2.9629335826771652
20
-2.8066775984251966
11
2.9686107874015746
21
-2.8078068897637793
0
LINE
8
BLACK
6
CONTINUOUS
10
3.1186107874015749
20
-2.8078068897637793
11
3.1239585826771652
21
-2.8100220078740157
0
LINE
8
BLACK
6
CONTINUOUS
10
3.1239585826771652
20
-2.8100220078740157
11
3.1287714566929132
21
-2.8132378740157478
0
LINE
8
BLACK
6
CONTINUOUS
10
3.1287714566929132
20
-2.8132378740157478
11
3.1328644881889764
21
-2.817330905511811
0
LINE
8
BLACK
6
CONTINUOUS
10
3.1328644881889764
20
-2.817330905511811
11
3.13503937007874
21
-2.8205858267716533
0
LINE
8
BLACK
6
CONTINUOUS
10
3.13503937007874
20
-2.8205858267716533
11
3.137214251968504
21
-2.817330905511811
0
LINE
8
BLACK
6
CONTINUOUS
10
3.137214251968504
20
-2.817330905511811
11
3.1413072834645668
21
-2.8132378740157478
0
LINE
8
BLACK
6
CONTINUOUS
10
3.1413072834645668
20
-2.8132378740157478
11
3.1461201574803148
21
-2.8100220078740157
0
LINE
8
BLACK
6
CONTINUOUS
10
3.1461201574803148
20
-2.8100220078740157
11
3.1514679527559055
21
-2.8078068897637793
0
LINE
8
BLACK
6
CONTINUOUS
10
3.1514679527559055
20
-2.8078068897637793
11
3.1571451574803149
21
-2.8066775984251966
0
LINE
8
BLACK
6
CONTINUOUS
10
3.1571451574803149
20
-2.8066775984251966
11
3.1629335826771654
21
-2.8066775984251966
0
LINE
8
BLACK
6
CONTINUOUS
10
3.1629335826771654
20
-2.8066775984251966
11
3.1686107874015748
21
-2.8078068897637793
0
LINE
8
BLACK
6
CONTINUOUS
10
3.1686107874015748
20
-2.8078068897637793
11
3.1739585826771655
21
-2.8100220078740157
0
LINE
8
BLACK
6
CONTINUOUS
10
3.1739585826771655
20
-2.8100220078740157
11
3.1787714566929135
21
-2.8132378740157478
0
LINE
8
BLACK
6
CONTINUOUS
10
3.1787714566929135
20
-2.8132378740157478
11
3.1828644881889763
21
-2.817330905511811
0
LINE
8
BLACK
6
CONTINUOUS
10
3.1828644881889763
20
-2.817330905511811
11
3.1860803543307088
21
-2.822143779527559
0
LINE
8
BLACK
6
CONTINUOUS
10
3.1860803543307088
20
-2.822143779527559
11
3.1882954724409447
21
-2.8274915748031497
0
LINE
8
BLACK
6
CONTINUOUS
10
3.1882954724409447
20
-2.8274915748031497
11
3.1894247637795274
21
-2.8331687795275591
0
LINE
8
BLACK
6
CONTINUOUS
10
3.1894247637795274
20
-2.8331687795275591
11
3.189566929133858
21
-2.8360629921259841
0
LINE
8
BLACK
6
CONTINUOUS
10
3.189566929133858
20
-2.8360629921259841
11
3.189566929133858
21
-2.8439370078740156
0
LINE
8
BLACK
6
CONTINUOUS
10
3.189566929133858
20
-2.8439370078740156
11
3.1894247637795274
21
-2.8468312204724411
0
LINE
8
BLACK
6
CONTINUOUS
10
3.1894247637795274
20
-2.8468312204724411
11
3.1882954724409447
21
-2.8525084251968504
0
LINE
8
BLACK
6
CONTINUOUS
10
3.1882954724409447
20
-2.8525084251968504
11
3.1860803543307088
21
-2.8578562204724407
0
LINE
8
BLACK
6
CONTINUOUS
10
3.1860803543307088
20
-2.8578562204724407
11
3.1828644881889763
21
-2.8626690944881887
0
LINE
8
BLACK
6
CONTINUOUS
10
3.1828644881889763
20
-2.8626690944881887
11
3.1787714566929135
21
-2.866762125984252
0
LINE
8
BLACK
6
CONTINUOUS
10
3.1787714566929135
20
-2.866762125984252
11
3.1739585826771655
21
-2.869977992125984
0
LINE
8
BLACK
6
CONTINUOUS
10
3.1739585826771655
20
-2.869977992125984
11
3.1686107874015748
21
-2.8721931102362204
0
LINE
8
BLACK
6
CONTINUOUS
10
3.1686107874015748
20
-2.8721931102362204
11
3.1629335826771654
21
-2.8733224015748031
0
LINE
8
BLACK
6
CONTINUOUS
10
3.1629335826771654
20
-2.8733224015748031
11
3.1571451574803149
21
-2.8733224015748031
0
LINE
8
BLACK
6
CONTINUOUS
10
3.1571451574803149
20
-2.8733224015748031
11
3.1514679527559055
21
-2.8721931102362204
0
LINE
8
BLACK
6
CONTINUOUS
10
3.1514679527559055
20
-2.8721931102362204
11
3.1461201574803148
21
-2.869977992125984
0
LINE
8
BLACK
6
CONTINUOUS
10
3.1461201574803148
20
-2.869977992125984
11
3.1413072834645668
21
-2.866762125984252
0
LINE
8
BLACK
6
CONTINUOUS
10
3.1413072834645668
20
-2.866762125984252
11
3.137214251968504
21
-2.8626690944881887
0
LINE
8
BLACK
6
CONTINUOUS
10
3.137214251968504
20
-2.8626690944881887
11
3.13503937007874
21
-2.8594141338582677
0
LINE
8
BLACK
6
CONTINUOUS
10
3.13503937007874
20
-2.8594141338582677
11
3.1328644881889764
21
-2.8626690944881887
0
LINE
8
BLACK
6
CONTINUOUS
10
3.1328644881889764
20
-2.8626690944881887
11
3.1287714566929132
21
-2.866762125984252
0
LINE
8
BLACK
6
CONTINUOUS
10
3.1287714566929132
20
-2.866762125984252
11
3.1239585826771652
21
-2.869977992125984
0
LINE
8
BLACK
6
CONTINUOUS
10
3.1239585826771652
20
-2.869977992125984
11
3.1186107874015749
21
-2.8721931102362204
0
LINE
8
BLACK
6
CONTINUOUS
10
3.1186107874015749
20
-2.8721931102362204
11
3.1129335826771651
21
-2.8733224015748031
0
LINE
8
BLACK
6
CONTINUOUS
10
3.1129335826771651
20
-2.8733224015748031
11
3.1071451574803151
21
-2.8733224015748031
0
LINE
8
BLACK
6
CONTINUOUS
10
3.1071451574803151
20
-2.8733224015748031
11
3.1014679527559053
21
-2.8721931102362204
0
LINE
8
BLACK
6
CONTINUOUS
10
3.1014679527559053
20
-2.8721931102362204
11
3.096120157480315
21
-2.869977992125984
0
LINE
8
BLACK
6
CONTINUOUS
10
3.096120157480315
20
-2.869977992125984
11
3.091307283464567
21
-2.866762125984252
0
LINE
8
BLACK
6
CONTINUOUS
10
3.091307283464567
20
-2.866762125984252
11
3.0872142519685037
21
-2.8626690944881887
0
LINE
8
BLACK
6
CONTINUOUS
10
3.0872142519685037
20
-2.8626690944881887
11
3.0839983858267717
21
-2.8578562204724407
0
LINE
8
BLACK
6
CONTINUOUS
10
3.0839983858267717
20
-2.8578562204724407
11
3.0817832677165353
21
-2.8525084251968504
0
LINE
8
BLACK
6
CONTINUOUS
10
3.0817832677165353
20
-2.8525084251968504
11
3.0806539763779526
21
-2.8468312204724411
0
LINE
8
BLACK
6
CONTINUOUS
10
3.0806539763779526
20
-2.8468312204724411
11
3.080511811023622
21
-2.8439370078740156
0
LINE
8
BLACK
6
CONTINUOUS
10
3.080511811023622
20
-2.8439370078740156
11
3.080511811023622
21
-2.8360629921259841
0
LINE
8
BLACK
6
CONTINUOUS
10
3.080511811023622
20
-2.8360629921259841
11
3.0806539763779526
21
-2.8331687795275591
0
LINE
8
BLACK
6
CONTINUOUS
10
3.0806539763779526
20
-2.8331687795275591
11
3.0817832677165353
21
-2.8274915748031497
0
LINE
8
BLACK
6
CONTINUOUS
10
3.0817832677165353
20
-2.8274915748031497
11
3.0839983858267717
21
-2.822143779527559
0
LINE
8
BLACK
6
CONTINUOUS
10
3.0839983858267717
20
-2.822143779527559
11
3.0872142519685037
21
-2.817330905511811
0
LINE
8
BLACK
6
CONTINUOUS
10
3.0872142519685037
20
-2.817330905511811
11
3.091307283464567
21
-2.8132378740157478
0
LINE
8
BLACK
6
CONTINUOUS
10
3.091307283464567
20
-2.8132378740157478
11
3.096120157480315
21
-2.8100220078740157
0
LINE
8
BLACK
6
CONTINUOUS
10
3.096120157480315
20
-2.8100220078740157
11
3.1014679527559053
21
-2.8078068897637793
0
LINE
8
BLACK
6
CONTINUOUS
10
3.1014679527559053
20
-2.8078068897637793
11
3.1071451574803151
21
-2.8066775984251966
0
LINE
8
BLACK
6
CONTINUOUS
10
3.1071451574803151
20
-2.8066775984251966
11
3.1129335826771651
21
-2.8066775984251966
0
LINE
8
BLACK
6
CONTINUOUS
10
3.1129335826771651
20
-2.8066775984251966
11
3.1186107874015749
21
-2.8078068897637793
0
LINE
8
BLACK
6
CONTINUOUS
10
4.636950275590551
20
-2.768630866141732
11
4.6395047637795273
21
-2.7703377559055116
0
LINE
8
BLACK
6
CONTINUOUS
10
4.6395047637795273
20
-2.7703377559055116
11
4.6412116535433068
21
-2.7728922440944883
0
LINE
8
BLACK
6
CONTINUOUS
10
4.6412116535433068
20
-2.7728922440944883
11
4.6418110236220471
21
-2.7759055118110236
0
LINE
8
BLACK
6
CONTINUOUS
10
4.6418110236220471
20
-2.7759055118110236
11
4.6418110236220471
21
-2.8359055118110237
0
LINE
8
BLACK
6
CONTINUOUS
10
4.6418110236220471
20
-2.8359055118110237
11
4.6412116535433068
21
-2.838918779527559
0
LINE
8
BLACK
6
CONTINUOUS
10
4.6412116535433068
20
-2.838918779527559
11
4.6395047637795273
21
-2.8414732677165353
0
LINE
8
BLACK
6
CONTINUOUS
10
4.6395047637795273
20
-2.8414732677165353
11
4.636950275590551
21
-2.8431801574803148
0
LINE
8
BLACK
6
CONTINUOUS
10
4.636950275590551
20
-2.8431801574803148
11
4.6339370078740156
21
-2.8437795275590552
0
LINE
8
BLACK
6
CONTINUOUS
10
4.6339370078740156
20
-2.8437795275590552
11
4.573937007874016
21
-2.8437795275590552
0
LINE
8
BLACK
6
CONTINUOUS
10
4.573937007874016
20
-2.8437795275590552
11
4.5709237401574798
21
-2.8431801574803148
0
LINE
8
BLACK
6
CONTINUOUS
10
4.5709237401574798
20
-2.8431801574803148
11
4.5683692519685035
21
-2.8414732677165353
0
LINE
8
BLACK
6
CONTINUOUS
10
4.5683692519685035
20
-2.8414732677165353
11
4.566662362204724
21
-2.838918779527559
0
LINE
8
BLACK
6
CONTINUOUS
10
4.566662362204724
20
-2.838918779527559
11
4.5660629921259845
21
-2.8359055118110237
0
LINE
8
BLACK
6
CONTINUOUS
10
4.5660629921259845
20
-2.8359055118110237
11
4.5660629921259845
21
-2.7759055118110236
0
LINE
8
BLACK
6
CONTINUOUS
10
4.5660629921259845
20
-2.7759055118110236
11
4.566662362204724
21
-2.7728922440944883
0
LINE
8
BLACK
6
CONTINUOUS
10
4.566662362204724
20
-2.7728922440944883
11
4.5683692519685035
21
-2.7703377559055116
0
LINE
8
BLACK
6
CONTINUOUS
10
4.5683692519685035
20
-2.7703377559055116
11
4.5709237401574798
21
-2.768630866141732
0
LINE
8
BLACK
6
CONTINUOUS
10
4.5709237401574798
20
-2.768630866141732
11
4.573937007874016
21
-2.7680314960629921
0
LINE
8
BLACK
6
CONTINUOUS
10
4.573937007874016
20
-2.7680314960629921
11
4.6339370078740156
21
-2.7680314960629921
0
LINE
8
BLACK
6
CONTINUOUS
10
4.6339370078740156
20
-2.7680314960629921
11
4.636950275590551
21
-2.768630866141732
0
LINE
8
BLACK
6
CONTINUOUS
10
4.7369502755905515
20
-2.768630866141732
11
4.7395047637795278
21
-2.7703377559055116
0
LINE
8
BLACK
6
CONTINUOUS
10
4.7395047637795278
20
-2.7703377559055116
11
4.7412116535433073
21
-2.7728922440944883
0
LINE
8
BLACK
6
CONTINUOUS
10
4.7412116535433073
20
-2.7728922440944883
11
4.7418110236220468
21
-2.7759055118110236
0
LINE
8
BLACK
6
CONTINUOUS
10
4.7418110236220468
20
-2.7759055118110236
11
4.7418110236220468
21
-2.8359055118110237
0
LINE
8
BLACK
6
CONTINUOUS
10
4.7418110236220468
20
-2.8359055118110237
11
4.7412116535433073
21
-2.838918779527559
0
LINE
8
BLACK
6
CONTINUOUS
10
4.7412116535433073
20
-2.838918779527559
11
4.7395047637795278
21
-2.8414732677165353
0
LINE
8
BLACK
6
CONTINUOUS
10
4.7395047637795278
20
-2.8414732677165353
11
4.7369502755905515
21
-2.8431801574803148
0
LINE
8
BLACK
6
CONTINUOUS
10
4.7369502755905515
20
-2.8431801574803148
11
4.7339370078740153
21
-2.8437795275590552
0
LINE
8
BLACK
6
CONTINUOUS
10
4.7339370078740153
20
-2.8437795275590552
11
4.6739370078740157
21
-2.8437795275590552
0
LINE
8
BLACK
6
CONTINUOUS
10
4.6739370078740157
20
-2.8437795275590552
11
4.6709237401574804
21
-2.8431801574803148
0
LINE
8
BLACK
6
CONTINUOUS
10
4.6709237401574804
20
-2.8431801574803148
11
4.6683692519685041
21
-2.8414732677165353
0
LINE
8
BLACK
6
CONTINUOUS
10
4.6683692519685041
20
-2.8414732677165353
11
4.6666623622047245
21
-2.838918779527559
0
LINE
8
BLACK
6
CONTINUOUS
10
4.6666623622047245
20
-2.838918779527559
11
4.6660629921259842
21
-2.8359055118110237
0
LINE
8
BLACK
6
CONTINUOUS
10
4.6660629921259842
20
-2.8359055118110237
11
4.6660629921259842
21
-2.7759055118110236
0
LINE
8
BLACK
6
CONTINUOUS
10
4.6660629921259842
20
-2.7759055118110236
11
4.6666623622047245
21
-2.7728922440944883
0
LINE
8
BLACK
6
CONTINUOUS
10
4.6666623622047245
20
-2.7728922440944883
11
4.6683692519685041
21
-2.7703377559055116
0
LINE
8
BLACK
6
CONTINUOUS
10
4.6683692519685041
20
-2.7703377559055116
11
4.6709237401574804
21
-2.768630866141732
0
LINE
8
BLACK
6
CONTINUOUS
10
4.6709237401574804
20
-2.768630866141732
11
4.6739370078740157
21
-2.7680314960629921
0
LINE
8
BLACK
6
CONTINUOUS
10
4.6739370078740157
20
-2.7680314960629921
11
4.7339370078740153
21
-2.7680314960629921
0
LINE
8
BLACK
6
CONTINUOUS
10
4.7339370078740153
20
-2.7680314960629921
11
4.7369502755905515
21
-2.768630866141732
0
LINE
8
BLACK
6
CONTINUOUS
10
4.258467598425197
20
-2.7640466141732283
11
4.2610220866141733
21
-2.7657535039370078
0
LINE
8
BLACK
6
CONTINUOUS
10
4.2610220866141733
20
-2.7657535039370078
11
4.2627289763779528
21
-2.7683079921259841
0
LINE
8
BLACK
6
CONTINUOUS
10
4.2627289763779528
20
-2.7683079921259841
11
4.2633283464566931
21
-2.7713212598425194
0
LINE
8
BLACK
6
CONTINUOUS
10
4.2633283464566931
20
-2.7713212598425194
11
4.2633283464566931
21
-2.830376377952756
0
LINE
8
BLACK
6
CONTINUOUS
10
4.2633283464566931
20
-2.830376377952756
11
4.2627289763779528
21
-2.8333896456692913
0
LINE
8
BLACK
6
CONTINUOUS
10
4.2627289763779528
20
-2.8333896456692913
11
4.2610220866141733
21
-2.8359441338582676
0
LINE
8
BLACK
6
CONTINUOUS
10
4.2610220866141733
20
-2.8359441338582676
11
4.258467598425197
21
-2.8376510236220471
0
LINE
8
BLACK
6
CONTINUOUS
10
4.258467598425197
20
-2.8376510236220471
11
4.2554543307086616
21
-2.8382503937007875
0
LINE
8
BLACK
6
CONTINUOUS
10
4.2554543307086616
20
-2.8382503937007875
11
4.1767141732283459
21
-2.8382503937007875
0
LINE
8
BLACK
6
CONTINUOUS
10
4.1767141732283459
20
-2.8382503937007875
11
4.1737009055118106
21
-2.8376510236220471
0
LINE
8
BLACK
6
CONTINUOUS
10
4.1737009055118106
20
-2.8376510236220471
11
4.1711464173228343
21
-2.8359441338582676
0
LINE
8
BLACK
6
CONTINUOUS
10
4.1711464173228343
20
-2.8359441338582676
11
4.1694395275590548
21
-2.8333896456692913
0
LINE
8
BLACK
6
CONTINUOUS
10
4.1694395275590548
20
-2.8333896456692913
11
4.1688401574803144
21
-2.830376377952756
0
LINE
8
BLACK
6
CONTINUOUS
10
4.1688401574803144
20
-2.830376377952756
11
4.1688401574803144
21
-2.7713212598425194
0
LINE
8
BLACK
6
CONTINUOUS
10
4.1688401574803144
20
-2.7713212598425194
11
4.1694395275590548
21
-2.7683079921259841
0
LINE
8
BLACK
6
CONTINUOUS
10
4.1694395275590548
20
-2.7683079921259841
11
4.1711464173228343
21
-2.7657535039370078
0
LINE
8
BLACK
6
CONTINUOUS
10
4.1711464173228343
20
-2.7657535039370078
11
4.1737009055118106
21
-2.7640466141732283
0
LINE
8
BLACK
6
CONTINUOUS
10
4.1737009055118106
20
-2.7640466141732283
11
4.1767141732283459
21
-2.7634472440944879
0
LINE
8
BLACK
6
CONTINUOUS
10
4.1767141732283459
20
-2.7634472440944879
11
4.2554543307086616
21
-2.7634472440944879
0
LINE
8
BLACK
6
CONTINUOUS
10
4.2554543307086616
20
-2.7634472440944879
11
4.258467598425197
21
-2.7640466141732283
0
LINE
8
BLACK
6
CONTINUOUS
10
4.1110130708661412
20
-2.7859677559055118
11
4.1156775196850397
21
-2.7883444094488188
0
LINE
8
BLACK
6
CONTINUOUS
10
4.1156775196850397
20
-2.7883444094488188
11
4.1193792125984254
21
-2.7920461023622045
0
LINE
8
BLACK
6
CONTINUOUS
10
4.1193792125984254
20
-2.7920461023622045
11
4.1217558661417319
21
-2.7967105511811021
0
LINE
8
BLACK
6
CONTINUOUS
10
4.1217558661417319
20
-2.7967105511811021
11
4.1225748031496066
21
-2.8018811023622048
0
LINE
8
BLACK
6
CONTINUOUS
10
4.1225748031496066
20
-2.8018811023622048
11
4.1225748031496066
21
-2.8195976377952756
0
LINE
8
BLACK
6
CONTINUOUS
10
4.1225748031496066
20
-2.8195976377952756
11
4.1217558661417319
21
-2.8247681889763778
0
LINE
8
BLACK
6
CONTINUOUS
10
4.1217558661417319
20
-2.8247681889763778
11
4.1193792125984254
21
-2.8294326377952754
0
LINE
8
BLACK
6
CONTINUOUS
10
4.1193792125984254
20
-2.8294326377952754
11
4.1156775196850397
21
-2.8331343307086612
0
LINE
8
BLACK
6
CONTINUOUS
10
4.1156775196850397
20
-2.8331343307086612
11
4.1110130708661412
21
-2.8355109842519686
0
LINE
8
BLACK
6
CONTINUOUS
10
4.1110130708661412
20
-2.8355109842519686
11
4.105842519685039
21
-2.8363299212598423
0
LINE
8
BLACK
6
CONTINUOUS
10
4.105842519685039
20
-2.8363299212598423
11
4.0861574803149603
21
-2.8363299212598423
0
LINE
8
BLACK
6
CONTINUOUS
10
4.0861574803149603
20
-2.8363299212598423
11
4.0809869291338581
21
-2.8355109842519686
0
LINE
8
BLACK
6
CONTINUOUS
10
4.0809869291338581
20
-2.8355109842519686
11
4.0763224803149605
21
-2.8331343307086612
0
LINE
8
BLACK
6
CONTINUOUS
10
4.0763224803149605
20
-2.8331343307086612
11
4.0726207874015747
21
-2.8294326377952754
0
LINE
8
BLACK
6
CONTINUOUS
10
4.0726207874015747
20
-2.8294326377952754
11
4.0702441338582673
21
-2.8247681889763778
0
LINE
8
BLACK
6
CONTINUOUS
10
4.0702441338582673
20
-2.8247681889763778
11
4.0694251968503936
21
-2.8195976377952756
0
LINE
8
BLACK
6
CONTINUOUS
10
4.0694251968503936
20
-2.8195976377952756
11
4.0694251968503936
21
-2.8018811023622048
0
LINE
8
BLACK
6
CONTINUOUS
10
4.0694251968503936
20
-2.8018811023622048
11
4.0702441338582673
21
-2.7967105511811021
0
LINE
8
BLACK
6
CONTINUOUS
10
4.0702441338582673
20
-2.7967105511811021
11
4.0726207874015747
21
-2.7920461023622045
0
LINE
8
BLACK
6
CONTINUOUS
10
4.0726207874015747
20
-2.7920461023622045
11
4.0763224803149605
21
-2.7883444094488188
0
LINE
8
BLACK
6
CONTINUOUS
10
4.0763224803149605
20
-2.7883444094488188
11
4.0809869291338581
21
-2.7859677559055118
0
LINE
8
BLACK
6
CONTINUOUS
10
4.0809869291338581
20
-2.7859677559055118
11
4.0861574803149603
21
-2.7851488188976377
0
LINE
8
BLACK
6
CONTINUOUS
10
4.0861574803149603
20
-2.7851488188976377
11
4.105842519685039
21
-2.7851488188976377
0
LINE
8
BLACK
6
CONTINUOUS
10
4.105842519685039
20
-2.7851488188976377
11
4.1110130708661412
21
-2.7859677559055118
0
LINE
8
BLACK
6
CONTINUOUS
10
3.7608872834645668
20
-2.7569977952755904
11
3.7634417716535431
21
-2.7587046850393699
0
LINE
8
BLACK
6
CONTINUOUS
10
3.7634417716535431
20
-2.7587046850393699
11
3.7651486614173226
21
-2.7612591732283462
0
LINE
8
BLACK
6
CONTINUOUS
10
3.7651486614173226
20
-2.7612591732283462
11
3.765748031496063
21
-2.764272440944882
0
LINE
8
BLACK
6
CONTINUOUS
10
3.765748031496063
20
-2.764272440944882
11
3.765748031496063
21
-2.8233275590551181
0
LINE
8
BLACK
6
CONTINUOUS
10
3.765748031496063
20
-2.8233275590551181
11
3.7651486614173226
21
-2.8263408267716534
0
LINE
8
BLACK
6
CONTINUOUS
10
3.7651486614173226
20
-2.8263408267716534
11
3.7634417716535431
21
-2.8288953149606297
0
LINE
8
BLACK
6
CONTINUOUS
10
3.7634417716535431
20
-2.8288953149606297
11
3.7608872834645668
21
-2.8306022047244093
0
LINE
8
BLACK
6
CONTINUOUS
10
3.7608872834645668
20
-2.8306022047244093
11
3.7578740157480315
21
-2.8312015748031496
0
LINE
8
BLACK
6
CONTINUOUS
10
3.7578740157480315
20
-2.8312015748031496
11
3.6791338582677167
21
-2.8312015748031496
0
LINE
8
BLACK
6
CONTINUOUS
10
3.6791338582677167
20
-2.8312015748031496
11
3.6761205905511809
21
-2.8306022047244093
0
LINE
8
BLACK
6
CONTINUOUS
10
3.6761205905511809
20
-2.8306022047244093
11
3.6735661023622046
21
-2.8288953149606297
0
LINE
8
BLACK
6
CONTINUOUS
10
3.6735661023622046
20
-2.8288953149606297
11
3.6718592125984251
21
-2.8263408267716534
0
LINE
8
BLACK
6
CONTINUOUS
10
3.6718592125984251
20
-2.8263408267716534
11
3.6712598425196847
21
-2.8233275590551181
0
LINE
8
BLACK
6
CONTINUOUS
10
3.6712598425196847
20
-2.8233275590551181
11
3.6712598425196847
21
-2.764272440944882
0
LINE
8
BLACK
6
CONTINUOUS
10
3.6712598425196847
20
-2.764272440944882
11
3.6718592125984251
21
-2.7612591732283462
0
LINE
8
BLACK
6
CONTINUOUS
10
3.6718592125984251
20
-2.7612591732283462
11
3.6735661023622046
21
-2.7587046850393699
0
LINE
8
BLACK
6
CONTINUOUS
10
3.6735661023622046
20
-2.7587046850393699
11
3.6761205905511809
21
-2.7569977952755904
0
LINE
8
BLACK
6
CONTINUOUS
10
3.6761205905511809
20
-2.7569977952755904
11
3.6791338582677167
21
-2.7563984251968505
0
LINE
8
BLACK
6
CONTINUOUS
10
3.6791338582677167
20
-2.7563984251968505
11
3.7578740157480315
21
-2.7563984251968505
0
LINE
8
BLACK
6
CONTINUOUS
10
3.7578740157480315
20
-2.7563984251968505
11
3.7608872834645668
21
-2.7569977952755904
0
LINE
8
BLACK
6
CONTINUOUS
10
3.5795170078740157
20
-2.7682441338582677
11
3.5841814566929133
21
-2.7706207874015747
0
LINE
8
BLACK
6
CONTINUOUS
10
3.5841814566929133
20
-2.7706207874015747
11
3.5878831496062991
21
-2.7743224803149604
0
LINE
8
BLACK
6
CONTINUOUS
10
3.5878831496062991
20
-2.7743224803149604
11
3.590259803149606
21
-2.778986929133858
0
LINE
8
BLACK
6
CONTINUOUS
10
3.590259803149606
20
-2.778986929133858
11
3.5910787401574802
21
-2.7841574803149607
0
LINE
8
BLACK
6
CONTINUOUS
10
3.5910787401574802
20
-2.7841574803149607
11
3.5910787401574802
21
-2.8038425196850394
0
LINE
8
BLACK
6
CONTINUOUS
10
3.5910787401574802
20
-2.8038425196850394
11
3.590259803149606
21
-2.8090130708661416
0
LINE
8
BLACK
6
CONTINUOUS
10
3.590259803149606
20
-2.8090130708661416
11
3.5878831496062991
21
-2.8136775196850392
0
LINE
8
BLACK
6
CONTINUOUS
10
3.5878831496062991
20
-2.8136775196850392
11
3.5841814566929133
21
-2.8173792125984249
0
LINE
8
BLACK
6
CONTINUOUS
10
3.5841814566929133
20
-2.8173792125984249
11
3.5795170078740157
21
-2.8197558661417323
0
LINE
8
BLACK
6
CONTINUOUS
10
3.5795170078740157
20
-2.8197558661417323
11
3.5743464566929135
21
-2.8205748031496061
0
LINE
8
BLACK
6
CONTINUOUS
10
3.5743464566929135
20
-2.8205748031496061
11
3.5566299212598422
21
-2.8205748031496061
0
LINE
8
BLACK
6
CONTINUOUS
10
3.5566299212598422
20
-2.8205748031496061
11
3.55145937007874
21
-2.8197558661417323
0
LINE
8
BLACK
6
CONTINUOUS
10
3.55145937007874
20
-2.8197558661417323
11
3.5467949212598424
21
-2.8173792125984249
0
LINE
8
BLACK
6
CONTINUOUS
10
3.5467949212598424
20
-2.8173792125984249
11
3.5430932283464567
21
-2.8136775196850392
0
LINE
8
BLACK
6
CONTINUOUS
10
3.5430932283464567
20
-2.8136775196850392
11
3.5407165748031497
21
-2.8090130708661416
0
LINE
8
BLACK
6
CONTINUOUS
10
3.5407165748031497
20
-2.8090130708661416
11
3.5398976377952756
21
-2.8038425196850394
0
LINE
8
BLACK
6
CONTINUOUS
10
3.5398976377952756
20
-2.8038425196850394
11
3.5398976377952756
21
-2.7841574803149607
0
LINE
8
BLACK
6
CONTINUOUS
10
3.5398976377952756
20
-2.7841574803149607
11
3.5407165748031497
21
-2.778986929133858
0
LINE
8
BLACK
6
CONTINUOUS
10
3.5407165748031497
20
-2.778986929133858
11
3.5430932283464567
21
-2.7743224803149604
0
LINE
8
BLACK
6
CONTINUOUS
10
3.5430932283464567
20
-2.7743224803149604
11
3.5467949212598424
21
-2.7706207874015747
0
LINE
8
BLACK
6
CONTINUOUS
10
3.5467949212598424
20
-2.7706207874015747
11
3.55145937007874
21
-2.7682441338582677
0
LINE
8
BLACK
6
CONTINUOUS
10
3.55145937007874
20
-2.7682441338582677
11
3.5566299212598422
21
-2.7674251968503936
0
LINE
8
BLACK
6
CONTINUOUS
10
3.5566299212598422
20
-2.7674251968503936
11
3.5743464566929135
21
-2.7674251968503936
0
LINE
8
BLACK
6
CONTINUOUS
10
3.5743464566929135
20
-2.7674251968503936
11
3.5795170078740157
21
-2.7682441338582677
0
LINE
8
BLACK
6
CONTINUOUS
10
3.6405406299212597
20
-2.7682441338582677
11
3.6452050787401573
21
-2.7706207874015747
0
LINE
8
BLACK
6
CONTINUOUS
10
3.6452050787401573
20
-2.7706207874015747
11
3.648906771653543
21
-2.7743224803149604
0
LINE
8
BLACK
6
CONTINUOUS
10
3.648906771653543
20
-2.7743224803149604
11
3.6512834251968505
21
-2.778986929133858
0
LINE
8
BLACK
6
CONTINUOUS
10
3.6512834251968505
20
-2.778986929133858
11
3.6521023622047242
21
-2.7841574803149607
0
LINE
8
BLACK
6
CONTINUOUS
10
3.6521023622047242
20
-2.7841574803149607
11
3.6521023622047242
21
-2.8038425196850394
0
LINE
8
BLACK
6
CONTINUOUS
10
3.6521023622047242
20
-2.8038425196850394
11
3.6512834251968505
21
-2.8090130708661416
0
LINE
8
BLACK
6
CONTINUOUS
10
3.6512834251968505
20
-2.8090130708661416
11
3.648906771653543
21
-2.8136775196850392
0
LINE
8
BLACK
6
CONTINUOUS
10
3.648906771653543
20
-2.8136775196850392
11
3.6452050787401573
21
-2.8173792125984249
0
LINE
8
BLACK
6
CONTINUOUS
10
3.6452050787401573
20
-2.8173792125984249
11
3.6405406299212597
21
-2.8197558661417323
0
LINE
8
BLACK
6
CONTINUOUS
10
3.6405406299212597
20
-2.8197558661417323
11
3.6353700787401575
21
-2.8205748031496061
0
LINE
8
BLACK
6
CONTINUOUS
10
3.6353700787401575
20
-2.8205748031496061
11
3.6176535433070867
21
-2.8205748031496061
0
LINE
8
BLACK
6
CONTINUOUS
10
3.6176535433070867
20
-2.8205748031496061
11
3.612482992125984
21
-2.8197558661417323
0
LINE
8
BLACK
6
CONTINUOUS
10
3.612482992125984
20
-2.8197558661417323
11
3.6078185433070864
21
-2.8173792125984249
0
LINE
8
BLACK
6
CONTINUOUS
10
3.6078185433070864
20
-2.8173792125984249
11
3.6041168503937007
21
-2.8136775196850392
0
LINE
8
BLACK
6
CONTINUOUS
10
3.6041168503937007
20
-2.8136775196850392
11
3.6017401968503937
21
-2.8090130708661416
0
LINE
8
BLACK
6
CONTINUOUS
10
3.6017401968503937
20
-2.8090130708661416
11
3.6009212598425195
21
-2.8038425196850394
0
LINE
8
BLACK
6
CONTINUOUS
10
3.6009212598425195
20
-2.8038425196850394
11
3.6009212598425195
21
-2.7841574803149607
0
LINE
8
BLACK
6
CONTINUOUS
10
3.6009212598425195
20
-2.7841574803149607
11
3.6017401968503937
21
-2.778986929133858
0
LINE
8
BLACK
6
CONTINUOUS
10
3.6017401968503937
20
-2.778986929133858
11
3.6041168503937007
21
-2.7743224803149604
0
LINE
8
BLACK
6
CONTINUOUS
10
3.6041168503937007
20
-2.7743224803149604
11
3.6078185433070864
21
-2.7706207874015747
0
LINE
8
BLACK
6
CONTINUOUS
10
3.6078185433070864
20
-2.7706207874015747
11
3.612482992125984
21
-2.7682441338582677
0
LINE
8
BLACK
6
CONTINUOUS
10
3.612482992125984
20
-2.7682441338582677
11
3.6176535433070867
21
-2.7674251968503936
0
LINE
8
BLACK
6
CONTINUOUS
10
3.6176535433070867
20
-2.7674251968503936
11
3.6353700787401575
21
-2.7674251968503936
0
LINE
8
BLACK
6
CONTINUOUS
10
3.6353700787401575
20
-2.7674251968503936
11
3.6405406299212597
21
-2.7682441338582677
0
LINE
8
BLACK
6
CONTINUOUS
10
2.9186107874015748
20
-2.7487517716535432
11
2.9239585826771655
21
-2.7509668897637796
0
LINE
8
BLACK
6
CONTINUOUS
10
2.9239585826771655
20
-2.7509668897637796
11
2.9287714566929135
21
-2.7541827559055116
0
LINE
8
BLACK
6
CONTINUOUS
10
2.9287714566929135
20
-2.7541827559055116
11
2.9328644881889763
21
-2.7582757874015749
0
LINE
8
BLACK
6
CONTINUOUS
10
2.9328644881889763
20
-2.7582757874015749
11
2.9360803543307088
21
-2.7630886614173229
0
LINE
8
BLACK
6
CONTINUOUS
10
2.9360803543307088
20
-2.7630886614173229
11
2.9382954724409447
21
-2.7684364566929132
0
LINE
8
BLACK
6
CONTINUOUS
10
2.9382954724409447
20
-2.7684364566929132
11
2.9394247637795274
21
-2.774113661417323
0
LINE
8
BLACK
6
CONTINUOUS
10
2.9394247637795274
20
-2.774113661417323
11
2.9395669291338584
21
-2.777007874015748
0
LINE
8
BLACK
6
CONTINUOUS
10
2.9395669291338584
20
-2.777007874015748
11
2.9395669291338584
21
-2.7848818897637795
0
LINE
8
BLACK
6
CONTINUOUS
10
2.9395669291338584
20
-2.7848818897637795
11
2.9394247637795274
21
-2.7877761023622045
0
LINE
8
BLACK
6
CONTINUOUS
10
2.9394247637795274
20
-2.7877761023622045
11
2.9382954724409447
21
-2.7934533070866143
0
LINE
8
BLACK
6
CONTINUOUS
10
2.9382954724409447
20
-2.7934533070866143
11
2.9360803543307088
21
-2.7988011023622046
0
LINE
8
BLACK
6
CONTINUOUS
10
2.9360803543307088
20
-2.7988011023622046
11
2.9328644881889763
21
-2.8036139763779526
0
LINE
8
BLACK
6
CONTINUOUS
10
2.9328644881889763
20
-2.8036139763779526
11
2.9287714566929135
21
-2.8077070078740158
0
LINE
8
BLACK
6
CONTINUOUS
10
2.9287714566929135
20
-2.8077070078740158
11
2.9239585826771655
21
-2.8109228740157479
0
LINE
8
BLACK
6
CONTINUOUS
10
2.9239585826771655
20
-2.8109228740157479
11
2.9186107874015748
21
-2.8131379921259843
0
LINE
8
BLACK
6
CONTINUOUS
10
2.9186107874015748
20
-2.8131379921259843
11
2.9129335826771654
21
-2.814267283464567
0
LINE
8
BLACK
6
CONTINUOUS
10
2.9129335826771654
20
-2.814267283464567
11
2.9071451574803149
21
-2.814267283464567
0
LINE
8
BLACK
6
CONTINUOUS
10
2.9071451574803149
20
-2.814267283464567
11
2.9014679527559055
21
-2.8131379921259843
0
LINE
8
BLACK
6
CONTINUOUS
10
2.9014679527559055
20
-2.8131379921259843
11
2.8961201574803148
21
-2.8109228740157479
0
LINE
8
BLACK
6
CONTINUOUS
10
2.8961201574803148
20
-2.8109228740157479
11
2.8913072834645668
21
-2.8077070078740158
0
LINE
8
BLACK
6
CONTINUOUS
10
2.8913072834645668
20
-2.8077070078740158
11
2.887214251968504
21
-2.8036139763779526
0
LINE
8
BLACK
6
CONTINUOUS
10
2.887214251968504
20
-2.8036139763779526
11
2.8839983858267715
21
-2.7988011023622046
0
LINE
8
BLACK
6
CONTINUOUS
10
2.8839983858267715
20
-2.7988011023622046
11
2.8817832677165351
21
-2.7934533070866143
0
LINE
8
BLACK
6
CONTINUOUS
10
2.8817832677165351
20
-2.7934533070866143
11
2.8806539763779528
21
-2.7877761023622045
0
LINE
8
BLACK
6
CONTINUOUS
10
2.8806539763779528
20
-2.7877761023622045
11
2.8805118110236219
21
-2.7848818897637795
0
LINE
8
BLACK
6
CONTINUOUS
10
2.8805118110236219
20
-2.7848818897637795
11
2.8805118110236219
21
-2.777007874015748
0
LINE
8
BLACK
6
CONTINUOUS
10
2.8805118110236219
20
-2.777007874015748
11
2.8806539763779528
21
-2.774113661417323
0
LINE
8
BLACK
6
CONTINUOUS
10
2.8806539763779528
20
-2.774113661417323
11
2.8817832677165351
21
-2.7684364566929132
0
LINE
8
BLACK
6
CONTINUOUS
10
2.8817832677165351
20
-2.7684364566929132
11
2.8839983858267715
21
-2.7630886614173229
0
LINE
8
BLACK
6
CONTINUOUS
10
2.8839983858267715
20
-2.7630886614173229
11
2.887214251968504
21
-2.7582757874015749
0
LINE
8
BLACK
6
CONTINUOUS
10
2.887214251968504
20
-2.7582757874015749
11
2.8913072834645668
21
-2.7541827559055116
0
LINE
8
BLACK
6
CONTINUOUS
10
2.8913072834645668
20
-2.7541827559055116
11
2.8961201574803148
21
-2.7509668897637796
0
LINE
8
BLACK
6
CONTINUOUS
10
2.8961201574803148
20
-2.7509668897637796
11
2.9014679527559055
21
-2.7487517716535432
0
LINE
8
BLACK
6
CONTINUOUS
10
2.9014679527559055
20
-2.7487517716535432
11
2.9071451574803149
21
-2.7476224803149605
0
LINE
8
BLACK
6
CONTINUOUS
10
2.9071451574803149
20
-2.7476224803149605
11
2.9129335826771654
21
-2.7476224803149605
0
LINE
8
BLACK
6
CONTINUOUS
10
2.9129335826771654
20
-2.7476224803149605
11
2.9186107874015748
21
-2.7487517716535432
0
LINE
8
BLACK
6
CONTINUOUS
10
3.0686107874015747
20
-2.7487517716535432
11
3.0739585826771654
21
-2.7509668897637796
0
LINE
8
BLACK
6
CONTINUOUS
10
3.0739585826771654
20
-2.7509668897637796
11
3.0787714566929134
21
-2.7541827559055116
0
LINE
8
BLACK
6
CONTINUOUS
10
3.0787714566929134
20
-2.7541827559055116
11
3.0828644881889762
21
-2.7582757874015749
0
LINE
8
BLACK
6
CONTINUOUS
10
3.0828644881889762
20
-2.7582757874015749
11
3.0860803543307087
21
-2.7630886614173229
0
LINE
8
BLACK
6
CONTINUOUS
10
3.0860803543307087
20
-2.7630886614173229
11
3.0882954724409446
21
-2.7684364566929132
0
LINE
8
BLACK
6
CONTINUOUS
10
3.0882954724409446
20
-2.7684364566929132
11
3.0894247637795273
21
-2.774113661417323
0
LINE
8
BLACK
6
CONTINUOUS
10
3.0894247637795273
20
-2.774113661417323
11
3.0895669291338583
21
-2.777007874015748
0
LINE
8
BLACK
6
CONTINUOUS
10
3.0895669291338583
20
-2.777007874015748
11
3.0895669291338583
21
-2.7848818897637795
0
LINE
8
BLACK
6
CONTINUOUS
10
3.0895669291338583
20
-2.7848818897637795
11
3.0894247637795273
21
-2.7877761023622045
0
LINE
8
BLACK
6
CONTINUOUS
10
3.0894247637795273
20
-2.7877761023622045
11
3.0882954724409446
21
-2.7934533070866143
0
LINE
8
BLACK
6
CONTINUOUS
10
3.0882954724409446
20
-2.7934533070866143
11
3.0860803543307087
21
-2.7988011023622046
0
LINE
8
BLACK
6
CONTINUOUS
10
3.0860803543307087
20
-2.7988011023622046
11
3.0828644881889762
21
-2.8036139763779526
0
LINE
8
BLACK
6
CONTINUOUS
10
3.0828644881889762
20
-2.8036139763779526
11
3.0787714566929134
21
-2.8077070078740158
0
LINE
8
BLACK
6
CONTINUOUS
10
3.0787714566929134
20
-2.8077070078740158
11
3.0739585826771654
21
-2.8109228740157479
0
LINE
8
BLACK
6
CONTINUOUS
10
3.0739585826771654
20
-2.8109228740157479
11
3.0686107874015747
21
-2.8131379921259843
0
LINE
8
BLACK
6
CONTINUOUS
10
3.0686107874015747
20
-2.8131379921259843
11
3.0629335826771653
21
-2.814267283464567
0
LINE
8
BLACK
6
CONTINUOUS
10
3.0629335826771653
20
-2.814267283464567
11
3.0571451574803148
21
-2.814267283464567
0
LINE
8
BLACK
6
CONTINUOUS
10
3.0571451574803148
20
-2.814267283464567
11
3.0514679527559054
21
-2.8131379921259843
0
LINE
8
BLACK
6
CONTINUOUS
10
3.0514679527559054
20
-2.8131379921259843
11
3.0461201574803147
21
-2.8109228740157479
0
LINE
8
BLACK
6
CONTINUOUS
10
3.0461201574803147
20
-2.8109228740157479
11
3.0413072834645667
21
-2.8077070078740158
0
LINE
8
BLACK
6
CONTINUOUS
10
3.0413072834645667
20
-2.8077070078740158
11
3.0372142519685039
21
-2.8036139763779526
0
LINE
8
BLACK
6
CONTINUOUS
10
3.0372142519685039
20
-2.8036139763779526
11
3.0339983858267714
21
-2.7988011023622046
0
LINE
8
BLACK
6
CONTINUOUS
10
3.0339983858267714
20
-2.7988011023622046
11
3.0317832677165355
21
-2.7934533070866143
0
LINE
8
BLACK
6
CONTINUOUS
10
3.0317832677165355
20
-2.7934533070866143
11
3.0306539763779528
21
-2.7877761023622045
0
LINE
8
BLACK
6
CONTINUOUS
10
3.0306539763779528
20
-2.7877761023622045
11
3.0305118110236218
21
-2.7848818897637795
0
LINE
8
BLACK
6
CONTINUOUS
10
3.0305118110236218
20
-2.7848818897637795
11
3.0305118110236218
21
-2.777007874015748
0
LINE
8
BLACK
6
CONTINUOUS
10
3.0305118110236218
20
-2.777007874015748
11
3.0306539763779528
21
-2.774113661417323
0
LINE
8
BLACK
6
CONTINUOUS
10
3.0306539763779528
20
-2.774113661417323
11
3.0317832677165355
21
-2.7684364566929132
0
LINE
8
BLACK
6
CONTINUOUS
10
3.0317832677165355
20
-2.7684364566929132
11
3.0339983858267714
21
-2.7630886614173229
0
LINE
8
BLACK
6
CONTINUOUS
10
3.0339983858267714
20
-2.7630886614173229
11
3.0372142519685039
21
-2.7582757874015749
0
LINE
8
BLACK
6
CONTINUOUS
10
3.0372142519685039
20
-2.7582757874015749
11
3.0413072834645667
21
-2.7541827559055116
0
LINE
8
BLACK
6
CONTINUOUS
10
3.0413072834645667
20
-2.7541827559055116
11
3.0461201574803147
21
-2.7509668897637796
0
LINE
8
BLACK
6
CONTINUOUS
10
3.0461201574803147
20
-2.7509668897637796
11
3.0514679527559054
21
-2.7487517716535432
0
LINE
8
BLACK
6
CONTINUOUS
10
3.0514679527559054
20
-2.7487517716535432
11
3.0571451574803148
21
-2.7476224803149605
0
LINE
8
BLACK
6
CONTINUOUS
10
3.0571451574803148
20
-2.7476224803149605
11
3.0629335826771653
21
-2.7476224803149605
0
LINE
8
BLACK
6
CONTINUOUS
10
3.0629335826771653
20
-2.7476224803149605
11
3.0686107874015747
21
-2.7487517716535432
0
LINE
8
BLACK
6
CONTINUOUS
10
3.2186107874015746
20
-2.7487517716535432
11
3.2239585826771653
21
-2.7509668897637796
0
LINE
8
BLACK
6
CONTINUOUS
10
3.2239585826771653
20
-2.7509668897637796
11
3.2287714566929133
21
-2.7541827559055116
0
LINE
8
BLACK
6
CONTINUOUS
10
3.2287714566929133
20
-2.7541827559055116
11
3.2328644881889761
21
-2.7582757874015749
0
LINE
8
BLACK
6
CONTINUOUS
10
3.2328644881889761
20
-2.7582757874015749
11
3.2360803543307086
21
-2.7630886614173229
0
LINE
8
BLACK
6
CONTINUOUS
10
3.2360803543307086
20
-2.7630886614173229
11
3.238295472440945
21
-2.7684364566929132
0
LINE
8
BLACK
6
CONTINUOUS
10
3.238295472440945
20
-2.7684364566929132
11
3.2394247637795277
21
-2.774113661417323
0
LINE
8
BLACK
6
CONTINUOUS
10
3.2394247637795277
20
-2.774113661417323
11
3.2395669291338582
21
-2.777007874015748
0
LINE
8
BLACK
6
CONTINUOUS
10
3.2395669291338582
20
-2.777007874015748
11
3.2395669291338582
21
-2.7848818897637795
0
LINE
8
BLACK
6
CONTINUOUS
10
3.2395669291338582
20
-2.7848818897637795
11
3.2394247637795277
21
-2.7877761023622045
0
LINE
8
BLACK
6
CONTINUOUS
10
3.2394247637795277
20
-2.7877761023622045
11
3.238295472440945
21
-2.7934533070866143
0
LINE
8
BLACK
6
CONTINUOUS
10
3.238295472440945
20
-2.7934533070866143
11
3.2360803543307086
21
-2.7988011023622046
0
LINE
8
BLACK
6
CONTINUOUS
10
3.2360803543307086
20
-2.7988011023622046
11
3.2328644881889761
21
-2.8036139763779526
0
LINE
8
BLACK
6
CONTINUOUS
10
3.2328644881889761
20
-2.8036139763779526
11
3.2287714566929133
21
-2.8077070078740158
0
LINE
8
BLACK
6
CONTINUOUS
10
3.2287714566929133
20
-2.8077070078740158
11
3.2239585826771653
21
-2.8109228740157479
0
LINE
8
BLACK
6
CONTINUOUS
10
3.2239585826771653
20
-2.8109228740157479
11
3.2186107874015746
21
-2.8131379921259843
0
LINE
8
BLACK
6
CONTINUOUS
10
3.2186107874015746
20
-2.8131379921259843
11
3.2129335826771652
21
-2.814267283464567
0
LINE
8
BLACK
6
CONTINUOUS
10
3.2129335826771652
20
-2.814267283464567
11
3.2071451574803147
21
-2.814267283464567
0
LINE
8
BLACK
6
CONTINUOUS
10
3.2071451574803147
20
-2.814267283464567
11
3.2014679527559053
21
-2.8131379921259843
0
LINE
8
BLACK
6
CONTINUOUS
10
3.2014679527559053
20
-2.8131379921259843
11
3.1961201574803151
21
-2.8109228740157479
0
LINE
8
BLACK
6
CONTINUOUS
10
3.1961201574803151
20
-2.8109228740157479
11
3.191307283464567
21
-2.8077070078740158
0
LINE
8
BLACK
6
CONTINUOUS
10
3.191307283464567
20
-2.8077070078740158
11
3.1872142519685038
21
-2.8036139763779526
0
LINE
8
BLACK
6
CONTINUOUS
10
3.1872142519685038
20
-2.8036139763779526
11
3.1839983858267717
21
-2.7988011023622046
0
LINE
8
BLACK
6
CONTINUOUS
10
3.1839983858267717
20
-2.7988011023622046
11
3.1817832677165354
21
-2.7934533070866143
0
LINE
8
BLACK
6
CONTINUOUS
10
3.1817832677165354
20
-2.7934533070866143
11
3.1806539763779527
21
-2.7877761023622045
0
LINE
8
BLACK
6
CONTINUOUS
10
3.1806539763779527
20
-2.7877761023622045
11
3.1805118110236221
21
-2.7848818897637795
0
LINE
8
BLACK
6
CONTINUOUS
10
3.1805118110236221
20
-2.7848818897637795
11
3.1805118110236221
21
-2.777007874015748
0
LINE
8
BLACK
6
CONTINUOUS
10
3.1805118110236221
20
-2.777007874015748
11
3.1806539763779527
21
-2.774113661417323
0
LINE
8
BLACK
6
CONTINUOUS
10
3.1806539763779527
20
-2.774113661417323
11
3.1817832677165354
21
-2.7684364566929132
0
LINE
8
BLACK
6
CONTINUOUS
10
3.1817832677165354
20
-2.7684364566929132
11
3.1839983858267717
21
-2.7630886614173229
0
LINE
8
BLACK
6
CONTINUOUS
10
3.1839983858267717
20
-2.7630886614173229
11
3.1872142519685038
21
-2.7582757874015749
0
LINE
8
BLACK
6
CONTINUOUS
10
3.1872142519685038
20
-2.7582757874015749
11
3.191307283464567
21
-2.7541827559055116
0
LINE
8
BLACK
6
CONTINUOUS
10
3.191307283464567
20
-2.7541827559055116
11
3.1961201574803151
21
-2.7509668897637796
0
LINE
8
BLACK
6
CONTINUOUS
10
3.1961201574803151
20
-2.7509668897637796
11
3.2014679527559053
21
-2.7487517716535432
0
LINE
8
BLACK
6
CONTINUOUS
10
3.2014679527559053
20
-2.7487517716535432
11
3.2071451574803147
21
-2.7476224803149605
0
LINE
8
BLACK
6
CONTINUOUS
10
3.2071451574803147
20
-2.7476224803149605
11
3.2129335826771652
21
-2.7476224803149605
0
LINE
8
BLACK
6
CONTINUOUS
10
3.2129335826771652
20
-2.7476224803149605
11
3.2186107874015746
21
-2.7487517716535432
0
LINE
8
BLACK
6
CONTINUOUS
10
4.1110130708661412
20
-2.7249441338582678
11
4.1156775196850397
21
-2.7273207874015748
0
LINE
8
BLACK
6
CONTINUOUS
10
4.1156775196850397
20
-2.7273207874015748
11
4.1193792125984254
21
-2.7310224803149605
0
LINE
8
BLACK
6
CONTINUOUS
10
4.1193792125984254
20
-2.7310224803149605
11
4.1217558661417319
21
-2.7356869291338581
0
LINE
8
BLACK
6
CONTINUOUS
10
4.1217558661417319
20
-2.7356869291338581
11
4.1225748031496066
21
-2.7408574803149603
0
LINE
8
BLACK
6
CONTINUOUS
10
4.1225748031496066
20
-2.7408574803149603
11
4.1225748031496066
21
-2.7585740157480316
0
LINE
8
BLACK
6
CONTINUOUS
10
4.1225748031496066
20
-2.7585740157480316
11
4.1217558661417319
21
-2.7637445669291338
0
LINE
8
BLACK
6
CONTINUOUS
10
4.1217558661417319
20
-2.7637445669291338
11
4.1193792125984254
21
-2.7684090157480314
0
LINE
8
BLACK
6
CONTINUOUS
10
4.1193792125984254
20
-2.7684090157480314
11
4.1156775196850397
21
-2.7721107086614172
0
LINE
8
BLACK
6
CONTINUOUS
10
4.1156775196850397
20
-2.7721107086614172
11
4.1110130708661412
21
-2.7744873622047241
0
LINE
8
BLACK
6
CONTINUOUS
10
4.1110130708661412
20
-2.7744873622047241
11
4.105842519685039
21
-2.7753062992125983
0
LINE
8
BLACK
6
CONTINUOUS
10
4.105842519685039
20
-2.7753062992125983
11
4.0861574803149603
21
-2.7753062992125983
0
LINE
8
BLACK
6
CONTINUOUS
10
4.0861574803149603
20
-2.7753062992125983
11
4.0809869291338581
21
-2.7744873622047241
0
LINE
8
BLACK
6
CONTINUOUS
10
4.0809869291338581
20
-2.7744873622047241
11
4.0763224803149605
21
-2.7721107086614172
0
LINE
8
BLACK
6
CONTINUOUS
10
4.0763224803149605
20
-2.7721107086614172
11
4.0726207874015747
21
-2.7684090157480314
0
LINE
8
BLACK
6
CONTINUOUS
10
4.0726207874015747
20
-2.7684090157480314
11
4.0702441338582673
21
-2.7637445669291338
0
LINE
8
BLACK
6
CONTINUOUS
10
4.0702441338582673
20
-2.7637445669291338
11
4.0694251968503936
21
-2.7585740157480316
0
LINE
8
BLACK
6
CONTINUOUS
10
4.0694251968503936
20
-2.7585740157480316
11
4.0694251968503936
21
-2.7408574803149603
0
LINE
8
BLACK
6
CONTINUOUS
10
4.0694251968503936
20
-2.7408574803149603
11
4.0702441338582673
21
-2.7356869291338581
0
LINE
8
BLACK
6
CONTINUOUS
10
4.0702441338582673
20
-2.7356869291338581
11
4.0726207874015747
21
-2.7310224803149605
0
LINE
8
BLACK
6
CONTINUOUS
10
4.0726207874015747
20
-2.7310224803149605
11
4.0763224803149605
21
-2.7273207874015748
0
LINE
8
BLACK
6
CONTINUOUS
10
4.0763224803149605
20
-2.7273207874015748
11
4.0809869291338581
21
-2.7249441338582678
0
LINE
8
BLACK
6
CONTINUOUS
10
4.0809869291338581
20
-2.7249441338582678
11
4.0861574803149603
21
-2.7241251968503937
0
LINE
8
BLACK
6
CONTINUOUS
10
4.0861574803149603
20
-2.7241251968503937
11
4.105842519685039
21
-2.7241251968503937
0
LINE
8
BLACK
6
CONTINUOUS
10
4.105842519685039
20
-2.7241251968503937
11
4.1110130708661412
21
-2.7249441338582678
0
LINE
8
BLACK
6
CONTINUOUS
10
4.636950275590551
20
-2.6686308661417324
11
4.6395047637795273
21
-2.6703377559055119
0
LINE
8
BLACK
6
CONTINUOUS
10
4.6395047637795273
20
-2.6703377559055119
11
4.6412116535433068
21
-2.6728922440944882
0
LINE
8
BLACK
6
CONTINUOUS
10
4.6412116535433068
20
-2.6728922440944882
11
4.6418110236220471
21
-2.6759055118110235
0
LINE
8
BLACK
6
CONTINUOUS
10
4.6418110236220471
20
-2.6759055118110235
11
4.6418110236220471
21
-2.7359055118110236
0
LINE
8
BLACK
6
CONTINUOUS
10
4.6418110236220471
20
-2.7359055118110236
11
4.6412116535433068
21
-2.7389187795275589
0
LINE
8
BLACK
6
CONTINUOUS
10
4.6412116535433068
20
-2.7389187795275589
11
4.6395047637795273
21
-2.7414732677165352
0
LINE
8
BLACK
6
CONTINUOUS
10
4.6395047637795273
20
-2.7414732677165352
11
4.636950275590551
21
-2.7431801574803147
0
LINE
8
BLACK
6
CONTINUOUS
10
4.636950275590551
20
-2.7431801574803147
11
4.6339370078740156
21
-2.7437795275590551
0
LINE
8
BLACK
6
CONTINUOUS
10
4.6339370078740156
20
-2.7437795275590551
11
4.573937007874016
21
-2.7437795275590551
0
LINE
8
BLACK
6
CONTINUOUS
10
4.573937007874016
20
-2.7437795275590551
11
4.5709237401574798
21
-2.7431801574803147
0
LINE
8
BLACK
6
CONTINUOUS
10
4.5709237401574798
20
-2.7431801574803147
11
4.5683692519685035
21
-2.7414732677165352
0
LINE
8
BLACK
6
CONTINUOUS
10
4.5683692519685035
20
-2.7414732677165352
11
4.566662362204724
21
-2.7389187795275589
0
LINE
8
BLACK
6
CONTINUOUS
10
4.566662362204724
20
-2.7389187795275589
11
4.5660629921259845
21
-2.7359055118110236
0
LINE
8
BLACK
6
CONTINUOUS
10
4.5660629921259845
20
-2.7359055118110236
11
4.5660629921259845
21
-2.6759055118110235
0
LINE
8
BLACK
6
CONTINUOUS
10
4.5660629921259845
20
-2.6759055118110235
11
4.566662362204724
21
-2.6728922440944882
0
LINE
8
BLACK
6
CONTINUOUS
10
4.566662362204724
20
-2.6728922440944882
11
4.5683692519685035
21
-2.6703377559055119
0
LINE
8
BLACK
6
CONTINUOUS
10
4.5683692519685035
20
-2.6703377559055119
11
4.5709237401574798
21
-2.6686308661417324
0
LINE
8
BLACK
6
CONTINUOUS
10
4.5709237401574798
20
-2.6686308661417324
11
4.573937007874016
21
-2.6680314960629921
0
LINE
8
BLACK
6
CONTINUOUS
10
4.573937007874016
20
-2.6680314960629921
11
4.6339370078740156
21
-2.6680314960629921
0
LINE
8
BLACK
6
CONTINUOUS
10
4.6339370078740156
20
-2.6680314960629921
11
4.636950275590551
21
-2.6686308661417324
0
LINE
8
BLACK
6
CONTINUOUS
10
4.7369502755905515
20
-2.6686308661417324
11
4.7395047637795278
21
-2.6703377559055119
0
LINE
8
BLACK
6
CONTINUOUS
10
4.7395047637795278
20
-2.6703377559055119
11
4.7412116535433073
21
-2.6728922440944882
0
LINE
8
BLACK
6
CONTINUOUS
10
4.7412116535433073
20
-2.6728922440944882
11
4.7418110236220468
21
-2.6759055118110235
0
LINE
8
BLACK
6
CONTINUOUS
10
4.7418110236220468
20
-2.6759055118110235
11
4.7418110236220468
21
-2.7359055118110236
0
LINE
8
BLACK
6
CONTINUOUS
10
4.7418110236220468
20
-2.7359055118110236
11
4.7412116535433073
21
-2.7389187795275589
0
LINE
8
BLACK
6
CONTINUOUS
10
4.7412116535433073
20
-2.7389187795275589
11
4.7395047637795278
21
-2.7414732677165352
0
LINE
8
BLACK
6
CONTINUOUS
10
4.7395047637795278
20
-2.7414732677165352
11
4.7369502755905515
21
-2.7431801574803147
0
LINE
8
BLACK
6
CONTINUOUS
10
4.7369502755905515
20
-2.7431801574803147
11
4.7339370078740153
21
-2.7437795275590551
0
LINE
8
BLACK
6
CONTINUOUS
10
4.7339370078740153
20
-2.7437795275590551
11
4.6739370078740157
21
-2.7437795275590551
0
LINE
8
BLACK
6
CONTINUOUS
10
4.6739370078740157
20
-2.7437795275590551
11
4.6709237401574804
21
-2.7431801574803147
0
LINE
8
BLACK
6
CONTINUOUS
10
4.6709237401574804
20
-2.7431801574803147
11
4.6683692519685041
21
-2.7414732677165352
0
LINE
8
BLACK
6
CONTINUOUS
10
4.6683692519685041
20
-2.7414732677165352
11
4.6666623622047245
21
-2.7389187795275589
0
LINE
8
BLACK
6
CONTINUOUS
10
4.6666623622047245
20
-2.7389187795275589
11
4.6660629921259842
21
-2.7359055118110236
0
LINE
8
BLACK
6
CONTINUOUS
10
4.6660629921259842
20
-2.7359055118110236
11
4.6660629921259842
21
-2.6759055118110235
0
LINE
8
BLACK
6
CONTINUOUS
10
4.6660629921259842
20
-2.6759055118110235
11
4.6666623622047245
21
-2.6728922440944882
0
LINE
8
BLACK
6
CONTINUOUS
10
4.6666623622047245
20
-2.6728922440944882
11
4.6683692519685041
21
-2.6703377559055119
0
LINE
8
BLACK
6
CONTINUOUS
10
4.6683692519685041
20
-2.6703377559055119
11
4.6709237401574804
21
-2.6686308661417324
0
LINE
8
BLACK
6
CONTINUOUS
10
4.6709237401574804
20
-2.6686308661417324
11
4.6739370078740157
21
-2.6680314960629921
0
LINE
8
BLACK
6
CONTINUOUS
10
4.6739370078740157
20
-2.6680314960629921
11
4.7339370078740153
21
-2.6680314960629921
0
LINE
8
BLACK
6
CONTINUOUS
10
4.7339370078740153
20
-2.6680314960629921
11
4.7369502755905515
21
-2.6686308661417324
0
LINE
8
BLACK
6
CONTINUOUS
10
4.167244566929134
20
-2.6907795669291339
11
4.1719090157480316
21
-2.6931562204724409
0
LINE
8
BLACK
6
CONTINUOUS
10
4.1719090157480316
20
-2.6931562204724409
11
4.1756107086614174
21
-2.6968579133858266
0
LINE
8
BLACK
6
CONTINUOUS
10
4.1756107086614174
20
-2.6968579133858266
11
4.1779873622047239
21
-2.7015223622047242
0
LINE
8
BLACK
6
CONTINUOUS
10
4.1779873622047239
20
-2.7015223622047242
11
4.1788062992125985
21
-2.7066929133858268
0
LINE
8
BLACK
6
CONTINUOUS
10
4.1788062992125985
20
-2.7066929133858268
11
4.1788062992125985
21
-2.7263779527559056
0
LINE
8
BLACK
6
CONTINUOUS
10
4.1788062992125985
20
-2.7263779527559056
11
4.1779873622047239
21
-2.7315485039370078
0
LINE
8
BLACK
6
CONTINUOUS
10
4.1779873622047239
20
-2.7315485039370078
11
4.1756107086614174
21
-2.7362129527559054
0
LINE
8
BLACK
6
CONTINUOUS
10
4.1756107086614174
20
-2.7362129527559054
11
4.1719090157480316
21
-2.7399146456692911
0
LINE
8
BLACK
6
CONTINUOUS
10
4.1719090157480316
20
-2.7399146456692911
11
4.167244566929134
21
-2.7422912992125985
0
LINE
8
BLACK
6
CONTINUOUS
10
4.167244566929134
20
-2.7422912992125985
11
4.1620740157480318
21
-2.7431102362204722
0
LINE
8
BLACK
6
CONTINUOUS
10
4.1620740157480318
20
-2.7431102362204722
11
4.1443574803149605
21
-2.7431102362204722
0
LINE
8
BLACK
6
CONTINUOUS
10
4.1443574803149605
20
-2.7431102362204722
11
4.1391869291338583
21
-2.7422912992125985
0
LINE
8
BLACK
6
CONTINUOUS
10
4.1391869291338583
20
-2.7422912992125985
11
4.1345224803149607
21
-2.7399146456692911
0
LINE
8
BLACK
6
CONTINUOUS
10
4.1345224803149607
20
-2.7399146456692911
11
4.130820787401575
21
-2.7362129527559054
0
LINE
8
BLACK
6
CONTINUOUS
10
4.130820787401575
20
-2.7362129527559054
11
4.1284441338582676
21
-2.7315485039370078
0
LINE
8
BLACK
6
CONTINUOUS
10
4.1284441338582676
20
-2.7315485039370078
11
4.1276251968503939
21
-2.7263779527559056
0
LINE
8
BLACK
6
CONTINUOUS
10
4.1276251968503939
20
-2.7263779527559056
11
4.1276251968503939
21
-2.7066929133858268
0
LINE
8
BLACK
6
CONTINUOUS
10
4.1276251968503939
20
-2.7066929133858268
11
4.1284441338582676
21
-2.7015223622047242
0
LINE
8
BLACK
6
CONTINUOUS
10
4.1284441338582676
20
-2.7015223622047242
11
4.130820787401575
21
-2.6968579133858266
0
LINE
8
BLACK
6
CONTINUOUS
10
4.130820787401575
20
-2.6968579133858266
11
4.1345224803149607
21
-2.6931562204724409
0
LINE
8
BLACK
6
CONTINUOUS
10
4.1345224803149607
20
-2.6931562204724409
11
4.1391869291338583
21
-2.6907795669291339
0
LINE
8
BLACK
6
CONTINUOUS
10
4.1391869291338583
20
-2.6907795669291339
11
4.1443574803149605
21
-2.6899606299212597
0
LINE
8
BLACK
6
CONTINUOUS
10
4.1443574803149605
20
-2.6899606299212597
11
4.1620740157480318
21
-2.6899606299212597
0
LINE
8
BLACK
6
CONTINUOUS
10
4.1620740157480318
20
-2.6899606299212597
11
4.167244566929134
21
-2.6907795669291339
0
LINE
8
BLACK
6
CONTINUOUS
10
4.2282681889763776
20
-2.6907795669291339
11
4.2329326377952752
21
-2.6931562204724409
0
LINE
8
BLACK
6
CONTINUOUS
10
4.2329326377952752
20
-2.6931562204724409
11
4.2366343307086609
21
-2.6968579133858266
0
LINE
8
BLACK
6
CONTINUOUS
10
4.2366343307086609
20
-2.6968579133858266
11
4.2390109842519683
21
-2.7015223622047242
0
LINE
8
BLACK
6
CONTINUOUS
10
4.2390109842519683
20
-2.7015223622047242
11
4.239829921259842
21
-2.7066929133858268
0
LINE
8
BLACK
6
CONTINUOUS
10
4.239829921259842
20
-2.7066929133858268
11
4.239829921259842
21
-2.7263779527559056
0
LINE
8
BLACK
6
CONTINUOUS
10
4.239829921259842
20
-2.7263779527559056
11
4.2390109842519683
21
-2.7315485039370078
0
LINE
8
BLACK
6
CONTINUOUS
10
4.2390109842519683
20
-2.7315485039370078
11
4.2366343307086609
21
-2.7362129527559054
0
LINE
8
BLACK
6
CONTINUOUS
10
4.2366343307086609
20
-2.7362129527559054
11
4.2329326377952752
21
-2.7399146456692911
0
LINE
8
BLACK
6
CONTINUOUS
10
4.2329326377952752
20
-2.7399146456692911
11
4.2282681889763776
21
-2.7422912992125985
0
LINE
8
BLACK
6
CONTINUOUS
10
4.2282681889763776
20
-2.7422912992125985
11
4.2230976377952754
21
-2.7431102362204722
0
LINE
8
BLACK
6
CONTINUOUS
10
4.2230976377952754
20
-2.7431102362204722
11
4.205381102362205
21
-2.7431102362204722
0
LINE
8
BLACK
6
CONTINUOUS
10
4.205381102362205
20
-2.7431102362204722
11
4.2002105511811019
21
-2.7422912992125985
0
LINE
8
BLACK
6
CONTINUOUS
10
4.2002105511811019
20
-2.7422912992125985
11
4.1955461023622043
21
-2.7399146456692911
0
LINE
8
BLACK
6
CONTINUOUS
10
4.1955461023622043
20
-2.7399146456692911
11
4.1918444094488185
21
-2.7362129527559054
0
LINE
8
BLACK
6
CONTINUOUS
10
4.1918444094488185
20
-2.7362129527559054
11
4.189467755905512
21
-2.7315485039370078
0
LINE
8
BLACK
6
CONTINUOUS
10
4.189467755905512
20
-2.7315485039370078
11
4.1886488188976374
21
-2.7263779527559056
0
LINE
8
BLACK
6
CONTINUOUS
10
4.1886488188976374
20
-2.7263779527559056
11
4.1886488188976374
21
-2.7066929133858268
0
LINE
8
BLACK
6
CONTINUOUS
10
4.1886488188976374
20
-2.7066929133858268
11
4.189467755905512
21
-2.7015223622047242
0
LINE
8
BLACK
6
CONTINUOUS
10
4.189467755905512
20
-2.7015223622047242
11
4.1918444094488185
21
-2.6968579133858266
0
LINE
8
BLACK
6
CONTINUOUS
10
4.1918444094488185
20
-2.6968579133858266
11
4.1955461023622043
21
-2.6931562204724409
0
LINE
8
BLACK
6
CONTINUOUS
10
4.1955461023622043
20
-2.6931562204724409
11
4.2002105511811019
21
-2.6907795669291339
0
LINE
8
BLACK
6
CONTINUOUS
10
4.2002105511811019
20
-2.6907795669291339
11
4.205381102362205
21
-2.6899606299212597
0
LINE
8
BLACK
6
CONTINUOUS
10
4.205381102362205
20
-2.6899606299212597
11
4.2230976377952754
21
-2.6899606299212597
0
LINE
8
BLACK
6
CONTINUOUS
10
4.2230976377952754
20
-2.6899606299212597
11
4.2282681889763776
21
-2.6907795669291339
  0
ENDSEC
  0
EOF
