  0
SECTION
  2
HEADER
  9
$ANGBASE
  50
0.0
  9
$ANGDIR
  70
1
  9
$MEASUREMENT
  70
0
  0
ENDSEC
  0
SECTION
  2
TABLES
  0
TABLE
  2
LTYPE
  70
4
  0
LTYPE
  5
40F
  2
CONTINUOUS
  70
0
  3
Solid line
  72
65
  73
0
  40
0.0
  0
LTYPE
  5
410
  2
DASHDOT
 70
0
  3
Dash Dot ____ _ ____ _
 72
65
 73
4
 40
2.0
 49
1.25
 49
-0.25
 49
0.25
 49
-0.25
  0
LTYPE
  5
411
  2
DASHED
 70
0
  3
Dashed __ __ __ __ __
 72
65
 73
2
 40
0.75
 49
0.5
 49
-0.25
  0
LTYPE
  5
43B
  2
DOTTED
 70
0
  3
Dotted .  .  .  .
 72
65
 73
2
 40
0.2
 49
0.0
 49
-0.2
  0
ENDTAB
  0
TABLE
  2
STYLE
  70
4
  0
STYLE
  2
KICAD
  70
0
  40
0
  41
1
  42
1
  50
0
  71
0
  3
isocp.shx
  0
STYLE
  2
KICADB
  70
0
  40
0
  41
1
  42
1
  50
0
  71
0
  3
isocp.shx
  0
STYLE
  2
KICADI
  70
0
  40
0
  41
1
  42
1
  50
15
  71
0
  3
isocp.shx
  0
STYLE
  2
KICADBI
  70
0
  40
0
  41
1
  42
1
  50
15
  71
0
  3
isocp.shx
  0
ENDTAB
  0
TABLE
  2
LAYER
  70
1
  0
LAYER
  2
BLACK
  70
0
  62
7
  6
CONTINUOUS
  0
ENDTAB
  0
ENDSEC
  0
SECTION
  2
ENTITIES
0
LINE
8
BLACK
6
CONTINUOUS
10
2.5711031496062993
20
-5.0757957874015744
11
2.5848769291338582
21
-5.078939566929134
0
LINE
8
BLACK
6
CONTINUOUS
10
2.5848769291338582
20
-5.078939566929134
11
2.5982120866141734
21
-5.083605708661417
0
LINE
8
BLACK
6
CONTINUOUS
10
2.5982120866141734
20
-5.083605708661417
11
2.6109409448818899
21
-5.0897356299212602
0
LINE
8
BLACK
6
CONTINUOUS
10
2.6109409448818899
20
-5.0897356299212602
11
2.6229034645669289
21
-5.0972521653543303
0
LINE
8
BLACK
6
CONTINUOUS
10
2.6229034645669289
20
-5.0972521653543303
11
2.6339491732283462
21
-5.1060608267716532
0
LINE
8
BLACK
6
CONTINUOUS
10
2.6339491732283462
20
-5.1060608267716532
11
2.6439391732283464
21
-5.1160508267716533
0
LINE
8
BLACK
6
CONTINUOUS
10
2.6439391732283464
20
-5.1160508267716533
11
2.6527478346456692
21
-5.1270965354330711
0
LINE
8
BLACK
6
CONTINUOUS
10
2.6527478346456692
20
-5.1270965354330711
11
2.6602643700787403
21
-5.1390590551181097
0
LINE
8
BLACK
6
CONTINUOUS
10
2.6602643700787403
20
-5.1390590551181097
11
2.6663942913385825
21
-5.1517879133858271
0
LINE
8
BLACK
6
CONTINUOUS
10
2.6663942913385825
20
-5.1517879133858271
11
2.671060433070866
21
-5.1651230708661418
0
LINE
8
BLACK
6
CONTINUOUS
10
2.671060433070866
20
-5.1651230708661418
11
2.6742042125984251
21
-5.1788968503937003
0
LINE
8
BLACK
6
CONTINUOUS
10
2.6742042125984251
20
-5.1788968503937003
11
2.6757860629921257
21
-5.192936023622047
0
LINE
8
BLACK
6
CONTINUOUS
10
2.6757860629921257
20
-5.192936023622047
11
2.6757860629921257
21
-5.2070639763779525
0
LINE
8
BLACK
6
CONTINUOUS
10
2.6757860629921257
20
-5.2070639763779525
11
2.6742042125984251
21
-5.2211031496062992
0
LINE
8
BLACK
6
CONTINUOUS
10
2.6742042125984251
20
-5.2211031496062992
11
2.671060433070866
21
-5.2348769291338577
0
LINE
8
BLACK
6
CONTINUOUS
10
2.671060433070866
20
-5.2348769291338577
11
2.6663942913385825
21
-5.2482120866141733
0
LINE
8
BLACK
6
CONTINUOUS
10
2.6663942913385825
20
-5.2482120866141733
11
2.6602643700787403
21
-5.2609409448818898
0
LINE
8
BLACK
6
CONTINUOUS
10
2.6602643700787403
20
-5.2609409448818898
11
2.6527478346456692
21
-5.2729034645669293
0
LINE
8
BLACK
6
CONTINUOUS
10
2.6527478346456692
20
-5.2729034645669293
11
2.6439391732283464
21
-5.2839491732283461
0
LINE
8
BLACK
6
CONTINUOUS
10
2.6439391732283464
20
-5.2839491732283461
11
2.6339491732283462
21
-5.2939391732283463
0
LINE
8
BLACK
6
CONTINUOUS
10
2.6339491732283462
20
-5.2939391732283463
11
2.6229034645669289
21
-5.3027478346456691
0
LINE
8
BLACK
6
CONTINUOUS
10
2.6229034645669289
20
-5.3027478346456691
11
2.6109409448818899
21
-5.3102643700787402
0
LINE
8
BLACK
6
CONTINUOUS
10
2.6109409448818899
20
-5.3102643700787402
11
2.5982120866141734
21
-5.3163942913385824
0
LINE
8
BLACK
6
CONTINUOUS
10
2.5982120866141734
20
-5.3163942913385824
11
2.5848769291338582
21
-5.3210604330708664
0
LINE
8
BLACK
6
CONTINUOUS
10
2.5848769291338582
20
-5.3210604330708664
11
2.5711031496062993
21
-5.324204212598425
0
LINE
8
BLACK
6
CONTINUOUS
10
2.5711031496062993
20
-5.324204212598425
11
2.5570639763779526
21
-5.3257860629921261
0
LINE
8
BLACK
6
CONTINUOUS
10
2.5570639763779526
20
-5.3257860629921261
11
2.5429360236220471
21
-5.3257860629921261
0
LINE
8
BLACK
6
CONTINUOUS
10
2.5429360236220471
20
-5.3257860629921261
11
2.5288968503937008
21
-5.324204212598425
0
LINE
8
BLACK
6
CONTINUOUS
10
2.5288968503937008
20
-5.324204212598425
11
2.5151230708661418
21
-5.3210604330708664
0
LINE
8
BLACK
6
CONTINUOUS
10
2.5151230708661418
20
-5.3210604330708664
11
2.5017879133858267
21
-5.3163942913385824
0
LINE
8
BLACK
6
CONTINUOUS
10
2.5017879133858267
20
-5.3163942913385824
11
2.4890590551181102
21
-5.3102643700787402
0
LINE
8
BLACK
6
CONTINUOUS
10
2.4890590551181102
20
-5.3102643700787402
11
2.4770965354330707
21
-5.3027478346456691
0
LINE
8
BLACK
6
CONTINUOUS
10
2.4770965354330707
20
-5.3027478346456691
11
2.4660508267716534
21
-5.2939391732283463
0
LINE
8
BLACK
6
CONTINUOUS
10
2.4660508267716534
20
-5.2939391732283463
11
2.4560608267716533
21
-5.2839491732283461
0
LINE
8
BLACK
6
CONTINUOUS
10
2.4560608267716533
20
-5.2839491732283461
11
2.4472521653543304
21
-5.2729034645669293
0
LINE
8
BLACK
6
CONTINUOUS
10
2.4472521653543304
20
-5.2729034645669293
11
2.4397356299212598
21
-5.2609409448818898
0
LINE
8
BLACK
6
CONTINUOUS
10
2.4397356299212598
20
-5.2609409448818898
11
2.4336057086614171
21
-5.2482120866141733
0
LINE
8
BLACK
6
CONTINUOUS
10
2.4336057086614171
20
-5.2482120866141733
11
2.4289395669291336
21
-5.2348769291338577
0
LINE
8
BLACK
6
CONTINUOUS
10
2.4289395669291336
20
-5.2348769291338577
11
2.4257957874015745
21
-5.2211031496062992
0
LINE
8
BLACK
6
CONTINUOUS
10
2.4257957874015745
20
-5.2211031496062992
11
2.4242139370078739
21
-5.2070639763779525
0
LINE
8
BLACK
6
CONTINUOUS
10
2.4242139370078739
20
-5.2070639763779525
11
2.4242139370078739
21
-5.192936023622047
0
LINE
8
BLACK
6
CONTINUOUS
10
2.4242139370078739
20
-5.192936023622047
11
2.4257957874015745
21
-5.1788968503937003
0
LINE
8
BLACK
6
CONTINUOUS
10
2.4257957874015745
20
-5.1788968503937003
11
2.4289395669291336
21
-5.1651230708661418
0
LINE
8
BLACK
6
CONTINUOUS
10
2.4289395669291336
20
-5.1651230708661418
11
2.4336057086614171
21
-5.1517879133858271
0
LINE
8
BLACK
6
CONTINUOUS
10
2.4336057086614171
20
-5.1517879133858271
11
2.4397356299212598
21
-5.1390590551181097
0
LINE
8
BLACK
6
CONTINUOUS
10
2.4397356299212598
20
-5.1390590551181097
11
2.4472521653543304
21
-5.1270965354330711
0
LINE
8
BLACK
6
CONTINUOUS
10
2.4472521653543304
20
-5.1270965354330711
11
2.4560608267716533
21
-5.1160508267716533
0
LINE
8
BLACK
6
CONTINUOUS
10
2.4560608267716533
20
-5.1160508267716533
11
2.4660508267716534
21
-5.1060608267716532
0
LINE
8
BLACK
6
CONTINUOUS
10
2.4660508267716534
20
-5.1060608267716532
11
2.4770965354330707
21
-5.0972521653543303
0
LINE
8
BLACK
6
CONTINUOUS
10
2.4770965354330707
20
-5.0972521653543303
11
2.4890590551181102
21
-5.0897356299212602
0
LINE
8
BLACK
6
CONTINUOUS
10
2.4890590551181102
20
-5.0897356299212602
11
2.5017879133858267
21
-5.083605708661417
0
LINE
8
BLACK
6
CONTINUOUS
10
2.5017879133858267
20
-5.083605708661417
11
2.5151230708661418
21
-5.078939566929134
0
LINE
8
BLACK
6
CONTINUOUS
10
2.5151230708661418
20
-5.078939566929134
11
2.5288968503937008
21
-5.0757957874015744
0
LINE
8
BLACK
6
CONTINUOUS
10
2.5288968503937008
20
-5.0757957874015744
11
2.5429360236220471
21
-5.0742139370078743
0
LINE
8
BLACK
6
CONTINUOUS
10
2.5429360236220471
20
-5.0742139370078743
11
2.5570639763779526
21
-5.0742139370078743
0
LINE
8
BLACK
6
CONTINUOUS
10
2.5570639763779526
20
-5.0742139370078743
11
2.5711031496062993
21
-5.0757957874015744
0
LINE
8
BLACK
6
CONTINUOUS
10
4.9711031496062992
20
-5.0757957874015744
11
4.9848769291338577
21
-5.078939566929134
0
LINE
8
BLACK
6
CONTINUOUS
10
4.9848769291338577
20
-5.078939566929134
11
4.9982120866141733
21
-5.083605708661417
0
LINE
8
BLACK
6
CONTINUOUS
10
4.9982120866141733
20
-5.083605708661417
11
5.0109409448818898
21
-5.0897356299212602
0
LINE
8
BLACK
6
CONTINUOUS
10
5.0109409448818898
20
-5.0897356299212602
11
5.0229034645669293
21
-5.0972521653543303
0
LINE
8
BLACK
6
CONTINUOUS
10
5.0229034645669293
20
-5.0972521653543303
11
5.0339491732283461
21
-5.1060608267716532
0
LINE
8
BLACK
6
CONTINUOUS
10
5.0339491732283461
20
-5.1060608267716532
11
5.0439391732283463
21
-5.1160508267716533
0
LINE
8
BLACK
6
CONTINUOUS
10
5.0439391732283463
20
-5.1160508267716533
11
5.0527478346456691
21
-5.1270965354330711
0
LINE
8
BLACK
6
CONTINUOUS
10
5.0527478346456691
20
-5.1270965354330711
11
5.0602643700787402
21
-5.1390590551181097
0
LINE
8
BLACK
6
CONTINUOUS
10
5.0602643700787402
20
-5.1390590551181097
11
5.0663942913385824
21
-5.1517879133858271
0
LINE
8
BLACK
6
CONTINUOUS
10
5.0663942913385824
20
-5.1517879133858271
11
5.0710604330708664
21
-5.1651230708661418
0
LINE
8
BLACK
6
CONTINUOUS
10
5.0710604330708664
20
-5.1651230708661418
11
5.074204212598425
21
-5.1788968503937003
0
LINE
8
BLACK
6
CONTINUOUS
10
5.074204212598425
20
-5.1788968503937003
11
5.0757860629921261
21
-5.192936023622047
0
LINE
8
BLACK
6
CONTINUOUS
10
5.0757860629921261
20
-5.192936023622047
11
5.0757860629921261
21
-5.2070639763779525
0
LINE
8
BLACK
6
CONTINUOUS
10
5.0757860629921261
20
-5.2070639763779525
11
5.074204212598425
21
-5.2211031496062992
0
LINE
8
BLACK
6
CONTINUOUS
10
5.074204212598425
20
-5.2211031496062992
11
5.0710604330708664
21
-5.2348769291338577
0
LINE
8
BLACK
6
CONTINUOUS
10
5.0710604330708664
20
-5.2348769291338577
11
5.0663942913385824
21
-5.2482120866141733
0
LINE
8
BLACK
6
CONTINUOUS
10
5.0663942913385824
20
-5.2482120866141733
11
5.0602643700787402
21
-5.2609409448818898
0
LINE
8
BLACK
6
CONTINUOUS
10
5.0602643700787402
20
-5.2609409448818898
11
5.0527478346456691
21
-5.2729034645669293
0
LINE
8
BLACK
6
CONTINUOUS
10
5.0527478346456691
20
-5.2729034645669293
11
5.0439391732283463
21
-5.2839491732283461
0
LINE
8
BLACK
6
CONTINUOUS
10
5.0439391732283463
20
-5.2839491732283461
11
5.0339491732283461
21
-5.2939391732283463
0
LINE
8
BLACK
6
CONTINUOUS
10
5.0339491732283461
20
-5.2939391732283463
11
5.0229034645669293
21
-5.3027478346456691
0
LINE
8
BLACK
6
CONTINUOUS
10
5.0229034645669293
20
-5.3027478346456691
11
5.0109409448818898
21
-5.3102643700787402
0
LINE
8
BLACK
6
CONTINUOUS
10
5.0109409448818898
20
-5.3102643700787402
11
4.9982120866141733
21
-5.3163942913385824
0
LINE
8
BLACK
6
CONTINUOUS
10
4.9982120866141733
20
-5.3163942913385824
11
4.9848769291338577
21
-5.3210604330708664
0
LINE
8
BLACK
6
CONTINUOUS
10
4.9848769291338577
20
-5.3210604330708664
11
4.9711031496062992
21
-5.324204212598425
0
LINE
8
BLACK
6
CONTINUOUS
10
4.9711031496062992
20
-5.324204212598425
11
4.9570639763779525
21
-5.3257860629921261
0
LINE
8
BLACK
6
CONTINUOUS
10
4.9570639763779525
20
-5.3257860629921261
11
4.942936023622047
21
-5.3257860629921261
0
LINE
8
BLACK
6
CONTINUOUS
10
4.942936023622047
20
-5.3257860629921261
11
4.9288968503937003
21
-5.324204212598425
0
LINE
8
BLACK
6
CONTINUOUS
10
4.9288968503937003
20
-5.324204212598425
11
4.9151230708661418
21
-5.3210604330708664
0
LINE
8
BLACK
6
CONTINUOUS
10
4.9151230708661418
20
-5.3210604330708664
11
4.9017879133858271
21
-5.3163942913385824
0
LINE
8
BLACK
6
CONTINUOUS
10
4.9017879133858271
20
-5.3163942913385824
11
4.8890590551181106
21
-5.3102643700787402
0
LINE
8
BLACK
6
CONTINUOUS
10
4.8890590551181106
20
-5.3102643700787402
11
4.8770965354330711
21
-5.3027478346456691
0
LINE
8
BLACK
6
CONTINUOUS
10
4.8770965354330711
20
-5.3027478346456691
11
4.8660508267716533
21
-5.2939391732283463
0
LINE
8
BLACK
6
CONTINUOUS
10
4.8660508267716533
20
-5.2939391732283463
11
4.8560608267716532
21
-5.2839491732283461
0
LINE
8
BLACK
6
CONTINUOUS
10
4.8560608267716532
20
-5.2839491732283461
11
4.8472521653543303
21
-5.2729034645669293
0
LINE
8
BLACK
6
CONTINUOUS
10
4.8472521653543303
20
-5.2729034645669293
11
4.8397356299212602
21
-5.2609409448818898
0
LINE
8
BLACK
6
CONTINUOUS
10
4.8397356299212602
20
-5.2609409448818898
11
4.833605708661417
21
-5.2482120866141733
0
LINE
8
BLACK
6
CONTINUOUS
10
4.833605708661417
20
-5.2482120866141733
11
4.828939566929134
21
-5.2348769291338577
0
LINE
8
BLACK
6
CONTINUOUS
10
4.828939566929134
20
-5.2348769291338577
11
4.8257957874015744
21
-5.2211031496062992
0
LINE
8
BLACK
6
CONTINUOUS
10
4.8257957874015744
20
-5.2211031496062992
11
4.8242139370078743
21
-5.2070639763779525
0
LINE
8
BLACK
6
CONTINUOUS
10
4.8242139370078743
20
-5.2070639763779525
11
4.8242139370078743
21
-5.192936023622047
0
LINE
8
BLACK
6
CONTINUOUS
10
4.8242139370078743
20
-5.192936023622047
11
4.8257957874015744
21
-5.1788968503937003
0
LINE
8
BLACK
6
CONTINUOUS
10
4.8257957874015744
20
-5.1788968503937003
11
4.828939566929134
21
-5.1651230708661418
0
LINE
8
BLACK
6
CONTINUOUS
10
4.828939566929134
20
-5.1651230708661418
11
4.833605708661417
21
-5.1517879133858271
0
LINE
8
BLACK
6
CONTINUOUS
10
4.833605708661417
20
-5.1517879133858271
11
4.8397356299212602
21
-5.1390590551181097
0
LINE
8
BLACK
6
CONTINUOUS
10
4.8397356299212602
20
-5.1390590551181097
11
4.8472521653543303
21
-5.1270965354330711
0
LINE
8
BLACK
6
CONTINUOUS
10
4.8472521653543303
20
-5.1270965354330711
11
4.8560608267716532
21
-5.1160508267716533
0
LINE
8
BLACK
6
CONTINUOUS
10
4.8560608267716532
20
-5.1160508267716533
11
4.8660508267716533
21
-5.1060608267716532
0
LINE
8
BLACK
6
CONTINUOUS
10
4.8660508267716533
20
-5.1060608267716532
11
4.8770965354330711
21
-5.0972521653543303
0
LINE
8
BLACK
6
CONTINUOUS
10
4.8770965354330711
20
-5.0972521653543303
11
4.8890590551181106
21
-5.0897356299212602
0
LINE
8
BLACK
6
CONTINUOUS
10
4.8890590551181106
20
-5.0897356299212602
11
4.9017879133858271
21
-5.083605708661417
0
LINE
8
BLACK
6
CONTINUOUS
10
4.9017879133858271
20
-5.083605708661417
11
4.9151230708661418
21
-5.078939566929134
0
LINE
8
BLACK
6
CONTINUOUS
10
4.9151230708661418
20
-5.078939566929134
11
4.9288968503937003
21
-5.0757957874015744
0
LINE
8
BLACK
6
CONTINUOUS
10
4.9288968503937003
20
-5.0757957874015744
11
4.942936023622047
21
-5.0742139370078743
0
LINE
8
BLACK
6
CONTINUOUS
10
4.942936023622047
20
-5.0742139370078743
11
4.9570639763779525
21
-5.0742139370078743
0
LINE
8
BLACK
6
CONTINUOUS
10
4.9570639763779525
20
-5.0742139370078743
11
4.9711031496062992
21
-5.0757957874015744
0
LINE
8
BLACK
6
CONTINUOUS
10
2.9166422834645669
20
-5.1878068897637792
11
2.9219900787401576
21
-5.190022007874016
0
LINE
8
BLACK
6
CONTINUOUS
10
2.9219900787401576
20
-5.190022007874016
11
2.9268029527559056
21
-5.1932378740157477
0
LINE
8
BLACK
6
CONTINUOUS
10
2.9268029527559056
20
-5.1932378740157477
11
2.9308959842519684
21
-5.1973309055118113
0
LINE
8
BLACK
6
CONTINUOUS
10
2.9308959842519684
20
-5.1973309055118113
11
2.9341118503937009
21
-5.2021437795275594
0
LINE
8
BLACK
6
CONTINUOUS
10
2.9341118503937009
20
-5.2021437795275594
11
2.9363269685039368
21
-5.2074915748031492
0
LINE
8
BLACK
6
CONTINUOUS
10
2.9363269685039368
20
-5.2074915748031492
11
2.9374562598425196
21
-5.2131687795275585
0
LINE
8
BLACK
6
CONTINUOUS
10
2.9374562598425196
20
-5.2131687795275585
11
2.9375984251968501
21
-5.216062992125984
0
LINE
8
BLACK
6
CONTINUOUS
10
2.9375984251968501
20
-5.216062992125984
11
2.9375984251968501
21
-5.2239370078740155
0
LINE
8
BLACK
6
CONTINUOUS
10
2.9375984251968501
20
-5.2239370078740155
11
2.9374562598425196
21
-5.226831220472441
0
LINE
8
BLACK
6
CONTINUOUS
10
2.9374562598425196
20
-5.226831220472441
11
2.9363269685039368
21
-5.2325084251968503
0
LINE
8
BLACK
6
CONTINUOUS
10
2.9363269685039368
20
-5.2325084251968503
11
2.9341118503937009
21
-5.237856220472441
0
LINE
8
BLACK
6
CONTINUOUS
10
2.9341118503937009
20
-5.237856220472441
11
2.9308959842519684
21
-5.2426690944881891
0
LINE
8
BLACK
6
CONTINUOUS
10
2.9308959842519684
20
-5.2426690944881891
11
2.9268029527559056
21
-5.2467621259842518
0
LINE
8
BLACK
6
CONTINUOUS
10
2.9268029527559056
20
-5.2467621259842518
11
2.9219900787401576
21
-5.2499779921259844
0
LINE
8
BLACK
6
CONTINUOUS
10
2.9219900787401576
20
-5.2499779921259844
11
2.9166422834645669
21
-5.2521931102362203
0
LINE
8
BLACK
6
CONTINUOUS
10
2.9166422834645669
20
-5.2521931102362203
11
2.9109650787401575
21
-5.2533224015748035
0
LINE
8
BLACK
6
CONTINUOUS
10
2.9109650787401575
20
-5.2533224015748035
11
2.905176653543307
21
-5.2533224015748035
0
LINE
8
BLACK
6
CONTINUOUS
10
2.905176653543307
20
-5.2533224015748035
11
2.8994994488188977
21
-5.2521931102362203
0
LINE
8
BLACK
6
CONTINUOUS
10
2.8994994488188977
20
-5.2521931102362203
11
2.8941516535433069
21
-5.2499779921259844
0
LINE
8
BLACK
6
CONTINUOUS
10
2.8941516535433069
20
-5.2499779921259844
11
2.8893387795275589
21
-5.2467621259842518
0
LINE
8
BLACK
6
CONTINUOUS
10
2.8893387795275589
20
-5.2467621259842518
11
2.8852457480314961
21
-5.2426690944881891
0
LINE
8
BLACK
6
CONTINUOUS
10
2.8852457480314961
20
-5.2426690944881891
11
2.8820298818897636
21
-5.237856220472441
0
LINE
8
BLACK
6
CONTINUOUS
10
2.8820298818897636
20
-5.237856220472441
11
2.8798147637795273
21
-5.2325084251968503
0
LINE
8
BLACK
6
CONTINUOUS
10
2.8798147637795273
20
-5.2325084251968503
11
2.878685472440945
21
-5.226831220472441
0
LINE
8
BLACK
6
CONTINUOUS
10
2.878685472440945
20
-5.226831220472441
11
2.878543307086614
21
-5.2239370078740155
0
LINE
8
BLACK
6
CONTINUOUS
10
2.878543307086614
20
-5.2239370078740155
11
2.878543307086614
21
-5.216062992125984
0
LINE
8
BLACK
6
CONTINUOUS
10
2.878543307086614
20
-5.216062992125984
11
2.878685472440945
21
-5.2131687795275585
0
LINE
8
BLACK
6
CONTINUOUS
10
2.878685472440945
20
-5.2131687795275585
11
2.8798147637795273
21
-5.2074915748031492
0
LINE
8
BLACK
6
CONTINUOUS
10
2.8798147637795273
20
-5.2074915748031492
11
2.8820298818897636
21
-5.2021437795275594
0
LINE
8
BLACK
6
CONTINUOUS
10
2.8820298818897636
20
-5.2021437795275594
11
2.8852457480314961
21
-5.1973309055118113
0
LINE
8
BLACK
6
CONTINUOUS
10
2.8852457480314961
20
-5.1973309055118113
11
2.8893387795275589
21
-5.1932378740157477
0
LINE
8
BLACK
6
CONTINUOUS
10
2.8893387795275589
20
-5.1932378740157477
11
2.8941516535433069
21
-5.190022007874016
0
LINE
8
BLACK
6
CONTINUOUS
10
2.8941516535433069
20
-5.190022007874016
11
2.8994994488188977
21
-5.1878068897637792
0
LINE
8
BLACK
6
CONTINUOUS
10
2.8994994488188977
20
-5.1878068897637792
11
2.905176653543307
21
-5.1866775984251969
0
LINE
8
BLACK
6
CONTINUOUS
10
2.905176653543307
20
-5.1866775984251969
11
2.9109650787401575
21
-5.1866775984251969
0
LINE
8
BLACK
6
CONTINUOUS
10
2.9109650787401575
20
-5.1866775984251969
11
2.9166422834645669
21
-5.1878068897637792
0
LINE
8
BLACK
6
CONTINUOUS
10
3.0666422834645668
20
-5.1878068897637792
11
3.0719900787401575
21
-5.190022007874016
0
LINE
8
BLACK
6
CONTINUOUS
10
3.0719900787401575
20
-5.190022007874016
11
3.0768029527559055
21
-5.1932378740157477
0
LINE
8
BLACK
6
CONTINUOUS
10
3.0768029527559055
20
-5.1932378740157477
11
3.0808959842519683
21
-5.1973309055118113
0
LINE
8
BLACK
6
CONTINUOUS
10
3.0808959842519683
20
-5.1973309055118113
11
3.0841118503937008
21
-5.2021437795275594
0
LINE
8
BLACK
6
CONTINUOUS
10
3.0841118503937008
20
-5.2021437795275594
11
3.0863269685039367
21
-5.2074915748031492
0
LINE
8
BLACK
6
CONTINUOUS
10
3.0863269685039367
20
-5.2074915748031492
11
3.0874562598425195
21
-5.2131687795275585
0
LINE
8
BLACK
6
CONTINUOUS
10
3.0874562598425195
20
-5.2131687795275585
11
3.0875984251968505
21
-5.216062992125984
0
LINE
8
BLACK
6
CONTINUOUS
10
3.0875984251968505
20
-5.216062992125984
11
3.0875984251968505
21
-5.2239370078740155
0
LINE
8
BLACK
6
CONTINUOUS
10
3.0875984251968505
20
-5.2239370078740155
11
3.0874562598425195
21
-5.226831220472441
0
LINE
8
BLACK
6
CONTINUOUS
10
3.0874562598425195
20
-5.226831220472441
11
3.0863269685039367
21
-5.2325084251968503
0
LINE
8
BLACK
6
CONTINUOUS
10
3.0863269685039367
20
-5.2325084251968503
11
3.0841118503937008
21
-5.237856220472441
0
LINE
8
BLACK
6
CONTINUOUS
10
3.0841118503937008
20
-5.237856220472441
11
3.0808959842519683
21
-5.2426690944881891
0
LINE
8
BLACK
6
CONTINUOUS
10
3.0808959842519683
20
-5.2426690944881891
11
3.0768029527559055
21
-5.2467621259842518
0
LINE
8
BLACK
6
CONTINUOUS
10
3.0768029527559055
20
-5.2467621259842518
11
3.0719900787401575
21
-5.2499779921259844
0
LINE
8
BLACK
6
CONTINUOUS
10
3.0719900787401575
20
-5.2499779921259844
11
3.0666422834645668
21
-5.2521931102362203
0
LINE
8
BLACK
6
CONTINUOUS
10
3.0666422834645668
20
-5.2521931102362203
11
3.0609650787401574
21
-5.2533224015748035
0
LINE
8
BLACK
6
CONTINUOUS
10
3.0609650787401574
20
-5.2533224015748035
11
3.0551766535433069
21
-5.2533224015748035
0
LINE
8
BLACK
6
CONTINUOUS
10
3.0551766535433069
20
-5.2533224015748035
11
3.0494994488188976
21
-5.2521931102362203
0
LINE
8
BLACK
6
CONTINUOUS
10
3.0494994488188976
20
-5.2521931102362203
11
3.0441516535433069
21
-5.2499779921259844
0
LINE
8
BLACK
6
CONTINUOUS
10
3.0441516535433069
20
-5.2499779921259844
11
3.0393387795275588
21
-5.2467621259842518
0
LINE
8
BLACK
6
CONTINUOUS
10
3.0393387795275588
20
-5.2467621259842518
11
3.035245748031496
21
-5.2426690944881891
0
LINE
8
BLACK
6
CONTINUOUS
10
3.035245748031496
20
-5.2426690944881891
11
3.0320298818897635
21
-5.237856220472441
0
LINE
8
BLACK
6
CONTINUOUS
10
3.0320298818897635
20
-5.237856220472441
11
3.0298147637795276
21
-5.2325084251968503
0
LINE
8
BLACK
6
CONTINUOUS
10
3.0298147637795276
20
-5.2325084251968503
11
3.0286854724409449
21
-5.226831220472441
0
LINE
8
BLACK
6
CONTINUOUS
10
3.0286854724409449
20
-5.226831220472441
11
3.0285433070866139
21
-5.2239370078740155
0
LINE
8
BLACK
6
CONTINUOUS
10
3.0285433070866139
20
-5.2239370078740155
11
3.0285433070866139
21
-5.216062992125984
0
LINE
8
BLACK
6
CONTINUOUS
10
3.0285433070866139
20
-5.216062992125984
11
3.0286854724409449
21
-5.2131687795275585
0
LINE
8
BLACK
6
CONTINUOUS
10
3.0286854724409449
20
-5.2131687795275585
11
3.0298147637795276
21
-5.2074915748031492
0
LINE
8
BLACK
6
CONTINUOUS
10
3.0298147637795276
20
-5.2074915748031492
11
3.0320298818897635
21
-5.2021437795275594
0
LINE
8
BLACK
6
CONTINUOUS
10
3.0320298818897635
20
-5.2021437795275594
11
3.035245748031496
21
-5.1973309055118113
0
LINE
8
BLACK
6
CONTINUOUS
10
3.035245748031496
20
-5.1973309055118113
11
3.0393387795275588
21
-5.1932378740157477
0
LINE
8
BLACK
6
CONTINUOUS
10
3.0393387795275588
20
-5.1932378740157477
11
3.0441516535433069
21
-5.190022007874016
0
LINE
8
BLACK
6
CONTINUOUS
10
3.0441516535433069
20
-5.190022007874016
11
3.0494994488188976
21
-5.1878068897637792
0
LINE
8
BLACK
6
CONTINUOUS
10
3.0494994488188976
20
-5.1878068897637792
11
3.0551766535433069
21
-5.1866775984251969
0
LINE
8
BLACK
6
CONTINUOUS
10
3.0551766535433069
20
-5.1866775984251969
11
3.0609650787401574
21
-5.1866775984251969
0
LINE
8
BLACK
6
CONTINUOUS
10
3.0609650787401574
20
-5.1866775984251969
11
3.0666422834645668
21
-5.1878068897637792
0
LINE
8
BLACK
6
CONTINUOUS
10
3.2166422834645667
20
-5.1878068897637792
11
3.2219900787401574
21
-5.190022007874016
0
LINE
8
BLACK
6
CONTINUOUS
10
3.2219900787401574
20
-5.190022007874016
11
3.2268029527559055
21
-5.1932378740157477
0
LINE
8
BLACK
6
CONTINUOUS
10
3.2268029527559055
20
-5.1932378740157477
11
3.2308959842519682
21
-5.1973309055118113
0
LINE
8
BLACK
6
CONTINUOUS
10
3.2308959842519682
20
-5.1973309055118113
11
3.2341118503937007
21
-5.2021437795275594
0
LINE
8
BLACK
6
CONTINUOUS
10
3.2341118503937007
20
-5.2021437795275594
11
3.2363269685039371
21
-5.2074915748031492
0
LINE
8
BLACK
6
CONTINUOUS
10
3.2363269685039371
20
-5.2074915748031492
11
3.2374562598425194
21
-5.2131687795275585
0
LINE
8
BLACK
6
CONTINUOUS
10
3.2374562598425194
20
-5.2131687795275585
11
3.2375984251968504
21
-5.216062992125984
0
LINE
8
BLACK
6
CONTINUOUS
10
3.2375984251968504
20
-5.216062992125984
11
3.2375984251968504
21
-5.2239370078740155
0
LINE
8
BLACK
6
CONTINUOUS
10
3.2375984251968504
20
-5.2239370078740155
11
3.2374562598425194
21
-5.226831220472441
0
LINE
8
BLACK
6
CONTINUOUS
10
3.2374562598425194
20
-5.226831220472441
11
3.2363269685039371
21
-5.2325084251968503
0
LINE
8
BLACK
6
CONTINUOUS
10
3.2363269685039371
20
-5.2325084251968503
11
3.2341118503937007
21
-5.237856220472441
0
LINE
8
BLACK
6
CONTINUOUS
10
3.2341118503937007
20
-5.237856220472441
11
3.2308959842519682
21
-5.2426690944881891
0
LINE
8
BLACK
6
CONTINUOUS
10
3.2308959842519682
20
-5.2426690944881891
11
3.2268029527559055
21
-5.2467621259842518
0
LINE
8
BLACK
6
CONTINUOUS
10
3.2268029527559055
20
-5.2467621259842518
11
3.2219900787401574
21
-5.2499779921259844
0
LINE
8
BLACK
6
CONTINUOUS
10
3.2219900787401574
20
-5.2499779921259844
11
3.2166422834645667
21
-5.2521931102362203
0
LINE
8
BLACK
6
CONTINUOUS
10
3.2166422834645667
20
-5.2521931102362203
11
3.2109650787401574
21
-5.2533224015748035
0
LINE
8
BLACK
6
CONTINUOUS
10
3.2109650787401574
20
-5.2533224015748035
11
3.2051766535433068
21
-5.2533224015748035
0
LINE
8
BLACK
6
CONTINUOUS
10
3.2051766535433068
20
-5.2533224015748035
11
3.1994994488188975
21
-5.2521931102362203
0
LINE
8
BLACK
6
CONTINUOUS
10
3.1994994488188975
20
-5.2521931102362203
11
3.1941516535433072
21
-5.2499779921259844
0
LINE
8
BLACK
6
CONTINUOUS
10
3.1941516535433072
20
-5.2499779921259844
11
3.1893387795275592
21
-5.2467621259842518
0
LINE
8
BLACK
6
CONTINUOUS
10
3.1893387795275592
20
-5.2467621259842518
11
3.185245748031496
21
-5.2426690944881891
0
LINE
8
BLACK
6
CONTINUOUS
10
3.185245748031496
20
-5.2426690944881891
11
3.1820298818897639
21
-5.237856220472441
0
LINE
8
BLACK
6
CONTINUOUS
10
3.1820298818897639
20
-5.237856220472441
11
3.1798147637795275
21
-5.2325084251968503
0
LINE
8
BLACK
6
CONTINUOUS
10
3.1798147637795275
20
-5.2325084251968503
11
3.1786854724409448
21
-5.226831220472441
0
LINE
8
BLACK
6
CONTINUOUS
10
3.1786854724409448
20
-5.226831220472441
11
3.1785433070866143
21
-5.2239370078740155
0
LINE
8
BLACK
6
CONTINUOUS
10
3.1785433070866143
20
-5.2239370078740155
11
3.1785433070866143
21
-5.216062992125984
0
LINE
8
BLACK
6
CONTINUOUS
10
3.1785433070866143
20
-5.216062992125984
11
3.1786854724409448
21
-5.2131687795275585
0
LINE
8
BLACK
6
CONTINUOUS
10
3.1786854724409448
20
-5.2131687795275585
11
3.1798147637795275
21
-5.2074915748031492
0
LINE
8
BLACK
6
CONTINUOUS
10
3.1798147637795275
20
-5.2074915748031492
11
3.1820298818897639
21
-5.2021437795275594
0
LINE
8
BLACK
6
CONTINUOUS
10
3.1820298818897639
20
-5.2021437795275594
11
3.185245748031496
21
-5.1973309055118113
0
LINE
8
BLACK
6
CONTINUOUS
10
3.185245748031496
20
-5.1973309055118113
11
3.1893387795275592
21
-5.1932378740157477
0
LINE
8
BLACK
6
CONTINUOUS
10
3.1893387795275592
20
-5.1932378740157477
11
3.1941516535433072
21
-5.190022007874016
0
LINE
8
BLACK
6
CONTINUOUS
10
3.1941516535433072
20
-5.190022007874016
11
3.1994994488188975
21
-5.1878068897637792
0
LINE
8
BLACK
6
CONTINUOUS
10
3.1994994488188975
20
-5.1878068897637792
11
3.2051766535433068
21
-5.1866775984251969
0
LINE
8
BLACK
6
CONTINUOUS
10
3.2051766535433068
20
-5.1866775984251969
11
3.2109650787401574
21
-5.1866775984251969
0
LINE
8
BLACK
6
CONTINUOUS
10
3.2109650787401574
20
-5.1866775984251969
11
3.2166422834645667
21
-5.1878068897637792
0
LINE
8
BLACK
6
CONTINUOUS
10
3.6312092125984252
20
-5.1878068897637792
11
3.6365570078740155
21
-5.190022007874016
0
LINE
8
BLACK
6
CONTINUOUS
10
3.6365570078740155
20
-5.190022007874016
11
3.6413698818897635
21
-5.1932378740157477
0
LINE
8
BLACK
6
CONTINUOUS
10
3.6413698818897635
20
-5.1932378740157477
11
3.6454629133858267
21
-5.1973309055118113
0
LINE
8
BLACK
6
CONTINUOUS
10
3.6454629133858267
20
-5.1973309055118113
11
3.6486787795275588
21
-5.2021437795275594
0
LINE
8
BLACK
6
CONTINUOUS
10
3.6486787795275588
20
-5.2021437795275594
11
3.6508938976377951
21
-5.2074915748031492
0
LINE
8
BLACK
6
CONTINUOUS
10
3.6508938976377951
20
-5.2074915748031492
11
3.6520231889763779
21
-5.2131687795275585
0
LINE
8
BLACK
6
CONTINUOUS
10
3.6520231889763779
20
-5.2131687795275585
11
3.6521653543307084
21
-5.216062992125984
0
LINE
8
BLACK
6
CONTINUOUS
10
3.6521653543307084
20
-5.216062992125984
11
3.6521653543307084
21
-5.2239370078740155
0
LINE
8
BLACK
6
CONTINUOUS
10
3.6521653543307084
20
-5.2239370078740155
11
3.6520231889763779
21
-5.226831220472441
0
LINE
8
BLACK
6
CONTINUOUS
10
3.6520231889763779
20
-5.226831220472441
11
3.6508938976377951
21
-5.2325084251968503
0
LINE
8
BLACK
6
CONTINUOUS
10
3.6508938976377951
20
-5.2325084251968503
11
3.6486787795275588
21
-5.237856220472441
0
LINE
8
BLACK
6
CONTINUOUS
10
3.6486787795275588
20
-5.237856220472441
11
3.6454629133858267
21
-5.2426690944881891
0
LINE
8
BLACK
6
CONTINUOUS
10
3.6454629133858267
20
-5.2426690944881891
11
3.6413698818897635
21
-5.2467621259842518
0
LINE
8
BLACK
6
CONTINUOUS
10
3.6413698818897635
20
-5.2467621259842518
11
3.6365570078740155
21
-5.2499779921259844
0
LINE
8
BLACK
6
CONTINUOUS
10
3.6365570078740155
20
-5.2499779921259844
11
3.6312092125984252
21
-5.2521931102362203
0
LINE
8
BLACK
6
CONTINUOUS
10
3.6312092125984252
20
-5.2521931102362203
11
3.6255320078740159
21
-5.2533224015748035
0
LINE
8
BLACK
6
CONTINUOUS
10
3.6255320078740159
20
-5.2533224015748035
11
3.6197435826771653
21
-5.2533224015748035
0
LINE
8
BLACK
6
CONTINUOUS
10
3.6197435826771653
20
-5.2533224015748035
11
3.614066377952756
21
-5.2521931102362203
0
LINE
8
BLACK
6
CONTINUOUS
10
3.614066377952756
20
-5.2521931102362203
11
3.6087185826771653
21
-5.2499779921259844
0
LINE
8
BLACK
6
CONTINUOUS
10
3.6087185826771653
20
-5.2499779921259844
11
3.6039057086614172
21
-5.2467621259842518
0
LINE
8
BLACK
6
CONTINUOUS
10
3.6039057086614172
20
-5.2467621259842518
11
3.5998126771653545
21
-5.2426690944881891
0
LINE
8
BLACK
6
CONTINUOUS
10
3.5998126771653545
20
-5.2426690944881891
11
3.5965968110236219
21
-5.237856220472441
0
LINE
8
BLACK
6
CONTINUOUS
10
3.5965968110236219
20
-5.237856220472441
11
3.5943816929133856
21
-5.2325084251968503
0
LINE
8
BLACK
6
CONTINUOUS
10
3.5943816929133856
20
-5.2325084251968503
11
3.5932524015748029
21
-5.226831220472441
0
LINE
8
BLACK
6
CONTINUOUS
10
3.5932524015748029
20
-5.226831220472441
11
3.5931102362204723
21
-5.2239370078740155
0
LINE
8
BLACK
6
CONTINUOUS
10
3.5931102362204723
20
-5.2239370078740155
11
3.5931102362204723
21
-5.216062992125984
0
LINE
8
BLACK
6
CONTINUOUS
10
3.5931102362204723
20
-5.216062992125984
11
3.5932524015748029
21
-5.2131687795275585
0
LINE
8
BLACK
6
CONTINUOUS
10
3.5932524015748029
20
-5.2131687795275585
11
3.5943816929133856
21
-5.2074915748031492
0
LINE
8
BLACK
6
CONTINUOUS
10
3.5943816929133856
20
-5.2074915748031492
11
3.5965968110236219
21
-5.2021437795275594
0
LINE
8
BLACK
6
CONTINUOUS
10
3.5965968110236219
20
-5.2021437795275594
11
3.5998126771653545
21
-5.1973309055118113
0
LINE
8
BLACK
6
CONTINUOUS
10
3.5998126771653545
20
-5.1973309055118113
11
3.6039057086614172
21
-5.1932378740157477
0
LINE
8
BLACK
6
CONTINUOUS
10
3.6039057086614172
20
-5.1932378740157477
11
3.6087185826771653
21
-5.190022007874016
0
LINE
8
BLACK
6
CONTINUOUS
10
3.6087185826771653
20
-5.190022007874016
11
3.614066377952756
21
-5.1878068897637792
0
LINE
8
BLACK
6
CONTINUOUS
10
3.614066377952756
20
-5.1878068897637792
11
3.6197435826771653
21
-5.1866775984251969
0
LINE
8
BLACK
6
CONTINUOUS
10
3.6197435826771653
20
-5.1866775984251969
11
3.6255320078740159
21
-5.1866775984251969
0
LINE
8
BLACK
6
CONTINUOUS
10
3.6255320078740159
20
-5.1866775984251969
11
3.6312092125984252
21
-5.1878068897637792
0
LINE
8
BLACK
6
CONTINUOUS
10
3.7812092125984251
20
-5.1878068897637792
11
3.7865570078740158
21
-5.190022007874016
0
LINE
8
BLACK
6
CONTINUOUS
10
3.7865570078740158
20
-5.190022007874016
11
3.7913698818897639
21
-5.1932378740157477
0
LINE
8
BLACK
6
CONTINUOUS
10
3.7913698818897639
20
-5.1932378740157477
11
3.7954629133858266
21
-5.1973309055118113
0
LINE
8
BLACK
6
CONTINUOUS
10
3.7954629133858266
20
-5.1973309055118113
11
3.7986787795275592
21
-5.2021437795275594
0
LINE
8
BLACK
6
CONTINUOUS
10
3.7986787795275592
20
-5.2021437795275594
11
3.8008938976377951
21
-5.2074915748031492
0
LINE
8
BLACK
6
CONTINUOUS
10
3.8008938976377951
20
-5.2074915748031492
11
3.8020231889763778
21
-5.2131687795275585
0
LINE
8
BLACK
6
CONTINUOUS
10
3.8020231889763778
20
-5.2131687795275585
11
3.8021653543307088
21
-5.216062992125984
0
LINE
8
BLACK
6
CONTINUOUS
10
3.8021653543307088
20
-5.216062992125984
11
3.8021653543307088
21
-5.2239370078740155
0
LINE
8
BLACK
6
CONTINUOUS
10
3.8021653543307088
20
-5.2239370078740155
11
3.8020231889763778
21
-5.226831220472441
0
LINE
8
BLACK
6
CONTINUOUS
10
3.8020231889763778
20
-5.226831220472441
11
3.8008938976377951
21
-5.2325084251968503
0
LINE
8
BLACK
6
CONTINUOUS
10
3.8008938976377951
20
-5.2325084251968503
11
3.7986787795275592
21
-5.237856220472441
0
LINE
8
BLACK
6
CONTINUOUS
10
3.7986787795275592
20
-5.237856220472441
11
3.7954629133858266
21
-5.2426690944881891
0
LINE
8
BLACK
6
CONTINUOUS
10
3.7954629133858266
20
-5.2426690944881891
11
3.7913698818897639
21
-5.2467621259842518
0
LINE
8
BLACK
6
CONTINUOUS
10
3.7913698818897639
20
-5.2467621259842518
11
3.7865570078740158
21
-5.2499779921259844
0
LINE
8
BLACK
6
CONTINUOUS
10
3.7865570078740158
20
-5.2499779921259844
11
3.7812092125984251
21
-5.2521931102362203
0
LINE
8
BLACK
6
CONTINUOUS
10
3.7812092125984251
20
-5.2521931102362203
11
3.7755320078740158
21
-5.2533224015748035
0
LINE
8
BLACK
6
CONTINUOUS
10
3.7755320078740158
20
-5.2533224015748035
11
3.7697435826771653
21
-5.2533224015748035
0
LINE
8
BLACK
6
CONTINUOUS
10
3.7697435826771653
20
-5.2533224015748035
11
3.7640663779527559
21
-5.2521931102362203
0
LINE
8
BLACK
6
CONTINUOUS
10
3.7640663779527559
20
-5.2521931102362203
11
3.7587185826771652
21
-5.2499779921259844
0
LINE
8
BLACK
6
CONTINUOUS
10
3.7587185826771652
20
-5.2499779921259844
11
3.7539057086614172
21
-5.2467621259842518
0
LINE
8
BLACK
6
CONTINUOUS
10
3.7539057086614172
20
-5.2467621259842518
11
3.7498126771653544
21
-5.2426690944881891
0
LINE
8
BLACK
6
CONTINUOUS
10
3.7498126771653544
20
-5.2426690944881891
11
3.7465968110236219
21
-5.237856220472441
0
LINE
8
BLACK
6
CONTINUOUS
10
3.7465968110236219
20
-5.237856220472441
11
3.744381692913386
21
-5.2325084251968503
0
LINE
8
BLACK
6
CONTINUOUS
10
3.744381692913386
20
-5.2325084251968503
11
3.7432524015748032
21
-5.226831220472441
0
LINE
8
BLACK
6
CONTINUOUS
10
3.7432524015748032
20
-5.226831220472441
11
3.7431102362204722
21
-5.2239370078740155
0
LINE
8
BLACK
6
CONTINUOUS
10
3.7431102362204722
20
-5.2239370078740155
11
3.7431102362204722
21
-5.216062992125984
0
LINE
8
BLACK
6
CONTINUOUS
10
3.7431102362204722
20
-5.216062992125984
11
3.7432524015748032
21
-5.2131687795275585
0
LINE
8
BLACK
6
CONTINUOUS
10
3.7432524015748032
20
-5.2131687795275585
11
3.744381692913386
21
-5.2074915748031492
0
LINE
8
BLACK
6
CONTINUOUS
10
3.744381692913386
20
-5.2074915748031492
11
3.7465968110236219
21
-5.2021437795275594
0
LINE
8
BLACK
6
CONTINUOUS
10
3.7465968110236219
20
-5.2021437795275594
11
3.7498126771653544
21
-5.1973309055118113
0
LINE
8
BLACK
6
CONTINUOUS
10
3.7498126771653544
20
-5.1973309055118113
11
3.7539057086614172
21
-5.1932378740157477
0
LINE
8
BLACK
6
CONTINUOUS
10
3.7539057086614172
20
-5.1932378740157477
11
3.7587185826771652
21
-5.190022007874016
0
LINE
8
BLACK
6
CONTINUOUS
10
3.7587185826771652
20
-5.190022007874016
11
3.7640663779527559
21
-5.1878068897637792
0
LINE
8
BLACK
6
CONTINUOUS
10
3.7640663779527559
20
-5.1878068897637792
11
3.7697435826771653
21
-5.1866775984251969
0
LINE
8
BLACK
6
CONTINUOUS
10
3.7697435826771653
20
-5.1866775984251969
11
3.7755320078740158
21
-5.1866775984251969
0
LINE
8
BLACK
6
CONTINUOUS
10
3.7755320078740158
20
-5.1866775984251969
11
3.7812092125984251
21
-5.1878068897637792
0
LINE
8
BLACK
6
CONTINUOUS
10
3.931209212598425
20
-5.1878068897637792
11
3.9365570078740157
21
-5.190022007874016
0
LINE
8
BLACK
6
CONTINUOUS
10
3.9365570078740157
20
-5.190022007874016
11
3.9413698818897638
21
-5.1932378740157477
0
LINE
8
BLACK
6
CONTINUOUS
10
3.9413698818897638
20
-5.1932378740157477
11
3.9454629133858266
21
-5.1973309055118113
0
LINE
8
BLACK
6
CONTINUOUS
10
3.9454629133858266
20
-5.1973309055118113
11
3.9486787795275591
21
-5.2021437795275594
0
LINE
8
BLACK
6
CONTINUOUS
10
3.9486787795275591
20
-5.2021437795275594
11
3.950893897637795
21
-5.2074915748031492
0
LINE
8
BLACK
6
CONTINUOUS
10
3.950893897637795
20
-5.2074915748031492
11
3.9520231889763777
21
-5.2131687795275585
0
LINE
8
BLACK
6
CONTINUOUS
10
3.9520231889763777
20
-5.2131687795275585
11
3.9521653543307087
21
-5.216062992125984
0
LINE
8
BLACK
6
CONTINUOUS
10
3.9521653543307087
20
-5.216062992125984
11
3.9521653543307087
21
-5.2239370078740155
0
LINE
8
BLACK
6
CONTINUOUS
10
3.9521653543307087
20
-5.2239370078740155
11
3.9520231889763777
21
-5.226831220472441
0
LINE
8
BLACK
6
CONTINUOUS
10
3.9520231889763777
20
-5.226831220472441
11
3.950893897637795
21
-5.2325084251968503
0
LINE
8
BLACK
6
CONTINUOUS
10
3.950893897637795
20
-5.2325084251968503
11
3.9486787795275591
21
-5.237856220472441
0
LINE
8
BLACK
6
CONTINUOUS
10
3.9486787795275591
20
-5.237856220472441
11
3.9454629133858266
21
-5.2426690944881891
0
LINE
8
BLACK
6
CONTINUOUS
10
3.9454629133858266
20
-5.2426690944881891
11
3.9413698818897638
21
-5.2467621259842518
0
LINE
8
BLACK
6
CONTINUOUS
10
3.9413698818897638
20
-5.2467621259842518
11
3.9365570078740157
21
-5.2499779921259844
0
LINE
8
BLACK
6
CONTINUOUS
10
3.9365570078740157
20
-5.2499779921259844
11
3.931209212598425
21
-5.2521931102362203
0
LINE
8
BLACK
6
CONTINUOUS
10
3.931209212598425
20
-5.2521931102362203
11
3.9255320078740157
21
-5.2533224015748035
0
LINE
8
BLACK
6
CONTINUOUS
10
3.9255320078740157
20
-5.2533224015748035
11
3.9197435826771652
21
-5.2533224015748035
0
LINE
8
BLACK
6
CONTINUOUS
10
3.9197435826771652
20
-5.2533224015748035
11
3.9140663779527558
21
-5.2521931102362203
0
LINE
8
BLACK
6
CONTINUOUS
10
3.9140663779527558
20
-5.2521931102362203
11
3.9087185826771651
21
-5.2499779921259844
0
LINE
8
BLACK
6
CONTINUOUS
10
3.9087185826771651
20
-5.2499779921259844
11
3.9039057086614171
21
-5.2467621259842518
0
LINE
8
BLACK
6
CONTINUOUS
10
3.9039057086614171
20
-5.2467621259842518
11
3.8998126771653543
21
-5.2426690944881891
0
LINE
8
BLACK
6
CONTINUOUS
10
3.8998126771653543
20
-5.2426690944881891
11
3.8965968110236218
21
-5.237856220472441
0
LINE
8
BLACK
6
CONTINUOUS
10
3.8965968110236218
20
-5.237856220472441
11
3.8943816929133859
21
-5.2325084251968503
0
LINE
8
BLACK
6
CONTINUOUS
10
3.8943816929133859
20
-5.2325084251968503
11
3.8932524015748031
21
-5.226831220472441
0
LINE
8
BLACK
6
CONTINUOUS
10
3.8932524015748031
20
-5.226831220472441
11
3.8931102362204721
21
-5.2239370078740155
0
LINE
8
BLACK
6
CONTINUOUS
10
3.8931102362204721
20
-5.2239370078740155
11
3.8931102362204721
21
-5.216062992125984
0
LINE
8
BLACK
6
CONTINUOUS
10
3.8931102362204721
20
-5.216062992125984
11
3.8932524015748031
21
-5.2131687795275585
0
LINE
8
BLACK
6
CONTINUOUS
10
3.8932524015748031
20
-5.2131687795275585
11
3.8943816929133859
21
-5.2074915748031492
0
LINE
8
BLACK
6
CONTINUOUS
10
3.8943816929133859
20
-5.2074915748031492
11
3.8965968110236218
21
-5.2021437795275594
0
LINE
8
BLACK
6
CONTINUOUS
10
3.8965968110236218
20
-5.2021437795275594
11
3.8998126771653543
21
-5.1973309055118113
0
LINE
8
BLACK
6
CONTINUOUS
10
3.8998126771653543
20
-5.1973309055118113
11
3.9039057086614171
21
-5.1932378740157477
0
LINE
8
BLACK
6
CONTINUOUS
10
3.9039057086614171
20
-5.1932378740157477
11
3.9087185826771651
21
-5.190022007874016
0
LINE
8
BLACK
6
CONTINUOUS
10
3.9087185826771651
20
-5.190022007874016
11
3.9140663779527558
21
-5.1878068897637792
0
LINE
8
BLACK
6
CONTINUOUS
10
3.9140663779527558
20
-5.1878068897637792
11
3.9197435826771652
21
-5.1866775984251969
0
LINE
8
BLACK
6
CONTINUOUS
10
3.9197435826771652
20
-5.1866775984251969
11
3.9255320078740157
21
-5.1866775984251969
0
LINE
8
BLACK
6
CONTINUOUS
10
3.9255320078740157
20
-5.1866775984251969
11
3.931209212598425
21
-5.1878068897637792
0
LINE
8
BLACK
6
CONTINUOUS
10
3.3182478740157482
20
-5.1054355905511812
11
3.3267673622047242
21
-5.1082037401574798
0
LINE
8
BLACK
6
CONTINUOUS
10
3.3267673622047242
20
-5.1082037401574798
11
3.3347489370078738
21
-5.1122705511811022
0
LINE
8
BLACK
6
CONTINUOUS
10
3.3347489370078738
20
-5.1122705511811022
11
3.3419960629921257
21
-5.1175358661417318
0
LINE
8
BLACK
6
CONTINUOUS
10
3.3419960629921257
20
-5.1175358661417318
11
3.3483302755905511
21
-5.1238700787401577
0
LINE
8
BLACK
6
CONTINUOUS
10
3.3483302755905511
20
-5.1238700787401577
11
3.3535955905511812
21
-5.1311172047244096
0
LINE
8
BLACK
6
CONTINUOUS
10
3.3535955905511812
20
-5.1311172047244096
11
3.3576624015748031
21
-5.1390987795275587
0
LINE
8
BLACK
6
CONTINUOUS
10
3.3576624015748031
20
-5.1390987795275587
11
3.3604305511811021
21
-5.1476182677165356
0
LINE
8
BLACK
6
CONTINUOUS
10
3.3604305511811021
20
-5.1476182677165356
11
3.3618318897637796
21
-5.1564659055118112
0
LINE
8
BLACK
6
CONTINUOUS
10
3.3618318897637796
20
-5.1564659055118112
11
3.3618318897637796
21
-5.1654238582677161
0
LINE
8
BLACK
6
CONTINUOUS
10
3.3618318897637796
20
-5.1654238582677161
11
3.3604305511811021
21
-5.1742714960629916
0
LINE
8
BLACK
6
CONTINUOUS
10
3.3604305511811021
20
-5.1742714960629916
11
3.3576624015748031
21
-5.1827909842519686
0
LINE
8
BLACK
6
CONTINUOUS
10
3.3576624015748031
20
-5.1827909842519686
11
3.3535955905511812
21
-5.1907725590551177
0
LINE
8
BLACK
6
CONTINUOUS
10
3.3535955905511812
20
-5.1907725590551177
11
3.3483302755905511
21
-5.1980196850393696
0
LINE
8
BLACK
6
CONTINUOUS
10
3.3483302755905511
20
-5.1980196850393696
11
3.3419960629921257
21
-5.2043538976377954
0
LINE
8
BLACK
6
CONTINUOUS
10
3.3419960629921257
20
-5.2043538976377954
11
3.3347489370078738
21
-5.2096192125984251
0
LINE
8
BLACK
6
CONTINUOUS
10
3.3347489370078738
20
-5.2096192125984251
11
3.3267673622047242
21
-5.2136860236220475
0
LINE
8
BLACK
6
CONTINUOUS
10
3.3267673622047242
20
-5.2136860236220475
11
3.3182478740157482
21
-5.216454173228346
0
LINE
8
BLACK
6
CONTINUOUS
10
3.3182478740157482
20
-5.216454173228346
11
3.3094002362204722
21
-5.2178555118110239
0
LINE
8
BLACK
6
CONTINUOUS
10
3.3094002362204722
20
-5.2178555118110239
11
3.3004422834645668
21
-5.2178555118110239
0
LINE
8
BLACK
6
CONTINUOUS
10
3.3004422834645668
20
-5.2178555118110239
11
3.2915946456692913
21
-5.216454173228346
0
LINE
8
BLACK
6
CONTINUOUS
10
3.2915946456692913
20
-5.216454173228346
11
3.2830751574803148
21
-5.2136860236220475
0
LINE
8
BLACK
6
CONTINUOUS
10
3.2830751574803148
20
-5.2136860236220475
11
3.2750935826771652
21
-5.2096192125984251
0
LINE
8
BLACK
6
CONTINUOUS
10
3.2750935826771652
20
-5.2096192125984251
11
3.2678464566929133
21
-5.2043538976377954
0
LINE
8
BLACK
6
CONTINUOUS
10
3.2678464566929133
20
-5.2043538976377954
11
3.2615122440944879
21
-5.1980196850393696
0
LINE
8
BLACK
6
CONTINUOUS
10
3.2615122440944879
20
-5.1980196850393696
11
3.2562469291338583
21
-5.1907725590551177
0
LINE
8
BLACK
6
CONTINUOUS
10
3.2562469291338583
20
-5.1907725590551177
11
3.2521801181102363
21
-5.1827909842519686
0
LINE
8
BLACK
6
CONTINUOUS
10
3.2521801181102363
20
-5.1827909842519686
11
3.2494119685039369
21
-5.1742714960629916
0
LINE
8
BLACK
6
CONTINUOUS
10
3.2494119685039369
20
-5.1742714960629916
11
3.2480106299212599
21
-5.1654238582677161
0
LINE
8
BLACK
6
CONTINUOUS
10
3.2480106299212599
20
-5.1654238582677161
11
3.2480106299212599
21
-5.1564659055118112
0
LINE
8
BLACK
6
CONTINUOUS
10
3.2480106299212599
20
-5.1564659055118112
11
3.2494119685039369
21
-5.1476182677165356
0
LINE
8
BLACK
6
CONTINUOUS
10
3.2494119685039369
20
-5.1476182677165356
11
3.2521801181102363
21
-5.1390987795275587
0
LINE
8
BLACK
6
CONTINUOUS
10
3.2521801181102363
20
-5.1390987795275587
11
3.2562469291338583
21
-5.1311172047244096
0
LINE
8
BLACK
6
CONTINUOUS
10
3.2562469291338583
20
-5.1311172047244096
11
3.2615122440944879
21
-5.1238700787401577
0
LINE
8
BLACK
6
CONTINUOUS
10
3.2615122440944879
20
-5.1238700787401577
11
3.2678464566929133
21
-5.1175358661417318
0
LINE
8
BLACK
6
CONTINUOUS
10
3.2678464566929133
20
-5.1175358661417318
11
3.2750935826771652
21
-5.1122705511811022
0
LINE
8
BLACK
6
CONTINUOUS
10
3.2750935826771652
20
-5.1122705511811022
11
3.2830751574803148
21
-5.1082037401574798
0
LINE
8
BLACK
6
CONTINUOUS
10
3.2830751574803148
20
-5.1082037401574798
11
3.2915946456692913
21
-5.1054355905511812
0
LINE
8
BLACK
6
CONTINUOUS
10
3.2915946456692913
20
-5.1054355905511812
11
3.3004422834645668
21
-5.1040342519685042
0
LINE
8
BLACK
6
CONTINUOUS
10
3.3004422834645668
20
-5.1040342519685042
11
3.3094002362204722
21
-5.1040342519685042
0
LINE
8
BLACK
6
CONTINUOUS
10
3.3094002362204722
20
-5.1040342519685042
11
3.3182478740157482
21
-5.1054355905511812
0
LINE
8
BLACK
6
CONTINUOUS
10
4.0328148031496065
20
-5.1054355905511812
11
4.0413342913385826
21
-5.1082037401574798
0
LINE
8
BLACK
6
CONTINUOUS
10
4.0413342913385826
20
-5.1082037401574798
11
4.0493158661417326
21
-5.1122705511811022
0
LINE
8
BLACK
6
CONTINUOUS
10
4.0493158661417326
20
-5.1122705511811022
11
4.0565629921259845
21
-5.1175358661417318
0
LINE
8
BLACK
6
CONTINUOUS
10
4.0565629921259845
20
-5.1175358661417318
11
4.0628972047244094
21
-5.1238700787401577
0
LINE
8
BLACK
6
CONTINUOUS
10
4.0628972047244094
20
-5.1238700787401577
11
4.0681625196850391
21
-5.1311172047244096
0
LINE
8
BLACK
6
CONTINUOUS
10
4.0681625196850391
20
-5.1311172047244096
11
4.0722293307086614
21
-5.1390987795275587
0
LINE
8
BLACK
6
CONTINUOUS
10
4.0722293307086614
20
-5.1390987795275587
11
4.0749974803149609
21
-5.1476182677165356
0
LINE
8
BLACK
6
CONTINUOUS
10
4.0749974803149609
20
-5.1476182677165356
11
4.0763988188976379
21
-5.1564659055118112
0
LINE
8
BLACK
6
CONTINUOUS
10
4.0763988188976379
20
-5.1564659055118112
11
4.0763988188976379
21
-5.1654238582677161
0
LINE
8
BLACK
6
CONTINUOUS
10
4.0763988188976379
20
-5.1654238582677161
11
4.0749974803149609
21
-5.1742714960629916
0
LINE
8
BLACK
6
CONTINUOUS
10
4.0749974803149609
20
-5.1742714960629916
11
4.0722293307086614
21
-5.1827909842519686
0
LINE
8
BLACK
6
CONTINUOUS
10
4.0722293307086614
20
-5.1827909842519686
11
4.0681625196850391
21
-5.1907725590551177
0
LINE
8
BLACK
6
CONTINUOUS
10
4.0681625196850391
20
-5.1907725590551177
11
4.0628972047244094
21
-5.1980196850393696
0
LINE
8
BLACK
6
CONTINUOUS
10
4.0628972047244094
20
-5.1980196850393696
11
4.0565629921259845
21
-5.2043538976377954
0
LINE
8
BLACK
6
CONTINUOUS
10
4.0565629921259845
20
-5.2043538976377954
11
4.0493158661417326
21
-5.2096192125984251
0
LINE
8
BLACK
6
CONTINUOUS
10
4.0493158661417326
20
-5.2096192125984251
11
4.0413342913385826
21
-5.2136860236220475
0
LINE
8
BLACK
6
CONTINUOUS
10
4.0413342913385826
20
-5.2136860236220475
11
4.0328148031496065
21
-5.216454173228346
0
LINE
8
BLACK
6
CONTINUOUS
10
4.0328148031496065
20
-5.216454173228346
11
4.023967165354331
21
-5.2178555118110239
0
LINE
8
BLACK
6
CONTINUOUS
10
4.023967165354331
20
-5.2178555118110239
11
4.0150092125984251
21
-5.2178555118110239
0
LINE
8
BLACK
6
CONTINUOUS
10
4.0150092125984251
20
-5.2178555118110239
11
4.0061615748031496
21
-5.216454173228346
0
LINE
8
BLACK
6
CONTINUOUS
10
4.0061615748031496
20
-5.216454173228346
11
3.9976420866141731
21
-5.2136860236220475
0
LINE
8
BLACK
6
CONTINUOUS
10
3.9976420866141731
20
-5.2136860236220475
11
3.9896605118110235
21
-5.2096192125984251
0
LINE
8
BLACK
6
CONTINUOUS
10
3.9896605118110235
20
-5.2096192125984251
11
3.9824133858267716
21
-5.2043538976377954
0
LINE
8
BLACK
6
CONTINUOUS
10
3.9824133858267716
20
-5.2043538976377954
11
3.9760791732283463
21
-5.1980196850393696
0
LINE
8
BLACK
6
CONTINUOUS
10
3.9760791732283463
20
-5.1980196850393696
11
3.9708138582677166
21
-5.1907725590551177
0
LINE
8
BLACK
6
CONTINUOUS
10
3.9708138582677166
20
-5.1907725590551177
11
3.9667470472440942
21
-5.1827909842519686
0
LINE
8
BLACK
6
CONTINUOUS
10
3.9667470472440942
20
-5.1827909842519686
11
3.9639788976377952
21
-5.1742714960629916
0
LINE
8
BLACK
6
CONTINUOUS
10
3.9639788976377952
20
-5.1742714960629916
11
3.9625775590551182
21
-5.1654238582677161
0
LINE
8
BLACK
6
CONTINUOUS
10
3.9625775590551182
20
-5.1654238582677161
11
3.9625775590551182
21
-5.1564659055118112
0
LINE
8
BLACK
6
CONTINUOUS
10
3.9625775590551182
20
-5.1564659055118112
11
3.9639788976377952
21
-5.1476182677165356
0
LINE
8
BLACK
6
CONTINUOUS
10
3.9639788976377952
20
-5.1476182677165356
11
3.9667470472440942
21
-5.1390987795275587
0
LINE
8
BLACK
6
CONTINUOUS
10
3.9667470472440942
20
-5.1390987795275587
11
3.9708138582677166
21
-5.1311172047244096
0
LINE
8
BLACK
6
CONTINUOUS
10
3.9708138582677166
20
-5.1311172047244096
11
3.9760791732283463
21
-5.1238700787401577
0
LINE
8
BLACK
6
CONTINUOUS
10
3.9760791732283463
20
-5.1238700787401577
11
3.9824133858267716
21
-5.1175358661417318
0
LINE
8
BLACK
6
CONTINUOUS
10
3.9824133858267716
20
-5.1175358661417318
11
3.9896605118110235
21
-5.1122705511811022
0
LINE
8
BLACK
6
CONTINUOUS
10
3.9896605118110235
20
-5.1122705511811022
11
3.9976420866141731
21
-5.1082037401574798
0
LINE
8
BLACK
6
CONTINUOUS
10
3.9976420866141731
20
-5.1082037401574798
11
4.0061615748031496
21
-5.1054355905511812
0
LINE
8
BLACK
6
CONTINUOUS
10
4.0061615748031496
20
-5.1054355905511812
11
4.0150092125984251
21
-5.1040342519685042
0
LINE
8
BLACK
6
CONTINUOUS
10
4.0150092125984251
20
-5.1040342519685042
11
4.023967165354331
21
-5.1040342519685042
0
LINE
8
BLACK
6
CONTINUOUS
10
4.023967165354331
20
-5.1040342519685042
11
4.0328148031496065
21
-5.1054355905511812
0
LINE
8
BLACK
6
CONTINUOUS
10
2.9666422834645667
20
-5.1287517716535431
11
2.9719900787401574
21
-5.130966889763779
0
LINE
8
BLACK
6
CONTINUOUS
10
2.9719900787401574
20
-5.130966889763779
11
2.9768029527559055
21
-5.1341827559055115
0
LINE
8
BLACK
6
CONTINUOUS
10
2.9768029527559055
20
-5.1341827559055115
11
2.9808959842519682
21
-5.1382757874015743
0
LINE
8
BLACK
6
CONTINUOUS
10
2.9808959842519682
20
-5.1382757874015743
11
2.9830708661417322
21
-5.141530708661417
0
LINE
8
BLACK
6
CONTINUOUS
10
2.9830708661417322
20
-5.141530708661417
11
2.9852457480314958
21
-5.1382757874015743
0
LINE
8
BLACK
6
CONTINUOUS
10
2.9852457480314958
20
-5.1382757874015743
11
2.989338779527559
21
-5.1341827559055115
0
LINE
8
BLACK
6
CONTINUOUS
10
2.989338779527559
20
-5.1341827559055115
11
2.994151653543307
21
-5.130966889763779
0
LINE
8
BLACK
6
CONTINUOUS
10
2.994151653543307
20
-5.130966889763779
11
2.9994994488188977
21
-5.1287517716535431
0
LINE
8
BLACK
6
CONTINUOUS
10
2.9994994488188977
20
-5.1287517716535431
11
3.0051766535433071
21
-5.1276224803149608
0
LINE
8
BLACK
6
CONTINUOUS
10
3.0051766535433071
20
-5.1276224803149608
11
3.0109650787401576
21
-5.1276224803149608
0
LINE
8
BLACK
6
CONTINUOUS
10
3.0109650787401576
20
-5.1276224803149608
11
3.016642283464567
21
-5.1287517716535431
0
LINE
8
BLACK
6
CONTINUOUS
10
3.016642283464567
20
-5.1287517716535431
11
3.0219900787401572
21
-5.130966889763779
0
LINE
8
BLACK
6
CONTINUOUS
10
3.0219900787401572
20
-5.130966889763779
11
3.0268029527559053
21
-5.1341827559055115
0
LINE
8
BLACK
6
CONTINUOUS
10
3.0268029527559053
20
-5.1341827559055115
11
3.0308959842519685
21
-5.1382757874015743
0
LINE
8
BLACK
6
CONTINUOUS
10
3.0308959842519685
20
-5.1382757874015743
11
3.0341118503937006
21
-5.1430886614173223
0
LINE
8
BLACK
6
CONTINUOUS
10
3.0341118503937006
20
-5.1430886614173223
11
3.0363269685039369
21
-5.1484364566929131
0
LINE
8
BLACK
6
CONTINUOUS
10
3.0363269685039369
20
-5.1484364566929131
11
3.0374562598425197
21
-5.1541136614173224
0
LINE
8
BLACK
6
CONTINUOUS
10
3.0374562598425197
20
-5.1541136614173224
11
3.0375984251968502
21
-5.1570078740157479
0
LINE
8
BLACK
6
CONTINUOUS
10
3.0375984251968502
20
-5.1570078740157479
11
3.0375984251968502
21
-5.1648818897637794
0
LINE
8
BLACK
6
CONTINUOUS
10
3.0375984251968502
20
-5.1648818897637794
11
3.0374562598425197
21
-5.1677761023622049
0
LINE
8
BLACK
6
CONTINUOUS
10
3.0374562598425197
20
-5.1677761023622049
11
3.0363269685039369
21
-5.1734533070866142
0
LINE
8
BLACK
6
CONTINUOUS
10
3.0363269685039369
20
-5.1734533070866142
11
3.0341118503937006
21
-5.1788011023622049
0
LINE
8
BLACK
6
CONTINUOUS
10
3.0341118503937006
20
-5.1788011023622049
11
3.0308959842519685
21
-5.183613976377953
0
LINE
8
BLACK
6
CONTINUOUS
10
3.0308959842519685
20
-5.183613976377953
11
3.0268029527559053
21
-5.1877070078740157
0
LINE
8
BLACK
6
CONTINUOUS
10
3.0268029527559053
20
-5.1877070078740157
11
3.0219900787401572
21
-5.1909228740157483
0
LINE
8
BLACK
6
CONTINUOUS
10
3.0219900787401572
20
-5.1909228740157483
11
3.016642283464567
21
-5.1931379921259841
0
LINE
8
BLACK
6
CONTINUOUS
10
3.016642283464567
20
-5.1931379921259841
11
3.0109650787401576
21
-5.1942672834645665
0
LINE
8
BLACK
6
CONTINUOUS
10
3.0109650787401576
20
-5.1942672834645665
11
3.0051766535433071
21
-5.1942672834645665
0
LINE
8
BLACK
6
CONTINUOUS
10
3.0051766535433071
20
-5.1942672834645665
11
2.9994994488188977
21
-5.1931379921259841
0
LINE
8
BLACK
6
CONTINUOUS
10
2.9994994488188977
20
-5.1931379921259841
11
2.994151653543307
21
-5.1909228740157483
0
LINE
8
BLACK
6
CONTINUOUS
10
2.994151653543307
20
-5.1909228740157483
11
2.989338779527559
21
-5.1877070078740157
0
LINE
8
BLACK
6
CONTINUOUS
10
2.989338779527559
20
-5.1877070078740157
11
2.9852457480314958
21
-5.183613976377953
0
LINE
8
BLACK
6
CONTINUOUS
10
2.9852457480314958
20
-5.183613976377953
11
2.9830708661417322
21
-5.1803590157480315
0
LINE
8
BLACK
6
CONTINUOUS
10
2.9830708661417322
20
-5.1803590157480315
11
2.9808959842519682
21
-5.183613976377953
0
LINE
8
BLACK
6
CONTINUOUS
10
2.9808959842519682
20
-5.183613976377953
11
2.9768029527559055
21
-5.1877070078740157
0
LINE
8
BLACK
6
CONTINUOUS
10
2.9768029527559055
20
-5.1877070078740157
11
2.9719900787401574
21
-5.1909228740157483
0
LINE
8
BLACK
6
CONTINUOUS
10
2.9719900787401574
20
-5.1909228740157483
11
2.9666422834645667
21
-5.1931379921259841
0
LINE
8
BLACK
6
CONTINUOUS
10
2.9666422834645667
20
-5.1931379921259841
11
2.9609650787401574
21
-5.1942672834645665
0
LINE
8
BLACK
6
CONTINUOUS
10
2.9609650787401574
20
-5.1942672834645665
11
2.9551766535433068
21
-5.1942672834645665
0
LINE
8
BLACK
6
CONTINUOUS
10
2.9551766535433068
20
-5.1942672834645665
11
2.9494994488188975
21
-5.1931379921259841
0
LINE
8
BLACK
6
CONTINUOUS
10
2.9494994488188975
20
-5.1931379921259841
11
2.9441516535433072
21
-5.1909228740157483
0
LINE
8
BLACK
6
CONTINUOUS
10
2.9441516535433072
20
-5.1909228740157483
11
2.9393387795275592
21
-5.1877070078740157
0
LINE
8
BLACK
6
CONTINUOUS
10
2.9393387795275592
20
-5.1877070078740157
11
2.935245748031496
21
-5.183613976377953
0
LINE
8
BLACK
6
CONTINUOUS
10
2.935245748031496
20
-5.183613976377953
11
2.9320298818897639
21
-5.1788011023622049
0
LINE
8
BLACK
6
CONTINUOUS
10
2.9320298818897639
20
-5.1788011023622049
11
2.9298147637795275
21
-5.1734533070866142
0
LINE
8
BLACK
6
CONTINUOUS
10
2.9298147637795275
20
-5.1734533070866142
11
2.9286854724409448
21
-5.1677761023622049
0
LINE
8
BLACK
6
CONTINUOUS
10
2.9286854724409448
20
-5.1677761023622049
11
2.9285433070866143
21
-5.1648818897637794
0
LINE
8
BLACK
6
CONTINUOUS
10
2.9285433070866143
20
-5.1648818897637794
11
2.9285433070866143
21
-5.1570078740157479
0
LINE
8
BLACK
6
CONTINUOUS
10
2.9285433070866143
20
-5.1570078740157479
11
2.9286854724409448
21
-5.1541136614173224
0
LINE
8
BLACK
6
CONTINUOUS
10
2.9286854724409448
20
-5.1541136614173224
11
2.9298147637795275
21
-5.1484364566929131
0
LINE
8
BLACK
6
CONTINUOUS
10
2.9298147637795275
20
-5.1484364566929131
11
2.9320298818897639
21
-5.1430886614173223
0
LINE
8
BLACK
6
CONTINUOUS
10
2.9320298818897639
20
-5.1430886614173223
11
2.935245748031496
21
-5.1382757874015743
0
LINE
8
BLACK
6
CONTINUOUS
10
2.935245748031496
20
-5.1382757874015743
11
2.9393387795275592
21
-5.1341827559055115
0
LINE
8
BLACK
6
CONTINUOUS
10
2.9393387795275592
20
-5.1341827559055115
11
2.9441516535433072
21
-5.130966889763779
0
LINE
8
BLACK
6
CONTINUOUS
10
2.9441516535433072
20
-5.130966889763779
11
2.9494994488188975
21
-5.1287517716535431
0
LINE
8
BLACK
6
CONTINUOUS
10
2.9494994488188975
20
-5.1287517716535431
11
2.9551766535433068
21
-5.1276224803149608
0
LINE
8
BLACK
6
CONTINUOUS
10
2.9551766535433068
20
-5.1276224803149608
11
2.9609650787401574
21
-5.1276224803149608
0
LINE
8
BLACK
6
CONTINUOUS
10
2.9609650787401574
20
-5.1276224803149608
11
2.9666422834645667
21
-5.1287517716535431
0
LINE
8
BLACK
6
CONTINUOUS
10
3.1166422834645671
20
-5.1287517716535431
11
3.1219900787401573
21
-5.130966889763779
0
LINE
8
BLACK
6
CONTINUOUS
10
3.1219900787401573
20
-5.130966889763779
11
3.1268029527559054
21
-5.1341827559055115
0
LINE
8
BLACK
6
CONTINUOUS
10
3.1268029527559054
20
-5.1341827559055115
11
3.1308959842519686
21
-5.1382757874015743
0
LINE
8
BLACK
6
CONTINUOUS
10
3.1308959842519686
20
-5.1382757874015743
11
3.1330708661417321
21
-5.141530708661417
0
LINE
8
BLACK
6
CONTINUOUS
10
3.1330708661417321
20
-5.141530708661417
11
3.1352457480314961
21
-5.1382757874015743
0
LINE
8
BLACK
6
CONTINUOUS
10
3.1352457480314961
20
-5.1382757874015743
11
3.1393387795275589
21
-5.1341827559055115
0
LINE
8
BLACK
6
CONTINUOUS
10
3.1393387795275589
20
-5.1341827559055115
11
3.1441516535433069
21
-5.130966889763779
0
LINE
8
BLACK
6
CONTINUOUS
10
3.1441516535433069
20
-5.130966889763779
11
3.1494994488188977
21
-5.1287517716535431
0
LINE
8
BLACK
6
CONTINUOUS
10
3.1494994488188977
20
-5.1287517716535431
11
3.155176653543307
21
-5.1276224803149608
0
LINE
8
BLACK
6
CONTINUOUS
10
3.155176653543307
20
-5.1276224803149608
11
3.1609650787401575
21
-5.1276224803149608
0
LINE
8
BLACK
6
CONTINUOUS
10
3.1609650787401575
20
-5.1276224803149608
11
3.1666422834645669
21
-5.1287517716535431
0
LINE
8
BLACK
6
CONTINUOUS
10
3.1666422834645669
20
-5.1287517716535431
11
3.1719900787401576
21
-5.130966889763779
0
LINE
8
BLACK
6
CONTINUOUS
10
3.1719900787401576
20
-5.130966889763779
11
3.1768029527559056
21
-5.1341827559055115
0
LINE
8
BLACK
6
CONTINUOUS
10
3.1768029527559056
20
-5.1341827559055115
11
3.1808959842519684
21
-5.1382757874015743
0
LINE
8
BLACK
6
CONTINUOUS
10
3.1808959842519684
20
-5.1382757874015743
11
3.1841118503937009
21
-5.1430886614173223
0
LINE
8
BLACK
6
CONTINUOUS
10
3.1841118503937009
20
-5.1430886614173223
11
3.1863269685039368
21
-5.1484364566929131
0
LINE
8
BLACK
6
CONTINUOUS
10
3.1863269685039368
20
-5.1484364566929131
11
3.1874562598425196
21
-5.1541136614173224
0
LINE
8
BLACK
6
CONTINUOUS
10
3.1874562598425196
20
-5.1541136614173224
11
3.1875984251968501
21
-5.1570078740157479
0
LINE
8
BLACK
6
CONTINUOUS
10
3.1875984251968501
20
-5.1570078740157479
11
3.1875984251968501
21
-5.1648818897637794
0
LINE
8
BLACK
6
CONTINUOUS
10
3.1875984251968501
20
-5.1648818897637794
11
3.1874562598425196
21
-5.1677761023622049
0
LINE
8
BLACK
6
CONTINUOUS
10
3.1874562598425196
20
-5.1677761023622049
11
3.1863269685039368
21
-5.1734533070866142
0
LINE
8
BLACK
6
CONTINUOUS
10
3.1863269685039368
20
-5.1734533070866142
11
3.1841118503937009
21
-5.1788011023622049
0
LINE
8
BLACK
6
CONTINUOUS
10
3.1841118503937009
20
-5.1788011023622049
11
3.1808959842519684
21
-5.183613976377953
0
LINE
8
BLACK
6
CONTINUOUS
10
3.1808959842519684
20
-5.183613976377953
11
3.1768029527559056
21
-5.1877070078740157
0
LINE
8
BLACK
6
CONTINUOUS
10
3.1768029527559056
20
-5.1877070078740157
11
3.1719900787401576
21
-5.1909228740157483
0
LINE
8
BLACK
6
CONTINUOUS
10
3.1719900787401576
20
-5.1909228740157483
11
3.1666422834645669
21
-5.1931379921259841
0
LINE
8
BLACK
6
CONTINUOUS
10
3.1666422834645669
20
-5.1931379921259841
11
3.1609650787401575
21
-5.1942672834645665
0
LINE
8
BLACK
6
CONTINUOUS
10
3.1609650787401575
20
-5.1942672834645665
11
3.155176653543307
21
-5.1942672834645665
0
LINE
8
BLACK
6
CONTINUOUS
10
3.155176653543307
20
-5.1942672834645665
11
3.1494994488188977
21
-5.1931379921259841
0
LINE
8
BLACK
6
CONTINUOUS
10
3.1494994488188977
20
-5.1931379921259841
11
3.1441516535433069
21
-5.1909228740157483
0
LINE
8
BLACK
6
CONTINUOUS
10
3.1441516535433069
20
-5.1909228740157483
11
3.1393387795275589
21
-5.1877070078740157
0
LINE
8
BLACK
6
CONTINUOUS
10
3.1393387795275589
20
-5.1877070078740157
11
3.1352457480314961
21
-5.183613976377953
0
LINE
8
BLACK
6
CONTINUOUS
10
3.1352457480314961
20
-5.183613976377953
11
3.1330708661417321
21
-5.1803590157480315
0
LINE
8
BLACK
6
CONTINUOUS
10
3.1330708661417321
20
-5.1803590157480315
11
3.1308959842519686
21
-5.183613976377953
0
LINE
8
BLACK
6
CONTINUOUS
10
3.1308959842519686
20
-5.183613976377953
11
3.1268029527559054
21
-5.1877070078740157
0
LINE
8
BLACK
6
CONTINUOUS
10
3.1268029527559054
20
-5.1877070078740157
11
3.1219900787401573
21
-5.1909228740157483
0
LINE
8
BLACK
6
CONTINUOUS
10
3.1219900787401573
20
-5.1909228740157483
11
3.1166422834645671
21
-5.1931379921259841
0
LINE
8
BLACK
6
CONTINUOUS
10
3.1166422834645671
20
-5.1931379921259841
11
3.1109650787401573
21
-5.1942672834645665
0
LINE
8
BLACK
6
CONTINUOUS
10
3.1109650787401573
20
-5.1942672834645665
11
3.1051766535433072
21
-5.1942672834645665
0
LINE
8
BLACK
6
CONTINUOUS
10
3.1051766535433072
20
-5.1942672834645665
11
3.0994994488188974
21
-5.1931379921259841
0
LINE
8
BLACK
6
CONTINUOUS
10
3.0994994488188974
20
-5.1931379921259841
11
3.0941516535433071
21
-5.1909228740157483
0
LINE
8
BLACK
6
CONTINUOUS
10
3.0941516535433071
20
-5.1909228740157483
11
3.0893387795275591
21
-5.1877070078740157
0
LINE
8
BLACK
6
CONTINUOUS
10
3.0893387795275591
20
-5.1877070078740157
11
3.0852457480314959
21
-5.183613976377953
0
LINE
8
BLACK
6
CONTINUOUS
10
3.0852457480314959
20
-5.183613976377953
11
3.0820298818897638
21
-5.1788011023622049
0
LINE
8
BLACK
6
CONTINUOUS
10
3.0820298818897638
20
-5.1788011023622049
11
3.0798147637795275
21
-5.1734533070866142
0
LINE
8
BLACK
6
CONTINUOUS
10
3.0798147637795275
20
-5.1734533070866142
11
3.0786854724409447
21
-5.1677761023622049
0
LINE
8
BLACK
6
CONTINUOUS
10
3.0786854724409447
20
-5.1677761023622049
11
3.0785433070866142
21
-5.1648818897637794
0
LINE
8
BLACK
6
CONTINUOUS
10
3.0785433070866142
20
-5.1648818897637794
11
3.0785433070866142
21
-5.1570078740157479
0
LINE
8
BLACK
6
CONTINUOUS
10
3.0785433070866142
20
-5.1570078740157479
11
3.0786854724409447
21
-5.1541136614173224
0
LINE
8
BLACK
6
CONTINUOUS
10
3.0786854724409447
20
-5.1541136614173224
11
3.0798147637795275
21
-5.1484364566929131
0
LINE
8
BLACK
6
CONTINUOUS
10
3.0798147637795275
20
-5.1484364566929131
11
3.0820298818897638
21
-5.1430886614173223
0
LINE
8
BLACK
6
CONTINUOUS
10
3.0820298818897638
20
-5.1430886614173223
11
3.0852457480314959
21
-5.1382757874015743
0
LINE
8
BLACK
6
CONTINUOUS
10
3.0852457480314959
20
-5.1382757874015743
11
3.0893387795275591
21
-5.1341827559055115
0
LINE
8
BLACK
6
CONTINUOUS
10
3.0893387795275591
20
-5.1341827559055115
11
3.0941516535433071
21
-5.130966889763779
0
LINE
8
BLACK
6
CONTINUOUS
10
3.0941516535433071
20
-5.130966889763779
11
3.0994994488188974
21
-5.1287517716535431
0
LINE
8
BLACK
6
CONTINUOUS
10
3.0994994488188974
20
-5.1287517716535431
11
3.1051766535433072
21
-5.1276224803149608
0
LINE
8
BLACK
6
CONTINUOUS
10
3.1051766535433072
20
-5.1276224803149608
11
3.1109650787401573
21
-5.1276224803149608
0
LINE
8
BLACK
6
CONTINUOUS
10
3.1109650787401573
20
-5.1276224803149608
11
3.1166422834645671
21
-5.1287517716535431
0
LINE
8
BLACK
6
CONTINUOUS
10
3.681209212598425
20
-5.1287517716535431
11
3.6865570078740157
21
-5.130966889763779
0
LINE
8
BLACK
6
CONTINUOUS
10
3.6865570078740157
20
-5.130966889763779
11
3.6913698818897638
21
-5.1341827559055115
0
LINE
8
BLACK
6
CONTINUOUS
10
3.6913698818897638
20
-5.1341827559055115
11
3.6954629133858266
21
-5.1382757874015743
0
LINE
8
BLACK
6
CONTINUOUS
10
3.6954629133858266
20
-5.1382757874015743
11
3.6976377952755906
21
-5.141530708661417
0
LINE
8
BLACK
6
CONTINUOUS
10
3.6976377952755906
20
-5.141530708661417
11
3.6998126771653541
21
-5.1382757874015743
0
LINE
8
BLACK
6
CONTINUOUS
10
3.6998126771653541
20
-5.1382757874015743
11
3.7039057086614173
21
-5.1341827559055115
0
LINE
8
BLACK
6
CONTINUOUS
10
3.7039057086614173
20
-5.1341827559055115
11
3.7087185826771654
21
-5.130966889763779
0
LINE
8
BLACK
6
CONTINUOUS
10
3.7087185826771654
20
-5.130966889763779
11
3.7140663779527556
21
-5.1287517716535431
0
LINE
8
BLACK
6
CONTINUOUS
10
3.7140663779527556
20
-5.1287517716535431
11
3.7197435826771654
21
-5.1276224803149608
0
LINE
8
BLACK
6
CONTINUOUS
10
3.7197435826771654
20
-5.1276224803149608
11
3.7255320078740155
21
-5.1276224803149608
0
LINE
8
BLACK
6
CONTINUOUS
10
3.7255320078740155
20
-5.1276224803149608
11
3.7312092125984253
21
-5.1287517716535431
0
LINE
8
BLACK
6
CONTINUOUS
10
3.7312092125984253
20
-5.1287517716535431
11
3.7365570078740156
21
-5.130966889763779
0
LINE
8
BLACK
6
CONTINUOUS
10
3.7365570078740156
20
-5.130966889763779
11
3.7413698818897636
21
-5.1341827559055115
0
LINE
8
BLACK
6
CONTINUOUS
10
3.7413698818897636
20
-5.1341827559055115
11
3.7454629133858268
21
-5.1382757874015743
0
LINE
8
BLACK
6
CONTINUOUS
10
3.7454629133858268
20
-5.1382757874015743
11
3.7486787795275589
21
-5.1430886614173223
0
LINE
8
BLACK
6
CONTINUOUS
10
3.7486787795275589
20
-5.1430886614173223
11
3.7508938976377952
21
-5.1484364566929131
0
LINE
8
BLACK
6
CONTINUOUS
10
3.7508938976377952
20
-5.1484364566929131
11
3.752023188976378
21
-5.1541136614173224
0
LINE
8
BLACK
6
CONTINUOUS
10
3.752023188976378
20
-5.1541136614173224
11
3.7521653543307085
21
-5.1570078740157479
0
LINE
8
BLACK
6
CONTINUOUS
10
3.7521653543307085
20
-5.1570078740157479
11
3.7521653543307085
21
-5.1648818897637794
0
LINE
8
BLACK
6
CONTINUOUS
10
3.7521653543307085
20
-5.1648818897637794
11
3.752023188976378
21
-5.1677761023622049
0
LINE
8
BLACK
6
CONTINUOUS
10
3.752023188976378
20
-5.1677761023622049
11
3.7508938976377952
21
-5.1734533070866142
0
LINE
8
BLACK
6
CONTINUOUS
10
3.7508938976377952
20
-5.1734533070866142
11
3.7486787795275589
21
-5.1788011023622049
0
LINE
8
BLACK
6
CONTINUOUS
10
3.7486787795275589
20
-5.1788011023622049
11
3.7454629133858268
21
-5.183613976377953
0
LINE
8
BLACK
6
CONTINUOUS
10
3.7454629133858268
20
-5.183613976377953
11
3.7413698818897636
21
-5.1877070078740157
0
LINE
8
BLACK
6
CONTINUOUS
10
3.7413698818897636
20
-5.1877070078740157
11
3.7365570078740156
21
-5.1909228740157483
0
LINE
8
BLACK
6
CONTINUOUS
10
3.7365570078740156
20
-5.1909228740157483
11
3.7312092125984253
21
-5.1931379921259841
0
LINE
8
BLACK
6
CONTINUOUS
10
3.7312092125984253
20
-5.1931379921259841
11
3.7255320078740155
21
-5.1942672834645665
0
LINE
8
BLACK
6
CONTINUOUS
10
3.7255320078740155
20
-5.1942672834645665
11
3.7197435826771654
21
-5.1942672834645665
0
LINE
8
BLACK
6
CONTINUOUS
10
3.7197435826771654
20
-5.1942672834645665
11
3.7140663779527556
21
-5.1931379921259841
0
LINE
8
BLACK
6
CONTINUOUS
10
3.7140663779527556
20
-5.1931379921259841
11
3.7087185826771654
21
-5.1909228740157483
0
LINE
8
BLACK
6
CONTINUOUS
10
3.7087185826771654
20
-5.1909228740157483
11
3.7039057086614173
21
-5.1877070078740157
0
LINE
8
BLACK
6
CONTINUOUS
10
3.7039057086614173
20
-5.1877070078740157
11
3.6998126771653541
21
-5.183613976377953
0
LINE
8
BLACK
6
CONTINUOUS
10
3.6998126771653541
20
-5.183613976377953
11
3.6976377952755906
21
-5.1803590157480315
0
LINE
8
BLACK
6
CONTINUOUS
10
3.6976377952755906
20
-5.1803590157480315
11
3.6954629133858266
21
-5.183613976377953
0
LINE
8
BLACK
6
CONTINUOUS
10
3.6954629133858266
20
-5.183613976377953
11
3.6913698818897638
21
-5.1877070078740157
0
LINE
8
BLACK
6
CONTINUOUS
10
3.6913698818897638
20
-5.1877070078740157
11
3.6865570078740157
21
-5.1909228740157483
0
LINE
8
BLACK
6
CONTINUOUS
10
3.6865570078740157
20
-5.1909228740157483
11
3.681209212598425
21
-5.1931379921259841
0
LINE
8
BLACK
6
CONTINUOUS
10
3.681209212598425
20
-5.1931379921259841
11
3.6755320078740157
21
-5.1942672834645665
0
LINE
8
BLACK
6
CONTINUOUS
10
3.6755320078740157
20
-5.1942672834645665
11
3.6697435826771652
21
-5.1942672834645665
0
LINE
8
BLACK
6
CONTINUOUS
10
3.6697435826771652
20
-5.1942672834645665
11
3.6640663779527558
21
-5.1931379921259841
0
LINE
8
BLACK
6
CONTINUOUS
10
3.6640663779527558
20
-5.1931379921259841
11
3.6587185826771651
21
-5.1909228740157483
0
LINE
8
BLACK
6
CONTINUOUS
10
3.6587185826771651
20
-5.1909228740157483
11
3.6539057086614171
21
-5.1877070078740157
0
LINE
8
BLACK
6
CONTINUOUS
10
3.6539057086614171
20
-5.1877070078740157
11
3.6498126771653543
21
-5.183613976377953
0
LINE
8
BLACK
6
CONTINUOUS
10
3.6498126771653543
20
-5.183613976377953
11
3.6465968110236218
21
-5.1788011023622049
0
LINE
8
BLACK
6
CONTINUOUS
10
3.6465968110236218
20
-5.1788011023622049
11
3.6443816929133859
21
-5.1734533070866142
0
LINE
8
BLACK
6
CONTINUOUS
10
3.6443816929133859
20
-5.1734533070866142
11
3.6432524015748031
21
-5.1677761023622049
0
LINE
8
BLACK
6
CONTINUOUS
10
3.6432524015748031
20
-5.1677761023622049
11
3.6431102362204721
21
-5.1648818897637794
0
LINE
8
BLACK
6
CONTINUOUS
10
3.6431102362204721
20
-5.1648818897637794
11
3.6431102362204721
21
-5.1570078740157479
0
LINE
8
BLACK
6
CONTINUOUS
10
3.6431102362204721
20
-5.1570078740157479
11
3.6432524015748031
21
-5.1541136614173224
0
LINE
8
BLACK
6
CONTINUOUS
10
3.6432524015748031
20
-5.1541136614173224
11
3.6443816929133859
21
-5.1484364566929131
0
LINE
8
BLACK
6
CONTINUOUS
10
3.6443816929133859
20
-5.1484364566929131
11
3.6465968110236218
21
-5.1430886614173223
0
LINE
8
BLACK
6
CONTINUOUS
10
3.6465968110236218
20
-5.1430886614173223
11
3.6498126771653543
21
-5.1382757874015743
0
LINE
8
BLACK
6
CONTINUOUS
10
3.6498126771653543
20
-5.1382757874015743
11
3.6539057086614171
21
-5.1341827559055115
0
LINE
8
BLACK
6
CONTINUOUS
10
3.6539057086614171
20
-5.1341827559055115
11
3.6587185826771651
21
-5.130966889763779
0
LINE
8
BLACK
6
CONTINUOUS
10
3.6587185826771651
20
-5.130966889763779
11
3.6640663779527558
21
-5.1287517716535431
0
LINE
8
BLACK
6
CONTINUOUS
10
3.6640663779527558
20
-5.1287517716535431
11
3.6697435826771652
21
-5.1276224803149608
0
LINE
8
BLACK
6
CONTINUOUS
10
3.6697435826771652
20
-5.1276224803149608
11
3.6755320078740157
21
-5.1276224803149608
0
LINE
8
BLACK
6
CONTINUOUS
10
3.6755320078740157
20
-5.1276224803149608
11
3.681209212598425
21
-5.1287517716535431
0
LINE
8
BLACK
6
CONTINUOUS
10
3.831209212598425
20
-5.1287517716535431
11
3.8365570078740157
21
-5.130966889763779
0
LINE
8
BLACK
6
CONTINUOUS
10
3.8365570078740157
20
-5.130966889763779
11
3.8413698818897637
21
-5.1341827559055115
0
LINE
8
BLACK
6
CONTINUOUS
10
3.8413698818897637
20
-5.1341827559055115
11
3.8454629133858265
21
-5.1382757874015743
0
LINE
8
BLACK
6
CONTINUOUS
10
3.8454629133858265
20
-5.1382757874015743
11
3.8476377952755905
21
-5.141530708661417
0
LINE
8
BLACK
6
CONTINUOUS
10
3.8476377952755905
20
-5.141530708661417
11
3.849812677165354
21
-5.1382757874015743
0
LINE
8
BLACK
6
CONTINUOUS
10
3.849812677165354
20
-5.1382757874015743
11
3.8539057086614172
21
-5.1341827559055115
0
LINE
8
BLACK
6
CONTINUOUS
10
3.8539057086614172
20
-5.1341827559055115
11
3.8587185826771653
21
-5.130966889763779
0
LINE
8
BLACK
6
CONTINUOUS
10
3.8587185826771653
20
-5.130966889763779
11
3.864066377952756
21
-5.1287517716535431
0
LINE
8
BLACK
6
CONTINUOUS
10
3.864066377952756
20
-5.1287517716535431
11
3.8697435826771653
21
-5.1276224803149608
0
LINE
8
BLACK
6
CONTINUOUS
10
3.8697435826771653
20
-5.1276224803149608
11
3.8755320078740159
21
-5.1276224803149608
0
LINE
8
BLACK
6
CONTINUOUS
10
3.8755320078740159
20
-5.1276224803149608
11
3.8812092125984252
21
-5.1287517716535431
0
LINE
8
BLACK
6
CONTINUOUS
10
3.8812092125984252
20
-5.1287517716535431
11
3.8865570078740155
21
-5.130966889763779
0
LINE
8
BLACK
6
CONTINUOUS
10
3.8865570078740155
20
-5.130966889763779
11
3.8913698818897635
21
-5.1341827559055115
0
LINE
8
BLACK
6
CONTINUOUS
10
3.8913698818897635
20
-5.1341827559055115
11
3.8954629133858267
21
-5.1382757874015743
0
LINE
8
BLACK
6
CONTINUOUS
10
3.8954629133858267
20
-5.1382757874015743
11
3.8986787795275588
21
-5.1430886614173223
0
LINE
8
BLACK
6
CONTINUOUS
10
3.8986787795275588
20
-5.1430886614173223
11
3.9008938976377951
21
-5.1484364566929131
0
LINE
8
BLACK
6
CONTINUOUS
10
3.9008938976377951
20
-5.1484364566929131
11
3.9020231889763779
21
-5.1541136614173224
0
LINE
8
BLACK
6
CONTINUOUS
10
3.9020231889763779
20
-5.1541136614173224
11
3.9021653543307084
21
-5.1570078740157479
0
LINE
8
BLACK
6
CONTINUOUS
10
3.9021653543307084
20
-5.1570078740157479
11
3.9021653543307084
21
-5.1648818897637794
0
LINE
8
BLACK
6
CONTINUOUS
10
3.9021653543307084
20
-5.1648818897637794
11
3.9020231889763779
21
-5.1677761023622049
0
LINE
8
BLACK
6
CONTINUOUS
10
3.9020231889763779
20
-5.1677761023622049
11
3.9008938976377951
21
-5.1734533070866142
0
LINE
8
BLACK
6
CONTINUOUS
10
3.9008938976377951
20
-5.1734533070866142
11
3.8986787795275588
21
-5.1788011023622049
0
LINE
8
BLACK
6
CONTINUOUS
10
3.8986787795275588
20
-5.1788011023622049
11
3.8954629133858267
21
-5.183613976377953
0
LINE
8
BLACK
6
CONTINUOUS
10
3.8954629133858267
20
-5.183613976377953
11
3.8913698818897635
21
-5.1877070078740157
0
LINE
8
BLACK
6
CONTINUOUS
10
3.8913698818897635
20
-5.1877070078740157
11
3.8865570078740155
21
-5.1909228740157483
0
LINE
8
BLACK
6
CONTINUOUS
10
3.8865570078740155
20
-5.1909228740157483
11
3.8812092125984252
21
-5.1931379921259841
0
LINE
8
BLACK
6
CONTINUOUS
10
3.8812092125984252
20
-5.1931379921259841
11
3.8755320078740159
21
-5.1942672834645665
0
LINE
8
BLACK
6
CONTINUOUS
10
3.8755320078740159
20
-5.1942672834645665
11
3.8697435826771653
21
-5.1942672834645665
0
LINE
8
BLACK
6
CONTINUOUS
10
3.8697435826771653
20
-5.1942672834645665
11
3.864066377952756
21
-5.1931379921259841
0
LINE
8
BLACK
6
CONTINUOUS
10
3.864066377952756
20
-5.1931379921259841
11
3.8587185826771653
21
-5.1909228740157483
0
LINE
8
BLACK
6
CONTINUOUS
10
3.8587185826771653
20
-5.1909228740157483
11
3.8539057086614172
21
-5.1877070078740157
0
LINE
8
BLACK
6
CONTINUOUS
10
3.8539057086614172
20
-5.1877070078740157
11
3.849812677165354
21
-5.183613976377953
0
LINE
8
BLACK
6
CONTINUOUS
10
3.849812677165354
20
-5.183613976377953
11
3.8476377952755905
21
-5.1803590157480315
0
LINE
8
BLACK
6
CONTINUOUS
10
3.8476377952755905
20
-5.1803590157480315
11
3.8454629133858265
21
-5.183613976377953
0
LINE
8
BLACK
6
CONTINUOUS
10
3.8454629133858265
20
-5.183613976377953
11
3.8413698818897637
21
-5.1877070078740157
0
LINE
8
BLACK
6
CONTINUOUS
10
3.8413698818897637
20
-5.1877070078740157
11
3.8365570078740157
21
-5.1909228740157483
0
LINE
8
BLACK
6
CONTINUOUS
10
3.8365570078740157
20
-5.1909228740157483
11
3.831209212598425
21
-5.1931379921259841
0
LINE
8
BLACK
6
CONTINUOUS
10
3.831209212598425
20
-5.1931379921259841
11
3.8255320078740156
21
-5.1942672834645665
0
LINE
8
BLACK
6
CONTINUOUS
10
3.8255320078740156
20
-5.1942672834645665
11
3.8197435826771651
21
-5.1942672834645665
0
LINE
8
BLACK
6
CONTINUOUS
10
3.8197435826771651
20
-5.1942672834645665
11
3.8140663779527557
21
-5.1931379921259841
0
LINE
8
BLACK
6
CONTINUOUS
10
3.8140663779527557
20
-5.1931379921259841
11
3.8087185826771655
21
-5.1909228740157483
0
LINE
8
BLACK
6
CONTINUOUS
10
3.8087185826771655
20
-5.1909228740157483
11
3.8039057086614174
21
-5.1877070078740157
0
LINE
8
BLACK
6
CONTINUOUS
10
3.8039057086614174
20
-5.1877070078740157
11
3.7998126771653542
21
-5.183613976377953
0
LINE
8
BLACK
6
CONTINUOUS
10
3.7998126771653542
20
-5.183613976377953
11
3.7965968110236221
21
-5.1788011023622049
0
LINE
8
BLACK
6
CONTINUOUS
10
3.7965968110236221
20
-5.1788011023622049
11
3.7943816929133858
21
-5.1734533070866142
0
LINE
8
BLACK
6
CONTINUOUS
10
3.7943816929133858
20
-5.1734533070866142
11
3.793252401574803
21
-5.1677761023622049
0
LINE
8
BLACK
6
CONTINUOUS
10
3.793252401574803
20
-5.1677761023622049
11
3.7931102362204725
21
-5.1648818897637794
0
LINE
8
BLACK
6
CONTINUOUS
10
3.7931102362204725
20
-5.1648818897637794
11
3.7931102362204725
21
-5.1570078740157479
0
LINE
8
BLACK
6
CONTINUOUS
10
3.7931102362204725
20
-5.1570078740157479
11
3.793252401574803
21
-5.1541136614173224
0
LINE
8
BLACK
6
CONTINUOUS
10
3.793252401574803
20
-5.1541136614173224
11
3.7943816929133858
21
-5.1484364566929131
0
LINE
8
BLACK
6
CONTINUOUS
10
3.7943816929133858
20
-5.1484364566929131
11
3.7965968110236221
21
-5.1430886614173223
0
LINE
8
BLACK
6
CONTINUOUS
10
3.7965968110236221
20
-5.1430886614173223
11
3.7998126771653542
21
-5.1382757874015743
0
LINE
8
BLACK
6
CONTINUOUS
10
3.7998126771653542
20
-5.1382757874015743
11
3.8039057086614174
21
-5.1341827559055115
0
LINE
8
BLACK
6
CONTINUOUS
10
3.8039057086614174
20
-5.1341827559055115
11
3.8087185826771655
21
-5.130966889763779
0
LINE
8
BLACK
6
CONTINUOUS
10
3.8087185826771655
20
-5.130966889763779
11
3.8140663779527557
21
-5.1287517716535431
0
LINE
8
BLACK
6
CONTINUOUS
10
3.8140663779527557
20
-5.1287517716535431
11
3.8197435826771651
21
-5.1276224803149608
0
LINE
8
BLACK
6
CONTINUOUS
10
3.8197435826771651
20
-5.1276224803149608
11
3.8255320078740156
21
-5.1276224803149608
0
LINE
8
BLACK
6
CONTINUOUS
10
3.8255320078740156
20
-5.1276224803149608
11
3.831209212598425
21
-5.1287517716535431
0
LINE
8
BLACK
6
CONTINUOUS
10
2.8131297637795276
20
-5.0660655118110238
11
2.8216492519685037
21
-5.0688336614173224
0
LINE
8
BLACK
6
CONTINUOUS
10
2.8216492519685037
20
-5.0688336614173224
11
2.8296308267716537
21
-5.0729004724409448
0
LINE
8
BLACK
6
CONTINUOUS
10
2.8296308267716537
20
-5.0729004724409448
11
2.8368779527559056
21
-5.0781657874015744
0
LINE
8
BLACK
6
CONTINUOUS
10
2.8368779527559056
20
-5.0781657874015744
11
2.8432121653543305
21
-5.0845000000000002
0
LINE
8
BLACK
6
CONTINUOUS
10
2.8432121653543305
20
-5.0845000000000002
11
2.8484774803149606
21
-5.0917471259842522
0
LINE
8
BLACK
6
CONTINUOUS
10
2.8484774803149606
20
-5.0917471259842522
11
2.8525442913385826
21
-5.0997287007874013
0
LINE
8
BLACK
6
CONTINUOUS
10
2.8525442913385826
20
-5.0997287007874013
11
2.855312440944882
21
-5.1082481889763782
0
LINE
8
BLACK
6
CONTINUOUS
10
2.855312440944882
20
-5.1082481889763782
11
2.856713779527559
21
-5.1170958267716538
0
LINE
8
BLACK
6
CONTINUOUS
10
2.856713779527559
20
-5.1170958267716538
11
2.856713779527559
21
-5.1260537795275587
0
LINE
8
BLACK
6
CONTINUOUS
10
2.856713779527559
20
-5.1260537795275587
11
2.855312440944882
21
-5.1349014173228342
0
LINE
8
BLACK
6
CONTINUOUS
10
2.855312440944882
20
-5.1349014173228342
11
2.8525442913385826
21
-5.1434209055118112
0
LINE
8
BLACK
6
CONTINUOUS
10
2.8525442913385826
20
-5.1434209055118112
11
2.8484774803149606
21
-5.1514024803149603
0
LINE
8
BLACK
6
CONTINUOUS
10
2.8484774803149606
20
-5.1514024803149603
11
2.8432121653543305
21
-5.1586496062992122
0
LINE
8
BLACK
6
CONTINUOUS
10
2.8432121653543305
20
-5.1586496062992122
11
2.8368779527559056
21
-5.164983818897638
0
LINE
8
BLACK
6
CONTINUOUS
10
2.8368779527559056
20
-5.164983818897638
11
2.8296308267716537
21
-5.1702491338582677
0
LINE
8
BLACK
6
CONTINUOUS
10
2.8296308267716537
20
-5.1702491338582677
11
2.8216492519685037
21
-5.1743159448818901
0
LINE
8
BLACK
6
CONTINUOUS
10
2.8216492519685037
20
-5.1743159448818901
11
2.8131297637795276
21
-5.1770840944881886
0
LINE
8
BLACK
6
CONTINUOUS
10
2.8131297637795276
20
-5.1770840944881886
11
2.8042821259842521
21
-5.1784854330708656
0
LINE
8
BLACK
6
CONTINUOUS
10
2.8042821259842521
20
-5.1784854330708656
11
2.7953241732283463
21
-5.1784854330708656
0
LINE
8
BLACK
6
CONTINUOUS
10
2.7953241732283463
20
-5.1784854330708656
11
2.7864765354330707
21
-5.1770840944881886
0
LINE
8
BLACK
6
CONTINUOUS
10
2.7864765354330707
20
-5.1770840944881886
11
2.7779570472440946
21
-5.1743159448818901
0
LINE
8
BLACK
6
CONTINUOUS
10
2.7779570472440946
20
-5.1743159448818901
11
2.7699754724409447
21
-5.1702491338582677
0
LINE
8
BLACK
6
CONTINUOUS
10
2.7699754724409447
20
-5.1702491338582677
11
2.7627283464566927
21
-5.164983818897638
0
LINE
8
BLACK
6
CONTINUOUS
10
2.7627283464566927
20
-5.164983818897638
11
2.7563941338582678
21
-5.1586496062992122
0
LINE
8
BLACK
6
CONTINUOUS
10
2.7563941338582678
20
-5.1586496062992122
11
2.7511288188976377
21
-5.1514024803149603
0
LINE
8
BLACK
6
CONTINUOUS
10
2.7511288188976377
20
-5.1514024803149603
11
2.7470620078740158
21
-5.1434209055118112
0
LINE
8
BLACK
6
CONTINUOUS
10
2.7470620078740158
20
-5.1434209055118112
11
2.7442938582677163
21
-5.1349014173228342
0
LINE
8
BLACK
6
CONTINUOUS
10
2.7442938582677163
20
-5.1349014173228342
11
2.7428925196850393
21
-5.1260537795275587
0
LINE
8
BLACK
6
CONTINUOUS
10
2.7428925196850393
20
-5.1260537795275587
11
2.7428925196850393
21
-5.1170958267716538
0
LINE
8
BLACK
6
CONTINUOUS
10
2.7428925196850393
20
-5.1170958267716538
11
2.7442938582677163
21
-5.1082481889763782
0
LINE
8
BLACK
6
CONTINUOUS
10
2.7442938582677163
20
-5.1082481889763782
11
2.7470620078740158
21
-5.0997287007874013
0
LINE
8
BLACK
6
CONTINUOUS
10
2.7470620078740158
20
-5.0997287007874013
11
2.7511288188976377
21
-5.0917471259842522
0
LINE
8
BLACK
6
CONTINUOUS
10
2.7511288188976377
20
-5.0917471259842522
11
2.7563941338582678
21
-5.0845000000000002
0
LINE
8
BLACK
6
CONTINUOUS
10
2.7563941338582678
20
-5.0845000000000002
11
2.7627283464566927
21
-5.0781657874015744
0
LINE
8
BLACK
6
CONTINUOUS
10
2.7627283464566927
20
-5.0781657874015744
11
2.7699754724409447
21
-5.0729004724409448
0
LINE
8
BLACK
6
CONTINUOUS
10
2.7699754724409447
20
-5.0729004724409448
11
2.7779570472440946
21
-5.0688336614173224
0
LINE
8
BLACK
6
CONTINUOUS
10
2.7779570472440946
20
-5.0688336614173224
11
2.7864765354330707
21
-5.0660655118110238
0
LINE
8
BLACK
6
CONTINUOUS
10
2.7864765354330707
20
-5.0660655118110238
11
2.7953241732283463
21
-5.0646641732283459
0
LINE
8
BLACK
6
CONTINUOUS
10
2.7953241732283463
20
-5.0646641732283459
11
2.8042821259842521
21
-5.0646641732283459
0
LINE
8
BLACK
6
CONTINUOUS
10
2.8042821259842521
20
-5.0646641732283459
11
2.8131297637795276
21
-5.0660655118110238
0
LINE
8
BLACK
6
CONTINUOUS
10
3.5276966929133859
20
-5.0660655118110238
11
3.536216181102362
21
-5.0688336614173224
0
LINE
8
BLACK
6
CONTINUOUS
10
3.536216181102362
20
-5.0688336614173224
11
3.5441977559055116
21
-5.0729004724409448
0
LINE
8
BLACK
6
CONTINUOUS
10
3.5441977559055116
20
-5.0729004724409448
11
3.5514448818897635
21
-5.0781657874015744
0
LINE
8
BLACK
6
CONTINUOUS
10
3.5514448818897635
20
-5.0781657874015744
11
3.5577790944881889
21
-5.0845000000000002
0
LINE
8
BLACK
6
CONTINUOUS
10
3.5577790944881889
20
-5.0845000000000002
11
3.5630444094488189
21
-5.0917471259842522
0
LINE
8
BLACK
6
CONTINUOUS
10
3.5630444094488189
20
-5.0917471259842522
11
3.5671112204724409
21
-5.0997287007874013
0
LINE
8
BLACK
6
CONTINUOUS
10
3.5671112204724409
20
-5.0997287007874013
11
3.5698793700787399
21
-5.1082481889763782
0
LINE
8
BLACK
6
CONTINUOUS
10
3.5698793700787399
20
-5.1082481889763782
11
3.5712807086614173
21
-5.1170958267716538
0
LINE
8
BLACK
6
CONTINUOUS
10
3.5712807086614173
20
-5.1170958267716538
11
3.5712807086614173
21
-5.1260537795275587
0
LINE
8
BLACK
6
CONTINUOUS
10
3.5712807086614173
20
-5.1260537795275587
11
3.5698793700787399
21
-5.1349014173228342
0
LINE
8
BLACK
6
CONTINUOUS
10
3.5698793700787399
20
-5.1349014173228342
11
3.5671112204724409
21
-5.1434209055118112
0
LINE
8
BLACK
6
CONTINUOUS
10
3.5671112204724409
20
-5.1434209055118112
11
3.5630444094488189
21
-5.1514024803149603
0
LINE
8
BLACK
6
CONTINUOUS
10
3.5630444094488189
20
-5.1514024803149603
11
3.5577790944881889
21
-5.1586496062992122
0
LINE
8
BLACK
6
CONTINUOUS
10
3.5577790944881889
20
-5.1586496062992122
11
3.5514448818897635
21
-5.164983818897638
0
LINE
8
BLACK
6
CONTINUOUS
10
3.5514448818897635
20
-5.164983818897638
11
3.5441977559055116
21
-5.1702491338582677
0
LINE
8
BLACK
6
CONTINUOUS
10
3.5441977559055116
20
-5.1702491338582677
11
3.536216181102362
21
-5.1743159448818901
0
LINE
8
BLACK
6
CONTINUOUS
10
3.536216181102362
20
-5.1743159448818901
11
3.5276966929133859
21
-5.1770840944881886
0
LINE
8
BLACK
6
CONTINUOUS
10
3.5276966929133859
20
-5.1770840944881886
11
3.51884905511811
21
-5.1784854330708656
0
LINE
8
BLACK
6
CONTINUOUS
10
3.51884905511811
20
-5.1784854330708656
11
3.5098911023622046
21
-5.1784854330708656
0
LINE
8
BLACK
6
CONTINUOUS
10
3.5098911023622046
20
-5.1784854330708656
11
3.5010434645669291
21
-5.1770840944881886
0
LINE
8
BLACK
6
CONTINUOUS
10
3.5010434645669291
20
-5.1770840944881886
11
3.4925239763779525
21
-5.1743159448818901
0
LINE
8
BLACK
6
CONTINUOUS
10
3.4925239763779525
20
-5.1743159448818901
11
3.484542401574803
21
-5.1702491338582677
0
LINE
8
BLACK
6
CONTINUOUS
10
3.484542401574803
20
-5.1702491338582677
11
3.4772952755905511
21
-5.164983818897638
0
LINE
8
BLACK
6
CONTINUOUS
10
3.4772952755905511
20
-5.164983818897638
11
3.4709610629921257
21
-5.1586496062992122
0
LINE
8
BLACK
6
CONTINUOUS
10
3.4709610629921257
20
-5.1586496062992122
11
3.465695748031496
21
-5.1514024803149603
0
LINE
8
BLACK
6
CONTINUOUS
10
3.465695748031496
20
-5.1514024803149603
11
3.4616289370078741
21
-5.1434209055118112
0
LINE
8
BLACK
6
CONTINUOUS
10
3.4616289370078741
20
-5.1434209055118112
11
3.4588607874015747
21
-5.1349014173228342
0
LINE
8
BLACK
6
CONTINUOUS
10
3.4588607874015747
20
-5.1349014173228342
11
3.4574594488188977
21
-5.1260537795275587
0
LINE
8
BLACK
6
CONTINUOUS
10
3.4574594488188977
20
-5.1260537795275587
11
3.4574594488188977
21
-5.1170958267716538
0
LINE
8
BLACK
6
CONTINUOUS
10
3.4574594488188977
20
-5.1170958267716538
11
3.4588607874015747
21
-5.1082481889763782
0
LINE
8
BLACK
6
CONTINUOUS
10
3.4588607874015747
20
-5.1082481889763782
11
3.4616289370078741
21
-5.0997287007874013
0
LINE
8
BLACK
6
CONTINUOUS
10
3.4616289370078741
20
-5.0997287007874013
11
3.465695748031496
21
-5.0917471259842522
0
LINE
8
BLACK
6
CONTINUOUS
10
3.465695748031496
20
-5.0917471259842522
11
3.4709610629921257
21
-5.0845000000000002
0
LINE
8
BLACK
6
CONTINUOUS
10
3.4709610629921257
20
-5.0845000000000002
11
3.4772952755905511
21
-5.0781657874015744
0
LINE
8
BLACK
6
CONTINUOUS
10
3.4772952755905511
20
-5.0781657874015744
11
3.484542401574803
21
-5.0729004724409448
0
LINE
8
BLACK
6
CONTINUOUS
10
3.484542401574803
20
-5.0729004724409448
11
3.4925239763779525
21
-5.0688336614173224
0
LINE
8
BLACK
6
CONTINUOUS
10
3.4925239763779525
20
-5.0688336614173224
11
3.5010434645669291
21
-5.0660655118110238
0
LINE
8
BLACK
6
CONTINUOUS
10
3.5010434645669291
20
-5.0660655118110238
11
3.5098911023622046
21
-5.0646641732283459
0
LINE
8
BLACK
6
CONTINUOUS
10
3.5098911023622046
20
-5.0646641732283459
11
3.51884905511811
21
-5.0646641732283459
0
LINE
8
BLACK
6
CONTINUOUS
10
3.51884905511811
20
-5.0646641732283459
11
3.5276966929133859
21
-5.0660655118110238
0
LINE
8
BLACK
6
CONTINUOUS
10
3.6157325590551181
20
-4.9791959448818899
11
3.6201225984251968
21
-4.9814327952755901
0
LINE
8
BLACK
6
CONTINUOUS
10
3.6201225984251968
20
-4.9814327952755901
11
3.6236065748031496
21
-4.984916771653543
0
LINE
8
BLACK
6
CONTINUOUS
10
3.6236065748031496
20
-4.984916771653543
11
3.6258434251968503
21
-4.9893068110236216
0
LINE
8
BLACK
6
CONTINUOUS
10
3.6258434251968503
20
-4.9893068110236216
11
3.6266141732283463
21
-4.9941732283464564
0
LINE
8
BLACK
6
CONTINUOUS
10
3.6266141732283463
20
-4.9941732283464564
11
3.6266141732283463
21
-5.0158267716535434
0
LINE
8
BLACK
6
CONTINUOUS
10
3.6266141732283463
20
-5.0158267716535434
11
3.6258434251968503
21
-5.0206931889763782
0
LINE
8
BLACK
6
CONTINUOUS
10
3.6258434251968503
20
-5.0206931889763782
11
3.6236065748031496
21
-5.0250832283464568
0
LINE
8
BLACK
6
CONTINUOUS
10
3.6236065748031496
20
-5.0250832283464568
11
3.6201225984251968
21
-5.0285672047244097
0
LINE
8
BLACK
6
CONTINUOUS
10
3.6201225984251968
20
-5.0285672047244097
11
3.6157325590551181
21
-5.0308040551181099
0
LINE
8
BLACK
6
CONTINUOUS
10
3.6157325590551181
20
-5.0308040551181099
11
3.6108661417322834
21
-5.0315748031496064
0
LINE
8
BLACK
6
CONTINUOUS
10
3.6108661417322834
20
-5.0315748031496064
11
3.5951181102362204
21
-5.0315748031496064
0
LINE
8
BLACK
6
CONTINUOUS
10
3.5951181102362204
20
-5.0315748031496064
11
3.5902516929133856
21
-5.0308040551181099
0
LINE
8
BLACK
6
CONTINUOUS
10
3.5902516929133856
20
-5.0308040551181099
11
3.585861653543307
21
-5.0285672047244097
0
LINE
8
BLACK
6
CONTINUOUS
10
3.585861653543307
20
-5.0285672047244097
11
3.5823776771653542
21
-5.0250832283464568
0
LINE
8
BLACK
6
CONTINUOUS
10
3.5823776771653542
20
-5.0250832283464568
11
3.5801408267716535
21
-5.0206931889763782
0
LINE
8
BLACK
6
CONTINUOUS
10
3.5801408267716535
20
-5.0206931889763782
11
3.5793700787401574
21
-5.0158267716535434
0
LINE
8
BLACK
6
CONTINUOUS
10
3.5793700787401574
20
-5.0158267716535434
11
3.5793700787401574
21
-4.9941732283464564
0
LINE
8
BLACK
6
CONTINUOUS
10
3.5793700787401574
20
-4.9941732283464564
11
3.5801408267716535
21
-4.9893068110236216
0
LINE
8
BLACK
6
CONTINUOUS
10
3.5801408267716535
20
-4.9893068110236216
11
3.5823776771653542
21
-4.984916771653543
0
LINE
8
BLACK
6
CONTINUOUS
10
3.5823776771653542
20
-4.984916771653543
11
3.585861653543307
21
-4.9814327952755901
0
LINE
8
BLACK
6
CONTINUOUS
10
3.585861653543307
20
-4.9814327952755901
11
3.5902516929133856
21
-4.9791959448818899
0
LINE
8
BLACK
6
CONTINUOUS
10
3.5902516929133856
20
-4.9791959448818899
11
3.5951181102362204
21
-4.9784251968503934
0
LINE
8
BLACK
6
CONTINUOUS
10
3.5951181102362204
20
-4.9784251968503934
11
3.6108661417322834
21
-4.9784251968503934
0
LINE
8
BLACK
6
CONTINUOUS
10
3.6108661417322834
20
-4.9784251968503934
11
3.6157325590551181
21
-4.9791959448818899
0
LINE
8
BLACK
6
CONTINUOUS
10
3.6806931889763779
20
-4.9791959448818899
11
3.6850832283464565
21
-4.9814327952755901
0
LINE
8
BLACK
6
CONTINUOUS
10
3.6850832283464565
20
-4.9814327952755901
11
3.6885672047244094
21
-4.984916771653543
0
LINE
8
BLACK
6
CONTINUOUS
10
3.6885672047244094
20
-4.984916771653543
11
3.69080405511811
21
-4.9893068110236216
0
LINE
8
BLACK
6
CONTINUOUS
10
3.69080405511811
20
-4.9893068110236216
11
3.6915748031496061
21
-4.9941732283464564
0
LINE
8
BLACK
6
CONTINUOUS
10
3.6915748031496061
20
-4.9941732283464564
11
3.6915748031496061
21
-5.0158267716535434
0
LINE
8
BLACK
6
CONTINUOUS
10
3.6915748031496061
20
-5.0158267716535434
11
3.69080405511811
21
-5.0206931889763782
0
LINE
8
BLACK
6
CONTINUOUS
10
3.69080405511811
20
-5.0206931889763782
11
3.6885672047244094
21
-5.0250832283464568
0
LINE
8
BLACK
6
CONTINUOUS
10
3.6885672047244094
20
-5.0250832283464568
11
3.6850832283464565
21
-5.0285672047244097
0
LINE
8
BLACK
6
CONTINUOUS
10
3.6850832283464565
20
-5.0285672047244097
11
3.6806931889763779
21
-5.0308040551181099
0
LINE
8
BLACK
6
CONTINUOUS
10
3.6806931889763779
20
-5.0308040551181099
11
3.6758267716535431
21
-5.0315748031496064
0
LINE
8
BLACK
6
CONTINUOUS
10
3.6758267716535431
20
-5.0315748031496064
11
3.6600787401574801
21
-5.0315748031496064
0
LINE
8
BLACK
6
CONTINUOUS
10
3.6600787401574801
20
-5.0315748031496064
11
3.6552123228346454
21
-5.0308040551181099
0
LINE
8
BLACK
6
CONTINUOUS
10
3.6552123228346454
20
-5.0308040551181099
11
3.6508222834645667
21
-5.0285672047244097
0
LINE
8
BLACK
6
CONTINUOUS
10
3.6508222834645667
20
-5.0285672047244097
11
3.6473383070866139
21
-5.0250832283464568
0
LINE
8
BLACK
6
CONTINUOUS
10
3.6473383070866139
20
-5.0250832283464568
11
3.6451014566929132
21
-5.0206931889763782
0
LINE
8
BLACK
6
CONTINUOUS
10
3.6451014566929132
20
-5.0206931889763782
11
3.6443307086614172
21
-5.0158267716535434
0
LINE
8
BLACK
6
CONTINUOUS
10
3.6443307086614172
20
-5.0158267716535434
11
3.6443307086614172
21
-4.9941732283464564
0
LINE
8
BLACK
6
CONTINUOUS
10
3.6443307086614172
20
-4.9941732283464564
11
3.6451014566929132
21
-4.9893068110236216
0
LINE
8
BLACK
6
CONTINUOUS
10
3.6451014566929132
20
-4.9893068110236216
11
3.6473383070866139
21
-4.984916771653543
0
LINE
8
BLACK
6
CONTINUOUS
10
3.6473383070866139
20
-4.984916771653543
11
3.6508222834645667
21
-4.9814327952755901
0
LINE
8
BLACK
6
CONTINUOUS
10
3.6508222834645667
20
-4.9814327952755901
11
3.6552123228346454
21
-4.9791959448818899
0
LINE
8
BLACK
6
CONTINUOUS
10
3.6552123228346454
20
-4.9791959448818899
11
3.6600787401574801
21
-4.9784251968503934
0
LINE
8
BLACK
6
CONTINUOUS
10
3.6600787401574801
20
-4.9784251968503934
11
3.6758267716535431
21
-4.9784251968503934
0
LINE
8
BLACK
6
CONTINUOUS
10
3.6758267716535431
20
-4.9784251968503934
11
3.6806931889763779
21
-4.9791959448818899
0
LINE
8
BLACK
6
CONTINUOUS
10
3.7352601181102361
20
-4.9791959448818899
11
3.7396501574803147
21
-4.9814327952755901
0
LINE
8
BLACK
6
CONTINUOUS
10
3.7396501574803147
20
-4.9814327952755901
11
3.7431341338582675
21
-4.984916771653543
0
LINE
8
BLACK
6
CONTINUOUS
10
3.7431341338582675
20
-4.984916771653543
11
3.7453709842519682
21
-4.9893068110236216
0
LINE
8
BLACK
6
CONTINUOUS
10
3.7453709842519682
20
-4.9893068110236216
11
3.7461417322834647
21
-4.9941732283464564
0
LINE
8
BLACK
6
CONTINUOUS
10
3.7461417322834647
20
-4.9941732283464564
11
3.7461417322834647
21
-5.0158267716535434
0
LINE
8
BLACK
6
CONTINUOUS
10
3.7461417322834647
20
-5.0158267716535434
11
3.7453709842519682
21
-5.0206931889763782
0
LINE
8
BLACK
6
CONTINUOUS
10
3.7453709842519682
20
-5.0206931889763782
11
3.7431341338582675
21
-5.0250832283464568
0
LINE
8
BLACK
6
CONTINUOUS
10
3.7431341338582675
20
-5.0250832283464568
11
3.7396501574803147
21
-5.0285672047244097
0
LINE
8
BLACK
6
CONTINUOUS
10
3.7396501574803147
20
-5.0285672047244097
11
3.7352601181102361
21
-5.0308040551181099
0
LINE
8
BLACK
6
CONTINUOUS
10
3.7352601181102361
20
-5.0308040551181099
11
3.7303937007874013
21
-5.0315748031496064
0
LINE
8
BLACK
6
CONTINUOUS
10
3.7303937007874013
20
-5.0315748031496064
11
3.7146456692913383
21
-5.0315748031496064
0
LINE
8
BLACK
6
CONTINUOUS
10
3.7146456692913383
20
-5.0315748031496064
11
3.709779251968504
21
-5.0308040551181099
0
LINE
8
BLACK
6
CONTINUOUS
10
3.709779251968504
20
-5.0308040551181099
11
3.7053892125984249
21
-5.0285672047244097
0
LINE
8
BLACK
6
CONTINUOUS
10
3.7053892125984249
20
-5.0285672047244097
11
3.7019052362204725
21
-5.0250832283464568
0
LINE
8
BLACK
6
CONTINUOUS
10
3.7019052362204725
20
-5.0250832283464568
11
3.6996683858267714
21
-5.0206931889763782
0
LINE
8
BLACK
6
CONTINUOUS
10
3.6996683858267714
20
-5.0206931889763782
11
3.6988976377952754
21
-5.0158267716535434
0
LINE
8
BLACK
6
CONTINUOUS
10
3.6988976377952754
20
-5.0158267716535434
11
3.6988976377952754
21
-4.9941732283464564
0
LINE
8
BLACK
6
CONTINUOUS
10
3.6988976377952754
20
-4.9941732283464564
11
3.6996683858267714
21
-4.9893068110236216
0
LINE
8
BLACK
6
CONTINUOUS
10
3.6996683858267714
20
-4.9893068110236216
11
3.7019052362204725
21
-4.984916771653543
0
LINE
8
BLACK
6
CONTINUOUS
10
3.7019052362204725
20
-4.984916771653543
11
3.7053892125984249
21
-4.9814327952755901
0
LINE
8
BLACK
6
CONTINUOUS
10
3.7053892125984249
20
-4.9814327952755901
11
3.709779251968504
21
-4.9791959448818899
0
LINE
8
BLACK
6
CONTINUOUS
10
3.709779251968504
20
-4.9791959448818899
11
3.7146456692913383
21
-4.9784251968503934
0
LINE
8
BLACK
6
CONTINUOUS
10
3.7146456692913383
20
-4.9784251968503934
11
3.7303937007874013
21
-4.9784251968503934
0
LINE
8
BLACK
6
CONTINUOUS
10
3.7303937007874013
20
-4.9784251968503934
11
3.7352601181102361
21
-4.9791959448818899
0
LINE
8
BLACK
6
CONTINUOUS
10
3.8002207480314958
20
-4.9791959448818899
11
3.8046107874015749
21
-4.9814327952755901
0
LINE
8
BLACK
6
CONTINUOUS
10
3.8046107874015749
20
-4.9814327952755901
11
3.8080947637795273
21
-4.984916771653543
0
LINE
8
BLACK
6
CONTINUOUS
10
3.8080947637795273
20
-4.984916771653543
11
3.8103316141732284
21
-4.9893068110236216
0
LINE
8
BLACK
6
CONTINUOUS
10
3.8103316141732284
20
-4.9893068110236216
11
3.8111023622047244
21
-4.9941732283464564
0
LINE
8
BLACK
6
CONTINUOUS
10
3.8111023622047244
20
-4.9941732283464564
11
3.8111023622047244
21
-5.0158267716535434
0
LINE
8
BLACK
6
CONTINUOUS
10
3.8111023622047244
20
-5.0158267716535434
11
3.8103316141732284
21
-5.0206931889763782
0
LINE
8
BLACK
6
CONTINUOUS
10
3.8103316141732284
20
-5.0206931889763782
11
3.8080947637795273
21
-5.0250832283464568
0
LINE
8
BLACK
6
CONTINUOUS
10
3.8080947637795273
20
-5.0250832283464568
11
3.8046107874015749
21
-5.0285672047244097
0
LINE
8
BLACK
6
CONTINUOUS
10
3.8046107874015749
20
-5.0285672047244097
11
3.8002207480314958
21
-5.0308040551181099
0
LINE
8
BLACK
6
CONTINUOUS
10
3.8002207480314958
20
-5.0308040551181099
11
3.7953543307086615
21
-5.0315748031496064
0
LINE
8
BLACK
6
CONTINUOUS
10
3.7953543307086615
20
-5.0315748031496064
11
3.7796062992125985
21
-5.0315748031496064
0
LINE
8
BLACK
6
CONTINUOUS
10
3.7796062992125985
20
-5.0315748031496064
11
3.7747398818897637
21
-5.0308040551181099
0
LINE
8
BLACK
6
CONTINUOUS
10
3.7747398818897637
20
-5.0308040551181099
11
3.7703498425196851
21
-5.0285672047244097
0
LINE
8
BLACK
6
CONTINUOUS
10
3.7703498425196851
20
-5.0285672047244097
11
3.7668658661417322
21
-5.0250832283464568
0
LINE
8
BLACK
6
CONTINUOUS
10
3.7668658661417322
20
-5.0250832283464568
11
3.7646290157480315
21
-5.0206931889763782
0
LINE
8
BLACK
6
CONTINUOUS
10
3.7646290157480315
20
-5.0206931889763782
11
3.7638582677165355
21
-5.0158267716535434
0
LINE
8
BLACK
6
CONTINUOUS
10
3.7638582677165355
20
-5.0158267716535434
11
3.7638582677165355
21
-4.9941732283464564
0
LINE
8
BLACK
6
CONTINUOUS
10
3.7638582677165355
20
-4.9941732283464564
11
3.7646290157480315
21
-4.9893068110236216
0
LINE
8
BLACK
6
CONTINUOUS
10
3.7646290157480315
20
-4.9893068110236216
11
3.7668658661417322
21
-4.984916771653543
0
LINE
8
BLACK
6
CONTINUOUS
10
3.7668658661417322
20
-4.984916771653543
11
3.7703498425196851
21
-4.9814327952755901
0
LINE
8
BLACK
6
CONTINUOUS
10
3.7703498425196851
20
-4.9814327952755901
11
3.7747398818897637
21
-4.9791959448818899
0
LINE
8
BLACK
6
CONTINUOUS
10
3.7747398818897637
20
-4.9791959448818899
11
3.7796062992125985
21
-4.9784251968503934
0
LINE
8
BLACK
6
CONTINUOUS
10
3.7796062992125985
20
-4.9784251968503934
11
3.7953543307086615
21
-4.9784251968503934
0
LINE
8
BLACK
6
CONTINUOUS
10
3.7953543307086615
20
-4.9784251968503934
11
3.8002207480314958
21
-4.9791959448818899
0
LINE
8
BLACK
6
CONTINUOUS
10
2.9632601181102363
20
-4.9491959448818896
11
2.9676501574803149
21
-4.9514327952755908
0
LINE
8
BLACK
6
CONTINUOUS
10
2.9676501574803149
20
-4.9514327952755908
11
2.9711341338582677
21
-4.9549167716535436
0
LINE
8
BLACK
6
CONTINUOUS
10
2.9711341338582677
20
-4.9549167716535436
11
2.9733709842519684
21
-4.9593068110236223
0
LINE
8
BLACK
6
CONTINUOUS
10
2.9733709842519684
20
-4.9593068110236223
11
2.9741417322834645
21
-4.964173228346457
0
LINE
8
BLACK
6
CONTINUOUS
10
2.9741417322834645
20
-4.964173228346457
11
2.9741417322834645
21
-4.9858267716535432
0
LINE
8
BLACK
6
CONTINUOUS
10
2.9741417322834645
20
-4.9858267716535432
11
2.9733709842519684
21
-4.9906931889763779
0
LINE
8
BLACK
6
CONTINUOUS
10
2.9733709842519684
20
-4.9906931889763779
11
2.9711341338582677
21
-4.9950832283464566
0
LINE
8
BLACK
6
CONTINUOUS
10
2.9711341338582677
20
-4.9950832283464566
11
2.9676501574803149
21
-4.9985672047244094
0
LINE
8
BLACK
6
CONTINUOUS
10
2.9676501574803149
20
-4.9985672047244094
11
2.9632601181102363
21
-5.0008040551181105
0
LINE
8
BLACK
6
CONTINUOUS
10
2.9632601181102363
20
-5.0008040551181105
11
2.9583937007874015
21
-5.0015748031496061
0
LINE
8
BLACK
6
CONTINUOUS
10
2.9583937007874015
20
-5.0015748031496061
11
2.9426456692913385
21
-5.0015748031496061
0
LINE
8
BLACK
6
CONTINUOUS
10
2.9426456692913385
20
-5.0015748031496061
11
2.9377792519685038
21
-5.0008040551181105
0
LINE
8
BLACK
6
CONTINUOUS
10
2.9377792519685038
20
-5.0008040551181105
11
2.9333892125984251
21
-4.9985672047244094
0
LINE
8
BLACK
6
CONTINUOUS
10
2.9333892125984251
20
-4.9985672047244094
11
2.9299052362204723
21
-4.9950832283464566
0
LINE
8
BLACK
6
CONTINUOUS
10
2.9299052362204723
20
-4.9950832283464566
11
2.9276683858267716
21
-4.9906931889763779
0
LINE
8
BLACK
6
CONTINUOUS
10
2.9276683858267716
20
-4.9906931889763779
11
2.9268976377952756
21
-4.9858267716535432
0
LINE
8
BLACK
6
CONTINUOUS
10
2.9268976377952756
20
-4.9858267716535432
11
2.9268976377952756
21
-4.964173228346457
0
LINE
8
BLACK
6
CONTINUOUS
10
2.9268976377952756
20
-4.964173228346457
11
2.9276683858267716
21
-4.9593068110236223
0
LINE
8
BLACK
6
CONTINUOUS
10
2.9276683858267716
20
-4.9593068110236223
11
2.9299052362204723
21
-4.9549167716535436
0
LINE
8
BLACK
6
CONTINUOUS
10
2.9299052362204723
20
-4.9549167716535436
11
2.9333892125984251
21
-4.9514327952755908
0
LINE
8
BLACK
6
CONTINUOUS
10
2.9333892125984251
20
-4.9514327952755908
11
2.9377792519685038
21
-4.9491959448818896
0
LINE
8
BLACK
6
CONTINUOUS
10
2.9377792519685038
20
-4.9491959448818896
11
2.9426456692913385
21
-4.9484251968503932
0
LINE
8
BLACK
6
CONTINUOUS
10
2.9426456692913385
20
-4.9484251968503932
11
2.9583937007874015
21
-4.9484251968503932
0
LINE
8
BLACK
6
CONTINUOUS
10
2.9583937007874015
20
-4.9484251968503932
11
2.9632601181102363
21
-4.9491959448818896
0
LINE
8
BLACK
6
CONTINUOUS
10
3.028220748031496
20
-4.9491959448818896
11
3.0326107874015746
21
-4.9514327952755908
0
LINE
8
BLACK
6
CONTINUOUS
10
3.0326107874015746
20
-4.9514327952755908
11
3.0360947637795275
21
-4.9549167716535436
0
LINE
8
BLACK
6
CONTINUOUS
10
3.0360947637795275
20
-4.9549167716535436
11
3.0383316141732282
21
-4.9593068110236223
0
LINE
8
BLACK
6
CONTINUOUS
10
3.0383316141732282
20
-4.9593068110236223
11
3.0391023622047242
21
-4.964173228346457
0
LINE
8
BLACK
6
CONTINUOUS
10
3.0391023622047242
20
-4.964173228346457
11
3.0391023622047242
21
-4.9858267716535432
0
LINE
8
BLACK
6
CONTINUOUS
10
3.0391023622047242
20
-4.9858267716535432
11
3.0383316141732282
21
-4.9906931889763779
0
LINE
8
BLACK
6
CONTINUOUS
10
3.0383316141732282
20
-4.9906931889763779
11
3.0360947637795275
21
-4.9950832283464566
0
LINE
8
BLACK
6
CONTINUOUS
10
3.0360947637795275
20
-4.9950832283464566
11
3.0326107874015746
21
-4.9985672047244094
0
LINE
8
BLACK
6
CONTINUOUS
10
3.0326107874015746
20
-4.9985672047244094
11
3.028220748031496
21
-5.0008040551181105
0
LINE
8
BLACK
6
CONTINUOUS
10
3.028220748031496
20
-5.0008040551181105
11
3.0233543307086612
21
-5.0015748031496061
0
LINE
8
BLACK
6
CONTINUOUS
10
3.0233543307086612
20
-5.0015748031496061
11
3.0076062992125983
21
-5.0015748031496061
0
LINE
8
BLACK
6
CONTINUOUS
10
3.0076062992125983
20
-5.0015748031496061
11
3.0027398818897639
21
-5.0008040551181105
0
LINE
8
BLACK
6
CONTINUOUS
10
3.0027398818897639
20
-5.0008040551181105
11
2.9983498425196848
21
-4.9985672047244094
0
LINE
8
BLACK
6
CONTINUOUS
10
2.9983498425196848
20
-4.9985672047244094
11
2.994865866141732
21
-4.9950832283464566
0
LINE
8
BLACK
6
CONTINUOUS
10
2.994865866141732
20
-4.9950832283464566
11
2.9926290157480313
21
-4.9906931889763779
0
LINE
8
BLACK
6
CONTINUOUS
10
2.9926290157480313
20
-4.9906931889763779
11
2.9918582677165353
21
-4.9858267716535432
0
LINE
8
BLACK
6
CONTINUOUS
10
2.9918582677165353
20
-4.9858267716535432
11
2.9918582677165353
21
-4.964173228346457
0
LINE
8
BLACK
6
CONTINUOUS
10
2.9918582677165353
20
-4.964173228346457
11
2.9926290157480313
21
-4.9593068110236223
0
LINE
8
BLACK
6
CONTINUOUS
10
2.9926290157480313
20
-4.9593068110236223
11
2.994865866141732
21
-4.9549167716535436
0
LINE
8
BLACK
6
CONTINUOUS
10
2.994865866141732
20
-4.9549167716535436
11
2.9983498425196848
21
-4.9514327952755908
0
LINE
8
BLACK
6
CONTINUOUS
10
2.9983498425196848
20
-4.9514327952755908
11
3.0027398818897639
21
-4.9491959448818896
0
LINE
8
BLACK
6
CONTINUOUS
10
3.0027398818897639
20
-4.9491959448818896
11
3.0076062992125983
21
-4.9484251968503932
0
LINE
8
BLACK
6
CONTINUOUS
10
3.0076062992125983
20
-4.9484251968503932
11
3.0233543307086612
21
-4.9484251968503932
0
LINE
8
BLACK
6
CONTINUOUS
10
3.0233543307086612
20
-4.9484251968503932
11
3.028220748031496
21
-4.9491959448818896
0
LINE
8
BLACK
6
CONTINUOUS
10
3.1137601181102363
20
-4.9491959448818896
11
3.118150157480315
21
-4.9514327952755908
0
LINE
8
BLACK
6
CONTINUOUS
10
3.118150157480315
20
-4.9514327952755908
11
3.1216341338582678
21
-4.9549167716535436
0
LINE
8
BLACK
6
CONTINUOUS
10
3.1216341338582678
20
-4.9549167716535436
11
3.1238709842519685
21
-4.9593068110236223
0
LINE
8
BLACK
6
CONTINUOUS
10
3.1238709842519685
20
-4.9593068110236223
11
3.1246417322834645
21
-4.964173228346457
0
LINE
8
BLACK
6
CONTINUOUS
10
3.1246417322834645
20
-4.964173228346457
11
3.1246417322834645
21
-4.9858267716535432
0
LINE
8
BLACK
6
CONTINUOUS
10
3.1246417322834645
20
-4.9858267716535432
11
3.1238709842519685
21
-4.9906931889763779
0
LINE
8
BLACK
6
CONTINUOUS
10
3.1238709842519685
20
-4.9906931889763779
11
3.1216341338582678
21
-4.9950832283464566
0
LINE
8
BLACK
6
CONTINUOUS
10
3.1216341338582678
20
-4.9950832283464566
11
3.118150157480315
21
-4.9985672047244094
0
LINE
8
BLACK
6
CONTINUOUS
10
3.118150157480315
20
-4.9985672047244094
11
3.1137601181102363
21
-5.0008040551181105
0
LINE
8
BLACK
6
CONTINUOUS
10
3.1137601181102363
20
-5.0008040551181105
11
3.1088937007874016
21
-5.0015748031496061
0
LINE
8
BLACK
6
CONTINUOUS
10
3.1088937007874016
20
-5.0015748031496061
11
3.0931456692913386
21
-5.0015748031496061
0
LINE
8
BLACK
6
CONTINUOUS
10
3.0931456692913386
20
-5.0015748031496061
11
3.0882792519685038
21
-5.0008040551181105
0
LINE
8
BLACK
6
CONTINUOUS
10
3.0882792519685038
20
-5.0008040551181105
11
3.0838892125984252
21
-4.9985672047244094
0
LINE
8
BLACK
6
CONTINUOUS
10
3.0838892125984252
20
-4.9985672047244094
11
3.0804052362204724
21
-4.9950832283464566
0
LINE
8
BLACK
6
CONTINUOUS
10
3.0804052362204724
20
-4.9950832283464566
11
3.0781683858267717
21
-4.9906931889763779
0
LINE
8
BLACK
6
CONTINUOUS
10
3.0781683858267717
20
-4.9906931889763779
11
3.0773976377952756
21
-4.9858267716535432
0
LINE
8
BLACK
6
CONTINUOUS
10
3.0773976377952756
20
-4.9858267716535432
11
3.0773976377952756
21
-4.964173228346457
0
LINE
8
BLACK
6
CONTINUOUS
10
3.0773976377952756
20
-4.964173228346457
11
3.0781683858267717
21
-4.9593068110236223
0
LINE
8
BLACK
6
CONTINUOUS
10
3.0781683858267717
20
-4.9593068110236223
11
3.0804052362204724
21
-4.9549167716535436
0
LINE
8
BLACK
6
CONTINUOUS
10
3.0804052362204724
20
-4.9549167716535436
11
3.0838892125984252
21
-4.9514327952755908
0
LINE
8
BLACK
6
CONTINUOUS
10
3.0838892125984252
20
-4.9514327952755908
11
3.0882792519685038
21
-4.9491959448818896
0
LINE
8
BLACK
6
CONTINUOUS
10
3.0882792519685038
20
-4.9491959448818896
11
3.0931456692913386
21
-4.9484251968503932
0
LINE
8
BLACK
6
CONTINUOUS
10
3.0931456692913386
20
-4.9484251968503932
11
3.1088937007874016
21
-4.9484251968503932
0
LINE
8
BLACK
6
CONTINUOUS
10
3.1088937007874016
20
-4.9484251968503932
11
3.1137601181102363
21
-4.9491959448818896
0
LINE
8
BLACK
6
CONTINUOUS
10
3.1787207480314961
20
-4.9491959448818896
11
3.1831107874015747
21
-4.9514327952755908
0
LINE
8
BLACK
6
CONTINUOUS
10
3.1831107874015747
20
-4.9514327952755908
11
3.1865947637795276
21
-4.9549167716535436
0
LINE
8
BLACK
6
CONTINUOUS
10
3.1865947637795276
20
-4.9549167716535436
11
3.1888316141732282
21
-4.9593068110236223
0
LINE
8
BLACK
6
CONTINUOUS
10
3.1888316141732282
20
-4.9593068110236223
11
3.1896023622047243
21
-4.964173228346457
0
LINE
8
BLACK
6
CONTINUOUS
10
3.1896023622047243
20
-4.964173228346457
11
3.1896023622047243
21
-4.9858267716535432
0
LINE
8
BLACK
6
CONTINUOUS
10
3.1896023622047243
20
-4.9858267716535432
11
3.1888316141732282
21
-4.9906931889763779
0
LINE
8
BLACK
6
CONTINUOUS
10
3.1888316141732282
20
-4.9906931889763779
11
3.1865947637795276
21
-4.9950832283464566
0
LINE
8
BLACK
6
CONTINUOUS
10
3.1865947637795276
20
-4.9950832283464566
11
3.1831107874015747
21
-4.9985672047244094
0
LINE
8
BLACK
6
CONTINUOUS
10
3.1831107874015747
20
-4.9985672047244094
11
3.1787207480314961
21
-5.0008040551181105
0
LINE
8
BLACK
6
CONTINUOUS
10
3.1787207480314961
20
-5.0008040551181105
11
3.1738543307086613
21
-5.0015748031496061
0
LINE
8
BLACK
6
CONTINUOUS
10
3.1738543307086613
20
-5.0015748031496061
11
3.1581062992125983
21
-5.0015748031496061
0
LINE
8
BLACK
6
CONTINUOUS
10
3.1581062992125983
20
-5.0015748031496061
11
3.1532398818897636
21
-5.0008040551181105
0
LINE
8
BLACK
6
CONTINUOUS
10
3.1532398818897636
20
-5.0008040551181105
11
3.1488498425196849
21
-4.9985672047244094
0
LINE
8
BLACK
6
CONTINUOUS
10
3.1488498425196849
20
-4.9985672047244094
11
3.1453658661417321
21
-4.9950832283464566
0
LINE
8
BLACK
6
CONTINUOUS
10
3.1453658661417321
20
-4.9950832283464566
11
3.1431290157480314
21
-4.9906931889763779
0
LINE
8
BLACK
6
CONTINUOUS
10
3.1431290157480314
20
-4.9906931889763779
11
3.1423582677165354
21
-4.9858267716535432
0
LINE
8
BLACK
6
CONTINUOUS
10
3.1423582677165354
20
-4.9858267716535432
11
3.1423582677165354
21
-4.964173228346457
0
LINE
8
BLACK
6
CONTINUOUS
10
3.1423582677165354
20
-4.964173228346457
11
3.1431290157480314
21
-4.9593068110236223
0
LINE
8
BLACK
6
CONTINUOUS
10
3.1431290157480314
20
-4.9593068110236223
11
3.1453658661417321
21
-4.9549167716535436
0
LINE
8
BLACK
6
CONTINUOUS
10
3.1453658661417321
20
-4.9549167716535436
11
3.1488498425196849
21
-4.9514327952755908
0
LINE
8
BLACK
6
CONTINUOUS
10
3.1488498425196849
20
-4.9514327952755908
11
3.1532398818897636
21
-4.9491959448818896
0
LINE
8
BLACK
6
CONTINUOUS
10
3.1532398818897636
20
-4.9491959448818896
11
3.1581062992125983
21
-4.9484251968503932
0
LINE
8
BLACK
6
CONTINUOUS
10
3.1581062992125983
20
-4.9484251968503932
11
3.1738543307086613
21
-4.9484251968503932
0
LINE
8
BLACK
6
CONTINUOUS
10
3.1738543307086613
20
-4.9484251968503932
11
3.1787207480314961
21
-4.9491959448818896
0
LINE
8
BLACK
6
CONTINUOUS
10
3.4636362204724409
20
-4.8948757874015749
11
3.4686209055118109
21
-4.8966199999999995
0
LINE
8
BLACK
6
CONTINUOUS
10
3.4686209055118109
20
-4.8966199999999995
11
3.4728699999999999
21
-4.8997559842519687
0
LINE
8
BLACK
6
CONTINUOUS
10
3.4728699999999999
20
-4.8997559842519687
11
3.4760059842519686
21
-4.9040050787401572
0
LINE
8
BLACK
6
CONTINUOUS
10
3.4760059842519686
20
-4.9040050787401572
11
3.4777501968503937
21
-4.9089897637795277
0
LINE
8
BLACK
6
CONTINUOUS
10
3.4777501968503937
20
-4.9089897637795277
11
3.4780590551181101
21
-4.9122834645669293
0
LINE
8
BLACK
6
CONTINUOUS
10
3.4780590551181101
20
-4.9122834645669293
11
3.4780590551181101
21
-4.947716535433071
0
LINE
8
BLACK
6
CONTINUOUS
10
3.4780590551181101
20
-4.947716535433071
11
3.4777501968503937
21
-4.9510102362204726
0
LINE
8
BLACK
6
CONTINUOUS
10
3.4777501968503937
20
-4.9510102362204726
11
3.4760059842519686
21
-4.9559949212598422
0
LINE
8
BLACK
6
CONTINUOUS
10
3.4760059842519686
20
-4.9559949212598422
11
3.4728699999999999
21
-4.9602440157480316
0
LINE
8
BLACK
6
CONTINUOUS
10
3.4728699999999999
20
-4.9602440157480316
11
3.4686209055118109
21
-4.9633799999999999
0
LINE
8
BLACK
6
CONTINUOUS
10
3.4686209055118109
20
-4.9633799999999999
11
3.4636362204724409
21
-4.9651242125984254
0
LINE
8
BLACK
6
CONTINUOUS
10
3.4636362204724409
20
-4.9651242125984254
11
3.4603425196850393
21
-4.9654330708661414
0
LINE
8
BLACK
6
CONTINUOUS
10
3.4603425196850393
20
-4.9654330708661414
11
3.4347519685039369
21
-4.9654330708661414
0
LINE
8
BLACK
6
CONTINUOUS
10
3.4347519685039369
20
-4.9654330708661414
11
3.4314582677165353
21
-4.9651242125984254
0
LINE
8
BLACK
6
CONTINUOUS
10
3.4314582677165353
20
-4.9651242125984254
11
3.4264735826771653
21
-4.9633799999999999
0
LINE
8
BLACK
6
CONTINUOUS
10
3.4264735826771653
20
-4.9633799999999999
11
3.4222244881889763
21
-4.9602440157480316
0
LINE
8
BLACK
6
CONTINUOUS
10
3.4222244881889763
20
-4.9602440157480316
11
3.4190885039370076
21
-4.9559949212598422
0
LINE
8
BLACK
6
CONTINUOUS
10
3.4190885039370076
20
-4.9559949212598422
11
3.4173442913385825
21
-4.9510102362204726
0
LINE
8
BLACK
6
CONTINUOUS
10
3.4173442913385825
20
-4.9510102362204726
11
3.4170354330708661
21
-4.947716535433071
0
LINE
8
BLACK
6
CONTINUOUS
10
3.4170354330708661
20
-4.947716535433071
11
3.4170354330708661
21
-4.9122834645669293
0
LINE
8
BLACK
6
CONTINUOUS
10
3.4170354330708661
20
-4.9122834645669293
11
3.4173442913385825
21
-4.9089897637795277
0
LINE
8
BLACK
6
CONTINUOUS
10
3.4173442913385825
20
-4.9089897637795277
11
3.4190885039370076
21
-4.9040050787401572
0
LINE
8
BLACK
6
CONTINUOUS
10
3.4190885039370076
20
-4.9040050787401572
11
3.4222244881889763
21
-4.8997559842519687
0
LINE
8
BLACK
6
CONTINUOUS
10
3.4222244881889763
20
-4.8997559842519687
11
3.4264735826771653
21
-4.8966199999999995
0
LINE
8
BLACK
6
CONTINUOUS
10
3.4264735826771653
20
-4.8966199999999995
11
3.4314582677165353
21
-4.8948757874015749
0
LINE
8
BLACK
6
CONTINUOUS
10
3.4314582677165353
20
-4.8948757874015749
11
3.4347519685039369
21
-4.894566929133858
0
LINE
8
BLACK
6
CONTINUOUS
10
3.4347519685039369
20
-4.894566929133858
11
3.4603425196850393
21
-4.894566929133858
0
LINE
8
BLACK
6
CONTINUOUS
10
3.4603425196850393
20
-4.894566929133858
11
3.4636362204724409
21
-4.8948757874015749
0
LINE
8
BLACK
6
CONTINUOUS
10
3.5443448818897636
20
-4.8948757874015749
11
3.5493295669291336
21
-4.8966199999999995
0
LINE
8
BLACK
6
CONTINUOUS
10
3.5493295669291336
20
-4.8966199999999995
11
3.5535786614173226
21
-4.8997559842519687
0
LINE
8
BLACK
6
CONTINUOUS
10
3.5535786614173226
20
-4.8997559842519687
11
3.5567146456692913
21
-4.9040050787401572
0
LINE
8
BLACK
6
CONTINUOUS
10
3.5567146456692913
20
-4.9040050787401572
11
3.5584588582677164
21
-4.9089897637795277
0
LINE
8
BLACK
6
CONTINUOUS
10
3.5584588582677164
20
-4.9089897637795277
11
3.5587677165354328
21
-4.9122834645669293
0
LINE
8
BLACK
6
CONTINUOUS
10
3.5587677165354328
20
-4.9122834645669293
11
3.5587677165354328
21
-4.947716535433071
0
LINE
8
BLACK
6
CONTINUOUS
10
3.5587677165354328
20
-4.947716535433071
11
3.5584588582677164
21
-4.9510102362204726
0
LINE
8
BLACK
6
CONTINUOUS
10
3.5584588582677164
20
-4.9510102362204726
11
3.5567146456692913
21
-4.9559949212598422
0
LINE
8
BLACK
6
CONTINUOUS
10
3.5567146456692913
20
-4.9559949212598422
11
3.5535786614173226
21
-4.9602440157480316
0
LINE
8
BLACK
6
CONTINUOUS
10
3.5535786614173226
20
-4.9602440157480316
11
3.5493295669291336
21
-4.9633799999999999
0
LINE
8
BLACK
6
CONTINUOUS
10
3.5493295669291336
20
-4.9633799999999999
11
3.5443448818897636
21
-4.9651242125984254
0
LINE
8
BLACK
6
CONTINUOUS
10
3.5443448818897636
20
-4.9651242125984254
11
3.5410511811023619
21
-4.9654330708661414
0
LINE
8
BLACK
6
CONTINUOUS
10
3.5410511811023619
20
-4.9654330708661414
11
3.5154606299212596
21
-4.9654330708661414
0
LINE
8
BLACK
6
CONTINUOUS
10
3.5154606299212596
20
-4.9654330708661414
11
3.512166929133858
21
-4.9651242125984254
0
LINE
8
BLACK
6
CONTINUOUS
10
3.512166929133858
20
-4.9651242125984254
11
3.507182244094488
21
-4.9633799999999999
0
LINE
8
BLACK
6
CONTINUOUS
10
3.507182244094488
20
-4.9633799999999999
11
3.502933149606299
21
-4.9602440157480316
0
LINE
8
BLACK
6
CONTINUOUS
10
3.502933149606299
20
-4.9602440157480316
11
3.4997971653543307
21
-4.9559949212598422
0
LINE
8
BLACK
6
CONTINUOUS
10
3.4997971653543307
20
-4.9559949212598422
11
3.4980529527559052
21
-4.9510102362204726
0
LINE
8
BLACK
6
CONTINUOUS
10
3.4980529527559052
20
-4.9510102362204726
11
3.4977440944881888
21
-4.947716535433071
0
LINE
8
BLACK
6
CONTINUOUS
10
3.4977440944881888
20
-4.947716535433071
11
3.4977440944881888
21
-4.9122834645669293
0
LINE
8
BLACK
6
CONTINUOUS
10
3.4977440944881888
20
-4.9122834645669293
11
3.4980529527559052
21
-4.9089897637795277
0
LINE
8
BLACK
6
CONTINUOUS
10
3.4980529527559052
20
-4.9089897637795277
11
3.4997971653543307
21
-4.9040050787401572
0
LINE
8
BLACK
6
CONTINUOUS
10
3.4997971653543307
20
-4.9040050787401572
11
3.502933149606299
21
-4.8997559842519687
0
LINE
8
BLACK
6
CONTINUOUS
10
3.502933149606299
20
-4.8997559842519687
11
3.507182244094488
21
-4.8966199999999995
0
LINE
8
BLACK
6
CONTINUOUS
10
3.507182244094488
20
-4.8966199999999995
11
3.512166929133858
21
-4.8948757874015749
0
LINE
8
BLACK
6
CONTINUOUS
10
3.512166929133858
20
-4.8948757874015749
11
3.5154606299212596
21
-4.894566929133858
0
LINE
8
BLACK
6
CONTINUOUS
10
3.5154606299212596
20
-4.894566929133858
11
3.5410511811023619
21
-4.894566929133858
0
LINE
8
BLACK
6
CONTINUOUS
10
3.5410511811023619
20
-4.894566929133858
11
3.5443448818897636
21
-4.8948757874015749
0
LINE
8
BLACK
6
CONTINUOUS
10
3.615260118110236
20
-4.9041959448818897
11
3.619650157480315
21
-4.9064327952755908
0
LINE
8
BLACK
6
CONTINUOUS
10
3.619650157480315
20
-4.9064327952755908
11
3.6231341338582674
21
-4.9099167716535428
0
LINE
8
BLACK
6
CONTINUOUS
10
3.6231341338582674
20
-4.9099167716535428
11
3.6253709842519686
21
-4.9143068110236223
0
LINE
8
BLACK
6
CONTINUOUS
10
3.6253709842519686
20
-4.9143068110236223
11
3.6261417322834646
21
-4.9191732283464562
0
LINE
8
BLACK
6
CONTINUOUS
10
3.6261417322834646
20
-4.9191732283464562
11
3.6261417322834646
21
-4.9408267716535432
0
LINE
8
BLACK
6
CONTINUOUS
10
3.6261417322834646
20
-4.9408267716535432
11
3.6253709842519686
21
-4.945693188976378
0
LINE
8
BLACK
6
CONTINUOUS
10
3.6253709842519686
20
-4.945693188976378
11
3.6231341338582674
21
-4.9500832283464566
0
LINE
8
BLACK
6
CONTINUOUS
10
3.6231341338582674
20
-4.9500832283464566
11
3.619650157480315
21
-4.9535672047244095
0
LINE
8
BLACK
6
CONTINUOUS
10
3.619650157480315
20
-4.9535672047244095
11
3.615260118110236
21
-4.9558040551181097
0
LINE
8
BLACK
6
CONTINUOUS
10
3.615260118110236
20
-4.9558040551181097
11
3.6103937007874016
21
-4.9565748031496062
0
LINE
8
BLACK
6
CONTINUOUS
10
3.6103937007874016
20
-4.9565748031496062
11
3.5946456692913387
21
-4.9565748031496062
0
LINE
8
BLACK
6
CONTINUOUS
10
3.5946456692913387
20
-4.9565748031496062
11
3.5897792519685039
21
-4.9558040551181097
0
LINE
8
BLACK
6
CONTINUOUS
10
3.5897792519685039
20
-4.9558040551181097
11
3.5853892125984252
21
-4.9535672047244095
0
LINE
8
BLACK
6
CONTINUOUS
10
3.5853892125984252
20
-4.9535672047244095
11
3.5819052362204724
21
-4.9500832283464566
0
LINE
8
BLACK
6
CONTINUOUS
10
3.5819052362204724
20
-4.9500832283464566
11
3.5796683858267717
21
-4.945693188976378
0
LINE
8
BLACK
6
CONTINUOUS
10
3.5796683858267717
20
-4.945693188976378
11
3.5788976377952757
21
-4.9408267716535432
0
LINE
8
BLACK
6
CONTINUOUS
10
3.5788976377952757
20
-4.9408267716535432
11
3.5788976377952757
21
-4.9191732283464562
0
LINE
8
BLACK
6
CONTINUOUS
10
3.5788976377952757
20
-4.9191732283464562
11
3.5796683858267717
21
-4.9143068110236223
0
LINE
8
BLACK
6
CONTINUOUS
10
3.5796683858267717
20
-4.9143068110236223
11
3.5819052362204724
21
-4.9099167716535428
0
LINE
8
BLACK
6
CONTINUOUS
10
3.5819052362204724
20
-4.9099167716535428
11
3.5853892125984252
21
-4.9064327952755908
0
LINE
8
BLACK
6
CONTINUOUS
10
3.5853892125984252
20
-4.9064327952755908
11
3.5897792519685039
21
-4.9041959448818897
0
LINE
8
BLACK
6
CONTINUOUS
10
3.5897792519685039
20
-4.9041959448818897
11
3.5946456692913387
21
-4.9034251968503932
0
LINE
8
BLACK
6
CONTINUOUS
10
3.5946456692913387
20
-4.9034251968503932
11
3.6103937007874016
21
-4.9034251968503932
0
LINE
8
BLACK
6
CONTINUOUS
10
3.6103937007874016
20
-4.9034251968503932
11
3.615260118110236
21
-4.9041959448818897
0
LINE
8
BLACK
6
CONTINUOUS
10
3.6802207480314961
20
-4.9041959448818897
11
3.6846107874015748
21
-4.9064327952755908
0
LINE
8
BLACK
6
CONTINUOUS
10
3.6846107874015748
20
-4.9064327952755908
11
3.6880947637795276
21
-4.9099167716535428
0
LINE
8
BLACK
6
CONTINUOUS
10
3.6880947637795276
20
-4.9099167716535428
11
3.6903316141732283
21
-4.9143068110236223
0
LINE
8
BLACK
6
CONTINUOUS
10
3.6903316141732283
20
-4.9143068110236223
11
3.6911023622047243
21
-4.9191732283464562
0
LINE
8
BLACK
6
CONTINUOUS
10
3.6911023622047243
20
-4.9191732283464562
11
3.6911023622047243
21
-4.9408267716535432
0
LINE
8
BLACK
6
CONTINUOUS
10
3.6911023622047243
20
-4.9408267716535432
11
3.6903316141732283
21
-4.945693188976378
0
LINE
8
BLACK
6
CONTINUOUS
10
3.6903316141732283
20
-4.945693188976378
11
3.6880947637795276
21
-4.9500832283464566
0
LINE
8
BLACK
6
CONTINUOUS
10
3.6880947637795276
20
-4.9500832283464566
11
3.6846107874015748
21
-4.9535672047244095
0
LINE
8
BLACK
6
CONTINUOUS
10
3.6846107874015748
20
-4.9535672047244095
11
3.6802207480314961
21
-4.9558040551181097
0
LINE
8
BLACK
6
CONTINUOUS
10
3.6802207480314961
20
-4.9558040551181097
11
3.6753543307086614
21
-4.9565748031496062
0
LINE
8
BLACK
6
CONTINUOUS
10
3.6753543307086614
20
-4.9565748031496062
11
3.6596062992125984
21
-4.9565748031496062
0
LINE
8
BLACK
6
CONTINUOUS
10
3.6596062992125984
20
-4.9565748031496062
11
3.6547398818897636
21
-4.9558040551181097
0
LINE
8
BLACK
6
CONTINUOUS
10
3.6547398818897636
20
-4.9558040551181097
11
3.650349842519685
21
-4.9535672047244095
0
LINE
8
BLACK
6
CONTINUOUS
10
3.650349842519685
20
-4.9535672047244095
11
3.6468658661417321
21
-4.9500832283464566
0
LINE
8
BLACK
6
CONTINUOUS
10
3.6468658661417321
20
-4.9500832283464566
11
3.6446290157480314
21
-4.945693188976378
0
LINE
8
BLACK
6
CONTINUOUS
10
3.6446290157480314
20
-4.945693188976378
11
3.6438582677165354
21
-4.9408267716535432
0
LINE
8
BLACK
6
CONTINUOUS
10
3.6438582677165354
20
-4.9408267716535432
11
3.6438582677165354
21
-4.9191732283464562
0
LINE
8
BLACK
6
CONTINUOUS
10
3.6438582677165354
20
-4.9191732283464562
11
3.6446290157480314
21
-4.9143068110236223
0
LINE
8
BLACK
6
CONTINUOUS
10
3.6446290157480314
20
-4.9143068110236223
11
3.6468658661417321
21
-4.9099167716535428
0
LINE
8
BLACK
6
CONTINUOUS
10
3.6468658661417321
20
-4.9099167716535428
11
3.650349842519685
21
-4.9064327952755908
0
LINE
8
BLACK
6
CONTINUOUS
10
3.650349842519685
20
-4.9064327952755908
11
3.6547398818897636
21
-4.9041959448818897
0
LINE
8
BLACK
6
CONTINUOUS
10
3.6547398818897636
20
-4.9041959448818897
11
3.6596062992125984
21
-4.9034251968503932
0
LINE
8
BLACK
6
CONTINUOUS
10
3.6596062992125984
20
-4.9034251968503932
11
3.6753543307086614
21
-4.9034251968503932
0
LINE
8
BLACK
6
CONTINUOUS
10
3.6753543307086614
20
-4.9034251968503932
11
3.6802207480314961
21
-4.9041959448818897
0
LINE
8
BLACK
6
CONTINUOUS
10
3.7352601181102361
20
-4.9041959448818897
11
3.7396501574803147
21
-4.9064327952755908
0
LINE
8
BLACK
6
CONTINUOUS
10
3.7396501574803147
20
-4.9064327952755908
11
3.7431341338582675
21
-4.9099167716535428
0
LINE
8
BLACK
6
CONTINUOUS
10
3.7431341338582675
20
-4.9099167716535428
11
3.7453709842519682
21
-4.9143068110236223
0
LINE
8
BLACK
6
CONTINUOUS
10
3.7453709842519682
20
-4.9143068110236223
11
3.7461417322834647
21
-4.9191732283464562
0
LINE
8
BLACK
6
CONTINUOUS
10
3.7461417322834647
20
-4.9191732283464562
11
3.7461417322834647
21
-4.9408267716535432
0
LINE
8
BLACK
6
CONTINUOUS
10
3.7461417322834647
20
-4.9408267716535432
11
3.7453709842519682
21
-4.945693188976378
0
LINE
8
BLACK
6
CONTINUOUS
10
3.7453709842519682
20
-4.945693188976378
11
3.7431341338582675
21
-4.9500832283464566
0
LINE
8
BLACK
6
CONTINUOUS
10
3.7431341338582675
20
-4.9500832283464566
11
3.7396501574803147
21
-4.9535672047244095
0
LINE
8
BLACK
6
CONTINUOUS
10
3.7396501574803147
20
-4.9535672047244095
11
3.7352601181102361
21
-4.9558040551181097
0
LINE
8
BLACK
6
CONTINUOUS
10
3.7352601181102361
20
-4.9558040551181097
11
3.7303937007874013
21
-4.9565748031496062
0
LINE
8
BLACK
6
CONTINUOUS
10
3.7303937007874013
20
-4.9565748031496062
11
3.7146456692913383
21
-4.9565748031496062
0
LINE
8
BLACK
6
CONTINUOUS
10
3.7146456692913383
20
-4.9565748031496062
11
3.709779251968504
21
-4.9558040551181097
0
LINE
8
BLACK
6
CONTINUOUS
10
3.709779251968504
20
-4.9558040551181097
11
3.7053892125984249
21
-4.9535672047244095
0
LINE
8
BLACK
6
CONTINUOUS
10
3.7053892125984249
20
-4.9535672047244095
11
3.7019052362204725
21
-4.9500832283464566
0
LINE
8
BLACK
6
CONTINUOUS
10
3.7019052362204725
20
-4.9500832283464566
11
3.6996683858267714
21
-4.945693188976378
0
LINE
8
BLACK
6
CONTINUOUS
10
3.6996683858267714
20
-4.945693188976378
11
3.6988976377952754
21
-4.9408267716535432
0
LINE
8
BLACK
6
CONTINUOUS
10
3.6988976377952754
20
-4.9408267716535432
11
3.6988976377952754
21
-4.9191732283464562
0
LINE
8
BLACK
6
CONTINUOUS
10
3.6988976377952754
20
-4.9191732283464562
11
3.6996683858267714
21
-4.9143068110236223
0
LINE
8
BLACK
6
CONTINUOUS
10
3.6996683858267714
20
-4.9143068110236223
11
3.7019052362204725
21
-4.9099167716535428
0
LINE
8
BLACK
6
CONTINUOUS
10
3.7019052362204725
20
-4.9099167716535428
11
3.7053892125984249
21
-4.9064327952755908
0
LINE
8
BLACK
6
CONTINUOUS
10
3.7053892125984249
20
-4.9064327952755908
11
3.709779251968504
21
-4.9041959448818897
0
LINE
8
BLACK
6
CONTINUOUS
10
3.709779251968504
20
-4.9041959448818897
11
3.7146456692913383
21
-4.9034251968503932
0
LINE
8
BLACK
6
CONTINUOUS
10
3.7146456692913383
20
-4.9034251968503932
11
3.7303937007874013
21
-4.9034251968503932
0
LINE
8
BLACK
6
CONTINUOUS
10
3.7303937007874013
20
-4.9034251968503932
11
3.7352601181102361
21
-4.9041959448818897
0
LINE
8
BLACK
6
CONTINUOUS
10
3.8002207480314958
20
-4.9041959448818897
11
3.8046107874015749
21
-4.9064327952755908
0
LINE
8
BLACK
6
CONTINUOUS
10
3.8046107874015749
20
-4.9064327952755908
11
3.8080947637795273
21
-4.9099167716535428
0
LINE
8
BLACK
6
CONTINUOUS
10
3.8080947637795273
20
-4.9099167716535428
11
3.8103316141732284
21
-4.9143068110236223
0
LINE
8
BLACK
6
CONTINUOUS
10
3.8103316141732284
20
-4.9143068110236223
11
3.8111023622047244
21
-4.9191732283464562
0
LINE
8
BLACK
6
CONTINUOUS
10
3.8111023622047244
20
-4.9191732283464562
11
3.8111023622047244
21
-4.9408267716535432
0
LINE
8
BLACK
6
CONTINUOUS
10
3.8111023622047244
20
-4.9408267716535432
11
3.8103316141732284
21
-4.945693188976378
0
LINE
8
BLACK
6
CONTINUOUS
10
3.8103316141732284
20
-4.945693188976378
11
3.8080947637795273
21
-4.9500832283464566
0
LINE
8
BLACK
6
CONTINUOUS
10
3.8080947637795273
20
-4.9500832283464566
11
3.8046107874015749
21
-4.9535672047244095
0
LINE
8
BLACK
6
CONTINUOUS
10
3.8046107874015749
20
-4.9535672047244095
11
3.8002207480314958
21
-4.9558040551181097
0
LINE
8
BLACK
6
CONTINUOUS
10
3.8002207480314958
20
-4.9558040551181097
11
3.7953543307086615
21
-4.9565748031496062
0
LINE
8
BLACK
6
CONTINUOUS
10
3.7953543307086615
20
-4.9565748031496062
11
3.7796062992125985
21
-4.9565748031496062
0
LINE
8
BLACK
6
CONTINUOUS
10
3.7796062992125985
20
-4.9565748031496062
11
3.7747398818897637
21
-4.9558040551181097
0
LINE
8
BLACK
6
CONTINUOUS
10
3.7747398818897637
20
-4.9558040551181097
11
3.7703498425196851
21
-4.9535672047244095
0
LINE
8
BLACK
6
CONTINUOUS
10
3.7703498425196851
20
-4.9535672047244095
11
3.7668658661417322
21
-4.9500832283464566
0
LINE
8
BLACK
6
CONTINUOUS
10
3.7668658661417322
20
-4.9500832283464566
11
3.7646290157480315
21
-4.945693188976378
0
LINE
8
BLACK
6
CONTINUOUS
10
3.7646290157480315
20
-4.945693188976378
11
3.7638582677165355
21
-4.9408267716535432
0
LINE
8
BLACK
6
CONTINUOUS
10
3.7638582677165355
20
-4.9408267716535432
11
3.7638582677165355
21
-4.9191732283464562
0
LINE
8
BLACK
6
CONTINUOUS
10
3.7638582677165355
20
-4.9191732283464562
11
3.7646290157480315
21
-4.9143068110236223
0
LINE
8
BLACK
6
CONTINUOUS
10
3.7646290157480315
20
-4.9143068110236223
11
3.7668658661417322
21
-4.9099167716535428
0
LINE
8
BLACK
6
CONTINUOUS
10
3.7668658661417322
20
-4.9099167716535428
11
3.7703498425196851
21
-4.9064327952755908
0
LINE
8
BLACK
6
CONTINUOUS
10
3.7703498425196851
20
-4.9064327952755908
11
3.7747398818897637
21
-4.9041959448818897
0
LINE
8
BLACK
6
CONTINUOUS
10
3.7747398818897637
20
-4.9041959448818897
11
3.7796062992125985
21
-4.9034251968503932
0
LINE
8
BLACK
6
CONTINUOUS
10
3.7796062992125985
20
-4.9034251968503932
11
3.7953543307086615
21
-4.9034251968503932
0
LINE
8
BLACK
6
CONTINUOUS
10
3.7953543307086615
20
-4.9034251968503932
11
3.8002207480314958
21
-4.9041959448818897
0
LINE
8
BLACK
6
CONTINUOUS
10
2.9630130708661415
20
-4.8807401968503932
11
2.9676775196850391
21
-4.8831168503937006
0
LINE
8
BLACK
6
CONTINUOUS
10
2.9676775196850391
20
-4.8831168503937006
11
2.9713792125984253
21
-4.8868185433070863
0
LINE
8
BLACK
6
CONTINUOUS
10
2.9713792125984253
20
-4.8868185433070863
11
2.9737558661417323
21
-4.8914829921259839
0
LINE
8
BLACK
6
CONTINUOUS
10
2.9737558661417323
20
-4.8914829921259839
11
2.9745748031496064
21
-4.8966535433070861
0
LINE
8
BLACK
6
CONTINUOUS
10
2.9745748031496064
20
-4.8966535433070861
11
2.9745748031496064
21
-4.9143700787401574
0
LINE
8
BLACK
6
CONTINUOUS
10
2.9745748031496064
20
-4.9143700787401574
11
2.9737558661417323
21
-4.9195406299212596
0
LINE
8
BLACK
6
CONTINUOUS
10
2.9737558661417323
20
-4.9195406299212596
11
2.9713792125984253
21
-4.9242050787401572
0
LINE
8
BLACK
6
CONTINUOUS
10
2.9713792125984253
20
-4.9242050787401572
11
2.9676775196850391
21
-4.927906771653543
0
LINE
8
BLACK
6
CONTINUOUS
10
2.9676775196850391
20
-4.927906771653543
11
2.9630130708661415
21
-4.9302834251968504
0
LINE
8
BLACK
6
CONTINUOUS
10
2.9630130708661415
20
-4.9302834251968504
11
2.9578425196850393
21
-4.9311023622047241
0
LINE
8
BLACK
6
CONTINUOUS
10
2.9578425196850393
20
-4.9311023622047241
11
2.9381574803149606
21
-4.9311023622047241
0
LINE
8
BLACK
6
CONTINUOUS
10
2.9381574803149606
20
-4.9311023622047241
11
2.9329869291338584
21
-4.9302834251968504
0
LINE
8
BLACK
6
CONTINUOUS
10
2.9329869291338584
20
-4.9302834251968504
11
2.9283224803149608
21
-4.927906771653543
0
LINE
8
BLACK
6
CONTINUOUS
10
2.9283224803149608
20
-4.927906771653543
11
2.9246207874015746
21
-4.9242050787401572
0
LINE
8
BLACK
6
CONTINUOUS
10
2.9246207874015746
20
-4.9242050787401572
11
2.9222441338582676
21
-4.9195406299212596
0
LINE
8
BLACK
6
CONTINUOUS
10
2.9222441338582676
20
-4.9195406299212596
11
2.9214251968503935
21
-4.9143700787401574
0
LINE
8
BLACK
6
CONTINUOUS
10
2.9214251968503935
20
-4.9143700787401574
11
2.9214251968503935
21
-4.8966535433070861
0
LINE
8
BLACK
6
CONTINUOUS
10
2.9214251968503935
20
-4.8966535433070861
11
2.9222441338582676
21
-4.8914829921259839
0
LINE
8
BLACK
6
CONTINUOUS
10
2.9222441338582676
20
-4.8914829921259839
11
2.9246207874015746
21
-4.8868185433070863
0
LINE
8
BLACK
6
CONTINUOUS
10
2.9246207874015746
20
-4.8868185433070863
11
2.9283224803149608
21
-4.8831168503937006
0
LINE
8
BLACK
6
CONTINUOUS
10
2.9283224803149608
20
-4.8831168503937006
11
2.9329869291338584
21
-4.8807401968503932
0
LINE
8
BLACK
6
CONTINUOUS
10
2.9329869291338584
20
-4.8807401968503932
11
2.9381574803149606
21
-4.8799212598425195
0
LINE
8
BLACK
6
CONTINUOUS
10
2.9381574803149606
20
-4.8799212598425195
11
2.9578425196850393
21
-4.8799212598425195
0
LINE
8
BLACK
6
CONTINUOUS
10
2.9578425196850393
20
-4.8799212598425195
11
2.9630130708661415
21
-4.8807401968503932
0
LINE
8
BLACK
6
CONTINUOUS
10
3.0330130708661418
20
-4.8807401968503932
11
3.0376775196850394
21
-4.8831168503937006
0
LINE
8
BLACK
6
CONTINUOUS
10
3.0376775196850394
20
-4.8831168503937006
11
3.0413792125984251
21
-4.8868185433070863
0
LINE
8
BLACK
6
CONTINUOUS
10
3.0413792125984251
20
-4.8868185433070863
11
3.0437558661417321
21
-4.8914829921259839
0
LINE
8
BLACK
6
CONTINUOUS
10
3.0437558661417321
20
-4.8914829921259839
11
3.0445748031496063
21
-4.8966535433070861
0
LINE
8
BLACK
6
CONTINUOUS
10
3.0445748031496063
20
-4.8966535433070861
11
3.0445748031496063
21
-4.9143700787401574
0
LINE
8
BLACK
6
CONTINUOUS
10
3.0445748031496063
20
-4.9143700787401574
11
3.0437558661417321
21
-4.9195406299212596
0
LINE
8
BLACK
6
CONTINUOUS
10
3.0437558661417321
20
-4.9195406299212596
11
3.0413792125984251
21
-4.9242050787401572
0
LINE
8
BLACK
6
CONTINUOUS
10
3.0413792125984251
20
-4.9242050787401572
11
3.0376775196850394
21
-4.927906771653543
0
LINE
8
BLACK
6
CONTINUOUS
10
3.0376775196850394
20
-4.927906771653543
11
3.0330130708661418
21
-4.9302834251968504
0
LINE
8
BLACK
6
CONTINUOUS
10
3.0330130708661418
20
-4.9302834251968504
11
3.0278425196850391
21
-4.9311023622047241
0
LINE
8
BLACK
6
CONTINUOUS
10
3.0278425196850391
20
-4.9311023622047241
11
3.0081574803149604
21
-4.9311023622047241
0
LINE
8
BLACK
6
CONTINUOUS
10
3.0081574803149604
20
-4.9311023622047241
11
3.0029869291338582
21
-4.9302834251968504
0
LINE
8
BLACK
6
CONTINUOUS
10
3.0029869291338582
20
-4.9302834251968504
11
2.9983224803149606
21
-4.927906771653543
0
LINE
8
BLACK
6
CONTINUOUS
10
2.9983224803149606
20
-4.927906771653543
11
2.9946207874015749
21
-4.9242050787401572
0
LINE
8
BLACK
6
CONTINUOUS
10
2.9946207874015749
20
-4.9242050787401572
11
2.9922441338582675
21
-4.9195406299212596
0
LINE
8
BLACK
6
CONTINUOUS
10
2.9922441338582675
20
-4.9195406299212596
11
2.9914251968503938
21
-4.9143700787401574
0
LINE
8
BLACK
6
CONTINUOUS
10
2.9914251968503938
20
-4.9143700787401574
11
2.9914251968503938
21
-4.8966535433070861
0
LINE
8
BLACK
6
CONTINUOUS
10
2.9914251968503938
20
-4.8966535433070861
11
2.9922441338582675
21
-4.8914829921259839
0
LINE
8
BLACK
6
CONTINUOUS
10
2.9922441338582675
20
-4.8914829921259839
11
2.9946207874015749
21
-4.8868185433070863
0
LINE
8
BLACK
6
CONTINUOUS
10
2.9946207874015749
20
-4.8868185433070863
11
2.9983224803149606
21
-4.8831168503937006
0
LINE
8
BLACK
6
CONTINUOUS
10
2.9983224803149606
20
-4.8831168503937006
11
3.0029869291338582
21
-4.8807401968503932
0
LINE
8
BLACK
6
CONTINUOUS
10
3.0029869291338582
20
-4.8807401968503932
11
3.0081574803149604
21
-4.8799212598425195
0
LINE
8
BLACK
6
CONTINUOUS
10
3.0081574803149604
20
-4.8799212598425195
11
3.0278425196850391
21
-4.8799212598425195
0
LINE
8
BLACK
6
CONTINUOUS
10
3.0278425196850391
20
-4.8799212598425195
11
3.0330130708661418
21
-4.8807401968503932
0
LINE
8
BLACK
6
CONTINUOUS
10
3.1135130708661416
20
-4.8807401968503932
11
3.1181775196850392
21
-4.8831168503937006
0
LINE
8
BLACK
6
CONTINUOUS
10
3.1181775196850392
20
-4.8831168503937006
11
3.1218792125984249
21
-4.8868185433070863
0
LINE
8
BLACK
6
CONTINUOUS
10
3.1218792125984249
20
-4.8868185433070863
11
3.1242558661417323
21
-4.8914829921259839
0
LINE
8
BLACK
6
CONTINUOUS
10
3.1242558661417323
20
-4.8914829921259839
11
3.1250748031496061
21
-4.8966535433070861
0
LINE
8
BLACK
6
CONTINUOUS
10
3.1250748031496061
20
-4.8966535433070861
11
3.1250748031496061
21
-4.9143700787401574
0
LINE
8
BLACK
6
CONTINUOUS
10
3.1250748031496061
20
-4.9143700787401574
11
3.1242558661417323
21
-4.9195406299212596
0
LINE
8
BLACK
6
CONTINUOUS
10
3.1242558661417323
20
-4.9195406299212596
11
3.1218792125984249
21
-4.9242050787401572
0
LINE
8
BLACK
6
CONTINUOUS
10
3.1218792125984249
20
-4.9242050787401572
11
3.1181775196850392
21
-4.927906771653543
0
LINE
8
BLACK
6
CONTINUOUS
10
3.1181775196850392
20
-4.927906771653543
11
3.1135130708661416
21
-4.9302834251968504
0
LINE
8
BLACK
6
CONTINUOUS
10
3.1135130708661416
20
-4.9302834251968504
11
3.1083425196850394
21
-4.9311023622047241
0
LINE
8
BLACK
6
CONTINUOUS
10
3.1083425196850394
20
-4.9311023622047241
11
3.0886574803149607
21
-4.9311023622047241
0
LINE
8
BLACK
6
CONTINUOUS
10
3.0886574803149607
20
-4.9311023622047241
11
3.083486929133858
21
-4.9302834251968504
0
LINE
8
BLACK
6
CONTINUOUS
10
3.083486929133858
20
-4.9302834251968504
11
3.0788224803149604
21
-4.927906771653543
0
LINE
8
BLACK
6
CONTINUOUS
10
3.0788224803149604
20
-4.927906771653543
11
3.0751207874015747
21
-4.9242050787401572
0
LINE
8
BLACK
6
CONTINUOUS
10
3.0751207874015747
20
-4.9242050787401572
11
3.0727441338582677
21
-4.9195406299212596
0
LINE
8
BLACK
6
CONTINUOUS
10
3.0727441338582677
20
-4.9195406299212596
11
3.0719251968503936
21
-4.9143700787401574
0
LINE
8
BLACK
6
CONTINUOUS
10
3.0719251968503936
20
-4.9143700787401574
11
3.0719251968503936
21
-4.8966535433070861
0
LINE
8
BLACK
6
CONTINUOUS
10
3.0719251968503936
20
-4.8966535433070861
11
3.0727441338582677
21
-4.8914829921259839
0
LINE
8
BLACK
6
CONTINUOUS
10
3.0727441338582677
20
-4.8914829921259839
11
3.0751207874015747
21
-4.8868185433070863
0
LINE
8
BLACK
6
CONTINUOUS
10
3.0751207874015747
20
-4.8868185433070863
11
3.0788224803149604
21
-4.8831168503937006
0
LINE
8
BLACK
6
CONTINUOUS
10
3.0788224803149604
20
-4.8831168503937006
11
3.083486929133858
21
-4.8807401968503932
0
LINE
8
BLACK
6
CONTINUOUS
10
3.083486929133858
20
-4.8807401968503932
11
3.0886574803149607
21
-4.8799212598425195
0
LINE
8
BLACK
6
CONTINUOUS
10
3.0886574803149607
20
-4.8799212598425195
11
3.1083425196850394
21
-4.8799212598425195
0
LINE
8
BLACK
6
CONTINUOUS
10
3.1083425196850394
20
-4.8799212598425195
11
3.1135130708661416
21
-4.8807401968503932
0
LINE
8
BLACK
6
CONTINUOUS
10
3.1835130708661419
20
-4.8807401968503932
11
3.1881775196850395
21
-4.8831168503937006
0
LINE
8
BLACK
6
CONTINUOUS
10
3.1881775196850395
20
-4.8831168503937006
11
3.1918792125984252
21
-4.8868185433070863
0
LINE
8
BLACK
6
CONTINUOUS
10
3.1918792125984252
20
-4.8868185433070863
11
3.1942558661417322
21
-4.8914829921259839
0
LINE
8
BLACK
6
CONTINUOUS
10
3.1942558661417322
20
-4.8914829921259839
11
3.1950748031496063
21
-4.8966535433070861
0
LINE
8
BLACK
6
CONTINUOUS
10
3.1950748031496063
20
-4.8966535433070861
11
3.1950748031496063
21
-4.9143700787401574
0
LINE
8
BLACK
6
CONTINUOUS
10
3.1950748031496063
20
-4.9143700787401574
11
3.1942558661417322
21
-4.9195406299212596
0
LINE
8
BLACK
6
CONTINUOUS
10
3.1942558661417322
20
-4.9195406299212596
11
3.1918792125984252
21
-4.9242050787401572
0
LINE
8
BLACK
6
CONTINUOUS
10
3.1918792125984252
20
-4.9242050787401572
11
3.1881775196850395
21
-4.927906771653543
0
LINE
8
BLACK
6
CONTINUOUS
10
3.1881775196850395
20
-4.927906771653543
11
3.1835130708661419
21
-4.9302834251968504
0
LINE
8
BLACK
6
CONTINUOUS
10
3.1835130708661419
20
-4.9302834251968504
11
3.1783425196850392
21
-4.9311023622047241
0
LINE
8
BLACK
6
CONTINUOUS
10
3.1783425196850392
20
-4.9311023622047241
11
3.1586574803149605
21
-4.9311023622047241
0
LINE
8
BLACK
6
CONTINUOUS
10
3.1586574803149605
20
-4.9311023622047241
11
3.1534869291338583
21
-4.9302834251968504
0
LINE
8
BLACK
6
CONTINUOUS
10
3.1534869291338583
20
-4.9302834251968504
11
3.1488224803149607
21
-4.927906771653543
0
LINE
8
BLACK
6
CONTINUOUS
10
3.1488224803149607
20
-4.927906771653543
11
3.1451207874015745
21
-4.9242050787401572
0
LINE
8
BLACK
6
CONTINUOUS
10
3.1451207874015745
20
-4.9242050787401572
11
3.1427441338582676
21
-4.9195406299212596
0
LINE
8
BLACK
6
CONTINUOUS
10
3.1427441338582676
20
-4.9195406299212596
11
3.1419251968503938
21
-4.9143700787401574
0
LINE
8
BLACK
6
CONTINUOUS
10
3.1419251968503938
20
-4.9143700787401574
11
3.1419251968503938
21
-4.8966535433070861
0
LINE
8
BLACK
6
CONTINUOUS
10
3.1419251968503938
20
-4.8966535433070861
11
3.1427441338582676
21
-4.8914829921259839
0
LINE
8
BLACK
6
CONTINUOUS
10
3.1427441338582676
20
-4.8914829921259839
11
3.1451207874015745
21
-4.8868185433070863
0
LINE
8
BLACK
6
CONTINUOUS
10
3.1451207874015745
20
-4.8868185433070863
11
3.1488224803149607
21
-4.8831168503937006
0
LINE
8
BLACK
6
CONTINUOUS
10
3.1488224803149607
20
-4.8831168503937006
11
3.1534869291338583
21
-4.8807401968503932
0
LINE
8
BLACK
6
CONTINUOUS
10
3.1534869291338583
20
-4.8807401968503932
11
3.1586574803149605
21
-4.8799212598425195
0
LINE
8
BLACK
6
CONTINUOUS
10
3.1586574803149605
20
-4.8799212598425195
11
3.1783425196850392
21
-4.8799212598425195
0
LINE
8
BLACK
6
CONTINUOUS
10
3.1783425196850392
20
-4.8799212598425195
11
3.1835130708661419
21
-4.8807401968503932
0
LINE
8
BLACK
6
CONTINUOUS
10
3.6725130708661418
20
-4.8357401968503932
11
3.6771775196850394
21
-4.8381168503937007
0
LINE
8
BLACK
6
CONTINUOUS
10
3.6771775196850394
20
-4.8381168503937007
11
3.6808792125984251
21
-4.8418185433070864
0
LINE
8
BLACK
6
CONTINUOUS
10
3.6808792125984251
20
-4.8418185433070864
11
3.6832558661417321
21
-4.846482992125984
0
LINE
8
BLACK
6
CONTINUOUS
10
3.6832558661417321
20
-4.846482992125984
11
3.6840748031496062
21
-4.8516535433070862
0
LINE
8
BLACK
6
CONTINUOUS
10
3.6840748031496062
20
-4.8516535433070862
11
3.6840748031496062
21
-4.8693700787401575
0
LINE
8
BLACK
6
CONTINUOUS
10
3.6840748031496062
20
-4.8693700787401575
11
3.6832558661417321
21
-4.8745406299212597
0
LINE
8
BLACK
6
CONTINUOUS
10
3.6832558661417321
20
-4.8745406299212597
11
3.6808792125984251
21
-4.8792050787401573
0
LINE
8
BLACK
6
CONTINUOUS
10
3.6808792125984251
20
-4.8792050787401573
11
3.6771775196850394
21
-4.882906771653543
0
LINE
8
BLACK
6
CONTINUOUS
10
3.6771775196850394
20
-4.882906771653543
11
3.6725130708661418
21
-4.8852834251968504
0
LINE
8
BLACK
6
CONTINUOUS
10
3.6725130708661418
20
-4.8852834251968504
11
3.6673425196850391
21
-4.8861023622047242
0
LINE
8
BLACK
6
CONTINUOUS
10
3.6673425196850391
20
-4.8861023622047242
11
3.6476574803149604
21
-4.8861023622047242
0
LINE
8
BLACK
6
CONTINUOUS
10
3.6476574803149604
20
-4.8861023622047242
11
3.6424869291338582
21
-4.8852834251968504
0
LINE
8
BLACK
6
CONTINUOUS
10
3.6424869291338582
20
-4.8852834251968504
11
3.6378224803149606
21
-4.882906771653543
0
LINE
8
BLACK
6
CONTINUOUS
10
3.6378224803149606
20
-4.882906771653543
11
3.6341207874015748
21
-4.8792050787401573
0
LINE
8
BLACK
6
CONTINUOUS
10
3.6341207874015748
20
-4.8792050787401573
11
3.6317441338582674
21
-4.8745406299212597
0
LINE
8
BLACK
6
CONTINUOUS
10
3.6317441338582674
20
-4.8745406299212597
11
3.6309251968503937
21
-4.8693700787401575
0
LINE
8
BLACK
6
CONTINUOUS
10
3.6309251968503937
20
-4.8693700787401575
11
3.6309251968503937
21
-4.8516535433070862
0
LINE
8
BLACK
6
CONTINUOUS
10
3.6309251968503937
20
-4.8516535433070862
11
3.6317441338582674
21
-4.846482992125984
0
LINE
8
BLACK
6
CONTINUOUS
10
3.6317441338582674
20
-4.846482992125984
11
3.6341207874015748
21
-4.8418185433070864
0
LINE
8
BLACK
6
CONTINUOUS
10
3.6341207874015748
20
-4.8418185433070864
11
3.6378224803149606
21
-4.8381168503937007
0
LINE
8
BLACK
6
CONTINUOUS
10
3.6378224803149606
20
-4.8381168503937007
11
3.6424869291338582
21
-4.8357401968503932
0
LINE
8
BLACK
6
CONTINUOUS
10
3.6424869291338582
20
-4.8357401968503932
11
3.6476574803149604
21
-4.8349212598425195
0
LINE
8
BLACK
6
CONTINUOUS
10
3.6476574803149604
20
-4.8349212598425195
11
3.6673425196850391
21
-4.8349212598425195
0
LINE
8
BLACK
6
CONTINUOUS
10
3.6673425196850391
20
-4.8349212598425195
11
3.6725130708661418
21
-4.8357401968503932
0
LINE
8
BLACK
6
CONTINUOUS
10
3.7475130708661415
20
-4.8357401968503932
11
3.7521775196850391
21
-4.8381168503937007
0
LINE
8
BLACK
6
CONTINUOUS
10
3.7521775196850391
20
-4.8381168503937007
11
3.7558792125984253
21
-4.8418185433070864
0
LINE
8
BLACK
6
CONTINUOUS
10
3.7558792125984253
20
-4.8418185433070864
11
3.7582558661417322
21
-4.846482992125984
0
LINE
8
BLACK
6
CONTINUOUS
10
3.7582558661417322
20
-4.846482992125984
11
3.7590748031496064
21
-4.8516535433070862
0
LINE
8
BLACK
6
CONTINUOUS
10
3.7590748031496064
20
-4.8516535433070862
11
3.7590748031496064
21
-4.8693700787401575
0
LINE
8
BLACK
6
CONTINUOUS
10
3.7590748031496064
20
-4.8693700787401575
11
3.7582558661417322
21
-4.8745406299212597
0
LINE
8
BLACK
6
CONTINUOUS
10
3.7582558661417322
20
-4.8745406299212597
11
3.7558792125984253
21
-4.8792050787401573
0
LINE
8
BLACK
6
CONTINUOUS
10
3.7558792125984253
20
-4.8792050787401573
11
3.7521775196850391
21
-4.882906771653543
0
LINE
8
BLACK
6
CONTINUOUS
10
3.7521775196850391
20
-4.882906771653543
11
3.7475130708661415
21
-4.8852834251968504
0
LINE
8
BLACK
6
CONTINUOUS
10
3.7475130708661415
20
-4.8852834251968504
11
3.7423425196850393
21
-4.8861023622047242
0
LINE
8
BLACK
6
CONTINUOUS
10
3.7423425196850393
20
-4.8861023622047242
11
3.7226574803149606
21
-4.8861023622047242
0
LINE
8
BLACK
6
CONTINUOUS
10
3.7226574803149606
20
-4.8861023622047242
11
3.7174869291338584
21
-4.8852834251968504
0
LINE
8
BLACK
6
CONTINUOUS
10
3.7174869291338584
20
-4.8852834251968504
11
3.7128224803149608
21
-4.882906771653543
0
LINE
8
BLACK
6
CONTINUOUS
10
3.7128224803149608
20
-4.882906771653543
11
3.7091207874015746
21
-4.8792050787401573
0
LINE
8
BLACK
6
CONTINUOUS
10
3.7091207874015746
20
-4.8792050787401573
11
3.7067441338582676
21
-4.8745406299212597
0
LINE
8
BLACK
6
CONTINUOUS
10
3.7067441338582676
20
-4.8745406299212597
11
3.7059251968503935
21
-4.8693700787401575
0
LINE
8
BLACK
6
CONTINUOUS
10
3.7059251968503935
20
-4.8693700787401575
11
3.7059251968503935
21
-4.8516535433070862
0
LINE
8
BLACK
6
CONTINUOUS
10
3.7059251968503935
20
-4.8516535433070862
11
3.7067441338582676
21
-4.846482992125984
0
LINE
8
BLACK
6
CONTINUOUS
10
3.7067441338582676
20
-4.846482992125984
11
3.7091207874015746
21
-4.8418185433070864
0
LINE
8
BLACK
6
CONTINUOUS
10
3.7091207874015746
20
-4.8418185433070864
11
3.7128224803149608
21
-4.8381168503937007
0
LINE
8
BLACK
6
CONTINUOUS
10
3.7128224803149608
20
-4.8381168503937007
11
3.7174869291338584
21
-4.8357401968503932
0
LINE
8
BLACK
6
CONTINUOUS
10
3.7174869291338584
20
-4.8357401968503932
11
3.7226574803149606
21
-4.8349212598425195
0
LINE
8
BLACK
6
CONTINUOUS
10
3.7226574803149606
20
-4.8349212598425195
11
3.7423425196850393
21
-4.8349212598425195
0
LINE
8
BLACK
6
CONTINUOUS
10
3.7423425196850393
20
-4.8349212598425195
11
3.7475130708661415
21
-4.8357401968503932
0
LINE
8
BLACK
6
CONTINUOUS
10
2.9630130708661415
20
-4.8197165748031496
11
2.9676775196850391
21
-4.8220932283464562
0
LINE
8
BLACK
6
CONTINUOUS
10
2.9676775196850391
20
-4.8220932283464562
11
2.9713792125984253
21
-4.8257949212598428
0
LINE
8
BLACK
6
CONTINUOUS
10
2.9713792125984253
20
-4.8257949212598428
11
2.9737558661417323
21
-4.8304593700787404
0
LINE
8
BLACK
6
CONTINUOUS
10
2.9737558661417323
20
-4.8304593700787404
11
2.9745748031496064
21
-4.8356299212598426
0
LINE
8
BLACK
6
CONTINUOUS
10
2.9745748031496064
20
-4.8356299212598426
11
2.9745748031496064
21
-4.853346456692913
0
LINE
8
BLACK
6
CONTINUOUS
10
2.9745748031496064
20
-4.853346456692913
11
2.9737558661417323
21
-4.8585170078740161
0
LINE
8
BLACK
6
CONTINUOUS
10
2.9737558661417323
20
-4.8585170078740161
11
2.9713792125984253
21
-4.8631814566929137
0
LINE
8
BLACK
6
CONTINUOUS
10
2.9713792125984253
20
-4.8631814566929137
11
2.9676775196850391
21
-4.8668831496062994
0
LINE
8
BLACK
6
CONTINUOUS
10
2.9676775196850391
20
-4.8668831496062994
11
2.9630130708661415
21
-4.8692598031496059
0
LINE
8
BLACK
6
CONTINUOUS
10
2.9630130708661415
20
-4.8692598031496059
11
2.9578425196850393
21
-4.8700787401574805
0
LINE
8
BLACK
6
CONTINUOUS
10
2.9578425196850393
20
-4.8700787401574805
11
2.9381574803149606
21
-4.8700787401574805
0
LINE
8
BLACK
6
CONTINUOUS
10
2.9381574803149606
20
-4.8700787401574805
11
2.9329869291338584
21
-4.8692598031496059
0
LINE
8
BLACK
6
CONTINUOUS
10
2.9329869291338584
20
-4.8692598031496059
11
2.9283224803149608
21
-4.8668831496062994
0
LINE
8
BLACK
6
CONTINUOUS
10
2.9283224803149608
20
-4.8668831496062994
11
2.9246207874015746
21
-4.8631814566929137
0
LINE
8
BLACK
6
CONTINUOUS
10
2.9246207874015746
20
-4.8631814566929137
11
2.9222441338582676
21
-4.8585170078740161
0
LINE
8
BLACK
6
CONTINUOUS
10
2.9222441338582676
20
-4.8585170078740161
11
2.9214251968503935
21
-4.853346456692913
0
LINE
8
BLACK
6
CONTINUOUS
10
2.9214251968503935
20
-4.853346456692913
11
2.9214251968503935
21
-4.8356299212598426
0
LINE
8
BLACK
6
CONTINUOUS
10
2.9214251968503935
20
-4.8356299212598426
11
2.9222441338582676
21
-4.8304593700787404
0
LINE
8
BLACK
6
CONTINUOUS
10
2.9222441338582676
20
-4.8304593700787404
11
2.9246207874015746
21
-4.8257949212598428
0
LINE
8
BLACK
6
CONTINUOUS
10
2.9246207874015746
20
-4.8257949212598428
11
2.9283224803149608
21
-4.8220932283464562
0
LINE
8
BLACK
6
CONTINUOUS
10
2.9283224803149608
20
-4.8220932283464562
11
2.9329869291338584
21
-4.8197165748031496
0
LINE
8
BLACK
6
CONTINUOUS
10
2.9329869291338584
20
-4.8197165748031496
11
2.9381574803149606
21
-4.8188976377952759
0
LINE
8
BLACK
6
CONTINUOUS
10
2.9381574803149606
20
-4.8188976377952759
11
2.9578425196850393
21
-4.8188976377952759
0
LINE
8
BLACK
6
CONTINUOUS
10
2.9578425196850393
20
-4.8188976377952759
11
2.9630130708661415
21
-4.8197165748031496
0
LINE
8
BLACK
6
CONTINUOUS
10
3.0330130708661418
20
-4.8197165748031496
11
3.0376775196850394
21
-4.8220932283464562
0
LINE
8
BLACK
6
CONTINUOUS
10
3.0376775196850394
20
-4.8220932283464562
11
3.0413792125984251
21
-4.8257949212598428
0
LINE
8
BLACK
6
CONTINUOUS
10
3.0413792125984251
20
-4.8257949212598428
11
3.0437558661417321
21
-4.8304593700787404
0
LINE
8
BLACK
6
CONTINUOUS
10
3.0437558661417321
20
-4.8304593700787404
11
3.0445748031496063
21
-4.8356299212598426
0
LINE
8
BLACK
6
CONTINUOUS
10
3.0445748031496063
20
-4.8356299212598426
11
3.0445748031496063
21
-4.853346456692913
0
LINE
8
BLACK
6
CONTINUOUS
10
3.0445748031496063
20
-4.853346456692913
11
3.0437558661417321
21
-4.8585170078740161
0
LINE
8
BLACK
6
CONTINUOUS
10
3.0437558661417321
20
-4.8585170078740161
11
3.0413792125984251
21
-4.8631814566929137
0
LINE
8
BLACK
6
CONTINUOUS
10
3.0413792125984251
20
-4.8631814566929137
11
3.0376775196850394
21
-4.8668831496062994
0
LINE
8
BLACK
6
CONTINUOUS
10
3.0376775196850394
20
-4.8668831496062994
11
3.0330130708661418
21
-4.8692598031496059
0
LINE
8
BLACK
6
CONTINUOUS
10
3.0330130708661418
20
-4.8692598031496059
11
3.0278425196850391
21
-4.8700787401574805
0
LINE
8
BLACK
6
CONTINUOUS
10
3.0278425196850391
20
-4.8700787401574805
11
3.0081574803149604
21
-4.8700787401574805
0
LINE
8
BLACK
6
CONTINUOUS
10
3.0081574803149604
20
-4.8700787401574805
11
3.0029869291338582
21
-4.8692598031496059
0
LINE
8
BLACK
6
CONTINUOUS
10
3.0029869291338582
20
-4.8692598031496059
11
2.9983224803149606
21
-4.8668831496062994
0
LINE
8
BLACK
6
CONTINUOUS
10
2.9983224803149606
20
-4.8668831496062994
11
2.9946207874015749
21
-4.8631814566929137
0
LINE
8
BLACK
6
CONTINUOUS
10
2.9946207874015749
20
-4.8631814566929137
11
2.9922441338582675
21
-4.8585170078740161
0
LINE
8
BLACK
6
CONTINUOUS
10
2.9922441338582675
20
-4.8585170078740161
11
2.9914251968503938
21
-4.853346456692913
0
LINE
8
BLACK
6
CONTINUOUS
10
2.9914251968503938
20
-4.853346456692913
11
2.9914251968503938
21
-4.8356299212598426
0
LINE
8
BLACK
6
CONTINUOUS
10
2.9914251968503938
20
-4.8356299212598426
11
2.9922441338582675
21
-4.8304593700787404
0
LINE
8
BLACK
6
CONTINUOUS
10
2.9922441338582675
20
-4.8304593700787404
11
2.9946207874015749
21
-4.8257949212598428
0
LINE
8
BLACK
6
CONTINUOUS
10
2.9946207874015749
20
-4.8257949212598428
11
2.9983224803149606
21
-4.8220932283464562
0
LINE
8
BLACK
6
CONTINUOUS
10
2.9983224803149606
20
-4.8220932283464562
11
3.0029869291338582
21
-4.8197165748031496
0
LINE
8
BLACK
6
CONTINUOUS
10
3.0029869291338582
20
-4.8197165748031496
11
3.0081574803149604
21
-4.8188976377952759
0
LINE
8
BLACK
6
CONTINUOUS
10
3.0081574803149604
20
-4.8188976377952759
11
3.0278425196850391
21
-4.8188976377952759
0
LINE
8
BLACK
6
CONTINUOUS
10
3.0278425196850391
20
-4.8188976377952759
11
3.0330130708661418
21
-4.8197165748031496
0
LINE
8
BLACK
6
CONTINUOUS
10
3.1135130708661416
20
-4.8197165748031496
11
3.1181775196850392
21
-4.8220932283464562
0
LINE
8
BLACK
6
CONTINUOUS
10
3.1181775196850392
20
-4.8220932283464562
11
3.1218792125984249
21
-4.8257949212598428
0
LINE
8
BLACK
6
CONTINUOUS
10
3.1218792125984249
20
-4.8257949212598428
11
3.1242558661417323
21
-4.8304593700787404
0
LINE
8
BLACK
6
CONTINUOUS
10
3.1242558661417323
20
-4.8304593700787404
11
3.1250748031496061
21
-4.8356299212598426
0
LINE
8
BLACK
6
CONTINUOUS
10
3.1250748031496061
20
-4.8356299212598426
11
3.1250748031496061
21
-4.853346456692913
0
LINE
8
BLACK
6
CONTINUOUS
10
3.1250748031496061
20
-4.853346456692913
11
3.1242558661417323
21
-4.8585170078740161
0
LINE
8
BLACK
6
CONTINUOUS
10
3.1242558661417323
20
-4.8585170078740161
11
3.1218792125984249
21
-4.8631814566929137
0
LINE
8
BLACK
6
CONTINUOUS
10
3.1218792125984249
20
-4.8631814566929137
11
3.1181775196850392
21
-4.8668831496062994
0
LINE
8
BLACK
6
CONTINUOUS
10
3.1181775196850392
20
-4.8668831496062994
11
3.1135130708661416
21
-4.8692598031496059
0
LINE
8
BLACK
6
CONTINUOUS
10
3.1135130708661416
20
-4.8692598031496059
11
3.1083425196850394
21
-4.8700787401574805
0
LINE
8
BLACK
6
CONTINUOUS
10
3.1083425196850394
20
-4.8700787401574805
11
3.0886574803149607
21
-4.8700787401574805
0
LINE
8
BLACK
6
CONTINUOUS
10
3.0886574803149607
20
-4.8700787401574805
11
3.083486929133858
21
-4.8692598031496059
0
LINE
8
BLACK
6
CONTINUOUS
10
3.083486929133858
20
-4.8692598031496059
11
3.0788224803149604
21
-4.8668831496062994
0
LINE
8
BLACK
6
CONTINUOUS
10
3.0788224803149604
20
-4.8668831496062994
11
3.0751207874015747
21
-4.8631814566929137
0
LINE
8
BLACK
6
CONTINUOUS
10
3.0751207874015747
20
-4.8631814566929137
11
3.0727441338582677
21
-4.8585170078740161
0
LINE
8
BLACK
6
CONTINUOUS
10
3.0727441338582677
20
-4.8585170078740161
11
3.0719251968503936
21
-4.853346456692913
0
LINE
8
BLACK
6
CONTINUOUS
10
3.0719251968503936
20
-4.853346456692913
11
3.0719251968503936
21
-4.8356299212598426
0
LINE
8
BLACK
6
CONTINUOUS
10
3.0719251968503936
20
-4.8356299212598426
11
3.0727441338582677
21
-4.8304593700787404
0
LINE
8
BLACK
6
CONTINUOUS
10
3.0727441338582677
20
-4.8304593700787404
11
3.0751207874015747
21
-4.8257949212598428
0
LINE
8
BLACK
6
CONTINUOUS
10
3.0751207874015747
20
-4.8257949212598428
11
3.0788224803149604
21
-4.8220932283464562
0
LINE
8
BLACK
6
CONTINUOUS
10
3.0788224803149604
20
-4.8220932283464562
11
3.083486929133858
21
-4.8197165748031496
0
LINE
8
BLACK
6
CONTINUOUS
10
3.083486929133858
20
-4.8197165748031496
11
3.0886574803149607
21
-4.8188976377952759
0
LINE
8
BLACK
6
CONTINUOUS
10
3.0886574803149607
20
-4.8188976377952759
11
3.1083425196850394
21
-4.8188976377952759
0
LINE
8
BLACK
6
CONTINUOUS
10
3.1083425196850394
20
-4.8188976377952759
11
3.1135130708661416
21
-4.8197165748031496
0
LINE
8
BLACK
6
CONTINUOUS
10
3.1835130708661419
20
-4.8197165748031496
11
3.1881775196850395
21
-4.8220932283464562
0
LINE
8
BLACK
6
CONTINUOUS
10
3.1881775196850395
20
-4.8220932283464562
11
3.1918792125984252
21
-4.8257949212598428
0
LINE
8
BLACK
6
CONTINUOUS
10
3.1918792125984252
20
-4.8257949212598428
11
3.1942558661417322
21
-4.8304593700787404
0
LINE
8
BLACK
6
CONTINUOUS
10
3.1942558661417322
20
-4.8304593700787404
11
3.1950748031496063
21
-4.8356299212598426
0
LINE
8
BLACK
6
CONTINUOUS
10
3.1950748031496063
20
-4.8356299212598426
11
3.1950748031496063
21
-4.853346456692913
0
LINE
8
BLACK
6
CONTINUOUS
10
3.1950748031496063
20
-4.853346456692913
11
3.1942558661417322
21
-4.8585170078740161
0
LINE
8
BLACK
6
CONTINUOUS
10
3.1942558661417322
20
-4.8585170078740161
11
3.1918792125984252
21
-4.8631814566929137
0
LINE
8
BLACK
6
CONTINUOUS
10
3.1918792125984252
20
-4.8631814566929137
11
3.1881775196850395
21
-4.8668831496062994
0
LINE
8
BLACK
6
CONTINUOUS
10
3.1881775196850395
20
-4.8668831496062994
11
3.1835130708661419
21
-4.8692598031496059
0
LINE
8
BLACK
6
CONTINUOUS
10
3.1835130708661419
20
-4.8692598031496059
11
3.1783425196850392
21
-4.8700787401574805
0
LINE
8
BLACK
6
CONTINUOUS
10
3.1783425196850392
20
-4.8700787401574805
11
3.1586574803149605
21
-4.8700787401574805
0
LINE
8
BLACK
6
CONTINUOUS
10
3.1586574803149605
20
-4.8700787401574805
11
3.1534869291338583
21
-4.8692598031496059
0
LINE
8
BLACK
6
CONTINUOUS
10
3.1534869291338583
20
-4.8692598031496059
11
3.1488224803149607
21
-4.8668831496062994
0
LINE
8
BLACK
6
CONTINUOUS
10
3.1488224803149607
20
-4.8668831496062994
11
3.1451207874015745
21
-4.8631814566929137
0
LINE
8
BLACK
6
CONTINUOUS
10
3.1451207874015745
20
-4.8631814566929137
11
3.1427441338582676
21
-4.8585170078740161
0
LINE
8
BLACK
6
CONTINUOUS
10
3.1427441338582676
20
-4.8585170078740161
11
3.1419251968503938
21
-4.853346456692913
0
LINE
8
BLACK
6
CONTINUOUS
10
3.1419251968503938
20
-4.853346456692913
11
3.1419251968503938
21
-4.8356299212598426
0
LINE
8
BLACK
6
CONTINUOUS
10
3.1419251968503938
20
-4.8356299212598426
11
3.1427441338582676
21
-4.8304593700787404
0
LINE
8
BLACK
6
CONTINUOUS
10
3.1427441338582676
20
-4.8304593700787404
11
3.1451207874015745
21
-4.8257949212598428
0
LINE
8
BLACK
6
CONTINUOUS
10
3.1451207874015745
20
-4.8257949212598428
11
3.1488224803149607
21
-4.8220932283464562
0
LINE
8
BLACK
6
CONTINUOUS
10
3.1488224803149607
20
-4.8220932283464562
11
3.1534869291338583
21
-4.8197165748031496
0
LINE
8
BLACK
6
CONTINUOUS
10
3.1534869291338583
20
-4.8197165748031496
11
3.1586574803149605
21
-4.8188976377952759
0
LINE
8
BLACK
6
CONTINUOUS
10
3.1586574803149605
20
-4.8188976377952759
11
3.1783425196850392
21
-4.8188976377952759
0
LINE
8
BLACK
6
CONTINUOUS
10
3.1783425196850392
20
-4.8188976377952759
11
3.1835130708661419
21
-4.8197165748031496
0
LINE
8
BLACK
6
CONTINUOUS
10
3.6725130708661418
20
-4.7747165748031497
11
3.6771775196850394
21
-4.7770932283464562
0
LINE
8
BLACK
6
CONTINUOUS
10
3.6771775196850394
20
-4.7770932283464562
11
3.6808792125984251
21
-4.7807949212598428
0
LINE
8
BLACK
6
CONTINUOUS
10
3.6808792125984251
20
-4.7807949212598428
11
3.6832558661417321
21
-4.7854593700787404
0
LINE
8
BLACK
6
CONTINUOUS
10
3.6832558661417321
20
-4.7854593700787404
11
3.6840748031496062
21
-4.7906299212598427
0
LINE
8
BLACK
6
CONTINUOUS
10
3.6840748031496062
20
-4.7906299212598427
11
3.6840748031496062
21
-4.8083464566929131
0
LINE
8
BLACK
6
CONTINUOUS
10
3.6840748031496062
20
-4.8083464566929131
11
3.6832558661417321
21
-4.8135170078740153
0
LINE
8
BLACK
6
CONTINUOUS
10
3.6832558661417321
20
-4.8135170078740153
11
3.6808792125984251
21
-4.8181814566929129
0
LINE
8
BLACK
6
CONTINUOUS
10
3.6808792125984251
20
-4.8181814566929129
11
3.6771775196850394
21
-4.8218831496062995
0
LINE
8
BLACK
6
CONTINUOUS
10
3.6771775196850394
20
-4.8218831496062995
11
3.6725130708661418
21
-4.824259803149606
0
LINE
8
BLACK
6
CONTINUOUS
10
3.6725130708661418
20
-4.824259803149606
11
3.6673425196850391
21
-4.8250787401574806
0
LINE
8
BLACK
6
CONTINUOUS
10
3.6673425196850391
20
-4.8250787401574806
11
3.6476574803149604
21
-4.8250787401574806
0
LINE
8
BLACK
6
CONTINUOUS
10
3.6476574803149604
20
-4.8250787401574806
11
3.6424869291338582
21
-4.824259803149606
0
LINE
8
BLACK
6
CONTINUOUS
10
3.6424869291338582
20
-4.824259803149606
11
3.6378224803149606
21
-4.8218831496062995
0
LINE
8
BLACK
6
CONTINUOUS
10
3.6378224803149606
20
-4.8218831496062995
11
3.6341207874015748
21
-4.8181814566929129
0
LINE
8
BLACK
6
CONTINUOUS
10
3.6341207874015748
20
-4.8181814566929129
11
3.6317441338582674
21
-4.8135170078740153
0
LINE
8
BLACK
6
CONTINUOUS
10
3.6317441338582674
20
-4.8135170078740153
11
3.6309251968503937
21
-4.8083464566929131
0
LINE
8
BLACK
6
CONTINUOUS
10
3.6309251968503937
20
-4.8083464566929131
11
3.6309251968503937
21
-4.7906299212598427
0
LINE
8
BLACK
6
CONTINUOUS
10
3.6309251968503937
20
-4.7906299212598427
11
3.6317441338582674
21
-4.7854593700787404
0
LINE
8
BLACK
6
CONTINUOUS
10
3.6317441338582674
20
-4.7854593700787404
11
3.6341207874015748
21
-4.7807949212598428
0
LINE
8
BLACK
6
CONTINUOUS
10
3.6341207874015748
20
-4.7807949212598428
11
3.6378224803149606
21
-4.7770932283464562
0
LINE
8
BLACK
6
CONTINUOUS
10
3.6378224803149606
20
-4.7770932283464562
11
3.6424869291338582
21
-4.7747165748031497
0
LINE
8
BLACK
6
CONTINUOUS
10
3.6424869291338582
20
-4.7747165748031497
11
3.6476574803149604
21
-4.7738976377952751
0
LINE
8
BLACK
6
CONTINUOUS
10
3.6476574803149604
20
-4.7738976377952751
11
3.6673425196850391
21
-4.7738976377952751
0
LINE
8
BLACK
6
CONTINUOUS
10
3.6673425196850391
20
-4.7738976377952751
11
3.6725130708661418
21
-4.7747165748031497
0
LINE
8
BLACK
6
CONTINUOUS
10
3.7475130708661415
20
-4.7747165748031497
11
3.7521775196850391
21
-4.7770932283464562
0
LINE
8
BLACK
6
CONTINUOUS
10
3.7521775196850391
20
-4.7770932283464562
11
3.7558792125984253
21
-4.7807949212598428
0
LINE
8
BLACK
6
CONTINUOUS
10
3.7558792125984253
20
-4.7807949212598428
11
3.7582558661417322
21
-4.7854593700787404
0
LINE
8
BLACK
6
CONTINUOUS
10
3.7582558661417322
20
-4.7854593700787404
11
3.7590748031496064
21
-4.7906299212598427
0
LINE
8
BLACK
6
CONTINUOUS
10
3.7590748031496064
20
-4.7906299212598427
11
3.7590748031496064
21
-4.8083464566929131
0
LINE
8
BLACK
6
CONTINUOUS
10
3.7590748031496064
20
-4.8083464566929131
11
3.7582558661417322
21
-4.8135170078740153
0
LINE
8
BLACK
6
CONTINUOUS
10
3.7582558661417322
20
-4.8135170078740153
11
3.7558792125984253
21
-4.8181814566929129
0
LINE
8
BLACK
6
CONTINUOUS
10
3.7558792125984253
20
-4.8181814566929129
11
3.7521775196850391
21
-4.8218831496062995
0
LINE
8
BLACK
6
CONTINUOUS
10
3.7521775196850391
20
-4.8218831496062995
11
3.7475130708661415
21
-4.824259803149606
0
LINE
8
BLACK
6
CONTINUOUS
10
3.7475130708661415
20
-4.824259803149606
11
3.7423425196850393
21
-4.8250787401574806
0
LINE
8
BLACK
6
CONTINUOUS
10
3.7423425196850393
20
-4.8250787401574806
11
3.7226574803149606
21
-4.8250787401574806
0
LINE
8
BLACK
6
CONTINUOUS
10
3.7226574803149606
20
-4.8250787401574806
11
3.7174869291338584
21
-4.824259803149606
0
LINE
8
BLACK
6
CONTINUOUS
10
3.7174869291338584
20
-4.824259803149606
11
3.7128224803149608
21
-4.8218831496062995
0
LINE
8
BLACK
6
CONTINUOUS
10
3.7128224803149608
20
-4.8218831496062995
11
3.7091207874015746
21
-4.8181814566929129
0
LINE
8
BLACK
6
CONTINUOUS
10
3.7091207874015746
20
-4.8181814566929129
11
3.7067441338582676
21
-4.8135170078740153
0
LINE
8
BLACK
6
CONTINUOUS
10
3.7067441338582676
20
-4.8135170078740153
11
3.7059251968503935
21
-4.8083464566929131
0
LINE
8
BLACK
6
CONTINUOUS
10
3.7059251968503935
20
-4.8083464566929131
11
3.7059251968503935
21
-4.7906299212598427
0
LINE
8
BLACK
6
CONTINUOUS
10
3.7059251968503935
20
-4.7906299212598427
11
3.7067441338582676
21
-4.7854593700787404
0
LINE
8
BLACK
6
CONTINUOUS
10
3.7067441338582676
20
-4.7854593700787404
11
3.7091207874015746
21
-4.7807949212598428
0
LINE
8
BLACK
6
CONTINUOUS
10
3.7091207874015746
20
-4.7807949212598428
11
3.7128224803149608
21
-4.7770932283464562
0
LINE
8
BLACK
6
CONTINUOUS
10
3.7128224803149608
20
-4.7770932283464562
11
3.7174869291338584
21
-4.7747165748031497
0
LINE
8
BLACK
6
CONTINUOUS
10
3.7174869291338584
20
-4.7747165748031497
11
3.7226574803149606
21
-4.7738976377952751
0
LINE
8
BLACK
6
CONTINUOUS
10
3.7226574803149606
20
-4.7738976377952751
11
3.7423425196850393
21
-4.7738976377952751
0
LINE
8
BLACK
6
CONTINUOUS
10
3.7423425196850393
20
-4.7738976377952751
11
3.7475130708661415
21
-4.7747165748031497
0
LINE
8
BLACK
6
CONTINUOUS
10
2.6023817322834644
20
-4.6413411023622047
11
2.6109012204724409
21
-4.6441092519685041
0
LINE
8
BLACK
6
CONTINUOUS
10
2.6109012204724409
20
-4.6441092519685041
11
2.6188827952755904
21
-4.6481760629921256
0
LINE
8
BLACK
6
CONTINUOUS
10
2.6188827952755904
20
-4.6481760629921256
11
2.6261299212598423
21
-4.6534413779527561
0
LINE
8
BLACK
6
CONTINUOUS
10
2.6261299212598423
20
-4.6534413779527561
11
2.6324641338582677
21
-4.6597755905511811
0
LINE
8
BLACK
6
CONTINUOUS
10
2.6324641338582677
20
-4.6597755905511811
11
2.6377294488188974
21
-4.667022716535433
0
LINE
8
BLACK
6
CONTINUOUS
10
2.6377294488188974
20
-4.667022716535433
11
2.6417962598425198
21
-4.675004291338583
0
LINE
8
BLACK
6
CONTINUOUS
10
2.6417962598425198
20
-4.675004291338583
11
2.6445644094488188
21
-4.683523779527559
0
LINE
8
BLACK
6
CONTINUOUS
10
2.6445644094488188
20
-4.683523779527559
11
2.6459657480314962
21
-4.6923714173228346
0
LINE
8
BLACK
6
CONTINUOUS
10
2.6459657480314962
20
-4.6923714173228346
11
2.6459657480314962
21
-4.7013293700787404
0
LINE
8
BLACK
6
CONTINUOUS
10
2.6459657480314962
20
-4.7013293700787404
11
2.6445644094488188
21
-4.7101770078740159
0
LINE
8
BLACK
6
CONTINUOUS
10
2.6445644094488188
20
-4.7101770078740159
11
2.6417962598425198
21
-4.718696496062992
0
LINE
8
BLACK
6
CONTINUOUS
10
2.6417962598425198
20
-4.718696496062992
11
2.6377294488188974
21
-4.726678070866142
0
LINE
8
BLACK
6
CONTINUOUS
10
2.6377294488188974
20
-4.726678070866142
11
2.6324641338582677
21
-4.7339251968503939
0
LINE
8
BLACK
6
CONTINUOUS
10
2.6324641338582677
20
-4.7339251968503939
11
2.6261299212598423
21
-4.7402594094488189
0
LINE
8
BLACK
6
CONTINUOUS
10
2.6261299212598423
20
-4.7402594094488189
11
2.6188827952755904
21
-4.7455247244094485
0
LINE
8
BLACK
6
CONTINUOUS
10
2.6188827952755904
20
-4.7455247244094485
11
2.6109012204724409
21
-4.7495915354330709
0
LINE
8
BLACK
6
CONTINUOUS
10
2.6109012204724409
20
-4.7495915354330709
11
2.6023817322834644
21
-4.7523596850393703
0
LINE
8
BLACK
6
CONTINUOUS
10
2.6023817322834644
20
-4.7523596850393703
11
2.5935340944881888
21
-4.7537610236220473
0
LINE
8
BLACK
6
CONTINUOUS
10
2.5935340944881888
20
-4.7537610236220473
11
2.5845761417322834
21
-4.7537610236220473
0
LINE
8
BLACK
6
CONTINUOUS
10
2.5845761417322834
20
-4.7537610236220473
11
2.5757285039370079
21
-4.7523596850393703
0
LINE
8
BLACK
6
CONTINUOUS
10
2.5757285039370079
20
-4.7523596850393703
11
2.5672090157480314
21
-4.7495915354330709
0
LINE
8
BLACK
6
CONTINUOUS
10
2.5672090157480314
20
-4.7495915354330709
11
2.5592274409448819
21
-4.7455247244094485
0
LINE
8
BLACK
6
CONTINUOUS
10
2.5592274409448819
20
-4.7455247244094485
11
2.5519803149606299
21
-4.7402594094488189
0
LINE
8
BLACK
6
CONTINUOUS
10
2.5519803149606299
20
-4.7402594094488189
11
2.5456461023622046
21
-4.7339251968503939
0
LINE
8
BLACK
6
CONTINUOUS
10
2.5456461023622046
20
-4.7339251968503939
11
2.5403807874015749
21
-4.726678070866142
0
LINE
8
BLACK
6
CONTINUOUS
10
2.5403807874015749
20
-4.726678070866142
11
2.5363139763779525
21
-4.718696496062992
0
LINE
8
BLACK
6
CONTINUOUS
10
2.5363139763779525
20
-4.718696496062992
11
2.5335458267716535
21
-4.7101770078740159
0
LINE
8
BLACK
6
CONTINUOUS
10
2.5335458267716535
20
-4.7101770078740159
11
2.5321444881889765
21
-4.7013293700787404
0
LINE
8
BLACK
6
CONTINUOUS
10
2.5321444881889765
20
-4.7013293700787404
11
2.5321444881889765
21
-4.6923714173228346
0
LINE
8
BLACK
6
CONTINUOUS
10
2.5321444881889765
20
-4.6923714173228346
11
2.5335458267716535
21
-4.683523779527559
0
LINE
8
BLACK
6
CONTINUOUS
10
2.5335458267716535
20
-4.683523779527559
11
2.5363139763779525
21
-4.675004291338583
0
LINE
8
BLACK
6
CONTINUOUS
10
2.5363139763779525
20
-4.675004291338583
11
2.5403807874015749
21
-4.667022716535433
0
LINE
8
BLACK
6
CONTINUOUS
10
2.5403807874015749
20
-4.667022716535433
11
2.5456461023622046
21
-4.6597755905511811
0
LINE
8
BLACK
6
CONTINUOUS
10
2.5456461023622046
20
-4.6597755905511811
11
2.5519803149606299
21
-4.6534413779527561
0
LINE
8
BLACK
6
CONTINUOUS
10
2.5519803149606299
20
-4.6534413779527561
11
2.5592274409448819
21
-4.6481760629921256
0
LINE
8
BLACK
6
CONTINUOUS
10
2.5592274409448819
20
-4.6481760629921256
11
2.5672090157480314
21
-4.6441092519685041
0
LINE
8
BLACK
6
CONTINUOUS
10
2.5672090157480314
20
-4.6441092519685041
11
2.5757285039370079
21
-4.6413411023622047
0
LINE
8
BLACK
6
CONTINUOUS
10
2.5757285039370079
20
-4.6413411023622047
11
2.5845761417322834
21
-4.6399397637795277
0
LINE
8
BLACK
6
CONTINUOUS
10
2.5845761417322834
20
-4.6399397637795277
11
2.5935340944881888
21
-4.6399397637795277
0
LINE
8
BLACK
6
CONTINUOUS
10
2.5935340944881888
20
-4.6399397637795277
11
2.6023817322834644
21
-4.6413411023622047
0
LINE
8
BLACK
6
CONTINUOUS
10
3.5030920078740158
20
-4.6477647244094484
11
3.5056464960629921
21
-4.649471614173228
0
LINE
8
BLACK
6
CONTINUOUS
10
3.5056464960629921
20
-4.649471614173228
11
3.5073533858267716
21
-4.6520261023622043
0
LINE
8
BLACK
6
CONTINUOUS
10
3.5073533858267716
20
-4.6520261023622043
11
3.5079527559055119
21
-4.6550393700787405
0
LINE
8
BLACK
6
CONTINUOUS
10
3.5079527559055119
20
-4.6550393700787405
11
3.5079527559055119
21
-4.7150393700787401
0
LINE
8
BLACK
6
CONTINUOUS
10
3.5079527559055119
20
-4.7150393700787401
11
3.5073533858267716
21
-4.7180526377952754
0
LINE
8
BLACK
6
CONTINUOUS
10
3.5073533858267716
20
-4.7180526377952754
11
3.5056464960629921
21
-4.7206071259842517
0
LINE
8
BLACK
6
CONTINUOUS
10
3.5056464960629921
20
-4.7206071259842517
11
3.5030920078740158
21
-4.7223140157480312
0
LINE
8
BLACK
6
CONTINUOUS
10
3.5030920078740158
20
-4.7223140157480312
11
3.5000787401574804
21
-4.7229133858267716
0
LINE
8
BLACK
6
CONTINUOUS
10
3.5000787401574804
20
-4.7229133858267716
11
3.4400787401574804
21
-4.7229133858267716
0
LINE
8
BLACK
6
CONTINUOUS
10
3.4400787401574804
20
-4.7229133858267716
11
3.4370654724409446
21
-4.7223140157480312
0
LINE
8
BLACK
6
CONTINUOUS
10
3.4370654724409446
20
-4.7223140157480312
11
3.4345109842519683
21
-4.7206071259842517
0
LINE
8
BLACK
6
CONTINUOUS
10
3.4345109842519683
20
-4.7206071259842517
11
3.4328040944881888
21
-4.7180526377952754
0
LINE
8
BLACK
6
CONTINUOUS
10
3.4328040944881888
20
-4.7180526377952754
11
3.4322047244094489
21
-4.7150393700787401
0
LINE
8
BLACK
6
CONTINUOUS
10
3.4322047244094489
20
-4.7150393700787401
11
3.4322047244094489
21
-4.6550393700787405
0
LINE
8
BLACK
6
CONTINUOUS
10
3.4322047244094489
20
-4.6550393700787405
11
3.4328040944881888
21
-4.6520261023622043
0
LINE
8
BLACK
6
CONTINUOUS
10
3.4328040944881888
20
-4.6520261023622043
11
3.4345109842519683
21
-4.649471614173228
0
LINE
8
BLACK
6
CONTINUOUS
10
3.4345109842519683
20
-4.649471614173228
11
3.4370654724409446
21
-4.6477647244094484
0
LINE
8
BLACK
6
CONTINUOUS
10
3.4370654724409446
20
-4.6477647244094484
11
3.4400787401574804
21
-4.647165354330709
0
LINE
8
BLACK
6
CONTINUOUS
10
3.4400787401574804
20
-4.647165354330709
11
3.5000787401574804
21
-4.647165354330709
0
LINE
8
BLACK
6
CONTINUOUS
10
3.5000787401574804
20
-4.647165354330709
11
3.5030920078740158
21
-4.6477647244094484
0
LINE
8
BLACK
6
CONTINUOUS
10
2.536831220472441
20
-4.5706146062992126
11
2.5425084251968504
21
-4.5717438976377949
0
LINE
8
BLACK
6
CONTINUOUS
10
2.5425084251968504
20
-4.5717438976377949
11
2.5478562204724411
21
-4.5739590157480317
0
LINE
8
BLACK
6
CONTINUOUS
10
2.5478562204724411
20
-4.5739590157480317
11
2.5526690944881891
21
-4.5771748818897633
0
LINE
8
BLACK
6
CONTINUOUS
10
2.5526690944881891
20
-4.5771748818897633
11
2.5567621259842519
21
-4.581267913385827
0
LINE
8
BLACK
6
CONTINUOUS
10
2.5567621259842519
20
-4.581267913385827
11
2.559977992125984
21
-4.586080787401575
0
LINE
8
BLACK
6
CONTINUOUS
10
2.559977992125984
20
-4.586080787401575
11
2.5621931102362203
21
-4.5914285826771657
0
LINE
8
BLACK
6
CONTINUOUS
10
2.5621931102362203
20
-4.5914285826771657
11
2.5633224015748031
21
-4.597105787401575
0
LINE
8
BLACK
6
CONTINUOUS
10
2.5633224015748031
20
-4.597105787401575
11
2.5633224015748031
21
-4.6028942125984251
0
LINE
8
BLACK
6
CONTINUOUS
10
2.5633224015748031
20
-4.6028942125984251
11
2.5621931102362203
21
-4.6085714173228345
0
LINE
8
BLACK
6
CONTINUOUS
10
2.5621931102362203
20
-4.6085714173228345
11
2.559977992125984
21
-4.6139192125984252
0
LINE
8
BLACK
6
CONTINUOUS
10
2.559977992125984
20
-4.6139192125984252
11
2.5567621259842519
21
-4.6187320866141732
0
LINE
8
BLACK
6
CONTINUOUS
10
2.5567621259842519
20
-4.6187320866141732
11
2.5526690944881891
21
-4.622825118110236
0
LINE
8
BLACK
6
CONTINUOUS
10
2.5526690944881891
20
-4.622825118110236
11
2.5478562204724411
21
-4.6260409842519685
0
LINE
8
BLACK
6
CONTINUOUS
10
2.5478562204724411
20
-4.6260409842519685
11
2.5425084251968504
21
-4.6282561023622044
0
LINE
8
BLACK
6
CONTINUOUS
10
2.5425084251968504
20
-4.6282561023622044
11
2.536831220472441
21
-4.6293853937007876
0
LINE
8
BLACK
6
CONTINUOUS
10
2.536831220472441
20
-4.6293853937007876
11
2.5339370078740155
21
-4.6295275590551181
0
LINE
8
BLACK
6
CONTINUOUS
10
2.5339370078740155
20
-4.6295275590551181
11
2.5260629921259841
21
-4.6295275590551181
0
LINE
8
BLACK
6
CONTINUOUS
10
2.5260629921259841
20
-4.6295275590551181
11
2.523168779527559
21
-4.6293853937007876
0
LINE
8
BLACK
6
CONTINUOUS
10
2.523168779527559
20
-4.6293853937007876
11
2.5174915748031497
21
-4.6282561023622044
0
LINE
8
BLACK
6
CONTINUOUS
10
2.5174915748031497
20
-4.6282561023622044
11
2.512143779527559
21
-4.6260409842519685
0
LINE
8
BLACK
6
CONTINUOUS
10
2.512143779527559
20
-4.6260409842519685
11
2.5073309055118109
21
-4.622825118110236
0
LINE
8
BLACK
6
CONTINUOUS
10
2.5073309055118109
20
-4.622825118110236
11
2.5032378740157482
21
-4.6187320866141732
0
LINE
8
BLACK
6
CONTINUOUS
10
2.5032378740157482
20
-4.6187320866141732
11
2.5000220078740156
21
-4.6139192125984252
0
LINE
8
BLACK
6
CONTINUOUS
10
2.5000220078740156
20
-4.6139192125984252
11
2.4978068897637793
21
-4.6085714173228345
0
LINE
8
BLACK
6
CONTINUOUS
10
2.4978068897637793
20
-4.6085714173228345
11
2.496677598425197
21
-4.6028942125984251
0
LINE
8
BLACK
6
CONTINUOUS
10
2.496677598425197
20
-4.6028942125984251
11
2.496677598425197
21
-4.597105787401575
0
LINE
8
BLACK
6
CONTINUOUS
10
2.496677598425197
20
-4.597105787401575
11
2.4978068897637793
21
-4.5914285826771657
0
LINE
8
BLACK
6
CONTINUOUS
10
2.4978068897637793
20
-4.5914285826771657
11
2.5000220078740156
21
-4.586080787401575
0
LINE
8
BLACK
6
CONTINUOUS
10
2.5000220078740156
20
-4.586080787401575
11
2.5032378740157482
21
-4.581267913385827
0
LINE
8
BLACK
6
CONTINUOUS
10
2.5032378740157482
20
-4.581267913385827
11
2.5073309055118109
21
-4.5771748818897633
0
LINE
8
BLACK
6
CONTINUOUS
10
2.5073309055118109
20
-4.5771748818897633
11
2.512143779527559
21
-4.5739590157480317
0
LINE
8
BLACK
6
CONTINUOUS
10
2.512143779527559
20
-4.5739590157480317
11
2.5174915748031497
21
-4.5717438976377949
0
LINE
8
BLACK
6
CONTINUOUS
10
2.5174915748031497
20
-4.5717438976377949
11
2.523168779527559
21
-4.5706146062992126
0
LINE
8
BLACK
6
CONTINUOUS
10
2.523168779527559
20
-4.5706146062992126
11
2.5260629921259841
21
-4.570472440944882
0
LINE
8
BLACK
6
CONTINUOUS
10
2.5260629921259841
20
-4.570472440944882
11
2.5339370078740155
21
-4.570472440944882
0
LINE
8
BLACK
6
CONTINUOUS
10
2.5339370078740155
20
-4.570472440944882
11
2.536831220472441
21
-4.5706146062992126
0
LINE
8
BLACK
6
CONTINUOUS
10
3.5030920078740158
20
-4.5477647244094488
11
3.5056464960629921
21
-4.5494716141732283
0
LINE
8
BLACK
6
CONTINUOUS
10
3.5056464960629921
20
-4.5494716141732283
11
3.5073533858267716
21
-4.5520261023622046
0
LINE
8
BLACK
6
CONTINUOUS
10
3.5073533858267716
20
-4.5520261023622046
11
3.5079527559055119
21
-4.5550393700787399
0
LINE
8
BLACK
6
CONTINUOUS
10
3.5079527559055119
20
-4.5550393700787399
11
3.5079527559055119
21
-4.6150393700787404
0
LINE
8
BLACK
6
CONTINUOUS
10
3.5079527559055119
20
-4.6150393700787404
11
3.5073533858267716
21
-4.6180526377952757
0
LINE
8
BLACK
6
CONTINUOUS
10
3.5073533858267716
20
-4.6180526377952757
11
3.5056464960629921
21
-4.6206071259842521
0
LINE
8
BLACK
6
CONTINUOUS
10
3.5056464960629921
20
-4.6206071259842521
11
3.5030920078740158
21
-4.6223140157480316
0
LINE
8
BLACK
6
CONTINUOUS
10
3.5030920078740158
20
-4.6223140157480316
11
3.5000787401574804
21
-4.6229133858267719
0
LINE
8
BLACK
6
CONTINUOUS
10
3.5000787401574804
20
-4.6229133858267719
11
3.4400787401574804
21
-4.6229133858267719
0
LINE
8
BLACK
6
CONTINUOUS
10
3.4400787401574804
20
-4.6229133858267719
11
3.4370654724409446
21
-4.6223140157480316
0
LINE
8
BLACK
6
CONTINUOUS
10
3.4370654724409446
20
-4.6223140157480316
11
3.4345109842519683
21
-4.6206071259842521
0
LINE
8
BLACK
6
CONTINUOUS
10
3.4345109842519683
20
-4.6206071259842521
11
3.4328040944881888
21
-4.6180526377952757
0
LINE
8
BLACK
6
CONTINUOUS
10
3.4328040944881888
20
-4.6180526377952757
11
3.4322047244094489
21
-4.6150393700787404
0
LINE
8
BLACK
6
CONTINUOUS
10
3.4322047244094489
20
-4.6150393700787404
11
3.4322047244094489
21
-4.5550393700787399
0
LINE
8
BLACK
6
CONTINUOUS
10
3.4322047244094489
20
-4.5550393700787399
11
3.4328040944881888
21
-4.5520261023622046
0
LINE
8
BLACK
6
CONTINUOUS
10
3.4328040944881888
20
-4.5520261023622046
11
3.4345109842519683
21
-4.5494716141732283
0
LINE
8
BLACK
6
CONTINUOUS
10
3.4345109842519683
20
-4.5494716141732283
11
3.4370654724409446
21
-4.5477647244094488
0
LINE
8
BLACK
6
CONTINUOUS
10
3.4370654724409446
20
-4.5477647244094488
11
3.4400787401574804
21
-4.5471653543307085
0
LINE
8
BLACK
6
CONTINUOUS
10
3.4400787401574804
20
-4.5471653543307085
11
3.5000787401574804
21
-4.5471653543307085
0
LINE
8
BLACK
6
CONTINUOUS
10
3.5000787401574804
20
-4.5471653543307085
11
3.5030920078740158
21
-4.5477647244094488
0
LINE
8
BLACK
6
CONTINUOUS
10
2.8630170078740158
20
-4.5327441338582677
11
2.8676814566929134
21
-4.5351207874015751
0
LINE
8
BLACK
6
CONTINUOUS
10
2.8676814566929134
20
-4.5351207874015751
11
2.8713831496062991
21
-4.5388224803149608
0
LINE
8
BLACK
6
CONTINUOUS
10
2.8713831496062991
20
-4.5388224803149608
11
2.8737598031496061
21
-4.5434869291338584
0
LINE
8
BLACK
6
CONTINUOUS
10
2.8737598031496061
20
-4.5434869291338584
11
2.8745787401574803
21
-4.5486574803149606
0
LINE
8
BLACK
6
CONTINUOUS
10
2.8745787401574803
20
-4.5486574803149606
11
2.8745787401574803
21
-4.5683425196850393
0
LINE
8
BLACK
6
CONTINUOUS
10
2.8745787401574803
20
-4.5683425196850393
11
2.8737598031496061
21
-4.5735130708661416
0
LINE
8
BLACK
6
CONTINUOUS
10
2.8737598031496061
20
-4.5735130708661416
11
2.8713831496062991
21
-4.5781775196850392
0
LINE
8
BLACK
6
CONTINUOUS
10
2.8713831496062991
20
-4.5781775196850392
11
2.8676814566929134
21
-4.5818792125984249
0
LINE
8
BLACK
6
CONTINUOUS
10
2.8676814566929134
20
-4.5818792125984249
11
2.8630170078740158
21
-4.5842558661417323
0
LINE
8
BLACK
6
CONTINUOUS
10
2.8630170078740158
20
-4.5842558661417323
11
2.8578464566929132
21
-4.585074803149606
0
LINE
8
BLACK
6
CONTINUOUS
10
2.8578464566929132
20
-4.585074803149606
11
2.8401299212598423
21
-4.585074803149606
0
LINE
8
BLACK
6
CONTINUOUS
10
2.8401299212598423
20
-4.585074803149606
11
2.8349593700787401
21
-4.5842558661417323
0
LINE
8
BLACK
6
CONTINUOUS
10
2.8349593700787401
20
-4.5842558661417323
11
2.8302949212598425
21
-4.5818792125984249
0
LINE
8
BLACK
6
CONTINUOUS
10
2.8302949212598425
20
-4.5818792125984249
11
2.8265932283464568
21
-4.5781775196850392
0
LINE
8
BLACK
6
CONTINUOUS
10
2.8265932283464568
20
-4.5781775196850392
11
2.8242165748031494
21
-4.5735130708661416
0
LINE
8
BLACK
6
CONTINUOUS
10
2.8242165748031494
20
-4.5735130708661416
11
2.8233976377952756
21
-4.5683425196850393
0
LINE
8
BLACK
6
CONTINUOUS
10
2.8233976377952756
20
-4.5683425196850393
11
2.8233976377952756
21
-4.5486574803149606
0
LINE
8
BLACK
6
CONTINUOUS
10
2.8233976377952756
20
-4.5486574803149606
11
2.8242165748031494
21
-4.5434869291338584
0
LINE
8
BLACK
6
CONTINUOUS
10
2.8242165748031494
20
-4.5434869291338584
11
2.8265932283464568
21
-4.5388224803149608
0
LINE
8
BLACK
6
CONTINUOUS
10
2.8265932283464568
20
-4.5388224803149608
11
2.8302949212598425
21
-4.5351207874015751
0
LINE
8
BLACK
6
CONTINUOUS
10
2.8302949212598425
20
-4.5351207874015751
11
2.8349593700787401
21
-4.5327441338582677
0
LINE
8
BLACK
6
CONTINUOUS
10
2.8349593700787401
20
-4.5327441338582677
11
2.8401299212598423
21
-4.531925196850394
0
LINE
8
BLACK
6
CONTINUOUS
10
2.8401299212598423
20
-4.531925196850394
11
2.8578464566929132
21
-4.531925196850394
0
LINE
8
BLACK
6
CONTINUOUS
10
2.8578464566929132
20
-4.531925196850394
11
2.8630170078740158
21
-4.5327441338582677
0
LINE
8
BLACK
6
CONTINUOUS
10
2.9240406299212598
20
-4.5327441338582677
11
2.9287050787401574
21
-4.5351207874015751
0
LINE
8
BLACK
6
CONTINUOUS
10
2.9287050787401574
20
-4.5351207874015751
11
2.9324067716535431
21
-4.5388224803149608
0
LINE
8
BLACK
6
CONTINUOUS
10
2.9324067716535431
20
-4.5388224803149608
11
2.9347834251968505
21
-4.5434869291338584
0
LINE
8
BLACK
6
CONTINUOUS
10
2.9347834251968505
20
-4.5434869291338584
11
2.9356023622047243
21
-4.5486574803149606
0
LINE
8
BLACK
6
CONTINUOUS
10
2.9356023622047243
20
-4.5486574803149606
11
2.9356023622047243
21
-4.5683425196850393
0
LINE
8
BLACK
6
CONTINUOUS
10
2.9356023622047243
20
-4.5683425196850393
11
2.9347834251968505
21
-4.5735130708661416
0
LINE
8
BLACK
6
CONTINUOUS
10
2.9347834251968505
20
-4.5735130708661416
11
2.9324067716535431
21
-4.5781775196850392
0
LINE
8
BLACK
6
CONTINUOUS
10
2.9324067716535431
20
-4.5781775196850392
11
2.9287050787401574
21
-4.5818792125984249
0
LINE
8
BLACK
6
CONTINUOUS
10
2.9287050787401574
20
-4.5818792125984249
11
2.9240406299212598
21
-4.5842558661417323
0
LINE
8
BLACK
6
CONTINUOUS
10
2.9240406299212598
20
-4.5842558661417323
11
2.9188700787401576
21
-4.585074803149606
0
LINE
8
BLACK
6
CONTINUOUS
10
2.9188700787401576
20
-4.585074803149606
11
2.9011535433070867
21
-4.585074803149606
0
LINE
8
BLACK
6
CONTINUOUS
10
2.9011535433070867
20
-4.585074803149606
11
2.8959829921259841
21
-4.5842558661417323
0
LINE
8
BLACK
6
CONTINUOUS
10
2.8959829921259841
20
-4.5842558661417323
11
2.8913185433070865
21
-4.5818792125984249
0
LINE
8
BLACK
6
CONTINUOUS
10
2.8913185433070865
20
-4.5818792125984249
11
2.8876168503937008
21
-4.5781775196850392
0
LINE
8
BLACK
6
CONTINUOUS
10
2.8876168503937008
20
-4.5781775196850392
11
2.8852401968503938
21
-4.5735130708661416
0
LINE
8
BLACK
6
CONTINUOUS
10
2.8852401968503938
20
-4.5735130708661416
11
2.8844212598425196
21
-4.5683425196850393
0
LINE
8
BLACK
6
CONTINUOUS
10
2.8844212598425196
20
-4.5683425196850393
11
2.8844212598425196
21
-4.5486574803149606
0
LINE
8
BLACK
6
CONTINUOUS
10
2.8844212598425196
20
-4.5486574803149606
11
2.8852401968503938
21
-4.5434869291338584
0
LINE
8
BLACK
6
CONTINUOUS
10
2.8852401968503938
20
-4.5434869291338584
11
2.8876168503937008
21
-4.5388224803149608
0
LINE
8
BLACK
6
CONTINUOUS
10
2.8876168503937008
20
-4.5388224803149608
11
2.8913185433070865
21
-4.5351207874015751
0
LINE
8
BLACK
6
CONTINUOUS
10
2.8913185433070865
20
-4.5351207874015751
11
2.8959829921259841
21
-4.5327441338582677
0
LINE
8
BLACK
6
CONTINUOUS
10
2.8959829921259841
20
-4.5327441338582677
11
2.9011535433070867
21
-4.531925196850394
0
LINE
8
BLACK
6
CONTINUOUS
10
2.9011535433070867
20
-4.531925196850394
11
2.9188700787401576
21
-4.531925196850394
0
LINE
8
BLACK
6
CONTINUOUS
10
2.9188700787401576
20
-4.531925196850394
11
2.9240406299212598
21
-4.5327441338582677
0
LINE
8
BLACK
6
CONTINUOUS
10
2.7951931889763779
20
-4.5331290157480311
11
2.7995832283464566
21
-4.5353658661417322
0
LINE
8
BLACK
6
CONTINUOUS
10
2.7995832283464566
20
-4.5353658661417322
11
2.8030672047244094
21
-4.538849842519685
0
LINE
8
BLACK
6
CONTINUOUS
10
2.8030672047244094
20
-4.538849842519685
11
2.8053040551181101
21
-4.5432398818897637
0
LINE
8
BLACK
6
CONTINUOUS
10
2.8053040551181101
20
-4.5432398818897637
11
2.8060748031496061
21
-4.5481062992125985
0
LINE
8
BLACK
6
CONTINUOUS
10
2.8060748031496061
20
-4.5481062992125985
11
2.8060748031496061
21
-4.5638543307086614
0
LINE
8
BLACK
6
CONTINUOUS
10
2.8060748031496061
20
-4.5638543307086614
11
2.8053040551181101
21
-4.5687207480314962
0
LINE
8
BLACK
6
CONTINUOUS
10
2.8053040551181101
20
-4.5687207480314962
11
2.8030672047244094
21
-4.5731107874015748
0
LINE
8
BLACK
6
CONTINUOUS
10
2.8030672047244094
20
-4.5731107874015748
11
2.7995832283464566
21
-4.5765947637795277
0
LINE
8
BLACK
6
CONTINUOUS
10
2.7995832283464566
20
-4.5765947637795277
11
2.7951931889763779
21
-4.5788316141732279
0
LINE
8
BLACK
6
CONTINUOUS
10
2.7951931889763779
20
-4.5788316141732279
11
2.7903267716535431
21
-4.5796023622047244
0
LINE
8
BLACK
6
CONTINUOUS
10
2.7903267716535431
20
-4.5796023622047244
11
2.7686732283464566
21
-4.5796023622047244
0
LINE
8
BLACK
6
CONTINUOUS
10
2.7686732283464566
20
-4.5796023622047244
11
2.7638068110236218
21
-4.5788316141732279
0
LINE
8
BLACK
6
CONTINUOUS
10
2.7638068110236218
20
-4.5788316141732279
11
2.7594167716535432
21
-4.5765947637795277
0
LINE
8
BLACK
6
CONTINUOUS
10
2.7594167716535432
20
-4.5765947637795277
11
2.7559327952755903
21
-4.5731107874015748
0
LINE
8
BLACK
6
CONTINUOUS
10
2.7559327952755903
20
-4.5731107874015748
11
2.7536959448818896
21
-4.5687207480314962
0
LINE
8
BLACK
6
CONTINUOUS
10
2.7536959448818896
20
-4.5687207480314962
11
2.7529251968503936
21
-4.5638543307086614
0
LINE
8
BLACK
6
CONTINUOUS
10
2.7529251968503936
20
-4.5638543307086614
11
2.7529251968503936
21
-4.5481062992125985
0
LINE
8
BLACK
6
CONTINUOUS
10
2.7529251968503936
20
-4.5481062992125985
11
2.7536959448818896
21
-4.5432398818897637
0
LINE
8
BLACK
6
CONTINUOUS
10
2.7536959448818896
20
-4.5432398818897637
11
2.7559327952755903
21
-4.538849842519685
0
LINE
8
BLACK
6
CONTINUOUS
10
2.7559327952755903
20
-4.538849842519685
11
2.7594167716535432
21
-4.5353658661417322
0
LINE
8
BLACK
6
CONTINUOUS
10
2.7594167716535432
20
-4.5353658661417322
11
2.7638068110236218
21
-4.5331290157480311
0
LINE
8
BLACK
6
CONTINUOUS
10
2.7638068110236218
20
-4.5331290157480311
11
2.7686732283464566
21
-4.5323582677165355
0
LINE
8
BLACK
6
CONTINUOUS
10
2.7686732283464566
20
-4.5323582677165355
11
2.7903267716535431
21
-4.5323582677165355
0
LINE
8
BLACK
6
CONTINUOUS
10
2.7903267716535431
20
-4.5323582677165355
11
2.7951931889763779
21
-4.5331290157480311
0
LINE
8
BLACK
6
CONTINUOUS
10
2.5958863385826771
20
-4.4706146062992129
11
2.6015635433070865
21
-4.4717438976377952
0
LINE
8
BLACK
6
CONTINUOUS
10
2.6015635433070865
20
-4.4717438976377952
11
2.6069113385826772
21
-4.4739590157480311
0
LINE
8
BLACK
6
CONTINUOUS
10
2.6069113385826772
20
-4.4739590157480311
11
2.6117242125984252
21
-4.4771748818897636
0
LINE
8
BLACK
6
CONTINUOUS
10
2.6117242125984252
20
-4.4771748818897636
11
2.615817244094488
21
-4.4812679133858264
0
LINE
8
BLACK
6
CONTINUOUS
10
2.615817244094488
20
-4.4812679133858264
11
2.6190331102362205
21
-4.4860807874015745
0
LINE
8
BLACK
6
CONTINUOUS
10
2.6190331102362205
20
-4.4860807874015745
11
2.6212482283464564
21
-4.4914285826771652
0
LINE
8
BLACK
6
CONTINUOUS
10
2.6212482283464564
20
-4.4914285826771652
11
2.6223775196850392
21
-4.4971057874015745
0
LINE
8
BLACK
6
CONTINUOUS
10
2.6223775196850392
20
-4.4971057874015745
11
2.6223775196850392
21
-4.5028942125984255
0
LINE
8
BLACK
6
CONTINUOUS
10
2.6223775196850392
20
-4.5028942125984255
11
2.6212482283464564
21
-4.5085714173228348
0
LINE
8
BLACK
6
CONTINUOUS
10
2.6212482283464564
20
-4.5085714173228348
11
2.6190331102362205
21
-4.5139192125984247
0
LINE
8
BLACK
6
CONTINUOUS
10
2.6190331102362205
20
-4.5139192125984247
11
2.615817244094488
21
-4.5187320866141727
0
LINE
8
BLACK
6
CONTINUOUS
10
2.615817244094488
20
-4.5187320866141727
11
2.6117242125984252
21
-4.5228251181102364
0
LINE
8
BLACK
6
CONTINUOUS
10
2.6117242125984252
20
-4.5228251181102364
11
2.6084692519685038
21
-4.5249999999999995
0
LINE
8
BLACK
6
CONTINUOUS
10
2.6084692519685038
20
-4.5249999999999995
11
2.6117242125984252
21
-4.5271748818897635
0
LINE
8
BLACK
6
CONTINUOUS
10
2.6117242125984252
20
-4.5271748818897635
11
2.615817244094488
21
-4.5312679133858262
0
LINE
8
BLACK
6
CONTINUOUS
10
2.615817244094488
20
-4.5312679133858262
11
2.6190331102362205
21
-4.5360807874015743
0
LINE
8
BLACK
6
CONTINUOUS
10
2.6190331102362205
20
-4.5360807874015743
11
2.6212482283464564
21
-4.541428582677165
0
LINE
8
BLACK
6
CONTINUOUS
10
2.6212482283464564
20
-4.541428582677165
11
2.6223775196850392
21
-4.5471057874015743
0
LINE
8
BLACK
6
CONTINUOUS
10
2.6223775196850392
20
-4.5471057874015743
11
2.6223775196850392
21
-4.5528942125984253
0
LINE
8
BLACK
6
CONTINUOUS
10
2.6223775196850392
20
-4.5528942125984253
11
2.6212482283464564
21
-4.5585714173228347
0
LINE
8
BLACK
6
CONTINUOUS
10
2.6212482283464564
20
-4.5585714173228347
11
2.6190331102362205
21
-4.5639192125984254
0
LINE
8
BLACK
6
CONTINUOUS
10
2.6190331102362205
20
-4.5639192125984254
11
2.615817244094488
21
-4.5687320866141734
0
LINE
8
BLACK
6
CONTINUOUS
10
2.615817244094488
20
-4.5687320866141734
11
2.6117242125984252
21
-4.5728251181102362
0
LINE
8
BLACK
6
CONTINUOUS
10
2.6117242125984252
20
-4.5728251181102362
11
2.6069113385826772
21
-4.5760409842519687
0
LINE
8
BLACK
6
CONTINUOUS
10
2.6069113385826772
20
-4.5760409842519687
11
2.6015635433070865
21
-4.5782561023622046
0
LINE
8
BLACK
6
CONTINUOUS
10
2.6015635433070865
20
-4.5782561023622046
11
2.5958863385826771
21
-4.5793853937007869
0
LINE
8
BLACK
6
CONTINUOUS
10
2.5958863385826771
20
-4.5793853937007869
11
2.5929921259842521
21
-4.5795275590551183
0
LINE
8
BLACK
6
CONTINUOUS
10
2.5929921259842521
20
-4.5795275590551183
11
2.5851181102362206
21
-4.5795275590551183
0
LINE
8
BLACK
6
CONTINUOUS
10
2.5851181102362206
20
-4.5795275590551183
11
2.5822238976377951
21
-4.5793853937007869
0
LINE
8
BLACK
6
CONTINUOUS
10
2.5822238976377951
20
-4.5793853937007869
11
2.5765466929133858
21
-4.5782561023622046
0
LINE
8
BLACK
6
CONTINUOUS
10
2.5765466929133858
20
-4.5782561023622046
11
2.5711988976377951
21
-4.5760409842519687
0
LINE
8
BLACK
6
CONTINUOUS
10
2.5711988976377951
20
-4.5760409842519687
11
2.566386023622047
21
-4.5728251181102362
0
LINE
8
BLACK
6
CONTINUOUS
10
2.566386023622047
20
-4.5728251181102362
11
2.5622929921259843
21
-4.5687320866141734
0
LINE
8
BLACK
6
CONTINUOUS
10
2.5622929921259843
20
-4.5687320866141734
11
2.5590771259842517
21
-4.5639192125984254
0
LINE
8
BLACK
6
CONTINUOUS
10
2.5590771259842517
20
-4.5639192125984254
11
2.5568620078740159
21
-4.5585714173228347
0
LINE
8
BLACK
6
CONTINUOUS
10
2.5568620078740159
20
-4.5585714173228347
11
2.5557327165354331
21
-4.5528942125984253
0
LINE
8
BLACK
6
CONTINUOUS
10
2.5557327165354331
20
-4.5528942125984253
11
2.5557327165354331
21
-4.5471057874015743
0
LINE
8
BLACK
6
CONTINUOUS
10
2.5557327165354331
20
-4.5471057874015743
11
2.5568620078740159
21
-4.541428582677165
0
LINE
8
BLACK
6
CONTINUOUS
10
2.5568620078740159
20
-4.541428582677165
11
2.5590771259842517
21
-4.5360807874015743
0
LINE
8
BLACK
6
CONTINUOUS
10
2.5590771259842517
20
-4.5360807874015743
11
2.5622929921259843
21
-4.5312679133858262
0
LINE
8
BLACK
6
CONTINUOUS
10
2.5622929921259843
20
-4.5312679133858262
11
2.566386023622047
21
-4.5271748818897635
0
LINE
8
BLACK
6
CONTINUOUS
10
2.566386023622047
20
-4.5271748818897635
11
2.5696409448818898
21
-4.5249999999999995
0
LINE
8
BLACK
6
CONTINUOUS
10
2.5696409448818898
20
-4.5249999999999995
11
2.566386023622047
21
-4.5228251181102364
0
LINE
8
BLACK
6
CONTINUOUS
10
2.566386023622047
20
-4.5228251181102364
11
2.5622929921259843
21
-4.5187320866141727
0
LINE
8
BLACK
6
CONTINUOUS
10
2.5622929921259843
20
-4.5187320866141727
11
2.5590771259842517
21
-4.5139192125984247
0
LINE
8
BLACK
6
CONTINUOUS
10
2.5590771259842517
20
-4.5139192125984247
11
2.5568620078740159
21
-4.5085714173228348
0
LINE
8
BLACK
6
CONTINUOUS
10
2.5568620078740159
20
-4.5085714173228348
11
2.5557327165354331
21
-4.5028942125984255
0
LINE
8
BLACK
6
CONTINUOUS
10
2.5557327165354331
20
-4.5028942125984255
11
2.5557327165354331
21
-4.4971057874015745
0
LINE
8
BLACK
6
CONTINUOUS
10
2.5557327165354331
20
-4.4971057874015745
11
2.5568620078740159
21
-4.4914285826771652
0
LINE
8
BLACK
6
CONTINUOUS
10
2.5568620078740159
20
-4.4914285826771652
11
2.5590771259842517
21
-4.4860807874015745
0
LINE
8
BLACK
6
CONTINUOUS
10
2.5590771259842517
20
-4.4860807874015745
11
2.5622929921259843
21
-4.4812679133858264
0
LINE
8
BLACK
6
CONTINUOUS
10
2.5622929921259843
20
-4.4812679133858264
11
2.566386023622047
21
-4.4771748818897636
0
LINE
8
BLACK
6
CONTINUOUS
10
2.566386023622047
20
-4.4771748818897636
11
2.5711988976377951
21
-4.4739590157480311
0
LINE
8
BLACK
6
CONTINUOUS
10
2.5711988976377951
20
-4.4739590157480311
11
2.5765466929133858
21
-4.4717438976377952
0
LINE
8
BLACK
6
CONTINUOUS
10
2.5765466929133858
20
-4.4717438976377952
11
2.5822238976377951
21
-4.4706146062992129
0
LINE
8
BLACK
6
CONTINUOUS
10
2.5822238976377951
20
-4.4706146062992129
11
2.5851181102362206
21
-4.4704724409448815
0
LINE
8
BLACK
6
CONTINUOUS
10
2.5851181102362206
20
-4.4704724409448815
11
2.5929921259842521
21
-4.4704724409448815
0
LINE
8
BLACK
6
CONTINUOUS
10
2.5929921259842521
20
-4.4704724409448815
11
2.5958863385826771
21
-4.4706146062992129
0
LINE
8
BLACK
6
CONTINUOUS
10
2.8630170078740158
20
-4.4627441338582674
11
2.8676814566929134
21
-4.4651207874015748
0
LINE
8
BLACK
6
CONTINUOUS
10
2.8676814566929134
20
-4.4651207874015748
11
2.8713831496062991
21
-4.4688224803149605
0
LINE
8
BLACK
6
CONTINUOUS
10
2.8713831496062991
20
-4.4688224803149605
11
2.8737598031496061
21
-4.4734869291338581
0
LINE
8
BLACK
6
CONTINUOUS
10
2.8737598031496061
20
-4.4734869291338581
11
2.8745787401574803
21
-4.4786574803149604
0
LINE
8
BLACK
6
CONTINUOUS
10
2.8745787401574803
20
-4.4786574803149604
11
2.8745787401574803
21
-4.4983425196850391
0
LINE
8
BLACK
6
CONTINUOUS
10
2.8745787401574803
20
-4.4983425196850391
11
2.8737598031496061
21
-4.5035130708661413
0
LINE
8
BLACK
6
CONTINUOUS
10
2.8737598031496061
20
-4.5035130708661413
11
2.8713831496062991
21
-4.5081775196850389
0
LINE
8
BLACK
6
CONTINUOUS
10
2.8713831496062991
20
-4.5081775196850389
11
2.8676814566929134
21
-4.5118792125984255
0
LINE
8
BLACK
6
CONTINUOUS
10
2.8676814566929134
20
-4.5118792125984255
11
2.8630170078740158
21
-4.514255866141732
0
LINE
8
BLACK
6
CONTINUOUS
10
2.8630170078740158
20
-4.514255866141732
11
2.8578464566929132
21
-4.5150748031496066
0
LINE
8
BLACK
6
CONTINUOUS
10
2.8578464566929132
20
-4.5150748031496066
11
2.8401299212598423
21
-4.5150748031496066
0
LINE
8
BLACK
6
CONTINUOUS
10
2.8401299212598423
20
-4.5150748031496066
11
2.8349593700787401
21
-4.514255866141732
0
LINE
8
BLACK
6
CONTINUOUS
10
2.8349593700787401
20
-4.514255866141732
11
2.8302949212598425
21
-4.5118792125984255
0
LINE
8
BLACK
6
CONTINUOUS
10
2.8302949212598425
20
-4.5118792125984255
11
2.8265932283464568
21
-4.5081775196850389
0
LINE
8
BLACK
6
CONTINUOUS
10
2.8265932283464568
20
-4.5081775196850389
11
2.8242165748031494
21
-4.5035130708661413
0
LINE
8
BLACK
6
CONTINUOUS
10
2.8242165748031494
20
-4.5035130708661413
11
2.8233976377952756
21
-4.4983425196850391
0
LINE
8
BLACK
6
CONTINUOUS
10
2.8233976377952756
20
-4.4983425196850391
11
2.8233976377952756
21
-4.4786574803149604
0
LINE
8
BLACK
6
CONTINUOUS
10
2.8233976377952756
20
-4.4786574803149604
11
2.8242165748031494
21
-4.4734869291338581
0
LINE
8
BLACK
6
CONTINUOUS
10
2.8242165748031494
20
-4.4734869291338581
11
2.8265932283464568
21
-4.4688224803149605
0
LINE
8
BLACK
6
CONTINUOUS
10
2.8265932283464568
20
-4.4688224803149605
11
2.8302949212598425
21
-4.4651207874015748
0
LINE
8
BLACK
6
CONTINUOUS
10
2.8302949212598425
20
-4.4651207874015748
11
2.8349593700787401
21
-4.4627441338582674
0
LINE
8
BLACK
6
CONTINUOUS
10
2.8349593700787401
20
-4.4627441338582674
11
2.8401299212598423
21
-4.4619251968503937
0
LINE
8
BLACK
6
CONTINUOUS
10
2.8401299212598423
20
-4.4619251968503937
11
2.8578464566929132
21
-4.4619251968503937
0
LINE
8
BLACK
6
CONTINUOUS
10
2.8578464566929132
20
-4.4619251968503937
11
2.8630170078740158
21
-4.4627441338582674
0
LINE
8
BLACK
6
CONTINUOUS
10
2.9240406299212598
20
-4.4627441338582674
11
2.9287050787401574
21
-4.4651207874015748
0
LINE
8
BLACK
6
CONTINUOUS
10
2.9287050787401574
20
-4.4651207874015748
11
2.9324067716535431
21
-4.4688224803149605
0
LINE
8
BLACK
6
CONTINUOUS
10
2.9324067716535431
20
-4.4688224803149605
11
2.9347834251968505
21
-4.4734869291338581
0
LINE
8
BLACK
6
CONTINUOUS
10
2.9347834251968505
20
-4.4734869291338581
11
2.9356023622047243
21
-4.4786574803149604
0
LINE
8
BLACK
6
CONTINUOUS
10
2.9356023622047243
20
-4.4786574803149604
11
2.9356023622047243
21
-4.4983425196850391
0
LINE
8
BLACK
6
CONTINUOUS
10
2.9356023622047243
20
-4.4983425196850391
11
2.9347834251968505
21
-4.5035130708661413
0
LINE
8
BLACK
6
CONTINUOUS
10
2.9347834251968505
20
-4.5035130708661413
11
2.9324067716535431
21
-4.5081775196850389
0
LINE
8
BLACK
6
CONTINUOUS
10
2.9324067716535431
20
-4.5081775196850389
11
2.9287050787401574
21
-4.5118792125984255
0
LINE
8
BLACK
6
CONTINUOUS
10
2.9287050787401574
20
-4.5118792125984255
11
2.9240406299212598
21
-4.514255866141732
0
LINE
8
BLACK
6
CONTINUOUS
10
2.9240406299212598
20
-4.514255866141732
11
2.9188700787401576
21
-4.5150748031496066
0
LINE
8
BLACK
6
CONTINUOUS
10
2.9188700787401576
20
-4.5150748031496066
11
2.9011535433070867
21
-4.5150748031496066
0
LINE
8
BLACK
6
CONTINUOUS
10
2.9011535433070867
20
-4.5150748031496066
11
2.8959829921259841
21
-4.514255866141732
0
LINE
8
BLACK
6
CONTINUOUS
10
2.8959829921259841
20
-4.514255866141732
11
2.8913185433070865
21
-4.5118792125984255
0
LINE
8
BLACK
6
CONTINUOUS
10
2.8913185433070865
20
-4.5118792125984255
11
2.8876168503937008
21
-4.5081775196850389
0
LINE
8
BLACK
6
CONTINUOUS
10
2.8876168503937008
20
-4.5081775196850389
11
2.8852401968503938
21
-4.5035130708661413
0
LINE
8
BLACK
6
CONTINUOUS
10
2.8852401968503938
20
-4.5035130708661413
11
2.8844212598425196
21
-4.4983425196850391
0
LINE
8
BLACK
6
CONTINUOUS
10
2.8844212598425196
20
-4.4983425196850391
11
2.8844212598425196
21
-4.4786574803149604
0
LINE
8
BLACK
6
CONTINUOUS
10
2.8844212598425196
20
-4.4786574803149604
11
2.8852401968503938
21
-4.4734869291338581
0
LINE
8
BLACK
6
CONTINUOUS
10
2.8852401968503938
20
-4.4734869291338581
11
2.8876168503937008
21
-4.4688224803149605
0
LINE
8
BLACK
6
CONTINUOUS
10
2.8876168503937008
20
-4.4688224803149605
11
2.8913185433070865
21
-4.4651207874015748
0
LINE
8
BLACK
6
CONTINUOUS
10
2.8913185433070865
20
-4.4651207874015748
11
2.8959829921259841
21
-4.4627441338582674
0
LINE
8
BLACK
6
CONTINUOUS
10
2.8959829921259841
20
-4.4627441338582674
11
2.9011535433070867
21
-4.4619251968503937
0
LINE
8
BLACK
6
CONTINUOUS
10
2.9011535433070867
20
-4.4619251968503937
11
2.9188700787401576
21
-4.4619251968503937
0
LINE
8
BLACK
6
CONTINUOUS
10
2.9188700787401576
20
-4.4619251968503937
11
2.9240406299212598
21
-4.4627441338582674
0
LINE
8
BLACK
6
CONTINUOUS
10
2.7951931889763779
20
-4.4681683858267718
11
2.7995832283464566
21
-4.470405236220472
0
LINE
8
BLACK
6
CONTINUOUS
10
2.7995832283464566
20
-4.470405236220472
11
2.8030672047244094
21
-4.4738892125984249
0
LINE
8
BLACK
6
CONTINUOUS
10
2.8030672047244094
20
-4.4738892125984249
11
2.8053040551181101
21
-4.4782792519685035
0
LINE
8
BLACK
6
CONTINUOUS
10
2.8053040551181101
20
-4.4782792519685035
11
2.8060748031496061
21
-4.4831456692913383
0
LINE
8
BLACK
6
CONTINUOUS
10
2.8060748031496061
20
-4.4831456692913383
11
2.8060748031496061
21
-4.4988937007874013
0
LINE
8
BLACK
6
CONTINUOUS
10
2.8060748031496061
20
-4.4988937007874013
11
2.8053040551181101
21
-4.503760118110236
0
LINE
8
BLACK
6
CONTINUOUS
10
2.8053040551181101
20
-4.503760118110236
11
2.8030672047244094
21
-4.5081501574803147
0
LINE
8
BLACK
6
CONTINUOUS
10
2.8030672047244094
20
-4.5081501574803147
11
2.7995832283464566
21
-4.5116341338582675
0
LINE
8
BLACK
6
CONTINUOUS
10
2.7995832283464566
20
-4.5116341338582675
11
2.7951931889763779
21
-4.5138709842519686
0
LINE
8
BLACK
6
CONTINUOUS
10
2.7951931889763779
20
-4.5138709842519686
11
2.7903267716535431
21
-4.5146417322834642
0
LINE
8
BLACK
6
CONTINUOUS
10
2.7903267716535431
20
-4.5146417322834642
11
2.7686732283464566
21
-4.5146417322834642
0
LINE
8
BLACK
6
CONTINUOUS
10
2.7686732283464566
20
-4.5146417322834642
11
2.7638068110236218
21
-4.5138709842519686
0
LINE
8
BLACK
6
CONTINUOUS
10
2.7638068110236218
20
-4.5138709842519686
11
2.7594167716535432
21
-4.5116341338582675
0
LINE
8
BLACK
6
CONTINUOUS
10
2.7594167716535432
20
-4.5116341338582675
11
2.7559327952755903
21
-4.5081501574803147
0
LINE
8
BLACK
6
CONTINUOUS
10
2.7559327952755903
20
-4.5081501574803147
11
2.7536959448818896
21
-4.503760118110236
0
LINE
8
BLACK
6
CONTINUOUS
10
2.7536959448818896
20
-4.503760118110236
11
2.7529251968503936
21
-4.4988937007874013
0
LINE
8
BLACK
6
CONTINUOUS
10
2.7529251968503936
20
-4.4988937007874013
11
2.7529251968503936
21
-4.4831456692913383
0
LINE
8
BLACK
6
CONTINUOUS
10
2.7529251968503936
20
-4.4831456692913383
11
2.7536959448818896
21
-4.4782792519685035
0
LINE
8
BLACK
6
CONTINUOUS
10
2.7536959448818896
20
-4.4782792519685035
11
2.7559327952755903
21
-4.4738892125984249
0
LINE
8
BLACK
6
CONTINUOUS
10
2.7559327952755903
20
-4.4738892125984249
11
2.7594167716535432
21
-4.470405236220472
0
LINE
8
BLACK
6
CONTINUOUS
10
2.7594167716535432
20
-4.470405236220472
11
2.7638068110236218
21
-4.4681683858267718
0
LINE
8
BLACK
6
CONTINUOUS
10
2.7638068110236218
20
-4.4681683858267718
11
2.7686732283464566
21
-4.4673976377952753
0
LINE
8
BLACK
6
CONTINUOUS
10
2.7686732283464566
20
-4.4673976377952753
11
2.7903267716535431
21
-4.4673976377952753
0
LINE
8
BLACK
6
CONTINUOUS
10
2.7903267716535431
20
-4.4673976377952753
11
2.7951931889763779
21
-4.4681683858267718
0
LINE
8
BLACK
6
CONTINUOUS
10
3.4882130708661419
20
-4.4635401968503938
11
3.4928775196850395
21
-4.4659168503937003
0
LINE
8
BLACK
6
CONTINUOUS
10
3.4928775196850395
20
-4.4659168503937003
11
3.4965792125984252
21
-4.4696185433070861
0
LINE
8
BLACK
6
CONTINUOUS
10
3.4965792125984252
20
-4.4696185433070861
11
3.4989558661417322
21
-4.4742829921259846
0
LINE
8
BLACK
6
CONTINUOUS
10
3.4989558661417322
20
-4.4742829921259846
11
3.4997748031496063
21
-4.4794535433070868
0
LINE
8
BLACK
6
CONTINUOUS
10
3.4997748031496063
20
-4.4794535433070868
11
3.4997748031496063
21
-4.4971700787401572
0
LINE
8
BLACK
6
CONTINUOUS
10
3.4997748031496063
20
-4.4971700787401572
11
3.4989558661417322
21
-4.5023406299212594
0
LINE
8
BLACK
6
CONTINUOUS
10
3.4989558661417322
20
-4.5023406299212594
11
3.4965792125984252
21
-4.507005078740157
0
LINE
8
BLACK
6
CONTINUOUS
10
3.4965792125984252
20
-4.507005078740157
11
3.4928775196850395
21
-4.5107067716535436
0
LINE
8
BLACK
6
CONTINUOUS
10
3.4928775196850395
20
-4.5107067716535436
11
3.4882130708661419
21
-4.5130834251968501
0
LINE
8
BLACK
6
CONTINUOUS
10
3.4882130708661419
20
-4.5130834251968501
11
3.4830425196850392
21
-4.5139023622047247
0
LINE
8
BLACK
6
CONTINUOUS
10
3.4830425196850392
20
-4.5139023622047247
11
3.4633574803149605
21
-4.5139023622047247
0
LINE
8
BLACK
6
CONTINUOUS
10
3.4633574803149605
20
-4.5139023622047247
11
3.4581869291338583
21
-4.5130834251968501
0
LINE
8
BLACK
6
CONTINUOUS
10
3.4581869291338583
20
-4.5130834251968501
11
3.4535224803149607
21
-4.5107067716535436
0
LINE
8
BLACK
6
CONTINUOUS
10
3.4535224803149607
20
-4.5107067716535436
11
3.4498207874015749
21
-4.507005078740157
0
LINE
8
BLACK
6
CONTINUOUS
10
3.4498207874015749
20
-4.507005078740157
11
3.4474441338582675
21
-4.5023406299212594
0
LINE
8
BLACK
6
CONTINUOUS
10
3.4474441338582675
20
-4.5023406299212594
11
3.4466251968503938
21
-4.4971700787401572
0
LINE
8
BLACK
6
CONTINUOUS
10
3.4466251968503938
20
-4.4971700787401572
11
3.4466251968503938
21
-4.4794535433070868
0
LINE
8
BLACK
6
CONTINUOUS
10
3.4466251968503938
20
-4.4794535433070868
11
3.4474441338582675
21
-4.4742829921259846
0
LINE
8
BLACK
6
CONTINUOUS
10
3.4474441338582675
20
-4.4742829921259846
11
3.4498207874015749
21
-4.4696185433070861
0
LINE
8
BLACK
6
CONTINUOUS
10
3.4498207874015749
20
-4.4696185433070861
11
3.4535224803149607
21
-4.4659168503937003
0
LINE
8
BLACK
6
CONTINUOUS
10
3.4535224803149607
20
-4.4659168503937003
11
3.4581869291338583
21
-4.4635401968503938
0
LINE
8
BLACK
6
CONTINUOUS
10
3.4581869291338583
20
-4.4635401968503938
11
3.4633574803149605
21
-4.4627212598425192
0
LINE
8
BLACK
6
CONTINUOUS
10
3.4633574803149605
20
-4.4627212598425192
11
3.4830425196850392
21
-4.4627212598425192
0
LINE
8
BLACK
6
CONTINUOUS
10
3.4830425196850392
20
-4.4627212598425192
11
3.4882130708661419
21
-4.4635401968503938
0
LINE
8
BLACK
6
CONTINUOUS
10
3.7231707480314959
20
-4.4150875590551184
11
3.7257252362204722
21
-4.4167944488188979
0
LINE
8
BLACK
6
CONTINUOUS
10
3.7257252362204722
20
-4.4167944488188979
11
3.7274321259842518
21
-4.4193489370078742
0
LINE
8
BLACK
6
CONTINUOUS
10
3.7274321259842518
20
-4.4193489370078742
11
3.7280314960629921
21
-4.4223622047244096
0
LINE
8
BLACK
6
CONTINUOUS
10
3.7280314960629921
20
-4.4223622047244096
11
3.7280314960629921
21
-4.4823622047244092
0
LINE
8
BLACK
6
CONTINUOUS
10
3.7280314960629921
20
-4.4823622047244092
11
3.7274321259842518
21
-4.4853754724409445
0
LINE
8
BLACK
6
CONTINUOUS
10
3.7274321259842518
20
-4.4853754724409445
11
3.7257252362204722
21
-4.4879299606299208
0
LINE
8
BLACK
6
CONTINUOUS
10
3.7257252362204722
20
-4.4879299606299208
11
3.7231707480314959
21
-4.4896368503937003
0
LINE
8
BLACK
6
CONTINUOUS
10
3.7231707480314959
20
-4.4896368503937003
11
3.7201574803149606
21
-4.4902362204724406
0
LINE
8
BLACK
6
CONTINUOUS
10
3.7201574803149606
20
-4.4902362204724406
11
3.6601574803149606
21
-4.4902362204724406
0
LINE
8
BLACK
6
CONTINUOUS
10
3.6601574803149606
20
-4.4902362204724406
11
3.6571442125984253
21
-4.4896368503937003
0
LINE
8
BLACK
6
CONTINUOUS
10
3.6571442125984253
20
-4.4896368503937003
11
3.6545897244094485
21
-4.4879299606299208
0
LINE
8
BLACK
6
CONTINUOUS
10
3.6545897244094485
20
-4.4879299606299208
11
3.6528828346456694
21
-4.4853754724409445
0
LINE
8
BLACK
6
CONTINUOUS
10
3.6528828346456694
20
-4.4853754724409445
11
3.6522834645669291
21
-4.4823622047244092
0
LINE
8
BLACK
6
CONTINUOUS
10
3.6522834645669291
20
-4.4823622047244092
11
3.6522834645669291
21
-4.4223622047244096
0
LINE
8
BLACK
6
CONTINUOUS
10
3.6522834645669291
20
-4.4223622047244096
11
3.6528828346456694
21
-4.4193489370078742
0
LINE
8
BLACK
6
CONTINUOUS
10
3.6528828346456694
20
-4.4193489370078742
11
3.6545897244094485
21
-4.4167944488188979
0
LINE
8
BLACK
6
CONTINUOUS
10
3.6545897244094485
20
-4.4167944488188979
11
3.6571442125984253
21
-4.4150875590551184
0
LINE
8
BLACK
6
CONTINUOUS
10
3.6571442125984253
20
-4.4150875590551184
11
3.6601574803149606
21
-4.4144881889763781
0
LINE
8
BLACK
6
CONTINUOUS
10
3.6601574803149606
20
-4.4144881889763781
11
3.7201574803149606
21
-4.4144881889763781
0
LINE
8
BLACK
6
CONTINUOUS
10
3.7201574803149606
20
-4.4144881889763781
11
3.7231707480314959
21
-4.4150875590551184
0
LINE
8
BLACK
6
CONTINUOUS
10
2.536831220472441
20
-4.4206146062992122
11
2.5425084251968504
21
-4.4217438976377954
0
LINE
8
BLACK
6
CONTINUOUS
10
2.5425084251968504
20
-4.4217438976377954
11
2.5478562204724411
21
-4.4239590157480313
0
LINE
8
BLACK
6
CONTINUOUS
10
2.5478562204724411
20
-4.4239590157480313
11
2.5526690944881891
21
-4.4271748818897638
0
LINE
8
BLACK
6
CONTINUOUS
10
2.5526690944881891
20
-4.4271748818897638
11
2.5567621259842519
21
-4.4312679133858266
0
LINE
8
BLACK
6
CONTINUOUS
10
2.5567621259842519
20
-4.4312679133858266
11
2.559977992125984
21
-4.4360807874015746
0
LINE
8
BLACK
6
CONTINUOUS
10
2.559977992125984
20
-4.4360807874015746
11
2.5621931102362203
21
-4.4414285826771653
0
LINE
8
BLACK
6
CONTINUOUS
10
2.5621931102362203
20
-4.4414285826771653
11
2.5633224015748031
21
-4.4471057874015747
0
LINE
8
BLACK
6
CONTINUOUS
10
2.5633224015748031
20
-4.4471057874015747
11
2.5633224015748031
21
-4.4528942125984248
0
LINE
8
BLACK
6
CONTINUOUS
10
2.5633224015748031
20
-4.4528942125984248
11
2.5621931102362203
21
-4.4585714173228341
0
LINE
8
BLACK
6
CONTINUOUS
10
2.5621931102362203
20
-4.4585714173228341
11
2.559977992125984
21
-4.4639192125984248
0
LINE
8
BLACK
6
CONTINUOUS
10
2.559977992125984
20
-4.4639192125984248
11
2.5567621259842519
21
-4.4687320866141729
0
LINE
8
BLACK
6
CONTINUOUS
10
2.5567621259842519
20
-4.4687320866141729
11
2.5526690944881891
21
-4.4728251181102365
0
LINE
8
BLACK
6
CONTINUOUS
10
2.5526690944881891
20
-4.4728251181102365
11
2.5478562204724411
21
-4.4760409842519682
0
LINE
8
BLACK
6
CONTINUOUS
10
2.5478562204724411
20
-4.4760409842519682
11
2.5425084251968504
21
-4.4782561023622049
0
LINE
8
BLACK
6
CONTINUOUS
10
2.5425084251968504
20
-4.4782561023622049
11
2.536831220472441
21
-4.4793853937007873
0
LINE
8
BLACK
6
CONTINUOUS
10
2.536831220472441
20
-4.4793853937007873
11
2.5339370078740155
21
-4.4795275590551178
0
LINE
8
BLACK
6
CONTINUOUS
10
2.5339370078740155
20
-4.4795275590551178
11
2.5260629921259841
21
-4.4795275590551178
0
LINE
8
BLACK
6
CONTINUOUS
10
2.5260629921259841
20
-4.4795275590551178
11
2.523168779527559
21
-4.4793853937007873
0
LINE
8
BLACK
6
CONTINUOUS
10
2.523168779527559
20
-4.4793853937007873
11
2.5174915748031497
21
-4.4782561023622049
0
LINE
8
BLACK
6
CONTINUOUS
10
2.5174915748031497
20
-4.4782561023622049
11
2.512143779527559
21
-4.4760409842519682
0
LINE
8
BLACK
6
CONTINUOUS
10
2.512143779527559
20
-4.4760409842519682
11
2.5073309055118109
21
-4.4728251181102365
0
LINE
8
BLACK
6
CONTINUOUS
10
2.5073309055118109
20
-4.4728251181102365
11
2.5032378740157482
21
-4.4687320866141729
0
LINE
8
BLACK
6
CONTINUOUS
10
2.5032378740157482
20
-4.4687320866141729
11
2.5000220078740156
21
-4.4639192125984248
0
LINE
8
BLACK
6
CONTINUOUS
10
2.5000220078740156
20
-4.4639192125984248
11
2.4978068897637793
21
-4.4585714173228341
0
LINE
8
BLACK
6
CONTINUOUS
10
2.4978068897637793
20
-4.4585714173228341
11
2.496677598425197
21
-4.4528942125984248
0
LINE
8
BLACK
6
CONTINUOUS
10
2.496677598425197
20
-4.4528942125984248
11
2.496677598425197
21
-4.4471057874015747
0
LINE
8
BLACK
6
CONTINUOUS
10
2.496677598425197
20
-4.4471057874015747
11
2.4978068897637793
21
-4.4414285826771653
0
LINE
8
BLACK
6
CONTINUOUS
10
2.4978068897637793
20
-4.4414285826771653
11
2.5000220078740156
21
-4.4360807874015746
0
LINE
8
BLACK
6
CONTINUOUS
10
2.5000220078740156
20
-4.4360807874015746
11
2.5032378740157482
21
-4.4312679133858266
0
LINE
8
BLACK
6
CONTINUOUS
10
2.5032378740157482
20
-4.4312679133858266
11
2.5073309055118109
21
-4.4271748818897638
0
LINE
8
BLACK
6
CONTINUOUS
10
2.5073309055118109
20
-4.4271748818897638
11
2.512143779527559
21
-4.4239590157480313
0
LINE
8
BLACK
6
CONTINUOUS
10
2.512143779527559
20
-4.4239590157480313
11
2.5174915748031497
21
-4.4217438976377954
0
LINE
8
BLACK
6
CONTINUOUS
10
2.5174915748031497
20
-4.4217438976377954
11
2.523168779527559
21
-4.4206146062992122
0
LINE
8
BLACK
6
CONTINUOUS
10
2.523168779527559
20
-4.4206146062992122
11
2.5260629921259841
21
-4.4204724409448817
0
LINE
8
BLACK
6
CONTINUOUS
10
2.5260629921259841
20
-4.4204724409448817
11
2.5339370078740155
21
-4.4204724409448817
0
LINE
8
BLACK
6
CONTINUOUS
10
2.5339370078740155
20
-4.4204724409448817
11
2.536831220472441
21
-4.4206146062992122
0
LINE
8
BLACK
6
CONTINUOUS
10
3.4882130708661419
20
-4.4025165748031494
11
3.4928775196850395
21
-4.4048932283464568
0
LINE
8
BLACK
6
CONTINUOUS
10
3.4928775196850395
20
-4.4048932283464568
11
3.4965792125984252
21
-4.4085949212598425
0
LINE
8
BLACK
6
CONTINUOUS
10
3.4965792125984252
20
-4.4085949212598425
11
3.4989558661417322
21
-4.4132593700787401
0
LINE
8
BLACK
6
CONTINUOUS
10
3.4989558661417322
20
-4.4132593700787401
11
3.4997748031496063
21
-4.4184299212598424
0
LINE
8
BLACK
6
CONTINUOUS
10
3.4997748031496063
20
-4.4184299212598424
11
3.4997748031496063
21
-4.4361464566929136
0
LINE
8
BLACK
6
CONTINUOUS
10
3.4997748031496063
20
-4.4361464566929136
11
3.4989558661417322
21
-4.4413170078740158
0
LINE
8
BLACK
6
CONTINUOUS
10
3.4989558661417322
20
-4.4413170078740158
11
3.4965792125984252
21
-4.4459814566929134
0
LINE
8
BLACK
6
CONTINUOUS
10
3.4965792125984252
20
-4.4459814566929134
11
3.4928775196850395
21
-4.4496831496062992
0
LINE
8
BLACK
6
CONTINUOUS
10
3.4928775196850395
20
-4.4496831496062992
11
3.4882130708661419
21
-4.4520598031496066
0
LINE
8
BLACK
6
CONTINUOUS
10
3.4882130708661419
20
-4.4520598031496066
11
3.4830425196850392
21
-4.4528787401574803
0
LINE
8
BLACK
6
CONTINUOUS
10
3.4830425196850392
20
-4.4528787401574803
11
3.4633574803149605
21
-4.4528787401574803
0
LINE
8
BLACK
6
CONTINUOUS
10
3.4633574803149605
20
-4.4528787401574803
11
3.4581869291338583
21
-4.4520598031496066
0
LINE
8
BLACK
6
CONTINUOUS
10
3.4581869291338583
20
-4.4520598031496066
11
3.4535224803149607
21
-4.4496831496062992
0
LINE
8
BLACK
6
CONTINUOUS
10
3.4535224803149607
20
-4.4496831496062992
11
3.4498207874015749
21
-4.4459814566929134
0
LINE
8
BLACK
6
CONTINUOUS
10
3.4498207874015749
20
-4.4459814566929134
11
3.4474441338582675
21
-4.4413170078740158
0
LINE
8
BLACK
6
CONTINUOUS
10
3.4474441338582675
20
-4.4413170078740158
11
3.4466251968503938
21
-4.4361464566929136
0
LINE
8
BLACK
6
CONTINUOUS
10
3.4466251968503938
20
-4.4361464566929136
11
3.4466251968503938
21
-4.4184299212598424
0
LINE
8
BLACK
6
CONTINUOUS
10
3.4466251968503938
20
-4.4184299212598424
11
3.4474441338582675
21
-4.4132593700787401
0
LINE
8
BLACK
6
CONTINUOUS
10
3.4474441338582675
20
-4.4132593700787401
11
3.4498207874015749
21
-4.4085949212598425
0
LINE
8
BLACK
6
CONTINUOUS
10
3.4498207874015749
20
-4.4085949212598425
11
3.4535224803149607
21
-4.4048932283464568
0
LINE
8
BLACK
6
CONTINUOUS
10
3.4535224803149607
20
-4.4048932283464568
11
3.4581869291338583
21
-4.4025165748031494
0
LINE
8
BLACK
6
CONTINUOUS
10
3.4581869291338583
20
-4.4025165748031494
11
3.4633574803149605
21
-4.4016976377952757
0
LINE
8
BLACK
6
CONTINUOUS
10
3.4633574803149605
20
-4.4016976377952757
11
3.4830425196850392
21
-4.4016976377952757
0
LINE
8
BLACK
6
CONTINUOUS
10
3.4830425196850392
20
-4.4016976377952757
11
3.4882130708661419
21
-4.4025165748031494
0
LINE
8
BLACK
6
CONTINUOUS
10
2.8625170078740156
20
-4.384744133858268
11
2.8671814566929132
21
-4.3871207874015745
0
LINE
8
BLACK
6
CONTINUOUS
10
2.8671814566929132
20
-4.3871207874015745
11
2.870883149606299
21
-4.3908224803149603
0
LINE
8
BLACK
6
CONTINUOUS
10
2.870883149606299
20
-4.3908224803149603
11
2.8732598031496064
21
-4.3954869291338579
0
LINE
8
BLACK
6
CONTINUOUS
10
2.8732598031496064
20
-4.3954869291338579
11
2.8740787401574801
21
-4.400657480314961
0
LINE
8
BLACK
6
CONTINUOUS
10
2.8740787401574801
20
-4.400657480314961
11
2.8740787401574801
21
-4.4203425196850397
0
LINE
8
BLACK
6
CONTINUOUS
10
2.8740787401574801
20
-4.4203425196850397
11
2.8732598031496064
21
-4.4255130708661419
0
LINE
8
BLACK
6
CONTINUOUS
10
2.8732598031496064
20
-4.4255130708661419
11
2.870883149606299
21
-4.4301775196850395
0
LINE
8
BLACK
6
CONTINUOUS
10
2.870883149606299
20
-4.4301775196850395
11
2.8671814566929132
21
-4.4338792125984252
0
LINE
8
BLACK
6
CONTINUOUS
10
2.8671814566929132
20
-4.4338792125984252
11
2.8625170078740156
21
-4.4362558661417326
0
LINE
8
BLACK
6
CONTINUOUS
10
2.8625170078740156
20
-4.4362558661417326
11
2.8573464566929134
21
-4.4370748031496063
0
LINE
8
BLACK
6
CONTINUOUS
10
2.8573464566929134
20
-4.4370748031496063
11
2.8396299212598426
21
-4.4370748031496063
0
LINE
8
BLACK
6
CONTINUOUS
10
2.8396299212598426
20
-4.4370748031496063
11
2.8344593700787399
21
-4.4362558661417326
0
LINE
8
BLACK
6
CONTINUOUS
10
2.8344593700787399
20
-4.4362558661417326
11
2.8297949212598423
21
-4.4338792125984252
0
LINE
8
BLACK
6
CONTINUOUS
10
2.8297949212598423
20
-4.4338792125984252
11
2.8260932283464566
21
-4.4301775196850395
0
LINE
8
BLACK
6
CONTINUOUS
10
2.8260932283464566
20
-4.4301775196850395
11
2.8237165748031496
21
-4.4255130708661419
0
LINE
8
BLACK
6
CONTINUOUS
10
2.8237165748031496
20
-4.4255130708661419
11
2.8228976377952755
21
-4.4203425196850397
0
LINE
8
BLACK
6
CONTINUOUS
10
2.8228976377952755
20
-4.4203425196850397
11
2.8228976377952755
21
-4.400657480314961
0
LINE
8
BLACK
6
CONTINUOUS
10
2.8228976377952755
20
-4.400657480314961
11
2.8237165748031496
21
-4.3954869291338579
0
LINE
8
BLACK
6
CONTINUOUS
10
2.8237165748031496
20
-4.3954869291338579
11
2.8260932283464566
21
-4.3908224803149603
0
LINE
8
BLACK
6
CONTINUOUS
10
2.8260932283464566
20
-4.3908224803149603
11
2.8297949212598423
21
-4.3871207874015745
0
LINE
8
BLACK
6
CONTINUOUS
10
2.8297949212598423
20
-4.3871207874015745
11
2.8344593700787399
21
-4.384744133858268
0
LINE
8
BLACK
6
CONTINUOUS
10
2.8344593700787399
20
-4.384744133858268
11
2.8396299212598426
21
-4.3839251968503934
0
LINE
8
BLACK
6
CONTINUOUS
10
2.8396299212598426
20
-4.3839251968503934
11
2.8573464566929134
21
-4.3839251968503934
0
LINE
8
BLACK
6
CONTINUOUS
10
2.8573464566929134
20
-4.3839251968503934
11
2.8625170078740156
21
-4.384744133858268
0
LINE
8
BLACK
6
CONTINUOUS
10
2.9235406299212596
20
-4.384744133858268
11
2.9282050787401572
21
-4.3871207874015745
0
LINE
8
BLACK
6
CONTINUOUS
10
2.9282050787401572
20
-4.3871207874015745
11
2.9319067716535434
21
-4.3908224803149603
0
LINE
8
BLACK
6
CONTINUOUS
10
2.9319067716535434
20
-4.3908224803149603
11
2.9342834251968504
21
-4.3954869291338579
0
LINE
8
BLACK
6
CONTINUOUS
10
2.9342834251968504
20
-4.3954869291338579
11
2.9351023622047245
21
-4.400657480314961
0
LINE
8
BLACK
6
CONTINUOUS
10
2.9351023622047245
20
-4.400657480314961
11
2.9351023622047245
21
-4.4203425196850397
0
LINE
8
BLACK
6
CONTINUOUS
10
2.9351023622047245
20
-4.4203425196850397
11
2.9342834251968504
21
-4.4255130708661419
0
LINE
8
BLACK
6
CONTINUOUS
10
2.9342834251968504
20
-4.4255130708661419
11
2.9319067716535434
21
-4.4301775196850395
0
LINE
8
BLACK
6
CONTINUOUS
10
2.9319067716535434
20
-4.4301775196850395
11
2.9282050787401572
21
-4.4338792125984252
0
LINE
8
BLACK
6
CONTINUOUS
10
2.9282050787401572
20
-4.4338792125984252
11
2.9235406299212596
21
-4.4362558661417326
0
LINE
8
BLACK
6
CONTINUOUS
10
2.9235406299212596
20
-4.4362558661417326
11
2.9183700787401574
21
-4.4370748031496063
0
LINE
8
BLACK
6
CONTINUOUS
10
2.9183700787401574
20
-4.4370748031496063
11
2.9006535433070866
21
-4.4370748031496063
0
LINE
8
BLACK
6
CONTINUOUS
10
2.9006535433070866
20
-4.4370748031496063
11
2.8954829921259844
21
-4.4362558661417326
0
LINE
8
BLACK
6
CONTINUOUS
10
2.8954829921259844
20
-4.4362558661417326
11
2.8908185433070868
21
-4.4338792125984252
0
LINE
8
BLACK
6
CONTINUOUS
10
2.8908185433070868
20
-4.4338792125984252
11
2.8871168503937006
21
-4.4301775196850395
0
LINE
8
BLACK
6
CONTINUOUS
10
2.8871168503937006
20
-4.4301775196850395
11
2.8847401968503936
21
-4.4255130708661419
0
LINE
8
BLACK
6
CONTINUOUS
10
2.8847401968503936
20
-4.4255130708661419
11
2.8839212598425195
21
-4.4203425196850397
0
LINE
8
BLACK
6
CONTINUOUS
10
2.8839212598425195
20
-4.4203425196850397
11
2.8839212598425195
21
-4.400657480314961
0
LINE
8
BLACK
6
CONTINUOUS
10
2.8839212598425195
20
-4.400657480314961
11
2.8847401968503936
21
-4.3954869291338579
0
LINE
8
BLACK
6
CONTINUOUS
10
2.8847401968503936
20
-4.3954869291338579
11
2.8871168503937006
21
-4.3908224803149603
0
LINE
8
BLACK
6
CONTINUOUS
10
2.8871168503937006
20
-4.3908224803149603
11
2.8908185433070868
21
-4.3871207874015745
0
LINE
8
BLACK
6
CONTINUOUS
10
2.8908185433070868
20
-4.3871207874015745
11
2.8954829921259844
21
-4.384744133858268
0
LINE
8
BLACK
6
CONTINUOUS
10
2.8954829921259844
20
-4.384744133858268
11
2.9006535433070866
21
-4.3839251968503934
0
LINE
8
BLACK
6
CONTINUOUS
10
2.9006535433070866
20
-4.3839251968503934
11
2.9183700787401574
21
-4.3839251968503934
0
LINE
8
BLACK
6
CONTINUOUS
10
2.9183700787401574
20
-4.3839251968503934
11
2.9235406299212596
21
-4.384744133858268
0
LINE
8
BLACK
6
CONTINUOUS
10
2.7946931889763778
20
-4.3851290157480314
11
2.7990832283464568
21
-4.3873658661417325
0
LINE
8
BLACK
6
CONTINUOUS
10
2.7990832283464568
20
-4.3873658661417325
11
2.8025672047244092
21
-4.3908498425196854
0
LINE
8
BLACK
6
CONTINUOUS
10
2.8025672047244092
20
-4.3908498425196854
11
2.8048040551181104
21
-4.395239881889764
0
LINE
8
BLACK
6
CONTINUOUS
10
2.8048040551181104
20
-4.395239881889764
11
2.8055748031496064
21
-4.4001062992125979
0
LINE
8
BLACK
6
CONTINUOUS
10
2.8055748031496064
20
-4.4001062992125979
11
2.8055748031496064
21
-4.4158543307086617
0
LINE
8
BLACK
6
CONTINUOUS
10
2.8055748031496064
20
-4.4158543307086617
11
2.8048040551181104
21
-4.4207207480314956
0
LINE
8
BLACK
6
CONTINUOUS
10
2.8048040551181104
20
-4.4207207480314956
11
2.8025672047244092
21
-4.4251107874015743
0
LINE
8
BLACK
6
CONTINUOUS
10
2.8025672047244092
20
-4.4251107874015743
11
2.7990832283464568
21
-4.4285947637795271
0
LINE
8
BLACK
6
CONTINUOUS
10
2.7990832283464568
20
-4.4285947637795271
11
2.7946931889763778
21
-4.4308316141732282
0
LINE
8
BLACK
6
CONTINUOUS
10
2.7946931889763778
20
-4.4308316141732282
11
2.7898267716535434
21
-4.4316023622047247
0
LINE
8
BLACK
6
CONTINUOUS
10
2.7898267716535434
20
-4.4316023622047247
11
2.7681732283464568
21
-4.4316023622047247
0
LINE
8
BLACK
6
CONTINUOUS
10
2.7681732283464568
20
-4.4316023622047247
11
2.7633068110236221
21
-4.4308316141732282
0
LINE
8
BLACK
6
CONTINUOUS
10
2.7633068110236221
20
-4.4308316141732282
11
2.7589167716535434
21
-4.4285947637795271
0
LINE
8
BLACK
6
CONTINUOUS
10
2.7589167716535434
20
-4.4285947637795271
11
2.7554327952755906
21
-4.4251107874015743
0
LINE
8
BLACK
6
CONTINUOUS
10
2.7554327952755906
20
-4.4251107874015743
11
2.7531959448818899
21
-4.4207207480314956
0
LINE
8
BLACK
6
CONTINUOUS
10
2.7531959448818899
20
-4.4207207480314956
11
2.7524251968503934
21
-4.4158543307086617
0
LINE
8
BLACK
6
CONTINUOUS
10
2.7524251968503934
20
-4.4158543307086617
11
2.7524251968503934
21
-4.4001062992125979
0
LINE
8
BLACK
6
CONTINUOUS
10
2.7524251968503934
20
-4.4001062992125979
11
2.7531959448818899
21
-4.395239881889764
0
LINE
8
BLACK
6
CONTINUOUS
10
2.7531959448818899
20
-4.395239881889764
11
2.7554327952755906
21
-4.3908498425196854
0
LINE
8
BLACK
6
CONTINUOUS
10
2.7554327952755906
20
-4.3908498425196854
11
2.7589167716535434
21
-4.3873658661417325
0
LINE
8
BLACK
6
CONTINUOUS
10
2.7589167716535434
20
-4.3873658661417325
11
2.7633068110236221
21
-4.3851290157480314
0
LINE
8
BLACK
6
CONTINUOUS
10
2.7633068110236221
20
-4.3851290157480314
11
2.7681732283464568
21
-4.3843582677165349
0
LINE
8
BLACK
6
CONTINUOUS
10
2.7681732283464568
20
-4.3843582677165349
11
2.7898267716535434
21
-4.3843582677165349
0
LINE
8
BLACK
6
CONTINUOUS
10
2.7898267716535434
20
-4.3843582677165349
11
2.7946931889763778
21
-4.3851290157480314
0
LINE
8
BLACK
6
CONTINUOUS
10
2.5958863385826771
20
-4.3206146062992126
11
2.6015635433070865
21
-4.3217438976377949
0
LINE
8
BLACK
6
CONTINUOUS
10
2.6015635433070865
20
-4.3217438976377949
11
2.6069113385826772
21
-4.3239590157480317
0
LINE
8
BLACK
6
CONTINUOUS
10
2.6069113385826772
20
-4.3239590157480317
11
2.6117242125984252
21
-4.3271748818897633
0
LINE
8
BLACK
6
CONTINUOUS
10
2.6117242125984252
20
-4.3271748818897633
11
2.615817244094488
21
-4.331267913385827
0
LINE
8
BLACK
6
CONTINUOUS
10
2.615817244094488
20
-4.331267913385827
11
2.6190331102362205
21
-4.336080787401575
0
LINE
8
BLACK
6
CONTINUOUS
10
2.6190331102362205
20
-4.336080787401575
11
2.6212482283464564
21
-4.3414285826771657
0
LINE
8
BLACK
6
CONTINUOUS
10
2.6212482283464564
20
-4.3414285826771657
11
2.6223775196850392
21
-4.347105787401575
0
LINE
8
BLACK
6
CONTINUOUS
10
2.6223775196850392
20
-4.347105787401575
11
2.6223775196850392
21
-4.3528942125984251
0
LINE
8
BLACK
6
CONTINUOUS
10
2.6223775196850392
20
-4.3528942125984251
11
2.6212482283464564
21
-4.3585714173228345
0
LINE
8
BLACK
6
CONTINUOUS
10
2.6212482283464564
20
-4.3585714173228345
11
2.6190331102362205
21
-4.3639192125984252
0
LINE
8
BLACK
6
CONTINUOUS
10
2.6190331102362205
20
-4.3639192125984252
11
2.615817244094488
21
-4.3687320866141732
0
LINE
8
BLACK
6
CONTINUOUS
10
2.615817244094488
20
-4.3687320866141732
11
2.6117242125984252
21
-4.372825118110236
0
LINE
8
BLACK
6
CONTINUOUS
10
2.6117242125984252
20
-4.372825118110236
11
2.6084692519685038
21
-4.375
0
LINE
8
BLACK
6
CONTINUOUS
10
2.6084692519685038
20
-4.375
11
2.6117242125984252
21
-4.377174881889764
0
LINE
8
BLACK
6
CONTINUOUS
10
2.6117242125984252
20
-4.377174881889764
11
2.615817244094488
21
-4.3812679133858268
0
LINE
8
BLACK
6
CONTINUOUS
10
2.615817244094488
20
-4.3812679133858268
11
2.6190331102362205
21
-4.3860807874015748
0
LINE
8
BLACK
6
CONTINUOUS
10
2.6190331102362205
20
-4.3860807874015748
11
2.6212482283464564
21
-4.3914285826771655
0
LINE
8
BLACK
6
CONTINUOUS
10
2.6212482283464564
20
-4.3914285826771655
11
2.6223775196850392
21
-4.3971057874015749
0
LINE
8
BLACK
6
CONTINUOUS
10
2.6223775196850392
20
-4.3971057874015749
11
2.6223775196850392
21
-4.402894212598425
0
LINE
8
BLACK
6
CONTINUOUS
10
2.6223775196850392
20
-4.402894212598425
11
2.6212482283464564
21
-4.4085714173228343
0
LINE
8
BLACK
6
CONTINUOUS
10
2.6212482283464564
20
-4.4085714173228343
11
2.6190331102362205
21
-4.413919212598425
0
LINE
8
BLACK
6
CONTINUOUS
10
2.6190331102362205
20
-4.413919212598425
11
2.615817244094488
21
-4.418732086614173
0
LINE
8
BLACK
6
CONTINUOUS
10
2.615817244094488
20
-4.418732086614173
11
2.6117242125984252
21
-4.4228251181102358
0
LINE
8
BLACK
6
CONTINUOUS
10
2.6117242125984252
20
-4.4228251181102358
11
2.6069113385826772
21
-4.4260409842519683
0
LINE
8
BLACK
6
CONTINUOUS
10
2.6069113385826772
20
-4.4260409842519683
11
2.6015635433070865
21
-4.4282561023622042
0
LINE
8
BLACK
6
CONTINUOUS
10
2.6015635433070865
20
-4.4282561023622042
11
2.5958863385826771
21
-4.4293853937007874
0
LINE
8
BLACK
6
CONTINUOUS
10
2.5958863385826771
20
-4.4293853937007874
11
2.5929921259842521
21
-4.429527559055118
0
LINE
8
BLACK
6
CONTINUOUS
10
2.5929921259842521
20
-4.429527559055118
11
2.5851181102362206
21
-4.429527559055118
0
LINE
8
BLACK
6
CONTINUOUS
10
2.5851181102362206
20
-4.429527559055118
11
2.5822238976377951
21
-4.4293853937007874
0
LINE
8
BLACK
6
CONTINUOUS
10
2.5822238976377951
20
-4.4293853937007874
11
2.5765466929133858
21
-4.4282561023622042
0
LINE
8
BLACK
6
CONTINUOUS
10
2.5765466929133858
20
-4.4282561023622042
11
2.5711988976377951
21
-4.4260409842519683
0
LINE
8
BLACK
6
CONTINUOUS
10
2.5711988976377951
20
-4.4260409842519683
11
2.566386023622047
21
-4.4228251181102358
0
LINE
8
BLACK
6
CONTINUOUS
10
2.566386023622047
20
-4.4228251181102358
11
2.5622929921259843
21
-4.418732086614173
0
LINE
8
BLACK
6
CONTINUOUS
10
2.5622929921259843
20
-4.418732086614173
11
2.5590771259842517
21
-4.413919212598425
0
LINE
8
BLACK
6
CONTINUOUS
10
2.5590771259842517
20
-4.413919212598425
11
2.5568620078740159
21
-4.4085714173228343
0
LINE
8
BLACK
6
CONTINUOUS
10
2.5568620078740159
20
-4.4085714173228343
11
2.5557327165354331
21
-4.402894212598425
0
LINE
8
BLACK
6
CONTINUOUS
10
2.5557327165354331
20
-4.402894212598425
11
2.5557327165354331
21
-4.3971057874015749
0
LINE
8
BLACK
6
CONTINUOUS
10
2.5557327165354331
20
-4.3971057874015749
11
2.5568620078740159
21
-4.3914285826771655
0
LINE
8
BLACK
6
CONTINUOUS
10
2.5568620078740159
20
-4.3914285826771655
11
2.5590771259842517
21
-4.3860807874015748
0
LINE
8
BLACK
6
CONTINUOUS
10
2.5590771259842517
20
-4.3860807874015748
11
2.5622929921259843
21
-4.3812679133858268
0
LINE
8
BLACK
6
CONTINUOUS
10
2.5622929921259843
20
-4.3812679133858268
11
2.566386023622047
21
-4.377174881889764
0
LINE
8
BLACK
6
CONTINUOUS
10
2.566386023622047
20
-4.377174881889764
11
2.5696409448818898
21
-4.375
0
LINE
8
BLACK
6
CONTINUOUS
10
2.5696409448818898
20
-4.375
11
2.566386023622047
21
-4.372825118110236
0
LINE
8
BLACK
6
CONTINUOUS
10
2.566386023622047
20
-4.372825118110236
11
2.5622929921259843
21
-4.3687320866141732
0
LINE
8
BLACK
6
CONTINUOUS
10
2.5622929921259843
20
-4.3687320866141732
11
2.5590771259842517
21
-4.3639192125984252
0
LINE
8
BLACK
6
CONTINUOUS
10
2.5590771259842517
20
-4.3639192125984252
11
2.5568620078740159
21
-4.3585714173228345
0
LINE
8
BLACK
6
CONTINUOUS
10
2.5568620078740159
20
-4.3585714173228345
11
2.5557327165354331
21
-4.3528942125984251
0
LINE
8
BLACK
6
CONTINUOUS
10
2.5557327165354331
20
-4.3528942125984251
11
2.5557327165354331
21
-4.347105787401575
0
LINE
8
BLACK
6
CONTINUOUS
10
2.5557327165354331
20
-4.347105787401575
11
2.5568620078740159
21
-4.3414285826771657
0
LINE
8
BLACK
6
CONTINUOUS
10
2.5568620078740159
20
-4.3414285826771657
11
2.5590771259842517
21
-4.336080787401575
0
LINE
8
BLACK
6
CONTINUOUS
10
2.5590771259842517
20
-4.336080787401575
11
2.5622929921259843
21
-4.331267913385827
0
LINE
8
BLACK
6
CONTINUOUS
10
2.5622929921259843
20
-4.331267913385827
11
2.566386023622047
21
-4.3271748818897633
0
LINE
8
BLACK
6
CONTINUOUS
10
2.566386023622047
20
-4.3271748818897633
11
2.5711988976377951
21
-4.3239590157480317
0
LINE
8
BLACK
6
CONTINUOUS
10
2.5711988976377951
20
-4.3239590157480317
11
2.5765466929133858
21
-4.3217438976377949
0
LINE
8
BLACK
6
CONTINUOUS
10
2.5765466929133858
20
-4.3217438976377949
11
2.5822238976377951
21
-4.3206146062992126
0
LINE
8
BLACK
6
CONTINUOUS
10
2.5822238976377951
20
-4.3206146062992126
11
2.5851181102362206
21
-4.320472440944882
0
LINE
8
BLACK
6
CONTINUOUS
10
2.5851181102362206
20
-4.320472440944882
11
2.5929921259842521
21
-4.320472440944882
0
LINE
8
BLACK
6
CONTINUOUS
10
2.5929921259842521
20
-4.320472440944882
11
2.5958863385826771
21
-4.3206146062992126
0
LINE
8
BLACK
6
CONTINUOUS
10
3.7231707480314959
20
-4.3150875590551179
11
3.7257252362204722
21
-4.3167944488188974
0
LINE
8
BLACK
6
CONTINUOUS
10
3.7257252362204722
20
-4.3167944488188974
11
3.7274321259842518
21
-4.3193489370078737
0
LINE
8
BLACK
6
CONTINUOUS
10
3.7274321259842518
20
-4.3193489370078737
11
3.7280314960629921
21
-4.322362204724409
0
LINE
8
BLACK
6
CONTINUOUS
10
3.7280314960629921
20
-4.322362204724409
11
3.7280314960629921
21
-4.3823622047244095
0
LINE
8
BLACK
6
CONTINUOUS
10
3.7280314960629921
20
-4.3823622047244095
11
3.7274321259842518
21
-4.3853754724409448
0
LINE
8
BLACK
6
CONTINUOUS
10
3.7274321259842518
20
-4.3853754724409448
11
3.7257252362204722
21
-4.3879299606299211
0
LINE
8
BLACK
6
CONTINUOUS
10
3.7257252362204722
20
-4.3879299606299211
11
3.7231707480314959
21
-4.3896368503937007
0
LINE
8
BLACK
6
CONTINUOUS
10
3.7231707480314959
20
-4.3896368503937007
11
3.7201574803149606
21
-4.390236220472441
0
LINE
8
BLACK
6
CONTINUOUS
10
3.7201574803149606
20
-4.390236220472441
11
3.6601574803149606
21
-4.390236220472441
0
LINE
8
BLACK
6
CONTINUOUS
10
3.6601574803149606
20
-4.390236220472441
11
3.6571442125984253
21
-4.3896368503937007
0
LINE
8
BLACK
6
CONTINUOUS
10
3.6571442125984253
20
-4.3896368503937007
11
3.6545897244094485
21
-4.3879299606299211
0
LINE
8
BLACK
6
CONTINUOUS
10
3.6545897244094485
20
-4.3879299606299211
11
3.6528828346456694
21
-4.3853754724409448
0
LINE
8
BLACK
6
CONTINUOUS
10
3.6528828346456694
20
-4.3853754724409448
11
3.6522834645669291
21
-4.3823622047244095
0
LINE
8
BLACK
6
CONTINUOUS
10
3.6522834645669291
20
-4.3823622047244095
11
3.6522834645669291
21
-4.322362204724409
0
LINE
8
BLACK
6
CONTINUOUS
10
3.6522834645669291
20
-4.322362204724409
11
3.6528828346456694
21
-4.3193489370078737
0
LINE
8
BLACK
6
CONTINUOUS
10
3.6528828346456694
20
-4.3193489370078737
11
3.6545897244094485
21
-4.3167944488188974
0
LINE
8
BLACK
6
CONTINUOUS
10
3.6545897244094485
20
-4.3167944488188974
11
3.6571442125984253
21
-4.3150875590551179
0
LINE
8
BLACK
6
CONTINUOUS
10
3.6571442125984253
20
-4.3150875590551179
11
3.6601574803149606
21
-4.3144881889763775
0
LINE
8
BLACK
6
CONTINUOUS
10
3.6601574803149606
20
-4.3144881889763775
11
3.7201574803149606
21
-4.3144881889763775
0
LINE
8
BLACK
6
CONTINUOUS
10
3.7201574803149606
20
-4.3144881889763775
11
3.7231707480314959
21
-4.3150875590551179
0
LINE
8
BLACK
6
CONTINUOUS
10
2.8625170078740156
20
-4.3147441338582677
11
2.8671814566929132
21
-4.3171207874015751
0
LINE
8
BLACK
6
CONTINUOUS
10
2.8671814566929132
20
-4.3171207874015751
11
2.870883149606299
21
-4.3208224803149609
0
LINE
8
BLACK
6
CONTINUOUS
10
2.870883149606299
20
-4.3208224803149609
11
2.8732598031496064
21
-4.3254869291338585
0
LINE
8
BLACK
6
CONTINUOUS
10
2.8732598031496064
20
-4.3254869291338585
11
2.8740787401574801
21
-4.3306574803149607
0
LINE
8
BLACK
6
CONTINUOUS
10
2.8740787401574801
20
-4.3306574803149607
11
2.8740787401574801
21
-4.3503425196850394
0
LINE
8
BLACK
6
CONTINUOUS
10
2.8740787401574801
20
-4.3503425196850394
11
2.8732598031496064
21
-4.3555130708661416
0
LINE
8
BLACK
6
CONTINUOUS
10
2.8732598031496064
20
-4.3555130708661416
11
2.870883149606299
21
-4.3601775196850392
0
LINE
8
BLACK
6
CONTINUOUS
10
2.870883149606299
20
-4.3601775196850392
11
2.8671814566929132
21
-4.3638792125984249
0
LINE
8
BLACK
6
CONTINUOUS
10
2.8671814566929132
20
-4.3638792125984249
11
2.8625170078740156
21
-4.3662558661417323
0
LINE
8
BLACK
6
CONTINUOUS
10
2.8625170078740156
20
-4.3662558661417323
11
2.8573464566929134
21
-4.3670748031496061
0
LINE
8
BLACK
6
CONTINUOUS
10
2.8573464566929134
20
-4.3670748031496061
11
2.8396299212598426
21
-4.3670748031496061
0
LINE
8
BLACK
6
CONTINUOUS
10
2.8396299212598426
20
-4.3670748031496061
11
2.8344593700787399
21
-4.3662558661417323
0
LINE
8
BLACK
6
CONTINUOUS
10
2.8344593700787399
20
-4.3662558661417323
11
2.8297949212598423
21
-4.3638792125984249
0
LINE
8
BLACK
6
CONTINUOUS
10
2.8297949212598423
20
-4.3638792125984249
11
2.8260932283464566
21
-4.3601775196850392
0
LINE
8
BLACK
6
CONTINUOUS
10
2.8260932283464566
20
-4.3601775196850392
11
2.8237165748031496
21
-4.3555130708661416
0
LINE
8
BLACK
6
CONTINUOUS
10
2.8237165748031496
20
-4.3555130708661416
11
2.8228976377952755
21
-4.3503425196850394
0
LINE
8
BLACK
6
CONTINUOUS
10
2.8228976377952755
20
-4.3503425196850394
11
2.8228976377952755
21
-4.3306574803149607
0
LINE
8
BLACK
6
CONTINUOUS
10
2.8228976377952755
20
-4.3306574803149607
11
2.8237165748031496
21
-4.3254869291338585
0
LINE
8
BLACK
6
CONTINUOUS
10
2.8237165748031496
20
-4.3254869291338585
11
2.8260932283464566
21
-4.3208224803149609
0
LINE
8
BLACK
6
CONTINUOUS
10
2.8260932283464566
20
-4.3208224803149609
11
2.8297949212598423
21
-4.3171207874015751
0
LINE
8
BLACK
6
CONTINUOUS
10
2.8297949212598423
20
-4.3171207874015751
11
2.8344593700787399
21
-4.3147441338582677
0
LINE
8
BLACK
6
CONTINUOUS
10
2.8344593700787399
20
-4.3147441338582677
11
2.8396299212598426
21
-4.313925196850394
0
LINE
8
BLACK
6
CONTINUOUS
10
2.8396299212598426
20
-4.313925196850394
11
2.8573464566929134
21
-4.313925196850394
0
LINE
8
BLACK
6
CONTINUOUS
10
2.8573464566929134
20
-4.313925196850394
11
2.8625170078740156
21
-4.3147441338582677
0
LINE
8
BLACK
6
CONTINUOUS
10
2.9235406299212596
20
-4.3147441338582677
11
2.9282050787401572
21
-4.3171207874015751
0
LINE
8
BLACK
6
CONTINUOUS
10
2.9282050787401572
20
-4.3171207874015751
11
2.9319067716535434
21
-4.3208224803149609
0
LINE
8
BLACK
6
CONTINUOUS
10
2.9319067716535434
20
-4.3208224803149609
11
2.9342834251968504
21
-4.3254869291338585
0
LINE
8
BLACK
6
CONTINUOUS
10
2.9342834251968504
20
-4.3254869291338585
11
2.9351023622047245
21
-4.3306574803149607
0
LINE
8
BLACK
6
CONTINUOUS
10
2.9351023622047245
20
-4.3306574803149607
11
2.9351023622047245
21
-4.3503425196850394
0
LINE
8
BLACK
6
CONTINUOUS
10
2.9351023622047245
20
-4.3503425196850394
11
2.9342834251968504
21
-4.3555130708661416
0
LINE
8
BLACK
6
CONTINUOUS
10
2.9342834251968504
20
-4.3555130708661416
11
2.9319067716535434
21
-4.3601775196850392
0
LINE
8
BLACK
6
CONTINUOUS
10
2.9319067716535434
20
-4.3601775196850392
11
2.9282050787401572
21
-4.3638792125984249
0
LINE
8
BLACK
6
CONTINUOUS
10
2.9282050787401572
20
-4.3638792125984249
11
2.9235406299212596
21
-4.3662558661417323
0
LINE
8
BLACK
6
CONTINUOUS
10
2.9235406299212596
20
-4.3662558661417323
11
2.9183700787401574
21
-4.3670748031496061
0
LINE
8
BLACK
6
CONTINUOUS
10
2.9183700787401574
20
-4.3670748031496061
11
2.9006535433070866
21
-4.3670748031496061
0
LINE
8
BLACK
6
CONTINUOUS
10
2.9006535433070866
20
-4.3670748031496061
11
2.8954829921259844
21
-4.3662558661417323
0
LINE
8
BLACK
6
CONTINUOUS
10
2.8954829921259844
20
-4.3662558661417323
11
2.8908185433070868
21
-4.3638792125984249
0
LINE
8
BLACK
6
CONTINUOUS
10
2.8908185433070868
20
-4.3638792125984249
11
2.8871168503937006
21
-4.3601775196850392
0
LINE
8
BLACK
6
CONTINUOUS
10
2.8871168503937006
20
-4.3601775196850392
11
2.8847401968503936
21
-4.3555130708661416
0
LINE
8
BLACK
6
CONTINUOUS
10
2.8847401968503936
20
-4.3555130708661416
11
2.8839212598425195
21
-4.3503425196850394
0
LINE
8
BLACK
6
CONTINUOUS
10
2.8839212598425195
20
-4.3503425196850394
11
2.8839212598425195
21
-4.3306574803149607
0
LINE
8
BLACK
6
CONTINUOUS
10
2.8839212598425195
20
-4.3306574803149607
11
2.8847401968503936
21
-4.3254869291338585
0
LINE
8
BLACK
6
CONTINUOUS
10
2.8847401968503936
20
-4.3254869291338585
11
2.8871168503937006
21
-4.3208224803149609
0
LINE
8
BLACK
6
CONTINUOUS
10
2.8871168503937006
20
-4.3208224803149609
11
2.8908185433070868
21
-4.3171207874015751
0
LINE
8
BLACK
6
CONTINUOUS
10
2.8908185433070868
20
-4.3171207874015751
11
2.8954829921259844
21
-4.3147441338582677
0
LINE
8
BLACK
6
CONTINUOUS
10
2.8954829921259844
20
-4.3147441338582677
11
2.9006535433070866
21
-4.313925196850394
0
LINE
8
BLACK
6
CONTINUOUS
10
2.9006535433070866
20
-4.313925196850394
11
2.9183700787401574
21
-4.313925196850394
0
LINE
8
BLACK
6
CONTINUOUS
10
2.9183700787401574
20
-4.313925196850394
11
2.9235406299212596
21
-4.3147441338582677
0
LINE
8
BLACK
6
CONTINUOUS
10
2.7946931889763778
20
-4.3201683858267712
11
2.7990832283464568
21
-4.3224052362204723
0
LINE
8
BLACK
6
CONTINUOUS
10
2.7990832283464568
20
-4.3224052362204723
11
2.8025672047244092
21
-4.3258892125984252
0
LINE
8
BLACK
6
CONTINUOUS
10
2.8025672047244092
20
-4.3258892125984252
11
2.8048040551181104
21
-4.3302792519685038
0
LINE
8
BLACK
6
CONTINUOUS
10
2.8048040551181104
20
-4.3302792519685038
11
2.8055748031496064
21
-4.3351456692913386
0
LINE
8
BLACK
6
CONTINUOUS
10
2.8055748031496064
20
-4.3351456692913386
11
2.8055748031496064
21
-4.3508937007874016
0
LINE
8
BLACK
6
CONTINUOUS
10
2.8055748031496064
20
-4.3508937007874016
11
2.8048040551181104
21
-4.3557601181102363
0
LINE
8
BLACK
6
CONTINUOUS
10
2.8048040551181104
20
-4.3557601181102363
11
2.8025672047244092
21
-4.360150157480315
0
LINE
8
BLACK
6
CONTINUOUS
10
2.8025672047244092
20
-4.360150157480315
11
2.7990832283464568
21
-4.3636341338582678
0
LINE
8
BLACK
6
CONTINUOUS
10
2.7990832283464568
20
-4.3636341338582678
11
2.7946931889763778
21
-4.3658709842519681
0
LINE
8
BLACK
6
CONTINUOUS
10
2.7946931889763778
20
-4.3658709842519681
11
2.7898267716535434
21
-4.3666417322834645
0
LINE
8
BLACK
6
CONTINUOUS
10
2.7898267716535434
20
-4.3666417322834645
11
2.7681732283464568
21
-4.3666417322834645
0
LINE
8
BLACK
6
CONTINUOUS
10
2.7681732283464568
20
-4.3666417322834645
11
2.7633068110236221
21
-4.3658709842519681
0
LINE
8
BLACK
6
CONTINUOUS
10
2.7633068110236221
20
-4.3658709842519681
11
2.7589167716535434
21
-4.3636341338582678
0
LINE
8
BLACK
6
CONTINUOUS
10
2.7589167716535434
20
-4.3636341338582678
11
2.7554327952755906
21
-4.360150157480315
0
LINE
8
BLACK
6
CONTINUOUS
10
2.7554327952755906
20
-4.360150157480315
11
2.7531959448818899
21
-4.3557601181102363
0
LINE
8
BLACK
6
CONTINUOUS
10
2.7531959448818899
20
-4.3557601181102363
11
2.7524251968503934
21
-4.3508937007874016
0
LINE
8
BLACK
6
CONTINUOUS
10
2.7524251968503934
20
-4.3508937007874016
11
2.7524251968503934
21
-4.3351456692913386
0
LINE
8
BLACK
6
CONTINUOUS
10
2.7524251968503934
20
-4.3351456692913386
11
2.7531959448818899
21
-4.3302792519685038
0
LINE
8
BLACK
6
CONTINUOUS
10
2.7531959448818899
20
-4.3302792519685038
11
2.7554327952755906
21
-4.3258892125984252
0
LINE
8
BLACK
6
CONTINUOUS
10
2.7554327952755906
20
-4.3258892125984252
11
2.7589167716535434
21
-4.3224052362204723
0
LINE
8
BLACK
6
CONTINUOUS
10
2.7589167716535434
20
-4.3224052362204723
11
2.7633068110236221
21
-4.3201683858267712
0
LINE
8
BLACK
6
CONTINUOUS
10
2.7633068110236221
20
-4.3201683858267712
11
2.7681732283464568
21
-4.3193976377952756
0
LINE
8
BLACK
6
CONTINUOUS
10
2.7681732283464568
20
-4.3193976377952756
11
2.7898267716535434
21
-4.3193976377952756
0
LINE
8
BLACK
6
CONTINUOUS
10
2.7898267716535434
20
-4.3193976377952756
11
2.7946931889763778
21
-4.3201683858267712
0
LINE
8
BLACK
6
CONTINUOUS
10
2.536831220472441
20
-4.2706146062992127
11
2.5425084251968504
21
-4.2717438976377951
0
LINE
8
BLACK
6
CONTINUOUS
10
2.5425084251968504
20
-4.2717438976377951
11
2.5478562204724411
21
-4.2739590157480318
0
LINE
8
BLACK
6
CONTINUOUS
10
2.5478562204724411
20
-4.2739590157480318
11
2.5526690944881891
21
-4.2771748818897635
0
LINE
8
BLACK
6
CONTINUOUS
10
2.5526690944881891
20
-4.2771748818897635
11
2.5567621259842519
21
-4.2812679133858262
0
LINE
8
BLACK
6
CONTINUOUS
10
2.5567621259842519
20
-4.2812679133858262
11
2.559977992125984
21
-4.2860807874015743
0
LINE
8
BLACK
6
CONTINUOUS
10
2.559977992125984
20
-4.2860807874015743
11
2.5621931102362203
21
-4.291428582677165
0
LINE
8
BLACK
6
CONTINUOUS
10
2.5621931102362203
20
-4.291428582677165
11
2.5633224015748031
21
-4.2971057874015743
0
LINE
8
BLACK
6
CONTINUOUS
10
2.5633224015748031
20
-4.2971057874015743
11
2.5633224015748031
21
-4.3028942125984253
0
LINE
8
BLACK
6
CONTINUOUS
10
2.5633224015748031
20
-4.3028942125984253
11
2.5621931102362203
21
-4.3085714173228347
0
LINE
8
BLACK
6
CONTINUOUS
10
2.5621931102362203
20
-4.3085714173228347
11
2.559977992125984
21
-4.3139192125984254
0
LINE
8
BLACK
6
CONTINUOUS
10
2.559977992125984
20
-4.3139192125984254
11
2.5567621259842519
21
-4.3187320866141734
0
LINE
8
BLACK
6
CONTINUOUS
10
2.5567621259842519
20
-4.3187320866141734
11
2.5526690944881891
21
-4.3228251181102362
0
LINE
8
BLACK
6
CONTINUOUS
10
2.5526690944881891
20
-4.3228251181102362
11
2.5478562204724411
21
-4.3260409842519687
0
LINE
8
BLACK
6
CONTINUOUS
10
2.5478562204724411
20
-4.3260409842519687
11
2.5425084251968504
21
-4.3282561023622046
0
LINE
8
BLACK
6
CONTINUOUS
10
2.5425084251968504
20
-4.3282561023622046
11
2.536831220472441
21
-4.3293853937007869
0
LINE
8
BLACK
6
CONTINUOUS
10
2.536831220472441
20
-4.3293853937007869
11
2.5339370078740155
21
-4.3295275590551183
0
LINE
8
BLACK
6
CONTINUOUS
10
2.5339370078740155
20
-4.3295275590551183
11
2.5260629921259841
21
-4.3295275590551183
0
LINE
8
BLACK
6
CONTINUOUS
10
2.5260629921259841
20
-4.3295275590551183
11
2.523168779527559
21
-4.3293853937007869
0
LINE
8
BLACK
6
CONTINUOUS
10
2.523168779527559
20
-4.3293853937007869
11
2.5174915748031497
21
-4.3282561023622046
0
LINE
8
BLACK
6
CONTINUOUS
10
2.5174915748031497
20
-4.3282561023622046
11
2.512143779527559
21
-4.3260409842519687
0
LINE
8
BLACK
6
CONTINUOUS
10
2.512143779527559
20
-4.3260409842519687
11
2.5073309055118109
21
-4.3228251181102362
0
LINE
8
BLACK
6
CONTINUOUS
10
2.5073309055118109
20
-4.3228251181102362
11
2.5032378740157482
21
-4.3187320866141734
0
LINE
8
BLACK
6
CONTINUOUS
10
2.5032378740157482
20
-4.3187320866141734
11
2.5000220078740156
21
-4.3139192125984254
0
LINE
8
BLACK
6
CONTINUOUS
10
2.5000220078740156
20
-4.3139192125984254
11
2.4978068897637793
21
-4.3085714173228347
0
LINE
8
BLACK
6
CONTINUOUS
10
2.4978068897637793
20
-4.3085714173228347
11
2.496677598425197
21
-4.3028942125984253
0
LINE
8
BLACK
6
CONTINUOUS
10
2.496677598425197
20
-4.3028942125984253
11
2.496677598425197
21
-4.2971057874015743
0
LINE
8
BLACK
6
CONTINUOUS
10
2.496677598425197
20
-4.2971057874015743
11
2.4978068897637793
21
-4.291428582677165
0
LINE
8
BLACK
6
CONTINUOUS
10
2.4978068897637793
20
-4.291428582677165
11
2.5000220078740156
21
-4.2860807874015743
0
LINE
8
BLACK
6
CONTINUOUS
10
2.5000220078740156
20
-4.2860807874015743
11
2.5032378740157482
21
-4.2812679133858262
0
LINE
8
BLACK
6
CONTINUOUS
10
2.5032378740157482
20
-4.2812679133858262
11
2.5073309055118109
21
-4.2771748818897635
0
LINE
8
BLACK
6
CONTINUOUS
10
2.5073309055118109
20
-4.2771748818897635
11
2.512143779527559
21
-4.2739590157480318
0
LINE
8
BLACK
6
CONTINUOUS
10
2.512143779527559
20
-4.2739590157480318
11
2.5174915748031497
21
-4.2717438976377951
0
LINE
8
BLACK
6
CONTINUOUS
10
2.5174915748031497
20
-4.2717438976377951
11
2.523168779527559
21
-4.2706146062992127
0
LINE
8
BLACK
6
CONTINUOUS
10
2.523168779527559
20
-4.2706146062992127
11
2.5260629921259841
21
-4.2704724409448822
0
LINE
8
BLACK
6
CONTINUOUS
10
2.5260629921259841
20
-4.2704724409448822
11
2.5339370078740155
21
-4.2704724409448822
0
LINE
8
BLACK
6
CONTINUOUS
10
2.5339370078740155
20
-4.2704724409448822
11
2.536831220472441
21
-4.2706146062992127
0
LINE
8
BLACK
6
CONTINUOUS
10
4.3489491338582678
20
-4.208936338582677
11
4.3559012598425193
21
-4.2118160236220472
0
LINE
8
BLACK
6
CONTINUOUS
10
4.3559012598425193
20
-4.2118160236220472
11
4.3621579921259839
21
-4.2159966535433071
0
LINE
8
BLACK
6
CONTINUOUS
10
4.3621579921259839
20
-4.2159966535433071
11
4.3674789370078742
21
-4.2213175984251965
0
LINE
8
BLACK
6
CONTINUOUS
10
4.3674789370078742
20
-4.2213175984251965
11
4.371659566929134
21
-4.2275743307086611
0
LINE
8
BLACK
6
CONTINUOUS
10
4.371659566929134
20
-4.2275743307086611
11
4.3745392519685042
21
-4.2345264566929135
0
LINE
8
BLACK
6
CONTINUOUS
10
4.3745392519685042
20
-4.2345264566929135
11
4.3760072834645669
21
-4.2419068110236218
0
LINE
8
BLACK
6
CONTINUOUS
10
4.3760072834645669
20
-4.2419068110236218
11
4.3760072834645669
21
-4.2494317716535432
0
LINE
8
BLACK
6
CONTINUOUS
10
4.3760072834645669
20
-4.2494317716535432
11
4.3745392519685042
21
-4.2568121259842515
0
LINE
8
BLACK
6
CONTINUOUS
10
4.3745392519685042
20
-4.2568121259842515
11
4.371659566929134
21
-4.2637642519685039
0
LINE
8
BLACK
6
CONTINUOUS
10
4.371659566929134
20
-4.2637642519685039
11
4.3674789370078742
21
-4.2700209842519685
0
LINE
8
BLACK
6
CONTINUOUS
10
4.3674789370078742
20
-4.2700209842519685
11
4.3621579921259839
21
-4.2753419291338579
0
LINE
8
BLACK
6
CONTINUOUS
10
4.3621579921259839
20
-4.2753419291338579
11
4.3559012598425193
21
-4.2795225590551178
0
LINE
8
BLACK
6
CONTINUOUS
10
4.3559012598425193
20
-4.2795225590551178
11
4.3489491338582678
21
-4.282402244094488
0
LINE
8
BLACK
6
CONTINUOUS
10
4.3489491338582678
20
-4.282402244094488
11
4.3415687795275586
21
-4.2838702755905507
0
LINE
8
BLACK
6
CONTINUOUS
10
4.3415687795275586
20
-4.2838702755905507
11
4.334043818897638
21
-4.2838702755905507
0
LINE
8
BLACK
6
CONTINUOUS
10
4.334043818897638
20
-4.2838702755905507
11
4.3266634645669289
21
-4.282402244094488
0
LINE
8
BLACK
6
CONTINUOUS
10
4.3266634645669289
20
-4.282402244094488
11
4.3197113385826773
21
-4.2795225590551178
0
LINE
8
BLACK
6
CONTINUOUS
10
4.3197113385826773
20
-4.2795225590551178
11
4.3134546062992127
21
-4.2753419291338579
0
LINE
8
BLACK
6
CONTINUOUS
10
4.3134546062992127
20
-4.2753419291338579
11
4.3081336614173225
21
-4.2700209842519685
0
LINE
8
BLACK
6
CONTINUOUS
10
4.3081336614173225
20
-4.2700209842519685
11
4.3039530314960626
21
-4.2637642519685039
0
LINE
8
BLACK
6
CONTINUOUS
10
4.3039530314960626
20
-4.2637642519685039
11
4.3010733464566933
21
-4.2568121259842515
0
LINE
8
BLACK
6
CONTINUOUS
10
4.3010733464566933
20
-4.2568121259842515
11
4.2996053149606297
21
-4.2494317716535432
0
LINE
8
BLACK
6
CONTINUOUS
10
4.2996053149606297
20
-4.2494317716535432
11
4.2996053149606297
21
-4.2419068110236218
0
LINE
8
BLACK
6
CONTINUOUS
10
4.2996053149606297
20
-4.2419068110236218
11
4.3010733464566933
21
-4.2345264566929135
0
LINE
8
BLACK
6
CONTINUOUS
10
4.3010733464566933
20
-4.2345264566929135
11
4.3039530314960626
21
-4.2275743307086611
0
LINE
8
BLACK
6
CONTINUOUS
10
4.3039530314960626
20
-4.2275743307086611
11
4.3081336614173225
21
-4.2213175984251965
0
LINE
8
BLACK
6
CONTINUOUS
10
4.3081336614173225
20
-4.2213175984251965
11
4.3134546062992127
21
-4.2159966535433071
0
LINE
8
BLACK
6
CONTINUOUS
10
4.3134546062992127
20
-4.2159966535433071
11
4.3197113385826773
21
-4.2118160236220472
0
LINE
8
BLACK
6
CONTINUOUS
10
4.3197113385826773
20
-4.2118160236220472
11
4.3266634645669289
21
-4.208936338582677
0
LINE
8
BLACK
6
CONTINUOUS
10
4.3266634645669289
20
-4.208936338582677
11
4.334043818897638
21
-4.2074683070866143
0
LINE
8
BLACK
6
CONTINUOUS
10
4.334043818897638
20
-4.2074683070866143
11
4.3415687795275586
21
-4.2074683070866143
0
LINE
8
BLACK
6
CONTINUOUS
10
4.3415687795275586
20
-4.2074683070866143
11
4.3489491338582678
21
-4.208936338582677
0
LINE
8
BLACK
6
CONTINUOUS
10
2.6417518110236218
20
-4.1362229921259841
11
2.6502712992125983
21
-4.1389911417322836
0
LINE
8
BLACK
6
CONTINUOUS
10
2.6502712992125983
20
-4.1389911417322836
11
2.6582528740157478
21
-4.143057952755905
0
LINE
8
BLACK
6
CONTINUOUS
10
2.6582528740157478
20
-4.143057952755905
11
2.6654999999999998
21
-4.1483232677165356
0
LINE
8
BLACK
6
CONTINUOUS
10
2.6654999999999998
20
-4.1483232677165356
11
2.6718342125984251
21
-4.1546574803149605
0
LINE
8
BLACK
6
CONTINUOUS
10
2.6718342125984251
20
-4.1546574803149605
11
2.6770995275590552
21
-4.1619046062992124
0
LINE
8
BLACK
6
CONTINUOUS
10
2.6770995275590552
20
-4.1619046062992124
11
2.6811663385826772
21
-4.1698861811023624
0
LINE
8
BLACK
6
CONTINUOUS
10
2.6811663385826772
20
-4.1698861811023624
11
2.6839344881889762
21
-4.1784056692913385
0
LINE
8
BLACK
6
CONTINUOUS
10
2.6839344881889762
20
-4.1784056692913385
11
2.6853358267716536
21
-4.187253307086614
0
LINE
8
BLACK
6
CONTINUOUS
10
2.6853358267716536
20
-4.187253307086614
11
2.6853358267716536
21
-4.1962112598425199
0
LINE
8
BLACK
6
CONTINUOUS
10
2.6853358267716536
20
-4.1962112598425199
11
2.6839344881889762
21
-4.2050588976377954
0
LINE
8
BLACK
6
CONTINUOUS
10
2.6839344881889762
20
-4.2050588976377954
11
2.6811663385826772
21
-4.2135783858267715
0
LINE
8
BLACK
6
CONTINUOUS
10
2.6811663385826772
20
-4.2135783858267715
11
2.6770995275590552
21
-4.2215599606299214
0
LINE
8
BLACK
6
CONTINUOUS
10
2.6770995275590552
20
-4.2215599606299214
11
2.6718342125984251
21
-4.2288070866141734
0
LINE
8
BLACK
6
CONTINUOUS
10
2.6718342125984251
20
-4.2288070866141734
11
2.6654999999999998
21
-4.2351412992125983
0
LINE
8
BLACK
6
CONTINUOUS
10
2.6654999999999998
20
-4.2351412992125983
11
2.6582528740157478
21
-4.240406614173228
0
LINE
8
BLACK
6
CONTINUOUS
10
2.6582528740157478
20
-4.240406614173228
11
2.6502712992125983
21
-4.2444734251968503
0
LINE
8
BLACK
6
CONTINUOUS
10
2.6502712992125983
20
-4.2444734251968503
11
2.6417518110236218
21
-4.2472415748031498
0
LINE
8
BLACK
6
CONTINUOUS
10
2.6417518110236218
20
-4.2472415748031498
11
2.6329041732283462
21
-4.2486429133858268
0
LINE
8
BLACK
6
CONTINUOUS
10
2.6329041732283462
20
-4.2486429133858268
11
2.6239462204724409
21
-4.2486429133858268
0
LINE
8
BLACK
6
CONTINUOUS
10
2.6239462204724409
20
-4.2486429133858268
11
2.6150985826771653
21
-4.2472415748031498
0
LINE
8
BLACK
6
CONTINUOUS
10
2.6150985826771653
20
-4.2472415748031498
11
2.6065790944881888
21
-4.2444734251968503
0
LINE
8
BLACK
6
CONTINUOUS
10
2.6065790944881888
20
-4.2444734251968503
11
2.5985975196850393
21
-4.240406614173228
0
LINE
8
BLACK
6
CONTINUOUS
10
2.5985975196850393
20
-4.240406614173228
11
2.5913503937007873
21
-4.2351412992125983
0
LINE
8
BLACK
6
CONTINUOUS
10
2.5913503937007873
20
-4.2351412992125983
11
2.585016181102362
21
-4.2288070866141734
0
LINE
8
BLACK
6
CONTINUOUS
10
2.585016181102362
20
-4.2288070866141734
11
2.5797508661417323
21
-4.2215599606299214
0
LINE
8
BLACK
6
CONTINUOUS
10
2.5797508661417323
20
-4.2215599606299214
11
2.5756840551181104
21
-4.2135783858267715
0
LINE
8
BLACK
6
CONTINUOUS
10
2.5756840551181104
20
-4.2135783858267715
11
2.5729159055118109
21
-4.2050588976377954
0
LINE
8
BLACK
6
CONTINUOUS
10
2.5729159055118109
20
-4.2050588976377954
11
2.5715145669291339
21
-4.1962112598425199
0
LINE
8
BLACK
6
CONTINUOUS
10
2.5715145669291339
20
-4.1962112598425199
11
2.5715145669291339
21
-4.187253307086614
0
LINE
8
BLACK
6
CONTINUOUS
10
2.5715145669291339
20
-4.187253307086614
11
2.5729159055118109
21
-4.1784056692913385
0
LINE
8
BLACK
6
CONTINUOUS
10
2.5729159055118109
20
-4.1784056692913385
11
2.5756840551181104
21
-4.1698861811023624
0
LINE
8
BLACK
6
CONTINUOUS
10
2.5756840551181104
20
-4.1698861811023624
11
2.5797508661417323
21
-4.1619046062992124
0
LINE
8
BLACK
6
CONTINUOUS
10
2.5797508661417323
20
-4.1619046062992124
11
2.585016181102362
21
-4.1546574803149605
0
LINE
8
BLACK
6
CONTINUOUS
10
2.585016181102362
20
-4.1546574803149605
11
2.5913503937007873
21
-4.1483232677165356
0
LINE
8
BLACK
6
CONTINUOUS
10
2.5913503937007873
20
-4.1483232677165356
11
2.5985975196850393
21
-4.143057952755905
0
LINE
8
BLACK
6
CONTINUOUS
10
2.5985975196850393
20
-4.143057952755905
11
2.6065790944881888
21
-4.1389911417322836
0
LINE
8
BLACK
6
CONTINUOUS
10
2.6065790944881888
20
-4.1389911417322836
11
2.6150985826771653
21
-4.1362229921259841
0
LINE
8
BLACK
6
CONTINUOUS
10
2.6150985826771653
20
-4.1362229921259841
11
2.6239462204724409
21
-4.1348216535433071
0
LINE
8
BLACK
6
CONTINUOUS
10
2.6239462204724409
20
-4.1348216535433071
11
2.6329041732283462
21
-4.1348216535433071
0
LINE
8
BLACK
6
CONTINUOUS
10
2.6329041732283462
20
-4.1348216535433071
11
2.6417518110236218
21
-4.1362229921259841
0
LINE
8
BLACK
6
CONTINUOUS
10
5.0497365354330706
20
-4.1695662598425196
11
5.056688661417323
21
-4.1724459448818898
0
LINE
8
BLACK
6
CONTINUOUS
10
5.056688661417323
20
-4.1724459448818898
11
5.0629453937007876
21
-4.1766265748031497
0
LINE
8
BLACK
6
CONTINUOUS
10
5.0629453937007876
20
-4.1766265748031497
11
5.0682663385826769
21
-4.1819475196850391
0
LINE
8
BLACK
6
CONTINUOUS
10
5.0682663385826769
20
-4.1819475196850391
11
5.0724469685039368
21
-4.1882042519685037
0
LINE
8
BLACK
6
CONTINUOUS
10
5.0724469685039368
20
-4.1882042519685037
11
5.075326653543307
21
-4.1951563779527561
0
LINE
8
BLACK
6
CONTINUOUS
10
5.075326653543307
20
-4.1951563779527561
11
5.0767946850393697
21
-4.2025367322834644
0
LINE
8
BLACK
6
CONTINUOUS
10
5.0767946850393697
20
-4.2025367322834644
11
5.0767946850393697
21
-4.2100616929133858
0
LINE
8
BLACK
6
CONTINUOUS
10
5.0767946850393697
20
-4.2100616929133858
11
5.075326653543307
21
-4.2174420472440941
0
LINE
8
BLACK
6
CONTINUOUS
10
5.075326653543307
20
-4.2174420472440941
11
5.0724469685039368
21
-4.2243941732283465
0
LINE
8
BLACK
6
CONTINUOUS
10
5.0724469685039368
20
-4.2243941732283465
11
5.0682663385826769
21
-4.2306509055118111
0
LINE
8
BLACK
6
CONTINUOUS
10
5.0682663385826769
20
-4.2306509055118111
11
5.0629453937007876
21
-4.2359718503937005
0
LINE
8
BLACK
6
CONTINUOUS
10
5.0629453937007876
20
-4.2359718503937005
11
5.056688661417323
21
-4.2401524803149604
0
LINE
8
BLACK
6
CONTINUOUS
10
5.056688661417323
20
-4.2401524803149604
11
5.0497365354330706
21
-4.2430321653543306
0
LINE
8
BLACK
6
CONTINUOUS
10
5.0497365354330706
20
-4.2430321653543306
11
5.0423561811023623
21
-4.2445001968503933
0
LINE
8
BLACK
6
CONTINUOUS
10
5.0423561811023623
20
-4.2445001968503933
11
5.0348312204724408
21
-4.2445001968503933
0
LINE
8
BLACK
6
CONTINUOUS
10
5.0348312204724408
20
-4.2445001968503933
11
5.0274508661417325
21
-4.2430321653543306
0
LINE
8
BLACK
6
CONTINUOUS
10
5.0274508661417325
20
-4.2430321653543306
11
5.0204987401574801
21
-4.2401524803149604
0
LINE
8
BLACK
6
CONTINUOUS
10
5.0204987401574801
20
-4.2401524803149604
11
5.0142420078740155
21
-4.2359718503937005
0
LINE
8
BLACK
6
CONTINUOUS
10
5.0142420078740155
20
-4.2359718503937005
11
5.0089210629921261
21
-4.2306509055118111
0
LINE
8
BLACK
6
CONTINUOUS
10
5.0089210629921261
20
-4.2306509055118111
11
5.0047404330708662
21
-4.2243941732283465
0
LINE
8
BLACK
6
CONTINUOUS
10
5.0047404330708662
20
-4.2243941732283465
11
5.0018607480314961
21
-4.2174420472440941
0
LINE
8
BLACK
6
CONTINUOUS
10
5.0018607480314961
20
-4.2174420472440941
11
5.0003927165354334
21
-4.2100616929133858
0
LINE
8
BLACK
6
CONTINUOUS
10
5.0003927165354334
20
-4.2100616929133858
11
5.0003927165354334
21
-4.2025367322834644
0
LINE
8
BLACK
6
CONTINUOUS
10
5.0003927165354334
20
-4.2025367322834644
11
5.0018607480314961
21
-4.1951563779527561
0
LINE
8
BLACK
6
CONTINUOUS
10
5.0018607480314961
20
-4.1951563779527561
11
5.0047404330708662
21
-4.1882042519685037
0
LINE
8
BLACK
6
CONTINUOUS
10
5.0047404330708662
20
-4.1882042519685037
11
5.0089210629921261
21
-4.1819475196850391
0
LINE
8
BLACK
6
CONTINUOUS
10
5.0089210629921261
20
-4.1819475196850391
11
5.0142420078740155
21
-4.1766265748031497
0
LINE
8
BLACK
6
CONTINUOUS
10
5.0142420078740155
20
-4.1766265748031497
11
5.0204987401574801
21
-4.1724459448818898
0
LINE
8
BLACK
6
CONTINUOUS
10
5.0204987401574801
20
-4.1724459448818898
11
5.0274508661417325
21
-4.1695662598425196
0
LINE
8
BLACK
6
CONTINUOUS
10
5.0274508661417325
20
-4.1695662598425196
11
5.0348312204724408
21
-4.1680982283464569
0
LINE
8
BLACK
6
CONTINUOUS
10
5.0348312204724408
20
-4.1680982283464569
11
5.0423561811023623
21
-4.1680982283464569
0
LINE
8
BLACK
6
CONTINUOUS
10
5.0423561811023623
20
-4.1680982283464569
11
5.0497365354330706
21
-4.1695662598425196
0
LINE
8
BLACK
6
CONTINUOUS
10
3.5080432283464567
20
-3.7999917716535432
11
3.5113640944881888
21
-3.8022107086614172
0
LINE
8
BLACK
6
CONTINUOUS
10
3.5113640944881888
20
-3.8022107086614172
11
3.5116062992125983
21
-3.8025731889763779
0
LINE
8
BLACK
6
CONTINUOUS
10
3.5116062992125983
20
-3.8025731889763779
11
3.5118485039370078
21
-3.8022107086614172
0
LINE
8
BLACK
6
CONTINUOUS
10
3.5118485039370078
20
-3.8022107086614172
11
3.5151693700787399
21
-3.7999917716535432
0
LINE
8
BLACK
6
CONTINUOUS
10
3.5151693700787399
20
-3.7999917716535432
11
3.5190866141732284
21
-3.7992125984251968
0
LINE
8
BLACK
6
CONTINUOUS
10
3.5190866141732284
20
-3.7992125984251968
11
3.5238110236220472
21
-3.7992125984251968
0
LINE
8
BLACK
6
CONTINUOUS
10
3.5238110236220472
20
-3.7992125984251968
11
3.5277282677165354
21
-3.7999917716535432
0
LINE
8
BLACK
6
CONTINUOUS
10
3.5277282677165354
20
-3.7999917716535432
11
3.5310491338582675
21
-3.8022107086614172
0
LINE
8
BLACK
6
CONTINUOUS
10
3.5310491338582675
20
-3.8022107086614172
11
3.531291338582677
21
-3.8025731889763779
0
LINE
8
BLACK
6
CONTINUOUS
10
3.531291338582677
20
-3.8025731889763779
11
3.5315335433070865
21
-3.8022107086614172
0
LINE
8
BLACK
6
CONTINUOUS
10
3.5315335433070865
20
-3.8022107086614172
11
3.534854409448819
21
-3.7999917716535432
0
LINE
8
BLACK
6
CONTINUOUS
10
3.534854409448819
20
-3.7999917716535432
11
3.5387716535433071
21
-3.7992125984251968
0
LINE
8
BLACK
6
CONTINUOUS
10
3.5387716535433071
20
-3.7992125984251968
11
3.5434960629921259
21
-3.7992125984251968
0
LINE
8
BLACK
6
CONTINUOUS
10
3.5434960629921259
20
-3.7992125984251968
11
3.5474133070866141
21
-3.7999917716535432
0
LINE
8
BLACK
6
CONTINUOUS
10
3.5474133070866141
20
-3.7999917716535432
11
3.5507341732283462
21
-3.8022107086614172
0
LINE
8
BLACK
6
CONTINUOUS
10
3.5507341732283462
20
-3.8022107086614172
11
3.5509763779527557
21
-3.8025731889763779
0
LINE
8
BLACK
6
CONTINUOUS
10
3.5509763779527557
20
-3.8025731889763779
11
3.5512185826771652
21
-3.8022107086614172
0
LINE
8
BLACK
6
CONTINUOUS
10
3.5512185826771652
20
-3.8022107086614172
11
3.5545394488188977
21
-3.7999917716535432
0
LINE
8
BLACK
6
CONTINUOUS
10
3.5545394488188977
20
-3.7999917716535432
11
3.5584566929133858
21
-3.7992125984251968
0
LINE
8
BLACK
6
CONTINUOUS
10
3.5584566929133858
20
-3.7992125984251968
11
3.5631811023622046
21
-3.7992125984251968
0
LINE
8
BLACK
6
CONTINUOUS
10
3.5631811023622046
20
-3.7992125984251968
11
3.5670983464566928
21
-3.7999917716535432
0
LINE
8
BLACK
6
CONTINUOUS
10
3.5670983464566928
20
-3.7999917716535432
11
3.5704192125984253
21
-3.8022107086614172
0
LINE
8
BLACK
6
CONTINUOUS
10
3.5704192125984253
20
-3.8022107086614172
11
3.5706614173228344
21
-3.8025731889763779
0
LINE
8
BLACK
6
CONTINUOUS
10
3.5706614173228344
20
-3.8025731889763779
11
3.5709036220472439
21
-3.8022107086614172
0
LINE
8
BLACK
6
CONTINUOUS
10
3.5709036220472439
20
-3.8022107086614172
11
3.5742244881889764
21
-3.7999917716535432
0
LINE
8
BLACK
6
CONTINUOUS
10
3.5742244881889764
20
-3.7999917716535432
11
3.5781417322834645
21
-3.7992125984251968
0
LINE
8
BLACK
6
CONTINUOUS
10
3.5781417322834645
20
-3.7992125984251968
11
3.5828661417322833
21
-3.7992125984251968
0
LINE
8
BLACK
6
CONTINUOUS
10
3.5828661417322833
20
-3.7992125984251968
11
3.5867833858267715
21
-3.7999917716535432
0
LINE
8
BLACK
6
CONTINUOUS
10
3.5867833858267715
20
-3.7999917716535432
11
3.590104251968504
21
-3.8022107086614172
0
LINE
8
BLACK
6
CONTINUOUS
10
3.590104251968504
20
-3.8022107086614172
11
3.5903464566929135
21
-3.8025731889763779
0
LINE
8
BLACK
6
CONTINUOUS
10
3.5903464566929135
20
-3.8025731889763779
11
3.5905886614173226
21
-3.8022107086614172
0
LINE
8
BLACK
6
CONTINUOUS
10
3.5905886614173226
20
-3.8022107086614172
11
3.5939095275590551
21
-3.7999917716535432
0
LINE
8
BLACK
6
CONTINUOUS
10
3.5939095275590551
20
-3.7999917716535432
11
3.5978267716535433
21
-3.7992125984251968
0
LINE
8
BLACK
6
CONTINUOUS
10
3.5978267716535433
20
-3.7992125984251968
11
3.6025511811023621
21
-3.7992125984251968
0
LINE
8
BLACK
6
CONTINUOUS
10
3.6025511811023621
20
-3.7992125984251968
11
3.6064684251968502
21
-3.7999917716535432
0
LINE
8
BLACK
6
CONTINUOUS
10
3.6064684251968502
20
-3.7999917716535432
11
3.6097892913385827
21
-3.8022107086614172
0
LINE
8
BLACK
6
CONTINUOUS
10
3.6097892913385827
20
-3.8022107086614172
11
3.6100314960629922
21
-3.8025731889763779
0
LINE
8
BLACK
6
CONTINUOUS
10
3.6100314960629922
20
-3.8025731889763779
11
3.6102737007874013
21
-3.8022107086614172
0
LINE
8
BLACK
6
CONTINUOUS
10
3.6102737007874013
20
-3.8022107086614172
11
3.6135945669291338
21
-3.7999917716535432
0
LINE
8
BLACK
6
CONTINUOUS
10
3.6135945669291338
20
-3.7999917716535432
11
3.617511811023622
21
-3.7992125984251968
0
LINE
8
BLACK
6
CONTINUOUS
10
3.617511811023622
20
-3.7992125984251968
11
3.6222362204724408
21
-3.7992125984251968
0
LINE
8
BLACK
6
CONTINUOUS
10
3.6222362204724408
20
-3.7992125984251968
11
3.6261534645669289
21
-3.7999917716535432
0
LINE
8
BLACK
6
CONTINUOUS
10
3.6261534645669289
20
-3.7999917716535432
11
3.6294743307086614
21
-3.8022107086614172
0
LINE
8
BLACK
6
CONTINUOUS
10
3.6294743307086614
20
-3.8022107086614172
11
3.6297165354330709
21
-3.8025731889763779
0
LINE
8
BLACK
6
CONTINUOUS
10
3.6297165354330709
20
-3.8025731889763779
11
3.6299587401574804
21
-3.8022107086614172
0
LINE
8
BLACK
6
CONTINUOUS
10
3.6299587401574804
20
-3.8022107086614172
11
3.6332796062992125
21
-3.7999917716535432
0
LINE
8
BLACK
6
CONTINUOUS
10
3.6332796062992125
20
-3.7999917716535432
11
3.6371968503937007
21
-3.7992125984251968
0
LINE
8
BLACK
6
CONTINUOUS
10
3.6371968503937007
20
-3.7992125984251968
11
3.6419212598425195
21
-3.7992125984251968
0
LINE
8
BLACK
6
CONTINUOUS
10
3.6419212598425195
20
-3.7992125984251968
11
3.6458385039370076
21
-3.7999917716535432
0
LINE
8
BLACK
6
CONTINUOUS
10
3.6458385039370076
20
-3.7999917716535432
11
3.6491593700787401
21
-3.8022107086614172
0
LINE
8
BLACK
6
CONTINUOUS
10
3.6491593700787401
20
-3.8022107086614172
11
3.6494015748031496
21
-3.8025731889763779
0
LINE
8
BLACK
6
CONTINUOUS
10
3.6494015748031496
20
-3.8025731889763779
11
3.6496437795275591
21
-3.8022107086614172
0
LINE
8
BLACK
6
CONTINUOUS
10
3.6496437795275591
20
-3.8022107086614172
11
3.6529646456692912
21
-3.7999917716535432
0
LINE
8
BLACK
6
CONTINUOUS
10
3.6529646456692912
20
-3.7999917716535432
11
3.6568818897637794
21
-3.7992125984251968
0
LINE
8
BLACK
6
CONTINUOUS
10
3.6568818897637794
20
-3.7992125984251968
11
3.6616062992125982
21
-3.7992125984251968
0
LINE
8
BLACK
6
CONTINUOUS
10
3.6616062992125982
20
-3.7992125984251968
11
3.6655235433070867
21
-3.7999917716535432
0
LINE
8
BLACK
6
CONTINUOUS
10
3.6655235433070867
20
-3.7999917716535432
11
3.6688444094488188
21
-3.8022107086614172
0
LINE
8
BLACK
6
CONTINUOUS
10
3.6688444094488188
20
-3.8022107086614172
11
3.6690866141732283
21
-3.8025731889763779
0
LINE
8
BLACK
6
CONTINUOUS
10
3.6690866141732283
20
-3.8025731889763779
11
3.6693288188976378
21
-3.8022107086614172
0
LINE
8
BLACK
6
CONTINUOUS
10
3.6693288188976378
20
-3.8022107086614172
11
3.6726496850393699
21
-3.7999917716535432
0
LINE
8
BLACK
6
CONTINUOUS
10
3.6726496850393699
20
-3.7999917716535432
11
3.6765669291338581
21
-3.7992125984251968
0
LINE
8
BLACK
6
CONTINUOUS
10
3.6765669291338581
20
-3.7992125984251968
11
3.6812913385826769
21
-3.7992125984251968
0
LINE
8
BLACK
6
CONTINUOUS
10
3.6812913385826769
20
-3.7992125984251968
11
3.6852085826771654
21
-3.7999917716535432
0
LINE
8
BLACK
6
CONTINUOUS
10
3.6852085826771654
20
-3.7999917716535432
11
3.6885294488188975
21
-3.8022107086614172
0
LINE
8
BLACK
6
CONTINUOUS
10
3.6885294488188975
20
-3.8022107086614172
11
3.688771653543307
21
-3.8025731889763779
0
LINE
8
BLACK
6
CONTINUOUS
10
3.688771653543307
20
-3.8025731889763779
11
3.6890138582677166
21
-3.8022107086614172
0
LINE
8
BLACK
6
CONTINUOUS
10
3.6890138582677166
20
-3.8022107086614172
11
3.6923347244094487
21
-3.7999917716535432
0
LINE
8
BLACK
6
CONTINUOUS
10
3.6923347244094487
20
-3.7999917716535432
11
3.6962519685039368
21
-3.7992125984251968
0
LINE
8
BLACK
6
CONTINUOUS
10
3.6962519685039368
20
-3.7992125984251968
11
3.700976377952756
21
-3.7992125984251968
0
LINE
8
BLACK
6
CONTINUOUS
10
3.700976377952756
20
-3.7992125984251968
11
3.7048936220472442
21
-3.7999917716535432
0
LINE
8
BLACK
6
CONTINUOUS
10
3.7048936220472442
20
-3.7999917716535432
11
3.7082144881889763
21
-3.8022107086614172
0
LINE
8
BLACK
6
CONTINUOUS
10
3.7082144881889763
20
-3.8022107086614172
11
3.7084566929133858
21
-3.8025731889763779
0
LINE
8
BLACK
6
CONTINUOUS
10
3.7084566929133858
20
-3.8025731889763779
11
3.7086988976377953
21
-3.8022107086614172
0
LINE
8
BLACK
6
CONTINUOUS
10
3.7086988976377953
20
-3.8022107086614172
11
3.7120197637795274
21
-3.7999917716535432
0
LINE
8
BLACK
6
CONTINUOUS
10
3.7120197637795274
20
-3.7999917716535432
11
3.7159370078740155
21
-3.7992125984251968
0
LINE
8
BLACK
6
CONTINUOUS
10
3.7159370078740155
20
-3.7992125984251968
11
3.7206614173228347
21
-3.7992125984251968
0
LINE
8
BLACK
6
CONTINUOUS
10
3.7206614173228347
20
-3.7992125984251968
11
3.7245786614173229
21
-3.7999917716535432
0
LINE
8
BLACK
6
CONTINUOUS
10
3.7245786614173229
20
-3.7999917716535432
11
3.727899527559055
21
-3.8022107086614172
0
LINE
8
BLACK
6
CONTINUOUS
10
3.727899527559055
20
-3.8022107086614172
11
3.7281417322834645
21
-3.8025731889763779
0
LINE
8
BLACK
6
CONTINUOUS
10
3.7281417322834645
20
-3.8025731889763779
11
3.728383937007874
21
-3.8022107086614172
0
LINE
8
BLACK
6
CONTINUOUS
10
3.728383937007874
20
-3.8022107086614172
11
3.7317048031496061
21
-3.7999917716535432
0
LINE
8
BLACK
6
CONTINUOUS
10
3.7317048031496061
20
-3.7999917716535432
11
3.7356220472440942
21
-3.7992125984251968
0
LINE
8
BLACK
6
CONTINUOUS
10
3.7356220472440942
20
-3.7992125984251968
11
3.7403464566929134
21
-3.7992125984251968
0
LINE
8
BLACK
6
CONTINUOUS
10
3.7403464566929134
20
-3.7992125984251968
11
3.7442637007874016
21
-3.7999917716535432
0
LINE
8
BLACK
6
CONTINUOUS
10
3.7442637007874016
20
-3.7999917716535432
11
3.7475845669291337
21
-3.8022107086614172
0
LINE
8
BLACK
6
CONTINUOUS
10
3.7475845669291337
20
-3.8022107086614172
11
3.7478267716535432
21
-3.8025731889763779
0
LINE
8
BLACK
6
CONTINUOUS
10
3.7478267716535432
20
-3.8025731889763779
11
3.7480689763779527
21
-3.8022107086614172
0
LINE
8
BLACK
6
CONTINUOUS
10
3.7480689763779527
20
-3.8022107086614172
11
3.7513898425196848
21
-3.7999917716535432
0
LINE
8
BLACK
6
CONTINUOUS
10
3.7513898425196848
20
-3.7999917716535432
11
3.7553070866141733
21
-3.7992125984251968
0
LINE
8
BLACK
6
CONTINUOUS
10
3.7553070866141733
20
-3.7992125984251968
11
3.7600314960629921
21
-3.7992125984251968
0
LINE
8
BLACK
6
CONTINUOUS
10
3.7600314960629921
20
-3.7992125984251968
11
3.7639487401574803
21
-3.7999917716535432
0
LINE
8
BLACK
6
CONTINUOUS
10
3.7639487401574803
20
-3.7999917716535432
11
3.7672696062992124
21
-3.8022107086614172
0
LINE
8
BLACK
6
CONTINUOUS
10
3.7672696062992124
20
-3.8022107086614172
11
3.7675118110236219
21
-3.8025731889763779
0
LINE
8
BLACK
6
CONTINUOUS
10
3.7675118110236219
20
-3.8025731889763779
11
3.7677540157480314
21
-3.8022107086614172
0
LINE
8
BLACK
6
CONTINUOUS
10
3.7677540157480314
20
-3.8022107086614172
11
3.7710748818897635
21
-3.7999917716535432
0
LINE
8
BLACK
6
CONTINUOUS
10
3.7710748818897635
20
-3.7999917716535432
11
3.774992125984252
21
-3.7992125984251968
0
LINE
8
BLACK
6
CONTINUOUS
10
3.774992125984252
20
-3.7992125984251968
11
3.7797165354330708
21
-3.7992125984251968
0
LINE
8
BLACK
6
CONTINUOUS
10
3.7797165354330708
20
-3.7992125984251968
11
3.783633779527559
21
-3.7999917716535432
0
LINE
8
BLACK
6
CONTINUOUS
10
3.783633779527559
20
-3.7999917716535432
11
3.7869546456692911
21
-3.8022107086614172
0
LINE
8
BLACK
6
CONTINUOUS
10
3.7869546456692911
20
-3.8022107086614172
11
3.7871968503937006
21
-3.8025731889763779
0
LINE
8
BLACK
6
CONTINUOUS
10
3.7871968503937006
20
-3.8025731889763779
11
3.7874390551181101
21
-3.8022107086614172
0
LINE
8
BLACK
6
CONTINUOUS
10
3.7874390551181101
20
-3.8022107086614172
11
3.7907599212598426
21
-3.7999917716535432
0
LINE
8
BLACK
6
CONTINUOUS
10
3.7907599212598426
20
-3.7999917716535432
11
3.7946771653543308
21
-3.7992125984251968
0
LINE
8
BLACK
6
CONTINUOUS
10
3.7946771653543308
20
-3.7992125984251968
11
3.7994015748031496
21
-3.7992125984251968
0
LINE
8
BLACK
6
CONTINUOUS
10
3.7994015748031496
20
-3.7992125984251968
11
3.8033188188976377
21
-3.7999917716535432
0
LINE
8
BLACK
6
CONTINUOUS
10
3.8033188188976377
20
-3.7999917716535432
11
3.8066396850393698
21
-3.8022107086614172
0
LINE
8
BLACK
6
CONTINUOUS
10
3.8066396850393698
20
-3.8022107086614172
11
3.8088586220472438
21
-3.8055315748031497
0
LINE
8
BLACK
6
CONTINUOUS
10
3.8088586220472438
20
-3.8055315748031497
11
3.8096377952755907
21
-3.8094488188976379
0
LINE
8
BLACK
6
CONTINUOUS
10
3.8096377952755907
20
-3.8094488188976379
11
3.8096377952755907
21
-3.836220472440945
0
LINE
8
BLACK
6
CONTINUOUS
10
3.8096377952755907
20
-3.836220472440945
11
3.8088586220472438
21
-3.8401377165354331
0
LINE
8
BLACK
6
CONTINUOUS
10
3.8088586220472438
20
-3.8401377165354331
11
3.8080425984251969
21
-3.841358937007874
0
LINE
8
BLACK
6
CONTINUOUS
10
3.8080425984251969
20
-3.841358937007874
11
3.8092638582677165
21
-3.8405429527559054
0
LINE
8
BLACK
6
CONTINUOUS
10
3.8092638582677165
20
-3.8405429527559054
11
3.8131811023622046
21
-3.839763779527559
0
LINE
8
BLACK
6
CONTINUOUS
10
3.8131811023622046
20
-3.839763779527559
11
3.8399527559055118
21
-3.839763779527559
0
LINE
8
BLACK
6
CONTINUOUS
10
3.8399527559055118
20
-3.839763779527559
11
3.8438699999999999
21
-3.8405429527559054
0
LINE
8
BLACK
6
CONTINUOUS
10
3.8438699999999999
20
-3.8405429527559054
11
3.847190866141732
21
-3.8427618897637794
0
LINE
8
BLACK
6
CONTINUOUS
10
3.847190866141732
20
-3.8427618897637794
11
3.849409803149606
21
-3.8460827559055115
0
LINE
8
BLACK
6
CONTINUOUS
10
3.849409803149606
20
-3.8460827559055115
11
3.8501889763779529
21
-3.8500000000000001
0
LINE
8
BLACK
6
CONTINUOUS
10
3.8501889763779529
20
-3.8500000000000001
11
3.8501889763779529
21
-3.8547244094488189
0
LINE
8
BLACK
6
CONTINUOUS
10
3.8501889763779529
20
-3.8547244094488189
11
3.849409803149606
21
-3.858641653543307
0
LINE
8
BLACK
6
CONTINUOUS
10
3.849409803149606
20
-3.858641653543307
11
3.847190866141732
21
-3.8619625196850391
0
LINE
8
BLACK
6
CONTINUOUS
10
3.847190866141732
20
-3.8619625196850391
11
3.846828346456693
21
-3.8622047244094486
0
LINE
8
BLACK
6
CONTINUOUS
10
3.846828346456693
20
-3.8622047244094486
11
3.847190866141732
21
-3.8624469291338581
0
LINE
8
BLACK
6
CONTINUOUS
10
3.847190866141732
20
-3.8624469291338581
11
3.849409803149606
21
-3.8657677952755907
0
LINE
8
BLACK
6
CONTINUOUS
10
3.849409803149606
20
-3.8657677952755907
11
3.8501889763779529
21
-3.8696850393700788
0
LINE
8
BLACK
6
CONTINUOUS
10
3.8501889763779529
20
-3.8696850393700788
11
3.8501889763779529
21
-3.8744094488188976
0
LINE
8
BLACK
6
CONTINUOUS
10
3.8501889763779529
20
-3.8744094488188976
11
3.849409803149606
21
-3.8783266929133857
0
LINE
8
BLACK
6
CONTINUOUS
10
3.849409803149606
20
-3.8783266929133857
11
3.847190866141732
21
-3.8816475590551178
0
LINE
8
BLACK
6
CONTINUOUS
10
3.847190866141732
20
-3.8816475590551178
11
3.846828346456693
21
-3.8818897637795273
0
LINE
8
BLACK
6
CONTINUOUS
10
3.846828346456693
20
-3.8818897637795273
11
3.847190866141732
21
-3.8821319685039368
0
LINE
8
BLACK
6
CONTINUOUS
10
3.847190866141732
20
-3.8821319685039368
11
3.849409803149606
21
-3.8854528346456694
0
LINE
8
BLACK
6
CONTINUOUS
10
3.849409803149606
20
-3.8854528346456694
11
3.8501889763779529
21
-3.8893700787401575
0
LINE
8
BLACK
6
CONTINUOUS
10
3.8501889763779529
20
-3.8893700787401575
11
3.8501889763779529
21
-3.8940944881889763
0
LINE
8
BLACK
6
CONTINUOUS
10
3.8501889763779529
20
-3.8940944881889763
11
3.849409803149606
21
-3.8980117322834644
0
LINE
8
BLACK
6
CONTINUOUS
10
3.849409803149606
20
-3.8980117322834644
11
3.847190866141732
21
-3.901332598425197
0
LINE
8
BLACK
6
CONTINUOUS
10
3.847190866141732
20
-3.901332598425197
11
3.846828346456693
21
-3.901574803149606
0
LINE
8
BLACK
6
CONTINUOUS
10
3.846828346456693
20
-3.901574803149606
11
3.847190866141732
21
-3.9018170078740155
0
LINE
8
BLACK
6
CONTINUOUS
10
3.847190866141732
20
-3.9018170078740155
11
3.849409803149606
21
-3.9051378740157481
0
LINE
8
BLACK
6
CONTINUOUS
10
3.849409803149606
20
-3.9051378740157481
11
3.8501889763779529
21
-3.9090551181102362
0
LINE
8
BLACK
6
CONTINUOUS
10
3.8501889763779529
20
-3.9090551181102362
11
3.8501889763779529
21
-3.913779527559055
0
LINE
8
BLACK
6
CONTINUOUS
10
3.8501889763779529
20
-3.913779527559055
11
3.849409803149606
21
-3.9176967716535431
0
LINE
8
BLACK
6
CONTINUOUS
10
3.849409803149606
20
-3.9176967716535431
11
3.847190866141732
21
-3.9210176377952757
0
LINE
8
BLACK
6
CONTINUOUS
10
3.847190866141732
20
-3.9210176377952757
11
3.846828346456693
21
-3.9212598425196847
0
LINE
8
BLACK
6
CONTINUOUS
10
3.846828346456693
20
-3.9212598425196847
11
3.847190866141732
21
-3.9215020472440942
0
LINE
8
BLACK
6
CONTINUOUS
10
3.847190866141732
20
-3.9215020472440942
11
3.849409803149606
21
-3.9248229133858268
0
LINE
8
BLACK
6
CONTINUOUS
10
3.849409803149606
20
-3.9248229133858268
11
3.8501889763779529
21
-3.9287401574803149
0
LINE
8
BLACK
6
CONTINUOUS
10
3.8501889763779529
20
-3.9287401574803149
11
3.8501889763779529
21
-3.9334645669291337
0
LINE
8
BLACK
6
CONTINUOUS
10
3.8501889763779529
20
-3.9334645669291337
11
3.849409803149606
21
-3.9373818110236218
0
LINE
8
BLACK
6
CONTINUOUS
10
3.849409803149606
20
-3.9373818110236218
11
3.847190866141732
21
-3.9407026771653544
0
LINE
8
BLACK
6
CONTINUOUS
10
3.847190866141732
20
-3.9407026771653544
11
3.846828346456693
21
-3.9409448818897639
0
LINE
8
BLACK
6
CONTINUOUS
10
3.846828346456693
20
-3.9409448818897639
11
3.847190866141732
21
-3.9411870866141729
0
LINE
8
BLACK
6
CONTINUOUS
10
3.847190866141732
20
-3.9411870866141729
11
3.849409803149606
21
-3.9445079527559055
0
LINE
8
BLACK
6
CONTINUOUS
10
3.849409803149606
20
-3.9445079527559055
11
3.8501889763779529
21
-3.9484251968503936
0
LINE
8
BLACK
6
CONTINUOUS
10
3.8501889763779529
20
-3.9484251968503936
11
3.8501889763779529
21
-3.9531496062992124
0
LINE
8
BLACK
6
CONTINUOUS
10
3.8501889763779529
20
-3.9531496062992124
11
3.849409803149606
21
-3.9570668503937005
0
LINE
8
BLACK
6
CONTINUOUS
10
3.849409803149606
20
-3.9570668503937005
11
3.847190866141732
21
-3.9603877165354331
0
LINE
8
BLACK
6
CONTINUOUS
10
3.847190866141732
20
-3.9603877165354331
11
3.846828346456693
21
-3.9606299212598426
0
LINE
8
BLACK
6
CONTINUOUS
10
3.846828346456693
20
-3.9606299212598426
11
3.847190866141732
21
-3.9608721259842521
0
LINE
8
BLACK
6
CONTINUOUS
10
3.847190866141732
20
-3.9608721259842521
11
3.849409803149606
21
-3.9641929921259842
0
LINE
8
BLACK
6
CONTINUOUS
10
3.849409803149606
20
-3.9641929921259842
11
3.8501889763779529
21
-3.9681102362204723
0
LINE
8
BLACK
6
CONTINUOUS
10
3.8501889763779529
20
-3.9681102362204723
11
3.8501889763779529
21
-3.9728346456692911
0
LINE
8
BLACK
6
CONTINUOUS
10
3.8501889763779529
20
-3.9728346456692911
11
3.849409803149606
21
-3.9767518897637792
0
LINE
8
BLACK
6
CONTINUOUS
10
3.849409803149606
20
-3.9767518897637792
11
3.847190866141732
21
-3.9800727559055118
0
LINE
8
BLACK
6
CONTINUOUS
10
3.847190866141732
20
-3.9800727559055118
11
3.846828346456693
21
-3.9803149606299213
0
LINE
8
BLACK
6
CONTINUOUS
10
3.846828346456693
20
-3.9803149606299213
11
3.847190866141732
21
-3.9805571653543308
0
LINE
8
BLACK
6
CONTINUOUS
10
3.847190866141732
20
-3.9805571653543308
11
3.849409803149606
21
-3.9838780314960629
0
LINE
8
BLACK
6
CONTINUOUS
10
3.849409803149606
20
-3.9838780314960629
11
3.8501889763779529
21
-3.987795275590551
0
LINE
8
BLACK
6
CONTINUOUS
10
3.8501889763779529
20
-3.987795275590551
11
3.8501889763779529
21
-3.9925196850393698
0
LINE
8
BLACK
6
CONTINUOUS
10
3.8501889763779529
20
-3.9925196850393698
11
3.849409803149606
21
-3.9964369291338584
0
LINE
8
BLACK
6
CONTINUOUS
10
3.849409803149606
20
-3.9964369291338584
11
3.847190866141732
21
-3.9997577952755905
0
LINE
8
BLACK
6
CONTINUOUS
10
3.847190866141732
20
-3.9997577952755905
11
3.846828346456693
21
-4.
0
LINE
8
BLACK
6
CONTINUOUS
10
3.846828346456693
20
-4.
11
3.847190866141732
21
-4.0002422047244091
0
LINE
8
BLACK
6
CONTINUOUS
10
3.847190866141732
20
-4.0002422047244091
11
3.849409803149606
21
-4.003563070866142
0
LINE
8
BLACK
6
CONTINUOUS
10
3.849409803149606
20
-4.003563070866142
11
3.8501889763779529
21
-4.0074803149606302
0
LINE
8
BLACK
6
CONTINUOUS
10
3.8501889763779529
20
-4.0074803149606302
11
3.8501889763779529
21
-4.0122047244094485
0
LINE
8
BLACK
6
CONTINUOUS
10
3.8501889763779529
20
-4.0122047244094485
11
3.849409803149606
21
-4.0161219685039367
0
LINE
8
BLACK
6
CONTINUOUS
10
3.849409803149606
20
-4.0161219685039367
11
3.847190866141732
21
-4.0194428346456688
0
LINE
8
BLACK
6
CONTINUOUS
10
3.847190866141732
20
-4.0194428346456688
11
3.846828346456693
21
-4.0196850393700787
0
LINE
8
BLACK
6
CONTINUOUS
10
3.846828346456693
20
-4.0196850393700787
11
3.847190866141732
21
-4.0199272440944878
0
LINE
8
BLACK
6
CONTINUOUS
10
3.847190866141732
20
-4.0199272440944878
11
3.849409803149606
21
-4.0232481102362208
0
LINE
8
BLACK
6
CONTINUOUS
10
3.849409803149606
20
-4.0232481102362208
11
3.8501889763779529
21
-4.0271653543307089
0
LINE
8
BLACK
6
CONTINUOUS
10
3.8501889763779529
20
-4.0271653543307089
11
3.8501889763779529
21
-4.0318897637795272
0
LINE
8
BLACK
6
CONTINUOUS
10
3.8501889763779529
20
-4.0318897637795272
11
3.849409803149606
21
-4.0358070078740154
0
LINE
8
BLACK
6
CONTINUOUS
10
3.849409803149606
20
-4.0358070078740154
11
3.847190866141732
21
-4.0391278740157484
0
LINE
8
BLACK
6
CONTINUOUS
10
3.847190866141732
20
-4.0391278740157484
11
3.846828346456693
21
-4.0393700787401574
0
LINE
8
BLACK
6
CONTINUOUS
10
3.846828346456693
20
-4.0393700787401574
11
3.847190866141732
21
-4.0396122834645665
0
LINE
8
BLACK
6
CONTINUOUS
10
3.847190866141732
20
-4.0396122834645665
11
3.849409803149606
21
-4.0429331496062995
0
LINE
8
BLACK
6
CONTINUOUS
10
3.849409803149606
20
-4.0429331496062995
11
3.8501889763779529
21
-4.0468503937007876
0
LINE
8
BLACK
6
CONTINUOUS
10
3.8501889763779529
20
-4.0468503937007876
11
3.8501889763779529
21
-4.0515748031496059
0
LINE
8
BLACK
6
CONTINUOUS
10
3.8501889763779529
20
-4.0515748031496059
11
3.849409803149606
21
-4.0554920472440941
0
LINE
8
BLACK
6
CONTINUOUS
10
3.849409803149606
20
-4.0554920472440941
11
3.847190866141732
21
-4.0588129133858271
0
LINE
8
BLACK
6
CONTINUOUS
10
3.847190866141732
20
-4.0588129133858271
11
3.846828346456693
21
-4.0590551181102361
0
LINE
8
BLACK
6
CONTINUOUS
10
3.846828346456693
20
-4.0590551181102361
11
3.847190866141732
21
-4.0592973228346452
0
LINE
8
BLACK
6
CONTINUOUS
10
3.847190866141732
20
-4.0592973228346452
11
3.849409803149606
21
-4.0626181889763782
0
LINE
8
BLACK
6
CONTINUOUS
10
3.849409803149606
20
-4.0626181889763782
11
3.8501889763779529
21
-4.0665354330708663
0
LINE
8
BLACK
6
CONTINUOUS
10
3.8501889763779529
20
-4.0665354330708663
11
3.8501889763779529
21
-4.0712598425196846
0
LINE
8
BLACK
6
CONTINUOUS
10
3.8501889763779529
20
-4.0712598425196846
11
3.849409803149606
21
-4.0751770866141728
0
LINE
8
BLACK
6
CONTINUOUS
10
3.849409803149606
20
-4.0751770866141728
11
3.847190866141732
21
-4.0784979527559058
0
LINE
8
BLACK
6
CONTINUOUS
10
3.847190866141732
20
-4.0784979527559058
11
3.846828346456693
21
-4.0787401574803148
0
LINE
8
BLACK
6
CONTINUOUS
10
3.846828346456693
20
-4.0787401574803148
11
3.847190866141732
21
-4.0789823622047239
0
LINE
8
BLACK
6
CONTINUOUS
10
3.847190866141732
20
-4.0789823622047239
11
3.849409803149606
21
-4.0823032283464569
0
LINE
8
BLACK
6
CONTINUOUS
10
3.849409803149606
20
-4.0823032283464569
11
3.8501889763779529
21
-4.086220472440945
0
LINE
8
BLACK
6
CONTINUOUS
10
3.8501889763779529
20
-4.086220472440945
11
3.8501889763779529
21
-4.0909448818897634
0
LINE
8
BLACK
6
CONTINUOUS
10
3.8501889763779529
20
-4.0909448818897634
11
3.849409803149606
21
-4.0948621259842515
0
LINE
8
BLACK
6
CONTINUOUS
10
3.849409803149606
20
-4.0948621259842515
11
3.847190866141732
21
-4.0981829921259845
0
LINE
8
BLACK
6
CONTINUOUS
10
3.847190866141732
20
-4.0981829921259845
11
3.846828346456693
21
-4.0984251968503935
0
LINE
8
BLACK
6
CONTINUOUS
10
3.846828346456693
20
-4.0984251968503935
11
3.847190866141732
21
-4.0986674015748035
0
LINE
8
BLACK
6
CONTINUOUS
10
3.847190866141732
20
-4.0986674015748035
11
3.849409803149606
21
-4.1019882677165356
0
LINE
8
BLACK
6
CONTINUOUS
10
3.849409803149606
20
-4.1019882677165356
11
3.8501889763779529
21
-4.1059055118110237
0
LINE
8
BLACK
6
CONTINUOUS
10
3.8501889763779529
20
-4.1059055118110237
11
3.8501889763779529
21
-4.1106299212598421
0
LINE
8
BLACK
6
CONTINUOUS
10
3.8501889763779529
20
-4.1106299212598421
11
3.849409803149606
21
-4.1145471653543302
0
LINE
8
BLACK
6
CONTINUOUS
10
3.849409803149606
20
-4.1145471653543302
11
3.847190866141732
21
-4.1178680314960632
0
LINE
8
BLACK
6
CONTINUOUS
10
3.847190866141732
20
-4.1178680314960632
11
3.846828346456693
21
-4.1181102362204722
0
LINE
8
BLACK
6
CONTINUOUS
10
3.846828346456693
20
-4.1181102362204722
11
3.847190866141732
21
-4.1183524409448822
0
LINE
8
BLACK
6
CONTINUOUS
10
3.847190866141732
20
-4.1183524409448822
11
3.849409803149606
21
-4.1216733070866143
0
LINE
8
BLACK
6
CONTINUOUS
10
3.849409803149606
20
-4.1216733070866143
11
3.8501889763779529
21
-4.1255905511811024
0
LINE
8
BLACK
6
CONTINUOUS
10
3.8501889763779529
20
-4.1255905511811024
11
3.8501889763779529
21
-4.1303149606299208
0
LINE
8
BLACK
6
CONTINUOUS
10
3.8501889763779529
20
-4.1303149606299208
11
3.849409803149606
21
-4.1342322047244098
0
LINE
8
BLACK
6
CONTINUOUS
10
3.849409803149606
20
-4.1342322047244098
11
3.847190866141732
21
-4.1375530708661419
0
LINE
8
BLACK
6
CONTINUOUS
10
3.847190866141732
20
-4.1375530708661419
11
3.846828346456693
21
-4.1377952755905509
0
LINE
8
BLACK
6
CONTINUOUS
10
3.846828346456693
20
-4.1377952755905509
11
3.847190866141732
21
-4.1380374803149609
0
LINE
8
BLACK
6
CONTINUOUS
10
3.847190866141732
20
-4.1380374803149609
11
3.849409803149606
21
-4.141358346456693
0
LINE
8
BLACK
6
CONTINUOUS
10
3.849409803149606
20
-4.141358346456693
11
3.8501889763779529
21
-4.1452755905511811
0
LINE
8
BLACK
6
CONTINUOUS
10
3.8501889763779529
20
-4.1452755905511811
11
3.8501889763779529
21
-4.1499999999999995
0
LINE
8
BLACK
6
CONTINUOUS
10
3.8501889763779529
20
-4.1499999999999995
11
3.849409803149606
21
-4.1539172440944885
0
LINE
8
BLACK
6
CONTINUOUS
10
3.849409803149606
20
-4.1539172440944885
11
3.847190866141732
21
-4.1572381102362206
0
LINE
8
BLACK
6
CONTINUOUS
10
3.847190866141732
20
-4.1572381102362206
11
3.8438699999999999
21
-4.1594570472440946
0
LINE
8
BLACK
6
CONTINUOUS
10
3.8438699999999999
20
-4.1594570472440946
11
3.8399527559055118
21
-4.1602362204724406
0
LINE
8
BLACK
6
CONTINUOUS
10
3.8399527559055118
20
-4.1602362204724406
11
3.8131811023622046
21
-4.1602362204724406
0
LINE
8
BLACK
6
CONTINUOUS
10
3.8131811023622046
20
-4.1602362204724406
11
3.8092638582677165
21
-4.1594570472440946
0
LINE
8
BLACK
6
CONTINUOUS
10
3.8092638582677165
20
-4.1594570472440946
11
3.8080425984251969
21
-4.1586410236220468
0
LINE
8
BLACK
6
CONTINUOUS
10
3.8080425984251969
20
-4.1586410236220468
11
3.8088586220472438
21
-4.1598622834645669
0
LINE
8
BLACK
6
CONTINUOUS
10
3.8088586220472438
20
-4.1598622834645669
11
3.8096377952755907
21
-4.163779527559055
0
LINE
8
BLACK
6
CONTINUOUS
10
3.8096377952755907
20
-4.163779527559055
11
3.8096377952755907
21
-4.1905511811023617
0
LINE
8
BLACK
6
CONTINUOUS
10
3.8096377952755907
20
-4.1905511811023617
11
3.8088586220472438
21
-4.1944684251968507
0
LINE
8
BLACK
6
CONTINUOUS
10
3.8088586220472438
20
-4.1944684251968507
11
3.8066396850393698
21
-4.1977892913385828
0
LINE
8
BLACK
6
CONTINUOUS
10
3.8066396850393698
20
-4.1977892913385828
11
3.8033188188976377
21
-4.2000082283464568
0
LINE
8
BLACK
6
CONTINUOUS
10
3.8033188188976377
20
-4.2000082283464568
11
3.7994015748031496
21
-4.2007874015748028
0
LINE
8
BLACK
6
CONTINUOUS
10
3.7994015748031496
20
-4.2007874015748028
11
3.7946771653543308
21
-4.2007874015748028
0
LINE
8
BLACK
6
CONTINUOUS
10
3.7946771653543308
20
-4.2007874015748028
11
3.7907599212598426
21
-4.2000082283464568
0
LINE
8
BLACK
6
CONTINUOUS
10
3.7907599212598426
20
-4.2000082283464568
11
3.7874390551181101
21
-4.1977892913385828
0
LINE
8
BLACK
6
CONTINUOUS
10
3.7874390551181101
20
-4.1977892913385828
11
3.7871968503937006
21
-4.1974267716535429
0
LINE
8
BLACK
6
CONTINUOUS
10
3.7871968503937006
20
-4.1974267716535429
11
3.7869546456692911
21
-4.1977892913385828
0
LINE
8
BLACK
6
CONTINUOUS
10
3.7869546456692911
20
-4.1977892913385828
11
3.783633779527559
21
-4.2000082283464568
0
LINE
8
BLACK
6
CONTINUOUS
10
3.783633779527559
20
-4.2000082283464568
11
3.7797165354330708
21
-4.2007874015748028
0
LINE
8
BLACK
6
CONTINUOUS
10
3.7797165354330708
20
-4.2007874015748028
11
3.774992125984252
21
-4.2007874015748028
0
LINE
8
BLACK
6
CONTINUOUS
10
3.774992125984252
20
-4.2007874015748028
11
3.7710748818897635
21
-4.2000082283464568
0
LINE
8
BLACK
6
CONTINUOUS
10
3.7710748818897635
20
-4.2000082283464568
11
3.7677540157480314
21
-4.1977892913385828
0
LINE
8
BLACK
6
CONTINUOUS
10
3.7677540157480314
20
-4.1977892913385828
11
3.7675118110236219
21
-4.1974267716535429
0
LINE
8
BLACK
6
CONTINUOUS
10
3.7675118110236219
20
-4.1974267716535429
11
3.7672696062992124
21
-4.1977892913385828
0
LINE
8
BLACK
6
CONTINUOUS
10
3.7672696062992124
20
-4.1977892913385828
11
3.7639487401574803
21
-4.2000082283464568
0
LINE
8
BLACK
6
CONTINUOUS
10
3.7639487401574803
20
-4.2000082283464568
11
3.7600314960629921
21
-4.2007874015748028
0
LINE
8
BLACK
6
CONTINUOUS
10
3.7600314960629921
20
-4.2007874015748028
11
3.7553070866141733
21
-4.2007874015748028
0
LINE
8
BLACK
6
CONTINUOUS
10
3.7553070866141733
20
-4.2007874015748028
11
3.7513898425196848
21
-4.2000082283464568
0
LINE
8
BLACK
6
CONTINUOUS
10
3.7513898425196848
20
-4.2000082283464568
11
3.7480689763779527
21
-4.1977892913385828
0
LINE
8
BLACK
6
CONTINUOUS
10
3.7480689763779527
20
-4.1977892913385828
11
3.7478267716535432
21
-4.1974267716535429
0
LINE
8
BLACK
6
CONTINUOUS
10
3.7478267716535432
20
-4.1974267716535429
11
3.7475845669291337
21
-4.1977892913385828
0
LINE
8
BLACK
6
CONTINUOUS
10
3.7475845669291337
20
-4.1977892913385828
11
3.7442637007874016
21
-4.2000082283464568
0
LINE
8
BLACK
6
CONTINUOUS
10
3.7442637007874016
20
-4.2000082283464568
11
3.7403464566929134
21
-4.2007874015748028
0
LINE
8
BLACK
6
CONTINUOUS
10
3.7403464566929134
20
-4.2007874015748028
11
3.7356220472440942
21
-4.2007874015748028
0
LINE
8
BLACK
6
CONTINUOUS
10
3.7356220472440942
20
-4.2007874015748028
11
3.7317048031496061
21
-4.2000082283464568
0
LINE
8
BLACK
6
CONTINUOUS
10
3.7317048031496061
20
-4.2000082283464568
11
3.728383937007874
21
-4.1977892913385828
0
LINE
8
BLACK
6
CONTINUOUS
10
3.728383937007874
20
-4.1977892913385828
11
3.7281417322834645
21
-4.1974267716535429
0
LINE
8
BLACK
6
CONTINUOUS
10
3.7281417322834645
20
-4.1974267716535429
11
3.727899527559055
21
-4.1977892913385828
0
LINE
8
BLACK
6
CONTINUOUS
10
3.727899527559055
20
-4.1977892913385828
11
3.7245786614173229
21
-4.2000082283464568
0
LINE
8
BLACK
6
CONTINUOUS
10
3.7245786614173229
20
-4.2000082283464568
11
3.7206614173228347
21
-4.2007874015748028
0
LINE
8
BLACK
6
CONTINUOUS
10
3.7206614173228347
20
-4.2007874015748028
11
3.7159370078740155
21
-4.2007874015748028
0
LINE
8
BLACK
6
CONTINUOUS
10
3.7159370078740155
20
-4.2007874015748028
11
3.7120197637795274
21
-4.2000082283464568
0
LINE
8
BLACK
6
CONTINUOUS
10
3.7120197637795274
20
-4.2000082283464568
11
3.7086988976377953
21
-4.1977892913385828
0
LINE
8
BLACK
6
CONTINUOUS
10
3.7086988976377953
20
-4.1977892913385828
11
3.7084566929133858
21
-4.1974267716535429
0
LINE
8
BLACK
6
CONTINUOUS
10
3.7084566929133858
20
-4.1974267716535429
11
3.7082144881889763
21
-4.1977892913385828
0
LINE
8
BLACK
6
CONTINUOUS
10
3.7082144881889763
20
-4.1977892913385828
11
3.7048936220472442
21
-4.2000082283464568
0
LINE
8
BLACK
6
CONTINUOUS
10
3.7048936220472442
20
-4.2000082283464568
11
3.700976377952756
21
-4.2007874015748028
0
LINE
8
BLACK
6
CONTINUOUS
10
3.700976377952756
20
-4.2007874015748028
11
3.6962519685039368
21
-4.2007874015748028
0
LINE
8
BLACK
6
CONTINUOUS
10
3.6962519685039368
20
-4.2007874015748028
11
3.6923347244094487
21
-4.2000082283464568
0
LINE
8
BLACK
6
CONTINUOUS
10
3.6923347244094487
20
-4.2000082283464568
11
3.6890138582677166
21
-4.1977892913385828
0
LINE
8
BLACK
6
CONTINUOUS
10
3.6890138582677166
20
-4.1977892913385828
11
3.688771653543307
21
-4.1974267716535429
0
LINE
8
BLACK
6
CONTINUOUS
10
3.688771653543307
20
-4.1974267716535429
11
3.6885294488188975
21
-4.1977892913385828
0
LINE
8
BLACK
6
CONTINUOUS
10
3.6885294488188975
20
-4.1977892913385828
11
3.6852085826771654
21
-4.2000082283464568
0
LINE
8
BLACK
6
CONTINUOUS
10
3.6852085826771654
20
-4.2000082283464568
11
3.6812913385826769
21
-4.2007874015748028
0
LINE
8
BLACK
6
CONTINUOUS
10
3.6812913385826769
20
-4.2007874015748028
11
3.6765669291338581
21
-4.2007874015748028
0
LINE
8
BLACK
6
CONTINUOUS
10
3.6765669291338581
20
-4.2007874015748028
11
3.6726496850393699
21
-4.2000082283464568
0
LINE
8
BLACK
6
CONTINUOUS
10
3.6726496850393699
20
-4.2000082283464568
11
3.6693288188976378
21
-4.1977892913385828
0
LINE
8
BLACK
6
CONTINUOUS
10
3.6693288188976378
20
-4.1977892913385828
11
3.6690866141732283
21
-4.1974267716535429
0
LINE
8
BLACK
6
CONTINUOUS
10
3.6690866141732283
20
-4.1974267716535429
11
3.6688444094488188
21
-4.1977892913385828
0
LINE
8
BLACK
6
CONTINUOUS
10
3.6688444094488188
20
-4.1977892913385828
11
3.6655235433070867
21
-4.2000082283464568
0
LINE
8
BLACK
6
CONTINUOUS
10
3.6655235433070867
20
-4.2000082283464568
11
3.6616062992125982
21
-4.2007874015748028
0
LINE
8
BLACK
6
CONTINUOUS
10
3.6616062992125982
20
-4.2007874015748028
11
3.6568818897637794
21
-4.2007874015748028
0
LINE
8
BLACK
6
CONTINUOUS
10
3.6568818897637794
20
-4.2007874015748028
11
3.6529646456692912
21
-4.2000082283464568
0
LINE
8
BLACK
6
CONTINUOUS
10
3.6529646456692912
20
-4.2000082283464568
11
3.6496437795275591
21
-4.1977892913385828
0
LINE
8
BLACK
6
CONTINUOUS
10
3.6496437795275591
20
-4.1977892913385828
11
3.6494015748031496
21
-4.1974267716535429
0
LINE
8
BLACK
6
CONTINUOUS
10
3.6494015748031496
20
-4.1974267716535429
11
3.6491593700787401
21
-4.1977892913385828
0
LINE
8
BLACK
6
CONTINUOUS
10
3.6491593700787401
20
-4.1977892913385828
11
3.6458385039370076
21
-4.2000082283464568
0
LINE
8
BLACK
6
CONTINUOUS
10
3.6458385039370076
20
-4.2000082283464568
11
3.6419212598425195
21
-4.2007874015748028
0
LINE
8
BLACK
6
CONTINUOUS
10
3.6419212598425195
20
-4.2007874015748028
11
3.6371968503937007
21
-4.2007874015748028
0
LINE
8
BLACK
6
CONTINUOUS
10
3.6371968503937007
20
-4.2007874015748028
11
3.6332796062992125
21
-4.2000082283464568
0
LINE
8
BLACK
6
CONTINUOUS
10
3.6332796062992125
20
-4.2000082283464568
11
3.6299587401574804
21
-4.1977892913385828
0
LINE
8
BLACK
6
CONTINUOUS
10
3.6299587401574804
20
-4.1977892913385828
11
3.6297165354330709
21
-4.1974267716535429
0
LINE
8
BLACK
6
CONTINUOUS
10
3.6297165354330709
20
-4.1974267716535429
11
3.6294743307086614
21
-4.1977892913385828
0
LINE
8
BLACK
6
CONTINUOUS
10
3.6294743307086614
20
-4.1977892913385828
11
3.6261534645669289
21
-4.2000082283464568
0
LINE
8
BLACK
6
CONTINUOUS
10
3.6261534645669289
20
-4.2000082283464568
11
3.6222362204724408
21
-4.2007874015748028
0
LINE
8
BLACK
6
CONTINUOUS
10
3.6222362204724408
20
-4.2007874015748028
11
3.617511811023622
21
-4.2007874015748028
0
LINE
8
BLACK
6
CONTINUOUS
10
3.617511811023622
20
-4.2007874015748028
11
3.6135945669291338
21
-4.2000082283464568
0
LINE
8
BLACK
6
CONTINUOUS
10
3.6135945669291338
20
-4.2000082283464568
11
3.6102737007874013
21
-4.1977892913385828
0
LINE
8
BLACK
6
CONTINUOUS
10
3.6102737007874013
20
-4.1977892913385828
11
3.6100314960629922
21
-4.1974267716535429
0
LINE
8
BLACK
6
CONTINUOUS
10
3.6100314960629922
20
-4.1974267716535429
11
3.6097892913385827
21
-4.1977892913385828
0
LINE
8
BLACK
6
CONTINUOUS
10
3.6097892913385827
20
-4.1977892913385828
11
3.6064684251968502
21
-4.2000082283464568
0
LINE
8
BLACK
6
CONTINUOUS
10
3.6064684251968502
20
-4.2000082283464568
11
3.6025511811023621
21
-4.2007874015748028
0
LINE
8
BLACK
6
CONTINUOUS
10
3.6025511811023621
20
-4.2007874015748028
11
3.5978267716535433
21
-4.2007874015748028
0
LINE
8
BLACK
6
CONTINUOUS
10
3.5978267716535433
20
-4.2007874015748028
11
3.5939095275590551
21
-4.2000082283464568
0
LINE
8
BLACK
6
CONTINUOUS
10
3.5939095275590551
20
-4.2000082283464568
11
3.5905886614173226
21
-4.1977892913385828
0
LINE
8
BLACK
6
CONTINUOUS
10
3.5905886614173226
20
-4.1977892913385828
11
3.5903464566929135
21
-4.1974267716535429
0
LINE
8
BLACK
6
CONTINUOUS
10
3.5903464566929135
20
-4.1974267716535429
11
3.590104251968504
21
-4.1977892913385828
0
LINE
8
BLACK
6
CONTINUOUS
10
3.590104251968504
20
-4.1977892913385828
11
3.5867833858267715
21
-4.2000082283464568
0
LINE
8
BLACK
6
CONTINUOUS
10
3.5867833858267715
20
-4.2000082283464568
11
3.5828661417322833
21
-4.2007874015748028
0
LINE
8
BLACK
6
CONTINUOUS
10
3.5828661417322833
20
-4.2007874015748028
11
3.5781417322834645
21
-4.2007874015748028
0
LINE
8
BLACK
6
CONTINUOUS
10
3.5781417322834645
20
-4.2007874015748028
11
3.5742244881889764
21
-4.2000082283464568
0
LINE
8
BLACK
6
CONTINUOUS
10
3.5742244881889764
20
-4.2000082283464568
11
3.5709036220472439
21
-4.1977892913385828
0
LINE
8
BLACK
6
CONTINUOUS
10
3.5709036220472439
20
-4.1977892913385828
11
3.5706614173228344
21
-4.1974267716535429
0
LINE
8
BLACK
6
CONTINUOUS
10
3.5706614173228344
20
-4.1974267716535429
11
3.5704192125984253
21
-4.1977892913385828
0
LINE
8
BLACK
6
CONTINUOUS
10
3.5704192125984253
20
-4.1977892913385828
11
3.5670983464566928
21
-4.2000082283464568
0
LINE
8
BLACK
6
CONTINUOUS
10
3.5670983464566928
20
-4.2000082283464568
11
3.5631811023622046
21
-4.2007874015748028
0
LINE
8
BLACK
6
CONTINUOUS
10
3.5631811023622046
20
-4.2007874015748028
11
3.5584566929133858
21
-4.2007874015748028
0
LINE
8
BLACK
6
CONTINUOUS
10
3.5584566929133858
20
-4.2007874015748028
11
3.5545394488188977
21
-4.2000082283464568
0
LINE
8
BLACK
6
CONTINUOUS
10
3.5545394488188977
20
-4.2000082283464568
11
3.5512185826771652
21
-4.1977892913385828
0
LINE
8
BLACK
6
CONTINUOUS
10
3.5512185826771652
20
-4.1977892913385828
11
3.5509763779527557
21
-4.1974267716535429
0
LINE
8
BLACK
6
CONTINUOUS
10
3.5509763779527557
20
-4.1974267716535429
11
3.5507341732283462
21
-4.1977892913385828
0
LINE
8
BLACK
6
CONTINUOUS
10
3.5507341732283462
20
-4.1977892913385828
11
3.5474133070866141
21
-4.2000082283464568
0
LINE
8
BLACK
6
CONTINUOUS
10
3.5474133070866141
20
-4.2000082283464568
11
3.5434960629921259
21
-4.2007874015748028
0
LINE
8
BLACK
6
CONTINUOUS
10
3.5434960629921259
20
-4.2007874015748028
11
3.5387716535433071
21
-4.2007874015748028
0
LINE
8
BLACK
6
CONTINUOUS
10
3.5387716535433071
20
-4.2007874015748028
11
3.534854409448819
21
-4.2000082283464568
0
LINE
8
BLACK
6
CONTINUOUS
10
3.534854409448819
20
-4.2000082283464568
11
3.5315335433070865
21
-4.1977892913385828
0
LINE
8
BLACK
6
CONTINUOUS
10
3.5315335433070865
20
-4.1977892913385828
11
3.531291338582677
21
-4.1974267716535429
0
LINE
8
BLACK
6
CONTINUOUS
10
3.531291338582677
20
-4.1974267716535429
11
3.5310491338582675
21
-4.1977892913385828
0
LINE
8
BLACK
6
CONTINUOUS
10
3.5310491338582675
20
-4.1977892913385828
11
3.5277282677165354
21
-4.2000082283464568
0
LINE
8
BLACK
6
CONTINUOUS
10
3.5277282677165354
20
-4.2000082283464568
11
3.5238110236220472
21
-4.2007874015748028
0
LINE
8
BLACK
6
CONTINUOUS
10
3.5238110236220472
20
-4.2007874015748028
11
3.5190866141732284
21
-4.2007874015748028
0
LINE
8
BLACK
6
CONTINUOUS
10
3.5190866141732284
20
-4.2007874015748028
11
3.5151693700787399
21
-4.2000082283464568
0
LINE
8
BLACK
6
CONTINUOUS
10
3.5151693700787399
20
-4.2000082283464568
11
3.5118485039370078
21
-4.1977892913385828
0
LINE
8
BLACK
6
CONTINUOUS
10
3.5118485039370078
20
-4.1977892913385828
11
3.5116062992125983
21
-4.1974267716535429
0
LINE
8
BLACK
6
CONTINUOUS
10
3.5116062992125983
20
-4.1974267716535429
11
3.5113640944881888
21
-4.1977892913385828
0
LINE
8
BLACK
6
CONTINUOUS
10
3.5113640944881888
20
-4.1977892913385828
11
3.5080432283464567
21
-4.2000082283464568
0
LINE
8
BLACK
6
CONTINUOUS
10
3.5080432283464567
20
-4.2000082283464568
11
3.5041259842519685
21
-4.2007874015748028
0
LINE
8
BLACK
6
CONTINUOUS
10
3.5041259842519685
20
-4.2007874015748028
11
3.4994015748031497
21
-4.2007874015748028
0
LINE
8
BLACK
6
CONTINUOUS
10
3.4994015748031497
20
-4.2007874015748028
11
3.4954843307086612
21
-4.2000082283464568
0
LINE
8
BLACK
6
CONTINUOUS
10
3.4954843307086612
20
-4.2000082283464568
11
3.4921634645669291
21
-4.1977892913385828
0
LINE
8
BLACK
6
CONTINUOUS
10
3.4921634645669291
20
-4.1977892913385828
11
3.489944527559055
21
-4.1944684251968507
0
LINE
8
BLACK
6
CONTINUOUS
10
3.489944527559055
20
-4.1944684251968507
11
3.4891653543307086
21
-4.1905511811023617
0
LINE
8
BLACK
6
CONTINUOUS
10
3.4891653543307086
20
-4.1905511811023617
11
3.4891653543307086
21
-4.163779527559055
0
LINE
8
BLACK
6
CONTINUOUS
10
3.4891653543307086
20
-4.163779527559055
11
3.489944527559055
21
-4.1598622834645669
0
LINE
8
BLACK
6
CONTINUOUS
10
3.489944527559055
20
-4.1598622834645669
11
3.4907605118110236
21
-4.1586410236220468
0
LINE
8
BLACK
6
CONTINUOUS
10
3.4907605118110236
20
-4.1586410236220468
11
3.4895392913385828
21
-4.1594570472440946
0
LINE
8
BLACK
6
CONTINUOUS
10
3.4895392913385828
20
-4.1594570472440946
11
3.4856220472440942
21
-4.1602362204724406
0
LINE
8
BLACK
6
CONTINUOUS
10
3.4856220472440942
20
-4.1602362204724406
11
3.4588503937007875
21
-4.1602362204724406
0
LINE
8
BLACK
6
CONTINUOUS
10
3.4588503937007875
20
-4.1602362204724406
11
3.4549331496062989
21
-4.1594570472440946
0
LINE
8
BLACK
6
CONTINUOUS
10
3.4549331496062989
20
-4.1594570472440946
11
3.4516122834645668
21
-4.1572381102362206
0
LINE
8
BLACK
6
CONTINUOUS
10
3.4516122834645668
20
-4.1572381102362206
11
3.4493933464566928
21
-4.1539172440944885
0
LINE
8
BLACK
6
CONTINUOUS
10
3.4493933464566928
20
-4.1539172440944885
11
3.4486141732283464
21
-4.1499999999999995
0
LINE
8
BLACK
6
CONTINUOUS
10
3.4486141732283464
20
-4.1499999999999995
11
3.4486141732283464
21
-4.1452755905511811
0
LINE
8
BLACK
6
CONTINUOUS
10
3.4486141732283464
20
-4.1452755905511811
11
3.4493933464566928
21
-4.141358346456693
0
LINE
8
BLACK
6
CONTINUOUS
10
3.4493933464566928
20
-4.141358346456693
11
3.4516122834645668
21
-4.1380374803149609
0
LINE
8
BLACK
6
CONTINUOUS
10
3.4516122834645668
20
-4.1380374803149609
11
3.4519747637795275
21
-4.1377952755905509
0
LINE
8
BLACK
6
CONTINUOUS
10
3.4519747637795275
20
-4.1377952755905509
11
3.4516122834645668
21
-4.1375530708661419
0
LINE
8
BLACK
6
CONTINUOUS
10
3.4516122834645668
20
-4.1375530708661419
11
3.4493933464566928
21
-4.1342322047244098
0
LINE
8
BLACK
6
CONTINUOUS
10
3.4493933464566928
20
-4.1342322047244098
11
3.4486141732283464
21
-4.1303149606299208
0
LINE
8
BLACK
6
CONTINUOUS
10
3.4486141732283464
20
-4.1303149606299208
11
3.4486141732283464
21
-4.1255905511811024
0
LINE
8
BLACK
6
CONTINUOUS
10
3.4486141732283464
20
-4.1255905511811024
11
3.4493933464566928
21
-4.1216733070866143
0
LINE
8
BLACK
6
CONTINUOUS
10
3.4493933464566928
20
-4.1216733070866143
11
3.4516122834645668
21
-4.1183524409448822
0
LINE
8
BLACK
6
CONTINUOUS
10
3.4516122834645668
20
-4.1183524409448822
11
3.4519747637795275
21
-4.1181102362204722
0
LINE
8
BLACK
6
CONTINUOUS
10
3.4519747637795275
20
-4.1181102362204722
11
3.4516122834645668
21
-4.1178680314960632
0
LINE
8
BLACK
6
CONTINUOUS
10
3.4516122834645668
20
-4.1178680314960632
11
3.4493933464566928
21
-4.1145471653543302
0
LINE
8
BLACK
6
CONTINUOUS
10
3.4493933464566928
20
-4.1145471653543302
11
3.4486141732283464
21
-4.1106299212598421
0
LINE
8
BLACK
6
CONTINUOUS
10
3.4486141732283464
20
-4.1106299212598421
11
3.4486141732283464
21
-4.1059055118110237
0
LINE
8
BLACK
6
CONTINUOUS
10
3.4486141732283464
20
-4.1059055118110237
11
3.4493933464566928
21
-4.1019882677165356
0
LINE
8
BLACK
6
CONTINUOUS
10
3.4493933464566928
20
-4.1019882677165356
11
3.4516122834645668
21
-4.0986674015748035
0
LINE
8
BLACK
6
CONTINUOUS
10
3.4516122834645668
20
-4.0986674015748035
11
3.4519747637795275
21
-4.0984251968503935
0
LINE
8
BLACK
6
CONTINUOUS
10
3.4519747637795275
20
-4.0984251968503935
11
3.4516122834645668
21
-4.0981829921259845
0
LINE
8
BLACK
6
CONTINUOUS
10
3.4516122834645668
20
-4.0981829921259845
11
3.4493933464566928
21
-4.0948621259842515
0
LINE
8
BLACK
6
CONTINUOUS
10
3.4493933464566928
20
-4.0948621259842515
11
3.4486141732283464
21
-4.0909448818897634
0
LINE
8
BLACK
6
CONTINUOUS
10
3.4486141732283464
20
-4.0909448818897634
11
3.4486141732283464
21
-4.086220472440945
0
LINE
8
BLACK
6
CONTINUOUS
10
3.4486141732283464
20
-4.086220472440945
11
3.4493933464566928
21
-4.0823032283464569
0
LINE
8
BLACK
6
CONTINUOUS
10
3.4493933464566928
20
-4.0823032283464569
11
3.4516122834645668
21
-4.0789823622047239
0
LINE
8
BLACK
6
CONTINUOUS
10
3.4516122834645668
20
-4.0789823622047239
11
3.4519747637795275
21
-4.0787401574803148
0
LINE
8
BLACK
6
CONTINUOUS
10
3.4519747637795275
20
-4.0787401574803148
11
3.4516122834645668
21
-4.0784979527559058
0
LINE
8
BLACK
6
CONTINUOUS
10
3.4516122834645668
20
-4.0784979527559058
11
3.4493933464566928
21
-4.0751770866141728
0
LINE
8
BLACK
6
CONTINUOUS
10
3.4493933464566928
20
-4.0751770866141728
11
3.4486141732283464
21
-4.0712598425196846
0
LINE
8
BLACK
6
CONTINUOUS
10
3.4486141732283464
20
-4.0712598425196846
11
3.4486141732283464
21
-4.0665354330708663
0
LINE
8
BLACK
6
CONTINUOUS
10
3.4486141732283464
20
-4.0665354330708663
11
3.4493933464566928
21
-4.0626181889763782
0
LINE
8
BLACK
6
CONTINUOUS
10
3.4493933464566928
20
-4.0626181889763782
11
3.4516122834645668
21
-4.0592973228346452
0
LINE
8
BLACK
6
CONTINUOUS
10
3.4516122834645668
20
-4.0592973228346452
11
3.4519747637795275
21
-4.0590551181102361
0
LINE
8
BLACK
6
CONTINUOUS
10
3.4519747637795275
20
-4.0590551181102361
11
3.4516122834645668
21
-4.0588129133858271
0
LINE
8
BLACK
6
CONTINUOUS
10
3.4516122834645668
20
-4.0588129133858271
11
3.4493933464566928
21
-4.0554920472440941
0
LINE
8
BLACK
6
CONTINUOUS
10
3.4493933464566928
20
-4.0554920472440941
11
3.4486141732283464
21
-4.0515748031496059
0
LINE
8
BLACK
6
CONTINUOUS
10
3.4486141732283464
20
-4.0515748031496059
11
3.4486141732283464
21
-4.0468503937007876
0
LINE
8
BLACK
6
CONTINUOUS
10
3.4486141732283464
20
-4.0468503937007876
11
3.4493933464566928
21
-4.0429331496062995
0
LINE
8
BLACK
6
CONTINUOUS
10
3.4493933464566928
20
-4.0429331496062995
11
3.4516122834645668
21
-4.0396122834645665
0
LINE
8
BLACK
6
CONTINUOUS
10
3.4516122834645668
20
-4.0396122834645665
11
3.4519747637795275
21
-4.0393700787401574
0
LINE
8
BLACK
6
CONTINUOUS
10
3.4519747637795275
20
-4.0393700787401574
11
3.4516122834645668
21
-4.0391278740157484
0
LINE
8
BLACK
6
CONTINUOUS
10
3.4516122834645668
20
-4.0391278740157484
11
3.4493933464566928
21
-4.0358070078740154
0
LINE
8
BLACK
6
CONTINUOUS
10
3.4493933464566928
20
-4.0358070078740154
11
3.4486141732283464
21
-4.0318897637795272
0
LINE
8
BLACK
6
CONTINUOUS
10
3.4486141732283464
20
-4.0318897637795272
11
3.4486141732283464
21
-4.0271653543307089
0
LINE
8
BLACK
6
CONTINUOUS
10
3.4486141732283464
20
-4.0271653543307089
11
3.4493933464566928
21
-4.0232481102362208
0
LINE
8
BLACK
6
CONTINUOUS
10
3.4493933464566928
20
-4.0232481102362208
11
3.4516122834645668
21
-4.0199272440944878
0
LINE
8
BLACK
6
CONTINUOUS
10
3.4516122834645668
20
-4.0199272440944878
11
3.4519747637795275
21
-4.0196850393700787
0
LINE
8
BLACK
6
CONTINUOUS
10
3.4519747637795275
20
-4.0196850393700787
11
3.4516122834645668
21
-4.0194428346456688
0
LINE
8
BLACK
6
CONTINUOUS
10
3.4516122834645668
20
-4.0194428346456688
11
3.4493933464566928
21
-4.0161219685039367
0
LINE
8
BLACK
6
CONTINUOUS
10
3.4493933464566928
20
-4.0161219685039367
11
3.4486141732283464
21
-4.0122047244094485
0
LINE
8
BLACK
6
CONTINUOUS
10
3.4486141732283464
20
-4.0122047244094485
11
3.4486141732283464
21
-4.0074803149606302
0
LINE
8
BLACK
6
CONTINUOUS
10
3.4486141732283464
20
-4.0074803149606302
11
3.4493933464566928
21
-4.003563070866142
0
LINE
8
BLACK
6
CONTINUOUS
10
3.4493933464566928
20
-4.003563070866142
11
3.4516122834645668
21
-4.0002422047244091
0
LINE
8
BLACK
6
CONTINUOUS
10
3.4516122834645668
20
-4.0002422047244091
11
3.4519747637795275
21
-4.
0
LINE
8
BLACK
6
CONTINUOUS
10
3.4519747637795275
20
-4.
11
3.4516122834645668
21
-3.9997577952755905
0
LINE
8
BLACK
6
CONTINUOUS
10
3.4516122834645668
20
-3.9997577952755905
11
3.4493933464566928
21
-3.9964369291338584
0
LINE
8
BLACK
6
CONTINUOUS
10
3.4493933464566928
20
-3.9964369291338584
11
3.4486141732283464
21
-3.9925196850393698
0
LINE
8
BLACK
6
CONTINUOUS
10
3.4486141732283464
20
-3.9925196850393698
11
3.4486141732283464
21
-3.987795275590551
0
LINE
8
BLACK
6
CONTINUOUS
10
3.4486141732283464
20
-3.987795275590551
11
3.4493933464566928
21
-3.9838780314960629
0
LINE
8
BLACK
6
CONTINUOUS
10
3.4493933464566928
20
-3.9838780314960629
11
3.4516122834645668
21
-3.9805571653543308
0
LINE
8
BLACK
6
CONTINUOUS
10
3.4516122834645668
20
-3.9805571653543308
11
3.4519747637795275
21
-3.9803149606299213
0
LINE
8
BLACK
6
CONTINUOUS
10
3.4519747637795275
20
-3.9803149606299213
11
3.4516122834645668
21
-3.9800727559055118
0
LINE
8
BLACK
6
CONTINUOUS
10
3.4516122834645668
20
-3.9800727559055118
11
3.4493933464566928
21
-3.9767518897637792
0
LINE
8
BLACK
6
CONTINUOUS
10
3.4493933464566928
20
-3.9767518897637792
11
3.4486141732283464
21
-3.9728346456692911
0
LINE
8
BLACK
6
CONTINUOUS
10
3.4486141732283464
20
-3.9728346456692911
11
3.4486141732283464
21
-3.9681102362204723
0
LINE
8
BLACK
6
CONTINUOUS
10
3.4486141732283464
20
-3.9681102362204723
11
3.4493933464566928
21
-3.9641929921259842
0
LINE
8
BLACK
6
CONTINUOUS
10
3.4493933464566928
20
-3.9641929921259842
11
3.4516122834645668
21
-3.9608721259842521
0
LINE
8
BLACK
6
CONTINUOUS
10
3.4516122834645668
20
-3.9608721259842521
11
3.4519747637795275
21
-3.9606299212598426
0
LINE
8
BLACK
6
CONTINUOUS
10
3.4519747637795275
20
-3.9606299212598426
11
3.4516122834645668
21
-3.9603877165354331
0
LINE
8
BLACK
6
CONTINUOUS
10
3.4516122834645668
20
-3.9603877165354331
11
3.4493933464566928
21
-3.9570668503937005
0
LINE
8
BLACK
6
CONTINUOUS
10
3.4493933464566928
20
-3.9570668503937005
11
3.4486141732283464
21
-3.9531496062992124
0
LINE
8
BLACK
6
CONTINUOUS
10
3.4486141732283464
20
-3.9531496062992124
11
3.4486141732283464
21
-3.9484251968503936
0
LINE
8
BLACK
6
CONTINUOUS
10
3.4486141732283464
20
-3.9484251968503936
11
3.4493933464566928
21
-3.9445079527559055
0
LINE
8
BLACK
6
CONTINUOUS
10
3.4493933464566928
20
-3.9445079527559055
11
3.4516122834645668
21
-3.9411870866141729
0
LINE
8
BLACK
6
CONTINUOUS
10
3.4516122834645668
20
-3.9411870866141729
11
3.4519747637795275
21
-3.9409448818897639
0
LINE
8
BLACK
6
CONTINUOUS
10
3.4519747637795275
20
-3.9409448818897639
11
3.4516122834645668
21
-3.9407026771653544
0
LINE
8
BLACK
6
CONTINUOUS
10
3.4516122834645668
20
-3.9407026771653544
11
3.4493933464566928
21
-3.9373818110236218
0
LINE
8
BLACK
6
CONTINUOUS
10
3.4493933464566928
20
-3.9373818110236218
11
3.4486141732283464
21
-3.9334645669291337
0
LINE
8
BLACK
6
CONTINUOUS
10
3.4486141732283464
20
-3.9334645669291337
11
3.4486141732283464
21
-3.9287401574803149
0
LINE
8
BLACK
6
CONTINUOUS
10
3.4486141732283464
20
-3.9287401574803149
11
3.4493933464566928
21
-3.9248229133858268
0
LINE
8
BLACK
6
CONTINUOUS
10
3.4493933464566928
20
-3.9248229133858268
11
3.4516122834645668
21
-3.9215020472440942
0
LINE
8
BLACK
6
CONTINUOUS
10
3.4516122834645668
20
-3.9215020472440942
11
3.4519747637795275
21
-3.9212598425196847
0
LINE
8
BLACK
6
CONTINUOUS
10
3.4519747637795275
20
-3.9212598425196847
11
3.4516122834645668
21
-3.9210176377952757
0
LINE
8
BLACK
6
CONTINUOUS
10
3.4516122834645668
20
-3.9210176377952757
11
3.4493933464566928
21
-3.9176967716535431
0
LINE
8
BLACK
6
CONTINUOUS
10
3.4493933464566928
20
-3.9176967716535431
11
3.4486141732283464
21
-3.913779527559055
0
LINE
8
BLACK
6
CONTINUOUS
10
3.4486141732283464
20
-3.913779527559055
11
3.4486141732283464
21
-3.9090551181102362
0
LINE
8
BLACK
6
CONTINUOUS
10
3.4486141732283464
20
-3.9090551181102362
11
3.4493933464566928
21
-3.9051378740157481
0
LINE
8
BLACK
6
CONTINUOUS
10
3.4493933464566928
20
-3.9051378740157481
11
3.4516122834645668
21
-3.9018170078740155
0
LINE
8
BLACK
6
CONTINUOUS
10
3.4516122834645668
20
-3.9018170078740155
11
3.4519747637795275
21
-3.901574803149606
0
LINE
8
BLACK
6
CONTINUOUS
10
3.4519747637795275
20
-3.901574803149606
11
3.4516122834645668
21
-3.901332598425197
0
LINE
8
BLACK
6
CONTINUOUS
10
3.4516122834645668
20
-3.901332598425197
11
3.4493933464566928
21
-3.8980117322834644
0
LINE
8
BLACK
6
CONTINUOUS
10
3.4493933464566928
20
-3.8980117322834644
11
3.4486141732283464
21
-3.8940944881889763
0
LINE
8
BLACK
6
CONTINUOUS
10
3.4486141732283464
20
-3.8940944881889763
11
3.4486141732283464
21
-3.8893700787401575
0
LINE
8
BLACK
6
CONTINUOUS
10
3.4486141732283464
20
-3.8893700787401575
11
3.4493933464566928
21
-3.8854528346456694
0
LINE
8
BLACK
6
CONTINUOUS
10
3.4493933464566928
20
-3.8854528346456694
11
3.4516122834645668
21
-3.8821319685039368
0
LINE
8
BLACK
6
CONTINUOUS
10
3.4516122834645668
20
-3.8821319685039368
11
3.4519747637795275
21
-3.8818897637795273
0
LINE
8
BLACK
6
CONTINUOUS
10
3.4519747637795275
20
-3.8818897637795273
11
3.4516122834645668
21
-3.8816475590551178
0
LINE
8
BLACK
6
CONTINUOUS
10
3.4516122834645668
20
-3.8816475590551178
11
3.4493933464566928
21
-3.8783266929133857
0
LINE
8
BLACK
6
CONTINUOUS
10
3.4493933464566928
20
-3.8783266929133857
11
3.4486141732283464
21
-3.8744094488188976
0
LINE
8
BLACK
6
CONTINUOUS
10
3.4486141732283464
20
-3.8744094488188976
11
3.4486141732283464
21
-3.8696850393700788
0
LINE
8
BLACK
6
CONTINUOUS
10
3.4486141732283464
20
-3.8696850393700788
11
3.4493933464566928
21
-3.8657677952755907
0
LINE
8
BLACK
6
CONTINUOUS
10
3.4493933464566928
20
-3.8657677952755907
11
3.4516122834645668
21
-3.8624469291338581
0
LINE
8
BLACK
6
CONTINUOUS
10
3.4516122834645668
20
-3.8624469291338581
11
3.4519747637795275
21
-3.8622047244094486
0
LINE
8
BLACK
6
CONTINUOUS
10
3.4519747637795275
20
-3.8622047244094486
11
3.4516122834645668
21
-3.8619625196850391
0
LINE
8
BLACK
6
CONTINUOUS
10
3.4516122834645668
20
-3.8619625196850391
11
3.4493933464566928
21
-3.858641653543307
0
LINE
8
BLACK
6
CONTINUOUS
10
3.4493933464566928
20
-3.858641653543307
11
3.4486141732283464
21
-3.8547244094488189
0
LINE
8
BLACK
6
CONTINUOUS
10
3.4486141732283464
20
-3.8547244094488189
11
3.4486141732283464
21
-3.8500000000000001
0
LINE
8
BLACK
6
CONTINUOUS
10
3.4486141732283464
20
-3.8500000000000001
11
3.4493933464566928
21
-3.8460827559055115
0
LINE
8
BLACK
6
CONTINUOUS
10
3.4493933464566928
20
-3.8460827559055115
11
3.4516122834645668
21
-3.8427618897637794
0
LINE
8
BLACK
6
CONTINUOUS
10
3.4516122834645668
20
-3.8427618897637794
11
3.4549331496062989
21
-3.8405429527559054
0
LINE
8
BLACK
6
CONTINUOUS
10
3.4549331496062989
20
-3.8405429527559054
11
3.4588503937007875
21
-3.839763779527559
0
LINE
8
BLACK
6
CONTINUOUS
10
3.4588503937007875
20
-3.839763779527559
11
3.4856220472440942
21
-3.839763779527559
0
LINE
8
BLACK
6
CONTINUOUS
10
3.4856220472440942
20
-3.839763779527559
11
3.4895392913385828
21
-3.8405429527559054
0
LINE
8
BLACK
6
CONTINUOUS
10
3.4895392913385828
20
-3.8405429527559054
11
3.4907605118110236
21
-3.841358937007874
0
LINE
8
BLACK
6
CONTINUOUS
10
3.4907605118110236
20
-3.841358937007874
11
3.489944527559055
21
-3.8401377165354331
0
LINE
8
BLACK
6
CONTINUOUS
10
3.489944527559055
20
-3.8401377165354331
11
3.4891653543307086
21
-3.836220472440945
0
LINE
8
BLACK
6
CONTINUOUS
10
3.4891653543307086
20
-3.836220472440945
11
3.4891653543307086
21
-3.8094488188976379
0
LINE
8
BLACK
6
CONTINUOUS
10
3.4891653543307086
20
-3.8094488188976379
11
3.489944527559055
21
-3.8055315748031497
0
LINE
8
BLACK
6
CONTINUOUS
10
3.489944527559055
20
-3.8055315748031497
11
3.4921634645669291
21
-3.8022107086614172
0
LINE
8
BLACK
6
CONTINUOUS
10
3.4921634645669291
20
-3.8022107086614172
11
3.4954843307086612
21
-3.7999917716535432
0
LINE
8
BLACK
6
CONTINUOUS
10
3.4954843307086612
20
-3.7999917716535432
11
3.4994015748031497
21
-3.7992125984251968
0
LINE
8
BLACK
6
CONTINUOUS
10
3.4994015748031497
20
-3.7992125984251968
11
3.5041259842519685
21
-3.7992125984251968
0
LINE
8
BLACK
6
CONTINUOUS
10
3.5041259842519685
20
-3.7992125984251968
11
3.5080432283464567
21
-3.7999917716535432
0
LINE
8
BLACK
6
CONTINUOUS
10
3.5037322834645668
20
-4.1535433070866139
11
3.5007190157480315
21
-4.1529439370078736
0
LINE
8
BLACK
6
CONTINUOUS
10
3.5007190157480315
20
-4.1529439370078736
11
3.4981645275590552
21
-4.151237047244094
0
LINE
8
BLACK
6
CONTINUOUS
10
3.4981645275590552
20
-4.151237047244094
11
3.4964576377952756
21
-4.1486825590551177
0
LINE
8
BLACK
6
CONTINUOUS
10
3.4964576377952756
20
-4.1486825590551177
11
3.4958582677165353
21
-4.1456692913385824
0
LINE
8
BLACK
6
CONTINUOUS
10
3.4958582677165353
20
-4.1456692913385824
11
3.4958582677165353
21
-4.1499999999999995
0
LINE
8
BLACK
6
CONTINUOUS
10
3.4958582677165353
20
-4.1499999999999995
11
3.4950790944881889
21
-4.1539172440944885
0
LINE
8
BLACK
6
CONTINUOUS
10
3.4950790944881889
20
-4.1539172440944885
11
3.4942630708661415
21
-4.1551384645669289
0
LINE
8
BLACK
6
CONTINUOUS
10
3.4942630708661415
20
-4.1551384645669289
11
3.4954843307086612
21
-4.1543224803149608
0
LINE
8
BLACK
6
CONTINUOUS
10
3.4954843307086612
20
-4.1543224803149608
11
3.4994015748031497
21
-4.1535433070866139
0
LINE
8
BLACK
6
CONTINUOUS
10
3.4994015748031497
20
-4.1535433070866139
11
3.5037322834645668
21
-4.1535433070866139
0
LINE
8
BLACK
6
CONTINUOUS
10
3.4950790944881889
20
-4.1342322047244098
11
3.4928601574803149
21
-4.1375530708661419
0
LINE
8
BLACK
6
CONTINUOUS
10
3.4928601574803149
20
-4.1375530708661419
11
3.4924976377952754
21
-4.1377952755905509
0
LINE
8
BLACK
6
CONTINUOUS
10
3.4924976377952754
20
-4.1377952755905509
11
3.4928601574803149
21
-4.1380374803149609
0
LINE
8
BLACK
6
CONTINUOUS
10
3.4928601574803149
20
-4.1380374803149609
11
3.4950790944881889
21
-4.141358346456693
0
LINE
8
BLACK
6
CONTINUOUS
10
3.4950790944881889
20
-4.141358346456693
11
3.4958582677165353
21
-4.1452755905511811
0
LINE
8
BLACK
6
CONTINUOUS
10
3.4958582677165353
20
-4.1452755905511811
11
3.4958582677165353
21
-4.1303149606299208
0
LINE
8
BLACK
6
CONTINUOUS
10
3.4958582677165353
20
-4.1303149606299208
11
3.4950790944881889
21
-4.1342322047244098
0
LINE
8
BLACK
6
CONTINUOUS
10
3.8029448818897635
20
-4.1452755905511811
11
3.80372405511811
21
-4.141358346456693
0
LINE
8
BLACK
6
CONTINUOUS
10
3.80372405511811
20
-4.141358346456693
11
3.805942992125984
21
-4.1380374803149609
0
LINE
8
BLACK
6
CONTINUOUS
10
3.805942992125984
20
-4.1380374803149609
11
3.8063054724409446
21
-4.1377952755905509
0
LINE
8
BLACK
6
CONTINUOUS
10
3.8063054724409446
20
-4.1377952755905509
11
3.805942992125984
21
-4.1375530708661419
0
LINE
8
BLACK
6
CONTINUOUS
10
3.805942992125984
20
-4.1375530708661419
11
3.80372405511811
21
-4.1342322047244098
0
LINE
8
BLACK
6
CONTINUOUS
10
3.80372405511811
20
-4.1342322047244098
11
3.8029448818897635
21
-4.1303149606299208
0
LINE
8
BLACK
6
CONTINUOUS
10
3.8029448818897635
20
-4.1303149606299208
11
3.8029448818897635
21
-4.1452755905511811
0
LINE
8
BLACK
6
CONTINUOUS
10
3.4950790944881889
20
-4.1145471653543302
11
3.4928601574803149
21
-4.1178680314960632
0
LINE
8
BLACK
6
CONTINUOUS
10
3.4928601574803149
20
-4.1178680314960632
11
3.4924976377952754
21
-4.1181102362204722
0
LINE
8
BLACK
6
CONTINUOUS
10
3.4924976377952754
20
-4.1181102362204722
11
3.4928601574803149
21
-4.1183524409448822
0
LINE
8
BLACK
6
CONTINUOUS
10
3.4928601574803149
20
-4.1183524409448822
11
3.4950790944881889
21
-4.1216733070866143
0
LINE
8
BLACK
6
CONTINUOUS
10
3.4950790944881889
20
-4.1216733070866143
11
3.4958582677165353
21
-4.1255905511811024
0
LINE
8
BLACK
6
CONTINUOUS
10
3.4958582677165353
20
-4.1255905511811024
11
3.4958582677165353
21
-4.1106299212598421
0
LINE
8
BLACK
6
CONTINUOUS
10
3.4958582677165353
20
-4.1106299212598421
11
3.4950790944881889
21
-4.1145471653543302
0
LINE
8
BLACK
6
CONTINUOUS
10
3.8029448818897635
20
-4.1255905511811024
11
3.80372405511811
21
-4.1216733070866143
0
LINE
8
BLACK
6
CONTINUOUS
10
3.80372405511811
20
-4.1216733070866143
11
3.805942992125984
21
-4.1183524409448822
0
LINE
8
BLACK
6
CONTINUOUS
10
3.805942992125984
20
-4.1183524409448822
11
3.8063054724409446
21
-4.1181102362204722
0
LINE
8
BLACK
6
CONTINUOUS
10
3.8063054724409446
20
-4.1181102362204722
11
3.805942992125984
21
-4.1178680314960632
0
LINE
8
BLACK
6
CONTINUOUS
10
3.805942992125984
20
-4.1178680314960632
11
3.80372405511811
21
-4.1145471653543302
0
LINE
8
BLACK
6
CONTINUOUS
10
3.80372405511811
20
-4.1145471653543302
11
3.8029448818897635
21
-4.1106299212598421
0
LINE
8
BLACK
6
CONTINUOUS
10
3.8029448818897635
20
-4.1106299212598421
11
3.8029448818897635
21
-4.1255905511811024
0
LINE
8
BLACK
6
CONTINUOUS
10
3.4950790944881889
20
-4.0948621259842515
11
3.4928601574803149
21
-4.0981829921259845
0
LINE
8
BLACK
6
CONTINUOUS
10
3.4928601574803149
20
-4.0981829921259845
11
3.4924976377952754
21
-4.0984251968503935
0
LINE
8
BLACK
6
CONTINUOUS
10
3.4924976377952754
20
-4.0984251968503935
11
3.4928601574803149
21
-4.0986674015748035
0
LINE
8
BLACK
6
CONTINUOUS
10
3.4928601574803149
20
-4.0986674015748035
11
3.4950790944881889
21
-4.1019882677165356
0
LINE
8
BLACK
6
CONTINUOUS
10
3.4950790944881889
20
-4.1019882677165356
11
3.4958582677165353
21
-4.1059055118110237
0
LINE
8
BLACK
6
CONTINUOUS
10
3.4958582677165353
20
-4.1059055118110237
11
3.4958582677165353
21
-4.0909448818897634
0
LINE
8
BLACK
6
CONTINUOUS
10
3.4958582677165353
20
-4.0909448818897634
11
3.4950790944881889
21
-4.0948621259842515
0
LINE
8
BLACK
6
CONTINUOUS
10
3.8029448818897635
20
-4.1059055118110237
11
3.80372405511811
21
-4.1019882677165356
0
LINE
8
BLACK
6
CONTINUOUS
10
3.80372405511811
20
-4.1019882677165356
11
3.805942992125984
21
-4.0986674015748035
0
LINE
8
BLACK
6
CONTINUOUS
10
3.805942992125984
20
-4.0986674015748035
11
3.8063054724409446
21
-4.0984251968503935
0
LINE
8
BLACK
6
CONTINUOUS
10
3.8063054724409446
20
-4.0984251968503935
11
3.805942992125984
21
-4.0981829921259845
0
LINE
8
BLACK
6
CONTINUOUS
10
3.805942992125984
20
-4.0981829921259845
11
3.80372405511811
21
-4.0948621259842515
0
LINE
8
BLACK
6
CONTINUOUS
10
3.80372405511811
20
-4.0948621259842515
11
3.8029448818897635
21
-4.0909448818897634
0
LINE
8
BLACK
6
CONTINUOUS
10
3.8029448818897635
20
-4.0909448818897634
11
3.8029448818897635
21
-4.1059055118110237
0
LINE
8
BLACK
6
CONTINUOUS
10
3.4950790944881889
20
-4.0751770866141728
11
3.4928601574803149
21
-4.0784979527559058
0
LINE
8
BLACK
6
CONTINUOUS
10
3.4928601574803149
20
-4.0784979527559058
11
3.4924976377952754
21
-4.0787401574803148
0
LINE
8
BLACK
6
CONTINUOUS
10
3.4924976377952754
20
-4.0787401574803148
11
3.4928601574803149
21
-4.0789823622047239
0
LINE
8
BLACK
6
CONTINUOUS
10
3.4928601574803149
20
-4.0789823622047239
11
3.4950790944881889
21
-4.0823032283464569
0
LINE
8
BLACK
6
CONTINUOUS
10
3.4950790944881889
20
-4.0823032283464569
11
3.4958582677165353
21
-4.086220472440945
0
LINE
8
BLACK
6
CONTINUOUS
10
3.4958582677165353
20
-4.086220472440945
11
3.4958582677165353
21
-4.0712598425196846
0
LINE
8
BLACK
6
CONTINUOUS
10
3.4958582677165353
20
-4.0712598425196846
11
3.4950790944881889
21
-4.0751770866141728
0
LINE
8
BLACK
6
CONTINUOUS
10
3.8029448818897635
20
-4.086220472440945
11
3.80372405511811
21
-4.0823032283464569
0
LINE
8
BLACK
6
CONTINUOUS
10
3.80372405511811
20
-4.0823032283464569
11
3.805942992125984
21
-4.0789823622047239
0
LINE
8
BLACK
6
CONTINUOUS
10
3.805942992125984
20
-4.0789823622047239
11
3.8063054724409446
21
-4.0787401574803148
0
LINE
8
BLACK
6
CONTINUOUS
10
3.8063054724409446
20
-4.0787401574803148
11
3.805942992125984
21
-4.0784979527559058
0
LINE
8
BLACK
6
CONTINUOUS
10
3.805942992125984
20
-4.0784979527559058
11
3.80372405511811
21
-4.0751770866141728
0
LINE
8
BLACK
6
CONTINUOUS
10
3.80372405511811
20
-4.0751770866141728
11
3.8029448818897635
21
-4.0712598425196846
0
LINE
8
BLACK
6
CONTINUOUS
10
3.8029448818897635
20
-4.0712598425196846
11
3.8029448818897635
21
-4.086220472440945
0
LINE
8
BLACK
6
CONTINUOUS
10
3.4950790944881889
20
-4.0554920472440941
11
3.4928601574803149
21
-4.0588129133858271
0
LINE
8
BLACK
6
CONTINUOUS
10
3.4928601574803149
20
-4.0588129133858271
11
3.4924976377952754
21
-4.0590551181102361
0
LINE
8
BLACK
6
CONTINUOUS
10
3.4924976377952754
20
-4.0590551181102361
11
3.4928601574803149
21
-4.0592973228346452
0
LINE
8
BLACK
6
CONTINUOUS
10
3.4928601574803149
20
-4.0592973228346452
11
3.4950790944881889
21
-4.0626181889763782
0
LINE
8
BLACK
6
CONTINUOUS
10
3.4950790944881889
20
-4.0626181889763782
11
3.4958582677165353
21
-4.0665354330708663
0
LINE
8
BLACK
6
CONTINUOUS
10
3.4958582677165353
20
-4.0665354330708663
11
3.4958582677165353
21
-4.0515748031496059
0
LINE
8
BLACK
6
CONTINUOUS
10
3.4958582677165353
20
-4.0515748031496059
11
3.4950790944881889
21
-4.0554920472440941
0
LINE
8
BLACK
6
CONTINUOUS
10
3.8029448818897635
20
-4.0665354330708663
11
3.80372405511811
21
-4.0626181889763782
0
LINE
8
BLACK
6
CONTINUOUS
10
3.80372405511811
20
-4.0626181889763782
11
3.805942992125984
21
-4.0592973228346452
0
LINE
8
BLACK
6
CONTINUOUS
10
3.805942992125984
20
-4.0592973228346452
11
3.8063054724409446
21
-4.0590551181102361
0
LINE
8
BLACK
6
CONTINUOUS
10
3.8063054724409446
20
-4.0590551181102361
11
3.805942992125984
21
-4.0588129133858271
0
LINE
8
BLACK
6
CONTINUOUS
10
3.805942992125984
20
-4.0588129133858271
11
3.80372405511811
21
-4.0554920472440941
0
LINE
8
BLACK
6
CONTINUOUS
10
3.80372405511811
20
-4.0554920472440941
11
3.8029448818897635
21
-4.0515748031496059
0
LINE
8
BLACK
6
CONTINUOUS
10
3.8029448818897635
20
-4.0515748031496059
11
3.8029448818897635
21
-4.0665354330708663
0
LINE
8
BLACK
6
CONTINUOUS
10
3.4950790944881889
20
-4.0358070078740154
11
3.4928601574803149
21
-4.0391278740157484
0
LINE
8
BLACK
6
CONTINUOUS
10
3.4928601574803149
20
-4.0391278740157484
11
3.4924976377952754
21
-4.0393700787401574
0
LINE
8
BLACK
6
CONTINUOUS
10
3.4924976377952754
20
-4.0393700787401574
11
3.4928601574803149
21
-4.0396122834645665
0
LINE
8
BLACK
6
CONTINUOUS
10
3.4928601574803149
20
-4.0396122834645665
11
3.4950790944881889
21
-4.0429331496062995
0
LINE
8
BLACK
6
CONTINUOUS
10
3.4950790944881889
20
-4.0429331496062995
11
3.4958582677165353
21
-4.0468503937007876
0
LINE
8
BLACK
6
CONTINUOUS
10
3.4958582677165353
20
-4.0468503937007876
11
3.4958582677165353
21
-4.0318897637795272
0
LINE
8
BLACK
6
CONTINUOUS
10
3.4958582677165353
20
-4.0318897637795272
11
3.4950790944881889
21
-4.0358070078740154
0
LINE
8
BLACK
6
CONTINUOUS
10
3.8029448818897635
20
-4.0468503937007876
11
3.80372405511811
21
-4.0429331496062995
0
LINE
8
BLACK
6
CONTINUOUS
10
3.80372405511811
20
-4.0429331496062995
11
3.805942992125984
21
-4.0396122834645665
0
LINE
8
BLACK
6
CONTINUOUS
10
3.805942992125984
20
-4.0396122834645665
11
3.8063054724409446
21
-4.0393700787401574
0
LINE
8
BLACK
6
CONTINUOUS
10
3.8063054724409446
20
-4.0393700787401574
11
3.805942992125984
21
-4.0391278740157484
0
LINE
8
BLACK
6
CONTINUOUS
10
3.805942992125984
20
-4.0391278740157484
11
3.80372405511811
21
-4.0358070078740154
0
LINE
8
BLACK
6
CONTINUOUS
10
3.80372405511811
20
-4.0358070078740154
11
3.8029448818897635
21
-4.0318897637795272
0
LINE
8
BLACK
6
CONTINUOUS
10
3.8029448818897635
20
-4.0318897637795272
11
3.8029448818897635
21
-4.0468503937007876
0
LINE
8
BLACK
6
CONTINUOUS
10
3.4950790944881889
20
-4.0161219685039367
11
3.4928601574803149
21
-4.0194428346456688
0
LINE
8
BLACK
6
CONTINUOUS
10
3.4928601574803149
20
-4.0194428346456688
11
3.4924976377952754
21
-4.0196850393700787
0
LINE
8
BLACK
6
CONTINUOUS
10
3.4924976377952754
20
-4.0196850393700787
11
3.4928601574803149
21
-4.0199272440944878
0
LINE
8
BLACK
6
CONTINUOUS
10
3.4928601574803149
20
-4.0199272440944878
11
3.4950790944881889
21
-4.0232481102362208
0
LINE
8
BLACK
6
CONTINUOUS
10
3.4950790944881889
20
-4.0232481102362208
11
3.4958582677165353
21
-4.0271653543307089
0
LINE
8
BLACK
6
CONTINUOUS
10
3.4958582677165353
20
-4.0271653543307089
11
3.4958582677165353
21
-4.0122047244094485
0
LINE
8
BLACK
6
CONTINUOUS
10
3.4958582677165353
20
-4.0122047244094485
11
3.4950790944881889
21
-4.0161219685039367
0
LINE
8
BLACK
6
CONTINUOUS
10
3.8029448818897635
20
-4.0271653543307089
11
3.80372405511811
21
-4.0232481102362208
0
LINE
8
BLACK
6
CONTINUOUS
10
3.80372405511811
20
-4.0232481102362208
11
3.805942992125984
21
-4.0199272440944878
0
LINE
8
BLACK
6
CONTINUOUS
10
3.805942992125984
20
-4.0199272440944878
11
3.8063054724409446
21
-4.0196850393700787
0
LINE
8
BLACK
6
CONTINUOUS
10
3.8063054724409446
20
-4.0196850393700787
11
3.805942992125984
21
-4.0194428346456688
0
LINE
8
BLACK
6
CONTINUOUS
10
3.805942992125984
20
-4.0194428346456688
11
3.80372405511811
21
-4.0161219685039367
0
LINE
8
BLACK
6
CONTINUOUS
10
3.80372405511811
20
-4.0161219685039367
11
3.8029448818897635
21
-4.0122047244094485
0
LINE
8
BLACK
6
CONTINUOUS
10
3.8029448818897635
20
-4.0122047244094485
11
3.8029448818897635
21
-4.0271653543307089
0
LINE
8
BLACK
6
CONTINUOUS
10
3.4950790944881889
20
-3.9964369291338584
11
3.4928601574803149
21
-3.9997577952755905
0
LINE
8
BLACK
6
CONTINUOUS
10
3.4928601574803149
20
-3.9997577952755905
11
3.4924976377952754
21
-4.
0
LINE
8
BLACK
6
CONTINUOUS
10
3.4924976377952754
20
-4.
11
3.4928601574803149
21
-4.0002422047244091
0
LINE
8
BLACK
6
CONTINUOUS
10
3.4928601574803149
20
-4.0002422047244091
11
3.4950790944881889
21
-4.003563070866142
0
LINE
8
BLACK
6
CONTINUOUS
10
3.4950790944881889
20
-4.003563070866142
11
3.4958582677165353
21
-4.0074803149606302
0
LINE
8
BLACK
6
CONTINUOUS
10
3.4958582677165353
20
-4.0074803149606302
11
3.4958582677165353
21
-3.9925196850393698
0
LINE
8
BLACK
6
CONTINUOUS
10
3.4958582677165353
20
-3.9925196850393698
11
3.4950790944881889
21
-3.9964369291338584
0
LINE
8
BLACK
6
CONTINUOUS
10
3.8029448818897635
20
-4.0074803149606302
11
3.80372405511811
21
-4.003563070866142
0
LINE
8
BLACK
6
CONTINUOUS
10
3.80372405511811
20
-4.003563070866142
11
3.805942992125984
21
-4.0002422047244091
0
LINE
8
BLACK
6
CONTINUOUS
10
3.805942992125984
20
-4.0002422047244091
11
3.8063054724409446
21
-4.
0
LINE
8
BLACK
6
CONTINUOUS
10
3.8063054724409446
20
-4.
11
3.805942992125984
21
-3.9997577952755905
0
LINE
8
BLACK
6
CONTINUOUS
10
3.805942992125984
20
-3.9997577952755905
11
3.80372405511811
21
-3.9964369291338584
0
LINE
8
BLACK
6
CONTINUOUS
10
3.80372405511811
20
-3.9964369291338584
11
3.8029448818897635
21
-3.9925196850393698
0
LINE
8
BLACK
6
CONTINUOUS
10
3.8029448818897635
20
-3.9925196850393698
11
3.8029448818897635
21
-4.0074803149606302
0
LINE
8
BLACK
6
CONTINUOUS
10
3.4950790944881889
20
-3.9767518897637792
11
3.4928601574803149
21
-3.9800727559055118
0
LINE
8
BLACK
6
CONTINUOUS
10
3.4928601574803149
20
-3.9800727559055118
11
3.4924976377952754
21
-3.9803149606299213
0
LINE
8
BLACK
6
CONTINUOUS
10
3.4924976377952754
20
-3.9803149606299213
11
3.4928601574803149
21
-3.9805571653543308
0
LINE
8
BLACK
6
CONTINUOUS
10
3.4928601574803149
20
-3.9805571653543308
11
3.4950790944881889
21
-3.9838780314960629
0
LINE
8
BLACK
6
CONTINUOUS
10
3.4950790944881889
20
-3.9838780314960629
11
3.4958582677165353
21
-3.987795275590551
0
LINE
8
BLACK
6
CONTINUOUS
10
3.4958582677165353
20
-3.987795275590551
11
3.4958582677165353
21
-3.9728346456692911
0
LINE
8
BLACK
6
CONTINUOUS
10
3.4958582677165353
20
-3.9728346456692911
11
3.4950790944881889
21
-3.9767518897637792
0
LINE
8
BLACK
6
CONTINUOUS
10
3.8029448818897635
20
-3.987795275590551
11
3.80372405511811
21
-3.9838780314960629
0
LINE
8
BLACK
6
CONTINUOUS
10
3.80372405511811
20
-3.9838780314960629
11
3.805942992125984
21
-3.9805571653543308
0
LINE
8
BLACK
6
CONTINUOUS
10
3.805942992125984
20
-3.9805571653543308
11
3.8063054724409446
21
-3.9803149606299213
0
LINE
8
BLACK
6
CONTINUOUS
10
3.8063054724409446
20
-3.9803149606299213
11
3.805942992125984
21
-3.9800727559055118
0
LINE
8
BLACK
6
CONTINUOUS
10
3.805942992125984
20
-3.9800727559055118
11
3.80372405511811
21
-3.9767518897637792
0
LINE
8
BLACK
6
CONTINUOUS
10
3.80372405511811
20
-3.9767518897637792
11
3.8029448818897635
21
-3.9728346456692911
0
LINE
8
BLACK
6
CONTINUOUS
10
3.8029448818897635
20
-3.9728346456692911
11
3.8029448818897635
21
-3.987795275590551
0
LINE
8
BLACK
6
CONTINUOUS
10
3.4950790944881889
20
-3.9570668503937005
11
3.4928601574803149
21
-3.9603877165354331
0
LINE
8
BLACK
6
CONTINUOUS
10
3.4928601574803149
20
-3.9603877165354331
11
3.4924976377952754
21
-3.9606299212598426
0
LINE
8
BLACK
6
CONTINUOUS
10
3.4924976377952754
20
-3.9606299212598426
11
3.4928601574803149
21
-3.9608721259842521
0
LINE
8
BLACK
6
CONTINUOUS
10
3.4928601574803149
20
-3.9608721259842521
11
3.4950790944881889
21
-3.9641929921259842
0
LINE
8
BLACK
6
CONTINUOUS
10
3.4950790944881889
20
-3.9641929921259842
11
3.4958582677165353
21
-3.9681102362204723
0
LINE
8
BLACK
6
CONTINUOUS
10
3.4958582677165353
20
-3.9681102362204723
11
3.4958582677165353
21
-3.9531496062992124
0
LINE
8
BLACK
6
CONTINUOUS
10
3.4958582677165353
20
-3.9531496062992124
11
3.4950790944881889
21
-3.9570668503937005
0
LINE
8
BLACK
6
CONTINUOUS
10
3.8029448818897635
20
-3.9681102362204723
11
3.80372405511811
21
-3.9641929921259842
0
LINE
8
BLACK
6
CONTINUOUS
10
3.80372405511811
20
-3.9641929921259842
11
3.805942992125984
21
-3.9608721259842521
0
LINE
8
BLACK
6
CONTINUOUS
10
3.805942992125984
20
-3.9608721259842521
11
3.8063054724409446
21
-3.9606299212598426
0
LINE
8
BLACK
6
CONTINUOUS
10
3.8063054724409446
20
-3.9606299212598426
11
3.805942992125984
21
-3.9603877165354331
0
LINE
8
BLACK
6
CONTINUOUS
10
3.805942992125984
20
-3.9603877165354331
11
3.80372405511811
21
-3.9570668503937005
0
LINE
8
BLACK
6
CONTINUOUS
10
3.80372405511811
20
-3.9570668503937005
11
3.8029448818897635
21
-3.9531496062992124
0
LINE
8
BLACK
6
CONTINUOUS
10
3.8029448818897635
20
-3.9531496062992124
11
3.8029448818897635
21
-3.9681102362204723
0
LINE
8
BLACK
6
CONTINUOUS
10
3.4950790944881889
20
-3.9373818110236218
11
3.4928601574803149
21
-3.9407026771653544
0
LINE
8
BLACK
6
CONTINUOUS
10
3.4928601574803149
20
-3.9407026771653544
11
3.4924976377952754
21
-3.9409448818897639
0
LINE
8
BLACK
6
CONTINUOUS
10
3.4924976377952754
20
-3.9409448818897639
11
3.4928601574803149
21
-3.9411870866141729
0
LINE
8
BLACK
6
CONTINUOUS
10
3.4928601574803149
20
-3.9411870866141729
11
3.4950790944881889
21
-3.9445079527559055
0
LINE
8
BLACK
6
CONTINUOUS
10
3.4950790944881889
20
-3.9445079527559055
11
3.4958582677165353
21
-3.9484251968503936
0
LINE
8
BLACK
6
CONTINUOUS
10
3.4958582677165353
20
-3.9484251968503936
11
3.4958582677165353
21
-3.9334645669291337
0
LINE
8
BLACK
6
CONTINUOUS
10
3.4958582677165353
20
-3.9334645669291337
11
3.4950790944881889
21
-3.9373818110236218
0
LINE
8
BLACK
6
CONTINUOUS
10
3.8029448818897635
20
-3.9484251968503936
11
3.80372405511811
21
-3.9445079527559055
0
LINE
8
BLACK
6
CONTINUOUS
10
3.80372405511811
20
-3.9445079527559055
11
3.805942992125984
21
-3.9411870866141729
0
LINE
8
BLACK
6
CONTINUOUS
10
3.805942992125984
20
-3.9411870866141729
11
3.8063054724409446
21
-3.9409448818897639
0
LINE
8
BLACK
6
CONTINUOUS
10
3.8063054724409446
20
-3.9409448818897639
11
3.805942992125984
21
-3.9407026771653544
0
LINE
8
BLACK
6
CONTINUOUS
10
3.805942992125984
20
-3.9407026771653544
11
3.80372405511811
21
-3.9373818110236218
0
LINE
8
BLACK
6
CONTINUOUS
10
3.80372405511811
20
-3.9373818110236218
11
3.8029448818897635
21
-3.9334645669291337
0
LINE
8
BLACK
6
CONTINUOUS
10
3.8029448818897635
20
-3.9334645669291337
11
3.8029448818897635
21
-3.9484251968503936
0
LINE
8
BLACK
6
CONTINUOUS
10
3.4950790944881889
20
-3.9176967716535431
11
3.4928601574803149
21
-3.9210176377952757
0
LINE
8
BLACK
6
CONTINUOUS
10
3.4928601574803149
20
-3.9210176377952757
11
3.4924976377952754
21
-3.9212598425196847
0
LINE
8
BLACK
6
CONTINUOUS
10
3.4924976377952754
20
-3.9212598425196847
11
3.4928601574803149
21
-3.9215020472440942
0
LINE
8
BLACK
6
CONTINUOUS
10
3.4928601574803149
20
-3.9215020472440942
11
3.4950790944881889
21
-3.9248229133858268
0
LINE
8
BLACK
6
CONTINUOUS
10
3.4950790944881889
20
-3.9248229133858268
11
3.4958582677165353
21
-3.9287401574803149
0
LINE
8
BLACK
6
CONTINUOUS
10
3.4958582677165353
20
-3.9287401574803149
11
3.4958582677165353
21
-3.913779527559055
0
LINE
8
BLACK
6
CONTINUOUS
10
3.4958582677165353
20
-3.913779527559055
11
3.4950790944881889
21
-3.9176967716535431
0
LINE
8
BLACK
6
CONTINUOUS
10
3.8029448818897635
20
-3.9287401574803149
11
3.80372405511811
21
-3.9248229133858268
0
LINE
8
BLACK
6
CONTINUOUS
10
3.80372405511811
20
-3.9248229133858268
11
3.805942992125984
21
-3.9215020472440942
0
LINE
8
BLACK
6
CONTINUOUS
10
3.805942992125984
20
-3.9215020472440942
11
3.8063054724409446
21
-3.9212598425196847
0
LINE
8
BLACK
6
CONTINUOUS
10
3.8063054724409446
20
-3.9212598425196847
11
3.805942992125984
21
-3.9210176377952757
0
LINE
8
BLACK
6
CONTINUOUS
10
3.805942992125984
20
-3.9210176377952757
11
3.80372405511811
21
-3.9176967716535431
0
LINE
8
BLACK
6
CONTINUOUS
10
3.80372405511811
20
-3.9176967716535431
11
3.8029448818897635
21
-3.913779527559055
0
LINE
8
BLACK
6
CONTINUOUS
10
3.8029448818897635
20
-3.913779527559055
11
3.8029448818897635
21
-3.9287401574803149
0
LINE
8
BLACK
6
CONTINUOUS
10
3.4950790944881889
20
-3.8980117322834644
11
3.4928601574803149
21
-3.901332598425197
0
LINE
8
BLACK
6
CONTINUOUS
10
3.4928601574803149
20
-3.901332598425197
11
3.4924976377952754
21
-3.901574803149606
0
LINE
8
BLACK
6
CONTINUOUS
10
3.4924976377952754
20
-3.901574803149606
11
3.4928601574803149
21
-3.9018170078740155
0
LINE
8
BLACK
6
CONTINUOUS
10
3.4928601574803149
20
-3.9018170078740155
11
3.4950790944881889
21
-3.9051378740157481
0
LINE
8
BLACK
6
CONTINUOUS
10
3.4950790944881889
20
-3.9051378740157481
11
3.4958582677165353
21
-3.9090551181102362
0
LINE
8
BLACK
6
CONTINUOUS
10
3.4958582677165353
20
-3.9090551181102362
11
3.4958582677165353
21
-3.8940944881889763
0
LINE
8
BLACK
6
CONTINUOUS
10
3.4958582677165353
20
-3.8940944881889763
11
3.4950790944881889
21
-3.8980117322834644
0
LINE
8
BLACK
6
CONTINUOUS
10
3.8029448818897635
20
-3.9090551181102362
11
3.80372405511811
21
-3.9051378740157481
0
LINE
8
BLACK
6
CONTINUOUS
10
3.80372405511811
20
-3.9051378740157481
11
3.805942992125984
21
-3.9018170078740155
0
LINE
8
BLACK
6
CONTINUOUS
10
3.805942992125984
20
-3.9018170078740155
11
3.8063054724409446
21
-3.901574803149606
0
LINE
8
BLACK
6
CONTINUOUS
10
3.8063054724409446
20
-3.901574803149606
11
3.805942992125984
21
-3.901332598425197
0
LINE
8
BLACK
6
CONTINUOUS
10
3.805942992125984
20
-3.901332598425197
11
3.80372405511811
21
-3.8980117322834644
0
LINE
8
BLACK
6
CONTINUOUS
10
3.80372405511811
20
-3.8980117322834644
11
3.8029448818897635
21
-3.8940944881889763
0
LINE
8
BLACK
6
CONTINUOUS
10
3.8029448818897635
20
-3.8940944881889763
11
3.8029448818897635
21
-3.9090551181102362
0
LINE
8
BLACK
6
CONTINUOUS
10
3.4950790944881889
20
-3.8783266929133857
11
3.4928601574803149
21
-3.8816475590551178
0
LINE
8
BLACK
6
CONTINUOUS
10
3.4928601574803149
20
-3.8816475590551178
11
3.4924976377952754
21
-3.8818897637795273
0
LINE
8
BLACK
6
CONTINUOUS
10
3.4924976377952754
20
-3.8818897637795273
11
3.4928601574803149
21
-3.8821319685039368
0
LINE
8
BLACK
6
CONTINUOUS
10
3.4928601574803149
20
-3.8821319685039368
11
3.4950790944881889
21
-3.8854528346456694
0
LINE
8
BLACK
6
CONTINUOUS
10
3.4950790944881889
20
-3.8854528346456694
11
3.4958582677165353
21
-3.8893700787401575
0
LINE
8
BLACK
6
CONTINUOUS
10
3.4958582677165353
20
-3.8893700787401575
11
3.4958582677165353
21
-3.8744094488188976
0
LINE
8
BLACK
6
CONTINUOUS
10
3.4958582677165353
20
-3.8744094488188976
11
3.4950790944881889
21
-3.8783266929133857
0
LINE
8
BLACK
6
CONTINUOUS
10
3.8029448818897635
20
-3.8893700787401575
11
3.80372405511811
21
-3.8854528346456694
0
LINE
8
BLACK
6
CONTINUOUS
10
3.80372405511811
20
-3.8854528346456694
11
3.805942992125984
21
-3.8821319685039368
0
LINE
8
BLACK
6
CONTINUOUS
10
3.805942992125984
20
-3.8821319685039368
11
3.8063054724409446
21
-3.8818897637795273
0
LINE
8
BLACK
6
CONTINUOUS
10
3.8063054724409446
20
-3.8818897637795273
11
3.805942992125984
21
-3.8816475590551178
0
LINE
8
BLACK
6
CONTINUOUS
10
3.805942992125984
20
-3.8816475590551178
11
3.80372405511811
21
-3.8783266929133857
0
LINE
8
BLACK
6
CONTINUOUS
10
3.80372405511811
20
-3.8783266929133857
11
3.8029448818897635
21
-3.8744094488188976
0
LINE
8
BLACK
6
CONTINUOUS
10
3.8029448818897635
20
-3.8744094488188976
11
3.8029448818897635
21
-3.8893700787401575
0
LINE
8
BLACK
6
CONTINUOUS
10
3.4950790944881889
20
-3.858641653543307
11
3.4928601574803149
21
-3.8619625196850391
0
LINE
8
BLACK
6
CONTINUOUS
10
3.4928601574803149
20
-3.8619625196850391
11
3.4924976377952754
21
-3.8622047244094486
0
LINE
8
BLACK
6
CONTINUOUS
10
3.4924976377952754
20
-3.8622047244094486
11
3.4928601574803149
21
-3.8624469291338581
0
LINE
8
BLACK
6
CONTINUOUS
10
3.4928601574803149
20
-3.8624469291338581
11
3.4950790944881889
21
-3.8657677952755907
0
LINE
8
BLACK
6
CONTINUOUS
10
3.4950790944881889
20
-3.8657677952755907
11
3.4958582677165353
21
-3.8696850393700788
0
LINE
8
BLACK
6
CONTINUOUS
10
3.4958582677165353
20
-3.8696850393700788
11
3.4958582677165353
21
-3.8547244094488189
0
LINE
8
BLACK
6
CONTINUOUS
10
3.4958582677165353
20
-3.8547244094488189
11
3.4950790944881889
21
-3.858641653543307
0
LINE
8
BLACK
6
CONTINUOUS
10
3.8029448818897635
20
-3.8696850393700788
11
3.80372405511811
21
-3.8657677952755907
0
LINE
8
BLACK
6
CONTINUOUS
10
3.80372405511811
20
-3.8657677952755907
11
3.805942992125984
21
-3.8624469291338581
0
LINE
8
BLACK
6
CONTINUOUS
10
3.805942992125984
20
-3.8624469291338581
11
3.8063054724409446
21
-3.8622047244094486
0
LINE
8
BLACK
6
CONTINUOUS
10
3.8063054724409446
20
-3.8622047244094486
11
3.805942992125984
21
-3.8619625196850391
0
LINE
8
BLACK
6
CONTINUOUS
10
3.805942992125984
20
-3.8619625196850391
11
3.80372405511811
21
-3.858641653543307
0
LINE
8
BLACK
6
CONTINUOUS
10
3.80372405511811
20
-3.858641653543307
11
3.8029448818897635
21
-3.8547244094488189
0
LINE
8
BLACK
6
CONTINUOUS
10
3.8029448818897635
20
-3.8547244094488189
11
3.8029448818897635
21
-3.8696850393700788
0
LINE
8
BLACK
6
CONTINUOUS
10
3.4994015748031497
20
-3.8464566929133857
11
3.4954843307086612
21
-3.8456775196850392
0
LINE
8
BLACK
6
CONTINUOUS
10
3.4954843307086612
20
-3.8456775196850392
11
3.4942630708661415
21
-3.8448614960629919
0
LINE
8
BLACK
6
CONTINUOUS
10
3.4942630708661415
20
-3.8448614960629919
11
3.4950790944881889
21
-3.8460827559055115
0
LINE
8
BLACK
6
CONTINUOUS
10
3.4950790944881889
20
-3.8460827559055115
11
3.4958582677165353
21
-3.8500000000000001
0
LINE
8
BLACK
6
CONTINUOUS
10
3.4958582677165353
20
-3.8500000000000001
11
3.4958582677165353
21
-3.8543307086614171
0
LINE
8
BLACK
6
CONTINUOUS
10
3.4958582677165353
20
-3.8543307086614171
11
3.4964576377952756
21
-3.8513174409448818
0
LINE
8
BLACK
6
CONTINUOUS
10
3.4964576377952756
20
-3.8513174409448818
11
3.4981645275590552
21
-3.8487629527559055
0
LINE
8
BLACK
6
CONTINUOUS
10
3.4981645275590552
20
-3.8487629527559055
11
3.5007190157480315
21
-3.847056062992126
0
LINE
8
BLACK
6
CONTINUOUS
10
3.5007190157480315
20
-3.847056062992126
11
3.5037322834645668
21
-3.8464566929133857
0
LINE
8
BLACK
6
CONTINUOUS
10
3.5037322834645668
20
-3.8464566929133857
11
3.4994015748031497
21
-3.8464566929133857
0
LINE
8
BLACK
6
CONTINUOUS
10
3.5080432283464567
20
-4.1543224803149608
11
3.5113640944881888
21
-4.1565414173228348
0
LINE
8
BLACK
6
CONTINUOUS
10
3.5113640944881888
20
-4.1565414173228348
11
3.5116062992125983
21
-4.156903897637795
0
LINE
8
BLACK
6
CONTINUOUS
10
3.5116062992125983
20
-4.156903897637795
11
3.5118485039370078
21
-4.1565414173228348
0
LINE
8
BLACK
6
CONTINUOUS
10
3.5118485039370078
20
-4.1565414173228348
11
3.5151693700787399
21
-4.1543224803149608
0
LINE
8
BLACK
6
CONTINUOUS
10
3.5151693700787399
20
-4.1543224803149608
11
3.5190866141732284
21
-4.1535433070866139
0
LINE
8
BLACK
6
CONTINUOUS
10
3.5190866141732284
20
-4.1535433070866139
11
3.5041259842519685
21
-4.1535433070866139
0
LINE
8
BLACK
6
CONTINUOUS
10
3.5041259842519685
20
-4.1535433070866139
11
3.5080432283464567
21
-4.1543224803149608
0
LINE
8
BLACK
6
CONTINUOUS
10
3.5277282677165354
20
-4.1543224803149608
11
3.5310491338582675
21
-4.1565414173228348
0
LINE
8
BLACK
6
CONTINUOUS
10
3.5310491338582675
20
-4.1565414173228348
11
3.531291338582677
21
-4.156903897637795
0
LINE
8
BLACK
6
CONTINUOUS
10
3.531291338582677
20
-4.156903897637795
11
3.5315335433070865
21
-4.1565414173228348
0
LINE
8
BLACK
6
CONTINUOUS
10
3.5315335433070865
20
-4.1565414173228348
11
3.534854409448819
21
-4.1543224803149608
0
LINE
8
BLACK
6
CONTINUOUS
10
3.534854409448819
20
-4.1543224803149608
11
3.5387716535433071
21
-4.1535433070866139
0
LINE
8
BLACK
6
CONTINUOUS
10
3.5387716535433071
20
-4.1535433070866139
11
3.5238110236220472
21
-4.1535433070866139
0
LINE
8
BLACK
6
CONTINUOUS
10
3.5238110236220472
20
-4.1535433070866139
11
3.5277282677165354
21
-4.1543224803149608
0
LINE
8
BLACK
6
CONTINUOUS
10
3.5474133070866141
20
-4.1543224803149608
11
3.5507341732283462
21
-4.1565414173228348
0
LINE
8
BLACK
6
CONTINUOUS
10
3.5507341732283462
20
-4.1565414173228348
11
3.5509763779527557
21
-4.156903897637795
0
LINE
8
BLACK
6
CONTINUOUS
10
3.5509763779527557
20
-4.156903897637795
11
3.5512185826771652
21
-4.1565414173228348
0
LINE
8
BLACK
6
CONTINUOUS
10
3.5512185826771652
20
-4.1565414173228348
11
3.5545394488188977
21
-4.1543224803149608
0
LINE
8
BLACK
6
CONTINUOUS
10
3.5545394488188977
20
-4.1543224803149608
11
3.5584566929133858
21
-4.1535433070866139
0
LINE
8
BLACK
6
CONTINUOUS
10
3.5584566929133858
20
-4.1535433070866139
11
3.5434960629921259
21
-4.1535433070866139
0
LINE
8
BLACK
6
CONTINUOUS
10
3.5434960629921259
20
-4.1535433070866139
11
3.5474133070866141
21
-4.1543224803149608
0
LINE
8
BLACK
6
CONTINUOUS
10
3.5670983464566928
20
-4.1543224803149608
11
3.5704192125984253
21
-4.1565414173228348
0
LINE
8
BLACK
6
CONTINUOUS
10
3.5704192125984253
20
-4.1565414173228348
11
3.5706614173228344
21
-4.156903897637795
0
LINE
8
BLACK
6
CONTINUOUS
10
3.5706614173228344
20
-4.156903897637795
11
3.5709036220472439
21
-4.1565414173228348
0
LINE
8
BLACK
6
CONTINUOUS
10
3.5709036220472439
20
-4.1565414173228348
11
3.5742244881889764
21
-4.1543224803149608
0
LINE
8
BLACK
6
CONTINUOUS
10
3.5742244881889764
20
-4.1543224803149608
11
3.5781417322834645
21
-4.1535433070866139
0
LINE
8
BLACK
6
CONTINUOUS
10
3.5781417322834645
20
-4.1535433070866139
11
3.5631811023622046
21
-4.1535433070866139
0
LINE
8
BLACK
6
CONTINUOUS
10
3.5631811023622046
20
-4.1535433070866139
11
3.5670983464566928
21
-4.1543224803149608
0
LINE
8
BLACK
6
CONTINUOUS
10
3.5867833858267715
20
-4.1543224803149608
11
3.590104251968504
21
-4.1565414173228348
0
LINE
8
BLACK
6
CONTINUOUS
10
3.590104251968504
20
-4.1565414173228348
11
3.5903464566929135
21
-4.156903897637795
0
LINE
8
BLACK
6
CONTINUOUS
10
3.5903464566929135
20
-4.156903897637795
11
3.5905886614173226
21
-4.1565414173228348
0
LINE
8
BLACK
6
CONTINUOUS
10
3.5905886614173226
20
-4.1565414173228348
11
3.5939095275590551
21
-4.1543224803149608
0
LINE
8
BLACK
6
CONTINUOUS
10
3.5939095275590551
20
-4.1543224803149608
11
3.5978267716535433
21
-4.1535433070866139
0
LINE
8
BLACK
6
CONTINUOUS
10
3.5978267716535433
20
-4.1535433070866139
11
3.5828661417322833
21
-4.1535433070866139
0
LINE
8
BLACK
6
CONTINUOUS
10
3.5828661417322833
20
-4.1535433070866139
11
3.5867833858267715
21
-4.1543224803149608
0
LINE
8
BLACK
6
CONTINUOUS
10
3.6064684251968502
20
-4.1543224803149608
11
3.6097892913385827
21
-4.1565414173228348
0
LINE
8
BLACK
6
CONTINUOUS
10
3.6097892913385827
20
-4.1565414173228348
11
3.6100314960629922
21
-4.156903897637795
0
LINE
8
BLACK
6
CONTINUOUS
10
3.6100314960629922
20
-4.156903897637795
11
3.6102737007874013
21
-4.1565414173228348
0
LINE
8
BLACK
6
CONTINUOUS
10
3.6102737007874013
20
-4.1565414173228348
11
3.6135945669291338
21
-4.1543224803149608
0
LINE
8
BLACK
6
CONTINUOUS
10
3.6135945669291338
20
-4.1543224803149608
11
3.617511811023622
21
-4.1535433070866139
0
LINE
8
BLACK
6
CONTINUOUS
10
3.617511811023622
20
-4.1535433070866139
11
3.6025511811023621
21
-4.1535433070866139
0
LINE
8
BLACK
6
CONTINUOUS
10
3.6025511811023621
20
-4.1535433070866139
11
3.6064684251968502
21
-4.1543224803149608
0
LINE
8
BLACK
6
CONTINUOUS
10
3.6261534645669289
20
-4.1543224803149608
11
3.6294743307086614
21
-4.1565414173228348
0
LINE
8
BLACK
6
CONTINUOUS
10
3.6294743307086614
20
-4.1565414173228348
11
3.6297165354330709
21
-4.156903897637795
0
LINE
8
BLACK
6
CONTINUOUS
10
3.6297165354330709
20
-4.156903897637795
11
3.6299587401574804
21
-4.1565414173228348
0
LINE
8
BLACK
6
CONTINUOUS
10
3.6299587401574804
20
-4.1565414173228348
11
3.6332796062992125
21
-4.1543224803149608
0
LINE
8
BLACK
6
CONTINUOUS
10
3.6332796062992125
20
-4.1543224803149608
11
3.6371968503937007
21
-4.1535433070866139
0
LINE
8
BLACK
6
CONTINUOUS
10
3.6371968503937007
20
-4.1535433070866139
11
3.6222362204724408
21
-4.1535433070866139
0
LINE
8
BLACK
6
CONTINUOUS
10
3.6222362204724408
20
-4.1535433070866139
11
3.6261534645669289
21
-4.1543224803149608
0
LINE
8
BLACK
6
CONTINUOUS
10
3.6458385039370076
20
-4.1543224803149608
11
3.6491593700787401
21
-4.1565414173228348
0
LINE
8
BLACK
6
CONTINUOUS
10
3.6491593700787401
20
-4.1565414173228348
11
3.6494015748031496
21
-4.156903897637795
0
LINE
8
BLACK
6
CONTINUOUS
10
3.6494015748031496
20
-4.156903897637795
11
3.6496437795275591
21
-4.1565414173228348
0
LINE
8
BLACK
6
CONTINUOUS
10
3.6496437795275591
20
-4.1565414173228348
11
3.6529646456692912
21
-4.1543224803149608
0
LINE
8
BLACK
6
CONTINUOUS
10
3.6529646456692912
20
-4.1543224803149608
11
3.6568818897637794
21
-4.1535433070866139
0
LINE
8
BLACK
6
CONTINUOUS
10
3.6568818897637794
20
-4.1535433070866139
11
3.6419212598425195
21
-4.1535433070866139
0
LINE
8
BLACK
6
CONTINUOUS
10
3.6419212598425195
20
-4.1535433070866139
11
3.6458385039370076
21
-4.1543224803149608
0
LINE
8
BLACK
6
CONTINUOUS
10
3.6655235433070867
20
-4.1543224803149608
11
3.6688444094488188
21
-4.1565414173228348
0
LINE
8
BLACK
6
CONTINUOUS
10
3.6688444094488188
20
-4.1565414173228348
11
3.6690866141732283
21
-4.156903897637795
0
LINE
8
BLACK
6
CONTINUOUS
10
3.6690866141732283
20
-4.156903897637795
11
3.6693288188976378
21
-4.1565414173228348
0
LINE
8
BLACK
6
CONTINUOUS
10
3.6693288188976378
20
-4.1565414173228348
11
3.6726496850393699
21
-4.1543224803149608
0
LINE
8
BLACK
6
CONTINUOUS
10
3.6726496850393699
20
-4.1543224803149608
11
3.6765669291338581
21
-4.1535433070866139
0
LINE
8
BLACK
6
CONTINUOUS
10
3.6765669291338581
20
-4.1535433070866139
11
3.6616062992125982
21
-4.1535433070866139
0
LINE
8
BLACK
6
CONTINUOUS
10
3.6616062992125982
20
-4.1535433070866139
11
3.6655235433070867
21
-4.1543224803149608
0
LINE
8
BLACK
6
CONTINUOUS
10
3.6852085826771654
20
-4.1543224803149608
11
3.6885294488188975
21
-4.1565414173228348
0
LINE
8
BLACK
6
CONTINUOUS
10
3.6885294488188975
20
-4.1565414173228348
11
3.688771653543307
21
-4.156903897637795
0
LINE
8
BLACK
6
CONTINUOUS
10
3.688771653543307
20
-4.156903897637795
11
3.6890138582677166
21
-4.1565414173228348
0
LINE
8
BLACK
6
CONTINUOUS
10
3.6890138582677166
20
-4.1565414173228348
11
3.6923347244094487
21
-4.1543224803149608
0
LINE
8
BLACK
6
CONTINUOUS
10
3.6923347244094487
20
-4.1543224803149608
11
3.6962519685039368
21
-4.1535433070866139
0
LINE
8
BLACK
6
CONTINUOUS
10
3.6962519685039368
20
-4.1535433070866139
11
3.6812913385826769
21
-4.1535433070866139
0
LINE
8
BLACK
6
CONTINUOUS
10
3.6812913385826769
20
-4.1535433070866139
11
3.6852085826771654
21
-4.1543224803149608
0
LINE
8
BLACK
6
CONTINUOUS
10
3.7048936220472442
20
-4.1543224803149608
11
3.7082144881889763
21
-4.1565414173228348
0
LINE
8
BLACK
6
CONTINUOUS
10
3.7082144881889763
20
-4.1565414173228348
11
3.7084566929133858
21
-4.156903897637795
0
LINE
8
BLACK
6
CONTINUOUS
10
3.7084566929133858
20
-4.156903897637795
11
3.7086988976377953
21
-4.1565414173228348
0
LINE
8
BLACK
6
CONTINUOUS
10
3.7086988976377953
20
-4.1565414173228348
11
3.7120197637795274
21
-4.1543224803149608
0
LINE
8
BLACK
6
CONTINUOUS
10
3.7120197637795274
20
-4.1543224803149608
11
3.7159370078740155
21
-4.1535433070866139
0
LINE
8
BLACK
6
CONTINUOUS
10
3.7159370078740155
20
-4.1535433070866139
11
3.700976377952756
21
-4.1535433070866139
0
LINE
8
BLACK
6
CONTINUOUS
10
3.700976377952756
20
-4.1535433070866139
11
3.7048936220472442
21
-4.1543224803149608
0
LINE
8
BLACK
6
CONTINUOUS
10
3.7245786614173229
20
-4.1543224803149608
11
3.727899527559055
21
-4.1565414173228348
0
LINE
8
BLACK
6
CONTINUOUS
10
3.727899527559055
20
-4.1565414173228348
11
3.7281417322834645
21
-4.156903897637795
0
LINE
8
BLACK
6
CONTINUOUS
10
3.7281417322834645
20
-4.156903897637795
11
3.728383937007874
21
-4.1565414173228348
0
LINE
8
BLACK
6
CONTINUOUS
10
3.728383937007874
20
-4.1565414173228348
11
3.7317048031496061
21
-4.1543224803149608
0
LINE
8
BLACK
6
CONTINUOUS
10
3.7317048031496061
20
-4.1543224803149608
11
3.7356220472440942
21
-4.1535433070866139
0
LINE
8
BLACK
6
CONTINUOUS
10
3.7356220472440942
20
-4.1535433070866139
11
3.7206614173228347
21
-4.1535433070866139
0
LINE
8
BLACK
6
CONTINUOUS
10
3.7206614173228347
20
-4.1535433070866139
11
3.7245786614173229
21
-4.1543224803149608
0
LINE
8
BLACK
6
CONTINUOUS
10
3.7442637007874016
20
-4.1543224803149608
11
3.7475845669291337
21
-4.1565414173228348
0
LINE
8
BLACK
6
CONTINUOUS
10
3.7475845669291337
20
-4.1565414173228348
11
3.7478267716535432
21
-4.156903897637795
0
LINE
8
BLACK
6
CONTINUOUS
10
3.7478267716535432
20
-4.156903897637795
11
3.7480689763779527
21
-4.1565414173228348
0
LINE
8
BLACK
6
CONTINUOUS
10
3.7480689763779527
20
-4.1565414173228348
11
3.7513898425196848
21
-4.1543224803149608
0
LINE
8
BLACK
6
CONTINUOUS
10
3.7513898425196848
20
-4.1543224803149608
11
3.7553070866141733
21
-4.1535433070866139
0
LINE
8
BLACK
6
CONTINUOUS
10
3.7553070866141733
20
-4.1535433070866139
11
3.7403464566929134
21
-4.1535433070866139
0
LINE
8
BLACK
6
CONTINUOUS
10
3.7403464566929134
20
-4.1535433070866139
11
3.7442637007874016
21
-4.1543224803149608
0
LINE
8
BLACK
6
CONTINUOUS
10
3.7639487401574803
20
-4.1543224803149608
11
3.7672696062992124
21
-4.1565414173228348
0
LINE
8
BLACK
6
CONTINUOUS
10
3.7672696062992124
20
-4.1565414173228348
11
3.7675118110236219
21
-4.156903897637795
0
LINE
8
BLACK
6
CONTINUOUS
10
3.7675118110236219
20
-4.156903897637795
11
3.7677540157480314
21
-4.1565414173228348
0
LINE
8
BLACK
6
CONTINUOUS
10
3.7677540157480314
20
-4.1565414173228348
11
3.7710748818897635
21
-4.1543224803149608
0
LINE
8
BLACK
6
CONTINUOUS
10
3.7710748818897635
20
-4.1543224803149608
11
3.774992125984252
21
-4.1535433070866139
0
LINE
8
BLACK
6
CONTINUOUS
10
3.774992125984252
20
-4.1535433070866139
11
3.7600314960629921
21
-4.1535433070866139
0
LINE
8
BLACK
6
CONTINUOUS
10
3.7600314960629921
20
-4.1535433070866139
11
3.7639487401574803
21
-4.1543224803149608
0
LINE
8
BLACK
6
CONTINUOUS
10
3.783633779527559
20
-4.1543224803149608
11
3.7869546456692911
21
-4.1565414173228348
0
LINE
8
BLACK
6
CONTINUOUS
10
3.7869546456692911
20
-4.1565414173228348
11
3.7871968503937006
21
-4.156903897637795
0
LINE
8
BLACK
6
CONTINUOUS
10
3.7871968503937006
20
-4.156903897637795
11
3.7874390551181101
21
-4.1565414173228348
0
LINE
8
BLACK
6
CONTINUOUS
10
3.7874390551181101
20
-4.1565414173228348
11
3.7907599212598426
21
-4.1543224803149608
0
LINE
8
BLACK
6
CONTINUOUS
10
3.7907599212598426
20
-4.1543224803149608
11
3.7946771653543308
21
-4.1535433070866139
0
LINE
8
BLACK
6
CONTINUOUS
10
3.7946771653543308
20
-4.1535433070866139
11
3.7797165354330708
21
-4.1535433070866139
0
LINE
8
BLACK
6
CONTINUOUS
10
3.7797165354330708
20
-4.1535433070866139
11
3.783633779527559
21
-4.1543224803149608
0
LINE
8
BLACK
6
CONTINUOUS
10
3.8033188188976377
20
-4.1543224803149608
11
3.8045400393700786
21
-4.1551384645669289
0
LINE
8
BLACK
6
CONTINUOUS
10
3.8045400393700786
20
-4.1551384645669289
11
3.80372405511811
21
-4.1539172440944885
0
LINE
8
BLACK
6
CONTINUOUS
10
3.80372405511811
20
-4.1539172440944885
11
3.8029448818897635
21
-4.1499999999999995
0
LINE
8
BLACK
6
CONTINUOUS
10
3.8029448818897635
20
-4.1499999999999995
11
3.8029448818897635
21
-4.1456692913385824
0
LINE
8
BLACK
6
CONTINUOUS
10
3.8029448818897635
20
-4.1456692913385824
11
3.8023455118110236
21
-4.1486825590551177
0
LINE
8
BLACK
6
CONTINUOUS
10
3.8023455118110236
20
-4.1486825590551177
11
3.8006386220472441
21
-4.151237047244094
0
LINE
8
BLACK
6
CONTINUOUS
10
3.8006386220472441
20
-4.151237047244094
11
3.7980841338582678
21
-4.1529439370078736
0
LINE
8
BLACK
6
CONTINUOUS
10
3.7980841338582678
20
-4.1529439370078736
11
3.7950708661417321
21
-4.1535433070866139
0
LINE
8
BLACK
6
CONTINUOUS
10
3.7950708661417321
20
-4.1535433070866139
11
3.7994015748031496
21
-4.1535433070866139
0
LINE
8
BLACK
6
CONTINUOUS
10
3.7994015748031496
20
-4.1535433070866139
11
3.8033188188976377
21
-4.1543224803149608
0
LINE
8
BLACK
6
CONTINUOUS
10
3.5190866141732284
20
-3.8464566929133857
11
3.5151693700787399
21
-3.8456775196850392
0
LINE
8
BLACK
6
CONTINUOUS
10
3.5151693700787399
20
-3.8456775196850392
11
3.5118485039370078
21
-3.8434585826771652
0
LINE
8
BLACK
6
CONTINUOUS
10
3.5118485039370078
20
-3.8434585826771652
11
3.5116062992125983
21
-3.8430960629921258
0
LINE
8
BLACK
6
CONTINUOUS
10
3.5116062992125983
20
-3.8430960629921258
11
3.5113640944881888
21
-3.8434585826771652
0
LINE
8
BLACK
6
CONTINUOUS
10
3.5113640944881888
20
-3.8434585826771652
11
3.5080432283464567
21
-3.8456775196850392
0
LINE
8
BLACK
6
CONTINUOUS
10
3.5080432283464567
20
-3.8456775196850392
11
3.5041259842519685
21
-3.8464566929133857
0
LINE
8
BLACK
6
CONTINUOUS
10
3.5041259842519685
20
-3.8464566929133857
11
3.5190866141732284
21
-3.8464566929133857
0
LINE
8
BLACK
6
CONTINUOUS
10
3.5387716535433071
20
-3.8464566929133857
11
3.534854409448819
21
-3.8456775196850392
0
LINE
8
BLACK
6
CONTINUOUS
10
3.534854409448819
20
-3.8456775196850392
11
3.5315335433070865
21
-3.8434585826771652
0
LINE
8
BLACK
6
CONTINUOUS
10
3.5315335433070865
20
-3.8434585826771652
11
3.531291338582677
21
-3.8430960629921258
0
LINE
8
BLACK
6
CONTINUOUS
10
3.531291338582677
20
-3.8430960629921258
11
3.5310491338582675
21
-3.8434585826771652
0
LINE
8
BLACK
6
CONTINUOUS
10
3.5310491338582675
20
-3.8434585826771652
11
3.5277282677165354
21
-3.8456775196850392
0
LINE
8
BLACK
6
CONTINUOUS
10
3.5277282677165354
20
-3.8456775196850392
11
3.5238110236220472
21
-3.8464566929133857
0
LINE
8
BLACK
6
CONTINUOUS
10
3.5238110236220472
20
-3.8464566929133857
11
3.5387716535433071
21
-3.8464566929133857
0
LINE
8
BLACK
6
CONTINUOUS
10
3.5584566929133858
20
-3.8464566929133857
11
3.5545394488188977
21
-3.8456775196850392
0
LINE
8
BLACK
6
CONTINUOUS
10
3.5545394488188977
20
-3.8456775196850392
11
3.5512185826771652
21
-3.8434585826771652
0
LINE
8
BLACK
6
CONTINUOUS
10
3.5512185826771652
20
-3.8434585826771652
11
3.5509763779527557
21
-3.8430960629921258
0
LINE
8
BLACK
6
CONTINUOUS
10
3.5509763779527557
20
-3.8430960629921258
11
3.5507341732283462
21
-3.8434585826771652
0
LINE
8
BLACK
6
CONTINUOUS
10
3.5507341732283462
20
-3.8434585826771652
11
3.5474133070866141
21
-3.8456775196850392
0
LINE
8
BLACK
6
CONTINUOUS
10
3.5474133070866141
20
-3.8456775196850392
11
3.5434960629921259
21
-3.8464566929133857
0
LINE
8
BLACK
6
CONTINUOUS
10
3.5434960629921259
20
-3.8464566929133857
11
3.5584566929133858
21
-3.8464566929133857
0
LINE
8
BLACK
6
CONTINUOUS
10
3.5781417322834645
20
-3.8464566929133857
11
3.5742244881889764
21
-3.8456775196850392
0
LINE
8
BLACK
6
CONTINUOUS
10
3.5742244881889764
20
-3.8456775196850392
11
3.5709036220472439
21
-3.8434585826771652
0
LINE
8
BLACK
6
CONTINUOUS
10
3.5709036220472439
20
-3.8434585826771652
11
3.5706614173228344
21
-3.8430960629921258
0
LINE
8
BLACK
6
CONTINUOUS
10
3.5706614173228344
20
-3.8430960629921258
11
3.5704192125984253
21
-3.8434585826771652
0
LINE
8
BLACK
6
CONTINUOUS
10
3.5704192125984253
20
-3.8434585826771652
11
3.5670983464566928
21
-3.8456775196850392
0
LINE
8
BLACK
6
CONTINUOUS
10
3.5670983464566928
20
-3.8456775196850392
11
3.5631811023622046
21
-3.8464566929133857
0
LINE
8
BLACK
6
CONTINUOUS
10
3.5631811023622046
20
-3.8464566929133857
11
3.5781417322834645
21
-3.8464566929133857
0
LINE
8
BLACK
6
CONTINUOUS
10
3.5978267716535433
20
-3.8464566929133857
11
3.5939095275590551
21
-3.8456775196850392
0
LINE
8
BLACK
6
CONTINUOUS
10
3.5939095275590551
20
-3.8456775196850392
11
3.5905886614173226
21
-3.8434585826771652
0
LINE
8
BLACK
6
CONTINUOUS
10
3.5905886614173226
20
-3.8434585826771652
11
3.5903464566929135
21
-3.8430960629921258
0
LINE
8
BLACK
6
CONTINUOUS
10
3.5903464566929135
20
-3.8430960629921258
11
3.590104251968504
21
-3.8434585826771652
0
LINE
8
BLACK
6
CONTINUOUS
10
3.590104251968504
20
-3.8434585826771652
11
3.5867833858267715
21
-3.8456775196850392
0
LINE
8
BLACK
6
CONTINUOUS
10
3.5867833858267715
20
-3.8456775196850392
11
3.5828661417322833
21
-3.8464566929133857
0
LINE
8
BLACK
6
CONTINUOUS
10
3.5828661417322833
20
-3.8464566929133857
11
3.5978267716535433
21
-3.8464566929133857
0
LINE
8
BLACK
6
CONTINUOUS
10
3.617511811023622
20
-3.8464566929133857
11
3.6135945669291338
21
-3.8456775196850392
0
LINE
8
BLACK
6
CONTINUOUS
10
3.6135945669291338
20
-3.8456775196850392
11
3.6102737007874013
21
-3.8434585826771652
0
LINE
8
BLACK
6
CONTINUOUS
10
3.6102737007874013
20
-3.8434585826771652
11
3.6100314960629922
21
-3.8430960629921258
0
LINE
8
BLACK
6
CONTINUOUS
10
3.6100314960629922
20
-3.8430960629921258
11
3.6097892913385827
21
-3.8434585826771652
0
LINE
8
BLACK
6
CONTINUOUS
10
3.6097892913385827
20
-3.8434585826771652
11
3.6064684251968502
21
-3.8456775196850392
0
LINE
8
BLACK
6
CONTINUOUS
10
3.6064684251968502
20
-3.8456775196850392
11
3.6025511811023621
21
-3.8464566929133857
0
LINE
8
BLACK
6
CONTINUOUS
10
3.6025511811023621
20
-3.8464566929133857
11
3.617511811023622
21
-3.8464566929133857
0
LINE
8
BLACK
6
CONTINUOUS
10
3.6371968503937007
20
-3.8464566929133857
11
3.6332796062992125
21
-3.8456775196850392
0
LINE
8
BLACK
6
CONTINUOUS
10
3.6332796062992125
20
-3.8456775196850392
11
3.6299587401574804
21
-3.8434585826771652
0
LINE
8
BLACK
6
CONTINUOUS
10
3.6299587401574804
20
-3.8434585826771652
11
3.6297165354330709
21
-3.8430960629921258
0
LINE
8
BLACK
6
CONTINUOUS
10
3.6297165354330709
20
-3.8430960629921258
11
3.6294743307086614
21
-3.8434585826771652
0
LINE
8
BLACK
6
CONTINUOUS
10
3.6294743307086614
20
-3.8434585826771652
11
3.6261534645669289
21
-3.8456775196850392
0
LINE
8
BLACK
6
CONTINUOUS
10
3.6261534645669289
20
-3.8456775196850392
11
3.6222362204724408
21
-3.8464566929133857
0
LINE
8
BLACK
6
CONTINUOUS
10
3.6222362204724408
20
-3.8464566929133857
11
3.6371968503937007
21
-3.8464566929133857
0
LINE
8
BLACK
6
CONTINUOUS
10
3.6568818897637794
20
-3.8464566929133857
11
3.6529646456692912
21
-3.8456775196850392
0
LINE
8
BLACK
6
CONTINUOUS
10
3.6529646456692912
20
-3.8456775196850392
11
3.6496437795275591
21
-3.8434585826771652
0
LINE
8
BLACK
6
CONTINUOUS
10
3.6496437795275591
20
-3.8434585826771652
11
3.6494015748031496
21
-3.8430960629921258
0
LINE
8
BLACK
6
CONTINUOUS
10
3.6494015748031496
20
-3.8430960629921258
11
3.6491593700787401
21
-3.8434585826771652
0
LINE
8
BLACK
6
CONTINUOUS
10
3.6491593700787401
20
-3.8434585826771652
11
3.6458385039370076
21
-3.8456775196850392
0
LINE
8
BLACK
6
CONTINUOUS
10
3.6458385039370076
20
-3.8456775196850392
11
3.6419212598425195
21
-3.8464566929133857
0
LINE
8
BLACK
6
CONTINUOUS
10
3.6419212598425195
20
-3.8464566929133857
11
3.6568818897637794
21
-3.8464566929133857
0
LINE
8
BLACK
6
CONTINUOUS
10
3.6765669291338581
20
-3.8464566929133857
11
3.6726496850393699
21
-3.8456775196850392
0
LINE
8
BLACK
6
CONTINUOUS
10
3.6726496850393699
20
-3.8456775196850392
11
3.6693288188976378
21
-3.8434585826771652
0
LINE
8
BLACK
6
CONTINUOUS
10
3.6693288188976378
20
-3.8434585826771652
11
3.6690866141732283
21
-3.8430960629921258
0
LINE
8
BLACK
6
CONTINUOUS
10
3.6690866141732283
20
-3.8430960629921258
11
3.6688444094488188
21
-3.8434585826771652
0
LINE
8
BLACK
6
CONTINUOUS
10
3.6688444094488188
20
-3.8434585826771652
11
3.6655235433070867
21
-3.8456775196850392
0
LINE
8
BLACK
6
CONTINUOUS
10
3.6655235433070867
20
-3.8456775196850392
11
3.6616062992125982
21
-3.8464566929133857
0
LINE
8
BLACK
6
CONTINUOUS
10
3.6616062992125982
20
-3.8464566929133857
11
3.6765669291338581
21
-3.8464566929133857
0
LINE
8
BLACK
6
CONTINUOUS
10
3.6962519685039368
20
-3.8464566929133857
11
3.6923347244094487
21
-3.8456775196850392
0
LINE
8
BLACK
6
CONTINUOUS
10
3.6923347244094487
20
-3.8456775196850392
11
3.6890138582677166
21
-3.8434585826771652
0
LINE
8
BLACK
6
CONTINUOUS
10
3.6890138582677166
20
-3.8434585826771652
11
3.688771653543307
21
-3.8430960629921258
0
LINE
8
BLACK
6
CONTINUOUS
10
3.688771653543307
20
-3.8430960629921258
11
3.6885294488188975
21
-3.8434585826771652
0
LINE
8
BLACK
6
CONTINUOUS
10
3.6885294488188975
20
-3.8434585826771652
11
3.6852085826771654
21
-3.8456775196850392
0
LINE
8
BLACK
6
CONTINUOUS
10
3.6852085826771654
20
-3.8456775196850392
11
3.6812913385826769
21
-3.8464566929133857
0
LINE
8
BLACK
6
CONTINUOUS
10
3.6812913385826769
20
-3.8464566929133857
11
3.6962519685039368
21
-3.8464566929133857
0
LINE
8
BLACK
6
CONTINUOUS
10
3.7159370078740155
20
-3.8464566929133857
11
3.7120197637795274
21
-3.8456775196850392
0
LINE
8
BLACK
6
CONTINUOUS
10
3.7120197637795274
20
-3.8456775196850392
11
3.7086988976377953
21
-3.8434585826771652
0
LINE
8
BLACK
6
CONTINUOUS
10
3.7086988976377953
20
-3.8434585826771652
11
3.7084566929133858
21
-3.8430960629921258
0
LINE
8
BLACK
6
CONTINUOUS
10
3.7084566929133858
20
-3.8430960629921258
11
3.7082144881889763
21
-3.8434585826771652
0
LINE
8
BLACK
6
CONTINUOUS
10
3.7082144881889763
20
-3.8434585826771652
11
3.7048936220472442
21
-3.8456775196850392
0
LINE
8
BLACK
6
CONTINUOUS
10
3.7048936220472442
20
-3.8456775196850392
11
3.700976377952756
21
-3.8464566929133857
0
LINE
8
BLACK
6
CONTINUOUS
10
3.700976377952756
20
-3.8464566929133857
11
3.7159370078740155
21
-3.8464566929133857
0
LINE
8
BLACK
6
CONTINUOUS
10
3.7356220472440942
20
-3.8464566929133857
11
3.7317048031496061
21
-3.8456775196850392
0
LINE
8
BLACK
6
CONTINUOUS
10
3.7317048031496061
20
-3.8456775196850392
11
3.728383937007874
21
-3.8434585826771652
0
LINE
8
BLACK
6
CONTINUOUS
10
3.728383937007874
20
-3.8434585826771652
11
3.7281417322834645
21
-3.8430960629921258
0
LINE
8
BLACK
6
CONTINUOUS
10
3.7281417322834645
20
-3.8430960629921258
11
3.727899527559055
21
-3.8434585826771652
0
LINE
8
BLACK
6
CONTINUOUS
10
3.727899527559055
20
-3.8434585826771652
11
3.7245786614173229
21
-3.8456775196850392
0
LINE
8
BLACK
6
CONTINUOUS
10
3.7245786614173229
20
-3.8456775196850392
11
3.7206614173228347
21
-3.8464566929133857
0
LINE
8
BLACK
6
CONTINUOUS
10
3.7206614173228347
20
-3.8464566929133857
11
3.7356220472440942
21
-3.8464566929133857
0
LINE
8
BLACK
6
CONTINUOUS
10
3.7553070866141733
20
-3.8464566929133857
11
3.7513898425196848
21
-3.8456775196850392
0
LINE
8
BLACK
6
CONTINUOUS
10
3.7513898425196848
20
-3.8456775196850392
11
3.7480689763779527
21
-3.8434585826771652
0
LINE
8
BLACK
6
CONTINUOUS
10
3.7480689763779527
20
-3.8434585826771652
11
3.7478267716535432
21
-3.8430960629921258
0
LINE
8
BLACK
6
CONTINUOUS
10
3.7478267716535432
20
-3.8430960629921258
11
3.7475845669291337
21
-3.8434585826771652
0
LINE
8
BLACK
6
CONTINUOUS
10
3.7475845669291337
20
-3.8434585826771652
11
3.7442637007874016
21
-3.8456775196850392
0
LINE
8
BLACK
6
CONTINUOUS
10
3.7442637007874016
20
-3.8456775196850392
11
3.7403464566929134
21
-3.8464566929133857
0
LINE
8
BLACK
6
CONTINUOUS
10
3.7403464566929134
20
-3.8464566929133857
11
3.7553070866141733
21
-3.8464566929133857
0
LINE
8
BLACK
6
CONTINUOUS
10
3.774992125984252
20
-3.8464566929133857
11
3.7710748818897635
21
-3.8456775196850392
0
LINE
8
BLACK
6
CONTINUOUS
10
3.7710748818897635
20
-3.8456775196850392
11
3.7677540157480314
21
-3.8434585826771652
0
LINE
8
BLACK
6
CONTINUOUS
10
3.7677540157480314
20
-3.8434585826771652
11
3.7675118110236219
21
-3.8430960629921258
0
LINE
8
BLACK
6
CONTINUOUS
10
3.7675118110236219
20
-3.8430960629921258
11
3.7672696062992124
21
-3.8434585826771652
0
LINE
8
BLACK
6
CONTINUOUS
10
3.7672696062992124
20
-3.8434585826771652
11
3.7639487401574803
21
-3.8456775196850392
0
LINE
8
BLACK
6
CONTINUOUS
10
3.7639487401574803
20
-3.8456775196850392
11
3.7600314960629921
21
-3.8464566929133857
0
LINE
8
BLACK
6
CONTINUOUS
10
3.7600314960629921
20
-3.8464566929133857
11
3.774992125984252
21
-3.8464566929133857
0
LINE
8
BLACK
6
CONTINUOUS
10
3.7946771653543308
20
-3.8464566929133857
11
3.7907599212598426
21
-3.8456775196850392
0
LINE
8
BLACK
6
CONTINUOUS
10
3.7907599212598426
20
-3.8456775196850392
11
3.7874390551181101
21
-3.8434585826771652
0
LINE
8
BLACK
6
CONTINUOUS
10
3.7874390551181101
20
-3.8434585826771652
11
3.7871968503937006
21
-3.8430960629921258
0
LINE
8
BLACK
6
CONTINUOUS
10
3.7871968503937006
20
-3.8430960629921258
11
3.7869546456692911
21
-3.8434585826771652
0
LINE
8
BLACK
6
CONTINUOUS
10
3.7869546456692911
20
-3.8434585826771652
11
3.783633779527559
21
-3.8456775196850392
0
LINE
8
BLACK
6
CONTINUOUS
10
3.783633779527559
20
-3.8456775196850392
11
3.7797165354330708
21
-3.8464566929133857
0
LINE
8
BLACK
6
CONTINUOUS
10
3.7797165354330708
20
-3.8464566929133857
11
3.7946771653543308
21
-3.8464566929133857
0
LINE
8
BLACK
6
CONTINUOUS
10
3.7980841338582678
20
-3.847056062992126
11
3.8006386220472441
21
-3.8487629527559055
0
LINE
8
BLACK
6
CONTINUOUS
10
3.8006386220472441
20
-3.8487629527559055
11
3.8023455118110236
21
-3.8513174409448818
0
LINE
8
BLACK
6
CONTINUOUS
10
3.8023455118110236
20
-3.8513174409448818
11
3.8029448818897635
21
-3.8543307086614171
0
LINE
8
BLACK
6
CONTINUOUS
10
3.8029448818897635
20
-3.8543307086614171
11
3.8029448818897635
21
-3.8500000000000001
0
LINE
8
BLACK
6
CONTINUOUS
10
3.8029448818897635
20
-3.8500000000000001
11
3.80372405511811
21
-3.8460827559055115
0
LINE
8
BLACK
6
CONTINUOUS
10
3.80372405511811
20
-3.8460827559055115
11
3.8045400393700786
21
-3.8448614960629919
0
LINE
8
BLACK
6
CONTINUOUS
10
3.8045400393700786
20
-3.8448614960629919
11
3.8033188188976377
21
-3.8456775196850392
0
LINE
8
BLACK
6
CONTINUOUS
10
3.8033188188976377
20
-3.8456775196850392
11
3.7994015748031496
21
-3.8464566929133857
0
LINE
8
BLACK
6
CONTINUOUS
10
3.7994015748031496
20
-3.8464566929133857
11
3.7950708661417321
21
-3.8464566929133857
0
LINE
8
BLACK
6
CONTINUOUS
10
3.7950708661417321
20
-3.8464566929133857
11
3.7980841338582678
21
-3.847056062992126
0
LINE
8
BLACK
6
CONTINUOUS
10
4.4340073228346455
20
-4.072383661417323
11
4.4373451181102359
21
-4.0743107086614172
0
LINE
8
BLACK
6
CONTINUOUS
10
4.4373451181102359
20
-4.0743107086614172
11
4.440070393700787
21
-4.0770359842519683
0
LINE
8
BLACK
6
CONTINUOUS
10
4.440070393700787
20
-4.0770359842519683
11
4.4419974409448821
21
-4.0803737795275588
0
LINE
8
BLACK
6
CONTINUOUS
10
4.4419974409448821
20
-4.0803737795275588
11
4.4429949606299211
21
-4.0840965748031497
0
LINE
8
BLACK
6
CONTINUOUS
10
4.4429949606299211
20
-4.0840965748031497
11
4.4431212598425196
21
-4.0860236220472439
0
LINE
8
BLACK
6
CONTINUOUS
10
4.4431212598425196
20
-4.0860236220472439
11
4.4431212598425196
21
-4.1431102362204726
0
LINE
8
BLACK
6
CONTINUOUS
10
4.4431212598425196
20
-4.1431102362204726
11
4.4429949606299211
21
-4.1450372834645668
0
LINE
8
BLACK
6
CONTINUOUS
10
4.4429949606299211
20
-4.1450372834645668
11
4.4419974409448821
21
-4.1487600787401577
0
LINE
8
BLACK
6
CONTINUOUS
10
4.4419974409448821
20
-4.1487600787401577
11
4.440070393700787
21
-4.1520978740157481
0
LINE
8
BLACK
6
CONTINUOUS
10
4.440070393700787
20
-4.1520978740157481
11
4.4373451181102359
21
-4.1548231496062993
0
LINE
8
BLACK
6
CONTINUOUS
10
4.4373451181102359
20
-4.1548231496062993
11
4.4340073228346455
21
-4.1567501968503935
0
LINE
8
BLACK
6
CONTINUOUS
10
4.4340073228346455
20
-4.1567501968503935
11
4.4302845275590554
21
-4.1577477165354333
0
LINE
8
BLACK
6
CONTINUOUS
10
4.4302845275590554
20
-4.1577477165354333
11
4.4264304330708661
21
-4.1577477165354333
0
LINE
8
BLACK
6
CONTINUOUS
10
4.4264304330708661
20
-4.1577477165354333
11
4.4227076377952752
21
-4.1567501968503935
0
LINE
8
BLACK
6
CONTINUOUS
10
4.4227076377952752
20
-4.1567501968503935
11
4.4193698425196848
21
-4.1548231496062993
0
LINE
8
BLACK
6
CONTINUOUS
10
4.4193698425196848
20
-4.1548231496062993
11
4.4166445669291337
21
-4.1520978740157481
0
LINE
8
BLACK
6
CONTINUOUS
10
4.4166445669291337
20
-4.1520978740157481
11
4.4147175196850394
21
-4.1487600787401577
0
LINE
8
BLACK
6
CONTINUOUS
10
4.4147175196850394
20
-4.1487600787401577
11
4.4137199999999996
21
-4.1450372834645668
0
LINE
8
BLACK
6
CONTINUOUS
10
4.4137199999999996
20
-4.1450372834645668
11
4.4135937007874011
21
-4.1431102362204726
0
LINE
8
BLACK
6
CONTINUOUS
10
4.4135937007874011
20
-4.1431102362204726
11
4.4135937007874011
21
-4.0860236220472439
0
LINE
8
BLACK
6
CONTINUOUS
10
4.4135937007874011
20
-4.0860236220472439
11
4.4137199999999996
21
-4.0840965748031497
0
LINE
8
BLACK
6
CONTINUOUS
10
4.4137199999999996
20
-4.0840965748031497
11
4.4147175196850394
21
-4.0803737795275588
0
LINE
8
BLACK
6
CONTINUOUS
10
4.4147175196850394
20
-4.0803737795275588
11
4.4166445669291337
21
-4.0770359842519683
0
LINE
8
BLACK
6
CONTINUOUS
10
4.4166445669291337
20
-4.0770359842519683
11
4.4193698425196848
21
-4.0743107086614172
0
LINE
8
BLACK
6
CONTINUOUS
10
4.4193698425196848
20
-4.0743107086614172
11
4.4227076377952752
21
-4.072383661417323
0
LINE
8
BLACK
6
CONTINUOUS
10
4.4227076377952752
20
-4.072383661417323
11
4.4264304330708661
21
-4.0713861417322832
0
LINE
8
BLACK
6
CONTINUOUS
10
4.4264304330708661
20
-4.0713861417322832
11
4.4302845275590554
21
-4.0713861417322832
0
LINE
8
BLACK
6
CONTINUOUS
10
4.4302845275590554
20
-4.0713861417322832
11
4.4340073228346455
21
-4.072383661417323
0
LINE
8
BLACK
6
CONTINUOUS
10
4.4655033858267714
20
-4.072383661417323
11
4.4688411811023618
21
-4.0743107086614172
0
LINE
8
BLACK
6
CONTINUOUS
10
4.4688411811023618
20
-4.0743107086614172
11
4.471566456692913
21
-4.0770359842519683
0
LINE
8
BLACK
6
CONTINUOUS
10
4.471566456692913
20
-4.0770359842519683
11
4.4734935039370081
21
-4.0803737795275588
0
LINE
8
BLACK
6
CONTINUOUS
10
4.4734935039370081
20
-4.0803737795275588
11
4.474491023622047
21
-4.0840965748031497
0
LINE
8
BLACK
6
CONTINUOUS
10
4.474491023622047
20
-4.0840965748031497
11
4.4746173228346455
21
-4.0860236220472439
0
LINE
8
BLACK
6
CONTINUOUS
10
4.4746173228346455
20
-4.0860236220472439
11
4.4746173228346455
21
-4.1431102362204726
0
LINE
8
BLACK
6
CONTINUOUS
10
4.4746173228346455
20
-4.1431102362204726
11
4.474491023622047
21
-4.1450372834645668
0
LINE
8
BLACK
6
CONTINUOUS
10
4.474491023622047
20
-4.1450372834645668
11
4.4734935039370081
21
-4.1487600787401577
0
LINE
8
BLACK
6
CONTINUOUS
10
4.4734935039370081
20
-4.1487600787401577
11
4.471566456692913
21
-4.1520978740157481
0
LINE
8
BLACK
6
CONTINUOUS
10
4.471566456692913
20
-4.1520978740157481
11
4.4688411811023618
21
-4.1548231496062993
0
LINE
8
BLACK
6
CONTINUOUS
10
4.4688411811023618
20
-4.1548231496062993
11
4.4655033858267714
21
-4.1567501968503935
0
LINE
8
BLACK
6
CONTINUOUS
10
4.4655033858267714
20
-4.1567501968503935
11
4.4617805905511814
21
-4.1577477165354333
0
LINE
8
BLACK
6
CONTINUOUS
10
4.4617805905511814
20
-4.1577477165354333
11
4.4579264960629921
21
-4.1577477165354333
0
LINE
8
BLACK
6
CONTINUOUS
10
4.4579264960629921
20
-4.1577477165354333
11
4.4542037007874011
21
-4.1567501968503935
0
LINE
8
BLACK
6
CONTINUOUS
10
4.4542037007874011
20
-4.1567501968503935
11
4.4508659055118107
21
-4.1548231496062993
0
LINE
8
BLACK
6
CONTINUOUS
10
4.4508659055118107
20
-4.1548231496062993
11
4.4481406299212596
21
-4.1520978740157481
0
LINE
8
BLACK
6
CONTINUOUS
10
4.4481406299212596
20
-4.1520978740157481
11
4.4462135826771654
21
-4.1487600787401577
0
LINE
8
BLACK
6
CONTINUOUS
10
4.4462135826771654
20
-4.1487600787401577
11
4.4452160629921256
21
-4.1450372834645668
0
LINE
8
BLACK
6
CONTINUOUS
10
4.4452160629921256
20
-4.1450372834645668
11
4.445089763779527
21
-4.1431102362204726
0
LINE
8
BLACK
6
CONTINUOUS
10
4.445089763779527
20
-4.1431102362204726
11
4.445089763779527
21
-4.0860236220472439
0
LINE
8
BLACK
6
CONTINUOUS
10
4.445089763779527
20
-4.0860236220472439
11
4.4452160629921256
21
-4.0840965748031497
0
LINE
8
BLACK
6
CONTINUOUS
10
4.4452160629921256
20
-4.0840965748031497
11
4.4462135826771654
21
-4.0803737795275588
0
LINE
8
BLACK
6
CONTINUOUS
10
4.4462135826771654
20
-4.0803737795275588
11
4.4481406299212596
21
-4.0770359842519683
0
LINE
8
BLACK
6
CONTINUOUS
10
4.4481406299212596
20
-4.0770359842519683
11
4.4508659055118107
21
-4.0743107086614172
0
LINE
8
BLACK
6
CONTINUOUS
10
4.4508659055118107
20
-4.0743107086614172
11
4.4542037007874011
21
-4.072383661417323
0
LINE
8
BLACK
6
CONTINUOUS
10
4.4542037007874011
20
-4.072383661417323
11
4.4579264960629921
21
-4.0713861417322832
0
LINE
8
BLACK
6
CONTINUOUS
10
4.4579264960629921
20
-4.0713861417322832
11
4.4617805905511814
21
-4.0713861417322832
0
LINE
8
BLACK
6
CONTINUOUS
10
4.4617805905511814
20
-4.0713861417322832
11
4.4655033858267714
21
-4.072383661417323
0
LINE
8
BLACK
6
CONTINUOUS
10
4.4969994488188973
20
-4.072383661417323
11
4.5003372440944878
21
-4.0743107086614172
0
LINE
8
BLACK
6
CONTINUOUS
10
4.5003372440944878
20
-4.0743107086614172
11
4.5030625196850389
21
-4.0770359842519683
0
LINE
8
BLACK
6
CONTINUOUS
10
4.5030625196850389
20
-4.0770359842519683
11
4.504989566929134
21
-4.0803737795275588
0
LINE
8
BLACK
6
CONTINUOUS
10
4.504989566929134
20
-4.0803737795275588
11
4.5059870866141729
21
-4.0840965748031497
0
LINE
8
BLACK
6
CONTINUOUS
10
4.5059870866141729
20
-4.0840965748031497
11
4.5061133858267715
21
-4.0860236220472439
0
LINE
8
BLACK
6
CONTINUOUS
10
4.5061133858267715
20
-4.0860236220472439
11
4.5061133858267715
21
-4.1431102362204726
0
LINE
8
BLACK
6
CONTINUOUS
10
4.5061133858267715
20
-4.1431102362204726
11
4.5059870866141729
21
-4.1450372834645668
0
LINE
8
BLACK
6
CONTINUOUS
10
4.5059870866141729
20
-4.1450372834645668
11
4.504989566929134
21
-4.1487600787401577
0
LINE
8
BLACK
6
CONTINUOUS
10
4.504989566929134
20
-4.1487600787401577
11
4.5030625196850389
21
-4.1520978740157481
0
LINE
8
BLACK
6
CONTINUOUS
10
4.5030625196850389
20
-4.1520978740157481
11
4.5003372440944878
21
-4.1548231496062993
0
LINE
8
BLACK
6
CONTINUOUS
10
4.5003372440944878
20
-4.1548231496062993
11
4.4969994488188973
21
-4.1567501968503935
0
LINE
8
BLACK
6
CONTINUOUS
10
4.4969994488188973
20
-4.1567501968503935
11
4.4932766535433073
21
-4.1577477165354333
0
LINE
8
BLACK
6
CONTINUOUS
10
4.4932766535433073
20
-4.1577477165354333
11
4.489422559055118
21
-4.1577477165354333
0
LINE
8
BLACK
6
CONTINUOUS
10
4.489422559055118
20
-4.1577477165354333
11
4.4856997637795271
21
-4.1567501968503935
0
LINE
8
BLACK
6
CONTINUOUS
10
4.4856997637795271
20
-4.1567501968503935
11
4.4823619685039366
21
-4.1548231496062993
0
LINE
8
BLACK
6
CONTINUOUS
10
4.4823619685039366
20
-4.1548231496062993
11
4.4796366929133855
21
-4.1520978740157481
0
LINE
8
BLACK
6
CONTINUOUS
10
4.4796366929133855
20
-4.1520978740157481
11
4.4777096456692913
21
-4.1487600787401577
0
LINE
8
BLACK
6
CONTINUOUS
10
4.4777096456692913
20
-4.1487600787401577
11
4.4767121259842515
21
-4.1450372834645668
0
LINE
8
BLACK
6
CONTINUOUS
10
4.4767121259842515
20
-4.1450372834645668
11
4.4765858267716538
21
-4.1431102362204726
0
LINE
8
BLACK
6
CONTINUOUS
10
4.4765858267716538
20
-4.1431102362204726
11
4.4765858267716538
21
-4.0860236220472439
0
LINE
8
BLACK
6
CONTINUOUS
10
4.4765858267716538
20
-4.0860236220472439
11
4.4767121259842515
21
-4.0840965748031497
0
LINE
8
BLACK
6
CONTINUOUS
10
4.4767121259842515
20
-4.0840965748031497
11
4.4777096456692913
21
-4.0803737795275588
0
LINE
8
BLACK
6
CONTINUOUS
10
4.4777096456692913
20
-4.0803737795275588
11
4.4796366929133855
21
-4.0770359842519683
0
LINE
8
BLACK
6
CONTINUOUS
10
4.4796366929133855
20
-4.0770359842519683
11
4.4823619685039366
21
-4.0743107086614172
0
LINE
8
BLACK
6
CONTINUOUS
10
4.4823619685039366
20
-4.0743107086614172
11
4.4856997637795271
21
-4.072383661417323
0
LINE
8
BLACK
6
CONTINUOUS
10
4.4856997637795271
20
-4.072383661417323
11
4.489422559055118
21
-4.0713861417322832
0
LINE
8
BLACK
6
CONTINUOUS
10
4.489422559055118
20
-4.0713861417322832
11
4.4932766535433073
21
-4.0713861417322832
0
LINE
8
BLACK
6
CONTINUOUS
10
4.4932766535433073
20
-4.0713861417322832
11
4.4969994488188973
21
-4.072383661417323
0
LINE
8
BLACK
6
CONTINUOUS
10
4.5284955118110233
20
-4.072383661417323
11
4.5318333070866137
21
-4.0743107086614172
0
LINE
8
BLACK
6
CONTINUOUS
10
4.5318333070866137
20
-4.0743107086614172
11
4.5345585826771648
21
-4.0770359842519683
0
LINE
8
BLACK
6
CONTINUOUS
10
4.5345585826771648
20
-4.0770359842519683
11
4.5364856299212599
21
-4.0803737795275588
0
LINE
8
BLACK
6
CONTINUOUS
10
4.5364856299212599
20
-4.0803737795275588
11
4.5374831496062988
21
-4.0840965748031497
0
LINE
8
BLACK
6
CONTINUOUS
10
4.5374831496062988
20
-4.0840965748031497
11
4.5376094488188974
21
-4.0860236220472439
0
LINE
8
BLACK
6
CONTINUOUS
10
4.5376094488188974
20
-4.0860236220472439
11
4.5376094488188974
21
-4.1431102362204726
0
LINE
8
BLACK
6
CONTINUOUS
10
4.5376094488188974
20
-4.1431102362204726
11
4.5374831496062988
21
-4.1450372834645668
0
LINE
8
BLACK
6
CONTINUOUS
10
4.5374831496062988
20
-4.1450372834645668
11
4.5364856299212599
21
-4.1487600787401577
0
LINE
8
BLACK
6
CONTINUOUS
10
4.5364856299212599
20
-4.1487600787401577
11
4.5345585826771648
21
-4.1520978740157481
0
LINE
8
BLACK
6
CONTINUOUS
10
4.5345585826771648
20
-4.1520978740157481
11
4.5318333070866137
21
-4.1548231496062993
0
LINE
8
BLACK
6
CONTINUOUS
10
4.5318333070866137
20
-4.1548231496062993
11
4.5284955118110233
21
-4.1567501968503935
0
LINE
8
BLACK
6
CONTINUOUS
10
4.5284955118110233
20
-4.1567501968503935
11
4.5247727165354332
21
-4.1577477165354333
0
LINE
8
BLACK
6
CONTINUOUS
10
4.5247727165354332
20
-4.1577477165354333
11
4.5209186220472439
21
-4.1577477165354333
0
LINE
8
BLACK
6
CONTINUOUS
10
4.5209186220472439
20
-4.1577477165354333
11
4.5171958267716539
21
-4.1567501968503935
0
LINE
8
BLACK
6
CONTINUOUS
10
4.5171958267716539
20
-4.1567501968503935
11
4.5138580314960626
21
-4.1548231496062993
0
LINE
8
BLACK
6
CONTINUOUS
10
4.5138580314960626
20
-4.1548231496062993
11
4.5111327559055114
21
-4.1520978740157481
0
LINE
8
BLACK
6
CONTINUOUS
10
4.5111327559055114
20
-4.1520978740157481
11
4.5092057086614172
21
-4.1487600787401577
0
LINE
8
BLACK
6
CONTINUOUS
10
4.5092057086614172
20
-4.1487600787401577
11
4.5082081889763774
21
-4.1450372834645668
0
LINE
8
BLACK
6
CONTINUOUS
10
4.5082081889763774
20
-4.1450372834645668
11
4.5080818897637798
21
-4.1431102362204726
0
LINE
8
BLACK
6
CONTINUOUS
10
4.5080818897637798
20
-4.1431102362204726
11
4.5080818897637798
21
-4.0860236220472439
0
LINE
8
BLACK
6
CONTINUOUS
10
4.5080818897637798
20
-4.0860236220472439
11
4.5082081889763774
21
-4.0840965748031497
0
LINE
8
BLACK
6
CONTINUOUS
10
4.5082081889763774
20
-4.0840965748031497
11
4.5092057086614172
21
-4.0803737795275588
0
LINE
8
BLACK
6
CONTINUOUS
10
4.5092057086614172
20
-4.0803737795275588
11
4.5111327559055114
21
-4.0770359842519683
0
LINE
8
BLACK
6
CONTINUOUS
10
4.5111327559055114
20
-4.0770359842519683
11
4.5138580314960626
21
-4.0743107086614172
0
LINE
8
BLACK
6
CONTINUOUS
10
4.5138580314960626
20
-4.0743107086614172
11
4.5171958267716539
21
-4.072383661417323
0
LINE
8
BLACK
6
CONTINUOUS
10
4.5171958267716539
20
-4.072383661417323
11
4.5209186220472439
21
-4.0713861417322832
0
LINE
8
BLACK
6
CONTINUOUS
10
4.5209186220472439
20
-4.0713861417322832
11
4.5247727165354332
21
-4.0713861417322832
0
LINE
8
BLACK
6
CONTINUOUS
10
4.5247727165354332
20
-4.0713861417322832
11
4.5284955118110233
21
-4.072383661417323
0
LINE
8
BLACK
6
CONTINUOUS
10
4.5599915748031492
20
-4.072383661417323
11
4.5633293700787396
21
-4.0743107086614172
0
LINE
8
BLACK
6
CONTINUOUS
10
4.5633293700787396
20
-4.0743107086614172
11
4.5660546456692916
21
-4.0770359842519683
0
LINE
8
BLACK
6
CONTINUOUS
10
4.5660546456692916
20
-4.0770359842519683
11
4.5679816929133858
21
-4.0803737795275588
0
LINE
8
BLACK
6
CONTINUOUS
10
4.5679816929133858
20
-4.0803737795275588
11
4.5689792125984248
21
-4.0840965748031497
0
LINE
8
BLACK
6
CONTINUOUS
10
4.5689792125984248
20
-4.0840965748031497
11
4.5691055118110233
21
-4.0860236220472439
0
LINE
8
BLACK
6
CONTINUOUS
10
4.5691055118110233
20
-4.0860236220472439
11
4.5691055118110233
21
-4.1431102362204726
0
LINE
8
BLACK
6
CONTINUOUS
10
4.5691055118110233
20
-4.1431102362204726
11
4.5689792125984248
21
-4.1450372834645668
0
LINE
8
BLACK
6
CONTINUOUS
10
4.5689792125984248
20
-4.1450372834645668
11
4.5679816929133858
21
-4.1487600787401577
0
LINE
8
BLACK
6
CONTINUOUS
10
4.5679816929133858
20
-4.1487600787401577
11
4.5660546456692916
21
-4.1520978740157481
0
LINE
8
BLACK
6
CONTINUOUS
10
4.5660546456692916
20
-4.1520978740157481
11
4.5633293700787396
21
-4.1548231496062993
0
LINE
8
BLACK
6
CONTINUOUS
10
4.5633293700787396
20
-4.1548231496062993
11
4.5599915748031492
21
-4.1567501968503935
0
LINE
8
BLACK
6
CONTINUOUS
10
4.5599915748031492
20
-4.1567501968503935
11
4.5562687795275592
21
-4.1577477165354333
0
LINE
8
BLACK
6
CONTINUOUS
10
4.5562687795275592
20
-4.1577477165354333
11
4.5524146850393699
21
-4.1577477165354333
0
LINE
8
BLACK
6
CONTINUOUS
10
4.5524146850393699
20
-4.1577477165354333
11
4.5486918897637798
21
-4.1567501968503935
0
LINE
8
BLACK
6
CONTINUOUS
10
4.5486918897637798
20
-4.1567501968503935
11
4.5453540944881885
21
-4.1548231496062993
0
LINE
8
BLACK
6
CONTINUOUS
10
4.5453540944881885
20
-4.1548231496062993
11
4.5426288188976374
21
-4.1520978740157481
0
LINE
8
BLACK
6
CONTINUOUS
10
4.5426288188976374
20
-4.1520978740157481
11
4.5407017716535432
21
-4.1487600787401577
0
LINE
8
BLACK
6
CONTINUOUS
10
4.5407017716535432
20
-4.1487600787401577
11
4.5397042519685042
21
-4.1450372834645668
0
LINE
8
BLACK
6
CONTINUOUS
10
4.5397042519685042
20
-4.1450372834645668
11
4.5395779527559057
21
-4.1431102362204726
0
LINE
8
BLACK
6
CONTINUOUS
10
4.5395779527559057
20
-4.1431102362204726
11
4.5395779527559057
21
-4.0860236220472439
0
LINE
8
BLACK
6
CONTINUOUS
10
4.5395779527559057
20
-4.0860236220472439
11
4.5397042519685042
21
-4.0840965748031497
0
LINE
8
BLACK
6
CONTINUOUS
10
4.5397042519685042
20
-4.0840965748031497
11
4.5407017716535432
21
-4.0803737795275588
0
LINE
8
BLACK
6
CONTINUOUS
10
4.5407017716535432
20
-4.0803737795275588
11
4.5426288188976374
21
-4.0770359842519683
0
LINE
8
BLACK
6
CONTINUOUS
10
4.5426288188976374
20
-4.0770359842519683
11
4.5453540944881885
21
-4.0743107086614172
0
LINE
8
BLACK
6
CONTINUOUS
10
4.5453540944881885
20
-4.0743107086614172
11
4.5486918897637798
21
-4.072383661417323
0
LINE
8
BLACK
6
CONTINUOUS
10
4.5486918897637798
20
-4.072383661417323
11
4.5524146850393699
21
-4.0713861417322832
0
LINE
8
BLACK
6
CONTINUOUS
10
4.5524146850393699
20
-4.0713861417322832
11
4.5562687795275592
21
-4.0713861417322832
0
LINE
8
BLACK
6
CONTINUOUS
10
4.5562687795275592
20
-4.0713861417322832
11
4.5599915748031492
21
-4.072383661417323
0
LINE
8
BLACK
6
CONTINUOUS
10
4.5914876377952751
20
-4.072383661417323
11
4.5948254330708664
21
-4.0743107086614172
0
LINE
8
BLACK
6
CONTINUOUS
10
4.5948254330708664
20
-4.0743107086614172
11
4.5975507086614176
21
-4.0770359842519683
0
LINE
8
BLACK
6
CONTINUOUS
10
4.5975507086614176
20
-4.0770359842519683
11
4.5994777559055118
21
-4.0803737795275588
0
LINE
8
BLACK
6
CONTINUOUS
10
4.5994777559055118
20
-4.0803737795275588
11
4.6004752755905507
21
-4.0840965748031497
0
LINE
8
BLACK
6
CONTINUOUS
10
4.6004752755905507
20
-4.0840965748031497
11
4.6006015748031492
21
-4.0860236220472439
0
LINE
8
BLACK
6
CONTINUOUS
10
4.6006015748031492
20
-4.0860236220472439
11
4.6006015748031492
21
-4.1431102362204726
0
LINE
8
BLACK
6
CONTINUOUS
10
4.6006015748031492
20
-4.1431102362204726
11
4.6004752755905507
21
-4.1450372834645668
0
LINE
8
BLACK
6
CONTINUOUS
10
4.6004752755905507
20
-4.1450372834645668
11
4.5994777559055118
21
-4.1487600787401577
0
LINE
8
BLACK
6
CONTINUOUS
10
4.5994777559055118
20
-4.1487600787401577
11
4.5975507086614176
21
-4.1520978740157481
0
LINE
8
BLACK
6
CONTINUOUS
10
4.5975507086614176
20
-4.1520978740157481
11
4.5948254330708664
21
-4.1548231496062993
0
LINE
8
BLACK
6
CONTINUOUS
10
4.5948254330708664
20
-4.1548231496062993
11
4.5914876377952751
21
-4.1567501968503935
0
LINE
8
BLACK
6
CONTINUOUS
10
4.5914876377952751
20
-4.1567501968503935
11
4.5877648425196851
21
-4.1577477165354333
0
LINE
8
BLACK
6
CONTINUOUS
10
4.5877648425196851
20
-4.1577477165354333
11
4.5839107480314958
21
-4.1577477165354333
0
LINE
8
BLACK
6
CONTINUOUS
10
4.5839107480314958
20
-4.1577477165354333
11
4.5801879527559057
21
-4.1567501968503935
0
LINE
8
BLACK
6
CONTINUOUS
10
4.5801879527559057
20
-4.1567501968503935
11
4.5768501574803144
21
-4.1548231496062993
0
LINE
8
BLACK
6
CONTINUOUS
10
4.5768501574803144
20
-4.1548231496062993
11
4.5741248818897633
21
-4.1520978740157481
0
LINE
8
BLACK
6
CONTINUOUS
10
4.5741248818897633
20
-4.1520978740157481
11
4.5721978346456691
21
-4.1487600787401577
0
LINE
8
BLACK
6
CONTINUOUS
10
4.5721978346456691
20
-4.1487600787401577
11
4.5712003149606302
21
-4.1450372834645668
0
LINE
8
BLACK
6
CONTINUOUS
10
4.5712003149606302
20
-4.1450372834645668
11
4.5710740157480316
21
-4.1431102362204726
0
LINE
8
BLACK
6
CONTINUOUS
10
4.5710740157480316
20
-4.1431102362204726
11
4.5710740157480316
21
-4.0860236220472439
0
LINE
8
BLACK
6
CONTINUOUS
10
4.5710740157480316
20
-4.0860236220472439
11
4.5712003149606302
21
-4.0840965748031497
0
LINE
8
BLACK
6
CONTINUOUS
10
4.5712003149606302
20
-4.0840965748031497
11
4.5721978346456691
21
-4.0803737795275588
0
LINE
8
BLACK
6
CONTINUOUS
10
4.5721978346456691
20
-4.0803737795275588
11
4.5741248818897633
21
-4.0770359842519683
0
LINE
8
BLACK
6
CONTINUOUS
10
4.5741248818897633
20
-4.0770359842519683
11
4.5768501574803144
21
-4.0743107086614172
0
LINE
8
BLACK
6
CONTINUOUS
10
4.5768501574803144
20
-4.0743107086614172
11
4.5801879527559057
21
-4.072383661417323
0
LINE
8
BLACK
6
CONTINUOUS
10
4.5801879527559057
20
-4.072383661417323
11
4.5839107480314958
21
-4.0713861417322832
0
LINE
8
BLACK
6
CONTINUOUS
10
4.5839107480314958
20
-4.0713861417322832
11
4.5877648425196851
21
-4.0713861417322832
0
LINE
8
BLACK
6
CONTINUOUS
10
4.5877648425196851
20
-4.0713861417322832
11
4.5914876377952751
21
-4.072383661417323
0
LINE
8
BLACK
6
CONTINUOUS
10
4.6229837007874011
20
-4.072383661417323
11
4.6263214960629924
21
-4.0743107086614172
0
LINE
8
BLACK
6
CONTINUOUS
10
4.6263214960629924
20
-4.0743107086614172
11
4.6290467716535435
21
-4.0770359842519683
0
LINE
8
BLACK
6
CONTINUOUS
10
4.6290467716535435
20
-4.0770359842519683
11
4.6309738188976377
21
-4.0803737795275588
0
LINE
8
BLACK
6
CONTINUOUS
10
4.6309738188976377
20
-4.0803737795275588
11
4.6319713385826766
21
-4.0840965748031497
0
LINE
8
BLACK
6
CONTINUOUS
10
4.6319713385826766
20
-4.0840965748031497
11
4.6320976377952752
21
-4.0860236220472439
0
LINE
8
BLACK
6
CONTINUOUS
10
4.6320976377952752
20
-4.0860236220472439
11
4.6320976377952752
21
-4.1431102362204726
0
LINE
8
BLACK
6
CONTINUOUS
10
4.6320976377952752
20
-4.1431102362204726
11
4.6319713385826766
21
-4.1450372834645668
0
LINE
8
BLACK
6
CONTINUOUS
10
4.6319713385826766
20
-4.1450372834645668
11
4.6309738188976377
21
-4.1487600787401577
0
LINE
8
BLACK
6
CONTINUOUS
10
4.6309738188976377
20
-4.1487600787401577
11
4.6290467716535435
21
-4.1520978740157481
0
LINE
8
BLACK
6
CONTINUOUS
10
4.6290467716535435
20
-4.1520978740157481
11
4.6263214960629924
21
-4.1548231496062993
0
LINE
8
BLACK
6
CONTINUOUS
10
4.6263214960629924
20
-4.1548231496062993
11
4.6229837007874011
21
-4.1567501968503935
0
LINE
8
BLACK
6
CONTINUOUS
10
4.6229837007874011
20
-4.1567501968503935
11
4.619260905511811
21
-4.1577477165354333
0
LINE
8
BLACK
6
CONTINUOUS
10
4.619260905511811
20
-4.1577477165354333
11
4.6154068110236217
21
-4.1577477165354333
0
LINE
8
BLACK
6
CONTINUOUS
10
4.6154068110236217
20
-4.1577477165354333
11
4.6116840157480317
21
-4.1567501968503935
0
LINE
8
BLACK
6
CONTINUOUS
10
4.6116840157480317
20
-4.1567501968503935
11
4.6083462204724412
21
-4.1548231496062993
0
LINE
8
BLACK
6
CONTINUOUS
10
4.6083462204724412
20
-4.1548231496062993
11
4.6056209448818892
21
-4.1520978740157481
0
LINE
8
BLACK
6
CONTINUOUS
10
4.6056209448818892
20
-4.1520978740157481
11
4.603693897637795
21
-4.1487600787401577
0
LINE
8
BLACK
6
CONTINUOUS
10
4.603693897637795
20
-4.1487600787401577
11
4.6026963779527561
21
-4.1450372834645668
0
LINE
8
BLACK
6
CONTINUOUS
10
4.6026963779527561
20
-4.1450372834645668
11
4.6025700787401576
21
-4.1431102362204726
0
LINE
8
BLACK
6
CONTINUOUS
10
4.6025700787401576
20
-4.1431102362204726
11
4.6025700787401576
21
-4.0860236220472439
0
LINE
8
BLACK
6
CONTINUOUS
10
4.6025700787401576
20
-4.0860236220472439
11
4.6026963779527561
21
-4.0840965748031497
0
LINE
8
BLACK
6
CONTINUOUS
10
4.6026963779527561
20
-4.0840965748031497
11
4.603693897637795
21
-4.0803737795275588
0
LINE
8
BLACK
6
CONTINUOUS
10
4.603693897637795
20
-4.0803737795275588
11
4.6056209448818892
21
-4.0770359842519683
0
LINE
8
BLACK
6
CONTINUOUS
10
4.6056209448818892
20
-4.0770359842519683
11
4.6083462204724412
21
-4.0743107086614172
0
LINE
8
BLACK
6
CONTINUOUS
10
4.6083462204724412
20
-4.0743107086614172
11
4.6116840157480317
21
-4.072383661417323
0
LINE
8
BLACK
6
CONTINUOUS
10
4.6116840157480317
20
-4.072383661417323
11
4.6154068110236217
21
-4.0713861417322832
0
LINE
8
BLACK
6
CONTINUOUS
10
4.6154068110236217
20
-4.0713861417322832
11
4.619260905511811
21
-4.0713861417322832
0
LINE
8
BLACK
6
CONTINUOUS
10
4.619260905511811
20
-4.0713861417322832
11
4.6229837007874011
21
-4.072383661417323
0
LINE
8
BLACK
6
CONTINUOUS
10
4.6544797637795279
20
-4.072383661417323
11
4.6578175590551183
21
-4.0743107086614172
0
LINE
8
BLACK
6
CONTINUOUS
10
4.6578175590551183
20
-4.0743107086614172
11
4.6605428346456694
21
-4.0770359842519683
0
LINE
8
BLACK
6
CONTINUOUS
10
4.6605428346456694
20
-4.0770359842519683
11
4.6624698818897636
21
-4.0803737795275588
0
LINE
8
BLACK
6
CONTINUOUS
10
4.6624698818897636
20
-4.0803737795275588
11
4.6634674015748034
21
-4.0840965748031497
0
LINE
8
BLACK
6
CONTINUOUS
10
4.6634674015748034
20
-4.0840965748031497
11
4.6635937007874011
21
-4.0860236220472439
0
LINE
8
BLACK
6
CONTINUOUS
10
4.6635937007874011
20
-4.0860236220472439
11
4.6635937007874011
21
-4.1431102362204726
0
LINE
8
BLACK
6
CONTINUOUS
10
4.6635937007874011
20
-4.1431102362204726
11
4.6634674015748034
21
-4.1450372834645668
0
LINE
8
BLACK
6
CONTINUOUS
10
4.6634674015748034
20
-4.1450372834645668
11
4.6624698818897636
21
-4.1487600787401577
0
LINE
8
BLACK
6
CONTINUOUS
10
4.6624698818897636
20
-4.1487600787401577
11
4.6605428346456694
21
-4.1520978740157481
0
LINE
8
BLACK
6
CONTINUOUS
10
4.6605428346456694
20
-4.1520978740157481
11
4.6578175590551183
21
-4.1548231496062993
0
LINE
8
BLACK
6
CONTINUOUS
10
4.6578175590551183
20
-4.1548231496062993
11
4.6544797637795279
21
-4.1567501968503935
0
LINE
8
BLACK
6
CONTINUOUS
10
4.6544797637795279
20
-4.1567501968503935
11
4.6507569685039369
21
-4.1577477165354333
0
LINE
8
BLACK
6
CONTINUOUS
10
4.6507569685039369
20
-4.1577477165354333
11
4.6469028740157476
21
-4.1577477165354333
0
LINE
8
BLACK
6
CONTINUOUS
10
4.6469028740157476
20
-4.1577477165354333
11
4.6431800787401576
21
-4.1567501968503935
0
LINE
8
BLACK
6
CONTINUOUS
10
4.6431800787401576
20
-4.1567501968503935
11
4.6398422834645672
21
-4.1548231496062993
0
LINE
8
BLACK
6
CONTINUOUS
10
4.6398422834645672
20
-4.1548231496062993
11
4.637117007874016
21
-4.1520978740157481
0
LINE
8
BLACK
6
CONTINUOUS
10
4.637117007874016
20
-4.1520978740157481
11
4.6351899606299209
21
-4.1487600787401577
0
LINE
8
BLACK
6
CONTINUOUS
10
4.6351899606299209
20
-4.1487600787401577
11
4.634192440944882
21
-4.1450372834645668
0
LINE
8
BLACK
6
CONTINUOUS
10
4.634192440944882
20
-4.1450372834645668
11
4.6340661417322835
21
-4.1431102362204726
0
LINE
8
BLACK
6
CONTINUOUS
10
4.6340661417322835
20
-4.1431102362204726
11
4.6340661417322835
21
-4.0860236220472439
0
LINE
8
BLACK
6
CONTINUOUS
10
4.6340661417322835
20
-4.0860236220472439
11
4.634192440944882
21
-4.0840965748031497
0
LINE
8
BLACK
6
CONTINUOUS
10
4.634192440944882
20
-4.0840965748031497
11
4.6351899606299209
21
-4.0803737795275588
0
LINE
8
BLACK
6
CONTINUOUS
10
4.6351899606299209
20
-4.0803737795275588
11
4.637117007874016
21
-4.0770359842519683
0
LINE
8
BLACK
6
CONTINUOUS
10
4.637117007874016
20
-4.0770359842519683
11
4.6398422834645672
21
-4.0743107086614172
0
LINE
8
BLACK
6
CONTINUOUS
10
4.6398422834645672
20
-4.0743107086614172
11
4.6431800787401576
21
-4.072383661417323
0
LINE
8
BLACK
6
CONTINUOUS
10
4.6431800787401576
20
-4.072383661417323
11
4.6469028740157476
21
-4.0713861417322832
0
LINE
8
BLACK
6
CONTINUOUS
10
4.6469028740157476
20
-4.0713861417322832
11
4.6507569685039369
21
-4.0713861417322832
0
LINE
8
BLACK
6
CONTINUOUS
10
4.6507569685039369
20
-4.0713861417322832
11
4.6544797637795279
21
-4.072383661417323
0
LINE
8
BLACK
6
CONTINUOUS
10
4.6859758267716538
20
-4.072383661417323
11
4.6893136220472442
21
-4.0743107086614172
0
LINE
8
BLACK
6
CONTINUOUS
10
4.6893136220472442
20
-4.0743107086614172
11
4.6920388976377954
21
-4.0770359842519683
0
LINE
8
BLACK
6
CONTINUOUS
10
4.6920388976377954
20
-4.0770359842519683
11
4.6939659448818896
21
-4.0803737795275588
0
LINE
8
BLACK
6
CONTINUOUS
10
4.6939659448818896
20
-4.0803737795275588
11
4.6949634645669294
21
-4.0840965748031497
0
LINE
8
BLACK
6
CONTINUOUS
10
4.6949634645669294
20
-4.0840965748031497
11
4.695089763779527
21
-4.0860236220472439
0
LINE
8
BLACK
6
CONTINUOUS
10
4.695089763779527
20
-4.0860236220472439
11
4.695089763779527
21
-4.1431102362204726
0
LINE
8
BLACK
6
CONTINUOUS
10
4.695089763779527
20
-4.1431102362204726
11
4.6949634645669294
21
-4.1450372834645668
0
LINE
8
BLACK
6
CONTINUOUS
10
4.6949634645669294
20
-4.1450372834645668
11
4.6939659448818896
21
-4.1487600787401577
0
LINE
8
BLACK
6
CONTINUOUS
10
4.6939659448818896
20
-4.1487600787401577
11
4.6920388976377954
21
-4.1520978740157481
0
LINE
8
BLACK
6
CONTINUOUS
10
4.6920388976377954
20
-4.1520978740157481
11
4.6893136220472442
21
-4.1548231496062993
0
LINE
8
BLACK
6
CONTINUOUS
10
4.6893136220472442
20
-4.1548231496062993
11
4.6859758267716538
21
-4.1567501968503935
0
LINE
8
BLACK
6
CONTINUOUS
10
4.6859758267716538
20
-4.1567501968503935
11
4.6822530314960629
21
-4.1577477165354333
0
LINE
8
BLACK
6
CONTINUOUS
10
4.6822530314960629
20
-4.1577477165354333
11
4.6783989370078736
21
-4.1577477165354333
0
LINE
8
BLACK
6
CONTINUOUS
10
4.6783989370078736
20
-4.1577477165354333
11
4.6746761417322835
21
-4.1567501968503935
0
LINE
8
BLACK
6
CONTINUOUS
10
4.6746761417322835
20
-4.1567501968503935
11
4.6713383464566931
21
-4.1548231496062993
0
LINE
8
BLACK
6
CONTINUOUS
10
4.6713383464566931
20
-4.1548231496062993
11
4.668613070866142
21
-4.1520978740157481
0
LINE
8
BLACK
6
CONTINUOUS
10
4.668613070866142
20
-4.1520978740157481
11
4.6666860236220469
21
-4.1487600787401577
0
LINE
8
BLACK
6
CONTINUOUS
10
4.6666860236220469
20
-4.1487600787401577
11
4.665688503937008
21
-4.1450372834645668
0
LINE
8
BLACK
6
CONTINUOUS
10
4.665688503937008
20
-4.1450372834645668
11
4.6655622047244094
21
-4.1431102362204726
0
LINE
8
BLACK
6
CONTINUOUS
10
4.6655622047244094
20
-4.1431102362204726
11
4.6655622047244094
21
-4.0860236220472439
0
LINE
8
BLACK
6
CONTINUOUS
10
4.6655622047244094
20
-4.0860236220472439
11
4.665688503937008
21
-4.0840965748031497
0
LINE
8
BLACK
6
CONTINUOUS
10
4.665688503937008
20
-4.0840965748031497
11
4.6666860236220469
21
-4.0803737795275588
0
LINE
8
BLACK
6
CONTINUOUS
10
4.6666860236220469
20
-4.0803737795275588
11
4.668613070866142
21
-4.0770359842519683
0
LINE
8
BLACK
6
CONTINUOUS
10
4.668613070866142
20
-4.0770359842519683
11
4.6713383464566931
21
-4.0743107086614172
0
LINE
8
BLACK
6
CONTINUOUS
10
4.6713383464566931
20
-4.0743107086614172
11
4.6746761417322835
21
-4.072383661417323
0
LINE
8
BLACK
6
CONTINUOUS
10
4.6746761417322835
20
-4.072383661417323
11
4.6783989370078736
21
-4.0713861417322832
0
LINE
8
BLACK
6
CONTINUOUS
10
4.6783989370078736
20
-4.0713861417322832
11
4.6822530314960629
21
-4.0713861417322832
0
LINE
8
BLACK
6
CONTINUOUS
10
4.6822530314960629
20
-4.0713861417322832
11
4.6859758267716538
21
-4.072383661417323
0
LINE
8
BLACK
6
CONTINUOUS
10
4.7174718897637797
20
-4.072383661417323
11
4.7208096850393702
21
-4.0743107086614172
0
LINE
8
BLACK
6
CONTINUOUS
10
4.7208096850393702
20
-4.0743107086614172
11
4.7235349606299213
21
-4.0770359842519683
0
LINE
8
BLACK
6
CONTINUOUS
10
4.7235349606299213
20
-4.0770359842519683
11
4.7254620078740155
21
-4.0803737795275588
0
LINE
8
BLACK
6
CONTINUOUS
10
4.7254620078740155
20
-4.0803737795275588
11
4.7264595275590553
21
-4.0840965748031497
0
LINE
8
BLACK
6
CONTINUOUS
10
4.7264595275590553
20
-4.0840965748031497
11
4.7265858267716538
21
-4.0860236220472439
0
LINE
8
BLACK
6
CONTINUOUS
10
4.7265858267716538
20
-4.0860236220472439
11
4.7265858267716538
21
-4.1431102362204726
0
LINE
8
BLACK
6
CONTINUOUS
10
4.7265858267716538
20
-4.1431102362204726
11
4.7264595275590553
21
-4.1450372834645668
0
LINE
8
BLACK
6
CONTINUOUS
10
4.7264595275590553
20
-4.1450372834645668
11
4.7254620078740155
21
-4.1487600787401577
0
LINE
8
BLACK
6
CONTINUOUS
10
4.7254620078740155
20
-4.1487600787401577
11
4.7235349606299213
21
-4.1520978740157481
0
LINE
8
BLACK
6
CONTINUOUS
10
4.7235349606299213
20
-4.1520978740157481
11
4.7208096850393702
21
-4.1548231496062993
0
LINE
8
BLACK
6
CONTINUOUS
10
4.7208096850393702
20
-4.1548231496062993
11
4.7174718897637797
21
-4.1567501968503935
0
LINE
8
BLACK
6
CONTINUOUS
10
4.7174718897637797
20
-4.1567501968503935
11
4.7137490944881888
21
-4.1577477165354333
0
LINE
8
BLACK
6
CONTINUOUS
10
4.7137490944881888
20
-4.1577477165354333
11
4.7098949999999995
21
-4.1577477165354333
0
LINE
8
BLACK
6
CONTINUOUS
10
4.7098949999999995
20
-4.1577477165354333
11
4.7061722047244094
21
-4.1567501968503935
0
LINE
8
BLACK
6
CONTINUOUS
10
4.7061722047244094
20
-4.1567501968503935
11
4.702834409448819
21
-4.1548231496062993
0
LINE
8
BLACK
6
CONTINUOUS
10
4.702834409448819
20
-4.1548231496062993
11
4.7001091338582679
21
-4.1520978740157481
0
LINE
8
BLACK
6
CONTINUOUS
10
4.7001091338582679
20
-4.1520978740157481
11
4.6981820866141728
21
-4.1487600787401577
0
LINE
8
BLACK
6
CONTINUOUS
10
4.6981820866141728
20
-4.1487600787401577
11
4.6971845669291339
21
-4.1450372834645668
0
LINE
8
BLACK
6
CONTINUOUS
10
4.6971845669291339
20
-4.1450372834645668
11
4.6970582677165353
21
-4.1431102362204726
0
LINE
8
BLACK
6
CONTINUOUS
10
4.6970582677165353
20
-4.1431102362204726
11
4.6970582677165353
21
-4.0860236220472439
0
LINE
8
BLACK
6
CONTINUOUS
10
4.6970582677165353
20
-4.0860236220472439
11
4.6971845669291339
21
-4.0840965748031497
0
LINE
8
BLACK
6
CONTINUOUS
10
4.6971845669291339
20
-4.0840965748031497
11
4.6981820866141728
21
-4.0803737795275588
0
LINE
8
BLACK
6
CONTINUOUS
10
4.6981820866141728
20
-4.0803737795275588
11
4.7001091338582679
21
-4.0770359842519683
0
LINE
8
BLACK
6
CONTINUOUS
10
4.7001091338582679
20
-4.0770359842519683
11
4.702834409448819
21
-4.0743107086614172
0
LINE
8
BLACK
6
CONTINUOUS
10
4.702834409448819
20
-4.0743107086614172
11
4.7061722047244094
21
-4.072383661417323
0
LINE
8
BLACK
6
CONTINUOUS
10
4.7061722047244094
20
-4.072383661417323
11
4.7098949999999995
21
-4.0713861417322832
0
LINE
8
BLACK
6
CONTINUOUS
10
4.7098949999999995
20
-4.0713861417322832
11
4.7137490944881888
21
-4.0713861417322832
0
LINE
8
BLACK
6
CONTINUOUS
10
4.7137490944881888
20
-4.0713861417322832
11
4.7174718897637797
21
-4.072383661417323
0
LINE
8
BLACK
6
CONTINUOUS
10
4.7489679527559057
20
-4.072383661417323
11
4.7523057480314961
21
-4.0743107086614172
0
LINE
8
BLACK
6
CONTINUOUS
10
4.7523057480314961
20
-4.0743107086614172
11
4.7550310236220472
21
-4.0770359842519683
0
LINE
8
BLACK
6
CONTINUOUS
10
4.7550310236220472
20
-4.0770359842519683
11
4.7569580708661414
21
-4.0803737795275588
0
LINE
8
BLACK
6
CONTINUOUS
10
4.7569580708661414
20
-4.0803737795275588
11
4.7579555905511812
21
-4.0840965748031497
0
LINE
8
BLACK
6
CONTINUOUS
10
4.7579555905511812
20
-4.0840965748031497
11
4.7580818897637798
21
-4.0860236220472439
0
LINE
8
BLACK
6
CONTINUOUS
10
4.7580818897637798
20
-4.0860236220472439
11
4.7580818897637798
21
-4.1431102362204726
0
LINE
8
BLACK
6
CONTINUOUS
10
4.7580818897637798
20
-4.1431102362204726
11
4.7579555905511812
21
-4.1450372834645668
0
LINE
8
BLACK
6
CONTINUOUS
10
4.7579555905511812
20
-4.1450372834645668
11
4.7569580708661414
21
-4.1487600787401577
0
LINE
8
BLACK
6
CONTINUOUS
10
4.7569580708661414
20
-4.1487600787401577
11
4.7550310236220472
21
-4.1520978740157481
0
LINE
8
BLACK
6
CONTINUOUS
10
4.7550310236220472
20
-4.1520978740157481
11
4.7523057480314961
21
-4.1548231496062993
0
LINE
8
BLACK
6
CONTINUOUS
10
4.7523057480314961
20
-4.1548231496062993
11
4.7489679527559057
21
-4.1567501968503935
0
LINE
8
BLACK
6
CONTINUOUS
10
4.7489679527559057
20
-4.1567501968503935
11
4.7452451574803147
21
-4.1577477165354333
0
LINE
8
BLACK
6
CONTINUOUS
10
4.7452451574803147
20
-4.1577477165354333
11
4.7413910629921263
21
-4.1577477165354333
0
LINE
8
BLACK
6
CONTINUOUS
10
4.7413910629921263
20
-4.1577477165354333
11
4.7376682677165354
21
-4.1567501968503935
0
LINE
8
BLACK
6
CONTINUOUS
10
4.7376682677165354
20
-4.1567501968503935
11
4.734330472440945
21
-4.1548231496062993
0
LINE
8
BLACK
6
CONTINUOUS
10
4.734330472440945
20
-4.1548231496062993
11
4.7316051968503938
21
-4.1520978740157481
0
LINE
8
BLACK
6
CONTINUOUS
10
4.7316051968503938
20
-4.1520978740157481
11
4.7296781496062987
21
-4.1487600787401577
0
LINE
8
BLACK
6
CONTINUOUS
10
4.7296781496062987
20
-4.1487600787401577
11
4.7286806299212598
21
-4.1450372834645668
0
LINE
8
BLACK
6
CONTINUOUS
10
4.7286806299212598
20
-4.1450372834645668
11
4.7285543307086613
21
-4.1431102362204726
0
LINE
8
BLACK
6
CONTINUOUS
10
4.7285543307086613
20
-4.1431102362204726
11
4.7285543307086613
21
-4.0860236220472439
0
LINE
8
BLACK
6
CONTINUOUS
10
4.7285543307086613
20
-4.0860236220472439
11
4.7286806299212598
21
-4.0840965748031497
0
LINE
8
BLACK
6
CONTINUOUS
10
4.7286806299212598
20
-4.0840965748031497
11
4.7296781496062987
21
-4.0803737795275588
0
LINE
8
BLACK
6
CONTINUOUS
10
4.7296781496062987
20
-4.0803737795275588
11
4.7316051968503938
21
-4.0770359842519683
0
LINE
8
BLACK
6
CONTINUOUS
10
4.7316051968503938
20
-4.0770359842519683
11
4.734330472440945
21
-4.0743107086614172
0
LINE
8
BLACK
6
CONTINUOUS
10
4.734330472440945
20
-4.0743107086614172
11
4.7376682677165354
21
-4.072383661417323
0
LINE
8
BLACK
6
CONTINUOUS
10
4.7376682677165354
20
-4.072383661417323
11
4.7413910629921263
21
-4.0713861417322832
0
LINE
8
BLACK
6
CONTINUOUS
10
4.7413910629921263
20
-4.0713861417322832
11
4.7452451574803147
21
-4.0713861417322832
0
LINE
8
BLACK
6
CONTINUOUS
10
4.7452451574803147
20
-4.0713861417322832
11
4.7489679527559057
21
-4.072383661417323
0
LINE
8
BLACK
6
CONTINUOUS
10
4.7804640157480316
20
-4.072383661417323
11
4.783801811023622
21
-4.0743107086614172
0
LINE
8
BLACK
6
CONTINUOUS
10
4.783801811023622
20
-4.0743107086614172
11
4.7865270866141731
21
-4.0770359842519683
0
LINE
8
BLACK
6
CONTINUOUS
10
4.7865270866141731
20
-4.0770359842519683
11
4.7884541338582673
21
-4.0803737795275588
0
LINE
8
BLACK
6
CONTINUOUS
10
4.7884541338582673
20
-4.0803737795275588
11
4.7894516535433072
21
-4.0840965748031497
0
LINE
8
BLACK
6
CONTINUOUS
10
4.7894516535433072
20
-4.0840965748031497
11
4.7895779527559057
21
-4.0860236220472439
0
LINE
8
BLACK
6
CONTINUOUS
10
4.7895779527559057
20
-4.0860236220472439
11
4.7895779527559057
21
-4.1431102362204726
0
LINE
8
BLACK
6
CONTINUOUS
10
4.7895779527559057
20
-4.1431102362204726
11
4.7894516535433072
21
-4.1450372834645668
0
LINE
8
BLACK
6
CONTINUOUS
10
4.7894516535433072
20
-4.1450372834645668
11
4.7884541338582673
21
-4.1487600787401577
0
LINE
8
BLACK
6
CONTINUOUS
10
4.7884541338582673
20
-4.1487600787401577
11
4.7865270866141731
21
-4.1520978740157481
0
LINE
8
BLACK
6
CONTINUOUS
10
4.7865270866141731
20
-4.1520978740157481
11
4.783801811023622
21
-4.1548231496062993
0
LINE
8
BLACK
6
CONTINUOUS
10
4.783801811023622
20
-4.1548231496062993
11
4.7804640157480316
21
-4.1567501968503935
0
LINE
8
BLACK
6
CONTINUOUS
10
4.7804640157480316
20
-4.1567501968503935
11
4.7767412204724407
21
-4.1577477165354333
0
LINE
8
BLACK
6
CONTINUOUS
10
4.7767412204724407
20
-4.1577477165354333
11
4.7728871259842522
21
-4.1577477165354333
0
LINE
8
BLACK
6
CONTINUOUS
10
4.7728871259842522
20
-4.1577477165354333
11
4.7691643307086613
21
-4.1567501968503935
0
LINE
8
BLACK
6
CONTINUOUS
10
4.7691643307086613
20
-4.1567501968503935
11
4.7658265354330709
21
-4.1548231496062993
0
LINE
8
BLACK
6
CONTINUOUS
10
4.7658265354330709
20
-4.1548231496062993
11
4.7631012598425198
21
-4.1520978740157481
0
LINE
8
BLACK
6
CONTINUOUS
10
4.7631012598425198
20
-4.1520978740157481
11
4.7611742125984247
21
-4.1487600787401577
0
LINE
8
BLACK
6
CONTINUOUS
10
4.7611742125984247
20
-4.1487600787401577
11
4.7601766929133857
21
-4.1450372834645668
0
LINE
8
BLACK
6
CONTINUOUS
10
4.7601766929133857
20
-4.1450372834645668
11
4.7600503937007872
21
-4.1431102362204726
0
LINE
8
BLACK
6
CONTINUOUS
10
4.7600503937007872
20
-4.1431102362204726
11
4.7600503937007872
21
-4.0860236220472439
0
LINE
8
BLACK
6
CONTINUOUS
10
4.7600503937007872
20
-4.0860236220472439
11
4.7601766929133857
21
-4.0840965748031497
0
LINE
8
BLACK
6
CONTINUOUS
10
4.7601766929133857
20
-4.0840965748031497
11
4.7611742125984247
21
-4.0803737795275588
0
LINE
8
BLACK
6
CONTINUOUS
10
4.7611742125984247
20
-4.0803737795275588
11
4.7631012598425198
21
-4.0770359842519683
0
LINE
8
BLACK
6
CONTINUOUS
10
4.7631012598425198
20
-4.0770359842519683
11
4.7658265354330709
21
-4.0743107086614172
0
LINE
8
BLACK
6
CONTINUOUS
10
4.7658265354330709
20
-4.0743107086614172
11
4.7691643307086613
21
-4.072383661417323
0
LINE
8
BLACK
6
CONTINUOUS
10
4.7691643307086613
20
-4.072383661417323
11
4.7728871259842522
21
-4.0713861417322832
0
LINE
8
BLACK
6
CONTINUOUS
10
4.7728871259842522
20
-4.0713861417322832
11
4.7767412204724407
21
-4.0713861417322832
0
LINE
8
BLACK
6
CONTINUOUS
10
4.7767412204724407
20
-4.0713861417322832
11
4.7804640157480316
21
-4.072383661417323
0
LINE
8
BLACK
6
CONTINUOUS
10
4.8119600787401575
20
-4.072383661417323
11
4.8152978740157479
21
-4.0743107086614172
0
LINE
8
BLACK
6
CONTINUOUS
10
4.8152978740157479
20
-4.0743107086614172
11
4.8180231496062991
21
-4.0770359842519683
0
LINE
8
BLACK
6
CONTINUOUS
10
4.8180231496062991
20
-4.0770359842519683
11
4.8199501968503933
21
-4.0803737795275588
0
LINE
8
BLACK
6
CONTINUOUS
10
4.8199501968503933
20
-4.0803737795275588
11
4.8209477165354331
21
-4.0840965748031497
0
LINE
8
BLACK
6
CONTINUOUS
10
4.8209477165354331
20
-4.0840965748031497
11
4.8210740157480316
21
-4.0860236220472439
0
LINE
8
BLACK
6
CONTINUOUS
10
4.8210740157480316
20
-4.0860236220472439
11
4.8210740157480316
21
-4.1431102362204726
0
LINE
8
BLACK
6
CONTINUOUS
10
4.8210740157480316
20
-4.1431102362204726
11
4.8209477165354331
21
-4.1450372834645668
0
LINE
8
BLACK
6
CONTINUOUS
10
4.8209477165354331
20
-4.1450372834645668
11
4.8199501968503933
21
-4.1487600787401577
0
LINE
8
BLACK
6
CONTINUOUS
10
4.8199501968503933
20
-4.1487600787401577
11
4.8180231496062991
21
-4.1520978740157481
0
LINE
8
BLACK
6
CONTINUOUS
10
4.8180231496062991
20
-4.1520978740157481
11
4.8152978740157479
21
-4.1548231496062993
0
LINE
8
BLACK
6
CONTINUOUS
10
4.8152978740157479
20
-4.1548231496062993
11
4.8119600787401575
21
-4.1567501968503935
0
LINE
8
BLACK
6
CONTINUOUS
10
4.8119600787401575
20
-4.1567501968503935
11
4.8082372834645666
21
-4.1577477165354333
0
LINE
8
BLACK
6
CONTINUOUS
10
4.8082372834645666
20
-4.1577477165354333
11
4.8043831889763782
21
-4.1577477165354333
0
LINE
8
BLACK
6
CONTINUOUS
10
4.8043831889763782
20
-4.1577477165354333
11
4.8006603937007872
21
-4.1567501968503935
0
LINE
8
BLACK
6
CONTINUOUS
10
4.8006603937007872
20
-4.1567501968503935
11
4.7973225984251968
21
-4.1548231496062993
0
LINE
8
BLACK
6
CONTINUOUS
10
4.7973225984251968
20
-4.1548231496062993
11
4.7945973228346457
21
-4.1520978740157481
0
LINE
8
BLACK
6
CONTINUOUS
10
4.7945973228346457
20
-4.1520978740157481
11
4.7926702755905515
21
-4.1487600787401577
0
LINE
8
BLACK
6
CONTINUOUS
10
4.7926702755905515
20
-4.1487600787401577
11
4.7916727559055117
21
-4.1450372834645668
0
LINE
8
BLACK
6
CONTINUOUS
10
4.7916727559055117
20
-4.1450372834645668
11
4.7915464566929131
21
-4.1431102362204726
0
LINE
8
BLACK
6
CONTINUOUS
10
4.7915464566929131
20
-4.1431102362204726
11
4.7915464566929131
21
-4.0860236220472439
0
LINE
8
BLACK
6
CONTINUOUS
10
4.7915464566929131
20
-4.0860236220472439
11
4.7916727559055117
21
-4.0840965748031497
0
LINE
8
BLACK
6
CONTINUOUS
10
4.7916727559055117
20
-4.0840965748031497
11
4.7926702755905515
21
-4.0803737795275588
0
LINE
8
BLACK
6
CONTINUOUS
10
4.7926702755905515
20
-4.0803737795275588
11
4.7945973228346457
21
-4.0770359842519683
0
LINE
8
BLACK
6
CONTINUOUS
10
4.7945973228346457
20
-4.0770359842519683
11
4.7973225984251968
21
-4.0743107086614172
0
LINE
8
BLACK
6
CONTINUOUS
10
4.7973225984251968
20
-4.0743107086614172
11
4.8006603937007872
21
-4.072383661417323
0
LINE
8
BLACK
6
CONTINUOUS
10
4.8006603937007872
20
-4.072383661417323
11
4.8043831889763782
21
-4.0713861417322832
0
LINE
8
BLACK
6
CONTINUOUS
10
4.8043831889763782
20
-4.0713861417322832
11
4.8082372834645666
21
-4.0713861417322832
0
LINE
8
BLACK
6
CONTINUOUS
10
4.8082372834645666
20
-4.0713861417322832
11
4.8119600787401575
21
-4.072383661417323
0
LINE
8
BLACK
6
CONTINUOUS
10
4.8434561417322834
20
-4.072383661417323
11
4.8467939370078739
21
-4.0743107086614172
0
LINE
8
BLACK
6
CONTINUOUS
10
4.8467939370078739
20
-4.0743107086614172
11
4.849519212598425
21
-4.0770359842519683
0
LINE
8
BLACK
6
CONTINUOUS
10
4.849519212598425
20
-4.0770359842519683
11
4.8514462598425192
21
-4.0803737795275588
0
LINE
8
BLACK
6
CONTINUOUS
10
4.8514462598425192
20
-4.0803737795275588
11
4.852443779527559
21
-4.0840965748031497
0
LINE
8
BLACK
6
CONTINUOUS
10
4.852443779527559
20
-4.0840965748031497
11
4.8525700787401576
21
-4.0860236220472439
0
LINE
8
BLACK
6
CONTINUOUS
10
4.8525700787401576
20
-4.0860236220472439
11
4.8525700787401576
21
-4.1431102362204726
0
LINE
8
BLACK
6
CONTINUOUS
10
4.8525700787401576
20
-4.1431102362204726
11
4.852443779527559
21
-4.1450372834645668
0
LINE
8
BLACK
6
CONTINUOUS
10
4.852443779527559
20
-4.1450372834645668
11
4.8514462598425192
21
-4.1487600787401577
0
LINE
8
BLACK
6
CONTINUOUS
10
4.8514462598425192
20
-4.1487600787401577
11
4.849519212598425
21
-4.1520978740157481
0
LINE
8
BLACK
6
CONTINUOUS
10
4.849519212598425
20
-4.1520978740157481
11
4.8467939370078739
21
-4.1548231496062993
0
LINE
8
BLACK
6
CONTINUOUS
10
4.8467939370078739
20
-4.1548231496062993
11
4.8434561417322834
21
-4.1567501968503935
0
LINE
8
BLACK
6
CONTINUOUS
10
4.8434561417322834
20
-4.1567501968503935
11
4.8397333464566925
21
-4.1577477165354333
0
LINE
8
BLACK
6
CONTINUOUS
10
4.8397333464566925
20
-4.1577477165354333
11
4.8358792519685041
21
-4.1577477165354333
0
LINE
8
BLACK
6
CONTINUOUS
10
4.8358792519685041
20
-4.1577477165354333
11
4.8321564566929132
21
-4.1567501968503935
0
LINE
8
BLACK
6
CONTINUOUS
10
4.8321564566929132
20
-4.1567501968503935
11
4.8288186614173227
21
-4.1548231496062993
0
LINE
8
BLACK
6
CONTINUOUS
10
4.8288186614173227
20
-4.1548231496062993
11
4.8260933858267716
21
-4.1520978740157481
0
LINE
8
BLACK
6
CONTINUOUS
10
4.8260933858267716
20
-4.1520978740157481
11
4.8241663385826774
21
-4.1487600787401577
0
LINE
8
BLACK
6
CONTINUOUS
10
4.8241663385826774
20
-4.1487600787401577
11
4.8231688188976376
21
-4.1450372834645668
0
LINE
8
BLACK
6
CONTINUOUS
10
4.8231688188976376
20
-4.1450372834645668
11
4.8230425196850391
21
-4.1431102362204726
0
LINE
8
BLACK
6
CONTINUOUS
10
4.8230425196850391
20
-4.1431102362204726
11
4.8230425196850391
21
-4.0860236220472439
0
LINE
8
BLACK
6
CONTINUOUS
10
4.8230425196850391
20
-4.0860236220472439
11
4.8231688188976376
21
-4.0840965748031497
0
LINE
8
BLACK
6
CONTINUOUS
10
4.8231688188976376
20
-4.0840965748031497
11
4.8241663385826774
21
-4.0803737795275588
0
LINE
8
BLACK
6
CONTINUOUS
10
4.8241663385826774
20
-4.0803737795275588
11
4.8260933858267716
21
-4.0770359842519683
0
LINE
8
BLACK
6
CONTINUOUS
10
4.8260933858267716
20
-4.0770359842519683
11
4.8288186614173227
21
-4.0743107086614172
0
LINE
8
BLACK
6
CONTINUOUS
10
4.8288186614173227
20
-4.0743107086614172
11
4.8321564566929132
21
-4.072383661417323
0
LINE
8
BLACK
6
CONTINUOUS
10
4.8321564566929132
20
-4.072383661417323
11
4.8358792519685041
21
-4.0713861417322832
0
LINE
8
BLACK
6
CONTINUOUS
10
4.8358792519685041
20
-4.0713861417322832
11
4.8397333464566925
21
-4.0713861417322832
0
LINE
8
BLACK
6
CONTINUOUS
10
4.8397333464566925
20
-4.0713861417322832
11
4.8434561417322834
21
-4.072383661417323
0
LINE
8
BLACK
6
CONTINUOUS
10
4.8749522047244094
20
-4.072383661417323
11
4.8782899999999998
21
-4.0743107086614172
0
LINE
8
BLACK
6
CONTINUOUS
10
4.8782899999999998
20
-4.0743107086614172
11
4.8810152755905509
21
-4.0770359842519683
0
LINE
8
BLACK
6
CONTINUOUS
10
4.8810152755905509
20
-4.0770359842519683
11
4.8829423228346451
21
-4.0803737795275588
0
LINE
8
BLACK
6
CONTINUOUS
10
4.8829423228346451
20
-4.0803737795275588
11
4.8839398425196849
21
-4.0840965748031497
0
LINE
8
BLACK
6
CONTINUOUS
10
4.8839398425196849
20
-4.0840965748031497
11
4.8840661417322835
21
-4.0860236220472439
0
LINE
8
BLACK
6
CONTINUOUS
10
4.8840661417322835
20
-4.0860236220472439
11
4.8840661417322835
21
-4.1431102362204726
0
LINE
8
BLACK
6
CONTINUOUS
10
4.8840661417322835
20
-4.1431102362204726
11
4.8839398425196849
21
-4.1450372834645668
0
LINE
8
BLACK
6
CONTINUOUS
10
4.8839398425196849
20
-4.1450372834645668
11
4.8829423228346451
21
-4.1487600787401577
0
LINE
8
BLACK
6
CONTINUOUS
10
4.8829423228346451
20
-4.1487600787401577
11
4.8810152755905509
21
-4.1520978740157481
0
LINE
8
BLACK
6
CONTINUOUS
10
4.8810152755905509
20
-4.1520978740157481
11
4.8782899999999998
21
-4.1548231496062993
0
LINE
8
BLACK
6
CONTINUOUS
10
4.8782899999999998
20
-4.1548231496062993
11
4.8749522047244094
21
-4.1567501968503935
0
LINE
8
BLACK
6
CONTINUOUS
10
4.8749522047244094
20
-4.1567501968503935
11
4.8712294094488184
21
-4.1577477165354333
0
LINE
8
BLACK
6
CONTINUOUS
10
4.8712294094488184
20
-4.1577477165354333
11
4.86737531496063
21
-4.1577477165354333
0
LINE
8
BLACK
6
CONTINUOUS
10
4.86737531496063
20
-4.1577477165354333
11
4.8636525196850391
21
-4.1567501968503935
0
LINE
8
BLACK
6
CONTINUOUS
10
4.8636525196850391
20
-4.1567501968503935
11
4.8603147244094487
21
-4.1548231496062993
0
LINE
8
BLACK
6
CONTINUOUS
10
4.8603147244094487
20
-4.1548231496062993
11
4.8575894488188975
21
-4.1520978740157481
0
LINE
8
BLACK
6
CONTINUOUS
10
4.8575894488188975
20
-4.1520978740157481
11
4.8556624015748033
21
-4.1487600787401577
0
LINE
8
BLACK
6
CONTINUOUS
10
4.8556624015748033
20
-4.1487600787401577
11
4.8546648818897635
21
-4.1450372834645668
0
LINE
8
BLACK
6
CONTINUOUS
10
4.8546648818897635
20
-4.1450372834645668
11
4.854538582677165
21
-4.1431102362204726
0
LINE
8
BLACK
6
CONTINUOUS
10
4.854538582677165
20
-4.1431102362204726
11
4.854538582677165
21
-4.0860236220472439
0
LINE
8
BLACK
6
CONTINUOUS
10
4.854538582677165
20
-4.0860236220472439
11
4.8546648818897635
21
-4.0840965748031497
0
LINE
8
BLACK
6
CONTINUOUS
10
4.8546648818897635
20
-4.0840965748031497
11
4.8556624015748033
21
-4.0803737795275588
0
LINE
8
BLACK
6
CONTINUOUS
10
4.8556624015748033
20
-4.0803737795275588
11
4.8575894488188975
21
-4.0770359842519683
0
LINE
8
BLACK
6
CONTINUOUS
10
4.8575894488188975
20
-4.0770359842519683
11
4.8603147244094487
21
-4.0743107086614172
0
LINE
8
BLACK
6
CONTINUOUS
10
4.8603147244094487
20
-4.0743107086614172
11
4.8636525196850391
21
-4.072383661417323
0
LINE
8
BLACK
6
CONTINUOUS
10
4.8636525196850391
20
-4.072383661417323
11
4.86737531496063
21
-4.0713861417322832
0
LINE
8
BLACK
6
CONTINUOUS
10
4.86737531496063
20
-4.0713861417322832
11
4.8712294094488184
21
-4.0713861417322832
0
LINE
8
BLACK
6
CONTINUOUS
10
4.8712294094488184
20
-4.0713861417322832
11
4.8749522047244094
21
-4.072383661417323
0
LINE
8
BLACK
6
CONTINUOUS
10
4.9064482677165353
20
-4.072383661417323
11
4.9097860629921257
21
-4.0743107086614172
0
LINE
8
BLACK
6
CONTINUOUS
10
4.9097860629921257
20
-4.0743107086614172
11
4.9125113385826769
21
-4.0770359842519683
0
LINE
8
BLACK
6
CONTINUOUS
10
4.9125113385826769
20
-4.0770359842519683
11
4.9144383858267719
21
-4.0803737795275588
0
LINE
8
BLACK
6
CONTINUOUS
10
4.9144383858267719
20
-4.0803737795275588
11
4.9154359055118109
21
-4.0840965748031497
0
LINE
8
BLACK
6
CONTINUOUS
10
4.9154359055118109
20
-4.0840965748031497
11
4.9155622047244094
21
-4.0860236220472439
0
LINE
8
BLACK
6
CONTINUOUS
10
4.9155622047244094
20
-4.0860236220472439
11
4.9155622047244094
21
-4.1431102362204726
0
LINE
8
BLACK
6
CONTINUOUS
10
4.9155622047244094
20
-4.1431102362204726
11
4.9154359055118109
21
-4.1450372834645668
0
LINE
8
BLACK
6
CONTINUOUS
10
4.9154359055118109
20
-4.1450372834645668
11
4.9144383858267719
21
-4.1487600787401577
0
LINE
8
BLACK
6
CONTINUOUS
10
4.9144383858267719
20
-4.1487600787401577
11
4.9125113385826769
21
-4.1520978740157481
0
LINE
8
BLACK
6
CONTINUOUS
10
4.9125113385826769
20
-4.1520978740157481
11
4.9097860629921257
21
-4.1548231496062993
0
LINE
8
BLACK
6
CONTINUOUS
10
4.9097860629921257
20
-4.1548231496062993
11
4.9064482677165353
21
-4.1567501968503935
0
LINE
8
BLACK
6
CONTINUOUS
10
4.9064482677165353
20
-4.1567501968503935
11
4.9027254724409444
21
-4.1577477165354333
0
LINE
8
BLACK
6
CONTINUOUS
10
4.9027254724409444
20
-4.1577477165354333
11
4.898871377952756
21
-4.1577477165354333
0
LINE
8
BLACK
6
CONTINUOUS
10
4.898871377952756
20
-4.1577477165354333
11
4.895148582677165
21
-4.1567501968503935
0
LINE
8
BLACK
6
CONTINUOUS
10
4.895148582677165
20
-4.1567501968503935
11
4.8918107874015746
21
-4.1548231496062993
0
LINE
8
BLACK
6
CONTINUOUS
10
4.8918107874015746
20
-4.1548231496062993
11
4.8890855118110235
21
-4.1520978740157481
0
LINE
8
BLACK
6
CONTINUOUS
10
4.8890855118110235
20
-4.1520978740157481
11
4.8871584645669293
21
-4.1487600787401577
0
LINE
8
BLACK
6
CONTINUOUS
10
4.8871584645669293
20
-4.1487600787401577
11
4.8861609448818895
21
-4.1450372834645668
0
LINE
8
BLACK
6
CONTINUOUS
10
4.8861609448818895
20
-4.1450372834645668
11
4.8860346456692909
21
-4.1431102362204726
0
LINE
8
BLACK
6
CONTINUOUS
10
4.8860346456692909
20
-4.1431102362204726
11
4.8860346456692909
21
-4.0860236220472439
0
LINE
8
BLACK
6
CONTINUOUS
10
4.8860346456692909
20
-4.0860236220472439
11
4.8861609448818895
21
-4.0840965748031497
0
LINE
8
BLACK
6
CONTINUOUS
10
4.8861609448818895
20
-4.0840965748031497
11
4.8871584645669293
21
-4.0803737795275588
0
LINE
8
BLACK
6
CONTINUOUS
10
4.8871584645669293
20
-4.0803737795275588
11
4.8890855118110235
21
-4.0770359842519683
0
LINE
8
BLACK
6
CONTINUOUS
10
4.8890855118110235
20
-4.0770359842519683
11
4.8918107874015746
21
-4.0743107086614172
0
LINE
8
BLACK
6
CONTINUOUS
10
4.8918107874015746
20
-4.0743107086614172
11
4.895148582677165
21
-4.072383661417323
0
LINE
8
BLACK
6
CONTINUOUS
10
4.895148582677165
20
-4.072383661417323
11
4.898871377952756
21
-4.0713861417322832
0
LINE
8
BLACK
6
CONTINUOUS
10
4.898871377952756
20
-4.0713861417322832
11
4.9027254724409444
21
-4.0713861417322832
0
LINE
8
BLACK
6
CONTINUOUS
10
4.9027254724409444
20
-4.0713861417322832
11
4.9064482677165353
21
-4.072383661417323
0
LINE
8
BLACK
6
CONTINUOUS
10
4.9379443307086612
20
-4.072383661417323
11
4.9412821259842516
21
-4.0743107086614172
0
LINE
8
BLACK
6
CONTINUOUS
10
4.9412821259842516
20
-4.0743107086614172
11
4.9440074015748028
21
-4.0770359842519683
0
LINE
8
BLACK
6
CONTINUOUS
10
4.9440074015748028
20
-4.0770359842519683
11
4.9459344488188979
21
-4.0803737795275588
0
LINE
8
BLACK
6
CONTINUOUS
10
4.9459344488188979
20
-4.0803737795275588
11
4.9469319685039368
21
-4.0840965748031497
0
LINE
8
BLACK
6
CONTINUOUS
10
4.9469319685039368
20
-4.0840965748031497
11
4.9470582677165353
21
-4.0860236220472439
0
LINE
8
BLACK
6
CONTINUOUS
10
4.9470582677165353
20
-4.0860236220472439
11
4.9470582677165353
21
-4.1431102362204726
0
LINE
8
BLACK
6
CONTINUOUS
10
4.9470582677165353
20
-4.1431102362204726
11
4.9469319685039368
21
-4.1450372834645668
0
LINE
8
BLACK
6
CONTINUOUS
10
4.9469319685039368
20
-4.1450372834645668
11
4.9459344488188979
21
-4.1487600787401577
0
LINE
8
BLACK
6
CONTINUOUS
10
4.9459344488188979
20
-4.1487600787401577
11
4.9440074015748028
21
-4.1520978740157481
0
LINE
8
BLACK
6
CONTINUOUS
10
4.9440074015748028
20
-4.1520978740157481
11
4.9412821259842516
21
-4.1548231496062993
0
LINE
8
BLACK
6
CONTINUOUS
10
4.9412821259842516
20
-4.1548231496062993
11
4.9379443307086612
21
-4.1567501968503935
0
LINE
8
BLACK
6
CONTINUOUS
10
4.9379443307086612
20
-4.1567501968503935
11
4.9342215354330712
21
-4.1577477165354333
0
LINE
8
BLACK
6
CONTINUOUS
10
4.9342215354330712
20
-4.1577477165354333
11
4.9303674409448819
21
-4.1577477165354333
0
LINE
8
BLACK
6
CONTINUOUS
10
4.9303674409448819
20
-4.1577477165354333
11
4.9266446456692909
21
-4.1567501968503935
0
LINE
8
BLACK
6
CONTINUOUS
10
4.9266446456692909
20
-4.1567501968503935
11
4.9233068503937005
21
-4.1548231496062993
0
LINE
8
BLACK
6
CONTINUOUS
10
4.9233068503937005
20
-4.1548231496062993
11
4.9205815748031494
21
-4.1520978740157481
0
LINE
8
BLACK
6
CONTINUOUS
10
4.9205815748031494
20
-4.1520978740157481
11
4.9186545275590552
21
-4.1487600787401577
0
LINE
8
BLACK
6
CONTINUOUS
10
4.9186545275590552
20
-4.1487600787401577
11
4.9176570078740154
21
-4.1450372834645668
0
LINE
8
BLACK
6
CONTINUOUS
10
4.9176570078740154
20
-4.1450372834645668
11
4.9175307086614168
21
-4.1431102362204726
0
LINE
8
BLACK
6
CONTINUOUS
10
4.9175307086614168
20
-4.1431102362204726
11
4.9175307086614168
21
-4.0860236220472439
0
LINE
8
BLACK
6
CONTINUOUS
10
4.9175307086614168
20
-4.0860236220472439
11
4.9176570078740154
21
-4.0840965748031497
0
LINE
8
BLACK
6
CONTINUOUS
10
4.9176570078740154
20
-4.0840965748031497
11
4.9186545275590552
21
-4.0803737795275588
0
LINE
8
BLACK
6
CONTINUOUS
10
4.9186545275590552
20
-4.0803737795275588
11
4.9205815748031494
21
-4.0770359842519683
0
LINE
8
BLACK
6
CONTINUOUS
10
4.9205815748031494
20
-4.0770359842519683
11
4.9233068503937005
21
-4.0743107086614172
0
LINE
8
BLACK
6
CONTINUOUS
10
4.9233068503937005
20
-4.0743107086614172
11
4.9266446456692909
21
-4.072383661417323
0
LINE
8
BLACK
6
CONTINUOUS
10
4.9266446456692909
20
-4.072383661417323
11
4.9303674409448819
21
-4.0713861417322832
0
LINE
8
BLACK
6
CONTINUOUS
10
4.9303674409448819
20
-4.0713861417322832
11
4.9342215354330712
21
-4.0713861417322832
0
LINE
8
BLACK
6
CONTINUOUS
10
4.9342215354330712
20
-4.0713861417322832
11
4.9379443307086612
21
-4.072383661417323
0
LINE
8
BLACK
6
CONTINUOUS
10
4.9694403937007872
20
-4.072383661417323
11
4.9727781889763776
21
-4.0743107086614172
0
LINE
8
BLACK
6
CONTINUOUS
10
4.9727781889763776
20
-4.0743107086614172
11
4.9755034645669287
21
-4.0770359842519683
0
LINE
8
BLACK
6
CONTINUOUS
10
4.9755034645669287
20
-4.0770359842519683
11
4.9774305118110238
21
-4.0803737795275588
0
LINE
8
BLACK
6
CONTINUOUS
10
4.9774305118110238
20
-4.0803737795275588
11
4.9784280314960627
21
-4.0840965748031497
0
LINE
8
BLACK
6
CONTINUOUS
10
4.9784280314960627
20
-4.0840965748031497
11
4.9785543307086613
21
-4.0860236220472439
0
LINE
8
BLACK
6
CONTINUOUS
10
4.9785543307086613
20
-4.0860236220472439
11
4.9785543307086613
21
-4.1431102362204726
0
LINE
8
BLACK
6
CONTINUOUS
10
4.9785543307086613
20
-4.1431102362204726
11
4.9784280314960627
21
-4.1450372834645668
0
LINE
8
BLACK
6
CONTINUOUS
10
4.9784280314960627
20
-4.1450372834645668
11
4.9774305118110238
21
-4.1487600787401577
0
LINE
8
BLACK
6
CONTINUOUS
10
4.9774305118110238
20
-4.1487600787401577
11
4.9755034645669287
21
-4.1520978740157481
0
LINE
8
BLACK
6
CONTINUOUS
10
4.9755034645669287
20
-4.1520978740157481
11
4.9727781889763776
21
-4.1548231496062993
0
LINE
8
BLACK
6
CONTINUOUS
10
4.9727781889763776
20
-4.1548231496062993
11
4.9694403937007872
21
-4.1567501968503935
0
LINE
8
BLACK
6
CONTINUOUS
10
4.9694403937007872
20
-4.1567501968503935
11
4.9657175984251971
21
-4.1577477165354333
0
LINE
8
BLACK
6
CONTINUOUS
10
4.9657175984251971
20
-4.1577477165354333
11
4.9618635039370078
21
-4.1577477165354333
0
LINE
8
BLACK
6
CONTINUOUS
10
4.9618635039370078
20
-4.1577477165354333
11
4.9581407086614169
21
-4.1567501968503935
0
LINE
8
BLACK
6
CONTINUOUS
10
4.9581407086614169
20
-4.1567501968503935
11
4.9548029133858265
21
-4.1548231496062993
0
LINE
8
BLACK
6
CONTINUOUS
10
4.9548029133858265
20
-4.1548231496062993
11
4.9520776377952753
21
-4.1520978740157481
0
LINE
8
BLACK
6
CONTINUOUS
10
4.9520776377952753
20
-4.1520978740157481
11
4.9501505905511811
21
-4.1487600787401577
0
LINE
8
BLACK
6
CONTINUOUS
10
4.9501505905511811
20
-4.1487600787401577
11
4.9491530708661413
21
-4.1450372834645668
0
LINE
8
BLACK
6
CONTINUOUS
10
4.9491530708661413
20
-4.1450372834645668
11
4.9490267716535428
21
-4.1431102362204726
0
LINE
8
BLACK
6
CONTINUOUS
10
4.9490267716535428
20
-4.1431102362204726
11
4.9490267716535428
21
-4.0860236220472439
0
LINE
8
BLACK
6
CONTINUOUS
10
4.9490267716535428
20
-4.0860236220472439
11
4.9491530708661413
21
-4.0840965748031497
0
LINE
8
BLACK
6
CONTINUOUS
10
4.9491530708661413
20
-4.0840965748031497
11
4.9501505905511811
21
-4.0803737795275588
0
LINE
8
BLACK
6
CONTINUOUS
10
4.9501505905511811
20
-4.0803737795275588
11
4.9520776377952753
21
-4.0770359842519683
0
LINE
8
BLACK
6
CONTINUOUS
10
4.9520776377952753
20
-4.0770359842519683
11
4.9548029133858265
21
-4.0743107086614172
0
LINE
8
BLACK
6
CONTINUOUS
10
4.9548029133858265
20
-4.0743107086614172
11
4.9581407086614169
21
-4.072383661417323
0
LINE
8
BLACK
6
CONTINUOUS
10
4.9581407086614169
20
-4.072383661417323
11
4.9618635039370078
21
-4.0713861417322832
0
LINE
8
BLACK
6
CONTINUOUS
10
4.9618635039370078
20
-4.0713861417322832
11
4.9657175984251971
21
-4.0713861417322832
0
LINE
8
BLACK
6
CONTINUOUS
10
4.9657175984251971
20
-4.0713861417322832
11
4.9694403937007872
21
-4.072383661417323
0
LINE
8
BLACK
6
CONTINUOUS
10
4.3489491338582678
20
-4.0420072047244098
11
4.3559012598425193
21
-4.0448868897637791
0
LINE
8
BLACK
6
CONTINUOUS
10
4.3559012598425193
20
-4.0448868897637791
11
4.3621579921259839
21
-4.049067519685039
0
LINE
8
BLACK
6
CONTINUOUS
10
4.3621579921259839
20
-4.049067519685039
11
4.3674789370078742
21
-4.0543884645669293
0
LINE
8
BLACK
6
CONTINUOUS
10
4.3674789370078742
20
-4.0543884645669293
11
4.371659566929134
21
-4.0606451968503938
0
LINE
8
BLACK
6
CONTINUOUS
10
4.371659566929134
20
-4.0606451968503938
11
4.3745392519685042
21
-4.0675973228346454
0
LINE
8
BLACK
6
CONTINUOUS
10
4.3745392519685042
20
-4.0675973228346454
11
4.3760072834645669
21
-4.0749776771653545
0
LINE
8
BLACK
6
CONTINUOUS
10
4.3760072834645669
20
-4.0749776771653545
11
4.3760072834645669
21
-4.0825026377952751
0
LINE
8
BLACK
6
CONTINUOUS
10
4.3760072834645669
20
-4.0825026377952751
11
4.3745392519685042
21
-4.0898829921259843
0
LINE
8
BLACK
6
CONTINUOUS
10
4.3745392519685042
20
-4.0898829921259843
11
4.371659566929134
21
-4.0968351181102358
0
LINE
8
BLACK
6
CONTINUOUS
10
4.371659566929134
20
-4.0968351181102358
11
4.3674789370078742
21
-4.1030918503937004
0
LINE
8
BLACK
6
CONTINUOUS
10
4.3674789370078742
20
-4.1030918503937004
11
4.3621579921259839
21
-4.1084127952755907
0
LINE
8
BLACK
6
CONTINUOUS
10
4.3621579921259839
20
-4.1084127952755907
11
4.3559012598425193
21
-4.1125934251968506
0
LINE
8
BLACK
6
CONTINUOUS
10
4.3559012598425193
20
-4.1125934251968506
11
4.3489491338582678
21
-4.1154731102362208
0
LINE
8
BLACK
6
CONTINUOUS
10
4.3489491338582678
20
-4.1154731102362208
11
4.3415687795275586
21
-4.1169411417322834
0
LINE
8
BLACK
6
CONTINUOUS
10
4.3415687795275586
20
-4.1169411417322834
11
4.334043818897638
21
-4.1169411417322834
0
LINE
8
BLACK
6
CONTINUOUS
10
4.334043818897638
20
-4.1169411417322834
11
4.3266634645669289
21
-4.1154731102362208
0
LINE
8
BLACK
6
CONTINUOUS
10
4.3266634645669289
20
-4.1154731102362208
11
4.3197113385826773
21
-4.1125934251968506
0
LINE
8
BLACK
6
CONTINUOUS
10
4.3197113385826773
20
-4.1125934251968506
11
4.3134546062992127
21
-4.1084127952755907
0
LINE
8
BLACK
6
CONTINUOUS
10
4.3134546062992127
20
-4.1084127952755907
11
4.3081336614173225
21
-4.1030918503937004
0
LINE
8
BLACK
6
CONTINUOUS
10
4.3081336614173225
20
-4.1030918503937004
11
4.3039530314960626
21
-4.0968351181102358
0
LINE
8
BLACK
6
CONTINUOUS
10
4.3039530314960626
20
-4.0968351181102358
11
4.3010733464566933
21
-4.0898829921259843
0
LINE
8
BLACK
6
CONTINUOUS
10
4.3010733464566933
20
-4.0898829921259843
11
4.2996053149606297
21
-4.0825026377952751
0
LINE
8
BLACK
6
CONTINUOUS
10
4.2996053149606297
20
-4.0825026377952751
11
4.2996053149606297
21
-4.0749776771653545
0
LINE
8
BLACK
6
CONTINUOUS
10
4.2996053149606297
20
-4.0749776771653545
11
4.3010733464566933
21
-4.0675973228346454
0
LINE
8
BLACK
6
CONTINUOUS
10
4.3010733464566933
20
-4.0675973228346454
11
4.3039530314960626
21
-4.0606451968503938
0
LINE
8
BLACK
6
CONTINUOUS
10
4.3039530314960626
20
-4.0606451968503938
11
4.3081336614173225
21
-4.0543884645669293
0
LINE
8
BLACK
6
CONTINUOUS
10
4.3081336614173225
20
-4.0543884645669293
11
4.3134546062992127
21
-4.049067519685039
0
LINE
8
BLACK
6
CONTINUOUS
10
4.3134546062992127
20
-4.049067519685039
11
4.3197113385826773
21
-4.0448868897637791
0
LINE
8
BLACK
6
CONTINUOUS
10
4.3197113385826773
20
-4.0448868897637791
11
4.3266634645669289
21
-4.0420072047244098
0
LINE
8
BLACK
6
CONTINUOUS
10
4.3266634645669289
20
-4.0420072047244098
11
4.334043818897638
21
-4.0405391732283462
0
LINE
8
BLACK
6
CONTINUOUS
10
4.334043818897638
20
-4.0405391732283462
11
4.3415687795275586
21
-4.0405391732283462
0
LINE
8
BLACK
6
CONTINUOUS
10
4.3415687795275586
20
-4.0405391732283462
11
4.3489491338582678
21
-4.0420072047244098
0
LINE
8
BLACK
6
CONTINUOUS
10
5.0497365354330706
20
-4.0420072047244098
11
5.056688661417323
21
-4.0448868897637791
0
LINE
8
BLACK
6
CONTINUOUS
10
5.056688661417323
20
-4.0448868897637791
11
5.0629453937007876
21
-4.049067519685039
0
LINE
8
BLACK
6
CONTINUOUS
10
5.0629453937007876
20
-4.049067519685039
11
5.0682663385826769
21
-4.0543884645669293
0
LINE
8
BLACK
6
CONTINUOUS
10
5.0682663385826769
20
-4.0543884645669293
11
5.0724469685039368
21
-4.0606451968503938
0
LINE
8
BLACK
6
CONTINUOUS
10
5.0724469685039368
20
-4.0606451968503938
11
5.075326653543307
21
-4.0675973228346454
0
LINE
8
BLACK
6
CONTINUOUS
10
5.075326653543307
20
-4.0675973228346454
11
5.0767946850393697
21
-4.0749776771653545
0
LINE
8
BLACK
6
CONTINUOUS
10
5.0767946850393697
20
-4.0749776771653545
11
5.0767946850393697
21
-4.0825026377952751
0
LINE
8
BLACK
6
CONTINUOUS
10
5.0767946850393697
20
-4.0825026377952751
11
5.075326653543307
21
-4.0898829921259843
0
LINE
8
BLACK
6
CONTINUOUS
10
5.075326653543307
20
-4.0898829921259843
11
5.0724469685039368
21
-4.0968351181102358
0
LINE
8
BLACK
6
CONTINUOUS
10
5.0724469685039368
20
-4.0968351181102358
11
5.0682663385826769
21
-4.1030918503937004
0
LINE
8
BLACK
6
CONTINUOUS
10
5.0682663385826769
20
-4.1030918503937004
11
5.0629453937007876
21
-4.1084127952755907
0
LINE
8
BLACK
6
CONTINUOUS
10
5.0629453937007876
20
-4.1084127952755907
11
5.056688661417323
21
-4.1125934251968506
0
LINE
8
BLACK
6
CONTINUOUS
10
5.056688661417323
20
-4.1125934251968506
11
5.0497365354330706
21
-4.1154731102362208
0
LINE
8
BLACK
6
CONTINUOUS
10
5.0497365354330706
20
-4.1154731102362208
11
5.0423561811023623
21
-4.1169411417322834
0
LINE
8
BLACK
6
CONTINUOUS
10
5.0423561811023623
20
-4.1169411417322834
11
5.0348312204724408
21
-4.1169411417322834
0
LINE
8
BLACK
6
CONTINUOUS
10
5.0348312204724408
20
-4.1169411417322834
11
5.0274508661417325
21
-4.1154731102362208
0
LINE
8
BLACK
6
CONTINUOUS
10
5.0274508661417325
20
-4.1154731102362208
11
5.0204987401574801
21
-4.1125934251968506
0
LINE
8
BLACK
6
CONTINUOUS
10
5.0204987401574801
20
-4.1125934251968506
11
5.0142420078740155
21
-4.1084127952755907
0
LINE
8
BLACK
6
CONTINUOUS
10
5.0142420078740155
20
-4.1084127952755907
11
5.0089210629921261
21
-4.1030918503937004
0
LINE
8
BLACK
6
CONTINUOUS
10
5.0089210629921261
20
-4.1030918503937004
11
5.0047404330708662
21
-4.0968351181102358
0
LINE
8
BLACK
6
CONTINUOUS
10
5.0047404330708662
20
-4.0968351181102358
11
5.0018607480314961
21
-4.0898829921259843
0
LINE
8
BLACK
6
CONTINUOUS
10
5.0018607480314961
20
-4.0898829921259843
11
5.0003927165354334
21
-4.0825026377952751
0
LINE
8
BLACK
6
CONTINUOUS
10
5.0003927165354334
20
-4.0825026377952751
11
5.0003927165354334
21
-4.0749776771653545
0
LINE
8
BLACK
6
CONTINUOUS
10
5.0003927165354334
20
-4.0749776771653545
11
5.0018607480314961
21
-4.0675973228346454
0
LINE
8
BLACK
6
CONTINUOUS
10
5.0018607480314961
20
-4.0675973228346454
11
5.0047404330708662
21
-4.0606451968503938
0
LINE
8
BLACK
6
CONTINUOUS
10
5.0047404330708662
20
-4.0606451968503938
11
5.0089210629921261
21
-4.0543884645669293
0
LINE
8
BLACK
6
CONTINUOUS
10
5.0089210629921261
20
-4.0543884645669293
11
5.0142420078740155
21
-4.049067519685039
0
LINE
8
BLACK
6
CONTINUOUS
10
5.0142420078740155
20
-4.049067519685039
11
5.0204987401574801
21
-4.0448868897637791
0
LINE
8
BLACK
6
CONTINUOUS
10
5.0204987401574801
20
-4.0448868897637791
11
5.0274508661417325
21
-4.0420072047244098
0
LINE
8
BLACK
6
CONTINUOUS
10
5.0274508661417325
20
-4.0420072047244098
11
5.0348312204724408
21
-4.0405391732283462
0
LINE
8
BLACK
6
CONTINUOUS
10
5.0348312204724408
20
-4.0405391732283462
11
5.0423561811023623
21
-4.0405391732283462
0
LINE
8
BLACK
6
CONTINUOUS
10
5.0423561811023623
20
-4.0405391732283462
11
5.0497365354330706
21
-4.0420072047244098
0
LINE
8
BLACK
6
CONTINUOUS
10
4.3843822047244094
20
-3.9632670472440945
11
4.391334330708661
21
-3.9661467322834643
0
LINE
8
BLACK
6
CONTINUOUS
10
4.391334330708661
20
-3.9661467322834643
11
4.3975910629921255
21
-3.9703273622047242
0
LINE
8
BLACK
6
CONTINUOUS
10
4.3975910629921255
20
-3.9703273622047242
11
4.4029120078740158
21
-3.975648307086614
0
LINE
8
BLACK
6
CONTINUOUS
10
4.4029120078740158
20
-3.975648307086614
11
4.4070926377952757
21
-3.9819050393700786
0
LINE
8
BLACK
6
CONTINUOUS
10
4.4070926377952757
20
-3.9819050393700786
11
4.4099723228346459
21
-3.9888571653543305
0
LINE
8
BLACK
6
CONTINUOUS
10
4.4099723228346459
20
-3.9888571653543305
11
4.4114403543307086
21
-3.9962375196850393
0
LINE
8
BLACK
6
CONTINUOUS
10
4.4114403543307086
20
-3.9962375196850393
11
4.4114403543307086
21
-4.0037624803149603
0
LINE
8
BLACK
6
CONTINUOUS
10
4.4114403543307086
20
-4.0037624803149603
11
4.4099723228346459
21
-4.0111428346456695
0
LINE
8
BLACK
6
CONTINUOUS
10
4.4099723228346459
20
-4.0111428346456695
11
4.4070926377952757
21
-4.018094960629921
0
LINE
8
BLACK
6
CONTINUOUS
10
4.4070926377952757
20
-4.018094960629921
11
4.4029120078740158
21
-4.0243516929133856
0
LINE
8
BLACK
6
CONTINUOUS
10
4.4029120078740158
20
-4.0243516929133856
11
4.3975910629921255
21
-4.0296726377952758
0
LINE
8
BLACK
6
CONTINUOUS
10
4.3975910629921255
20
-4.0296726377952758
11
4.391334330708661
21
-4.0338532677165357
0
LINE
8
BLACK
6
CONTINUOUS
10
4.391334330708661
20
-4.0338532677165357
11
4.3843822047244094
21
-4.036732952755905
0
LINE
8
BLACK
6
CONTINUOUS
10
4.3843822047244094
20
-4.036732952755905
11
4.3770018503937003
21
-4.0382009842519686
0
LINE
8
BLACK
6
CONTINUOUS
10
4.3770018503937003
20
-4.0382009842519686
11
4.3694768897637797
21
-4.0382009842519686
0
LINE
8
BLACK
6
CONTINUOUS
10
4.3694768897637797
20
-4.0382009842519686
11
4.3620965354330705
21
-4.036732952755905
0
LINE
8
BLACK
6
CONTINUOUS
10
4.3620965354330705
20
-4.036732952755905
11
4.355144409448819
21
-4.0338532677165357
0
LINE
8
BLACK
6
CONTINUOUS
10
4.355144409448819
20
-4.0338532677165357
11
4.3488876771653544
21
-4.0296726377952758
0
LINE
8
BLACK
6
CONTINUOUS
10
4.3488876771653544
20
-4.0296726377952758
11
4.3435667322834641
21
-4.0243516929133856
0
LINE
8
BLACK
6
CONTINUOUS
10
4.3435667322834641
20
-4.0243516929133856
11
4.3393861023622042
21
-4.018094960629921
0
LINE
8
BLACK
6
CONTINUOUS
10
4.3393861023622042
20
-4.018094960629921
11
4.3365064173228349
21
-4.0111428346456695
0
LINE
8
BLACK
6
CONTINUOUS
10
4.3365064173228349
20
-4.0111428346456695
11
4.3350383858267714
21
-4.0037624803149603
0
LINE
8
BLACK
6
CONTINUOUS
10
4.3350383858267714
20
-4.0037624803149603
11
4.3350383858267714
21
-3.9962375196850393
0
LINE
8
BLACK
6
CONTINUOUS
10
4.3350383858267714
20
-3.9962375196850393
11
4.3365064173228349
21
-3.9888571653543305
0
LINE
8
BLACK
6
CONTINUOUS
10
4.3365064173228349
20
-3.9888571653543305
11
4.3393861023622042
21
-3.9819050393700786
0
LINE
8
BLACK
6
CONTINUOUS
10
4.3393861023622042
20
-3.9819050393700786
11
4.3435667322834641
21
-3.975648307086614
0
LINE
8
BLACK
6
CONTINUOUS
10
4.3435667322834641
20
-3.975648307086614
11
4.3488876771653544
21
-3.9703273622047242
0
LINE
8
BLACK
6
CONTINUOUS
10
4.3488876771653544
20
-3.9703273622047242
11
4.355144409448819
21
-3.9661467322834643
0
LINE
8
BLACK
6
CONTINUOUS
10
4.355144409448819
20
-3.9661467322834643
11
4.3620965354330705
21
-3.9632670472440945
0
LINE
8
BLACK
6
CONTINUOUS
10
4.3620965354330705
20
-3.9632670472440945
11
4.3694768897637797
21
-3.9617990157480314
0
LINE
8
BLACK
6
CONTINUOUS
10
4.3694768897637797
20
-3.9617990157480314
11
4.3770018503937003
21
-3.9617990157480314
0
LINE
8
BLACK
6
CONTINUOUS
10
4.3770018503937003
20
-3.9617990157480314
11
4.3843822047244094
21
-3.9632670472440945
0
LINE
8
BLACK
6
CONTINUOUS
10
5.0143034645669289
20
-3.9632670472440945
11
5.0212555905511813
21
-3.9661467322834643
0
LINE
8
BLACK
6
CONTINUOUS
10
5.0212555905511813
20
-3.9661467322834643
11
5.0275123228346459
21
-3.9703273622047242
0
LINE
8
BLACK
6
CONTINUOUS
10
5.0275123228346459
20
-3.9703273622047242
11
5.0328332677165353
21
-3.975648307086614
0
LINE
8
BLACK
6
CONTINUOUS
10
5.0328332677165353
20
-3.975648307086614
11
5.0370138976377952
21
-3.9819050393700786
0
LINE
8
BLACK
6
CONTINUOUS
10
5.0370138976377952
20
-3.9819050393700786
11
5.0398935826771654
21
-3.9888571653543305
0
LINE
8
BLACK
6
CONTINUOUS
10
5.0398935826771654
20
-3.9888571653543305
11
5.041361614173228
21
-3.9962375196850393
0
LINE
8
BLACK
6
CONTINUOUS
10
5.041361614173228
20
-3.9962375196850393
11
5.041361614173228
21
-4.0037624803149603
0
LINE
8
BLACK
6
CONTINUOUS
10
5.041361614173228
20
-4.0037624803149603
11
5.0398935826771654
21
-4.0111428346456695
0
LINE
8
BLACK
6
CONTINUOUS
10
5.0398935826771654
20
-4.0111428346456695
11
5.0370138976377952
21
-4.018094960629921
0
LINE
8
BLACK
6
CONTINUOUS
10
5.0370138976377952
20
-4.018094960629921
11
5.0328332677165353
21
-4.0243516929133856
0
LINE
8
BLACK
6
CONTINUOUS
10
5.0328332677165353
20
-4.0243516929133856
11
5.0275123228346459
21
-4.0296726377952758
0
LINE
8
BLACK
6
CONTINUOUS
10
5.0275123228346459
20
-4.0296726377952758
11
5.0212555905511813
21
-4.0338532677165357
0
LINE
8
BLACK
6
CONTINUOUS
10
5.0212555905511813
20
-4.0338532677165357
11
5.0143034645669289
21
-4.036732952755905
0
LINE
8
BLACK
6
CONTINUOUS
10
5.0143034645669289
20
-4.036732952755905
11
5.0069231102362206
21
-4.0382009842519686
0
LINE
8
BLACK
6
CONTINUOUS
10
5.0069231102362206
20
-4.0382009842519686
11
4.9993981496062991
21
-4.0382009842519686
0
LINE
8
BLACK
6
CONTINUOUS
10
4.9993981496062991
20
-4.0382009842519686
11
4.9920177952755909
21
-4.036732952755905
0
LINE
8
BLACK
6
CONTINUOUS
10
4.9920177952755909
20
-4.036732952755905
11
4.9850656692913384
21
-4.0338532677165357
0
LINE
8
BLACK
6
CONTINUOUS
10
4.9850656692913384
20
-4.0338532677165357
11
4.9788089370078739
21
-4.0296726377952758
0
LINE
8
BLACK
6
CONTINUOUS
10
4.9788089370078739
20
-4.0296726377952758
11
4.9734879921259845
21
-4.0243516929133856
0
LINE
8
BLACK
6
CONTINUOUS
10
4.9734879921259845
20
-4.0243516929133856
11
4.9693073622047246
21
-4.018094960629921
0
LINE
8
BLACK
6
CONTINUOUS
10
4.9693073622047246
20
-4.018094960629921
11
4.9664276771653544
21
-4.0111428346456695
0
LINE
8
BLACK
6
CONTINUOUS
10
4.9664276771653544
20
-4.0111428346456695
11
4.9649596456692908
21
-4.0037624803149603
0
LINE
8
BLACK
6
CONTINUOUS
10
4.9649596456692908
20
-4.0037624803149603
11
4.9649596456692908
21
-3.9962375196850393
0
LINE
8
BLACK
6
CONTINUOUS
10
4.9649596456692908
20
-3.9962375196850393
11
4.9664276771653544
21
-3.9888571653543305
0
LINE
8
BLACK
6
CONTINUOUS
10
4.9664276771653544
20
-3.9888571653543305
11
4.9693073622047246
21
-3.9819050393700786
0
LINE
8
BLACK
6
CONTINUOUS
10
4.9693073622047246
20
-3.9819050393700786
11
4.9734879921259845
21
-3.975648307086614
0
LINE
8
BLACK
6
CONTINUOUS
10
4.9734879921259845
20
-3.975648307086614
11
4.9788089370078739
21
-3.9703273622047242
0
LINE
8
BLACK
6
CONTINUOUS
10
4.9788089370078739
20
-3.9703273622047242
11
4.9850656692913384
21
-3.9661467322834643
0
LINE
8
BLACK
6
CONTINUOUS
10
4.9850656692913384
20
-3.9661467322834643
11
4.9920177952755909
21
-3.9632670472440945
0
LINE
8
BLACK
6
CONTINUOUS
10
4.9920177952755909
20
-3.9632670472440945
11
4.9993981496062991
21
-3.9617990157480314
0
LINE
8
BLACK
6
CONTINUOUS
10
4.9993981496062991
20
-3.9617990157480314
11
5.0069231102362206
21
-3.9617990157480314
0
LINE
8
BLACK
6
CONTINUOUS
10
5.0069231102362206
20
-3.9617990157480314
11
5.0143034645669289
21
-3.9632670472440945
0
LINE
8
BLACK
6
CONTINUOUS
10
4.3489491338582678
20
-3.884920590551181
11
4.3559012598425193
21
-3.8878002755905512
0
LINE
8
BLACK
6
CONTINUOUS
10
4.3559012598425193
20
-3.8878002755905512
11
4.3621579921259839
21
-3.8919809055118111
0
LINE
8
BLACK
6
CONTINUOUS
10
4.3621579921259839
20
-3.8919809055118111
11
4.3674789370078742
21
-3.8973018503937009
0
LINE
8
BLACK
6
CONTINUOUS
10
4.3674789370078742
20
-3.8973018503937009
11
4.371659566929134
21
-3.903558582677165
0
LINE
8
BLACK
6
CONTINUOUS
10
4.371659566929134
20
-3.903558582677165
11
4.3745392519685042
21
-3.910510708661417
0
LINE
8
BLACK
6
CONTINUOUS
10
4.3745392519685042
20
-3.910510708661417
11
4.3760072834645669
21
-3.9178910629921258
0
LINE
8
BLACK
6
CONTINUOUS
10
4.3760072834645669
20
-3.9178910629921258
11
4.3760072834645669
21
-3.9254160236220472
0
LINE
8
BLACK
6
CONTINUOUS
10
4.3760072834645669
20
-3.9254160236220472
11
4.3745392519685042
21
-3.9327963779527559
0
LINE
8
BLACK
6
CONTINUOUS
10
4.3745392519685042
20
-3.9327963779527559
11
4.371659566929134
21
-3.9397485039370079
0
LINE
8
BLACK
6
CONTINUOUS
10
4.371659566929134
20
-3.9397485039370079
11
4.3674789370078742
21
-3.9460052362204725
0
LINE
8
BLACK
6
CONTINUOUS
10
4.3674789370078742
20
-3.9460052362204725
11
4.3621579921259839
21
-3.9513261811023623
0
LINE
8
BLACK
6
CONTINUOUS
10
4.3621579921259839
20
-3.9513261811023623
11
4.3559012598425193
21
-3.9555068110236218
0
LINE
8
BLACK
6
CONTINUOUS
10
4.3559012598425193
20
-3.9555068110236218
11
4.3489491338582678
21
-3.958386496062992
0
LINE
8
BLACK
6
CONTINUOUS
10
4.3489491338582678
20
-3.958386496062992
11
4.3415687795275586
21
-3.9598545275590551
0
LINE
8
BLACK
6
CONTINUOUS
10
4.3415687795275586
20
-3.9598545275590551
11
4.334043818897638
21
-3.9598545275590551
0
LINE
8
BLACK
6
CONTINUOUS
10
4.334043818897638
20
-3.9598545275590551
11
4.3266634645669289
21
-3.958386496062992
0
LINE
8
BLACK
6
CONTINUOUS
10
4.3266634645669289
20
-3.958386496062992
11
4.3197113385826773
21
-3.9555068110236218
0
LINE
8
BLACK
6
CONTINUOUS
10
4.3197113385826773
20
-3.9555068110236218
11
4.3134546062992127
21
-3.9513261811023623
0
LINE
8
BLACK
6
CONTINUOUS
10
4.3134546062992127
20
-3.9513261811023623
11
4.3081336614173225
21
-3.9460052362204725
0
LINE
8
BLACK
6
CONTINUOUS
10
4.3081336614173225
20
-3.9460052362204725
11
4.3039530314960626
21
-3.9397485039370079
0
LINE
8
BLACK
6
CONTINUOUS
10
4.3039530314960626
20
-3.9397485039370079
11
4.3010733464566933
21
-3.9327963779527559
0
LINE
8
BLACK
6
CONTINUOUS
10
4.3010733464566933
20
-3.9327963779527559
11
4.2996053149606297
21
-3.9254160236220472
0
LINE
8
BLACK
6
CONTINUOUS
10
4.2996053149606297
20
-3.9254160236220472
11
4.2996053149606297
21
-3.9178910629921258
0
LINE
8
BLACK
6
CONTINUOUS
10
4.2996053149606297
20
-3.9178910629921258
11
4.3010733464566933
21
-3.910510708661417
0
LINE
8
BLACK
6
CONTINUOUS
10
4.3010733464566933
20
-3.910510708661417
11
4.3039530314960626
21
-3.903558582677165
0
LINE
8
BLACK
6
CONTINUOUS
10
4.3039530314960626
20
-3.903558582677165
11
4.3081336614173225
21
-3.8973018503937009
0
LINE
8
BLACK
6
CONTINUOUS
10
4.3081336614173225
20
-3.8973018503937009
11
4.3134546062992127
21
-3.8919809055118111
0
LINE
8
BLACK
6
CONTINUOUS
10
4.3134546062992127
20
-3.8919809055118111
11
4.3197113385826773
21
-3.8878002755905512
0
LINE
8
BLACK
6
CONTINUOUS
10
4.3197113385826773
20
-3.8878002755905512
11
4.3266634645669289
21
-3.884920590551181
0
LINE
8
BLACK
6
CONTINUOUS
10
4.3266634645669289
20
-3.884920590551181
11
4.334043818897638
21
-3.8834525590551179
0
LINE
8
BLACK
6
CONTINUOUS
10
4.334043818897638
20
-3.8834525590551179
11
4.3415687795275586
21
-3.8834525590551179
0
LINE
8
BLACK
6
CONTINUOUS
10
4.3415687795275586
20
-3.8834525590551179
11
4.3489491338582678
21
-3.884920590551181
0
LINE
8
BLACK
6
CONTINUOUS
10
5.0497365354330706
20
-3.884920590551181
11
5.056688661417323
21
-3.8878002755905512
0
LINE
8
BLACK
6
CONTINUOUS
10
5.056688661417323
20
-3.8878002755905512
11
5.0629453937007876
21
-3.8919809055118111
0
LINE
8
BLACK
6
CONTINUOUS
10
5.0629453937007876
20
-3.8919809055118111
11
5.0682663385826769
21
-3.8973018503937009
0
LINE
8
BLACK
6
CONTINUOUS
10
5.0682663385826769
20
-3.8973018503937009
11
5.0724469685039368
21
-3.903558582677165
0
LINE
8
BLACK
6
CONTINUOUS
10
5.0724469685039368
20
-3.903558582677165
11
5.075326653543307
21
-3.910510708661417
0
LINE
8
BLACK
6
CONTINUOUS
10
5.075326653543307
20
-3.910510708661417
11
5.0767946850393697
21
-3.9178910629921258
0
LINE
8
BLACK
6
CONTINUOUS
10
5.0767946850393697
20
-3.9178910629921258
11
5.0767946850393697
21
-3.9254160236220472
0
LINE
8
BLACK
6
CONTINUOUS
10
5.0767946850393697
20
-3.9254160236220472
11
5.075326653543307
21
-3.9327963779527559
0
LINE
8
BLACK
6
CONTINUOUS
10
5.075326653543307
20
-3.9327963779527559
11
5.0724469685039368
21
-3.9397485039370079
0
LINE
8
BLACK
6
CONTINUOUS
10
5.0724469685039368
20
-3.9397485039370079
11
5.0682663385826769
21
-3.9460052362204725
0
LINE
8
BLACK
6
CONTINUOUS
10
5.0682663385826769
20
-3.9460052362204725
11
5.0629453937007876
21
-3.9513261811023623
0
LINE
8
BLACK
6
CONTINUOUS
10
5.0629453937007876
20
-3.9513261811023623
11
5.056688661417323
21
-3.9555068110236218
0
LINE
8
BLACK
6
CONTINUOUS
10
5.056688661417323
20
-3.9555068110236218
11
5.0497365354330706
21
-3.958386496062992
0
LINE
8
BLACK
6
CONTINUOUS
10
5.0497365354330706
20
-3.958386496062992
11
5.0423561811023623
21
-3.9598545275590551
0
LINE
8
BLACK
6
CONTINUOUS
10
5.0423561811023623
20
-3.9598545275590551
11
5.0348312204724408
21
-3.9598545275590551
0
LINE
8
BLACK
6
CONTINUOUS
10
5.0348312204724408
20
-3.9598545275590551
11
5.0274508661417325
21
-3.958386496062992
0
LINE
8
BLACK
6
CONTINUOUS
10
5.0274508661417325
20
-3.958386496062992
11
5.0204987401574801
21
-3.9555068110236218
0
LINE
8
BLACK
6
CONTINUOUS
10
5.0204987401574801
20
-3.9555068110236218
11
5.0142420078740155
21
-3.9513261811023623
0
LINE
8
BLACK
6
CONTINUOUS
10
5.0142420078740155
20
-3.9513261811023623
11
5.0089210629921261
21
-3.9460052362204725
0
LINE
8
BLACK
6
CONTINUOUS
10
5.0089210629921261
20
-3.9460052362204725
11
5.0047404330708662
21
-3.9397485039370079
0
LINE
8
BLACK
6
CONTINUOUS
10
5.0047404330708662
20
-3.9397485039370079
11
5.0018607480314961
21
-3.9327963779527559
0
LINE
8
BLACK
6
CONTINUOUS
10
5.0018607480314961
20
-3.9327963779527559
11
5.0003927165354334
21
-3.9254160236220472
0
LINE
8
BLACK
6
CONTINUOUS
10
5.0003927165354334
20
-3.9254160236220472
11
5.0003927165354334
21
-3.9178910629921258
0
LINE
8
BLACK
6
CONTINUOUS
10
5.0003927165354334
20
-3.9178910629921258
11
5.0018607480314961
21
-3.910510708661417
0
LINE
8
BLACK
6
CONTINUOUS
10
5.0018607480314961
20
-3.910510708661417
11
5.0047404330708662
21
-3.903558582677165
0
LINE
8
BLACK
6
CONTINUOUS
10
5.0047404330708662
20
-3.903558582677165
11
5.0089210629921261
21
-3.8973018503937009
0
LINE
8
BLACK
6
CONTINUOUS
10
5.0089210629921261
20
-3.8973018503937009
11
5.0142420078740155
21
-3.8919809055118111
0
LINE
8
BLACK
6
CONTINUOUS
10
5.0142420078740155
20
-3.8919809055118111
11
5.0204987401574801
21
-3.8878002755905512
0
LINE
8
BLACK
6
CONTINUOUS
10
5.0204987401574801
20
-3.8878002755905512
11
5.0274508661417325
21
-3.884920590551181
0
LINE
8
BLACK
6
CONTINUOUS
10
5.0274508661417325
20
-3.884920590551181
11
5.0348312204724408
21
-3.8834525590551179
0
LINE
8
BLACK
6
CONTINUOUS
10
5.0348312204724408
20
-3.8834525590551179
11
5.0423561811023623
21
-3.8834525590551179
0
LINE
8
BLACK
6
CONTINUOUS
10
5.0423561811023623
20
-3.8834525590551179
11
5.0497365354330706
21
-3.884920590551181
0
LINE
8
BLACK
6
CONTINUOUS
10
4.4182592913385825
20
-3.8436435039370078
11
4.4215970866141729
21
-3.8455705511811025
0
LINE
8
BLACK
6
CONTINUOUS
10
4.4215970866141729
20
-3.8455705511811025
11
4.4243223622047241
21
-3.8482958267716536
0
LINE
8
BLACK
6
CONTINUOUS
10
4.4243223622047241
20
-3.8482958267716536
11
4.4262494094488192
21
-3.851633622047244
0
LINE
8
BLACK
6
CONTINUOUS
10
4.4262494094488192
20
-3.851633622047244
11
4.4272469291338581
21
-3.8553564173228345
0
LINE
8
BLACK
6
CONTINUOUS
10
4.4272469291338581
20
-3.8553564173228345
11
4.4273732283464566
21
-3.8572834645669292
0
LINE
8
BLACK
6
CONTINUOUS
10
4.4273732283464566
20
-3.8572834645669292
11
4.4273732283464566
21
-3.9143700787401574
0
LINE
8
BLACK
6
CONTINUOUS
10
4.4273732283464566
20
-3.9143700787401574
11
4.4272469291338581
21
-3.9162971259842521
0
LINE
8
BLACK
6
CONTINUOUS
10
4.4272469291338581
20
-3.9162971259842521
11
4.4262494094488192
21
-3.9200199212598426
0
LINE
8
BLACK
6
CONTINUOUS
10
4.4262494094488192
20
-3.9200199212598426
11
4.4243223622047241
21
-3.923357716535433
0
LINE
8
BLACK
6
CONTINUOUS
10
4.4243223622047241
20
-3.923357716535433
11
4.4215970866141729
21
-3.9260829921259841
0
LINE
8
BLACK
6
CONTINUOUS
10
4.4215970866141729
20
-3.9260829921259841
11
4.4182592913385825
21
-3.9280100393700788
0
LINE
8
BLACK
6
CONTINUOUS
10
4.4182592913385825
20
-3.9280100393700788
11
4.4145364960629916
21
-3.9290075590551181
0
LINE
8
BLACK
6
CONTINUOUS
10
4.4145364960629916
20
-3.9290075590551181
11
4.4106824015748032
21
-3.9290075590551181
0
LINE
8
BLACK
6
CONTINUOUS
10
4.4106824015748032
20
-3.9290075590551181
11
4.4069596062992122
21
-3.9280100393700788
0
LINE
8
BLACK
6
CONTINUOUS
10
4.4069596062992122
20
-3.9280100393700788
11
4.4036218110236218
21
-3.9260829921259841
0
LINE
8
BLACK
6
CONTINUOUS
10
4.4036218110236218
20
-3.9260829921259841
11
4.4008965354330707
21
-3.923357716535433
0
LINE
8
BLACK
6
CONTINUOUS
10
4.4008965354330707
20
-3.923357716535433
11
4.3989694881889765
21
-3.9200199212598426
0
LINE
8
BLACK
6
CONTINUOUS
10
4.3989694881889765
20
-3.9200199212598426
11
4.3979719685039367
21
-3.9162971259842521
0
LINE
8
BLACK
6
CONTINUOUS
10
4.3979719685039367
20
-3.9162971259842521
11
4.3978456692913381
21
-3.9143700787401574
0
LINE
8
BLACK
6
CONTINUOUS
10
4.3978456692913381
20
-3.9143700787401574
11
4.3978456692913381
21
-3.8572834645669292
0
LINE
8
BLACK
6
CONTINUOUS
10
4.3978456692913381
20
-3.8572834645669292
11
4.3979719685039367
21
-3.8553564173228345
0
LINE
8
BLACK
6
CONTINUOUS
10
4.3979719685039367
20
-3.8553564173228345
11
4.3989694881889765
21
-3.851633622047244
0
LINE
8
BLACK
6
CONTINUOUS
10
4.3989694881889765
20
-3.851633622047244
11
4.4008965354330707
21
-3.8482958267716536
0
LINE
8
BLACK
6
CONTINUOUS
10
4.4008965354330707
20
-3.8482958267716536
11
4.4036218110236218
21
-3.8455705511811025
0
LINE
8
BLACK
6
CONTINUOUS
10
4.4036218110236218
20
-3.8455705511811025
11
4.4069596062992122
21
-3.8436435039370078
0
LINE
8
BLACK
6
CONTINUOUS
10
4.4069596062992122
20
-3.8436435039370078
11
4.4106824015748032
21
-3.8426459842519685
0
LINE
8
BLACK
6
CONTINUOUS
10
4.4106824015748032
20
-3.8426459842519685
11
4.4145364960629916
21
-3.8426459842519685
0
LINE
8
BLACK
6
CONTINUOUS
10
4.4145364960629916
20
-3.8426459842519685
11
4.4182592913385825
21
-3.8436435039370078
0
LINE
8
BLACK
6
CONTINUOUS
10
4.4497553543307085
20
-3.8436435039370078
11
4.4530931496062989
21
-3.8455705511811025
0
LINE
8
BLACK
6
CONTINUOUS
10
4.4530931496062989
20
-3.8455705511811025
11
4.45581842519685
21
-3.8482958267716536
0
LINE
8
BLACK
6
CONTINUOUS
10
4.45581842519685
20
-3.8482958267716536
11
4.4577454724409451
21
-3.851633622047244
0
LINE
8
BLACK
6
CONTINUOUS
10
4.4577454724409451
20
-3.851633622047244
11
4.458742992125984
21
-3.8553564173228345
0
LINE
8
BLACK
6
CONTINUOUS
10
4.458742992125984
20
-3.8553564173228345
11
4.4588692913385826
21
-3.8572834645669292
0
LINE
8
BLACK
6
CONTINUOUS
10
4.4588692913385826
20
-3.8572834645669292
11
4.4588692913385826
21
-3.9143700787401574
0
LINE
8
BLACK
6
CONTINUOUS
10
4.4588692913385826
20
-3.9143700787401574
11
4.458742992125984
21
-3.9162971259842521
0
LINE
8
BLACK
6
CONTINUOUS
10
4.458742992125984
20
-3.9162971259842521
11
4.4577454724409451
21
-3.9200199212598426
0
LINE
8
BLACK
6
CONTINUOUS
10
4.4577454724409451
20
-3.9200199212598426
11
4.45581842519685
21
-3.923357716535433
0
LINE
8
BLACK
6
CONTINUOUS
10
4.45581842519685
20
-3.923357716535433
11
4.4530931496062989
21
-3.9260829921259841
0
LINE
8
BLACK
6
CONTINUOUS
10
4.4530931496062989
20
-3.9260829921259841
11
4.4497553543307085
21
-3.9280100393700788
0
LINE
8
BLACK
6
CONTINUOUS
10
4.4497553543307085
20
-3.9280100393700788
11
4.4460325590551184
21
-3.9290075590551181
0
LINE
8
BLACK
6
CONTINUOUS
10
4.4460325590551184
20
-3.9290075590551181
11
4.4421784645669291
21
-3.9290075590551181
0
LINE
8
BLACK
6
CONTINUOUS
10
4.4421784645669291
20
-3.9290075590551181
11
4.4384556692913382
21
-3.9280100393700788
0
LINE
8
BLACK
6
CONTINUOUS
10
4.4384556692913382
20
-3.9280100393700788
11
4.4351178740157478
21
-3.9260829921259841
0
LINE
8
BLACK
6
CONTINUOUS
10
4.4351178740157478
20
-3.9260829921259841
11
4.4323925984251966
21
-3.923357716535433
0
LINE
8
BLACK
6
CONTINUOUS
10
4.4323925984251966
20
-3.923357716535433
11
4.4304655511811024
21
-3.9200199212598426
0
LINE
8
BLACK
6
CONTINUOUS
10
4.4304655511811024
20
-3.9200199212598426
11
4.4294680314960626
21
-3.9162971259842521
0
LINE
8
BLACK
6
CONTINUOUS
10
4.4294680314960626
20
-3.9162971259842521
11
4.4293417322834641
21
-3.9143700787401574
0
LINE
8
BLACK
6
CONTINUOUS
10
4.4293417322834641
20
-3.9143700787401574
11
4.4293417322834641
21
-3.8572834645669292
0
LINE
8
BLACK
6
CONTINUOUS
10
4.4293417322834641
20
-3.8572834645669292
11
4.4294680314960626
21
-3.8553564173228345
0
LINE
8
BLACK
6
CONTINUOUS
10
4.4294680314960626
20
-3.8553564173228345
11
4.4304655511811024
21
-3.851633622047244
0
LINE
8
BLACK
6
CONTINUOUS
10
4.4304655511811024
20
-3.851633622047244
11
4.4323925984251966
21
-3.8482958267716536
0
LINE
8
BLACK
6
CONTINUOUS
10
4.4323925984251966
20
-3.8482958267716536
11
4.4351178740157478
21
-3.8455705511811025
0
LINE
8
BLACK
6
CONTINUOUS
10
4.4351178740157478
20
-3.8455705511811025
11
4.4384556692913382
21
-3.8436435039370078
0
LINE
8
BLACK
6
CONTINUOUS
10
4.4384556692913382
20
-3.8436435039370078
11
4.4421784645669291
21
-3.8426459842519685
0
LINE
8
BLACK
6
CONTINUOUS
10
4.4421784645669291
20
-3.8426459842519685
11
4.4460325590551184
21
-3.8426459842519685
0
LINE
8
BLACK
6
CONTINUOUS
10
4.4460325590551184
20
-3.8426459842519685
11
4.4497553543307085
21
-3.8436435039370078
0
LINE
8
BLACK
6
CONTINUOUS
10
4.4812514173228344
20
-3.8436435039370078
11
4.4845892125984248
21
-3.8455705511811025
0
LINE
8
BLACK
6
CONTINUOUS
10
4.4845892125984248
20
-3.8455705511811025
11
4.4873144881889759
21
-3.8482958267716536
0
LINE
8
BLACK
6
CONTINUOUS
10
4.4873144881889759
20
-3.8482958267716536
11
4.489241535433071
21
-3.851633622047244
0
LINE
8
BLACK
6
CONTINUOUS
10
4.489241535433071
20
-3.851633622047244
11
4.4902390551181099
21
-3.8553564173228345
0
LINE
8
BLACK
6
CONTINUOUS
10
4.4902390551181099
20
-3.8553564173228345
11
4.4903653543307085
21
-3.8572834645669292
0
LINE
8
BLACK
6
CONTINUOUS
10
4.4903653543307085
20
-3.8572834645669292
11
4.4903653543307085
21
-3.9143700787401574
0
LINE
8
BLACK
6
CONTINUOUS
10
4.4903653543307085
20
-3.9143700787401574
11
4.4902390551181099
21
-3.9162971259842521
0
LINE
8
BLACK
6
CONTINUOUS
10
4.4902390551181099
20
-3.9162971259842521
11
4.489241535433071
21
-3.9200199212598426
0
LINE
8
BLACK
6
CONTINUOUS
10
4.489241535433071
20
-3.9200199212598426
11
4.4873144881889759
21
-3.923357716535433
0
LINE
8
BLACK
6
CONTINUOUS
10
4.4873144881889759
20
-3.923357716535433
11
4.4845892125984248
21
-3.9260829921259841
0
LINE
8
BLACK
6
CONTINUOUS
10
4.4845892125984248
20
-3.9260829921259841
11
4.4812514173228344
21
-3.9280100393700788
0
LINE
8
BLACK
6
CONTINUOUS
10
4.4812514173228344
20
-3.9280100393700788
11
4.4775286220472443
21
-3.9290075590551181
0
LINE
8
BLACK
6
CONTINUOUS
10
4.4775286220472443
20
-3.9290075590551181
11
4.473674527559055
21
-3.9290075590551181
0
LINE
8
BLACK
6
CONTINUOUS
10
4.473674527559055
20
-3.9290075590551181
11
4.4699517322834641
21
-3.9280100393700788
0
LINE
8
BLACK
6
CONTINUOUS
10
4.4699517322834641
20
-3.9280100393700788
11
4.4666139370078737
21
-3.9260829921259841
0
LINE
8
BLACK
6
CONTINUOUS
10
4.4666139370078737
20
-3.9260829921259841
11
4.4638886614173225
21
-3.923357716535433
0
LINE
8
BLACK
6
CONTINUOUS
10
4.4638886614173225
20
-3.923357716535433
11
4.4619616141732283
21
-3.9200199212598426
0
LINE
8
BLACK
6
CONTINUOUS
10
4.4619616141732283
20
-3.9200199212598426
11
4.4609640944881885
21
-3.9162971259842521
0
LINE
8
BLACK
6
CONTINUOUS
10
4.4609640944881885
20
-3.9162971259842521
11
4.4608377952755909
21
-3.9143700787401574
0
LINE
8
BLACK
6
CONTINUOUS
10
4.4608377952755909
20
-3.9143700787401574
11
4.4608377952755909
21
-3.8572834645669292
0
LINE
8
BLACK
6
CONTINUOUS
10
4.4608377952755909
20
-3.8572834645669292
11
4.4609640944881885
21
-3.8553564173228345
0
LINE
8
BLACK
6
CONTINUOUS
10
4.4609640944881885
20
-3.8553564173228345
11
4.4619616141732283
21
-3.851633622047244
0
LINE
8
BLACK
6
CONTINUOUS
10
4.4619616141732283
20
-3.851633622047244
11
4.4638886614173225
21
-3.8482958267716536
0
LINE
8
BLACK
6
CONTINUOUS
10
4.4638886614173225
20
-3.8482958267716536
11
4.4666139370078737
21
-3.8455705511811025
0
LINE
8
BLACK
6
CONTINUOUS
10
4.4666139370078737
20
-3.8455705511811025
11
4.4699517322834641
21
-3.8436435039370078
0
LINE
8
BLACK
6
CONTINUOUS
10
4.4699517322834641
20
-3.8436435039370078
11
4.473674527559055
21
-3.8426459842519685
0
LINE
8
BLACK
6
CONTINUOUS
10
4.473674527559055
20
-3.8426459842519685
11
4.4775286220472443
21
-3.8426459842519685
0
LINE
8
BLACK
6
CONTINUOUS
10
4.4775286220472443
20
-3.8426459842519685
11
4.4812514173228344
21
-3.8436435039370078
0
LINE
8
BLACK
6
CONTINUOUS
10
4.5127474803149603
20
-3.8436435039370078
11
4.5160852755905507
21
-3.8455705511811025
0
LINE
8
BLACK
6
CONTINUOUS
10
4.5160852755905507
20
-3.8455705511811025
11
4.5188105511811019
21
-3.8482958267716536
0
LINE
8
BLACK
6
CONTINUOUS
10
4.5188105511811019
20
-3.8482958267716536
11
4.520737598425197
21
-3.851633622047244
0
LINE
8
BLACK
6
CONTINUOUS
10
4.520737598425197
20
-3.851633622047244
11
4.5217351181102359
21
-3.8553564173228345
0
LINE
8
BLACK
6
CONTINUOUS
10
4.5217351181102359
20
-3.8553564173228345
11
4.5218614173228344
21
-3.8572834645669292
0
LINE
8
BLACK
6
CONTINUOUS
10
4.5218614173228344
20
-3.8572834645669292
11
4.5218614173228344
21
-3.9143700787401574
0
LINE
8
BLACK
6
CONTINUOUS
10
4.5218614173228344
20
-3.9143700787401574
11
4.5217351181102359
21
-3.9162971259842521
0
LINE
8
BLACK
6
CONTINUOUS
10
4.5217351181102359
20
-3.9162971259842521
11
4.520737598425197
21
-3.9200199212598426
0
LINE
8
BLACK
6
CONTINUOUS
10
4.520737598425197
20
-3.9200199212598426
11
4.5188105511811019
21
-3.923357716535433
0
LINE
8
BLACK
6
CONTINUOUS
10
4.5188105511811019
20
-3.923357716535433
11
4.5160852755905507
21
-3.9260829921259841
0
LINE
8
BLACK
6
CONTINUOUS
10
4.5160852755905507
20
-3.9260829921259841
11
4.5127474803149603
21
-3.9280100393700788
0
LINE
8
BLACK
6
CONTINUOUS
10
4.5127474803149603
20
-3.9280100393700788
11
4.5090246850393703
21
-3.9290075590551181
0
LINE
8
BLACK
6
CONTINUOUS
10
4.5090246850393703
20
-3.9290075590551181
11
4.505170590551181
21
-3.9290075590551181
0
LINE
8
BLACK
6
CONTINUOUS
10
4.505170590551181
20
-3.9290075590551181
11
4.50144779527559
21
-3.9280100393700788
0
LINE
8
BLACK
6
CONTINUOUS
10
4.50144779527559
20
-3.9280100393700788
11
4.4981099999999996
21
-3.9260829921259841
0
LINE
8
BLACK
6
CONTINUOUS
10
4.4981099999999996
20
-3.9260829921259841
11
4.4953847244094485
21
-3.923357716535433
0
LINE
8
BLACK
6
CONTINUOUS
10
4.4953847244094485
20
-3.923357716535433
11
4.4934576771653543
21
-3.9200199212598426
0
LINE
8
BLACK
6
CONTINUOUS
10
4.4934576771653543
20
-3.9200199212598426
11
4.4924601574803145
21
-3.9162971259842521
0
LINE
8
BLACK
6
CONTINUOUS
10
4.4924601574803145
20
-3.9162971259842521
11
4.4923338582677168
21
-3.9143700787401574
0
LINE
8
BLACK
6
CONTINUOUS
10
4.4923338582677168
20
-3.9143700787401574
11
4.4923338582677168
21
-3.8572834645669292
0
LINE
8
BLACK
6
CONTINUOUS
10
4.4923338582677168
20
-3.8572834645669292
11
4.4924601574803145
21
-3.8553564173228345
0
LINE
8
BLACK
6
CONTINUOUS
10
4.4924601574803145
20
-3.8553564173228345
11
4.4934576771653543
21
-3.851633622047244
0
LINE
8
BLACK
6
CONTINUOUS
10
4.4934576771653543
20
-3.851633622047244
11
4.4953847244094485
21
-3.8482958267716536
0
LINE
8
BLACK
6
CONTINUOUS
10
4.4953847244094485
20
-3.8482958267716536
11
4.4981099999999996
21
-3.8455705511811025
0
LINE
8
BLACK
6
CONTINUOUS
10
4.4981099999999996
20
-3.8455705511811025
11
4.50144779527559
21
-3.8436435039370078
0
LINE
8
BLACK
6
CONTINUOUS
10
4.50144779527559
20
-3.8436435039370078
11
4.505170590551181
21
-3.8426459842519685
0
LINE
8
BLACK
6
CONTINUOUS
10
4.505170590551181
20
-3.8426459842519685
11
4.5090246850393703
21
-3.8426459842519685
0
LINE
8
BLACK
6
CONTINUOUS
10
4.5090246850393703
20
-3.8426459842519685
11
4.5127474803149603
21
-3.8436435039370078
0
LINE
8
BLACK
6
CONTINUOUS
10
4.5442435433070862
20
-3.8436435039370078
11
4.5475813385826767
21
-3.8455705511811025
0
LINE
8
BLACK
6
CONTINUOUS
10
4.5475813385826767
20
-3.8455705511811025
11
4.5503066141732287
21
-3.8482958267716536
0
LINE
8
BLACK
6
CONTINUOUS
10
4.5503066141732287
20
-3.8482958267716536
11
4.5522336614173229
21
-3.851633622047244
0
LINE
8
BLACK
6
CONTINUOUS
10
4.5522336614173229
20
-3.851633622047244
11
4.5532311811023618
21
-3.8553564173228345
0
LINE
8
BLACK
6
CONTINUOUS
10
4.5532311811023618
20
-3.8553564173228345
11
4.5533574803149603
21
-3.8572834645669292
0
LINE
8
BLACK
6
CONTINUOUS
10
4.5533574803149603
20
-3.8572834645669292
11
4.5533574803149603
21
-3.9143700787401574
0
LINE
8
BLACK
6
CONTINUOUS
10
4.5533574803149603
20
-3.9143700787401574
11
4.5532311811023618
21
-3.9162971259842521
0
LINE
8
BLACK
6
CONTINUOUS
10
4.5532311811023618
20
-3.9162971259842521
11
4.5522336614173229
21
-3.9200199212598426
0
LINE
8
BLACK
6
CONTINUOUS
10
4.5522336614173229
20
-3.9200199212598426
11
4.5503066141732287
21
-3.923357716535433
0
LINE
8
BLACK
6
CONTINUOUS
10
4.5503066141732287
20
-3.923357716535433
11
4.5475813385826767
21
-3.9260829921259841
0
LINE
8
BLACK
6
CONTINUOUS
10
4.5475813385826767
20
-3.9260829921259841
11
4.5442435433070862
21
-3.9280100393700788
0
LINE
8
BLACK
6
CONTINUOUS
10
4.5442435433070862
20
-3.9280100393700788
11
4.5405207480314962
21
-3.9290075590551181
0
LINE
8
BLACK
6
CONTINUOUS
10
4.5405207480314962
20
-3.9290075590551181
11
4.5366666535433069
21
-3.9290075590551181
0
LINE
8
BLACK
6
CONTINUOUS
10
4.5366666535433069
20
-3.9290075590551181
11
4.5329438582677168
21
-3.9280100393700788
0
LINE
8
BLACK
6
CONTINUOUS
10
4.5329438582677168
20
-3.9280100393700788
11
4.5296060629921255
21
-3.9260829921259841
0
LINE
8
BLACK
6
CONTINUOUS
10
4.5296060629921255
20
-3.9260829921259841
11
4.5268807874015744
21
-3.923357716535433
0
LINE
8
BLACK
6
CONTINUOUS
10
4.5268807874015744
20
-3.923357716535433
11
4.5249537401574802
21
-3.9200199212598426
0
LINE
8
BLACK
6
CONTINUOUS
10
4.5249537401574802
20
-3.9200199212598426
11
4.5239562204724413
21
-3.9162971259842521
0
LINE
8
BLACK
6
CONTINUOUS
10
4.5239562204724413
20
-3.9162971259842521
11
4.5238299212598427
21
-3.9143700787401574
0
LINE
8
BLACK
6
CONTINUOUS
10
4.5238299212598427
20
-3.9143700787401574
11
4.5238299212598427
21
-3.8572834645669292
0
LINE
8
BLACK
6
CONTINUOUS
10
4.5238299212598427
20
-3.8572834645669292
11
4.5239562204724413
21
-3.8553564173228345
0
LINE
8
BLACK
6
CONTINUOUS
10
4.5239562204724413
20
-3.8553564173228345
11
4.5249537401574802
21
-3.851633622047244
0
LINE
8
BLACK
6
CONTINUOUS
10
4.5249537401574802
20
-3.851633622047244
11
4.5268807874015744
21
-3.8482958267716536
0
LINE
8
BLACK
6
CONTINUOUS
10
4.5268807874015744
20
-3.8482958267716536
11
4.5296060629921255
21
-3.8455705511811025
0
LINE
8
BLACK
6
CONTINUOUS
10
4.5296060629921255
20
-3.8455705511811025
11
4.5329438582677168
21
-3.8436435039370078
0
LINE
8
BLACK
6
CONTINUOUS
10
4.5329438582677168
20
-3.8436435039370078
11
4.5366666535433069
21
-3.8426459842519685
0
LINE
8
BLACK
6
CONTINUOUS
10
4.5366666535433069
20
-3.8426459842519685
11
4.5405207480314962
21
-3.8426459842519685
0
LINE
8
BLACK
6
CONTINUOUS
10
4.5405207480314962
20
-3.8426459842519685
11
4.5442435433070862
21
-3.8436435039370078
0
LINE
8
BLACK
6
CONTINUOUS
10
4.5757396062992122
20
-3.8436435039370078
11
4.5790774015748035
21
-3.8455705511811025
0
LINE
8
BLACK
6
CONTINUOUS
10
4.5790774015748035
20
-3.8455705511811025
11
4.5818026771653546
21
-3.8482958267716536
0
LINE
8
BLACK
6
CONTINUOUS
10
4.5818026771653546
20
-3.8482958267716536
11
4.5837297244094488
21
-3.851633622047244
0
LINE
8
BLACK
6
CONTINUOUS
10
4.5837297244094488
20
-3.851633622047244
11
4.5847272440944877
21
-3.8553564173228345
0
LINE
8
BLACK
6
CONTINUOUS
10
4.5847272440944877
20
-3.8553564173228345
11
4.5848535433070863
21
-3.8572834645669292
0
LINE
8
BLACK
6
CONTINUOUS
10
4.5848535433070863
20
-3.8572834645669292
11
4.5848535433070863
21
-3.9143700787401574
0
LINE
8
BLACK
6
CONTINUOUS
10
4.5848535433070863
20
-3.9143700787401574
11
4.5847272440944877
21
-3.9162971259842521
0
LINE
8
BLACK
6
CONTINUOUS
10
4.5847272440944877
20
-3.9162971259842521
11
4.5837297244094488
21
-3.9200199212598426
0
LINE
8
BLACK
6
CONTINUOUS
10
4.5837297244094488
20
-3.9200199212598426
11
4.5818026771653546
21
-3.923357716535433
0
LINE
8
BLACK
6
CONTINUOUS
10
4.5818026771653546
20
-3.923357716535433
11
4.5790774015748035
21
-3.9260829921259841
0
LINE
8
BLACK
6
CONTINUOUS
10
4.5790774015748035
20
-3.9260829921259841
11
4.5757396062992122
21
-3.9280100393700788
0
LINE
8
BLACK
6
CONTINUOUS
10
4.5757396062992122
20
-3.9280100393700788
11
4.5720168110236221
21
-3.9290075590551181
0
LINE
8
BLACK
6
CONTINUOUS
10
4.5720168110236221
20
-3.9290075590551181
11
4.5681627165354328
21
-3.9290075590551181
0
LINE
8
BLACK
6
CONTINUOUS
10
4.5681627165354328
20
-3.9290075590551181
11
4.5644399212598428
21
-3.9280100393700788
0
LINE
8
BLACK
6
CONTINUOUS
10
4.5644399212598428
20
-3.9280100393700788
11
4.5611021259842515
21
-3.9260829921259841
0
LINE
8
BLACK
6
CONTINUOUS
10
4.5611021259842515
20
-3.9260829921259841
11
4.5583768503937003
21
-3.923357716535433
0
LINE
8
BLACK
6
CONTINUOUS
10
4.5583768503937003
20
-3.923357716535433
11
4.5564498031496061
21
-3.9200199212598426
0
LINE
8
BLACK
6
CONTINUOUS
10
4.5564498031496061
20
-3.9200199212598426
11
4.5554522834645672
21
-3.9162971259842521
0
LINE
8
BLACK
6
CONTINUOUS
10
4.5554522834645672
20
-3.9162971259842521
11
4.5553259842519687
21
-3.9143700787401574
0
LINE
8
BLACK
6
CONTINUOUS
10
4.5553259842519687
20
-3.9143700787401574
11
4.5553259842519687
21
-3.8572834645669292
0
LINE
8
BLACK
6
CONTINUOUS
10
4.5553259842519687
20
-3.8572834645669292
11
4.5554522834645672
21
-3.8553564173228345
0
LINE
8
BLACK
6
CONTINUOUS
10
4.5554522834645672
20
-3.8553564173228345
11
4.5564498031496061
21
-3.851633622047244
0
LINE
8
BLACK
6
CONTINUOUS
10
4.5564498031496061
20
-3.851633622047244
11
4.5583768503937003
21
-3.8482958267716536
0
LINE
8
BLACK
6
CONTINUOUS
10
4.5583768503937003
20
-3.8482958267716536
11
4.5611021259842515
21
-3.8455705511811025
0
LINE
8
BLACK
6
CONTINUOUS
10
4.5611021259842515
20
-3.8455705511811025
11
4.5644399212598428
21
-3.8436435039370078
0
LINE
8
BLACK
6
CONTINUOUS
10
4.5644399212598428
20
-3.8436435039370078
11
4.5681627165354328
21
-3.8426459842519685
0
LINE
8
BLACK
6
CONTINUOUS
10
4.5681627165354328
20
-3.8426459842519685
11
4.5720168110236221
21
-3.8426459842519685
0
LINE
8
BLACK
6
CONTINUOUS
10
4.5720168110236221
20
-3.8426459842519685
11
4.5757396062992122
21
-3.8436435039370078
0
LINE
8
BLACK
6
CONTINUOUS
10
4.6072356692913381
20
-3.8436435039370078
11
4.6105734645669294
21
-3.8455705511811025
0
LINE
8
BLACK
6
CONTINUOUS
10
4.6105734645669294
20
-3.8455705511811025
11
4.6132987401574805
21
-3.8482958267716536
0
LINE
8
BLACK
6
CONTINUOUS
10
4.6132987401574805
20
-3.8482958267716536
11
4.6152257874015747
21
-3.851633622047244
0
LINE
8
BLACK
6
CONTINUOUS
10
4.6152257874015747
20
-3.851633622047244
11
4.6162233070866137
21
-3.8553564173228345
0
LINE
8
BLACK
6
CONTINUOUS
10
4.6162233070866137
20
-3.8553564173228345
11
4.6163496062992122
21
-3.8572834645669292
0
LINE
8
BLACK
6
CONTINUOUS
10
4.6163496062992122
20
-3.8572834645669292
11
4.6163496062992122
21
-3.9143700787401574
0
LINE
8
BLACK
6
CONTINUOUS
10
4.6163496062992122
20
-3.9143700787401574
11
4.6162233070866137
21
-3.9162971259842521
0
LINE
8
BLACK
6
CONTINUOUS
10
4.6162233070866137
20
-3.9162971259842521
11
4.6152257874015747
21
-3.9200199212598426
0
LINE
8
BLACK
6
CONTINUOUS
10
4.6152257874015747
20
-3.9200199212598426
11
4.6132987401574805
21
-3.923357716535433
0
LINE
8
BLACK
6
CONTINUOUS
10
4.6132987401574805
20
-3.923357716535433
11
4.6105734645669294
21
-3.9260829921259841
0
LINE
8
BLACK
6
CONTINUOUS
10
4.6105734645669294
20
-3.9260829921259841
11
4.6072356692913381
21
-3.9280100393700788
0
LINE
8
BLACK
6
CONTINUOUS
10
4.6072356692913381
20
-3.9280100393700788
11
4.603512874015748
21
-3.9290075590551181
0
LINE
8
BLACK
6
CONTINUOUS
10
4.603512874015748
20
-3.9290075590551181
11
4.5996587795275587
21
-3.9290075590551181
0
LINE
8
BLACK
6
CONTINUOUS
10
4.5996587795275587
20
-3.9290075590551181
11
4.5959359842519687
21
-3.9280100393700788
0
LINE
8
BLACK
6
CONTINUOUS
10
4.5959359842519687
20
-3.9280100393700788
11
4.5925981889763783
21
-3.9260829921259841
0
LINE
8
BLACK
6
CONTINUOUS
10
4.5925981889763783
20
-3.9260829921259841
11
4.5898729133858263
21
-3.923357716535433
0
LINE
8
BLACK
6
CONTINUOUS
10
4.5898729133858263
20
-3.923357716535433
11
4.5879458661417321
21
-3.9200199212598426
0
LINE
8
BLACK
6
CONTINUOUS
10
4.5879458661417321
20
-3.9200199212598426
11
4.5869483464566931
21
-3.9162971259842521
0
LINE
8
BLACK
6
CONTINUOUS
10
4.5869483464566931
20
-3.9162971259842521
11
4.5868220472440946
21
-3.9143700787401574
0
LINE
8
BLACK
6
CONTINUOUS
10
4.5868220472440946
20
-3.9143700787401574
11
4.5868220472440946
21
-3.8572834645669292
0
LINE
8
BLACK
6
CONTINUOUS
10
4.5868220472440946
20
-3.8572834645669292
11
4.5869483464566931
21
-3.8553564173228345
0
LINE
8
BLACK
6
CONTINUOUS
10
4.5869483464566931
20
-3.8553564173228345
11
4.5879458661417321
21
-3.851633622047244
0
LINE
8
BLACK
6
CONTINUOUS
10
4.5879458661417321
20
-3.851633622047244
11
4.5898729133858263
21
-3.8482958267716536
0
LINE
8
BLACK
6
CONTINUOUS
10
4.5898729133858263
20
-3.8482958267716536
11
4.5925981889763783
21
-3.8455705511811025
0
LINE
8
BLACK
6
CONTINUOUS
10
4.5925981889763783
20
-3.8455705511811025
11
4.5959359842519687
21
-3.8436435039370078
0
LINE
8
BLACK
6
CONTINUOUS
10
4.5959359842519687
20
-3.8436435039370078
11
4.5996587795275587
21
-3.8426459842519685
0
LINE
8
BLACK
6
CONTINUOUS
10
4.5996587795275587
20
-3.8426459842519685
11
4.603512874015748
21
-3.8426459842519685
0
LINE
8
BLACK
6
CONTINUOUS
10
4.603512874015748
20
-3.8426459842519685
11
4.6072356692913381
21
-3.8436435039370078
0
LINE
8
BLACK
6
CONTINUOUS
10
4.638731732283464
20
-3.8436435039370078
11
4.6420695275590553
21
-3.8455705511811025
0
LINE
8
BLACK
6
CONTINUOUS
10
4.6420695275590553
20
-3.8455705511811025
11
4.6447948031496065
21
-3.8482958267716536
0
LINE
8
BLACK
6
CONTINUOUS
10
4.6447948031496065
20
-3.8482958267716536
11
4.6467218503937007
21
-3.851633622047244
0
LINE
8
BLACK
6
CONTINUOUS
10
4.6467218503937007
20
-3.851633622047244
11
4.6477193700787405
21
-3.8553564173228345
0
LINE
8
BLACK
6
CONTINUOUS
10
4.6477193700787405
20
-3.8553564173228345
11
4.6478456692913381
21
-3.8572834645669292
0
LINE
8
BLACK
6
CONTINUOUS
10
4.6478456692913381
20
-3.8572834645669292
11
4.6478456692913381
21
-3.9143700787401574
0
LINE
8
BLACK
6
CONTINUOUS
10
4.6478456692913381
20
-3.9143700787401574
11
4.6477193700787405
21
-3.9162971259842521
0
LINE
8
BLACK
6
CONTINUOUS
10
4.6477193700787405
20
-3.9162971259842521
11
4.6467218503937007
21
-3.9200199212598426
0
LINE
8
BLACK
6
CONTINUOUS
10
4.6467218503937007
20
-3.9200199212598426
11
4.6447948031496065
21
-3.923357716535433
0
LINE
8
BLACK
6
CONTINUOUS
10
4.6447948031496065
20
-3.923357716535433
11
4.6420695275590553
21
-3.9260829921259841
0
LINE
8
BLACK
6
CONTINUOUS
10
4.6420695275590553
20
-3.9260829921259841
11
4.638731732283464
21
-3.9280100393700788
0
LINE
8
BLACK
6
CONTINUOUS
10
4.638731732283464
20
-3.9280100393700788
11
4.635008937007874
21
-3.9290075590551181
0
LINE
8
BLACK
6
CONTINUOUS
10
4.635008937007874
20
-3.9290075590551181
11
4.6311548425196847
21
-3.9290075590551181
0
LINE
8
BLACK
6
CONTINUOUS
10
4.6311548425196847
20
-3.9290075590551181
11
4.6274320472440946
21
-3.9280100393700788
0
LINE
8
BLACK
6
CONTINUOUS
10
4.6274320472440946
20
-3.9280100393700788
11
4.6240942519685042
21
-3.9260829921259841
0
LINE
8
BLACK
6
CONTINUOUS
10
4.6240942519685042
20
-3.9260829921259841
11
4.6213689763779531
21
-3.923357716535433
0
LINE
8
BLACK
6
CONTINUOUS
10
4.6213689763779531
20
-3.923357716535433
11
4.619441929133858
21
-3.9200199212598426
0
LINE
8
BLACK
6
CONTINUOUS
10
4.619441929133858
20
-3.9200199212598426
11
4.6184444094488191
21
-3.9162971259842521
0
LINE
8
BLACK
6
CONTINUOUS
10
4.6184444094488191
20
-3.9162971259842521
11
4.6183181102362205
21
-3.9143700787401574
0
LINE
8
BLACK
6
CONTINUOUS
10
4.6183181102362205
20
-3.9143700787401574
11
4.6183181102362205
21
-3.8572834645669292
0
LINE
8
BLACK
6
CONTINUOUS
10
4.6183181102362205
20
-3.8572834645669292
11
4.6184444094488191
21
-3.8553564173228345
0
LINE
8
BLACK
6
CONTINUOUS
10
4.6184444094488191
20
-3.8553564173228345
11
4.619441929133858
21
-3.851633622047244
0
LINE
8
BLACK
6
CONTINUOUS
10
4.619441929133858
20
-3.851633622047244
11
4.6213689763779531
21
-3.8482958267716536
0
LINE
8
BLACK
6
CONTINUOUS
10
4.6213689763779531
20
-3.8482958267716536
11
4.6240942519685042
21
-3.8455705511811025
0
LINE
8
BLACK
6
CONTINUOUS
10
4.6240942519685042
20
-3.8455705511811025
11
4.6274320472440946
21
-3.8436435039370078
0
LINE
8
BLACK
6
CONTINUOUS
10
4.6274320472440946
20
-3.8436435039370078
11
4.6311548425196847
21
-3.8426459842519685
0
LINE
8
BLACK
6
CONTINUOUS
10
4.6311548425196847
20
-3.8426459842519685
11
4.635008937007874
21
-3.8426459842519685
0
LINE
8
BLACK
6
CONTINUOUS
10
4.635008937007874
20
-3.8426459842519685
11
4.638731732283464
21
-3.8436435039370078
0
LINE
8
BLACK
6
CONTINUOUS
10
4.6702277952755908
20
-3.8436435039370078
11
4.6735655905511813
21
-3.8455705511811025
0
LINE
8
BLACK
6
CONTINUOUS
10
4.6735655905511813
20
-3.8455705511811025
11
4.6762908661417324
21
-3.8482958267716536
0
LINE
8
BLACK
6
CONTINUOUS
10
4.6762908661417324
20
-3.8482958267716536
11
4.6782179133858266
21
-3.851633622047244
0
LINE
8
BLACK
6
CONTINUOUS
10
4.6782179133858266
20
-3.851633622047244
11
4.6792154330708664
21
-3.8553564173228345
0
LINE
8
BLACK
6
CONTINUOUS
10
4.6792154330708664
20
-3.8553564173228345
11
4.6793417322834641
21
-3.8572834645669292
0
LINE
8
BLACK
6
CONTINUOUS
10
4.6793417322834641
20
-3.8572834645669292
11
4.6793417322834641
21
-3.9143700787401574
0
LINE
8
BLACK
6
CONTINUOUS
10
4.6793417322834641
20
-3.9143700787401574
11
4.6792154330708664
21
-3.9162971259842521
0
LINE
8
BLACK
6
CONTINUOUS
10
4.6792154330708664
20
-3.9162971259842521
11
4.6782179133858266
21
-3.9200199212598426
0
LINE
8
BLACK
6
CONTINUOUS
10
4.6782179133858266
20
-3.9200199212598426
11
4.6762908661417324
21
-3.923357716535433
0
LINE
8
BLACK
6
CONTINUOUS
10
4.6762908661417324
20
-3.923357716535433
11
4.6735655905511813
21
-3.9260829921259841
0
LINE
8
BLACK
6
CONTINUOUS
10
4.6735655905511813
20
-3.9260829921259841
11
4.6702277952755908
21
-3.9280100393700788
0
LINE
8
BLACK
6
CONTINUOUS
10
4.6702277952755908
20
-3.9280100393700788
11
4.6665049999999999
21
-3.9290075590551181
0
LINE
8
BLACK
6
CONTINUOUS
10
4.6665049999999999
20
-3.9290075590551181
11
4.6626509055118106
21
-3.9290075590551181
0
LINE
8
BLACK
6
CONTINUOUS
10
4.6626509055118106
20
-3.9290075590551181
11
4.6589281102362206
21
-3.9280100393700788
0
LINE
8
BLACK
6
CONTINUOUS
10
4.6589281102362206
20
-3.9280100393700788
11
4.6555903149606301
21
-3.9260829921259841
0
LINE
8
BLACK
6
CONTINUOUS
10
4.6555903149606301
20
-3.9260829921259841
11
4.652865039370079
21
-3.923357716535433
0
LINE
8
BLACK
6
CONTINUOUS
10
4.652865039370079
20
-3.923357716535433
11
4.6509379921259839
21
-3.9200199212598426
0
LINE
8
BLACK
6
CONTINUOUS
10
4.6509379921259839
20
-3.9200199212598426
11
4.649940472440945
21
-3.9162971259842521
0
LINE
8
BLACK
6
CONTINUOUS
10
4.649940472440945
20
-3.9162971259842521
11
4.6498141732283464
21
-3.9143700787401574
0
LINE
8
BLACK
6
CONTINUOUS
10
4.6498141732283464
20
-3.9143700787401574
11
4.6498141732283464
21
-3.8572834645669292
0
LINE
8
BLACK
6
CONTINUOUS
10
4.6498141732283464
20
-3.8572834645669292
11
4.649940472440945
21
-3.8553564173228345
0
LINE
8
BLACK
6
CONTINUOUS
10
4.649940472440945
20
-3.8553564173228345
11
4.6509379921259839
21
-3.851633622047244
0
LINE
8
BLACK
6
CONTINUOUS
10
4.6509379921259839
20
-3.851633622047244
11
4.652865039370079
21
-3.8482958267716536
0
LINE
8
BLACK
6
CONTINUOUS
10
4.652865039370079
20
-3.8482958267716536
11
4.6555903149606301
21
-3.8455705511811025
0
LINE
8
BLACK
6
CONTINUOUS
10
4.6555903149606301
20
-3.8455705511811025
11
4.6589281102362206
21
-3.8436435039370078
0
LINE
8
BLACK
6
CONTINUOUS
10
4.6589281102362206
20
-3.8436435039370078
11
4.6626509055118106
21
-3.8426459842519685
0
LINE
8
BLACK
6
CONTINUOUS
10
4.6626509055118106
20
-3.8426459842519685
11
4.6665049999999999
21
-3.8426459842519685
0
LINE
8
BLACK
6
CONTINUOUS
10
4.6665049999999999
20
-3.8426459842519685
11
4.6702277952755908
21
-3.8436435039370078
0
LINE
8
BLACK
6
CONTINUOUS
10
4.7017238582677168
20
-3.8436435039370078
11
4.7050616535433072
21
-3.8455705511811025
0
LINE
8
BLACK
6
CONTINUOUS
10
4.7050616535433072
20
-3.8455705511811025
11
4.7077869291338583
21
-3.8482958267716536
0
LINE
8
BLACK
6
CONTINUOUS
10
4.7077869291338583
20
-3.8482958267716536
11
4.7097139763779525
21
-3.851633622047244
0
LINE
8
BLACK
6
CONTINUOUS
10
4.7097139763779525
20
-3.851633622047244
11
4.7107114960629923
21
-3.8553564173228345
0
LINE
8
BLACK
6
CONTINUOUS
10
4.7107114960629923
20
-3.8553564173228345
11
4.7108377952755909
21
-3.8572834645669292
0
LINE
8
BLACK
6
CONTINUOUS
10
4.7108377952755909
20
-3.8572834645669292
11
4.7108377952755909
21
-3.9143700787401574
0
LINE
8
BLACK
6
CONTINUOUS
10
4.7108377952755909
20
-3.9143700787401574
11
4.7107114960629923
21
-3.9162971259842521
0
LINE
8
BLACK
6
CONTINUOUS
10
4.7107114960629923
20
-3.9162971259842521
11
4.7097139763779525
21
-3.9200199212598426
0
LINE
8
BLACK
6
CONTINUOUS
10
4.7097139763779525
20
-3.9200199212598426
11
4.7077869291338583
21
-3.923357716535433
0
LINE
8
BLACK
6
CONTINUOUS
10
4.7077869291338583
20
-3.923357716535433
11
4.7050616535433072
21
-3.9260829921259841
0
LINE
8
BLACK
6
CONTINUOUS
10
4.7050616535433072
20
-3.9260829921259841
11
4.7017238582677168
21
-3.9280100393700788
0
LINE
8
BLACK
6
CONTINUOUS
10
4.7017238582677168
20
-3.9280100393700788
11
4.6980010629921258
21
-3.9290075590551181
0
LINE
8
BLACK
6
CONTINUOUS
10
4.6980010629921258
20
-3.9290075590551181
11
4.6941469685039365
21
-3.9290075590551181
0
LINE
8
BLACK
6
CONTINUOUS
10
4.6941469685039365
20
-3.9290075590551181
11
4.6904241732283465
21
-3.9280100393700788
0
LINE
8
BLACK
6
CONTINUOUS
10
4.6904241732283465
20
-3.9280100393700788
11
4.6870863779527561
21
-3.9260829921259841
0
LINE
8
BLACK
6
CONTINUOUS
10
4.6870863779527561
20
-3.9260829921259841
11
4.6843611023622049
21
-3.923357716535433
0
LINE
8
BLACK
6
CONTINUOUS
10
4.6843611023622049
20
-3.923357716535433
11
4.6824340551181098
21
-3.9200199212598426
0
LINE
8
BLACK
6
CONTINUOUS
10
4.6824340551181098
20
-3.9200199212598426
11
4.6814365354330709
21
-3.9162971259842521
0
LINE
8
BLACK
6
CONTINUOUS
10
4.6814365354330709
20
-3.9162971259842521
11
4.6813102362204724
21
-3.9143700787401574
0
LINE
8
BLACK
6
CONTINUOUS
10
4.6813102362204724
20
-3.9143700787401574
11
4.6813102362204724
21
-3.8572834645669292
0
LINE
8
BLACK
6
CONTINUOUS
10
4.6813102362204724
20
-3.8572834645669292
11
4.6814365354330709
21
-3.8553564173228345
0
LINE
8
BLACK
6
CONTINUOUS
10
4.6814365354330709
20
-3.8553564173228345
11
4.6824340551181098
21
-3.851633622047244
0
LINE
8
BLACK
6
CONTINUOUS
10
4.6824340551181098
20
-3.851633622047244
11
4.6843611023622049
21
-3.8482958267716536
0
LINE
8
BLACK
6
CONTINUOUS
10
4.6843611023622049
20
-3.8482958267716536
11
4.6870863779527561
21
-3.8455705511811025
0
LINE
8
BLACK
6
CONTINUOUS
10
4.6870863779527561
20
-3.8455705511811025
11
4.6904241732283465
21
-3.8436435039370078
0
LINE
8
BLACK
6
CONTINUOUS
10
4.6904241732283465
20
-3.8436435039370078
11
4.6941469685039365
21
-3.8426459842519685
0
LINE
8
BLACK
6
CONTINUOUS
10
4.6941469685039365
20
-3.8426459842519685
11
4.6980010629921258
21
-3.8426459842519685
0
LINE
8
BLACK
6
CONTINUOUS
10
4.6980010629921258
20
-3.8426459842519685
11
4.7017238582677168
21
-3.8436435039370078
0
LINE
8
BLACK
6
CONTINUOUS
10
4.7332199212598427
20
-3.8436435039370078
11
4.7365577165354331
21
-3.8455705511811025
0
LINE
8
BLACK
6
CONTINUOUS
10
4.7365577165354331
20
-3.8455705511811025
11
4.7392829921259843
21
-3.8482958267716536
0
LINE
8
BLACK
6
CONTINUOUS
10
4.7392829921259843
20
-3.8482958267716536
11
4.7412100393700785
21
-3.851633622047244
0
LINE
8
BLACK
6
CONTINUOUS
10
4.7412100393700785
20
-3.851633622047244
11
4.7422075590551183
21
-3.8553564173228345
0
LINE
8
BLACK
6
CONTINUOUS
10
4.7422075590551183
20
-3.8553564173228345
11
4.7423338582677168
21
-3.8572834645669292
0
LINE
8
BLACK
6
CONTINUOUS
10
4.7423338582677168
20
-3.8572834645669292
11
4.7423338582677168
21
-3.9143700787401574
0
LINE
8
BLACK
6
CONTINUOUS
10
4.7423338582677168
20
-3.9143700787401574
11
4.7422075590551183
21
-3.9162971259842521
0
LINE
8
BLACK
6
CONTINUOUS
10
4.7422075590551183
20
-3.9162971259842521
11
4.7412100393700785
21
-3.9200199212598426
0
LINE
8
BLACK
6
CONTINUOUS
10
4.7412100393700785
20
-3.9200199212598426
11
4.7392829921259843
21
-3.923357716535433
0
LINE
8
BLACK
6
CONTINUOUS
10
4.7392829921259843
20
-3.923357716535433
11
4.7365577165354331
21
-3.9260829921259841
0
LINE
8
BLACK
6
CONTINUOUS
10
4.7365577165354331
20
-3.9260829921259841
11
4.7332199212598427
21
-3.9280100393700788
0
LINE
8
BLACK
6
CONTINUOUS
10
4.7332199212598427
20
-3.9280100393700788
11
4.7294971259842518
21
-3.9290075590551181
0
LINE
8
BLACK
6
CONTINUOUS
10
4.7294971259842518
20
-3.9290075590551181
11
4.7256430314960625
21
-3.9290075590551181
0
LINE
8
BLACK
6
CONTINUOUS
10
4.7256430314960625
20
-3.9290075590551181
11
4.7219202362204724
21
-3.9280100393700788
0
LINE
8
BLACK
6
CONTINUOUS
10
4.7219202362204724
20
-3.9280100393700788
11
4.718582440944882
21
-3.9260829921259841
0
LINE
8
BLACK
6
CONTINUOUS
10
4.718582440944882
20
-3.9260829921259841
11
4.7158571653543309
21
-3.923357716535433
0
LINE
8
BLACK
6
CONTINUOUS
10
4.7158571653543309
20
-3.923357716535433
11
4.7139301181102358
21
-3.9200199212598426
0
LINE
8
BLACK
6
CONTINUOUS
10
4.7139301181102358
20
-3.9200199212598426
11
4.7129325984251969
21
-3.9162971259842521
0
LINE
8
BLACK
6
CONTINUOUS
10
4.7129325984251969
20
-3.9162971259842521
11
4.7128062992125983
21
-3.9143700787401574
0
LINE
8
BLACK
6
CONTINUOUS
10
4.7128062992125983
20
-3.9143700787401574
11
4.7128062992125983
21
-3.8572834645669292
0
LINE
8
BLACK
6
CONTINUOUS
10
4.7128062992125983
20
-3.8572834645669292
11
4.7129325984251969
21
-3.8553564173228345
0
LINE
8
BLACK
6
CONTINUOUS
10
4.7129325984251969
20
-3.8553564173228345
11
4.7139301181102358
21
-3.851633622047244
0
LINE
8
BLACK
6
CONTINUOUS
10
4.7139301181102358
20
-3.851633622047244
11
4.7158571653543309
21
-3.8482958267716536
0
LINE
8
BLACK
6
CONTINUOUS
10
4.7158571653543309
20
-3.8482958267716536
11
4.718582440944882
21
-3.8455705511811025
0
LINE
8
BLACK
6
CONTINUOUS
10
4.718582440944882
20
-3.8455705511811025
11
4.7219202362204724
21
-3.8436435039370078
0
LINE
8
BLACK
6
CONTINUOUS
10
4.7219202362204724
20
-3.8436435039370078
11
4.7256430314960625
21
-3.8426459842519685
0
LINE
8
BLACK
6
CONTINUOUS
10
4.7256430314960625
20
-3.8426459842519685
11
4.7294971259842518
21
-3.8426459842519685
0
LINE
8
BLACK
6
CONTINUOUS
10
4.7294971259842518
20
-3.8426459842519685
11
4.7332199212598427
21
-3.8436435039370078
0
LINE
8
BLACK
6
CONTINUOUS
10
4.7647159842519686
20
-3.8436435039370078
11
4.768053779527559
21
-3.8455705511811025
0
LINE
8
BLACK
6
CONTINUOUS
10
4.768053779527559
20
-3.8455705511811025
11
4.7707790551181102
21
-3.8482958267716536
0
LINE
8
BLACK
6
CONTINUOUS
10
4.7707790551181102
20
-3.8482958267716536
11
4.7727061023622044
21
-3.851633622047244
0
LINE
8
BLACK
6
CONTINUOUS
10
4.7727061023622044
20
-3.851633622047244
11
4.7737036220472442
21
-3.8553564173228345
0
LINE
8
BLACK
6
CONTINUOUS
10
4.7737036220472442
20
-3.8553564173228345
11
4.7738299212598427
21
-3.8572834645669292
0
LINE
8
BLACK
6
CONTINUOUS
10
4.7738299212598427
20
-3.8572834645669292
11
4.7738299212598427
21
-3.9143700787401574
0
LINE
8
BLACK
6
CONTINUOUS
10
4.7738299212598427
20
-3.9143700787401574
11
4.7737036220472442
21
-3.9162971259842521
0
LINE
8
BLACK
6
CONTINUOUS
10
4.7737036220472442
20
-3.9162971259842521
11
4.7727061023622044
21
-3.9200199212598426
0
LINE
8
BLACK
6
CONTINUOUS
10
4.7727061023622044
20
-3.9200199212598426
11
4.7707790551181102
21
-3.923357716535433
0
LINE
8
BLACK
6
CONTINUOUS
10
4.7707790551181102
20
-3.923357716535433
11
4.768053779527559
21
-3.9260829921259841
0
LINE
8
BLACK
6
CONTINUOUS
10
4.768053779527559
20
-3.9260829921259841
11
4.7647159842519686
21
-3.9280100393700788
0
LINE
8
BLACK
6
CONTINUOUS
10
4.7647159842519686
20
-3.9280100393700788
11
4.7609931889763777
21
-3.9290075590551181
0
LINE
8
BLACK
6
CONTINUOUS
10
4.7609931889763777
20
-3.9290075590551181
11
4.7571390944881893
21
-3.9290075590551181
0
LINE
8
BLACK
6
CONTINUOUS
10
4.7571390944881893
20
-3.9290075590551181
11
4.7534162992125983
21
-3.9280100393700788
0
LINE
8
BLACK
6
CONTINUOUS
10
4.7534162992125983
20
-3.9280100393700788
11
4.7500785039370079
21
-3.9260829921259841
0
LINE
8
BLACK
6
CONTINUOUS
10
4.7500785039370079
20
-3.9260829921259841
11
4.7473532283464568
21
-3.923357716535433
0
LINE
8
BLACK
6
CONTINUOUS
10
4.7473532283464568
20
-3.923357716535433
11
4.7454261811023617
21
-3.9200199212598426
0
LINE
8
BLACK
6
CONTINUOUS
10
4.7454261811023617
20
-3.9200199212598426
11
4.7444286614173228
21
-3.9162971259842521
0
LINE
8
BLACK
6
CONTINUOUS
10
4.7444286614173228
20
-3.9162971259842521
11
4.7443023622047242
21
-3.9143700787401574
0
LINE
8
BLACK
6
CONTINUOUS
10
4.7443023622047242
20
-3.9143700787401574
11
4.7443023622047242
21
-3.8572834645669292
0
LINE
8
BLACK
6
CONTINUOUS
10
4.7443023622047242
20
-3.8572834645669292
11
4.7444286614173228
21
-3.8553564173228345
0
LINE
8
BLACK
6
CONTINUOUS
10
4.7444286614173228
20
-3.8553564173228345
11
4.7454261811023617
21
-3.851633622047244
0
LINE
8
BLACK
6
CONTINUOUS
10
4.7454261811023617
20
-3.851633622047244
11
4.7473532283464568
21
-3.8482958267716536
0
LINE
8
BLACK
6
CONTINUOUS
10
4.7473532283464568
20
-3.8482958267716536
11
4.7500785039370079
21
-3.8455705511811025
0
LINE
8
BLACK
6
CONTINUOUS
10
4.7500785039370079
20
-3.8455705511811025
11
4.7534162992125983
21
-3.8436435039370078
0
LINE
8
BLACK
6
CONTINUOUS
10
4.7534162992125983
20
-3.8436435039370078
11
4.7571390944881893
21
-3.8426459842519685
0
LINE
8
BLACK
6
CONTINUOUS
10
4.7571390944881893
20
-3.8426459842519685
11
4.7609931889763777
21
-3.8426459842519685
0
LINE
8
BLACK
6
CONTINUOUS
10
4.7609931889763777
20
-3.8426459842519685
11
4.7647159842519686
21
-3.8436435039370078
0
LINE
8
BLACK
6
CONTINUOUS
10
4.7962120472440946
20
-3.8436435039370078
11
4.799549842519685
21
-3.8455705511811025
0
LINE
8
BLACK
6
CONTINUOUS
10
4.799549842519685
20
-3.8455705511811025
11
4.8022751181102361
21
-3.8482958267716536
0
LINE
8
BLACK
6
CONTINUOUS
10
4.8022751181102361
20
-3.8482958267716536
11
4.8042021653543303
21
-3.851633622047244
0
LINE
8
BLACK
6
CONTINUOUS
10
4.8042021653543303
20
-3.851633622047244
11
4.8051996850393701
21
-3.8553564173228345
0
LINE
8
BLACK
6
CONTINUOUS
10
4.8051996850393701
20
-3.8553564173228345
11
4.8053259842519687
21
-3.8572834645669292
0
LINE
8
BLACK
6
CONTINUOUS
10
4.8053259842519687
20
-3.8572834645669292
11
4.8053259842519687
21
-3.9143700787401574
0
LINE
8
BLACK
6
CONTINUOUS
10
4.8053259842519687
20
-3.9143700787401574
11
4.8051996850393701
21
-3.9162971259842521
0
LINE
8
BLACK
6
CONTINUOUS
10
4.8051996850393701
20
-3.9162971259842521
11
4.8042021653543303
21
-3.9200199212598426
0
LINE
8
BLACK
6
CONTINUOUS
10
4.8042021653543303
20
-3.9200199212598426
11
4.8022751181102361
21
-3.923357716535433
0
LINE
8
BLACK
6
CONTINUOUS
10
4.8022751181102361
20
-3.923357716535433
11
4.799549842519685
21
-3.9260829921259841
0
LINE
8
BLACK
6
CONTINUOUS
10
4.799549842519685
20
-3.9260829921259841
11
4.7962120472440946
21
-3.9280100393700788
0
LINE
8
BLACK
6
CONTINUOUS
10
4.7962120472440946
20
-3.9280100393700788
11
4.7924892519685036
21
-3.9290075590551181
0
LINE
8
BLACK
6
CONTINUOUS
10
4.7924892519685036
20
-3.9290075590551181
11
4.7886351574803152
21
-3.9290075590551181
0
LINE
8
BLACK
6
CONTINUOUS
10
4.7886351574803152
20
-3.9290075590551181
11
4.7849123622047243
21
-3.9280100393700788
0
LINE
8
BLACK
6
CONTINUOUS
10
4.7849123622047243
20
-3.9280100393700788
11
4.7815745669291339
21
-3.9260829921259841
0
LINE
8
BLACK
6
CONTINUOUS
10
4.7815745669291339
20
-3.9260829921259841
11
4.7788492913385827
21
-3.923357716535433
0
LINE
8
BLACK
6
CONTINUOUS
10
4.7788492913385827
20
-3.923357716535433
11
4.7769222440944885
21
-3.9200199212598426
0
LINE
8
BLACK
6
CONTINUOUS
10
4.7769222440944885
20
-3.9200199212598426
11
4.7759247244094487
21
-3.9162971259842521
0
LINE
8
BLACK
6
CONTINUOUS
10
4.7759247244094487
20
-3.9162971259842521
11
4.7757984251968502
21
-3.9143700787401574
0
LINE
8
BLACK
6
CONTINUOUS
10
4.7757984251968502
20
-3.9143700787401574
11
4.7757984251968502
21
-3.8572834645669292
0
LINE
8
BLACK
6
CONTINUOUS
10
4.7757984251968502
20
-3.8572834645669292
11
4.7759247244094487
21
-3.8553564173228345
0
LINE
8
BLACK
6
CONTINUOUS
10
4.7759247244094487
20
-3.8553564173228345
11
4.7769222440944885
21
-3.851633622047244
0
LINE
8
BLACK
6
CONTINUOUS
10
4.7769222440944885
20
-3.851633622047244
11
4.7788492913385827
21
-3.8482958267716536
0
LINE
8
BLACK
6
CONTINUOUS
10
4.7788492913385827
20
-3.8482958267716536
11
4.7815745669291339
21
-3.8455705511811025
0
LINE
8
BLACK
6
CONTINUOUS
10
4.7815745669291339
20
-3.8455705511811025
11
4.7849123622047243
21
-3.8436435039370078
0
LINE
8
BLACK
6
CONTINUOUS
10
4.7849123622047243
20
-3.8436435039370078
11
4.7886351574803152
21
-3.8426459842519685
0
LINE
8
BLACK
6
CONTINUOUS
10
4.7886351574803152
20
-3.8426459842519685
11
4.7924892519685036
21
-3.8426459842519685
0
LINE
8
BLACK
6
CONTINUOUS
10
4.7924892519685036
20
-3.8426459842519685
11
4.7962120472440946
21
-3.8436435039370078
0
LINE
8
BLACK
6
CONTINUOUS
10
4.8277081102362205
20
-3.8436435039370078
11
4.8310459055118109
21
-3.8455705511811025
0
LINE
8
BLACK
6
CONTINUOUS
10
4.8310459055118109
20
-3.8455705511811025
11
4.833771181102362
21
-3.8482958267716536
0
LINE
8
BLACK
6
CONTINUOUS
10
4.833771181102362
20
-3.8482958267716536
11
4.8356982283464562
21
-3.851633622047244
0
LINE
8
BLACK
6
CONTINUOUS
10
4.8356982283464562
20
-3.851633622047244
11
4.836695748031496
21
-3.8553564173228345
0
LINE
8
BLACK
6
CONTINUOUS
10
4.836695748031496
20
-3.8553564173228345
11
4.8368220472440946
21
-3.8572834645669292
0
LINE
8
BLACK
6
CONTINUOUS
10
4.8368220472440946
20
-3.8572834645669292
11
4.8368220472440946
21
-3.9143700787401574
0
LINE
8
BLACK
6
CONTINUOUS
10
4.8368220472440946
20
-3.9143700787401574
11
4.836695748031496
21
-3.9162971259842521
0
LINE
8
BLACK
6
CONTINUOUS
10
4.836695748031496
20
-3.9162971259842521
11
4.8356982283464562
21
-3.9200199212598426
0
LINE
8
BLACK
6
CONTINUOUS
10
4.8356982283464562
20
-3.9200199212598426
11
4.833771181102362
21
-3.923357716535433
0
LINE
8
BLACK
6
CONTINUOUS
10
4.833771181102362
20
-3.923357716535433
11
4.8310459055118109
21
-3.9260829921259841
0
LINE
8
BLACK
6
CONTINUOUS
10
4.8310459055118109
20
-3.9260829921259841
11
4.8277081102362205
21
-3.9280100393700788
0
LINE
8
BLACK
6
CONTINUOUS
10
4.8277081102362205
20
-3.9280100393700788
11
4.8239853149606295
21
-3.9290075590551181
0
LINE
8
BLACK
6
CONTINUOUS
10
4.8239853149606295
20
-3.9290075590551181
11
4.8201312204724411
21
-3.9290075590551181
0
LINE
8
BLACK
6
CONTINUOUS
10
4.8201312204724411
20
-3.9290075590551181
11
4.8164084251968502
21
-3.9280100393700788
0
LINE
8
BLACK
6
CONTINUOUS
10
4.8164084251968502
20
-3.9280100393700788
11
4.8130706299212598
21
-3.9260829921259841
0
LINE
8
BLACK
6
CONTINUOUS
10
4.8130706299212598
20
-3.9260829921259841
11
4.8103453543307086
21
-3.923357716535433
0
LINE
8
BLACK
6
CONTINUOUS
10
4.8103453543307086
20
-3.923357716535433
11
4.8084183070866144
21
-3.9200199212598426
0
LINE
8
BLACK
6
CONTINUOUS
10
4.8084183070866144
20
-3.9200199212598426
11
4.8074207874015746
21
-3.9162971259842521
0
LINE
8
BLACK
6
CONTINUOUS
10
4.8074207874015746
20
-3.9162971259842521
11
4.8072944881889761
21
-3.9143700787401574
0
LINE
8
BLACK
6
CONTINUOUS
10
4.8072944881889761
20
-3.9143700787401574
11
4.8072944881889761
21
-3.8572834645669292
0
LINE
8
BLACK
6
CONTINUOUS
10
4.8072944881889761
20
-3.8572834645669292
11
4.8074207874015746
21
-3.8553564173228345
0
LINE
8
BLACK
6
CONTINUOUS
10
4.8074207874015746
20
-3.8553564173228345
11
4.8084183070866144
21
-3.851633622047244
0
LINE
8
BLACK
6
CONTINUOUS
10
4.8084183070866144
20
-3.851633622047244
11
4.8103453543307086
21
-3.8482958267716536
0
LINE
8
BLACK
6
CONTINUOUS
10
4.8103453543307086
20
-3.8482958267716536
11
4.8130706299212598
21
-3.8455705511811025
0
LINE
8
BLACK
6
CONTINUOUS
10
4.8130706299212598
20
-3.8455705511811025
11
4.8164084251968502
21
-3.8436435039370078
0
LINE
8
BLACK
6
CONTINUOUS
10
4.8164084251968502
20
-3.8436435039370078
11
4.8201312204724411
21
-3.8426459842519685
0
LINE
8
BLACK
6
CONTINUOUS
10
4.8201312204724411
20
-3.8426459842519685
11
4.8239853149606295
21
-3.8426459842519685
0
LINE
8
BLACK
6
CONTINUOUS
10
4.8239853149606295
20
-3.8426459842519685
11
4.8277081102362205
21
-3.8436435039370078
0
LINE
8
BLACK
6
CONTINUOUS
10
4.8592041732283464
20
-3.8436435039370078
11
4.8625419685039368
21
-3.8455705511811025
0
LINE
8
BLACK
6
CONTINUOUS
10
4.8625419685039368
20
-3.8455705511811025
11
4.865267244094488
21
-3.8482958267716536
0
LINE
8
BLACK
6
CONTINUOUS
10
4.865267244094488
20
-3.8482958267716536
11
4.8671942913385822
21
-3.851633622047244
0
LINE
8
BLACK
6
CONTINUOUS
10
4.8671942913385822
20
-3.851633622047244
11
4.868191811023622
21
-3.8553564173228345
0
LINE
8
BLACK
6
CONTINUOUS
10
4.868191811023622
20
-3.8553564173228345
11
4.8683181102362205
21
-3.8572834645669292
0
LINE
8
BLACK
6
CONTINUOUS
10
4.8683181102362205
20
-3.8572834645669292
11
4.8683181102362205
21
-3.9143700787401574
0
LINE
8
BLACK
6
CONTINUOUS
10
4.8683181102362205
20
-3.9143700787401574
11
4.868191811023622
21
-3.9162971259842521
0
LINE
8
BLACK
6
CONTINUOUS
10
4.868191811023622
20
-3.9162971259842521
11
4.8671942913385822
21
-3.9200199212598426
0
LINE
8
BLACK
6
CONTINUOUS
10
4.8671942913385822
20
-3.9200199212598426
11
4.865267244094488
21
-3.923357716535433
0
LINE
8
BLACK
6
CONTINUOUS
10
4.865267244094488
20
-3.923357716535433
11
4.8625419685039368
21
-3.9260829921259841
0
LINE
8
BLACK
6
CONTINUOUS
10
4.8625419685039368
20
-3.9260829921259841
11
4.8592041732283464
21
-3.9280100393700788
0
LINE
8
BLACK
6
CONTINUOUS
10
4.8592041732283464
20
-3.9280100393700788
11
4.8554813779527555
21
-3.9290075590551181
0
LINE
8
BLACK
6
CONTINUOUS
10
4.8554813779527555
20
-3.9290075590551181
11
4.8516272834645671
21
-3.9290075590551181
0
LINE
8
BLACK
6
CONTINUOUS
10
4.8516272834645671
20
-3.9290075590551181
11
4.8479044881889761
21
-3.9280100393700788
0
LINE
8
BLACK
6
CONTINUOUS
10
4.8479044881889761
20
-3.9280100393700788
11
4.8445666929133857
21
-3.9260829921259841
0
LINE
8
BLACK
6
CONTINUOUS
10
4.8445666929133857
20
-3.9260829921259841
11
4.8418414173228346
21
-3.923357716535433
0
LINE
8
BLACK
6
CONTINUOUS
10
4.8418414173228346
20
-3.923357716535433
11
4.8399143700787404
21
-3.9200199212598426
0
LINE
8
BLACK
6
CONTINUOUS
10
4.8399143700787404
20
-3.9200199212598426
11
4.8389168503937006
21
-3.9162971259842521
0
LINE
8
BLACK
6
CONTINUOUS
10
4.8389168503937006
20
-3.9162971259842521
11
4.838790551181102
21
-3.9143700787401574
0
LINE
8
BLACK
6
CONTINUOUS
10
4.838790551181102
20
-3.9143700787401574
11
4.838790551181102
21
-3.8572834645669292
0
LINE
8
BLACK
6
CONTINUOUS
10
4.838790551181102
20
-3.8572834645669292
11
4.8389168503937006
21
-3.8553564173228345
0
LINE
8
BLACK
6
CONTINUOUS
10
4.8389168503937006
20
-3.8553564173228345
11
4.8399143700787404
21
-3.851633622047244
0
LINE
8
BLACK
6
CONTINUOUS
10
4.8399143700787404
20
-3.851633622047244
11
4.8418414173228346
21
-3.8482958267716536
0
LINE
8
BLACK
6
CONTINUOUS
10
4.8418414173228346
20
-3.8482958267716536
11
4.8445666929133857
21
-3.8455705511811025
0
LINE
8
BLACK
6
CONTINUOUS
10
4.8445666929133857
20
-3.8455705511811025
11
4.8479044881889761
21
-3.8436435039370078
0
LINE
8
BLACK
6
CONTINUOUS
10
4.8479044881889761
20
-3.8436435039370078
11
4.8516272834645671
21
-3.8426459842519685
0
LINE
8
BLACK
6
CONTINUOUS
10
4.8516272834645671
20
-3.8426459842519685
11
4.8554813779527555
21
-3.8426459842519685
0
LINE
8
BLACK
6
CONTINUOUS
10
4.8554813779527555
20
-3.8426459842519685
11
4.8592041732283464
21
-3.8436435039370078
0
LINE
8
BLACK
6
CONTINUOUS
10
4.8907002362204723
20
-3.8436435039370078
11
4.8940380314960628
21
-3.8455705511811025
0
LINE
8
BLACK
6
CONTINUOUS
10
4.8940380314960628
20
-3.8455705511811025
11
4.8967633070866139
21
-3.8482958267716536
0
LINE
8
BLACK
6
CONTINUOUS
10
4.8967633070866139
20
-3.8482958267716536
11
4.898690354330709
21
-3.851633622047244
0
LINE
8
BLACK
6
CONTINUOUS
10
4.898690354330709
20
-3.851633622047244
11
4.8996878740157479
21
-3.8553564173228345
0
LINE
8
BLACK
6
CONTINUOUS
10
4.8996878740157479
20
-3.8553564173228345
11
4.8998141732283464
21
-3.8572834645669292
0
LINE
8
BLACK
6
CONTINUOUS
10
4.8998141732283464
20
-3.8572834645669292
11
4.8998141732283464
21
-3.9143700787401574
0
LINE
8
BLACK
6
CONTINUOUS
10
4.8998141732283464
20
-3.9143700787401574
11
4.8996878740157479
21
-3.9162971259842521
0
LINE
8
BLACK
6
CONTINUOUS
10
4.8996878740157479
20
-3.9162971259842521
11
4.898690354330709
21
-3.9200199212598426
0
LINE
8
BLACK
6
CONTINUOUS
10
4.898690354330709
20
-3.9200199212598426
11
4.8967633070866139
21
-3.923357716535433
0
LINE
8
BLACK
6
CONTINUOUS
10
4.8967633070866139
20
-3.923357716535433
11
4.8940380314960628
21
-3.9260829921259841
0
LINE
8
BLACK
6
CONTINUOUS
10
4.8940380314960628
20
-3.9260829921259841
11
4.8907002362204723
21
-3.9280100393700788
0
LINE
8
BLACK
6
CONTINUOUS
10
4.8907002362204723
20
-3.9280100393700788
11
4.8869774409448814
21
-3.9290075590551181
0
LINE
8
BLACK
6
CONTINUOUS
10
4.8869774409448814
20
-3.9290075590551181
11
4.883123346456693
21
-3.9290075590551181
0
LINE
8
BLACK
6
CONTINUOUS
10
4.883123346456693
20
-3.9290075590551181
11
4.8794005511811021
21
-3.9280100393700788
0
LINE
8
BLACK
6
CONTINUOUS
10
4.8794005511811021
20
-3.9280100393700788
11
4.8760627559055116
21
-3.9260829921259841
0
LINE
8
BLACK
6
CONTINUOUS
10
4.8760627559055116
20
-3.9260829921259841
11
4.8733374803149605
21
-3.923357716535433
0
LINE
8
BLACK
6
CONTINUOUS
10
4.8733374803149605
20
-3.923357716535433
11
4.8714104330708663
21
-3.9200199212598426
0
LINE
8
BLACK
6
CONTINUOUS
10
4.8714104330708663
20
-3.9200199212598426
11
4.8704129133858265
21
-3.9162971259842521
0
LINE
8
BLACK
6
CONTINUOUS
10
4.8704129133858265
20
-3.9162971259842521
11
4.8702866141732279
21
-3.9143700787401574
0
LINE
8
BLACK
6
CONTINUOUS
10
4.8702866141732279
20
-3.9143700787401574
11
4.8702866141732279
21
-3.8572834645669292
0
LINE
8
BLACK
6
CONTINUOUS
10
4.8702866141732279
20
-3.8572834645669292
11
4.8704129133858265
21
-3.8553564173228345
0
LINE
8
BLACK
6
CONTINUOUS
10
4.8704129133858265
20
-3.8553564173228345
11
4.8714104330708663
21
-3.851633622047244
0
LINE
8
BLACK
6
CONTINUOUS
10
4.8714104330708663
20
-3.851633622047244
11
4.8733374803149605
21
-3.8482958267716536
0
LINE
8
BLACK
6
CONTINUOUS
10
4.8733374803149605
20
-3.8482958267716536
11
4.8760627559055116
21
-3.8455705511811025
0
LINE
8
BLACK
6
CONTINUOUS
10
4.8760627559055116
20
-3.8455705511811025
11
4.8794005511811021
21
-3.8436435039370078
0
LINE
8
BLACK
6
CONTINUOUS
10
4.8794005511811021
20
-3.8436435039370078
11
4.883123346456693
21
-3.8426459842519685
0
LINE
8
BLACK
6
CONTINUOUS
10
4.883123346456693
20
-3.8426459842519685
11
4.8869774409448814
21
-3.8426459842519685
0
LINE
8
BLACK
6
CONTINUOUS
10
4.8869774409448814
20
-3.8426459842519685
11
4.8907002362204723
21
-3.8436435039370078
0
LINE
8
BLACK
6
CONTINUOUS
10
4.9221962992125983
20
-3.8436435039370078
11
4.9255340944881887
21
-3.8455705511811025
0
LINE
8
BLACK
6
CONTINUOUS
10
4.9255340944881887
20
-3.8455705511811025
11
4.9282593700787398
21
-3.8482958267716536
0
LINE
8
BLACK
6
CONTINUOUS
10
4.9282593700787398
20
-3.8482958267716536
11
4.9301864173228349
21
-3.851633622047244
0
LINE
8
BLACK
6
CONTINUOUS
10
4.9301864173228349
20
-3.851633622047244
11
4.9311839370078738
21
-3.8553564173228345
0
LINE
8
BLACK
6
CONTINUOUS
10
4.9311839370078738
20
-3.8553564173228345
11
4.9313102362204724
21
-3.8572834645669292
0
LINE
8
BLACK
6
CONTINUOUS
10
4.9313102362204724
20
-3.8572834645669292
11
4.9313102362204724
21
-3.9143700787401574
0
LINE
8
BLACK
6
CONTINUOUS
10
4.9313102362204724
20
-3.9143700787401574
11
4.9311839370078738
21
-3.9162971259842521
0
LINE
8
BLACK
6
CONTINUOUS
10
4.9311839370078738
20
-3.9162971259842521
11
4.9301864173228349
21
-3.9200199212598426
0
LINE
8
BLACK
6
CONTINUOUS
10
4.9301864173228349
20
-3.9200199212598426
11
4.9282593700787398
21
-3.923357716535433
0
LINE
8
BLACK
6
CONTINUOUS
10
4.9282593700787398
20
-3.923357716535433
11
4.9255340944881887
21
-3.9260829921259841
0
LINE
8
BLACK
6
CONTINUOUS
10
4.9255340944881887
20
-3.9260829921259841
11
4.9221962992125983
21
-3.9280100393700788
0
LINE
8
BLACK
6
CONTINUOUS
10
4.9221962992125983
20
-3.9280100393700788
11
4.9184735039370073
21
-3.9290075590551181
0
LINE
8
BLACK
6
CONTINUOUS
10
4.9184735039370073
20
-3.9290075590551181
11
4.9146194094488189
21
-3.9290075590551181
0
LINE
8
BLACK
6
CONTINUOUS
10
4.9146194094488189
20
-3.9290075590551181
11
4.910896614173228
21
-3.9280100393700788
0
LINE
8
BLACK
6
CONTINUOUS
10
4.910896614173228
20
-3.9280100393700788
11
4.9075588188976376
21
-3.9260829921259841
0
LINE
8
BLACK
6
CONTINUOUS
10
4.9075588188976376
20
-3.9260829921259841
11
4.9048335433070864
21
-3.923357716535433
0
LINE
8
BLACK
6
CONTINUOUS
10
4.9048335433070864
20
-3.923357716535433
11
4.9029064960629922
21
-3.9200199212598426
0
LINE
8
BLACK
6
CONTINUOUS
10
4.9029064960629922
20
-3.9200199212598426
11
4.9019089763779524
21
-3.9162971259842521
0
LINE
8
BLACK
6
CONTINUOUS
10
4.9019089763779524
20
-3.9162971259842521
11
4.9017826771653539
21
-3.9143700787401574
0
LINE
8
BLACK
6
CONTINUOUS
10
4.9017826771653539
20
-3.9143700787401574
11
4.9017826771653539
21
-3.8572834645669292
0
LINE
8
BLACK
6
CONTINUOUS
10
4.9017826771653539
20
-3.8572834645669292
11
4.9019089763779524
21
-3.8553564173228345
0
LINE
8
BLACK
6
CONTINUOUS
10
4.9019089763779524
20
-3.8553564173228345
11
4.9029064960629922
21
-3.851633622047244
0
LINE
8
BLACK
6
CONTINUOUS
10
4.9029064960629922
20
-3.851633622047244
11
4.9048335433070864
21
-3.8482958267716536
0
LINE
8
BLACK
6
CONTINUOUS
10
4.9048335433070864
20
-3.8482958267716536
11
4.9075588188976376
21
-3.8455705511811025
0
LINE
8
BLACK
6
CONTINUOUS
10
4.9075588188976376
20
-3.8455705511811025
11
4.910896614173228
21
-3.8436435039370078
0
LINE
8
BLACK
6
CONTINUOUS
10
4.910896614173228
20
-3.8436435039370078
11
4.9146194094488189
21
-3.8426459842519685
0
LINE
8
BLACK
6
CONTINUOUS
10
4.9146194094488189
20
-3.8426459842519685
11
4.9184735039370073
21
-3.8426459842519685
0
LINE
8
BLACK
6
CONTINUOUS
10
4.9184735039370073
20
-3.8426459842519685
11
4.9221962992125983
21
-3.8436435039370078
0
LINE
8
BLACK
6
CONTINUOUS
10
4.9536923622047242
20
-3.8436435039370078
11
4.9570301574803146
21
-3.8455705511811025
0
LINE
8
BLACK
6
CONTINUOUS
10
4.9570301574803146
20
-3.8455705511811025
11
4.9597554330708657
21
-3.8482958267716536
0
LINE
8
BLACK
6
CONTINUOUS
10
4.9597554330708657
20
-3.8482958267716536
11
4.9616824803149608
21
-3.851633622047244
0
LINE
8
BLACK
6
CONTINUOUS
10
4.9616824803149608
20
-3.851633622047244
11
4.9626799999999998
21
-3.8553564173228345
0
LINE
8
BLACK
6
CONTINUOUS
10
4.9626799999999998
20
-3.8553564173228345
11
4.9628062992125983
21
-3.8572834645669292
0
LINE
8
BLACK
6
CONTINUOUS
10
4.9628062992125983
20
-3.8572834645669292
11
4.9628062992125983
21
-3.9143700787401574
0
LINE
8
BLACK
6
CONTINUOUS
10
4.9628062992125983
20
-3.9143700787401574
11
4.9626799999999998
21
-3.9162971259842521
0
LINE
8
BLACK
6
CONTINUOUS
10
4.9626799999999998
20
-3.9162971259842521
11
4.9616824803149608
21
-3.9200199212598426
0
LINE
8
BLACK
6
CONTINUOUS
10
4.9616824803149608
20
-3.9200199212598426
11
4.9597554330708657
21
-3.923357716535433
0
LINE
8
BLACK
6
CONTINUOUS
10
4.9597554330708657
20
-3.923357716535433
11
4.9570301574803146
21
-3.9260829921259841
0
LINE
8
BLACK
6
CONTINUOUS
10
4.9570301574803146
20
-3.9260829921259841
11
4.9536923622047242
21
-3.9280100393700788
0
LINE
8
BLACK
6
CONTINUOUS
10
4.9536923622047242
20
-3.9280100393700788
11
4.9499695669291341
21
-3.9290075590551181
0
LINE
8
BLACK
6
CONTINUOUS
10
4.9499695669291341
20
-3.9290075590551181
11
4.9461154724409448
21
-3.9290075590551181
0
LINE
8
BLACK
6
CONTINUOUS
10
4.9461154724409448
20
-3.9290075590551181
11
4.9423926771653539
21
-3.9280100393700788
0
LINE
8
BLACK
6
CONTINUOUS
10
4.9423926771653539
20
-3.9280100393700788
11
4.9390548818897635
21
-3.9260829921259841
0
LINE
8
BLACK
6
CONTINUOUS
10
4.9390548818897635
20
-3.9260829921259841
11
4.9363296062992124
21
-3.923357716535433
0
LINE
8
BLACK
6
CONTINUOUS
10
4.9363296062992124
20
-3.923357716535433
11
4.9344025590551182
21
-3.9200199212598426
0
LINE
8
BLACK
6
CONTINUOUS
10
4.9344025590551182
20
-3.9200199212598426
11
4.9334050393700783
21
-3.9162971259842521
0
LINE
8
BLACK
6
CONTINUOUS
10
4.9334050393700783
20
-3.9162971259842521
11
4.9332787401574798
21
-3.9143700787401574
0
LINE
8
BLACK
6
CONTINUOUS
10
4.9332787401574798
20
-3.9143700787401574
11
4.9332787401574798
21
-3.8572834645669292
0
LINE
8
BLACK
6
CONTINUOUS
10
4.9332787401574798
20
-3.8572834645669292
11
4.9334050393700783
21
-3.8553564173228345
0
LINE
8
BLACK
6
CONTINUOUS
10
4.9334050393700783
20
-3.8553564173228345
11
4.9344025590551182
21
-3.851633622047244
0
LINE
8
BLACK
6
CONTINUOUS
10
4.9344025590551182
20
-3.851633622047244
11
4.9363296062992124
21
-3.8482958267716536
0
LINE
8
BLACK
6
CONTINUOUS
10
4.9363296062992124
20
-3.8482958267716536
11
4.9390548818897635
21
-3.8455705511811025
0
LINE
8
BLACK
6
CONTINUOUS
10
4.9390548818897635
20
-3.8455705511811025
11
4.9423926771653539
21
-3.8436435039370078
0
LINE
8
BLACK
6
CONTINUOUS
10
4.9423926771653539
20
-3.8436435039370078
11
4.9461154724409448
21
-3.8426459842519685
0
LINE
8
BLACK
6
CONTINUOUS
10
4.9461154724409448
20
-3.8426459842519685
11
4.9499695669291341
21
-3.8426459842519685
0
LINE
8
BLACK
6
CONTINUOUS
10
4.9499695669291341
20
-3.8426459842519685
11
4.9536923622047242
21
-3.8436435039370078
0
LINE
8
BLACK
6
CONTINUOUS
10
4.3489491338582678
20
-3.8049993307086614
11
4.3559012598425193
21
-3.8078790157480316
0
LINE
8
BLACK
6
CONTINUOUS
10
4.3559012598425193
20
-3.8078790157480316
11
4.3621579921259839
21
-3.8120596456692915
0
LINE
8
BLACK
6
CONTINUOUS
10
4.3621579921259839
20
-3.8120596456692915
11
4.3674789370078742
21
-3.8173805905511808
0
LINE
8
BLACK
6
CONTINUOUS
10
4.3674789370078742
20
-3.8173805905511808
11
4.371659566929134
21
-3.8236373228346454
0
LINE
8
BLACK
6
CONTINUOUS
10
4.371659566929134
20
-3.8236373228346454
11
4.3745392519685042
21
-3.8305894488188974
0
LINE
8
BLACK
6
CONTINUOUS
10
4.3745392519685042
20
-3.8305894488188974
11
4.3760072834645669
21
-3.8379698031496061
0
LINE
8
BLACK
6
CONTINUOUS
10
4.3760072834645669
20
-3.8379698031496061
11
4.3760072834645669
21
-3.8454947637795276
0
LINE
8
BLACK
6
CONTINUOUS
10
4.3760072834645669
20
-3.8454947637795276
11
4.3745392519685042
21
-3.8528751181102363
0
LINE
8
BLACK
6
CONTINUOUS
10
4.3745392519685042
20
-3.8528751181102363
11
4.371659566929134
21
-3.8598272440944883
0
LINE
8
BLACK
6
CONTINUOUS
10
4.371659566929134
20
-3.8598272440944883
11
4.3674789370078742
21
-3.8660839763779529
0
LINE
8
BLACK
6
CONTINUOUS
10
4.3674789370078742
20
-3.8660839763779529
11
4.3621579921259839
21
-3.8714049212598423
0
LINE
8
BLACK
6
CONTINUOUS
10
4.3621579921259839
20
-3.8714049212598423
11
4.3559012598425193
21
-3.8755855511811022
0
LINE
8
BLACK
6
CONTINUOUS
10
4.3559012598425193
20
-3.8755855511811022
11
4.3489491338582678
21
-3.8784652362204723
0
LINE
8
BLACK
6
CONTINUOUS
10
4.3489491338582678
20
-3.8784652362204723
11
4.3415687795275586
21
-3.8799332677165355
0
LINE
8
BLACK
6
CONTINUOUS
10
4.3415687795275586
20
-3.8799332677165355
11
4.334043818897638
21
-3.8799332677165355
0
LINE
8
BLACK
6
CONTINUOUS
10
4.334043818897638
20
-3.8799332677165355
11
4.3266634645669289
21
-3.8784652362204723
0
LINE
8
BLACK
6
CONTINUOUS
10
4.3266634645669289
20
-3.8784652362204723
11
4.3197113385826773
21
-3.8755855511811022
0
LINE
8
BLACK
6
CONTINUOUS
10
4.3197113385826773
20
-3.8755855511811022
11
4.3134546062992127
21
-3.8714049212598423
0
LINE
8
BLACK
6
CONTINUOUS
10
4.3134546062992127
20
-3.8714049212598423
11
4.3081336614173225
21
-3.8660839763779529
0
LINE
8
BLACK
6
CONTINUOUS
10
4.3081336614173225
20
-3.8660839763779529
11
4.3039530314960626
21
-3.8598272440944883
0
LINE
8
BLACK
6
CONTINUOUS
10
4.3039530314960626
20
-3.8598272440944883
11
4.3010733464566933
21
-3.8528751181102363
0
LINE
8
BLACK
6
CONTINUOUS
10
4.3010733464566933
20
-3.8528751181102363
11
4.2996053149606297
21
-3.8454947637795276
0
LINE
8
BLACK
6
CONTINUOUS
10
4.2996053149606297
20
-3.8454947637795276
11
4.2996053149606297
21
-3.8379698031496061
0
LINE
8
BLACK
6
CONTINUOUS
10
4.2996053149606297
20
-3.8379698031496061
11
4.3010733464566933
21
-3.8305894488188974
0
LINE
8
BLACK
6
CONTINUOUS
10
4.3010733464566933
20
-3.8305894488188974
11
4.3039530314960626
21
-3.8236373228346454
0
LINE
8
BLACK
6
CONTINUOUS
10
4.3039530314960626
20
-3.8236373228346454
11
4.3081336614173225
21
-3.8173805905511808
0
LINE
8
BLACK
6
CONTINUOUS
10
4.3081336614173225
20
-3.8173805905511808
11
4.3134546062992127
21
-3.8120596456692915
0
LINE
8
BLACK
6
CONTINUOUS
10
4.3134546062992127
20
-3.8120596456692915
11
4.3197113385826773
21
-3.8078790157480316
0
LINE
8
BLACK
6
CONTINUOUS
10
4.3197113385826773
20
-3.8078790157480316
11
4.3266634645669289
21
-3.8049993307086614
0
LINE
8
BLACK
6
CONTINUOUS
10
4.3266634645669289
20
-3.8049993307086614
11
4.334043818897638
21
-3.8035312992125982
0
LINE
8
BLACK
6
CONTINUOUS
10
4.334043818897638
20
-3.8035312992125982
11
4.3415687795275586
21
-3.8035312992125982
0
LINE
8
BLACK
6
CONTINUOUS
10
4.3415687795275586
20
-3.8035312992125982
11
4.3489491338582678
21
-3.8049993307086614
0
LINE
8
BLACK
6
CONTINUOUS
10
5.0497365354330706
20
-3.8049993307086614
11
5.056688661417323
21
-3.8078790157480316
0
LINE
8
BLACK
6
CONTINUOUS
10
5.056688661417323
20
-3.8078790157480316
11
5.0629453937007876
21
-3.8120596456692915
0
LINE
8
BLACK
6
CONTINUOUS
10
5.0629453937007876
20
-3.8120596456692915
11
5.0682663385826769
21
-3.8173805905511808
0
LINE
8
BLACK
6
CONTINUOUS
10
5.0682663385826769
20
-3.8173805905511808
11
5.0724469685039368
21
-3.8236373228346454
0
LINE
8
BLACK
6
CONTINUOUS
10
5.0724469685039368
20
-3.8236373228346454
11
5.075326653543307
21
-3.8305894488188974
0
LINE
8
BLACK
6
CONTINUOUS
10
5.075326653543307
20
-3.8305894488188974
11
5.0767946850393697
21
-3.8379698031496061
0
LINE
8
BLACK
6
CONTINUOUS
10
5.0767946850393697
20
-3.8379698031496061
11
5.0767946850393697
21
-3.8454947637795276
0
LINE
8
BLACK
6
CONTINUOUS
10
5.0767946850393697
20
-3.8454947637795276
11
5.075326653543307
21
-3.8528751181102363
0
LINE
8
BLACK
6
CONTINUOUS
10
5.075326653543307
20
-3.8528751181102363
11
5.0724469685039368
21
-3.8598272440944883
0
LINE
8
BLACK
6
CONTINUOUS
10
5.0724469685039368
20
-3.8598272440944883
11
5.0682663385826769
21
-3.8660839763779529
0
LINE
8
BLACK
6
CONTINUOUS
10
5.0682663385826769
20
-3.8660839763779529
11
5.0629453937007876
21
-3.8714049212598423
0
LINE
8
BLACK
6
CONTINUOUS
10
5.0629453937007876
20
-3.8714049212598423
11
5.056688661417323
21
-3.8755855511811022
0
LINE
8
BLACK
6
CONTINUOUS
10
5.056688661417323
20
-3.8755855511811022
11
5.0497365354330706
21
-3.8784652362204723
0
LINE
8
BLACK
6
CONTINUOUS
10
5.0497365354330706
20
-3.8784652362204723
11
5.0423561811023623
21
-3.8799332677165355
0
LINE
8
BLACK
6
CONTINUOUS
10
5.0423561811023623
20
-3.8799332677165355
11
5.0348312204724408
21
-3.8799332677165355
0
LINE
8
BLACK
6
CONTINUOUS
10
5.0348312204724408
20
-3.8799332677165355
11
5.0274508661417325
21
-3.8784652362204723
0
LINE
8
BLACK
6
CONTINUOUS
10
5.0274508661417325
20
-3.8784652362204723
11
5.0204987401574801
21
-3.8755855511811022
0
LINE
8
BLACK
6
CONTINUOUS
10
5.0204987401574801
20
-3.8755855511811022
11
5.0142420078740155
21
-3.8714049212598423
0
LINE
8
BLACK
6
CONTINUOUS
10
5.0142420078740155
20
-3.8714049212598423
11
5.0089210629921261
21
-3.8660839763779529
0
LINE
8
BLACK
6
CONTINUOUS
10
5.0089210629921261
20
-3.8660839763779529
11
5.0047404330708662
21
-3.8598272440944883
0
LINE
8
BLACK
6
CONTINUOUS
10
5.0047404330708662
20
-3.8598272440944883
11
5.0018607480314961
21
-3.8528751181102363
0
LINE
8
BLACK
6
CONTINUOUS
10
5.0018607480314961
20
-3.8528751181102363
11
5.0003927165354334
21
-3.8454947637795276
0
LINE
8
BLACK
6
CONTINUOUS
10
5.0003927165354334
20
-3.8454947637795276
11
5.0003927165354334
21
-3.8379698031496061
0
LINE
8
BLACK
6
CONTINUOUS
10
5.0003927165354334
20
-3.8379698031496061
11
5.0018607480314961
21
-3.8305894488188974
0
LINE
8
BLACK
6
CONTINUOUS
10
5.0018607480314961
20
-3.8305894488188974
11
5.0047404330708662
21
-3.8236373228346454
0
LINE
8
BLACK
6
CONTINUOUS
10
5.0047404330708662
20
-3.8236373228346454
11
5.0089210629921261
21
-3.8173805905511808
0
LINE
8
BLACK
6
CONTINUOUS
10
5.0089210629921261
20
-3.8173805905511808
11
5.0142420078740155
21
-3.8120596456692915
0
LINE
8
BLACK
6
CONTINUOUS
10
5.0142420078740155
20
-3.8120596456692915
11
5.0204987401574801
21
-3.8078790157480316
0
LINE
8
BLACK
6
CONTINUOUS
10
5.0204987401574801
20
-3.8078790157480316
11
5.0274508661417325
21
-3.8049993307086614
0
LINE
8
BLACK
6
CONTINUOUS
10
5.0274508661417325
20
-3.8049993307086614
11
5.0348312204724408
21
-3.8035312992125982
0
LINE
8
BLACK
6
CONTINUOUS
10
5.0348312204724408
20
-3.8035312992125982
11
5.0423561811023623
21
-3.8035312992125982
0
LINE
8
BLACK
6
CONTINUOUS
10
5.0423561811023623
20
-3.8035312992125982
11
5.0497365354330706
21
-3.8049993307086614
0
LINE
8
BLACK
6
CONTINUOUS
10
2.6023817322834644
20
-3.7413411023622047
11
2.6109012204724409
21
-3.7441092519685037
0
LINE
8
BLACK
6
CONTINUOUS
10
2.6109012204724409
20
-3.7441092519685037
11
2.6188827952755904
21
-3.7481760629921257
0
LINE
8
BLACK
6
CONTINUOUS
10
2.6188827952755904
20
-3.7481760629921257
11
2.6261299212598423
21
-3.7534413779527558
0
LINE
8
BLACK
6
CONTINUOUS
10
2.6261299212598423
20
-3.7534413779527558
11
2.6324641338582677
21
-3.7597755905511812
0
LINE
8
BLACK
6
CONTINUOUS
10
2.6324641338582677
20
-3.7597755905511812
11
2.6377294488188974
21
-3.7670227165354331
0
LINE
8
BLACK
6
CONTINUOUS
10
2.6377294488188974
20
-3.7670227165354331
11
2.6417962598425198
21
-3.7750042913385826
0
LINE
8
BLACK
6
CONTINUOUS
10
2.6417962598425198
20
-3.7750042913385826
11
2.6445644094488188
21
-3.7835237795275591
0
LINE
8
BLACK
6
CONTINUOUS
10
2.6445644094488188
20
-3.7835237795275591
11
2.6459657480314962
21
-3.7923714173228347
0
LINE
8
BLACK
6
CONTINUOUS
10
2.6459657480314962
20
-3.7923714173228347
11
2.6459657480314962
21
-3.8013293700787401
0
LINE
8
BLACK
6
CONTINUOUS
10
2.6459657480314962
20
-3.8013293700787401
11
2.6445644094488188
21
-3.8101770078740156
0
LINE
8
BLACK
6
CONTINUOUS
10
2.6445644094488188
20
-3.8101770078740156
11
2.6417962598425198
21
-3.8186964960629921
0
LINE
8
BLACK
6
CONTINUOUS
10
2.6417962598425198
20
-3.8186964960629921
11
2.6377294488188974
21
-3.8266780708661416
0
LINE
8
BLACK
6
CONTINUOUS
10
2.6377294488188974
20
-3.8266780708661416
11
2.6324641338582677
21
-3.8339251968503936
0
LINE
8
BLACK
6
CONTINUOUS
10
2.6324641338582677
20
-3.8339251968503936
11
2.6261299212598423
21
-3.8402594094488189
0
LINE
8
BLACK
6
CONTINUOUS
10
2.6261299212598423
20
-3.8402594094488189
11
2.6188827952755904
21
-3.8455247244094486
0
LINE
8
BLACK
6
CONTINUOUS
10
2.6188827952755904
20
-3.8455247244094486
11
2.6109012204724409
21
-3.849591535433071
0
LINE
8
BLACK
6
CONTINUOUS
10
2.6109012204724409
20
-3.849591535433071
11
2.6023817322834644
21
-3.85235968503937
0
LINE
8
BLACK
6
CONTINUOUS
10
2.6023817322834644
20
-3.85235968503937
11
2.5935340944881888
21
-3.853761023622047
0
LINE
8
BLACK
6
CONTINUOUS
10
2.5935340944881888
20
-3.853761023622047
11
2.5845761417322834
21
-3.853761023622047
0
LINE
8
BLACK
6
CONTINUOUS
10
2.5845761417322834
20
-3.853761023622047
11
2.5757285039370079
21
-3.85235968503937
0
LINE
8
BLACK
6
CONTINUOUS
10
2.5757285039370079
20
-3.85235968503937
11
2.5672090157480314
21
-3.849591535433071
0
LINE
8
BLACK
6
CONTINUOUS
10
2.5672090157480314
20
-3.849591535433071
11
2.5592274409448819
21
-3.8455247244094486
0
LINE
8
BLACK
6
CONTINUOUS
10
2.5592274409448819
20
-3.8455247244094486
11
2.5519803149606299
21
-3.8402594094488189
0
LINE
8
BLACK
6
CONTINUOUS
10
2.5519803149606299
20
-3.8402594094488189
11
2.5456461023622046
21
-3.8339251968503936
0
LINE
8
BLACK
6
CONTINUOUS
10
2.5456461023622046
20
-3.8339251968503936
11
2.5403807874015749
21
-3.8266780708661416
0
LINE
8
BLACK
6
CONTINUOUS
10
2.5403807874015749
20
-3.8266780708661416
11
2.5363139763779525
21
-3.8186964960629921
0
LINE
8
BLACK
6
CONTINUOUS
10
2.5363139763779525
20
-3.8186964960629921
11
2.5335458267716535
21
-3.8101770078740156
0
LINE
8
BLACK
6
CONTINUOUS
10
2.5335458267716535
20
-3.8101770078740156
11
2.5321444881889765
21
-3.8013293700787401
0
LINE
8
BLACK
6
CONTINUOUS
10
2.5321444881889765
20
-3.8013293700787401
11
2.5321444881889765
21
-3.7923714173228347
0
LINE
8
BLACK
6
CONTINUOUS
10
2.5321444881889765
20
-3.7923714173228347
11
2.5335458267716535
21
-3.7835237795275591
0
LINE
8
BLACK
6
CONTINUOUS
10
2.5335458267716535
20
-3.7835237795275591
11
2.5363139763779525
21
-3.7750042913385826
0
LINE
8
BLACK
6
CONTINUOUS
10
2.5363139763779525
20
-3.7750042913385826
11
2.5403807874015749
21
-3.7670227165354331
0
LINE
8
BLACK
6
CONTINUOUS
10
2.5403807874015749
20
-3.7670227165354331
11
2.5456461023622046
21
-3.7597755905511812
0
LINE
8
BLACK
6
CONTINUOUS
10
2.5456461023622046
20
-3.7597755905511812
11
2.5519803149606299
21
-3.7534413779527558
0
LINE
8
BLACK
6
CONTINUOUS
10
2.5519803149606299
20
-3.7534413779527558
11
2.5592274409448819
21
-3.7481760629921257
0
LINE
8
BLACK
6
CONTINUOUS
10
2.5592274409448819
20
-3.7481760629921257
11
2.5672090157480314
21
-3.7441092519685037
0
LINE
8
BLACK
6
CONTINUOUS
10
2.5672090157480314
20
-3.7441092519685037
11
2.5757285039370079
21
-3.7413411023622047
0
LINE
8
BLACK
6
CONTINUOUS
10
2.5757285039370079
20
-3.7413411023622047
11
2.5845761417322834
21
-3.7399397637795273
0
LINE
8
BLACK
6
CONTINUOUS
10
2.5845761417322834
20
-3.7399397637795273
11
2.5935340944881888
21
-3.7399397637795273
0
LINE
8
BLACK
6
CONTINUOUS
10
2.5935340944881888
20
-3.7399397637795273
11
2.6023817322834644
21
-3.7413411023622047
0
LINE
8
BLACK
6
CONTINUOUS
10
2.536831220472441
20
-3.6706146062992127
11
2.5425084251968504
21
-3.6717438976377954
0
LINE
8
BLACK
6
CONTINUOUS
10
2.5425084251968504
20
-3.6717438976377954
11
2.5478562204724411
21
-3.6739590157480313
0
LINE
8
BLACK
6
CONTINUOUS
10
2.5478562204724411
20
-3.6739590157480313
11
2.5526690944881891
21
-3.6771748818897638
0
LINE
8
BLACK
6
CONTINUOUS
10
2.5526690944881891
20
-3.6771748818897638
11
2.5567621259842519
21
-3.6812679133858266
0
LINE
8
BLACK
6
CONTINUOUS
10
2.5567621259842519
20
-3.6812679133858266
11
2.559977992125984
21
-3.6860807874015746
0
LINE
8
BLACK
6
CONTINUOUS
10
2.559977992125984
20
-3.6860807874015746
11
2.5621931102362203
21
-3.6914285826771653
0
LINE
8
BLACK
6
CONTINUOUS
10
2.5621931102362203
20
-3.6914285826771653
11
2.5633224015748031
21
-3.6971057874015747
0
LINE
8
BLACK
6
CONTINUOUS
10
2.5633224015748031
20
-3.6971057874015747
11
2.5633224015748031
21
-3.7028942125984252
0
LINE
8
BLACK
6
CONTINUOUS
10
2.5633224015748031
20
-3.7028942125984252
11
2.5621931102362203
21
-3.7085714173228346
0
LINE
8
BLACK
6
CONTINUOUS
10
2.5621931102362203
20
-3.7085714173228346
11
2.559977992125984
21
-3.7139192125984253
0
LINE
8
BLACK
6
CONTINUOUS
10
2.559977992125984
20
-3.7139192125984253
11
2.5567621259842519
21
-3.7187320866141733
0
LINE
8
BLACK
6
CONTINUOUS
10
2.5567621259842519
20
-3.7187320866141733
11
2.5526690944881891
21
-3.7228251181102361
0
LINE
8
BLACK
6
CONTINUOUS
10
2.5526690944881891
20
-3.7228251181102361
11
2.5478562204724411
21
-3.7260409842519686
0
LINE
8
BLACK
6
CONTINUOUS
10
2.5478562204724411
20
-3.7260409842519686
11
2.5425084251968504
21
-3.7282561023622045
0
LINE
8
BLACK
6
CONTINUOUS
10
2.5425084251968504
20
-3.7282561023622045
11
2.536831220472441
21
-3.7293853937007873
0
LINE
8
BLACK
6
CONTINUOUS
10
2.536831220472441
20
-3.7293853937007873
11
2.5339370078740155
21
-3.7295275590551182
0
LINE
8
BLACK
6
CONTINUOUS
10
2.5339370078740155
20
-3.7295275590551182
11
2.5260629921259841
21
-3.7295275590551182
0
LINE
8
BLACK
6
CONTINUOUS
10
2.5260629921259841
20
-3.7295275590551182
11
2.523168779527559
21
-3.7293853937007873
0
LINE
8
BLACK
6
CONTINUOUS
10
2.523168779527559
20
-3.7293853937007873
11
2.5174915748031497
21
-3.7282561023622045
0
LINE
8
BLACK
6
CONTINUOUS
10
2.5174915748031497
20
-3.7282561023622045
11
2.512143779527559
21
-3.7260409842519686
0
LINE
8
BLACK
6
CONTINUOUS
10
2.512143779527559
20
-3.7260409842519686
11
2.5073309055118109
21
-3.7228251181102361
0
LINE
8
BLACK
6
CONTINUOUS
10
2.5073309055118109
20
-3.7228251181102361
11
2.5032378740157482
21
-3.7187320866141733
0
LINE
8
BLACK
6
CONTINUOUS
10
2.5032378740157482
20
-3.7187320866141733
11
2.5000220078740156
21
-3.7139192125984253
0
LINE
8
BLACK
6
CONTINUOUS
10
2.5000220078740156
20
-3.7139192125984253
11
2.4978068897637793
21
-3.7085714173228346
0
LINE
8
BLACK
6
CONTINUOUS
10
2.4978068897637793
20
-3.7085714173228346
11
2.496677598425197
21
-3.7028942125984252
0
LINE
8
BLACK
6
CONTINUOUS
10
2.496677598425197
20
-3.7028942125984252
11
2.496677598425197
21
-3.6971057874015747
0
LINE
8
BLACK
6
CONTINUOUS
10
2.496677598425197
20
-3.6971057874015747
11
2.4978068897637793
21
-3.6914285826771653
0
LINE
8
BLACK
6
CONTINUOUS
10
2.4978068897637793
20
-3.6914285826771653
11
2.5000220078740156
21
-3.6860807874015746
0
LINE
8
BLACK
6
CONTINUOUS
10
2.5000220078740156
20
-3.6860807874015746
11
2.5032378740157482
21
-3.6812679133858266
0
LINE
8
BLACK
6
CONTINUOUS
10
2.5032378740157482
20
-3.6812679133858266
11
2.5073309055118109
21
-3.6771748818897638
0
LINE
8
BLACK
6
CONTINUOUS
10
2.5073309055118109
20
-3.6771748818897638
11
2.512143779527559
21
-3.6739590157480313
0
LINE
8
BLACK
6
CONTINUOUS
10
2.512143779527559
20
-3.6739590157480313
11
2.5174915748031497
21
-3.6717438976377954
0
LINE
8
BLACK
6
CONTINUOUS
10
2.5174915748031497
20
-3.6717438976377954
11
2.523168779527559
21
-3.6706146062992127
0
LINE
8
BLACK
6
CONTINUOUS
10
2.523168779527559
20
-3.6706146062992127
11
2.5260629921259841
21
-3.6704724409448817
0
LINE
8
BLACK
6
CONTINUOUS
10
2.5260629921259841
20
-3.6704724409448817
11
2.5339370078740155
21
-3.6704724409448817
0
LINE
8
BLACK
6
CONTINUOUS
10
2.5339370078740155
20
-3.6704724409448817
11
2.536831220472441
21
-3.6706146062992127
0
LINE
8
BLACK
6
CONTINUOUS
10
2.8625170078740156
20
-3.6342441338582678
11
2.8671814566929132
21
-3.6366207874015748
0
LINE
8
BLACK
6
CONTINUOUS
10
2.8671814566929132
20
-3.6366207874015748
11
2.870883149606299
21
-3.6403224803149605
0
LINE
8
BLACK
6
CONTINUOUS
10
2.870883149606299
20
-3.6403224803149605
11
2.8732598031496064
21
-3.6449869291338581
0
LINE
8
BLACK
6
CONTINUOUS
10
2.8732598031496064
20
-3.6449869291338581
11
2.8740787401574801
21
-3.6501574803149603
0
LINE
8
BLACK
6
CONTINUOUS
10
2.8740787401574801
20
-3.6501574803149603
11
2.8740787401574801
21
-3.6698425196850395
0
LINE
8
BLACK
6
CONTINUOUS
10
2.8740787401574801
20
-3.6698425196850395
11
2.8732598031496064
21
-3.6750130708661417
0
LINE
8
BLACK
6
CONTINUOUS
10
2.8732598031496064
20
-3.6750130708661417
11
2.870883149606299
21
-3.6796775196850393
0
LINE
8
BLACK
6
CONTINUOUS
10
2.870883149606299
20
-3.6796775196850393
11
2.8671814566929132
21
-3.683379212598425
0
LINE
8
BLACK
6
CONTINUOUS
10
2.8671814566929132
20
-3.683379212598425
11
2.8625170078740156
21
-3.685755866141732
0
LINE
8
BLACK
6
CONTINUOUS
10
2.8625170078740156
20
-3.685755866141732
11
2.8573464566929134
21
-3.6865748031496062
0
LINE
8
BLACK
6
CONTINUOUS
10
2.8573464566929134
20
-3.6865748031496062
11
2.8396299212598426
21
-3.6865748031496062
0
LINE
8
BLACK
6
CONTINUOUS
10
2.8396299212598426
20
-3.6865748031496062
11
2.8344593700787399
21
-3.685755866141732
0
LINE
8
BLACK
6
CONTINUOUS
10
2.8344593700787399
20
-3.685755866141732
11
2.8297949212598423
21
-3.683379212598425
0
LINE
8
BLACK
6
CONTINUOUS
10
2.8297949212598423
20
-3.683379212598425
11
2.8260932283464566
21
-3.6796775196850393
0
LINE
8
BLACK
6
CONTINUOUS
10
2.8260932283464566
20
-3.6796775196850393
11
2.8237165748031496
21
-3.6750130708661417
0
LINE
8
BLACK
6
CONTINUOUS
10
2.8237165748031496
20
-3.6750130708661417
11
2.8228976377952755
21
-3.6698425196850395
0
LINE
8
BLACK
6
CONTINUOUS
10
2.8228976377952755
20
-3.6698425196850395
11
2.8228976377952755
21
-3.6501574803149603
0
LINE
8
BLACK
6
CONTINUOUS
10
2.8228976377952755
20
-3.6501574803149603
11
2.8237165748031496
21
-3.6449869291338581
0
LINE
8
BLACK
6
CONTINUOUS
10
2.8237165748031496
20
-3.6449869291338581
11
2.8260932283464566
21
-3.6403224803149605
0
LINE
8
BLACK
6
CONTINUOUS
10
2.8260932283464566
20
-3.6403224803149605
11
2.8297949212598423
21
-3.6366207874015748
0
LINE
8
BLACK
6
CONTINUOUS
10
2.8297949212598423
20
-3.6366207874015748
11
2.8344593700787399
21
-3.6342441338582678
0
LINE
8
BLACK
6
CONTINUOUS
10
2.8344593700787399
20
-3.6342441338582678
11
2.8396299212598426
21
-3.6334251968503937
0
LINE
8
BLACK
6
CONTINUOUS
10
2.8396299212598426
20
-3.6334251968503937
11
2.8573464566929134
21
-3.6334251968503937
0
LINE
8
BLACK
6
CONTINUOUS
10
2.8573464566929134
20
-3.6334251968503937
11
2.8625170078740156
21
-3.6342441338582678
0
LINE
8
BLACK
6
CONTINUOUS
10
2.9235406299212596
20
-3.6342441338582678
11
2.9282050787401572
21
-3.6366207874015748
0
LINE
8
BLACK
6
CONTINUOUS
10
2.9282050787401572
20
-3.6366207874015748
11
2.9319067716535434
21
-3.6403224803149605
0
LINE
8
BLACK
6
CONTINUOUS
10
2.9319067716535434
20
-3.6403224803149605
11
2.9342834251968504
21
-3.6449869291338581
0
LINE
8
BLACK
6
CONTINUOUS
10
2.9342834251968504
20
-3.6449869291338581
11
2.9351023622047245
21
-3.6501574803149603
0
LINE
8
BLACK
6
CONTINUOUS
10
2.9351023622047245
20
-3.6501574803149603
11
2.9351023622047245
21
-3.6698425196850395
0
LINE
8
BLACK
6
CONTINUOUS
10
2.9351023622047245
20
-3.6698425196850395
11
2.9342834251968504
21
-3.6750130708661417
0
LINE
8
BLACK
6
CONTINUOUS
10
2.9342834251968504
20
-3.6750130708661417
11
2.9319067716535434
21
-3.6796775196850393
0
LINE
8
BLACK
6
CONTINUOUS
10
2.9319067716535434
20
-3.6796775196850393
11
2.9282050787401572
21
-3.683379212598425
0
LINE
8
BLACK
6
CONTINUOUS
10
2.9282050787401572
20
-3.683379212598425
11
2.9235406299212596
21
-3.685755866141732
0
LINE
8
BLACK
6
CONTINUOUS
10
2.9235406299212596
20
-3.685755866141732
11
2.9183700787401574
21
-3.6865748031496062
0
LINE
8
BLACK
6
CONTINUOUS
10
2.9183700787401574
20
-3.6865748031496062
11
2.9006535433070866
21
-3.6865748031496062
0
LINE
8
BLACK
6
CONTINUOUS
10
2.9006535433070866
20
-3.6865748031496062
11
2.8954829921259844
21
-3.685755866141732
0
LINE
8
BLACK
6
CONTINUOUS
10
2.8954829921259844
20
-3.685755866141732
11
2.8908185433070868
21
-3.683379212598425
0
LINE
8
BLACK
6
CONTINUOUS
10
2.8908185433070868
20
-3.683379212598425
11
2.8871168503937006
21
-3.6796775196850393
0
LINE
8
BLACK
6
CONTINUOUS
10
2.8871168503937006
20
-3.6796775196850393
11
2.8847401968503936
21
-3.6750130708661417
0
LINE
8
BLACK
6
CONTINUOUS
10
2.8847401968503936
20
-3.6750130708661417
11
2.8839212598425195
21
-3.6698425196850395
0
LINE
8
BLACK
6
CONTINUOUS
10
2.8839212598425195
20
-3.6698425196850395
11
2.8839212598425195
21
-3.6501574803149603
0
LINE
8
BLACK
6
CONTINUOUS
10
2.8839212598425195
20
-3.6501574803149603
11
2.8847401968503936
21
-3.6449869291338581
0
LINE
8
BLACK
6
CONTINUOUS
10
2.8847401968503936
20
-3.6449869291338581
11
2.8871168503937006
21
-3.6403224803149605
0
LINE
8
BLACK
6
CONTINUOUS
10
2.8871168503937006
20
-3.6403224803149605
11
2.8908185433070868
21
-3.6366207874015748
0
LINE
8
BLACK
6
CONTINUOUS
10
2.8908185433070868
20
-3.6366207874015748
11
2.8954829921259844
21
-3.6342441338582678
0
LINE
8
BLACK
6
CONTINUOUS
10
2.8954829921259844
20
-3.6342441338582678
11
2.9006535433070866
21
-3.6334251968503937
0
LINE
8
BLACK
6
CONTINUOUS
10
2.9006535433070866
20
-3.6334251968503937
11
2.9183700787401574
21
-3.6334251968503937
0
LINE
8
BLACK
6
CONTINUOUS
10
2.9183700787401574
20
-3.6334251968503937
11
2.9235406299212596
21
-3.6342441338582678
0
LINE
8
BLACK
6
CONTINUOUS
10
2.7946931889763778
20
-3.6346290157480312
11
2.7990832283464568
21
-3.6368658661417324
0
LINE
8
BLACK
6
CONTINUOUS
10
2.7990832283464568
20
-3.6368658661417324
11
2.8025672047244092
21
-3.6403498425196847
0
LINE
8
BLACK
6
CONTINUOUS
10
2.8025672047244092
20
-3.6403498425196847
11
2.8048040551181104
21
-3.6447398818897638
0
LINE
8
BLACK
6
CONTINUOUS
10
2.8048040551181104
20
-3.6447398818897638
11
2.8055748031496064
21
-3.6496062992125982
0
LINE
8
BLACK
6
CONTINUOUS
10
2.8055748031496064
20
-3.6496062992125982
11
2.8055748031496064
21
-3.6653543307086611
0
LINE
8
BLACK
6
CONTINUOUS
10
2.8055748031496064
20
-3.6653543307086611
11
2.8048040551181104
21
-3.6702207480314959
0
LINE
8
BLACK
6
CONTINUOUS
10
2.8048040551181104
20
-3.6702207480314959
11
2.8025672047244092
21
-3.6746107874015745
0
LINE
8
BLACK
6
CONTINUOUS
10
2.8025672047244092
20
-3.6746107874015745
11
2.7990832283464568
21
-3.6780947637795274
0
LINE
8
BLACK
6
CONTINUOUS
10
2.7990832283464568
20
-3.6780947637795274
11
2.7946931889763778
21
-3.6803316141732281
0
LINE
8
BLACK
6
CONTINUOUS
10
2.7946931889763778
20
-3.6803316141732281
11
2.7898267716535434
21
-3.6811023622047245
0
LINE
8
BLACK
6
CONTINUOUS
10
2.7898267716535434
20
-3.6811023622047245
11
2.7681732283464568
21
-3.6811023622047245
0
LINE
8
BLACK
6
CONTINUOUS
10
2.7681732283464568
20
-3.6811023622047245
11
2.7633068110236221
21
-3.6803316141732281
0
LINE
8
BLACK
6
CONTINUOUS
10
2.7633068110236221
20
-3.6803316141732281
11
2.7589167716535434
21
-3.6780947637795274
0
LINE
8
BLACK
6
CONTINUOUS
10
2.7589167716535434
20
-3.6780947637795274
11
2.7554327952755906
21
-3.6746107874015745
0
LINE
8
BLACK
6
CONTINUOUS
10
2.7554327952755906
20
-3.6746107874015745
11
2.7531959448818899
21
-3.6702207480314959
0
LINE
8
BLACK
6
CONTINUOUS
10
2.7531959448818899
20
-3.6702207480314959
11
2.7524251968503934
21
-3.6653543307086611
0
LINE
8
BLACK
6
CONTINUOUS
10
2.7524251968503934
20
-3.6653543307086611
11
2.7524251968503934
21
-3.6496062992125982
0
LINE
8
BLACK
6
CONTINUOUS
10
2.7524251968503934
20
-3.6496062992125982
11
2.7531959448818899
21
-3.6447398818897638
0
LINE
8
BLACK
6
CONTINUOUS
10
2.7531959448818899
20
-3.6447398818897638
11
2.7554327952755906
21
-3.6403498425196847
0
LINE
8
BLACK
6
CONTINUOUS
10
2.7554327952755906
20
-3.6403498425196847
11
2.7589167716535434
21
-3.6368658661417324
0
LINE
8
BLACK
6
CONTINUOUS
10
2.7589167716535434
20
-3.6368658661417324
11
2.7633068110236221
21
-3.6346290157480312
0
LINE
8
BLACK
6
CONTINUOUS
10
2.7633068110236221
20
-3.6346290157480312
11
2.7681732283464568
21
-3.6338582677165352
0
LINE
8
BLACK
6
CONTINUOUS
10
2.7681732283464568
20
-3.6338582677165352
11
2.7898267716535434
21
-3.6338582677165352
0
LINE
8
BLACK
6
CONTINUOUS
10
2.7898267716535434
20
-3.6338582677165352
11
2.7946931889763778
21
-3.6346290157480312
0
LINE
8
BLACK
6
CONTINUOUS
10
2.5958863385826771
20
-3.5706146062992126
11
2.6015635433070865
21
-3.5717438976377953
0
LINE
8
BLACK
6
CONTINUOUS
10
2.6015635433070865
20
-3.5717438976377953
11
2.6069113385826772
21
-3.5739590157480312
0
LINE
8
BLACK
6
CONTINUOUS
10
2.6069113385826772
20
-3.5739590157480312
11
2.6117242125984252
21
-3.5771748818897637
0
LINE
8
BLACK
6
CONTINUOUS
10
2.6117242125984252
20
-3.5771748818897637
11
2.615817244094488
21
-3.5812679133858265
0
LINE
8
BLACK
6
CONTINUOUS
10
2.615817244094488
20
-3.5812679133858265
11
2.6190331102362205
21
-3.5860807874015745
0
LINE
8
BLACK
6
CONTINUOUS
10
2.6190331102362205
20
-3.5860807874015745
11
2.6212482283464564
21
-3.5914285826771652
0
LINE
8
BLACK
6
CONTINUOUS
10
2.6212482283464564
20
-3.5914285826771652
11
2.6223775196850392
21
-3.5971057874015746
0
LINE
8
BLACK
6
CONTINUOUS
10
2.6223775196850392
20
-3.5971057874015746
11
2.6223775196850392
21
-3.6028942125984251
0
LINE
8
BLACK
6
CONTINUOUS
10
2.6223775196850392
20
-3.6028942125984251
11
2.6212482283464564
21
-3.6085714173228345
0
LINE
8
BLACK
6
CONTINUOUS
10
2.6212482283464564
20
-3.6085714173228345
11
2.6190331102362205
21
-3.6139192125984252
0
LINE
8
BLACK
6
CONTINUOUS
10
2.6190331102362205
20
-3.6139192125984252
11
2.615817244094488
21
-3.6187320866141732
0
LINE
8
BLACK
6
CONTINUOUS
10
2.615817244094488
20
-3.6187320866141732
11
2.6117242125984252
21
-3.622825118110236
0
LINE
8
BLACK
6
CONTINUOUS
10
2.6117242125984252
20
-3.622825118110236
11
2.6084692519685038
21
-3.625
0
LINE
8
BLACK
6
CONTINUOUS
10
2.6084692519685038
20
-3.625
11
2.6117242125984252
21
-3.6271748818897636
0
LINE
8
BLACK
6
CONTINUOUS
10
2.6117242125984252
20
-3.6271748818897636
11
2.615817244094488
21
-3.6312679133858268
0
LINE
8
BLACK
6
CONTINUOUS
10
2.615817244094488
20
-3.6312679133858268
11
2.6190331102362205
21
-3.6360807874015748
0
LINE
8
BLACK
6
CONTINUOUS
10
2.6190331102362205
20
-3.6360807874015748
11
2.6212482283464564
21
-3.6414285826771651
0
LINE
8
BLACK
6
CONTINUOUS
10
2.6212482283464564
20
-3.6414285826771651
11
2.6223775196850392
21
-3.6471057874015749
0
LINE
8
BLACK
6
CONTINUOUS
10
2.6223775196850392
20
-3.6471057874015749
11
2.6223775196850392
21
-3.652894212598425
0
LINE
8
BLACK
6
CONTINUOUS
10
2.6223775196850392
20
-3.652894212598425
11
2.6212482283464564
21
-3.6585714173228348
0
LINE
8
BLACK
6
CONTINUOUS
10
2.6212482283464564
20
-3.6585714173228348
11
2.6190331102362205
21
-3.663919212598425
0
LINE
8
BLACK
6
CONTINUOUS
10
2.6190331102362205
20
-3.663919212598425
11
2.615817244094488
21
-3.668732086614173
0
LINE
8
BLACK
6
CONTINUOUS
10
2.615817244094488
20
-3.668732086614173
11
2.6117242125984252
21
-3.6728251181102363
0
LINE
8
BLACK
6
CONTINUOUS
10
2.6117242125984252
20
-3.6728251181102363
11
2.6069113385826772
21
-3.6760409842519683
0
LINE
8
BLACK
6
CONTINUOUS
10
2.6069113385826772
20
-3.6760409842519683
11
2.6015635433070865
21
-3.6782561023622047
0
LINE
8
BLACK
6
CONTINUOUS
10
2.6015635433070865
20
-3.6782561023622047
11
2.5958863385826771
21
-3.6793853937007874
0
LINE
8
BLACK
6
CONTINUOUS
10
2.5958863385826771
20
-3.6793853937007874
11
2.5929921259842521
21
-3.679527559055118
0
LINE
8
BLACK
6
CONTINUOUS
10
2.5929921259842521
20
-3.679527559055118
11
2.5851181102362206
21
-3.679527559055118
0
LINE
8
BLACK
6
CONTINUOUS
10
2.5851181102362206
20
-3.679527559055118
11
2.5822238976377951
21
-3.6793853937007874
0
LINE
8
BLACK
6
CONTINUOUS
10
2.5822238976377951
20
-3.6793853937007874
11
2.5765466929133858
21
-3.6782561023622047
0
LINE
8
BLACK
6
CONTINUOUS
10
2.5765466929133858
20
-3.6782561023622047
11
2.5711988976377951
21
-3.6760409842519683
0
LINE
8
BLACK
6
CONTINUOUS
10
2.5711988976377951
20
-3.6760409842519683
11
2.566386023622047
21
-3.6728251181102363
0
LINE
8
BLACK
6
CONTINUOUS
10
2.566386023622047
20
-3.6728251181102363
11
2.5622929921259843
21
-3.668732086614173
0
LINE
8
BLACK
6
CONTINUOUS
10
2.5622929921259843
20
-3.668732086614173
11
2.5590771259842517
21
-3.663919212598425
0
LINE
8
BLACK
6
CONTINUOUS
10
2.5590771259842517
20
-3.663919212598425
11
2.5568620078740159
21
-3.6585714173228348
0
LINE
8
BLACK
6
CONTINUOUS
10
2.5568620078740159
20
-3.6585714173228348
11
2.5557327165354331
21
-3.652894212598425
0
LINE
8
BLACK
6
CONTINUOUS
10
2.5557327165354331
20
-3.652894212598425
11
2.5557327165354331
21
-3.6471057874015749
0
LINE
8
BLACK
6
CONTINUOUS
10
2.5557327165354331
20
-3.6471057874015749
11
2.5568620078740159
21
-3.6414285826771651
0
LINE
8
BLACK
6
CONTINUOUS
10
2.5568620078740159
20
-3.6414285826771651
11
2.5590771259842517
21
-3.6360807874015748
0
LINE
8
BLACK
6
CONTINUOUS
10
2.5590771259842517
20
-3.6360807874015748
11
2.5622929921259843
21
-3.6312679133858268
0
LINE
8
BLACK
6
CONTINUOUS
10
2.5622929921259843
20
-3.6312679133858268
11
2.566386023622047
21
-3.6271748818897636
0
LINE
8
BLACK
6
CONTINUOUS
10
2.566386023622047
20
-3.6271748818897636
11
2.5696409448818898
21
-3.625
0
LINE
8
BLACK
6
CONTINUOUS
10
2.5696409448818898
20
-3.625
11
2.566386023622047
21
-3.622825118110236
0
LINE
8
BLACK
6
CONTINUOUS
10
2.566386023622047
20
-3.622825118110236
11
2.5622929921259843
21
-3.6187320866141732
0
LINE
8
BLACK
6
CONTINUOUS
10
2.5622929921259843
20
-3.6187320866141732
11
2.5590771259842517
21
-3.6139192125984252
0
LINE
8
BLACK
6
CONTINUOUS
10
2.5590771259842517
20
-3.6139192125984252
11
2.5568620078740159
21
-3.6085714173228345
0
LINE
8
BLACK
6
CONTINUOUS
10
2.5568620078740159
20
-3.6085714173228345
11
2.5557327165354331
21
-3.6028942125984251
0
LINE
8
BLACK
6
CONTINUOUS
10
2.5557327165354331
20
-3.6028942125984251
11
2.5557327165354331
21
-3.5971057874015746
0
LINE
8
BLACK
6
CONTINUOUS
10
2.5557327165354331
20
-3.5971057874015746
11
2.5568620078740159
21
-3.5914285826771652
0
LINE
8
BLACK
6
CONTINUOUS
10
2.5568620078740159
20
-3.5914285826771652
11
2.5590771259842517
21
-3.5860807874015745
0
LINE
8
BLACK
6
CONTINUOUS
10
2.5590771259842517
20
-3.5860807874015745
11
2.5622929921259843
21
-3.5812679133858265
0
LINE
8
BLACK
6
CONTINUOUS
10
2.5622929921259843
20
-3.5812679133858265
11
2.566386023622047
21
-3.5771748818897637
0
LINE
8
BLACK
6
CONTINUOUS
10
2.566386023622047
20
-3.5771748818897637
11
2.5711988976377951
21
-3.5739590157480312
0
LINE
8
BLACK
6
CONTINUOUS
10
2.5711988976377951
20
-3.5739590157480312
11
2.5765466929133858
21
-3.5717438976377953
0
LINE
8
BLACK
6
CONTINUOUS
10
2.5765466929133858
20
-3.5717438976377953
11
2.5822238976377951
21
-3.5706146062992126
0
LINE
8
BLACK
6
CONTINUOUS
10
2.5822238976377951
20
-3.5706146062992126
11
2.5851181102362206
21
-3.5704724409448816
0
LINE
8
BLACK
6
CONTINUOUS
10
2.5851181102362206
20
-3.5704724409448816
11
2.5929921259842521
21
-3.5704724409448816
0
LINE
8
BLACK
6
CONTINUOUS
10
2.5929921259842521
20
-3.5704724409448816
11
2.5958863385826771
21
-3.5706146062992126
0
LINE
8
BLACK
6
CONTINUOUS
10
2.8625170078740156
20
-3.5642441338582675
11
2.8671814566929132
21
-3.5666207874015745
0
LINE
8
BLACK
6
CONTINUOUS
10
2.8671814566929132
20
-3.5666207874015745
11
2.870883149606299
21
-3.5703224803149607
0
LINE
8
BLACK
6
CONTINUOUS
10
2.870883149606299
20
-3.5703224803149607
11
2.8732598031496064
21
-3.5749869291338583
0
LINE
8
BLACK
6
CONTINUOUS
10
2.8732598031496064
20
-3.5749869291338583
11
2.8740787401574801
21
-3.5801574803149605
0
LINE
8
BLACK
6
CONTINUOUS
10
2.8740787401574801
20
-3.5801574803149605
11
2.8740787401574801
21
-3.5998425196850392
0
LINE
8
BLACK
6
CONTINUOUS
10
2.8740787401574801
20
-3.5998425196850392
11
2.8732598031496064
21
-3.6050130708661419
0
LINE
8
BLACK
6
CONTINUOUS
10
2.8732598031496064
20
-3.6050130708661419
11
2.870883149606299
21
-3.6096775196850395
0
LINE
8
BLACK
6
CONTINUOUS
10
2.870883149606299
20
-3.6096775196850395
11
2.8671814566929132
21
-3.6133792125984252
0
LINE
8
BLACK
6
CONTINUOUS
10
2.8671814566929132
20
-3.6133792125984252
11
2.8625170078740156
21
-3.6157558661417322
0
LINE
8
BLACK
6
CONTINUOUS
10
2.8625170078740156
20
-3.6157558661417322
11
2.8573464566929134
21
-3.6165748031496063
0
LINE
8
BLACK
6
CONTINUOUS
10
2.8573464566929134
20
-3.6165748031496063
11
2.8396299212598426
21
-3.6165748031496063
0
LINE
8
BLACK
6
CONTINUOUS
10
2.8396299212598426
20
-3.6165748031496063
11
2.8344593700787399
21
-3.6157558661417322
0
LINE
8
BLACK
6
CONTINUOUS
10
2.8344593700787399
20
-3.6157558661417322
11
2.8297949212598423
21
-3.6133792125984252
0
LINE
8
BLACK
6
CONTINUOUS
10
2.8297949212598423
20
-3.6133792125984252
11
2.8260932283464566
21
-3.6096775196850395
0
LINE
8
BLACK
6
CONTINUOUS
10
2.8260932283464566
20
-3.6096775196850395
11
2.8237165748031496
21
-3.6050130708661419
0
LINE
8
BLACK
6
CONTINUOUS
10
2.8237165748031496
20
-3.6050130708661419
11
2.8228976377952755
21
-3.5998425196850392
0
LINE
8
BLACK
6
CONTINUOUS
10
2.8228976377952755
20
-3.5998425196850392
11
2.8228976377952755
21
-3.5801574803149605
0
LINE
8
BLACK
6
CONTINUOUS
10
2.8228976377952755
20
-3.5801574803149605
11
2.8237165748031496
21
-3.5749869291338583
0
LINE
8
BLACK
6
CONTINUOUS
10
2.8237165748031496
20
-3.5749869291338583
11
2.8260932283464566
21
-3.5703224803149607
0
LINE
8
BLACK
6
CONTINUOUS
10
2.8260932283464566
20
-3.5703224803149607
11
2.8297949212598423
21
-3.5666207874015745
0
LINE
8
BLACK
6
CONTINUOUS
10
2.8297949212598423
20
-3.5666207874015745
11
2.8344593700787399
21
-3.5642441338582675
0
LINE
8
BLACK
6
CONTINUOUS
10
2.8344593700787399
20
-3.5642441338582675
11
2.8396299212598426
21
-3.5634251968503938
0
LINE
8
BLACK
6
CONTINUOUS
10
2.8396299212598426
20
-3.5634251968503938
11
2.8573464566929134
21
-3.5634251968503938
0
LINE
8
BLACK
6
CONTINUOUS
10
2.8573464566929134
20
-3.5634251968503938
11
2.8625170078740156
21
-3.5642441338582675
0
LINE
8
BLACK
6
CONTINUOUS
10
2.9235406299212596
20
-3.5642441338582675
11
2.9282050787401572
21
-3.5666207874015745
0
LINE
8
BLACK
6
CONTINUOUS
10
2.9282050787401572
20
-3.5666207874015745
11
2.9319067716535434
21
-3.5703224803149607
0
LINE
8
BLACK
6
CONTINUOUS
10
2.9319067716535434
20
-3.5703224803149607
11
2.9342834251968504
21
-3.5749869291338583
0
LINE
8
BLACK
6
CONTINUOUS
10
2.9342834251968504
20
-3.5749869291338583
11
2.9351023622047245
21
-3.5801574803149605
0
LINE
8
BLACK
6
CONTINUOUS
10
2.9351023622047245
20
-3.5801574803149605
11
2.9351023622047245
21
-3.5998425196850392
0
LINE
8
BLACK
6
CONTINUOUS
10
2.9351023622047245
20
-3.5998425196850392
11
2.9342834251968504
21
-3.6050130708661419
0
LINE
8
BLACK
6
CONTINUOUS
10
2.9342834251968504
20
-3.6050130708661419
11
2.9319067716535434
21
-3.6096775196850395
0
LINE
8
BLACK
6
CONTINUOUS
10
2.9319067716535434
20
-3.6096775196850395
11
2.9282050787401572
21
-3.6133792125984252
0
LINE
8
BLACK
6
CONTINUOUS
10
2.9282050787401572
20
-3.6133792125984252
11
2.9235406299212596
21
-3.6157558661417322
0
LINE
8
BLACK
6
CONTINUOUS
10
2.9235406299212596
20
-3.6157558661417322
11
2.9183700787401574
21
-3.6165748031496063
0
LINE
8
BLACK
6
CONTINUOUS
10
2.9183700787401574
20
-3.6165748031496063
11
2.9006535433070866
21
-3.6165748031496063
0
LINE
8
BLACK
6
CONTINUOUS
10
2.9006535433070866
20
-3.6165748031496063
11
2.8954829921259844
21
-3.6157558661417322
0
LINE
8
BLACK
6
CONTINUOUS
10
2.8954829921259844
20
-3.6157558661417322
11
2.8908185433070868
21
-3.6133792125984252
0
LINE
8
BLACK
6
CONTINUOUS
10
2.8908185433070868
20
-3.6133792125984252
11
2.8871168503937006
21
-3.6096775196850395
0
LINE
8
BLACK
6
CONTINUOUS
10
2.8871168503937006
20
-3.6096775196850395
11
2.8847401968503936
21
-3.6050130708661419
0
LINE
8
BLACK
6
CONTINUOUS
10
2.8847401968503936
20
-3.6050130708661419
11
2.8839212598425195
21
-3.5998425196850392
0
LINE
8
BLACK
6
CONTINUOUS
10
2.8839212598425195
20
-3.5998425196850392
11
2.8839212598425195
21
-3.5801574803149605
0
LINE
8
BLACK
6
CONTINUOUS
10
2.8839212598425195
20
-3.5801574803149605
11
2.8847401968503936
21
-3.5749869291338583
0
LINE
8
BLACK
6
CONTINUOUS
10
2.8847401968503936
20
-3.5749869291338583
11
2.8871168503937006
21
-3.5703224803149607
0
LINE
8
BLACK
6
CONTINUOUS
10
2.8871168503937006
20
-3.5703224803149607
11
2.8908185433070868
21
-3.5666207874015745
0
LINE
8
BLACK
6
CONTINUOUS
10
2.8908185433070868
20
-3.5666207874015745
11
2.8954829921259844
21
-3.5642441338582675
0
LINE
8
BLACK
6
CONTINUOUS
10
2.8954829921259844
20
-3.5642441338582675
11
2.9006535433070866
21
-3.5634251968503938
0
LINE
8
BLACK
6
CONTINUOUS
10
2.9006535433070866
20
-3.5634251968503938
11
2.9183700787401574
21
-3.5634251968503938
0
LINE
8
BLACK
6
CONTINUOUS
10
2.9183700787401574
20
-3.5634251968503938
11
2.9235406299212596
21
-3.5642441338582675
0
LINE
8
BLACK
6
CONTINUOUS
10
2.7946931889763778
20
-3.5696683858267715
11
2.7990832283464568
21
-3.5719052362204722
0
LINE
8
BLACK
6
CONTINUOUS
10
2.7990832283464568
20
-3.5719052362204722
11
2.8025672047244092
21
-3.575389212598425
0
LINE
8
BLACK
6
CONTINUOUS
10
2.8025672047244092
20
-3.575389212598425
11
2.8048040551181104
21
-3.5797792519685037
0
LINE
8
BLACK
6
CONTINUOUS
10
2.8048040551181104
20
-3.5797792519685037
11
2.8055748031496064
21
-3.5846456692913384
0
LINE
8
BLACK
6
CONTINUOUS
10
2.8055748031496064
20
-3.5846456692913384
11
2.8055748031496064
21
-3.6003937007874014
0
LINE
8
BLACK
6
CONTINUOUS
10
2.8055748031496064
20
-3.6003937007874014
11
2.8048040551181104
21
-3.6052601181102362
0
LINE
8
BLACK
6
CONTINUOUS
10
2.8048040551181104
20
-3.6052601181102362
11
2.8025672047244092
21
-3.6096501574803148
0
LINE
8
BLACK
6
CONTINUOUS
10
2.8025672047244092
20
-3.6096501574803148
11
2.7990832283464568
21
-3.6131341338582676
0
LINE
8
BLACK
6
CONTINUOUS
10
2.7990832283464568
20
-3.6131341338582676
11
2.7946931889763778
21
-3.6153709842519683
0
LINE
8
BLACK
6
CONTINUOUS
10
2.7946931889763778
20
-3.6153709842519683
11
2.7898267716535434
21
-3.6161417322834644
0
LINE
8
BLACK
6
CONTINUOUS
10
2.7898267716535434
20
-3.6161417322834644
11
2.7681732283464568
21
-3.6161417322834644
0
LINE
8
BLACK
6
CONTINUOUS
10
2.7681732283464568
20
-3.6161417322834644
11
2.7633068110236221
21
-3.6153709842519683
0
LINE
8
BLACK
6
CONTINUOUS
10
2.7633068110236221
20
-3.6153709842519683
11
2.7589167716535434
21
-3.6131341338582676
0
LINE
8
BLACK
6
CONTINUOUS
10
2.7589167716535434
20
-3.6131341338582676
11
2.7554327952755906
21
-3.6096501574803148
0
LINE
8
BLACK
6
CONTINUOUS
10
2.7554327952755906
20
-3.6096501574803148
11
2.7531959448818899
21
-3.6052601181102362
0
LINE
8
BLACK
6
CONTINUOUS
10
2.7531959448818899
20
-3.6052601181102362
11
2.7524251968503934
21
-3.6003937007874014
0
LINE
8
BLACK
6
CONTINUOUS
10
2.7524251968503934
20
-3.6003937007874014
11
2.7524251968503934
21
-3.5846456692913384
0
LINE
8
BLACK
6
CONTINUOUS
10
2.7524251968503934
20
-3.5846456692913384
11
2.7531959448818899
21
-3.5797792519685037
0
LINE
8
BLACK
6
CONTINUOUS
10
2.7531959448818899
20
-3.5797792519685037
11
2.7554327952755906
21
-3.575389212598425
0
LINE
8
BLACK
6
CONTINUOUS
10
2.7554327952755906
20
-3.575389212598425
11
2.7589167716535434
21
-3.5719052362204722
0
LINE
8
BLACK
6
CONTINUOUS
10
2.7589167716535434
20
-3.5719052362204722
11
2.7633068110236221
21
-3.5696683858267715
0
LINE
8
BLACK
6
CONTINUOUS
10
2.7633068110236221
20
-3.5696683858267715
11
2.7681732283464568
21
-3.5688976377952755
0
LINE
8
BLACK
6
CONTINUOUS
10
2.7681732283464568
20
-3.5688976377952755
11
2.7898267716535434
21
-3.5688976377952755
0
LINE
8
BLACK
6
CONTINUOUS
10
2.7898267716535434
20
-3.5688976377952755
11
2.7946931889763778
21
-3.5696683858267715
0
LINE
8
BLACK
6
CONTINUOUS
10
2.536831220472441
20
-3.5206146062992123
11
2.5425084251968504
21
-3.5217438976377951
0
LINE
8
BLACK
6
CONTINUOUS
10
2.5425084251968504
20
-3.5217438976377951
11
2.5478562204724411
21
-3.5239590157480314
0
LINE
8
BLACK
6
CONTINUOUS
10
2.5478562204724411
20
-3.5239590157480314
11
2.5526690944881891
21
-3.5271748818897639
0
LINE
8
BLACK
6
CONTINUOUS
10
2.5526690944881891
20
-3.5271748818897639
11
2.5567621259842519
21
-3.5312679133858267
0
LINE
8
BLACK
6
CONTINUOUS
10
2.5567621259842519
20
-3.5312679133858267
11
2.559977992125984
21
-3.5360807874015747
0
LINE
8
BLACK
6
CONTINUOUS
10
2.559977992125984
20
-3.5360807874015747
11
2.5621931102362203
21
-3.5414285826771654
0
LINE
8
BLACK
6
CONTINUOUS
10
2.5621931102362203
20
-3.5414285826771654
11
2.5633224015748031
21
-3.5471057874015748
0
LINE
8
BLACK
6
CONTINUOUS
10
2.5633224015748031
20
-3.5471057874015748
11
2.5633224015748031
21
-3.5528942125984253
0
LINE
8
BLACK
6
CONTINUOUS
10
2.5633224015748031
20
-3.5528942125984253
11
2.5621931102362203
21
-3.5585714173228347
0
LINE
8
BLACK
6
CONTINUOUS
10
2.5621931102362203
20
-3.5585714173228347
11
2.559977992125984
21
-3.5639192125984249
0
LINE
8
BLACK
6
CONTINUOUS
10
2.559977992125984
20
-3.5639192125984249
11
2.5567621259842519
21
-3.568732086614173
0
LINE
8
BLACK
6
CONTINUOUS
10
2.5567621259842519
20
-3.568732086614173
11
2.5526690944881891
21
-3.5728251181102362
0
LINE
8
BLACK
6
CONTINUOUS
10
2.5526690944881891
20
-3.5728251181102362
11
2.5478562204724411
21
-3.5760409842519683
0
LINE
8
BLACK
6
CONTINUOUS
10
2.5478562204724411
20
-3.5760409842519683
11
2.5425084251968504
21
-3.5782561023622046
0
LINE
8
BLACK
6
CONTINUOUS
10
2.5425084251968504
20
-3.5782561023622046
11
2.536831220472441
21
-3.5793853937007873
0
LINE
8
BLACK
6
CONTINUOUS
10
2.536831220472441
20
-3.5793853937007873
11
2.5339370078740155
21
-3.5795275590551179
0
LINE
8
BLACK
6
CONTINUOUS
10
2.5339370078740155
20
-3.5795275590551179
11
2.5260629921259841
21
-3.5795275590551179
0
LINE
8
BLACK
6
CONTINUOUS
10
2.5260629921259841
20
-3.5795275590551179
11
2.523168779527559
21
-3.5793853937007873
0
LINE
8
BLACK
6
CONTINUOUS
10
2.523168779527559
20
-3.5793853937007873
11
2.5174915748031497
21
-3.5782561023622046
0
LINE
8
BLACK
6
CONTINUOUS
10
2.5174915748031497
20
-3.5782561023622046
11
2.512143779527559
21
-3.5760409842519683
0
LINE
8
BLACK
6
CONTINUOUS
10
2.512143779527559
20
-3.5760409842519683
11
2.5073309055118109
21
-3.5728251181102362
0
LINE
8
BLACK
6
CONTINUOUS
10
2.5073309055118109
20
-3.5728251181102362
11
2.5032378740157482
21
-3.568732086614173
0
LINE
8
BLACK
6
CONTINUOUS
10
2.5032378740157482
20
-3.568732086614173
11
2.5000220078740156
21
-3.5639192125984249
0
LINE
8
BLACK
6
CONTINUOUS
10
2.5000220078740156
20
-3.5639192125984249
11
2.4978068897637793
21
-3.5585714173228347
0
LINE
8
BLACK
6
CONTINUOUS
10
2.4978068897637793
20
-3.5585714173228347
11
2.496677598425197
21
-3.5528942125984253
0
LINE
8
BLACK
6
CONTINUOUS
10
2.496677598425197
20
-3.5528942125984253
11
2.496677598425197
21
-3.5471057874015748
0
LINE
8
BLACK
6
CONTINUOUS
10
2.496677598425197
20
-3.5471057874015748
11
2.4978068897637793
21
-3.5414285826771654
0
LINE
8
BLACK
6
CONTINUOUS
10
2.4978068897637793
20
-3.5414285826771654
11
2.5000220078740156
21
-3.5360807874015747
0
LINE
8
BLACK
6
CONTINUOUS
10
2.5000220078740156
20
-3.5360807874015747
11
2.5032378740157482
21
-3.5312679133858267
0
LINE
8
BLACK
6
CONTINUOUS
10
2.5032378740157482
20
-3.5312679133858267
11
2.5073309055118109
21
-3.5271748818897639
0
LINE
8
BLACK
6
CONTINUOUS
10
2.5073309055118109
20
-3.5271748818897639
11
2.512143779527559
21
-3.5239590157480314
0
LINE
8
BLACK
6
CONTINUOUS
10
2.512143779527559
20
-3.5239590157480314
11
2.5174915748031497
21
-3.5217438976377951
0
LINE
8
BLACK
6
CONTINUOUS
10
2.5174915748031497
20
-3.5217438976377951
11
2.523168779527559
21
-3.5206146062992123
0
LINE
8
BLACK
6
CONTINUOUS
10
2.523168779527559
20
-3.5206146062992123
11
2.5260629921259841
21
-3.5204724409448818
0
LINE
8
BLACK
6
CONTINUOUS
10
2.5260629921259841
20
-3.5204724409448818
11
2.5339370078740155
21
-3.5204724409448818
0
LINE
8
BLACK
6
CONTINUOUS
10
2.5339370078740155
20
-3.5204724409448818
11
2.536831220472441
21
-3.5206146062992123
0
LINE
8
BLACK
6
CONTINUOUS
10
3.5830132677165354
20
-3.4927253543307084
11
3.5855677559055117
21
-3.4944322440944879
0
LINE
8
BLACK
6
CONTINUOUS
10
3.5855677559055117
20
-3.4944322440944879
11
3.5872746456692912
21
-3.4969867322834647
0
LINE
8
BLACK
6
CONTINUOUS
10
3.5872746456692912
20
-3.4969867322834647
11
3.5878740157480316
21
-3.5
0
LINE
8
BLACK
6
CONTINUOUS
10
3.5878740157480316
20
-3.5
11
3.5878740157480316
21
-3.5600000000000001
0
LINE
8
BLACK
6
CONTINUOUS
10
3.5878740157480316
20
-3.5600000000000001
11
3.5872746456692912
21
-3.5630132677165354
0
LINE
8
BLACK
6
CONTINUOUS
10
3.5872746456692912
20
-3.5630132677165354
11
3.5855677559055117
21
-3.5655677559055117
0
LINE
8
BLACK
6
CONTINUOUS
10
3.5855677559055117
20
-3.5655677559055117
11
3.5830132677165354
21
-3.5672746456692912
0
LINE
8
BLACK
6
CONTINUOUS
10
3.5830132677165354
20
-3.5672746456692912
11
3.5800000000000001
21
-3.5678740157480315
0
LINE
8
BLACK
6
CONTINUOUS
10
3.5800000000000001
20
-3.5678740157480315
11
3.52
21
-3.5678740157480315
0
LINE
8
BLACK
6
CONTINUOUS
10
3.52
20
-3.5678740157480315
11
3.5169867322834647
21
-3.5672746456692912
0
LINE
8
BLACK
6
CONTINUOUS
10
3.5169867322834647
20
-3.5672746456692912
11
3.514432244094488
21
-3.5655677559055117
0
LINE
8
BLACK
6
CONTINUOUS
10
3.514432244094488
20
-3.5655677559055117
11
3.5127253543307084
21
-3.5630132677165354
0
LINE
8
BLACK
6
CONTINUOUS
10
3.5127253543307084
20
-3.5630132677165354
11
3.5121259842519685
21
-3.5600000000000001
0
LINE
8
BLACK
6
CONTINUOUS
10
3.5121259842519685
20
-3.5600000000000001
11
3.5121259842519685
21
-3.5
0
LINE
8
BLACK
6
CONTINUOUS
10
3.5121259842519685
20
-3.5
11
3.5127253543307084
21
-3.4969867322834647
0
LINE
8
BLACK
6
CONTINUOUS
10
3.5127253543307084
20
-3.4969867322834647
11
3.514432244094488
21
-3.4944322440944879
0
LINE
8
BLACK
6
CONTINUOUS
10
3.514432244094488
20
-3.4944322440944879
11
3.5169867322834647
21
-3.4927253543307084
0
LINE
8
BLACK
6
CONTINUOUS
10
3.5169867322834647
20
-3.4927253543307084
11
3.52
21
-3.4921259842519685
0
LINE
8
BLACK
6
CONTINUOUS
10
3.52
20
-3.4921259842519685
11
3.5800000000000001
21
-3.4921259842519685
0
LINE
8
BLACK
6
CONTINUOUS
10
3.5800000000000001
20
-3.4921259842519685
11
3.5830132677165354
21
-3.4927253543307084
0
LINE
8
BLACK
6
CONTINUOUS
10
3.6830132677165355
20
-3.4927253543307084
11
3.6855677559055118
21
-3.4944322440944879
0
LINE
8
BLACK
6
CONTINUOUS
10
3.6855677559055118
20
-3.4944322440944879
11
3.6872746456692913
21
-3.4969867322834647
0
LINE
8
BLACK
6
CONTINUOUS
10
3.6872746456692913
20
-3.4969867322834647
11
3.6878740157480312
21
-3.5
0
LINE
8
BLACK
6
CONTINUOUS
10
3.6878740157480312
20
-3.5
11
3.6878740157480312
21
-3.5600000000000001
0
LINE
8
BLACK
6
CONTINUOUS
10
3.6878740157480312
20
-3.5600000000000001
11
3.6872746456692913
21
-3.5630132677165354
0
LINE
8
BLACK
6
CONTINUOUS
10
3.6872746456692913
20
-3.5630132677165354
11
3.6855677559055118
21
-3.5655677559055117
0
LINE
8
BLACK
6
CONTINUOUS
10
3.6855677559055118
20
-3.5655677559055117
11
3.6830132677165355
21
-3.5672746456692912
0
LINE
8
BLACK
6
CONTINUOUS
10
3.6830132677165355
20
-3.5672746456692912
11
3.6799999999999997
21
-3.5678740157480315
0
LINE
8
BLACK
6
CONTINUOUS
10
3.6799999999999997
20
-3.5678740157480315
11
3.6200000000000001
21
-3.5678740157480315
0
LINE
8
BLACK
6
CONTINUOUS
10
3.6200000000000001
20
-3.5678740157480315
11
3.6169867322834643
21
-3.5672746456692912
0
LINE
8
BLACK
6
CONTINUOUS
10
3.6169867322834643
20
-3.5672746456692912
11
3.614432244094488
21
-3.5655677559055117
0
LINE
8
BLACK
6
CONTINUOUS
10
3.614432244094488
20
-3.5655677559055117
11
3.6127253543307085
21
-3.5630132677165354
0
LINE
8
BLACK
6
CONTINUOUS
10
3.6127253543307085
20
-3.5630132677165354
11
3.6121259842519686
21
-3.5600000000000001
0
LINE
8
BLACK
6
CONTINUOUS
10
3.6121259842519686
20
-3.5600000000000001
11
3.6121259842519686
21
-3.5
0
LINE
8
BLACK
6
CONTINUOUS
10
3.6121259842519686
20
-3.5
11
3.6127253543307085
21
-3.4969867322834647
0
LINE
8
BLACK
6
CONTINUOUS
10
3.6127253543307085
20
-3.4969867322834647
11
3.614432244094488
21
-3.4944322440944879
0
LINE
8
BLACK
6
CONTINUOUS
10
3.614432244094488
20
-3.4944322440944879
11
3.6169867322834643
21
-3.4927253543307084
0
LINE
8
BLACK
6
CONTINUOUS
10
3.6169867322834643
20
-3.4927253543307084
11
3.6200000000000001
21
-3.4921259842519685
0
LINE
8
BLACK
6
CONTINUOUS
10
3.6200000000000001
20
-3.4921259842519685
11
3.6799999999999997
21
-3.4921259842519685
0
LINE
8
BLACK
6
CONTINUOUS
10
3.6799999999999997
20
-3.4921259842519685
11
3.6830132677165355
21
-3.4927253543307084
0
LINE
8
BLACK
6
CONTINUOUS
10
2.8623170078740157
20
-3.4839441338582677
11
2.8669814566929133
21
-3.4863207874015747
0
LINE
8
BLACK
6
CONTINUOUS
10
2.8669814566929133
20
-3.4863207874015747
11
2.870683149606299
21
-3.4900224803149604
0
LINE
8
BLACK
6
CONTINUOUS
10
2.870683149606299
20
-3.4900224803149604
11
2.8730598031496064
21
-3.494686929133858
0
LINE
8
BLACK
6
CONTINUOUS
10
2.8730598031496064
20
-3.494686929133858
11
2.8738787401574801
21
-3.4998574803149607
0
LINE
8
BLACK
6
CONTINUOUS
10
2.8738787401574801
20
-3.4998574803149607
11
2.8738787401574801
21
-3.5195425196850394
0
LINE
8
BLACK
6
CONTINUOUS
10
2.8738787401574801
20
-3.5195425196850394
11
2.8730598031496064
21
-3.5247130708661416
0
LINE
8
BLACK
6
CONTINUOUS
10
2.8730598031496064
20
-3.5247130708661416
11
2.870683149606299
21
-3.5293775196850392
0
LINE
8
BLACK
6
CONTINUOUS
10
2.870683149606299
20
-3.5293775196850392
11
2.8669814566929133
21
-3.5330792125984249
0
LINE
8
BLACK
6
CONTINUOUS
10
2.8669814566929133
20
-3.5330792125984249
11
2.8623170078740157
21
-3.5354558661417324
0
LINE
8
BLACK
6
CONTINUOUS
10
2.8623170078740157
20
-3.5354558661417324
11
2.8571464566929134
21
-3.5362748031496061
0
LINE
8
BLACK
6
CONTINUOUS
10
2.8571464566929134
20
-3.5362748031496061
11
2.8394299212598426
21
-3.5362748031496061
0
LINE
8
BLACK
6
CONTINUOUS
10
2.8394299212598426
20
-3.5362748031496061
11
2.83425937007874
21
-3.5354558661417324
0
LINE
8
BLACK
6
CONTINUOUS
10
2.83425937007874
20
-3.5354558661417324
11
2.8295949212598424
21
-3.5330792125984249
0
LINE
8
BLACK
6
CONTINUOUS
10
2.8295949212598424
20
-3.5330792125984249
11
2.8258932283464566
21
-3.5293775196850392
0
LINE
8
BLACK
6
CONTINUOUS
10
2.8258932283464566
20
-3.5293775196850392
11
2.8235165748031497
21
-3.5247130708661416
0
LINE
8
BLACK
6
CONTINUOUS
10
2.8235165748031497
20
-3.5247130708661416
11
2.8226976377952755
21
-3.5195425196850394
0
LINE
8
BLACK
6
CONTINUOUS
10
2.8226976377952755
20
-3.5195425196850394
11
2.8226976377952755
21
-3.4998574803149607
0
LINE
8
BLACK
6
CONTINUOUS
10
2.8226976377952755
20
-3.4998574803149607
11
2.8235165748031497
21
-3.494686929133858
0
LINE
8
BLACK
6
CONTINUOUS
10
2.8235165748031497
20
-3.494686929133858
11
2.8258932283464566
21
-3.4900224803149604
0
LINE
8
BLACK
6
CONTINUOUS
10
2.8258932283464566
20
-3.4900224803149604
11
2.8295949212598424
21
-3.4863207874015747
0
LINE
8
BLACK
6
CONTINUOUS
10
2.8295949212598424
20
-3.4863207874015747
11
2.83425937007874
21
-3.4839441338582677
0
LINE
8
BLACK
6
CONTINUOUS
10
2.83425937007874
20
-3.4839441338582677
11
2.8394299212598426
21
-3.4831251968503936
0
LINE
8
BLACK
6
CONTINUOUS
10
2.8394299212598426
20
-3.4831251968503936
11
2.8571464566929134
21
-3.4831251968503936
0
LINE
8
BLACK
6
CONTINUOUS
10
2.8571464566929134
20
-3.4831251968503936
11
2.8623170078740157
21
-3.4839441338582677
0
LINE
8
BLACK
6
CONTINUOUS
10
2.9233406299212596
20
-3.4839441338582677
11
2.9280050787401573
21
-3.4863207874015747
0
LINE
8
BLACK
6
CONTINUOUS
10
2.9280050787401573
20
-3.4863207874015747
11
2.9317067716535434
21
-3.4900224803149604
0
LINE
8
BLACK
6
CONTINUOUS
10
2.9317067716535434
20
-3.4900224803149604
11
2.9340834251968504
21
-3.494686929133858
0
LINE
8
BLACK
6
CONTINUOUS
10
2.9340834251968504
20
-3.494686929133858
11
2.9349023622047246
21
-3.4998574803149607
0
LINE
8
BLACK
6
CONTINUOUS
10
2.9349023622047246
20
-3.4998574803149607
11
2.9349023622047246
21
-3.5195425196850394
0
LINE
8
BLACK
6
CONTINUOUS
10
2.9349023622047246
20
-3.5195425196850394
11
2.9340834251968504
21
-3.5247130708661416
0
LINE
8
BLACK
6
CONTINUOUS
10
2.9340834251968504
20
-3.5247130708661416
11
2.9317067716535434
21
-3.5293775196850392
0
LINE
8
BLACK
6
CONTINUOUS
10
2.9317067716535434
20
-3.5293775196850392
11
2.9280050787401573
21
-3.5330792125984249
0
LINE
8
BLACK
6
CONTINUOUS
10
2.9280050787401573
20
-3.5330792125984249
11
2.9233406299212596
21
-3.5354558661417324
0
LINE
8
BLACK
6
CONTINUOUS
10
2.9233406299212596
20
-3.5354558661417324
11
2.9181700787401574
21
-3.5362748031496061
0
LINE
8
BLACK
6
CONTINUOUS
10
2.9181700787401574
20
-3.5362748031496061
11
2.9004535433070866
21
-3.5362748031496061
0
LINE
8
BLACK
6
CONTINUOUS
10
2.9004535433070866
20
-3.5362748031496061
11
2.8952829921259844
21
-3.5354558661417324
0
LINE
8
BLACK
6
CONTINUOUS
10
2.8952829921259844
20
-3.5354558661417324
11
2.8906185433070863
21
-3.5330792125984249
0
LINE
8
BLACK
6
CONTINUOUS
10
2.8906185433070863
20
-3.5330792125984249
11
2.8869168503937006
21
-3.5293775196850392
0
LINE
8
BLACK
6
CONTINUOUS
10
2.8869168503937006
20
-3.5293775196850392
11
2.8845401968503936
21
-3.5247130708661416
0
LINE
8
BLACK
6
CONTINUOUS
10
2.8845401968503936
20
-3.5247130708661416
11
2.8837212598425195
21
-3.5195425196850394
0
LINE
8
BLACK
6
CONTINUOUS
10
2.8837212598425195
20
-3.5195425196850394
11
2.8837212598425195
21
-3.4998574803149607
0
LINE
8
BLACK
6
CONTINUOUS
10
2.8837212598425195
20
-3.4998574803149607
11
2.8845401968503936
21
-3.494686929133858
0
LINE
8
BLACK
6
CONTINUOUS
10
2.8845401968503936
20
-3.494686929133858
11
2.8869168503937006
21
-3.4900224803149604
0
LINE
8
BLACK
6
CONTINUOUS
10
2.8869168503937006
20
-3.4900224803149604
11
2.8906185433070863
21
-3.4863207874015747
0
LINE
8
BLACK
6
CONTINUOUS
10
2.8906185433070863
20
-3.4863207874015747
11
2.8952829921259844
21
-3.4839441338582677
0
LINE
8
BLACK
6
CONTINUOUS
10
2.8952829921259844
20
-3.4839441338582677
11
2.9004535433070866
21
-3.4831251968503936
0
LINE
8
BLACK
6
CONTINUOUS
10
2.9004535433070866
20
-3.4831251968503936
11
2.9181700787401574
21
-3.4831251968503936
0
LINE
8
BLACK
6
CONTINUOUS
10
2.9181700787401574
20
-3.4831251968503936
11
2.9233406299212596
21
-3.4839441338582677
0
LINE
8
BLACK
6
CONTINUOUS
10
2.7944931889763778
20
-3.4843290157480316
11
2.7988832283464564
21
-3.4865658661417323
0
LINE
8
BLACK
6
CONTINUOUS
10
2.7988832283464564
20
-3.4865658661417323
11
2.8023672047244093
21
-3.4900498425196851
0
LINE
8
BLACK
6
CONTINUOUS
10
2.8023672047244093
20
-3.4900498425196851
11
2.80460405511811
21
-3.4944398818897637
0
LINE
8
BLACK
6
CONTINUOUS
10
2.80460405511811
20
-3.4944398818897637
11
2.8053748031496064
21
-3.4993062992125985
0
LINE
8
BLACK
6
CONTINUOUS
10
2.8053748031496064
20
-3.4993062992125985
11
2.8053748031496064
21
-3.5150543307086615
0
LINE
8
BLACK
6
CONTINUOUS
10
2.8053748031496064
20
-3.5150543307086615
11
2.80460405511811
21
-3.5199207480314958
0
LINE
8
BLACK
6
CONTINUOUS
10
2.80460405511811
20
-3.5199207480314958
11
2.8023672047244093
21
-3.5243107874015749
0
LINE
8
BLACK
6
CONTINUOUS
10
2.8023672047244093
20
-3.5243107874015749
11
2.7988832283464564
21
-3.5277947637795273
0
LINE
8
BLACK
6
CONTINUOUS
10
2.7988832283464564
20
-3.5277947637795273
11
2.7944931889763778
21
-3.5300316141732284
0
LINE
8
BLACK
6
CONTINUOUS
10
2.7944931889763778
20
-3.5300316141732284
11
2.7896267716535434
21
-3.5308023622047244
0
LINE
8
BLACK
6
CONTINUOUS
10
2.7896267716535434
20
-3.5308023622047244
11
2.7679732283464564
21
-3.5308023622047244
0
LINE
8
BLACK
6
CONTINUOUS
10
2.7679732283464564
20
-3.5308023622047244
11
2.7631068110236221
21
-3.5300316141732284
0
LINE
8
BLACK
6
CONTINUOUS
10
2.7631068110236221
20
-3.5300316141732284
11
2.7587167716535435
21
-3.5277947637795273
0
LINE
8
BLACK
6
CONTINUOUS
10
2.7587167716535435
20
-3.5277947637795273
11
2.7552327952755906
21
-3.5243107874015749
0
LINE
8
BLACK
6
CONTINUOUS
10
2.7552327952755906
20
-3.5243107874015749
11
2.7529959448818899
21
-3.5199207480314958
0
LINE
8
BLACK
6
CONTINUOUS
10
2.7529959448818899
20
-3.5199207480314958
11
2.7522251968503935
21
-3.5150543307086615
0
LINE
8
BLACK
6
CONTINUOUS
10
2.7522251968503935
20
-3.5150543307086615
11
2.7522251968503935
21
-3.4993062992125985
0
LINE
8
BLACK
6
CONTINUOUS
10
2.7522251968503935
20
-3.4993062992125985
11
2.7529959448818899
21
-3.4944398818897637
0
LINE
8
BLACK
6
CONTINUOUS
10
2.7529959448818899
20
-3.4944398818897637
11
2.7552327952755906
21
-3.4900498425196851
0
LINE
8
BLACK
6
CONTINUOUS
10
2.7552327952755906
20
-3.4900498425196851
11
2.7587167716535435
21
-3.4865658661417323
0
LINE
8
BLACK
6
CONTINUOUS
10
2.7587167716535435
20
-3.4865658661417323
11
2.7631068110236221
21
-3.4843290157480316
0
LINE
8
BLACK
6
CONTINUOUS
10
2.7631068110236221
20
-3.4843290157480316
11
2.7679732283464564
21
-3.4835582677165355
0
LINE
8
BLACK
6
CONTINUOUS
10
2.7679732283464564
20
-3.4835582677165355
11
2.7896267716535434
21
-3.4835582677165355
0
LINE
8
BLACK
6
CONTINUOUS
10
2.7896267716535434
20
-3.4835582677165355
11
2.7944931889763778
21
-3.4843290157480316
0
LINE
8
BLACK
6
CONTINUOUS
10
2.5958863385826771
20
-3.4206146062992127
11
2.6015635433070865
21
-3.4217438976377954
0
LINE
8
BLACK
6
CONTINUOUS
10
2.6015635433070865
20
-3.4217438976377954
11
2.6069113385826772
21
-3.4239590157480313
0
LINE
8
BLACK
6
CONTINUOUS
10
2.6069113385826772
20
-3.4239590157480313
11
2.6117242125984252
21
-3.4271748818897638
0
LINE
8
BLACK
6
CONTINUOUS
10
2.6117242125984252
20
-3.4271748818897638
11
2.615817244094488
21
-3.4312679133858266
0
LINE
8
BLACK
6
CONTINUOUS
10
2.615817244094488
20
-3.4312679133858266
11
2.6190331102362205
21
-3.4360807874015746
0
LINE
8
BLACK
6
CONTINUOUS
10
2.6190331102362205
20
-3.4360807874015746
11
2.6212482283464564
21
-3.4414285826771653
0
LINE
8
BLACK
6
CONTINUOUS
10
2.6212482283464564
20
-3.4414285826771653
11
2.6223775196850392
21
-3.4471057874015747
0
LINE
8
BLACK
6
CONTINUOUS
10
2.6223775196850392
20
-3.4471057874015747
11
2.6223775196850392
21
-3.4528942125984252
0
LINE
8
BLACK
6
CONTINUOUS
10
2.6223775196850392
20
-3.4528942125984252
11
2.6212482283464564
21
-3.4585714173228346
0
LINE
8
BLACK
6
CONTINUOUS
10
2.6212482283464564
20
-3.4585714173228346
11
2.6190331102362205
21
-3.4639192125984253
0
LINE
8
BLACK
6
CONTINUOUS
10
2.6190331102362205
20
-3.4639192125984253
11
2.615817244094488
21
-3.4687320866141733
0
LINE
8
BLACK
6
CONTINUOUS
10
2.615817244094488
20
-3.4687320866141733
11
2.6117242125984252
21
-3.4728251181102361
0
LINE
8
BLACK
6
CONTINUOUS
10
2.6117242125984252
20
-3.4728251181102361
11
2.6084692519685038
21
-3.4750000000000001
0
LINE
8
BLACK
6
CONTINUOUS
10
2.6084692519685038
20
-3.4750000000000001
11
2.6117242125984252
21
-3.4771748818897636
0
LINE
8
BLACK
6
CONTINUOUS
10
2.6117242125984252
20
-3.4771748818897636
11
2.615817244094488
21
-3.4812679133858269
0
LINE
8
BLACK
6
CONTINUOUS
10
2.615817244094488
20
-3.4812679133858269
11
2.6190331102362205
21
-3.4860807874015749
0
LINE
8
BLACK
6
CONTINUOUS
10
2.6190331102362205
20
-3.4860807874015749
11
2.6212482283464564
21
-3.4914285826771652
0
LINE
8
BLACK
6
CONTINUOUS
10
2.6212482283464564
20
-3.4914285826771652
11
2.6223775196850392
21
-3.4971057874015745
0
LINE
8
BLACK
6
CONTINUOUS
10
2.6223775196850392
20
-3.4971057874015745
11
2.6223775196850392
21
-3.502894212598425
0
LINE
8
BLACK
6
CONTINUOUS
10
2.6223775196850392
20
-3.502894212598425
11
2.6212482283464564
21
-3.5085714173228344
0
LINE
8
BLACK
6
CONTINUOUS
10
2.6212482283464564
20
-3.5085714173228344
11
2.6190331102362205
21
-3.5139192125984251
0
LINE
8
BLACK
6
CONTINUOUS
10
2.6190331102362205
20
-3.5139192125984251
11
2.615817244094488
21
-3.5187320866141731
0
LINE
8
BLACK
6
CONTINUOUS
10
2.615817244094488
20
-3.5187320866141731
11
2.6117242125984252
21
-3.5228251181102364
0
LINE
8
BLACK
6
CONTINUOUS
10
2.6117242125984252
20
-3.5228251181102364
11
2.6069113385826772
21
-3.5260409842519684
0
LINE
8
BLACK
6
CONTINUOUS
10
2.6069113385826772
20
-3.5260409842519684
11
2.6015635433070865
21
-3.5282561023622048
0
LINE
8
BLACK
6
CONTINUOUS
10
2.6015635433070865
20
-3.5282561023622048
11
2.5958863385826771
21
-3.5293853937007875
0
LINE
8
BLACK
6
CONTINUOUS
10
2.5958863385826771
20
-3.5293853937007875
11
2.5929921259842521
21
-3.5295275590551181
0
LINE
8
BLACK
6
CONTINUOUS
10
2.5929921259842521
20
-3.5295275590551181
11
2.5851181102362206
21
-3.5295275590551181
0
LINE
8
BLACK
6
CONTINUOUS
10
2.5851181102362206
20
-3.5295275590551181
11
2.5822238976377951
21
-3.5293853937007875
0
LINE
8
BLACK
6
CONTINUOUS
10
2.5822238976377951
20
-3.5293853937007875
11
2.5765466929133858
21
-3.5282561023622048
0
LINE
8
BLACK
6
CONTINUOUS
10
2.5765466929133858
20
-3.5282561023622048
11
2.5711988976377951
21
-3.5260409842519684
0
LINE
8
BLACK
6
CONTINUOUS
10
2.5711988976377951
20
-3.5260409842519684
11
2.566386023622047
21
-3.5228251181102364
0
LINE
8
BLACK
6
CONTINUOUS
10
2.566386023622047
20
-3.5228251181102364
11
2.5622929921259843
21
-3.5187320866141731
0
LINE
8
BLACK
6
CONTINUOUS
10
2.5622929921259843
20
-3.5187320866141731
11
2.5590771259842517
21
-3.5139192125984251
0
LINE
8
BLACK
6
CONTINUOUS
10
2.5590771259842517
20
-3.5139192125984251
11
2.5568620078740159
21
-3.5085714173228344
0
LINE
8
BLACK
6
CONTINUOUS
10
2.5568620078740159
20
-3.5085714173228344
11
2.5557327165354331
21
-3.502894212598425
0
LINE
8
BLACK
6
CONTINUOUS
10
2.5557327165354331
20
-3.502894212598425
11
2.5557327165354331
21
-3.4971057874015745
0
LINE
8
BLACK
6
CONTINUOUS
10
2.5557327165354331
20
-3.4971057874015745
11
2.5568620078740159
21
-3.4914285826771652
0
LINE
8
BLACK
6
CONTINUOUS
10
2.5568620078740159
20
-3.4914285826771652
11
2.5590771259842517
21
-3.4860807874015749
0
LINE
8
BLACK
6
CONTINUOUS
10
2.5590771259842517
20
-3.4860807874015749
11
2.5622929921259843
21
-3.4812679133858269
0
LINE
8
BLACK
6
CONTINUOUS
10
2.5622929921259843
20
-3.4812679133858269
11
2.566386023622047
21
-3.4771748818897636
0
LINE
8
BLACK
6
CONTINUOUS
10
2.566386023622047
20
-3.4771748818897636
11
2.5696409448818898
21
-3.4750000000000001
0
LINE
8
BLACK
6
CONTINUOUS
10
2.5696409448818898
20
-3.4750000000000001
11
2.566386023622047
21
-3.4728251181102361
0
LINE
8
BLACK
6
CONTINUOUS
10
2.566386023622047
20
-3.4728251181102361
11
2.5622929921259843
21
-3.4687320866141733
0
LINE
8
BLACK
6
CONTINUOUS
10
2.5622929921259843
20
-3.4687320866141733
11
2.5590771259842517
21
-3.4639192125984253
0
LINE
8
BLACK
6
CONTINUOUS
10
2.5590771259842517
20
-3.4639192125984253
11
2.5568620078740159
21
-3.4585714173228346
0
LINE
8
BLACK
6
CONTINUOUS
10
2.5568620078740159
20
-3.4585714173228346
11
2.5557327165354331
21
-3.4528942125984252
0
LINE
8
BLACK
6
CONTINUOUS
10
2.5557327165354331
20
-3.4528942125984252
11
2.5557327165354331
21
-3.4471057874015747
0
LINE
8
BLACK
6
CONTINUOUS
10
2.5557327165354331
20
-3.4471057874015747
11
2.5568620078740159
21
-3.4414285826771653
0
LINE
8
BLACK
6
CONTINUOUS
10
2.5568620078740159
20
-3.4414285826771653
11
2.5590771259842517
21
-3.4360807874015746
0
LINE
8
BLACK
6
CONTINUOUS
10
2.5590771259842517
20
-3.4360807874015746
11
2.5622929921259843
21
-3.4312679133858266
0
LINE
8
BLACK
6
CONTINUOUS
10
2.5622929921259843
20
-3.4312679133858266
11
2.566386023622047
21
-3.4271748818897638
0
LINE
8
BLACK
6
CONTINUOUS
10
2.566386023622047
20
-3.4271748818897638
11
2.5711988976377951
21
-3.4239590157480313
0
LINE
8
BLACK
6
CONTINUOUS
10
2.5711988976377951
20
-3.4239590157480313
11
2.5765466929133858
21
-3.4217438976377954
0
LINE
8
BLACK
6
CONTINUOUS
10
2.5765466929133858
20
-3.4217438976377954
11
2.5822238976377951
21
-3.4206146062992127
0
LINE
8
BLACK
6
CONTINUOUS
10
2.5822238976377951
20
-3.4206146062992127
11
2.5851181102362206
21
-3.4204724409448817
0
LINE
8
BLACK
6
CONTINUOUS
10
2.5851181102362206
20
-3.4204724409448817
11
2.5929921259842521
21
-3.4204724409448817
0
LINE
8
BLACK
6
CONTINUOUS
10
2.5929921259842521
20
-3.4204724409448817
11
2.5958863385826771
21
-3.4206146062992127
0
LINE
8
BLACK
6
CONTINUOUS
10
3.5830132677165354
20
-3.3927253543307088
11
3.5855677559055117
21
-3.3944322440944883
0
LINE
8
BLACK
6
CONTINUOUS
10
3.5855677559055117
20
-3.3944322440944883
11
3.5872746456692912
21
-3.3969867322834646
0
LINE
8
BLACK
6
CONTINUOUS
10
3.5872746456692912
20
-3.3969867322834646
11
3.5878740157480316
21
-3.3999999999999999
0
LINE
8
BLACK
6
CONTINUOUS
10
3.5878740157480316
20
-3.3999999999999999
11
3.5878740157480316
21
-3.46
0
LINE
8
BLACK
6
CONTINUOUS
10
3.5878740157480316
20
-3.46
11
3.5872746456692912
21
-3.4630132677165353
0
LINE
8
BLACK
6
CONTINUOUS
10
3.5872746456692912
20
-3.4630132677165353
11
3.5855677559055117
21
-3.4655677559055116
0
LINE
8
BLACK
6
CONTINUOUS
10
3.5855677559055117
20
-3.4655677559055116
11
3.5830132677165354
21
-3.4672746456692911
0
LINE
8
BLACK
6
CONTINUOUS
10
3.5830132677165354
20
-3.4672746456692911
11
3.5800000000000001
21
-3.4678740157480314
0
LINE
8
BLACK
6
CONTINUOUS
10
3.5800000000000001
20
-3.4678740157480314
11
3.52
21
-3.4678740157480314
0
LINE
8
BLACK
6
CONTINUOUS
10
3.52
20
-3.4678740157480314
11
3.5169867322834647
21
-3.4672746456692911
0
LINE
8
BLACK
6
CONTINUOUS
10
3.5169867322834647
20
-3.4672746456692911
11
3.514432244094488
21
-3.4655677559055116
0
LINE
8
BLACK
6
CONTINUOUS
10
3.514432244094488
20
-3.4655677559055116
11
3.5127253543307084
21
-3.4630132677165353
0
LINE
8
BLACK
6
CONTINUOUS
10
3.5127253543307084
20
-3.4630132677165353
11
3.5121259842519685
21
-3.46
0
LINE
8
BLACK
6
CONTINUOUS
10
3.5121259842519685
20
-3.46
11
3.5121259842519685
21
-3.3999999999999999
0
LINE
8
BLACK
6
CONTINUOUS
10
3.5121259842519685
20
-3.3999999999999999
11
3.5127253543307084
21
-3.3969867322834646
0
LINE
8
BLACK
6
CONTINUOUS
10
3.5127253543307084
20
-3.3969867322834646
11
3.514432244094488
21
-3.3944322440944883
0
LINE
8
BLACK
6
CONTINUOUS
10
3.514432244094488
20
-3.3944322440944883
11
3.5169867322834647
21
-3.3927253543307088
0
LINE
8
BLACK
6
CONTINUOUS
10
3.5169867322834647
20
-3.3927253543307088
11
3.52
21
-3.3921259842519684
0
LINE
8
BLACK
6
CONTINUOUS
10
3.52
20
-3.3921259842519684
11
3.5800000000000001
21
-3.3921259842519684
0
LINE
8
BLACK
6
CONTINUOUS
10
3.5800000000000001
20
-3.3921259842519684
11
3.5830132677165354
21
-3.3927253543307088
0
LINE
8
BLACK
6
CONTINUOUS
10
3.6830132677165355
20
-3.3927253543307088
11
3.6855677559055118
21
-3.3944322440944883
0
LINE
8
BLACK
6
CONTINUOUS
10
3.6855677559055118
20
-3.3944322440944883
11
3.6872746456692913
21
-3.3969867322834646
0
LINE
8
BLACK
6
CONTINUOUS
10
3.6872746456692913
20
-3.3969867322834646
11
3.6878740157480312
21
-3.3999999999999999
0
LINE
8
BLACK
6
CONTINUOUS
10
3.6878740157480312
20
-3.3999999999999999
11
3.6878740157480312
21
-3.46
0
LINE
8
BLACK
6
CONTINUOUS
10
3.6878740157480312
20
-3.46
11
3.6872746456692913
21
-3.4630132677165353
0
LINE
8
BLACK
6
CONTINUOUS
10
3.6872746456692913
20
-3.4630132677165353
11
3.6855677559055118
21
-3.4655677559055116
0
LINE
8
BLACK
6
CONTINUOUS
10
3.6855677559055118
20
-3.4655677559055116
11
3.6830132677165355
21
-3.4672746456692911
0
LINE
8
BLACK
6
CONTINUOUS
10
3.6830132677165355
20
-3.4672746456692911
11
3.6799999999999997
21
-3.4678740157480314
0
LINE
8
BLACK
6
CONTINUOUS
10
3.6799999999999997
20
-3.4678740157480314
11
3.6200000000000001
21
-3.4678740157480314
0
LINE
8
BLACK
6
CONTINUOUS
10
3.6200000000000001
20
-3.4678740157480314
11
3.6169867322834643
21
-3.4672746456692911
0
LINE
8
BLACK
6
CONTINUOUS
10
3.6169867322834643
20
-3.4672746456692911
11
3.614432244094488
21
-3.4655677559055116
0
LINE
8
BLACK
6
CONTINUOUS
10
3.614432244094488
20
-3.4655677559055116
11
3.6127253543307085
21
-3.4630132677165353
0
LINE
8
BLACK
6
CONTINUOUS
10
3.6127253543307085
20
-3.4630132677165353
11
3.6121259842519686
21
-3.46
0
LINE
8
BLACK
6
CONTINUOUS
10
3.6121259842519686
20
-3.46
11
3.6121259842519686
21
-3.3999999999999999
0
LINE
8
BLACK
6
CONTINUOUS
10
3.6121259842519686
20
-3.3999999999999999
11
3.6127253543307085
21
-3.3969867322834646
0
LINE
8
BLACK
6
CONTINUOUS
10
3.6127253543307085
20
-3.3969867322834646
11
3.614432244094488
21
-3.3944322440944883
0
LINE
8
BLACK
6
CONTINUOUS
10
3.614432244094488
20
-3.3944322440944883
11
3.6169867322834643
21
-3.3927253543307088
0
LINE
8
BLACK
6
CONTINUOUS
10
3.6169867322834643
20
-3.3927253543307088
11
3.6200000000000001
21
-3.3921259842519684
0
LINE
8
BLACK
6
CONTINUOUS
10
3.6200000000000001
20
-3.3921259842519684
11
3.6799999999999997
21
-3.3921259842519684
0
LINE
8
BLACK
6
CONTINUOUS
10
3.6799999999999997
20
-3.3921259842519684
11
3.6830132677165355
21
-3.3927253543307088
0
LINE
8
BLACK
6
CONTINUOUS
10
2.8623170078740157
20
-3.4139441338582674
11
2.8669814566929133
21
-3.4163207874015749
0
LINE
8
BLACK
6
CONTINUOUS
10
2.8669814566929133
20
-3.4163207874015749
11
2.870683149606299
21
-3.4200224803149606
0
LINE
8
BLACK
6
CONTINUOUS
10
2.870683149606299
20
-3.4200224803149606
11
2.8730598031496064
21
-3.4246869291338582
0
LINE
8
BLACK
6
CONTINUOUS
10
2.8730598031496064
20
-3.4246869291338582
11
2.8738787401574801
21
-3.4298574803149604
0
LINE
8
BLACK
6
CONTINUOUS
10
2.8738787401574801
20
-3.4298574803149604
11
2.8738787401574801
21
-3.4495425196850391
0
LINE
8
BLACK
6
CONTINUOUS
10
2.8738787401574801
20
-3.4495425196850391
11
2.8730598031496064
21
-3.4547130708661418
0
LINE
8
BLACK
6
CONTINUOUS
10
2.8730598031496064
20
-3.4547130708661418
11
2.870683149606299
21
-3.4593775196850394
0
LINE
8
BLACK
6
CONTINUOUS
10
2.870683149606299
20
-3.4593775196850394
11
2.8669814566929133
21
-3.4630792125984251
0
LINE
8
BLACK
6
CONTINUOUS
10
2.8669814566929133
20
-3.4630792125984251
11
2.8623170078740157
21
-3.4654558661417321
0
LINE
8
BLACK
6
CONTINUOUS
10
2.8623170078740157
20
-3.4654558661417321
11
2.8571464566929134
21
-3.4662748031496062
0
LINE
8
BLACK
6
CONTINUOUS
10
2.8571464566929134
20
-3.4662748031496062
11
2.8394299212598426
21
-3.4662748031496062
0
LINE
8
BLACK
6
CONTINUOUS
10
2.8394299212598426
20
-3.4662748031496062
11
2.83425937007874
21
-3.4654558661417321
0
LINE
8
BLACK
6
CONTINUOUS
10
2.83425937007874
20
-3.4654558661417321
11
2.8295949212598424
21
-3.4630792125984251
0
LINE
8
BLACK
6
CONTINUOUS
10
2.8295949212598424
20
-3.4630792125984251
11
2.8258932283464566
21
-3.4593775196850394
0
LINE
8
BLACK
6
CONTINUOUS
10
2.8258932283464566
20
-3.4593775196850394
11
2.8235165748031497
21
-3.4547130708661418
0
LINE
8
BLACK
6
CONTINUOUS
10
2.8235165748031497
20
-3.4547130708661418
11
2.8226976377952755
21
-3.4495425196850391
0
LINE
8
BLACK
6
CONTINUOUS
10
2.8226976377952755
20
-3.4495425196850391
11
2.8226976377952755
21
-3.4298574803149604
0
LINE
8
BLACK
6
CONTINUOUS
10
2.8226976377952755
20
-3.4298574803149604
11
2.8235165748031497
21
-3.4246869291338582
0
LINE
8
BLACK
6
CONTINUOUS
10
2.8235165748031497
20
-3.4246869291338582
11
2.8258932283464566
21
-3.4200224803149606
0
LINE
8
BLACK
6
CONTINUOUS
10
2.8258932283464566
20
-3.4200224803149606
11
2.8295949212598424
21
-3.4163207874015749
0
LINE
8
BLACK
6
CONTINUOUS
10
2.8295949212598424
20
-3.4163207874015749
11
2.83425937007874
21
-3.4139441338582674
0
LINE
8
BLACK
6
CONTINUOUS
10
2.83425937007874
20
-3.4139441338582674
11
2.8394299212598426
21
-3.4131251968503937
0
LINE
8
BLACK
6
CONTINUOUS
10
2.8394299212598426
20
-3.4131251968503937
11
2.8571464566929134
21
-3.4131251968503937
0
LINE
8
BLACK
6
CONTINUOUS
10
2.8571464566929134
20
-3.4131251968503937
11
2.8623170078740157
21
-3.4139441338582674
0
LINE
8
BLACK
6
CONTINUOUS
10
2.9233406299212596
20
-3.4139441338582674
11
2.9280050787401573
21
-3.4163207874015749
0
LINE
8
BLACK
6
CONTINUOUS
10
2.9280050787401573
20
-3.4163207874015749
11
2.9317067716535434
21
-3.4200224803149606
0
LINE
8
BLACK
6
CONTINUOUS
10
2.9317067716535434
20
-3.4200224803149606
11
2.9340834251968504
21
-3.4246869291338582
0
LINE
8
BLACK
6
CONTINUOUS
10
2.9340834251968504
20
-3.4246869291338582
11
2.9349023622047246
21
-3.4298574803149604
0
LINE
8
BLACK
6
CONTINUOUS
10
2.9349023622047246
20
-3.4298574803149604
11
2.9349023622047246
21
-3.4495425196850391
0
LINE
8
BLACK
6
CONTINUOUS
10
2.9349023622047246
20
-3.4495425196850391
11
2.9340834251968504
21
-3.4547130708661418
0
LINE
8
BLACK
6
CONTINUOUS
10
2.9340834251968504
20
-3.4547130708661418
11
2.9317067716535434
21
-3.4593775196850394
0
LINE
8
BLACK
6
CONTINUOUS
10
2.9317067716535434
20
-3.4593775196850394
11
2.9280050787401573
21
-3.4630792125984251
0
LINE
8
BLACK
6
CONTINUOUS
10
2.9280050787401573
20
-3.4630792125984251
11
2.9233406299212596
21
-3.4654558661417321
0
LINE
8
BLACK
6
CONTINUOUS
10
2.9233406299212596
20
-3.4654558661417321
11
2.9181700787401574
21
-3.4662748031496062
0
LINE
8
BLACK
6
CONTINUOUS
10
2.9181700787401574
20
-3.4662748031496062
11
2.9004535433070866
21
-3.4662748031496062
0
LINE
8
BLACK
6
CONTINUOUS
10
2.9004535433070866
20
-3.4662748031496062
11
2.8952829921259844
21
-3.4654558661417321
0
LINE
8
BLACK
6
CONTINUOUS
10
2.8952829921259844
20
-3.4654558661417321
11
2.8906185433070863
21
-3.4630792125984251
0
LINE
8
BLACK
6
CONTINUOUS
10
2.8906185433070863
20
-3.4630792125984251
11
2.8869168503937006
21
-3.4593775196850394
0
LINE
8
BLACK
6
CONTINUOUS
10
2.8869168503937006
20
-3.4593775196850394
11
2.8845401968503936
21
-3.4547130708661418
0
LINE
8
BLACK
6
CONTINUOUS
10
2.8845401968503936
20
-3.4547130708661418
11
2.8837212598425195
21
-3.4495425196850391
0
LINE
8
BLACK
6
CONTINUOUS
10
2.8837212598425195
20
-3.4495425196850391
11
2.8837212598425195
21
-3.4298574803149604
0
LINE
8
BLACK
6
CONTINUOUS
10
2.8837212598425195
20
-3.4298574803149604
11
2.8845401968503936
21
-3.4246869291338582
0
LINE
8
BLACK
6
CONTINUOUS
10
2.8845401968503936
20
-3.4246869291338582
11
2.8869168503937006
21
-3.4200224803149606
0
LINE
8
BLACK
6
CONTINUOUS
10
2.8869168503937006
20
-3.4200224803149606
11
2.8906185433070863
21
-3.4163207874015749
0
LINE
8
BLACK
6
CONTINUOUS
10
2.8906185433070863
20
-3.4163207874015749
11
2.8952829921259844
21
-3.4139441338582674
0
LINE
8
BLACK
6
CONTINUOUS
10
2.8952829921259844
20
-3.4139441338582674
11
2.9004535433070866
21
-3.4131251968503937
0
LINE
8
BLACK
6
CONTINUOUS
10
2.9004535433070866
20
-3.4131251968503937
11
2.9181700787401574
21
-3.4131251968503937
0
LINE
8
BLACK
6
CONTINUOUS
10
2.9181700787401574
20
-3.4131251968503937
11
2.9233406299212596
21
-3.4139441338582674
0
LINE
8
BLACK
6
CONTINUOUS
10
2.7944931889763778
20
-3.4193683858267714
11
2.7988832283464564
21
-3.4216052362204725
0
LINE
8
BLACK
6
CONTINUOUS
10
2.7988832283464564
20
-3.4216052362204725
11
2.8023672047244093
21
-3.4250892125984249
0
LINE
8
BLACK
6
CONTINUOUS
10
2.8023672047244093
20
-3.4250892125984249
11
2.80460405511811
21
-3.429479251968504
0
LINE
8
BLACK
6
CONTINUOUS
10
2.80460405511811
20
-3.429479251968504
11
2.8053748031496064
21
-3.4343456692913383
0
LINE
8
BLACK
6
CONTINUOUS
10
2.8053748031496064
20
-3.4343456692913383
11
2.8053748031496064
21
-3.4500937007874013
0
LINE
8
BLACK
6
CONTINUOUS
10
2.8053748031496064
20
-3.4500937007874013
11
2.80460405511811
21
-3.4549601181102361
0
LINE
8
BLACK
6
CONTINUOUS
10
2.80460405511811
20
-3.4549601181102361
11
2.8023672047244093
21
-3.4593501574803147
0
LINE
8
BLACK
6
CONTINUOUS
10
2.8023672047244093
20
-3.4593501574803147
11
2.7988832283464564
21
-3.4628341338582675
0
LINE
8
BLACK
6
CONTINUOUS
10
2.7988832283464564
20
-3.4628341338582675
11
2.7944931889763778
21
-3.4650709842519682
0
LINE
8
BLACK
6
CONTINUOUS
10
2.7944931889763778
20
-3.4650709842519682
11
2.7896267716535434
21
-3.4658417322834647
0
LINE
8
BLACK
6
CONTINUOUS
10
2.7896267716535434
20
-3.4658417322834647
11
2.7679732283464564
21
-3.4658417322834647
0
LINE
8
BLACK
6
CONTINUOUS
10
2.7679732283464564
20
-3.4658417322834647
11
2.7631068110236221
21
-3.4650709842519682
0
LINE
8
BLACK
6
CONTINUOUS
10
2.7631068110236221
20
-3.4650709842519682
11
2.7587167716535435
21
-3.4628341338582675
0
LINE
8
BLACK
6
CONTINUOUS
10
2.7587167716535435
20
-3.4628341338582675
11
2.7552327952755906
21
-3.4593501574803147
0
LINE
8
BLACK
6
CONTINUOUS
10
2.7552327952755906
20
-3.4593501574803147
11
2.7529959448818899
21
-3.4549601181102361
0
LINE
8
BLACK
6
CONTINUOUS
10
2.7529959448818899
20
-3.4549601181102361
11
2.7522251968503935
21
-3.4500937007874013
0
LINE
8
BLACK
6
CONTINUOUS
10
2.7522251968503935
20
-3.4500937007874013
11
2.7522251968503935
21
-3.4343456692913383
0
LINE
8
BLACK
6
CONTINUOUS
10
2.7522251968503935
20
-3.4343456692913383
11
2.7529959448818899
21
-3.429479251968504
0
LINE
8
BLACK
6
CONTINUOUS
10
2.7529959448818899
20
-3.429479251968504
11
2.7552327952755906
21
-3.4250892125984249
0
LINE
8
BLACK
6
CONTINUOUS
10
2.7552327952755906
20
-3.4250892125984249
11
2.7587167716535435
21
-3.4216052362204725
0
LINE
8
BLACK
6
CONTINUOUS
10
2.7587167716535435
20
-3.4216052362204725
11
2.7631068110236221
21
-3.4193683858267714
0
LINE
8
BLACK
6
CONTINUOUS
10
2.7631068110236221
20
-3.4193683858267714
11
2.7679732283464564
21
-3.4185976377952754
0
LINE
8
BLACK
6
CONTINUOUS
10
2.7679732283464564
20
-3.4185976377952754
11
2.7896267716535434
21
-3.4185976377952754
0
LINE
8
BLACK
6
CONTINUOUS
10
2.7896267716535434
20
-3.4185976377952754
11
2.7944931889763778
21
-3.4193683858267714
0
LINE
8
BLACK
6
CONTINUOUS
10
2.536831220472441
20
-3.3706146062992124
11
2.5425084251968504
21
-3.3717438976377951
0
LINE
8
BLACK
6
CONTINUOUS
10
2.5425084251968504
20
-3.3717438976377951
11
2.5478562204724411
21
-3.3739590157480315
0
LINE
8
BLACK
6
CONTINUOUS
10
2.5478562204724411
20
-3.3739590157480315
11
2.5526690944881891
21
-3.3771748818897636
0
LINE
8
BLACK
6
CONTINUOUS
10
2.5526690944881891
20
-3.3771748818897636
11
2.5567621259842519
21
-3.3812679133858268
0
LINE
8
BLACK
6
CONTINUOUS
10
2.5567621259842519
20
-3.3812679133858268
11
2.559977992125984
21
-3.3860807874015748
0
LINE
8
BLACK
6
CONTINUOUS
10
2.559977992125984
20
-3.3860807874015748
11
2.5621931102362203
21
-3.3914285826771651
0
LINE
8
BLACK
6
CONTINUOUS
10
2.5621931102362203
20
-3.3914285826771651
11
2.5633224015748031
21
-3.3971057874015749
0
LINE
8
BLACK
6
CONTINUOUS
10
2.5633224015748031
20
-3.3971057874015749
11
2.5633224015748031
21
-3.402894212598425
0
LINE
8
BLACK
6
CONTINUOUS
10
2.5633224015748031
20
-3.402894212598425
11
2.5621931102362203
21
-3.4085714173228348
0
LINE
8
BLACK
6
CONTINUOUS
10
2.5621931102362203
20
-3.4085714173228348
11
2.559977992125984
21
-3.413919212598425
0
LINE
8
BLACK
6
CONTINUOUS
10
2.559977992125984
20
-3.413919212598425
11
2.5567621259842519
21
-3.418732086614173
0
LINE
8
BLACK
6
CONTINUOUS
10
2.5567621259842519
20
-3.418732086614173
11
2.5526690944881891
21
-3.4228251181102363
0
LINE
8
BLACK
6
CONTINUOUS
10
2.5526690944881891
20
-3.4228251181102363
11
2.5478562204724411
21
-3.4260409842519683
0
LINE
8
BLACK
6
CONTINUOUS
10
2.5478562204724411
20
-3.4260409842519683
11
2.5425084251968504
21
-3.4282561023622047
0
LINE
8
BLACK
6
CONTINUOUS
10
2.5425084251968504
20
-3.4282561023622047
11
2.536831220472441
21
-3.4293853937007874
0
LINE
8
BLACK
6
CONTINUOUS
10
2.536831220472441
20
-3.4293853937007874
11
2.5339370078740155
21
-3.429527559055118
0
LINE
8
BLACK
6
CONTINUOUS
10
2.5339370078740155
20
-3.429527559055118
11
2.5260629921259841
21
-3.429527559055118
0
LINE
8
BLACK
6
CONTINUOUS
10
2.5260629921259841
20
-3.429527559055118
11
2.523168779527559
21
-3.4293853937007874
0
LINE
8
BLACK
6
CONTINUOUS
10
2.523168779527559
20
-3.4293853937007874
11
2.5174915748031497
21
-3.4282561023622047
0
LINE
8
BLACK
6
CONTINUOUS
10
2.5174915748031497
20
-3.4282561023622047
11
2.512143779527559
21
-3.4260409842519683
0
LINE
8
BLACK
6
CONTINUOUS
10
2.512143779527559
20
-3.4260409842519683
11
2.5073309055118109
21
-3.4228251181102363
0
LINE
8
BLACK
6
CONTINUOUS
10
2.5073309055118109
20
-3.4228251181102363
11
2.5032378740157482
21
-3.418732086614173
0
LINE
8
BLACK
6
CONTINUOUS
10
2.5032378740157482
20
-3.418732086614173
11
2.5000220078740156
21
-3.413919212598425
0
LINE
8
BLACK
6
CONTINUOUS
10
2.5000220078740156
20
-3.413919212598425
11
2.4978068897637793
21
-3.4085714173228348
0
LINE
8
BLACK
6
CONTINUOUS
10
2.4978068897637793
20
-3.4085714173228348
11
2.496677598425197
21
-3.402894212598425
0
LINE
8
BLACK
6
CONTINUOUS
10
2.496677598425197
20
-3.402894212598425
11
2.496677598425197
21
-3.3971057874015749
0
LINE
8
BLACK
6
CONTINUOUS
10
2.496677598425197
20
-3.3971057874015749
11
2.4978068897637793
21
-3.3914285826771651
0
LINE
8
BLACK
6
CONTINUOUS
10
2.4978068897637793
20
-3.3914285826771651
11
2.5000220078740156
21
-3.3860807874015748
0
LINE
8
BLACK
6
CONTINUOUS
10
2.5000220078740156
20
-3.3860807874015748
11
2.5032378740157482
21
-3.3812679133858268
0
LINE
8
BLACK
6
CONTINUOUS
10
2.5032378740157482
20
-3.3812679133858268
11
2.5073309055118109
21
-3.3771748818897636
0
LINE
8
BLACK
6
CONTINUOUS
10
2.5073309055118109
20
-3.3771748818897636
11
2.512143779527559
21
-3.3739590157480315
0
LINE
8
BLACK
6
CONTINUOUS
10
2.512143779527559
20
-3.3739590157480315
11
2.5174915748031497
21
-3.3717438976377951
0
LINE
8
BLACK
6
CONTINUOUS
10
2.5174915748031497
20
-3.3717438976377951
11
2.523168779527559
21
-3.3706146062992124
0
LINE
8
BLACK
6
CONTINUOUS
10
2.523168779527559
20
-3.3706146062992124
11
2.5260629921259841
21
-3.3704724409448819
0
LINE
8
BLACK
6
CONTINUOUS
10
2.5260629921259841
20
-3.3704724409448819
11
2.5339370078740155
21
-3.3704724409448819
0
LINE
8
BLACK
6
CONTINUOUS
10
2.5339370078740155
20
-3.3704724409448819
11
2.536831220472441
21
-3.3706146062992124
0
LINE
8
BLACK
6
CONTINUOUS
10
3.5830132677165354
20
-3.2927253543307087
11
3.5855677559055117
21
-3.2944322440944882
0
LINE
8
BLACK
6
CONTINUOUS
10
3.5855677559055117
20
-3.2944322440944882
11
3.5872746456692912
21
-3.2969867322834645
0
LINE
8
BLACK
6
CONTINUOUS
10
3.5872746456692912
20
-3.2969867322834645
11
3.5878740157480316
21
-3.2999999999999998
0
LINE
8
BLACK
6
CONTINUOUS
10
3.5878740157480316
20
-3.2999999999999998
11
3.5878740157480316
21
-3.3599999999999999
0
LINE
8
BLACK
6
CONTINUOUS
10
3.5878740157480316
20
-3.3599999999999999
11
3.5872746456692912
21
-3.3630132677165352
0
LINE
8
BLACK
6
CONTINUOUS
10
3.5872746456692912
20
-3.3630132677165352
11
3.5855677559055117
21
-3.3655677559055119
0
LINE
8
BLACK
6
CONTINUOUS
10
3.5855677559055117
20
-3.3655677559055119
11
3.5830132677165354
21
-3.3672746456692915
0
LINE
8
BLACK
6
CONTINUOUS
10
3.5830132677165354
20
-3.3672746456692915
11
3.5800000000000001
21
-3.3678740157480314
0
LINE
8
BLACK
6
CONTINUOUS
10
3.5800000000000001
20
-3.3678740157480314
11
3.52
21
-3.3678740157480314
0
LINE
8
BLACK
6
CONTINUOUS
10
3.52
20
-3.3678740157480314
11
3.5169867322834647
21
-3.3672746456692915
0
LINE
8
BLACK
6
CONTINUOUS
10
3.5169867322834647
20
-3.3672746456692915
11
3.514432244094488
21
-3.3655677559055119
0
LINE
8
BLACK
6
CONTINUOUS
10
3.514432244094488
20
-3.3655677559055119
11
3.5127253543307084
21
-3.3630132677165352
0
LINE
8
BLACK
6
CONTINUOUS
10
3.5127253543307084
20
-3.3630132677165352
11
3.5121259842519685
21
-3.3599999999999999
0
LINE
8
BLACK
6
CONTINUOUS
10
3.5121259842519685
20
-3.3599999999999999
11
3.5121259842519685
21
-3.2999999999999998
0
LINE
8
BLACK
6
CONTINUOUS
10
3.5121259842519685
20
-3.2999999999999998
11
3.5127253543307084
21
-3.2969867322834645
0
LINE
8
BLACK
6
CONTINUOUS
10
3.5127253543307084
20
-3.2969867322834645
11
3.514432244094488
21
-3.2944322440944882
0
LINE
8
BLACK
6
CONTINUOUS
10
3.514432244094488
20
-3.2944322440944882
11
3.5169867322834647
21
-3.2927253543307087
0
LINE
8
BLACK
6
CONTINUOUS
10
3.5169867322834647
20
-3.2927253543307087
11
3.52
21
-3.2921259842519683
0
LINE
8
BLACK
6
CONTINUOUS
10
3.52
20
-3.2921259842519683
11
3.5800000000000001
21
-3.2921259842519683
0
LINE
8
BLACK
6
CONTINUOUS
10
3.5800000000000001
20
-3.2921259842519683
11
3.5830132677165354
21
-3.2927253543307087
0
LINE
8
BLACK
6
CONTINUOUS
10
3.6830132677165355
20
-3.2927253543307087
11
3.6855677559055118
21
-3.2944322440944882
0
LINE
8
BLACK
6
CONTINUOUS
10
3.6855677559055118
20
-3.2944322440944882
11
3.6872746456692913
21
-3.2969867322834645
0
LINE
8
BLACK
6
CONTINUOUS
10
3.6872746456692913
20
-3.2969867322834645
11
3.6878740157480312
21
-3.2999999999999998
0
LINE
8
BLACK
6
CONTINUOUS
10
3.6878740157480312
20
-3.2999999999999998
11
3.6878740157480312
21
-3.3599999999999999
0
LINE
8
BLACK
6
CONTINUOUS
10
3.6878740157480312
20
-3.3599999999999999
11
3.6872746456692913
21
-3.3630132677165352
0
LINE
8
BLACK
6
CONTINUOUS
10
3.6872746456692913
20
-3.3630132677165352
11
3.6855677559055118
21
-3.3655677559055119
0
LINE
8
BLACK
6
CONTINUOUS
10
3.6855677559055118
20
-3.3655677559055119
11
3.6830132677165355
21
-3.3672746456692915
0
LINE
8
BLACK
6
CONTINUOUS
10
3.6830132677165355
20
-3.3672746456692915
11
3.6799999999999997
21
-3.3678740157480314
0
LINE
8
BLACK
6
CONTINUOUS
10
3.6799999999999997
20
-3.3678740157480314
11
3.6200000000000001
21
-3.3678740157480314
0
LINE
8
BLACK
6
CONTINUOUS
10
3.6200000000000001
20
-3.3678740157480314
11
3.6169867322834643
21
-3.3672746456692915
0
LINE
8
BLACK
6
CONTINUOUS
10
3.6169867322834643
20
-3.3672746456692915
11
3.614432244094488
21
-3.3655677559055119
0
LINE
8
BLACK
6
CONTINUOUS
10
3.614432244094488
20
-3.3655677559055119
11
3.6127253543307085
21
-3.3630132677165352
0
LINE
8
BLACK
6
CONTINUOUS
10
3.6127253543307085
20
-3.3630132677165352
11
3.6121259842519686
21
-3.3599999999999999
0
LINE
8
BLACK
6
CONTINUOUS
10
3.6121259842519686
20
-3.3599999999999999
11
3.6121259842519686
21
-3.2999999999999998
0
LINE
8
BLACK
6
CONTINUOUS
10
3.6121259842519686
20
-3.2999999999999998
11
3.6127253543307085
21
-3.2969867322834645
0
LINE
8
BLACK
6
CONTINUOUS
10
3.6127253543307085
20
-3.2969867322834645
11
3.614432244094488
21
-3.2944322440944882
0
LINE
8
BLACK
6
CONTINUOUS
10
3.614432244094488
20
-3.2944322440944882
11
3.6169867322834643
21
-3.2927253543307087
0
LINE
8
BLACK
6
CONTINUOUS
10
3.6169867322834643
20
-3.2927253543307087
11
3.6200000000000001
21
-3.2921259842519683
0
LINE
8
BLACK
6
CONTINUOUS
10
3.6200000000000001
20
-3.2921259842519683
11
3.6799999999999997
21
-3.2921259842519683
0
LINE
8
BLACK
6
CONTINUOUS
10
3.6799999999999997
20
-3.2921259842519683
11
3.6830132677165355
21
-3.2927253543307087
0
LINE
8
BLACK
6
CONTINUOUS
10
2.6417518110236218
20
-3.2362229921259842
11
2.6502712992125983
21
-3.2389911417322832
0
LINE
8
BLACK
6
CONTINUOUS
10
2.6502712992125983
20
-3.2389911417322832
11
2.6582528740157478
21
-3.2430579527559056
0
LINE
8
BLACK
6
CONTINUOUS
10
2.6582528740157478
20
-3.2430579527559056
11
2.6654999999999998
21
-3.2483232677165352
0
LINE
8
BLACK
6
CONTINUOUS
10
2.6654999999999998
20
-3.2483232677165352
11
2.6718342125984251
21
-3.2546574803149606
0
LINE
8
BLACK
6
CONTINUOUS
10
2.6718342125984251
20
-3.2546574803149606
11
2.6770995275590552
21
-3.2619046062992125
0
LINE
8
BLACK
6
CONTINUOUS
10
2.6770995275590552
20
-3.2619046062992125
11
2.6811663385826772
21
-3.2698861811023621
0
LINE
8
BLACK
6
CONTINUOUS
10
2.6811663385826772
20
-3.2698861811023621
11
2.6839344881889762
21
-3.2784056692913386
0
LINE
8
BLACK
6
CONTINUOUS
10
2.6839344881889762
20
-3.2784056692913386
11
2.6853358267716536
21
-3.2872533070866141
0
LINE
8
BLACK
6
CONTINUOUS
10
2.6853358267716536
20
-3.2872533070866141
11
2.6853358267716536
21
-3.2962112598425195
0
LINE
8
BLACK
6
CONTINUOUS
10
2.6853358267716536
20
-3.2962112598425195
11
2.6839344881889762
21
-3.305058897637795
0
LINE
8
BLACK
6
CONTINUOUS
10
2.6839344881889762
20
-3.305058897637795
11
2.6811663385826772
21
-3.3135783858267716
0
LINE
8
BLACK
6
CONTINUOUS
10
2.6811663385826772
20
-3.3135783858267716
11
2.6770995275590552
21
-3.3215599606299211
0
LINE
8
BLACK
6
CONTINUOUS
10
2.6770995275590552
20
-3.3215599606299211
11
2.6718342125984251
21
-3.328807086614173
0
LINE
8
BLACK
6
CONTINUOUS
10
2.6718342125984251
20
-3.328807086614173
11
2.6654999999999998
21
-3.3351412992125984
0
LINE
8
BLACK
6
CONTINUOUS
10
2.6654999999999998
20
-3.3351412992125984
11
2.6582528740157478
21
-3.3404066141732285
0
LINE
8
BLACK
6
CONTINUOUS
10
2.6582528740157478
20
-3.3404066141732285
11
2.6502712992125983
21
-3.3444734251968504
0
LINE
8
BLACK
6
CONTINUOUS
10
2.6502712992125983
20
-3.3444734251968504
11
2.6417518110236218
21
-3.3472415748031494
0
LINE
8
BLACK
6
CONTINUOUS
10
2.6417518110236218
20
-3.3472415748031494
11
2.6329041732283462
21
-3.3486429133858269
0
LINE
8
BLACK
6
CONTINUOUS
10
2.6329041732283462
20
-3.3486429133858269
11
2.6239462204724409
21
-3.3486429133858269
0
LINE
8
BLACK
6
CONTINUOUS
10
2.6239462204724409
20
-3.3486429133858269
11
2.6150985826771653
21
-3.3472415748031494
0
LINE
8
BLACK
6
CONTINUOUS
10
2.6150985826771653
20
-3.3472415748031494
11
2.6065790944881888
21
-3.3444734251968504
0
LINE
8
BLACK
6
CONTINUOUS
10
2.6065790944881888
20
-3.3444734251968504
11
2.5985975196850393
21
-3.3404066141732285
0
LINE
8
BLACK
6
CONTINUOUS
10
2.5985975196850393
20
-3.3404066141732285
11
2.5913503937007873
21
-3.3351412992125984
0
LINE
8
BLACK
6
CONTINUOUS
10
2.5913503937007873
20
-3.3351412992125984
11
2.585016181102362
21
-3.328807086614173
0
LINE
8
BLACK
6
CONTINUOUS
10
2.585016181102362
20
-3.328807086614173
11
2.5797508661417323
21
-3.3215599606299211
0
LINE
8
BLACK
6
CONTINUOUS
10
2.5797508661417323
20
-3.3215599606299211
11
2.5756840551181104
21
-3.3135783858267716
0
LINE
8
BLACK
6
CONTINUOUS
10
2.5756840551181104
20
-3.3135783858267716
11
2.5729159055118109
21
-3.305058897637795
0
LINE
8
BLACK
6
CONTINUOUS
10
2.5729159055118109
20
-3.305058897637795
11
2.5715145669291339
21
-3.2962112598425195
0
LINE
8
BLACK
6
CONTINUOUS
10
2.5715145669291339
20
-3.2962112598425195
11
2.5715145669291339
21
-3.2872533070866141
0
LINE
8
BLACK
6
CONTINUOUS
10
2.5715145669291339
20
-3.2872533070866141
11
2.5729159055118109
21
-3.2784056692913386
0
LINE
8
BLACK
6
CONTINUOUS
10
2.5729159055118109
20
-3.2784056692913386
11
2.5756840551181104
21
-3.2698861811023621
0
LINE
8
BLACK
6
CONTINUOUS
10
2.5756840551181104
20
-3.2698861811023621
11
2.5797508661417323
21
-3.2619046062992125
0
LINE
8
BLACK
6
CONTINUOUS
10
2.5797508661417323
20
-3.2619046062992125
11
2.585016181102362
21
-3.2546574803149606
0
LINE
8
BLACK
6
CONTINUOUS
10
2.585016181102362
20
-3.2546574803149606
11
2.5913503937007873
21
-3.2483232677165352
0
LINE
8
BLACK
6
CONTINUOUS
10
2.5913503937007873
20
-3.2483232677165352
11
2.5985975196850393
21
-3.2430579527559056
0
LINE
8
BLACK
6
CONTINUOUS
10
2.5985975196850393
20
-3.2430579527559056
11
2.6065790944881888
21
-3.2389911417322832
0
LINE
8
BLACK
6
CONTINUOUS
10
2.6065790944881888
20
-3.2389911417322832
11
2.6150985826771653
21
-3.2362229921259842
0
LINE
8
BLACK
6
CONTINUOUS
10
2.6150985826771653
20
-3.2362229921259842
11
2.6239462204724409
21
-3.2348216535433072
0
LINE
8
BLACK
6
CONTINUOUS
10
2.6239462204724409
20
-3.2348216535433072
11
2.6329041732283462
21
-3.2348216535433072
0
LINE
8
BLACK
6
CONTINUOUS
10
2.6329041732283462
20
-3.2348216535433072
11
2.6417518110236218
21
-3.2362229921259842
0
LINE
8
BLACK
6
CONTINUOUS
10
3.5830132677165354
20
-3.1927253543307086
11
3.5855677559055117
21
-3.1944322440944881
0
LINE
8
BLACK
6
CONTINUOUS
10
3.5855677559055117
20
-3.1944322440944881
11
3.5872746456692912
21
-3.1969867322834644
0
LINE
8
BLACK
6
CONTINUOUS
10
3.5872746456692912
20
-3.1969867322834644
11
3.5878740157480316
21
-3.1999999999999997
0
LINE
8
BLACK
6
CONTINUOUS
10
3.5878740157480316
20
-3.1999999999999997
11
3.5878740157480316
21
-3.2599999999999998
0
LINE
8
BLACK
6
CONTINUOUS
10
3.5878740157480316
20
-3.2599999999999998
11
3.5872746456692912
21
-3.2630132677165355
0
LINE
8
BLACK
6
CONTINUOUS
10
3.5872746456692912
20
-3.2630132677165355
11
3.5855677559055117
21
-3.2655677559055118
0
LINE
8
BLACK
6
CONTINUOUS
10
3.5855677559055117
20
-3.2655677559055118
11
3.5830132677165354
21
-3.2672746456692914
0
LINE
8
BLACK
6
CONTINUOUS
10
3.5830132677165354
20
-3.2672746456692914
11
3.5800000000000001
21
-3.2678740157480313
0
LINE
8
BLACK
6
CONTINUOUS
10
3.5800000000000001
20
-3.2678740157480313
11
3.52
21
-3.2678740157480313
0
LINE
8
BLACK
6
CONTINUOUS
10
3.52
20
-3.2678740157480313
11
3.5169867322834647
21
-3.2672746456692914
0
LINE
8
BLACK
6
CONTINUOUS
10
3.5169867322834647
20
-3.2672746456692914
11
3.514432244094488
21
-3.2655677559055118
0
LINE
8
BLACK
6
CONTINUOUS
10
3.514432244094488
20
-3.2655677559055118
11
3.5127253543307084
21
-3.2630132677165355
0
LINE
8
BLACK
6
CONTINUOUS
10
3.5127253543307084
20
-3.2630132677165355
11
3.5121259842519685
21
-3.2599999999999998
0
LINE
8
BLACK
6
CONTINUOUS
10
3.5121259842519685
20
-3.2599999999999998
11
3.5121259842519685
21
-3.1999999999999997
0
LINE
8
BLACK
6
CONTINUOUS
10
3.5121259842519685
20
-3.1999999999999997
11
3.5127253543307084
21
-3.1969867322834644
0
LINE
8
BLACK
6
CONTINUOUS
10
3.5127253543307084
20
-3.1969867322834644
11
3.514432244094488
21
-3.1944322440944881
0
LINE
8
BLACK
6
CONTINUOUS
10
3.514432244094488
20
-3.1944322440944881
11
3.5169867322834647
21
-3.1927253543307086
0
LINE
8
BLACK
6
CONTINUOUS
10
3.5169867322834647
20
-3.1927253543307086
11
3.52
21
-3.1921259842519683
0
LINE
8
BLACK
6
CONTINUOUS
10
3.52
20
-3.1921259842519683
11
3.5800000000000001
21
-3.1921259842519683
0
LINE
8
BLACK
6
CONTINUOUS
10
3.5800000000000001
20
-3.1921259842519683
11
3.5830132677165354
21
-3.1927253543307086
0
LINE
8
BLACK
6
CONTINUOUS
10
3.6830132677165355
20
-3.1927253543307086
11
3.6855677559055118
21
-3.1944322440944881
0
LINE
8
BLACK
6
CONTINUOUS
10
3.6855677559055118
20
-3.1944322440944881
11
3.6872746456692913
21
-3.1969867322834644
0
LINE
8
BLACK
6
CONTINUOUS
10
3.6872746456692913
20
-3.1969867322834644
11
3.6878740157480312
21
-3.1999999999999997
0
LINE
8
BLACK
6
CONTINUOUS
10
3.6878740157480312
20
-3.1999999999999997
11
3.6878740157480312
21
-3.2599999999999998
0
LINE
8
BLACK
6
CONTINUOUS
10
3.6878740157480312
20
-3.2599999999999998
11
3.6872746456692913
21
-3.2630132677165355
0
LINE
8
BLACK
6
CONTINUOUS
10
3.6872746456692913
20
-3.2630132677165355
11
3.6855677559055118
21
-3.2655677559055118
0
LINE
8
BLACK
6
CONTINUOUS
10
3.6855677559055118
20
-3.2655677559055118
11
3.6830132677165355
21
-3.2672746456692914
0
LINE
8
BLACK
6
CONTINUOUS
10
3.6830132677165355
20
-3.2672746456692914
11
3.6799999999999997
21
-3.2678740157480313
0
LINE
8
BLACK
6
CONTINUOUS
10
3.6799999999999997
20
-3.2678740157480313
11
3.6200000000000001
21
-3.2678740157480313
0
LINE
8
BLACK
6
CONTINUOUS
10
3.6200000000000001
20
-3.2678740157480313
11
3.6169867322834643
21
-3.2672746456692914
0
LINE
8
BLACK
6
CONTINUOUS
10
3.6169867322834643
20
-3.2672746456692914
11
3.614432244094488
21
-3.2655677559055118
0
LINE
8
BLACK
6
CONTINUOUS
10
3.614432244094488
20
-3.2655677559055118
11
3.6127253543307085
21
-3.2630132677165355
0
LINE
8
BLACK
6
CONTINUOUS
10
3.6127253543307085
20
-3.2630132677165355
11
3.6121259842519686
21
-3.2599999999999998
0
LINE
8
BLACK
6
CONTINUOUS
10
3.6121259842519686
20
-3.2599999999999998
11
3.6121259842519686
21
-3.1999999999999997
0
LINE
8
BLACK
6
CONTINUOUS
10
3.6121259842519686
20
-3.1999999999999997
11
3.6127253543307085
21
-3.1969867322834644
0
LINE
8
BLACK
6
CONTINUOUS
10
3.6127253543307085
20
-3.1969867322834644
11
3.614432244094488
21
-3.1944322440944881
0
LINE
8
BLACK
6
CONTINUOUS
10
3.614432244094488
20
-3.1944322440944881
11
3.6169867322834643
21
-3.1927253543307086
0
LINE
8
BLACK
6
CONTINUOUS
10
3.6169867322834643
20
-3.1927253543307086
11
3.6200000000000001
21
-3.1921259842519683
0
LINE
8
BLACK
6
CONTINUOUS
10
3.6200000000000001
20
-3.1921259842519683
11
3.6799999999999997
21
-3.1921259842519683
0
LINE
8
BLACK
6
CONTINUOUS
10
3.6799999999999997
20
-3.1921259842519683
11
3.6830132677165355
21
-3.1927253543307086
0
LINE
8
BLACK
6
CONTINUOUS
10
3.4060447637795277
20
-3.1757174803149604
11
3.408599251968504
21
-3.1774243700787399
0
LINE
8
BLACK
6
CONTINUOUS
10
3.408599251968504
20
-3.1774243700787399
11
3.4103061417322835
21
-3.1799788582677166
0
LINE
8
BLACK
6
CONTINUOUS
10
3.4103061417322835
20
-3.1799788582677166
11
3.4109055118110234
21
-3.182992125984252
0
LINE
8
BLACK
6
CONTINUOUS
10
3.4109055118110234
20
-3.182992125984252
11
3.4109055118110234
21
-3.242992125984252
0
LINE
8
BLACK
6
CONTINUOUS
10
3.4109055118110234
20
-3.242992125984252
11
3.4103061417322835
21
-3.2460053937007873
0
LINE
8
BLACK
6
CONTINUOUS
10
3.4103061417322835
20
-3.2460053937007873
11
3.408599251968504
21
-3.2485598818897636
0
LINE
8
BLACK
6
CONTINUOUS
10
3.408599251968504
20
-3.2485598818897636
11
3.4060447637795277
21
-3.2502667716535432
0
LINE
8
BLACK
6
CONTINUOUS
10
3.4060447637795277
20
-3.2502667716535432
11
3.4030314960629919
21
-3.2508661417322835
0
LINE
8
BLACK
6
CONTINUOUS
10
3.4030314960629919
20
-3.2508661417322835
11
3.3430314960629919
21
-3.2508661417322835
0
LINE
8
BLACK
6
CONTINUOUS
10
3.3430314960629919
20
-3.2508661417322835
11
3.3400182283464566
21
-3.2502667716535432
0
LINE
8
BLACK
6
CONTINUOUS
10
3.3400182283464566
20
-3.2502667716535432
11
3.3374637401574803
21
-3.2485598818897636
0
LINE
8
BLACK
6
CONTINUOUS
10
3.3374637401574803
20
-3.2485598818897636
11
3.3357568503937007
21
-3.2460053937007873
0
LINE
8
BLACK
6
CONTINUOUS
10
3.3357568503937007
20
-3.2460053937007873
11
3.3351574803149604
21
-3.242992125984252
0
LINE
8
BLACK
6
CONTINUOUS
10
3.3351574803149604
20
-3.242992125984252
11
3.3351574803149604
21
-3.182992125984252
0
LINE
8
BLACK
6
CONTINUOUS
10
3.3351574803149604
20
-3.182992125984252
11
3.3357568503937007
21
-3.1799788582677166
0
LINE
8
BLACK
6
CONTINUOUS
10
3.3357568503937007
20
-3.1799788582677166
11
3.3374637401574803
21
-3.1774243700787399
0
LINE
8
BLACK
6
CONTINUOUS
10
3.3374637401574803
20
-3.1774243700787399
11
3.3400182283464566
21
-3.1757174803149604
0
LINE
8
BLACK
6
CONTINUOUS
10
3.3400182283464566
20
-3.1757174803149604
11
3.3430314960629919
21
-3.1751181102362205
0
LINE
8
BLACK
6
CONTINUOUS
10
3.3430314960629919
20
-3.1751181102362205
11
3.4030314960629919
21
-3.1751181102362205
0
LINE
8
BLACK
6
CONTINUOUS
10
3.4030314960629919
20
-3.1751181102362205
11
3.4060447637795277
21
-3.1757174803149604
0
LINE
8
BLACK
6
CONTINUOUS
10
3.3002130708661417
20
-3.1877401968503936
11
3.3048775196850393
21
-3.1901168503937005
0
LINE
8
BLACK
6
CONTINUOUS
10
3.3048775196850393
20
-3.1901168503937005
11
3.308579212598425
21
-3.1938185433070867
0
LINE
8
BLACK
6
CONTINUOUS
10
3.308579212598425
20
-3.1938185433070867
11
3.3109558661417324
21
-3.1984829921259843
0
LINE
8
BLACK
6
CONTINUOUS
10
3.3109558661417324
20
-3.1984829921259843
11
3.3117748031496062
21
-3.2036535433070865
0
LINE
8
BLACK
6
CONTINUOUS
10
3.3117748031496062
20
-3.2036535433070865
11
3.3117748031496062
21
-3.2213700787401573
0
LINE
8
BLACK
6
CONTINUOUS
10
3.3117748031496062
20
-3.2213700787401573
11
3.3109558661417324
21
-3.2265406299212596
0
LINE
8
BLACK
6
CONTINUOUS
10
3.3109558661417324
20
-3.2265406299212596
11
3.308579212598425
21
-3.2312050787401576
0
LINE
8
BLACK
6
CONTINUOUS
10
3.308579212598425
20
-3.2312050787401576
11
3.3048775196850393
21
-3.2349067716535433
0
LINE
8
BLACK
6
CONTINUOUS
10
3.3048775196850393
20
-3.2349067716535433
11
3.3002130708661417
21
-3.2372834251968503
0
LINE
8
BLACK
6
CONTINUOUS
10
3.3002130708661417
20
-3.2372834251968503
11
3.2950425196850395
21
-3.2381023622047245
0
LINE
8
BLACK
6
CONTINUOUS
10
3.2950425196850395
20
-3.2381023622047245
11
3.2753574803149608
21
-3.2381023622047245
0
LINE
8
BLACK
6
CONTINUOUS
10
3.2753574803149608
20
-3.2381023622047245
11
3.2701869291338581
21
-3.2372834251968503
0
LINE
8
BLACK
6
CONTINUOUS
10
3.2701869291338581
20
-3.2372834251968503
11
3.2655224803149605
21
-3.2349067716535433
0
LINE
8
BLACK
6
CONTINUOUS
10
3.2655224803149605
20
-3.2349067716535433
11
3.2618207874015748
21
-3.2312050787401576
0
LINE
8
BLACK
6
CONTINUOUS
10
3.2618207874015748
20
-3.2312050787401576
11
3.2594441338582678
21
-3.2265406299212596
0
LINE
8
BLACK
6
CONTINUOUS
10
3.2594441338582678
20
-3.2265406299212596
11
3.2586251968503936
21
-3.2213700787401573
0
LINE
8
BLACK
6
CONTINUOUS
10
3.2586251968503936
20
-3.2213700787401573
11
3.2586251968503936
21
-3.2036535433070865
0
LINE
8
BLACK
6
CONTINUOUS
10
3.2586251968503936
20
-3.2036535433070865
11
3.2594441338582678
21
-3.1984829921259843
0
LINE
8
BLACK
6
CONTINUOUS
10
3.2594441338582678
20
-3.1984829921259843
11
3.2618207874015748
21
-3.1938185433070867
0
LINE
8
BLACK
6
CONTINUOUS
10
3.2618207874015748
20
-3.1938185433070867
11
3.2655224803149605
21
-3.1901168503937005
0
LINE
8
BLACK
6
CONTINUOUS
10
3.2655224803149605
20
-3.1901168503937005
11
3.2701869291338581
21
-3.1877401968503936
0
LINE
8
BLACK
6
CONTINUOUS
10
3.2701869291338581
20
-3.1877401968503936
11
3.2753574803149608
21
-3.1869212598425194
0
LINE
8
BLACK
6
CONTINUOUS
10
3.2753574803149608
20
-3.1869212598425194
11
3.2950425196850395
21
-3.1869212598425194
0
LINE
8
BLACK
6
CONTINUOUS
10
3.2950425196850395
20
-3.1869212598425194
11
3.3002130708661417
21
-3.1877401968503936
0
LINE
8
BLACK
6
CONTINUOUS
10
2.9650130708661417
20
-3.1307401968503936
11
2.9696775196850393
21
-3.1331168503937006
0
LINE
8
BLACK
6
CONTINUOUS
10
2.9696775196850393
20
-3.1331168503937006
11
2.9733792125984251
21
-3.1368185433070868
0
LINE
8
BLACK
6
CONTINUOUS
10
2.9733792125984251
20
-3.1368185433070868
11
2.975755866141732
21
-3.1414829921259844
0
LINE
8
BLACK
6
CONTINUOUS
10
2.975755866141732
20
-3.1414829921259844
11
2.9765748031496062
21
-3.1466535433070866
0
LINE
8
BLACK
6
CONTINUOUS
10
2.9765748031496062
20
-3.1466535433070866
11
2.9765748031496062
21
-3.1643700787401574
0
LINE
8
BLACK
6
CONTINUOUS
10
2.9765748031496062
20
-3.1643700787401574
11
2.975755866141732
21
-3.1695406299212596
0
LINE
8
BLACK
6
CONTINUOUS
10
2.975755866141732
20
-3.1695406299212596
11
2.9733792125984251
21
-3.1742050787401572
0
LINE
8
BLACK
6
CONTINUOUS
10
2.9733792125984251
20
-3.1742050787401572
11
2.9696775196850393
21
-3.1779067716535434
0
LINE
8
BLACK
6
CONTINUOUS
10
2.9696775196850393
20
-3.1779067716535434
11
2.9650130708661417
21
-3.1802834251968504
0
LINE
8
BLACK
6
CONTINUOUS
10
2.9650130708661417
20
-3.1802834251968504
11
2.9598425196850391
21
-3.1811023622047245
0
LINE
8
BLACK
6
CONTINUOUS
10
2.9598425196850391
20
-3.1811023622047245
11
2.9401574803149604
21
-3.1811023622047245
0
LINE
8
BLACK
6
CONTINUOUS
10
2.9401574803149604
20
-3.1811023622047245
11
2.9349869291338582
21
-3.1802834251968504
0
LINE
8
BLACK
6
CONTINUOUS
10
2.9349869291338582
20
-3.1802834251968504
11
2.9303224803149606
21
-3.1779067716535434
0
LINE
8
BLACK
6
CONTINUOUS
10
2.9303224803149606
20
-3.1779067716535434
11
2.9266207874015748
21
-3.1742050787401572
0
LINE
8
BLACK
6
CONTINUOUS
10
2.9266207874015748
20
-3.1742050787401572
11
2.9242441338582679
21
-3.1695406299212596
0
LINE
8
BLACK
6
CONTINUOUS
10
2.9242441338582679
20
-3.1695406299212596
11
2.9234251968503937
21
-3.1643700787401574
0
LINE
8
BLACK
6
CONTINUOUS
10
2.9234251968503937
20
-3.1643700787401574
11
2.9234251968503937
21
-3.1466535433070866
0
LINE
8
BLACK
6
CONTINUOUS
10
2.9234251968503937
20
-3.1466535433070866
11
2.9242441338582679
21
-3.1414829921259844
0
LINE
8
BLACK
6
CONTINUOUS
10
2.9242441338582679
20
-3.1414829921259844
11
2.9266207874015748
21
-3.1368185433070868
0
LINE
8
BLACK
6
CONTINUOUS
10
2.9266207874015748
20
-3.1368185433070868
11
2.9303224803149606
21
-3.1331168503937006
0
LINE
8
BLACK
6
CONTINUOUS
10
2.9303224803149606
20
-3.1331168503937006
11
2.9349869291338582
21
-3.1307401968503936
0
LINE
8
BLACK
6
CONTINUOUS
10
2.9349869291338582
20
-3.1307401968503936
11
2.9401574803149604
21
-3.1299212598425195
0
LINE
8
BLACK
6
CONTINUOUS
10
2.9401574803149604
20
-3.1299212598425195
11
2.9598425196850391
21
-3.1299212598425195
0
LINE
8
BLACK
6
CONTINUOUS
10
2.9598425196850391
20
-3.1299212598425195
11
2.9650130708661417
21
-3.1307401968503936
0
LINE
8
BLACK
6
CONTINUOUS
10
3.0350130708661416
20
-3.1307401968503936
11
3.0396775196850392
21
-3.1331168503937006
0
LINE
8
BLACK
6
CONTINUOUS
10
3.0396775196850392
20
-3.1331168503937006
11
3.0433792125984249
21
-3.1368185433070868
0
LINE
8
BLACK
6
CONTINUOUS
10
3.0433792125984249
20
-3.1368185433070868
11
3.0457558661417323
21
-3.1414829921259844
0
LINE
8
BLACK
6
CONTINUOUS
10
3.0457558661417323
20
-3.1414829921259844
11
3.046574803149606
21
-3.1466535433070866
0
LINE
8
BLACK
6
CONTINUOUS
10
3.046574803149606
20
-3.1466535433070866
11
3.046574803149606
21
-3.1643700787401574
0
LINE
8
BLACK
6
CONTINUOUS
10
3.046574803149606
20
-3.1643700787401574
11
3.0457558661417323
21
-3.1695406299212596
0
LINE
8
BLACK
6
CONTINUOUS
10
3.0457558661417323
20
-3.1695406299212596
11
3.0433792125984249
21
-3.1742050787401572
0
LINE
8
BLACK
6
CONTINUOUS
10
3.0433792125984249
20
-3.1742050787401572
11
3.0396775196850392
21
-3.1779067716535434
0
LINE
8
BLACK
6
CONTINUOUS
10
3.0396775196850392
20
-3.1779067716535434
11
3.0350130708661416
21
-3.1802834251968504
0
LINE
8
BLACK
6
CONTINUOUS
10
3.0350130708661416
20
-3.1802834251968504
11
3.0298425196850394
21
-3.1811023622047245
0
LINE
8
BLACK
6
CONTINUOUS
10
3.0298425196850394
20
-3.1811023622047245
11
3.0101574803149607
21
-3.1811023622047245
0
LINE
8
BLACK
6
CONTINUOUS
10
3.0101574803149607
20
-3.1811023622047245
11
3.004986929133858
21
-3.1802834251968504
0
LINE
8
BLACK
6
CONTINUOUS
10
3.004986929133858
20
-3.1802834251968504
11
3.0003224803149604
21
-3.1779067716535434
0
LINE
8
BLACK
6
CONTINUOUS
10
3.0003224803149604
20
-3.1779067716535434
11
2.9966207874015747
21
-3.1742050787401572
0
LINE
8
BLACK
6
CONTINUOUS
10
2.9966207874015747
20
-3.1742050787401572
11
2.9942441338582677
21
-3.1695406299212596
0
LINE
8
BLACK
6
CONTINUOUS
10
2.9942441338582677
20
-3.1695406299212596
11
2.9934251968503935
21
-3.1643700787401574
0
LINE
8
BLACK
6
CONTINUOUS
10
2.9934251968503935
20
-3.1643700787401574
11
2.9934251968503935
21
-3.1466535433070866
0
LINE
8
BLACK
6
CONTINUOUS
10
2.9934251968503935
20
-3.1466535433070866
11
2.9942441338582677
21
-3.1414829921259844
0
LINE
8
BLACK
6
CONTINUOUS
10
2.9942441338582677
20
-3.1414829921259844
11
2.9966207874015747
21
-3.1368185433070868
0
LINE
8
BLACK
6
CONTINUOUS
10
2.9966207874015747
20
-3.1368185433070868
11
3.0003224803149604
21
-3.1331168503937006
0
LINE
8
BLACK
6
CONTINUOUS
10
3.0003224803149604
20
-3.1331168503937006
11
3.004986929133858
21
-3.1307401968503936
0
LINE
8
BLACK
6
CONTINUOUS
10
3.004986929133858
20
-3.1307401968503936
11
3.0101574803149607
21
-3.1299212598425195
0
LINE
8
BLACK
6
CONTINUOUS
10
3.0101574803149607
20
-3.1299212598425195
11
3.0298425196850394
21
-3.1299212598425195
0
LINE
8
BLACK
6
CONTINUOUS
10
3.0298425196850394
20
-3.1299212598425195
11
3.0350130708661416
21
-3.1307401968503936
0
LINE
8
BLACK
6
CONTINUOUS
10
3.1150130708661417
20
-3.1307401968503936
11
3.1196775196850393
21
-3.1331168503937006
0
LINE
8
BLACK
6
CONTINUOUS
10
3.1196775196850393
20
-3.1331168503937006
11
3.123379212598425
21
-3.1368185433070868
0
LINE
8
BLACK
6
CONTINUOUS
10
3.123379212598425
20
-3.1368185433070868
11
3.1257558661417324
21
-3.1414829921259844
0
LINE
8
BLACK
6
CONTINUOUS
10
3.1257558661417324
20
-3.1414829921259844
11
3.1265748031496061
21
-3.1466535433070866
0
LINE
8
BLACK
6
CONTINUOUS
10
3.1265748031496061
20
-3.1466535433070866
11
3.1265748031496061
21
-3.1643700787401574
0
LINE
8
BLACK
6
CONTINUOUS
10
3.1265748031496061
20
-3.1643700787401574
11
3.1257558661417324
21
-3.1695406299212596
0
LINE
8
BLACK
6
CONTINUOUS
10
3.1257558661417324
20
-3.1695406299212596
11
3.123379212598425
21
-3.1742050787401572
0
LINE
8
BLACK
6
CONTINUOUS
10
3.123379212598425
20
-3.1742050787401572
11
3.1196775196850393
21
-3.1779067716535434
0
LINE
8
BLACK
6
CONTINUOUS
10
3.1196775196850393
20
-3.1779067716535434
11
3.1150130708661417
21
-3.1802834251968504
0
LINE
8
BLACK
6
CONTINUOUS
10
3.1150130708661417
20
-3.1802834251968504
11
3.1098425196850394
21
-3.1811023622047245
0
LINE
8
BLACK
6
CONTINUOUS
10
3.1098425196850394
20
-3.1811023622047245
11
3.0901574803149607
21
-3.1811023622047245
0
LINE
8
BLACK
6
CONTINUOUS
10
3.0901574803149607
20
-3.1811023622047245
11
3.0849869291338581
21
-3.1802834251968504
0
LINE
8
BLACK
6
CONTINUOUS
10
3.0849869291338581
20
-3.1802834251968504
11
3.0803224803149605
21
-3.1779067716535434
0
LINE
8
BLACK
6
CONTINUOUS
10
3.0803224803149605
20
-3.1779067716535434
11
3.0766207874015747
21
-3.1742050787401572
0
LINE
8
BLACK
6
CONTINUOUS
10
3.0766207874015747
20
-3.1742050787401572
11
3.0742441338582678
21
-3.1695406299212596
0
LINE
8
BLACK
6
CONTINUOUS
10
3.0742441338582678
20
-3.1695406299212596
11
3.0734251968503936
21
-3.1643700787401574
0
LINE
8
BLACK
6
CONTINUOUS
10
3.0734251968503936
20
-3.1643700787401574
11
3.0734251968503936
21
-3.1466535433070866
0
LINE
8
BLACK
6
CONTINUOUS
10
3.0734251968503936
20
-3.1466535433070866
11
3.0742441338582678
21
-3.1414829921259844
0
LINE
8
BLACK
6
CONTINUOUS
10
3.0742441338582678
20
-3.1414829921259844
11
3.0766207874015747
21
-3.1368185433070868
0
LINE
8
BLACK
6
CONTINUOUS
10
3.0766207874015747
20
-3.1368185433070868
11
3.0803224803149605
21
-3.1331168503937006
0
LINE
8
BLACK
6
CONTINUOUS
10
3.0803224803149605
20
-3.1331168503937006
11
3.0849869291338581
21
-3.1307401968503936
0
LINE
8
BLACK
6
CONTINUOUS
10
3.0849869291338581
20
-3.1307401968503936
11
3.0901574803149607
21
-3.1299212598425195
0
LINE
8
BLACK
6
CONTINUOUS
10
3.0901574803149607
20
-3.1299212598425195
11
3.1098425196850394
21
-3.1299212598425195
0
LINE
8
BLACK
6
CONTINUOUS
10
3.1098425196850394
20
-3.1299212598425195
11
3.1150130708661417
21
-3.1307401968503936
0
LINE
8
BLACK
6
CONTINUOUS
10
3.1850130708661415
20
-3.1307401968503936
11
3.1896775196850391
21
-3.1331168503937006
0
LINE
8
BLACK
6
CONTINUOUS
10
3.1896775196850391
20
-3.1331168503937006
11
3.1933792125984253
21
-3.1368185433070868
0
LINE
8
BLACK
6
CONTINUOUS
10
3.1933792125984253
20
-3.1368185433070868
11
3.1957558661417322
21
-3.1414829921259844
0
LINE
8
BLACK
6
CONTINUOUS
10
3.1957558661417322
20
-3.1414829921259844
11
3.1965748031496064
21
-3.1466535433070866
0
LINE
8
BLACK
6
CONTINUOUS
10
3.1965748031496064
20
-3.1466535433070866
11
3.1965748031496064
21
-3.1643700787401574
0
LINE
8
BLACK
6
CONTINUOUS
10
3.1965748031496064
20
-3.1643700787401574
11
3.1957558661417322
21
-3.1695406299212596
0
LINE
8
BLACK
6
CONTINUOUS
10
3.1957558661417322
20
-3.1695406299212596
11
3.1933792125984253
21
-3.1742050787401572
0
LINE
8
BLACK
6
CONTINUOUS
10
3.1933792125984253
20
-3.1742050787401572
11
3.1896775196850391
21
-3.1779067716535434
0
LINE
8
BLACK
6
CONTINUOUS
10
3.1896775196850391
20
-3.1779067716535434
11
3.1850130708661415
21
-3.1802834251968504
0
LINE
8
BLACK
6
CONTINUOUS
10
3.1850130708661415
20
-3.1802834251968504
11
3.1798425196850393
21
-3.1811023622047245
0
LINE
8
BLACK
6
CONTINUOUS
10
3.1798425196850393
20
-3.1811023622047245
11
3.1601574803149606
21
-3.1811023622047245
0
LINE
8
BLACK
6
CONTINUOUS
10
3.1601574803149606
20
-3.1811023622047245
11
3.1549869291338584
21
-3.1802834251968504
0
LINE
8
BLACK
6
CONTINUOUS
10
3.1549869291338584
20
-3.1802834251968504
11
3.1503224803149608
21
-3.1779067716535434
0
LINE
8
BLACK
6
CONTINUOUS
10
3.1503224803149608
20
-3.1779067716535434
11
3.1466207874015746
21
-3.1742050787401572
0
LINE
8
BLACK
6
CONTINUOUS
10
3.1466207874015746
20
-3.1742050787401572
11
3.1442441338582676
21
-3.1695406299212596
0
LINE
8
BLACK
6
CONTINUOUS
10
3.1442441338582676
20
-3.1695406299212596
11
3.1434251968503935
21
-3.1643700787401574
0
LINE
8
BLACK
6
CONTINUOUS
10
3.1434251968503935
20
-3.1643700787401574
11
3.1434251968503935
21
-3.1466535433070866
0
LINE
8
BLACK
6
CONTINUOUS
10
3.1434251968503935
20
-3.1466535433070866
11
3.1442441338582676
21
-3.1414829921259844
0
LINE
8
BLACK
6
CONTINUOUS
10
3.1442441338582676
20
-3.1414829921259844
11
3.1466207874015746
21
-3.1368185433070868
0
LINE
8
BLACK
6
CONTINUOUS
10
3.1466207874015746
20
-3.1368185433070868
11
3.1503224803149608
21
-3.1331168503937006
0
LINE
8
BLACK
6
CONTINUOUS
10
3.1503224803149608
20
-3.1331168503937006
11
3.1549869291338584
21
-3.1307401968503936
0
LINE
8
BLACK
6
CONTINUOUS
10
3.1549869291338584
20
-3.1307401968503936
11
3.1601574803149606
21
-3.1299212598425195
0
LINE
8
BLACK
6
CONTINUOUS
10
3.1601574803149606
20
-3.1299212598425195
11
3.1798425196850393
21
-3.1299212598425195
0
LINE
8
BLACK
6
CONTINUOUS
10
3.1798425196850393
20
-3.1299212598425195
11
3.1850130708661415
21
-3.1307401968503936
0
LINE
8
BLACK
6
CONTINUOUS
10
3.3002130708661417
20
-3.1267165748031496
11
3.3048775196850393
21
-3.1290932283464565
0
LINE
8
BLACK
6
CONTINUOUS
10
3.3048775196850393
20
-3.1290932283464565
11
3.308579212598425
21
-3.1327949212598423
0
LINE
8
BLACK
6
CONTINUOUS
10
3.308579212598425
20
-3.1327949212598423
11
3.3109558661417324
21
-3.1374593700787399
0
LINE
8
BLACK
6
CONTINUOUS
10
3.3109558661417324
20
-3.1374593700787399
11
3.3117748031496062
21
-3.1426299212598425
0
LINE
8
BLACK
6
CONTINUOUS
10
3.3117748031496062
20
-3.1426299212598425
11
3.3117748031496062
21
-3.1603464566929134
0
LINE
8
BLACK
6
CONTINUOUS
10
3.3117748031496062
20
-3.1603464566929134
11
3.3109558661417324
21
-3.1655170078740156
0
LINE
8
BLACK
6
CONTINUOUS
10
3.3109558661417324
20
-3.1655170078740156
11
3.308579212598425
21
-3.1701814566929132
0
LINE
8
BLACK
6
CONTINUOUS
10
3.308579212598425
20
-3.1701814566929132
11
3.3048775196850393
21
-3.1738831496062994
0
LINE
8
BLACK
6
CONTINUOUS
10
3.3048775196850393
20
-3.1738831496062994
11
3.3002130708661417
21
-3.1762598031496063
0
LINE
8
BLACK
6
CONTINUOUS
10
3.3002130708661417
20
-3.1762598031496063
11
3.2950425196850395
21
-3.17707874015748
0
LINE
8
BLACK
6
CONTINUOUS
10
3.2950425196850395
20
-3.17707874015748
11
3.2753574803149608
21
-3.17707874015748
0
LINE
8
BLACK
6
CONTINUOUS
10
3.2753574803149608
20
-3.17707874015748
11
3.2701869291338581
21
-3.1762598031496063
0
LINE
8
BLACK
6
CONTINUOUS
10
3.2701869291338581
20
-3.1762598031496063
11
3.2655224803149605
21
-3.1738831496062994
0
LINE
8
BLACK
6
CONTINUOUS
10
3.2655224803149605
20
-3.1738831496062994
11
3.2618207874015748
21
-3.1701814566929132
0
LINE
8
BLACK
6
CONTINUOUS
10
3.2618207874015748
20
-3.1701814566929132
11
3.2594441338582678
21
-3.1655170078740156
0
LINE
8
BLACK
6
CONTINUOUS
10
3.2594441338582678
20
-3.1655170078740156
11
3.2586251968503936
21
-3.1603464566929134
0
LINE
8
BLACK
6
CONTINUOUS
10
3.2586251968503936
20
-3.1603464566929134
11
3.2586251968503936
21
-3.1426299212598425
0
LINE
8
BLACK
6
CONTINUOUS
10
3.2586251968503936
20
-3.1426299212598425
11
3.2594441338582678
21
-3.1374593700787399
0
LINE
8
BLACK
6
CONTINUOUS
10
3.2594441338582678
20
-3.1374593700787399
11
3.2618207874015748
21
-3.1327949212598423
0
LINE
8
BLACK
6
CONTINUOUS
10
3.2618207874015748
20
-3.1327949212598423
11
3.2655224803149605
21
-3.1290932283464565
0
LINE
8
BLACK
6
CONTINUOUS
10
3.2655224803149605
20
-3.1290932283464565
11
3.2701869291338581
21
-3.1267165748031496
0
LINE
8
BLACK
6
CONTINUOUS
10
3.2701869291338581
20
-3.1267165748031496
11
3.2753574803149608
21
-3.1258976377952754
0
LINE
8
BLACK
6
CONTINUOUS
10
3.2753574803149608
20
-3.1258976377952754
11
3.2950425196850395
21
-3.1258976377952754
0
LINE
8
BLACK
6
CONTINUOUS
10
3.2950425196850395
20
-3.1258976377952754
11
3.3002130708661417
21
-3.1267165748031496
0
LINE
8
BLACK
6
CONTINUOUS
10
3.4060447637795277
20
-3.0757174803149607
11
3.408599251968504
21
-3.0774243700787403
0
LINE
8
BLACK
6
CONTINUOUS
10
3.408599251968504
20
-3.0774243700787403
11
3.4103061417322835
21
-3.0799788582677166
0
LINE
8
BLACK
6
CONTINUOUS
10
3.4103061417322835
20
-3.0799788582677166
11
3.4109055118110234
21
-3.0829921259842519
0
LINE
8
BLACK
6
CONTINUOUS
10
3.4109055118110234
20
-3.0829921259842519
11
3.4109055118110234
21
-3.1429921259842519
0
LINE
8
BLACK
6
CONTINUOUS
10
3.4109055118110234
20
-3.1429921259842519
11
3.4103061417322835
21
-3.1460053937007872
0
LINE
8
BLACK
6
CONTINUOUS
10
3.4103061417322835
20
-3.1460053937007872
11
3.408599251968504
21
-3.1485598818897635
0
LINE
8
BLACK
6
CONTINUOUS
10
3.408599251968504
20
-3.1485598818897635
11
3.4060447637795277
21
-3.1502667716535431
0
LINE
8
BLACK
6
CONTINUOUS
10
3.4060447637795277
20
-3.1502667716535431
11
3.4030314960629919
21
-3.1508661417322834
0
LINE
8
BLACK
6
CONTINUOUS
10
3.4030314960629919
20
-3.1508661417322834
11
3.3430314960629919
21
-3.1508661417322834
0
LINE
8
BLACK
6
CONTINUOUS
10
3.3430314960629919
20
-3.1508661417322834
11
3.3400182283464566
21
-3.1502667716535431
0
LINE
8
BLACK
6
CONTINUOUS
10
3.3400182283464566
20
-3.1502667716535431
11
3.3374637401574803
21
-3.1485598818897635
0
LINE
8
BLACK
6
CONTINUOUS
10
3.3374637401574803
20
-3.1485598818897635
11
3.3357568503937007
21
-3.1460053937007872
0
LINE
8
BLACK
6
CONTINUOUS
10
3.3357568503937007
20
-3.1460053937007872
11
3.3351574803149604
21
-3.1429921259842519
0
LINE
8
BLACK
6
CONTINUOUS
10
3.3351574803149604
20
-3.1429921259842519
11
3.3351574803149604
21
-3.0829921259842519
0
LINE
8
BLACK
6
CONTINUOUS
10
3.3351574803149604
20
-3.0829921259842519
11
3.3357568503937007
21
-3.0799788582677166
0
LINE
8
BLACK
6
CONTINUOUS
10
3.3357568503937007
20
-3.0799788582677166
11
3.3374637401574803
21
-3.0774243700787403
0
LINE
8
BLACK
6
CONTINUOUS
10
3.3374637401574803
20
-3.0774243700787403
11
3.3400182283464566
21
-3.0757174803149607
0
LINE
8
BLACK
6
CONTINUOUS
10
3.3400182283464566
20
-3.0757174803149607
11
3.3430314960629919
21
-3.0751181102362204
0
LINE
8
BLACK
6
CONTINUOUS
10
3.3430314960629919
20
-3.0751181102362204
11
3.4030314960629919
21
-3.0751181102362204
0
LINE
8
BLACK
6
CONTINUOUS
10
3.4030314960629919
20
-3.0751181102362204
11
3.4060447637795277
21
-3.0757174803149607
0
LINE
8
BLACK
6
CONTINUOUS
10
2.9650130708661417
20
-3.0697165748031496
11
2.9696775196850393
21
-3.0720932283464566
0
LINE
8
BLACK
6
CONTINUOUS
10
2.9696775196850393
20
-3.0720932283464566
11
2.9733792125984251
21
-3.0757949212598423
0
LINE
8
BLACK
6
CONTINUOUS
10
2.9733792125984251
20
-3.0757949212598423
11
2.975755866141732
21
-3.0804593700787399
0
LINE
8
BLACK
6
CONTINUOUS
10
2.975755866141732
20
-3.0804593700787399
11
2.9765748031496062
21
-3.0856299212598426
0
LINE
8
BLACK
6
CONTINUOUS
10
2.9765748031496062
20
-3.0856299212598426
11
2.9765748031496062
21
-3.1033464566929134
0
LINE
8
BLACK
6
CONTINUOUS
10
2.9765748031496062
20
-3.1033464566929134
11
2.975755866141732
21
-3.1085170078740156
0
LINE
8
BLACK
6
CONTINUOUS
10
2.975755866141732
20
-3.1085170078740156
11
2.9733792125984251
21
-3.1131814566929132
0
LINE
8
BLACK
6
CONTINUOUS
10
2.9733792125984251
20
-3.1131814566929132
11
2.9696775196850393
21
-3.116883149606299
0
LINE
8
BLACK
6
CONTINUOUS
10
2.9696775196850393
20
-3.116883149606299
11
2.9650130708661417
21
-3.1192598031496064
0
LINE
8
BLACK
6
CONTINUOUS
10
2.9650130708661417
20
-3.1192598031496064
11
2.9598425196850391
21
-3.1200787401574801
0
LINE
8
BLACK
6
CONTINUOUS
10
2.9598425196850391
20
-3.1200787401574801
11
2.9401574803149604
21
-3.1200787401574801
0
LINE
8
BLACK
6
CONTINUOUS
10
2.9401574803149604
20
-3.1200787401574801
11
2.9349869291338582
21
-3.1192598031496064
0
LINE
8
BLACK
6
CONTINUOUS
10
2.9349869291338582
20
-3.1192598031496064
11
2.9303224803149606
21
-3.116883149606299
0
LINE
8
BLACK
6
CONTINUOUS
10
2.9303224803149606
20
-3.116883149606299
11
2.9266207874015748
21
-3.1131814566929132
0
LINE
8
BLACK
6
CONTINUOUS
10
2.9266207874015748
20
-3.1131814566929132
11
2.9242441338582679
21
-3.1085170078740156
0
LINE
8
BLACK
6
CONTINUOUS
10
2.9242441338582679
20
-3.1085170078740156
11
2.9234251968503937
21
-3.1033464566929134
0
LINE
8
BLACK
6
CONTINUOUS
10
2.9234251968503937
20
-3.1033464566929134
11
2.9234251968503937
21
-3.0856299212598426
0
LINE
8
BLACK
6
CONTINUOUS
10
2.9234251968503937
20
-3.0856299212598426
11
2.9242441338582679
21
-3.0804593700787399
0
LINE
8
BLACK
6
CONTINUOUS
10
2.9242441338582679
20
-3.0804593700787399
11
2.9266207874015748
21
-3.0757949212598423
0
LINE
8
BLACK
6
CONTINUOUS
10
2.9266207874015748
20
-3.0757949212598423
11
2.9303224803149606
21
-3.0720932283464566
0
LINE
8
BLACK
6
CONTINUOUS
10
2.9303224803149606
20
-3.0720932283464566
11
2.9349869291338582
21
-3.0697165748031496
0
LINE
8
BLACK
6
CONTINUOUS
10
2.9349869291338582
20
-3.0697165748031496
11
2.9401574803149604
21
-3.0688976377952755
0
LINE
8
BLACK
6
CONTINUOUS
10
2.9401574803149604
20
-3.0688976377952755
11
2.9598425196850391
21
-3.0688976377952755
0
LINE
8
BLACK
6
CONTINUOUS
10
2.9598425196850391
20
-3.0688976377952755
11
2.9650130708661417
21
-3.0697165748031496
0
LINE
8
BLACK
6
CONTINUOUS
10
3.0350130708661416
20
-3.0697165748031496
11
3.0396775196850392
21
-3.0720932283464566
0
LINE
8
BLACK
6
CONTINUOUS
10
3.0396775196850392
20
-3.0720932283464566
11
3.0433792125984249
21
-3.0757949212598423
0
LINE
8
BLACK
6
CONTINUOUS
10
3.0433792125984249
20
-3.0757949212598423
11
3.0457558661417323
21
-3.0804593700787399
0
LINE
8
BLACK
6
CONTINUOUS
10
3.0457558661417323
20
-3.0804593700787399
11
3.046574803149606
21
-3.0856299212598426
0
LINE
8
BLACK
6
CONTINUOUS
10
3.046574803149606
20
-3.0856299212598426
11
3.046574803149606
21
-3.1033464566929134
0
LINE
8
BLACK
6
CONTINUOUS
10
3.046574803149606
20
-3.1033464566929134
11
3.0457558661417323
21
-3.1085170078740156
0
LINE
8
BLACK
6
CONTINUOUS
10
3.0457558661417323
20
-3.1085170078740156
11
3.0433792125984249
21
-3.1131814566929132
0
LINE
8
BLACK
6
CONTINUOUS
10
3.0433792125984249
20
-3.1131814566929132
11
3.0396775196850392
21
-3.116883149606299
0
LINE
8
BLACK
6
CONTINUOUS
10
3.0396775196850392
20
-3.116883149606299
11
3.0350130708661416
21
-3.1192598031496064
0
LINE
8
BLACK
6
CONTINUOUS
10
3.0350130708661416
20
-3.1192598031496064
11
3.0298425196850394
21
-3.1200787401574801
0
LINE
8
BLACK
6
CONTINUOUS
10
3.0298425196850394
20
-3.1200787401574801
11
3.0101574803149607
21
-3.1200787401574801
0
LINE
8
BLACK
6
CONTINUOUS
10
3.0101574803149607
20
-3.1200787401574801
11
3.004986929133858
21
-3.1192598031496064
0
LINE
8
BLACK
6
CONTINUOUS
10
3.004986929133858
20
-3.1192598031496064
11
3.0003224803149604
21
-3.116883149606299
0
LINE
8
BLACK
6
CONTINUOUS
10
3.0003224803149604
20
-3.116883149606299
11
2.9966207874015747
21
-3.1131814566929132
0
LINE
8
BLACK
6
CONTINUOUS
10
2.9966207874015747
20
-3.1131814566929132
11
2.9942441338582677
21
-3.1085170078740156
0
LINE
8
BLACK
6
CONTINUOUS
10
2.9942441338582677
20
-3.1085170078740156
11
2.9934251968503935
21
-3.1033464566929134
0
LINE
8
BLACK
6
CONTINUOUS
10
2.9934251968503935
20
-3.1033464566929134
11
2.9934251968503935
21
-3.0856299212598426
0
LINE
8
BLACK
6
CONTINUOUS
10
2.9934251968503935
20
-3.0856299212598426
11
2.9942441338582677
21
-3.0804593700787399
0
LINE
8
BLACK
6
CONTINUOUS
10
2.9942441338582677
20
-3.0804593700787399
11
2.9966207874015747
21
-3.0757949212598423
0
LINE
8
BLACK
6
CONTINUOUS
10
2.9966207874015747
20
-3.0757949212598423
11
3.0003224803149604
21
-3.0720932283464566
0
LINE
8
BLACK
6
CONTINUOUS
10
3.0003224803149604
20
-3.0720932283464566
11
3.004986929133858
21
-3.0697165748031496
0
LINE
8
BLACK
6
CONTINUOUS
10
3.004986929133858
20
-3.0697165748031496
11
3.0101574803149607
21
-3.0688976377952755
0
LINE
8
BLACK
6
CONTINUOUS
10
3.0101574803149607
20
-3.0688976377952755
11
3.0298425196850394
21
-3.0688976377952755
0
LINE
8
BLACK
6
CONTINUOUS
10
3.0298425196850394
20
-3.0688976377952755
11
3.0350130708661416
21
-3.0697165748031496
0
LINE
8
BLACK
6
CONTINUOUS
10
3.1150130708661417
20
-3.0697165748031496
11
3.1196775196850393
21
-3.0720932283464566
0
LINE
8
BLACK
6
CONTINUOUS
10
3.1196775196850393
20
-3.0720932283464566
11
3.123379212598425
21
-3.0757949212598423
0
LINE
8
BLACK
6
CONTINUOUS
10
3.123379212598425
20
-3.0757949212598423
11
3.1257558661417324
21
-3.0804593700787399
0
LINE
8
BLACK
6
CONTINUOUS
10
3.1257558661417324
20
-3.0804593700787399
11
3.1265748031496061
21
-3.0856299212598426
0
LINE
8
BLACK
6
CONTINUOUS
10
3.1265748031496061
20
-3.0856299212598426
11
3.1265748031496061
21
-3.1033464566929134
0
LINE
8
BLACK
6
CONTINUOUS
10
3.1265748031496061
20
-3.1033464566929134
11
3.1257558661417324
21
-3.1085170078740156
0
LINE
8
BLACK
6
CONTINUOUS
10
3.1257558661417324
20
-3.1085170078740156
11
3.123379212598425
21
-3.1131814566929132
0
LINE
8
BLACK
6
CONTINUOUS
10
3.123379212598425
20
-3.1131814566929132
11
3.1196775196850393
21
-3.116883149606299
0
LINE
8
BLACK
6
CONTINUOUS
10
3.1196775196850393
20
-3.116883149606299
11
3.1150130708661417
21
-3.1192598031496064
0
LINE
8
BLACK
6
CONTINUOUS
10
3.1150130708661417
20
-3.1192598031496064
11
3.1098425196850394
21
-3.1200787401574801
0
LINE
8
BLACK
6
CONTINUOUS
10
3.1098425196850394
20
-3.1200787401574801
11
3.0901574803149607
21
-3.1200787401574801
0
LINE
8
BLACK
6
CONTINUOUS
10
3.0901574803149607
20
-3.1200787401574801
11
3.0849869291338581
21
-3.1192598031496064
0
LINE
8
BLACK
6
CONTINUOUS
10
3.0849869291338581
20
-3.1192598031496064
11
3.0803224803149605
21
-3.116883149606299
0
LINE
8
BLACK
6
CONTINUOUS
10
3.0803224803149605
20
-3.116883149606299
11
3.0766207874015747
21
-3.1131814566929132
0
LINE
8
BLACK
6
CONTINUOUS
10
3.0766207874015747
20
-3.1131814566929132
11
3.0742441338582678
21
-3.1085170078740156
0
LINE
8
BLACK
6
CONTINUOUS
10
3.0742441338582678
20
-3.1085170078740156
11
3.0734251968503936
21
-3.1033464566929134
0
LINE
8
BLACK
6
CONTINUOUS
10
3.0734251968503936
20
-3.1033464566929134
11
3.0734251968503936
21
-3.0856299212598426
0
LINE
8
BLACK
6
CONTINUOUS
10
3.0734251968503936
20
-3.0856299212598426
11
3.0742441338582678
21
-3.0804593700787399
0
LINE
8
BLACK
6
CONTINUOUS
10
3.0742441338582678
20
-3.0804593700787399
11
3.0766207874015747
21
-3.0757949212598423
0
LINE
8
BLACK
6
CONTINUOUS
10
3.0766207874015747
20
-3.0757949212598423
11
3.0803224803149605
21
-3.0720932283464566
0
LINE
8
BLACK
6
CONTINUOUS
10
3.0803224803149605
20
-3.0720932283464566
11
3.0849869291338581
21
-3.0697165748031496
0
LINE
8
BLACK
6
CONTINUOUS
10
3.0849869291338581
20
-3.0697165748031496
11
3.0901574803149607
21
-3.0688976377952755
0
LINE
8
BLACK
6
CONTINUOUS
10
3.0901574803149607
20
-3.0688976377952755
11
3.1098425196850394
21
-3.0688976377952755
0
LINE
8
BLACK
6
CONTINUOUS
10
3.1098425196850394
20
-3.0688976377952755
11
3.1150130708661417
21
-3.0697165748031496
0
LINE
8
BLACK
6
CONTINUOUS
10
3.1850130708661415
20
-3.0697165748031496
11
3.1896775196850391
21
-3.0720932283464566
0
LINE
8
BLACK
6
CONTINUOUS
10
3.1896775196850391
20
-3.0720932283464566
11
3.1933792125984253
21
-3.0757949212598423
0
LINE
8
BLACK
6
CONTINUOUS
10
3.1933792125984253
20
-3.0757949212598423
11
3.1957558661417322
21
-3.0804593700787399
0
LINE
8
BLACK
6
CONTINUOUS
10
3.1957558661417322
20
-3.0804593700787399
11
3.1965748031496064
21
-3.0856299212598426
0
LINE
8
BLACK
6
CONTINUOUS
10
3.1965748031496064
20
-3.0856299212598426
11
3.1965748031496064
21
-3.1033464566929134
0
LINE
8
BLACK
6
CONTINUOUS
10
3.1965748031496064
20
-3.1033464566929134
11
3.1957558661417322
21
-3.1085170078740156
0
LINE
8
BLACK
6
CONTINUOUS
10
3.1957558661417322
20
-3.1085170078740156
11
3.1933792125984253
21
-3.1131814566929132
0
LINE
8
BLACK
6
CONTINUOUS
10
3.1933792125984253
20
-3.1131814566929132
11
3.1896775196850391
21
-3.116883149606299
0
LINE
8
BLACK
6
CONTINUOUS
10
3.1896775196850391
20
-3.116883149606299
11
3.1850130708661415
21
-3.1192598031496064
0
LINE
8
BLACK
6
CONTINUOUS
10
3.1850130708661415
20
-3.1192598031496064
11
3.1798425196850393
21
-3.1200787401574801
0
LINE
8
BLACK
6
CONTINUOUS
10
3.1798425196850393
20
-3.1200787401574801
11
3.1601574803149606
21
-3.1200787401574801
0
LINE
8
BLACK
6
CONTINUOUS
10
3.1601574803149606
20
-3.1200787401574801
11
3.1549869291338584
21
-3.1192598031496064
0
LINE
8
BLACK
6
CONTINUOUS
10
3.1549869291338584
20
-3.1192598031496064
11
3.1503224803149608
21
-3.116883149606299
0
LINE
8
BLACK
6
CONTINUOUS
10
3.1503224803149608
20
-3.116883149606299
11
3.1466207874015746
21
-3.1131814566929132
0
LINE
8
BLACK
6
CONTINUOUS
10
3.1466207874015746
20
-3.1131814566929132
11
3.1442441338582676
21
-3.1085170078740156
0
LINE
8
BLACK
6
CONTINUOUS
10
3.1442441338582676
20
-3.1085170078740156
11
3.1434251968503935
21
-3.1033464566929134
0
LINE
8
BLACK
6
CONTINUOUS
10
3.1434251968503935
20
-3.1033464566929134
11
3.1434251968503935
21
-3.0856299212598426
0
LINE
8
BLACK
6
CONTINUOUS
10
3.1434251968503935
20
-3.0856299212598426
11
3.1442441338582676
21
-3.0804593700787399
0
LINE
8
BLACK
6
CONTINUOUS
10
3.1442441338582676
20
-3.0804593700787399
11
3.1466207874015746
21
-3.0757949212598423
0
LINE
8
BLACK
6
CONTINUOUS
10
3.1466207874015746
20
-3.0757949212598423
11
3.1503224803149608
21
-3.0720932283464566
0
LINE
8
BLACK
6
CONTINUOUS
10
3.1503224803149608
20
-3.0720932283464566
11
3.1549869291338584
21
-3.0697165748031496
0
LINE
8
BLACK
6
CONTINUOUS
10
3.1549869291338584
20
-3.0697165748031496
11
3.1601574803149606
21
-3.0688976377952755
0
LINE
8
BLACK
6
CONTINUOUS
10
3.1601574803149606
20
-3.0688976377952755
11
3.1798425196850393
21
-3.0688976377952755
0
LINE
8
BLACK
6
CONTINUOUS
10
3.1798425196850393
20
-3.0688976377952755
11
3.1850130708661415
21
-3.0697165748031496
0
LINE
8
BLACK
6
CONTINUOUS
10
2.965260118110236
20
-2.9991959448818899
11
2.9696501574803147
21
-3.0014327952755906
0
LINE
8
BLACK
6
CONTINUOUS
10
2.9696501574803147
20
-3.0014327952755906
11
2.9731341338582675
21
-3.0049167716535434
0
LINE
8
BLACK
6
CONTINUOUS
10
2.9731341338582675
20
-3.0049167716535434
11
2.9753709842519682
21
-3.0093068110236221
0
LINE
8
BLACK
6
CONTINUOUS
10
2.9753709842519682
20
-3.0093068110236221
11
2.9761417322834647
21
-3.0141732283464568
0
LINE
8
BLACK
6
CONTINUOUS
10
2.9761417322834647
20
-3.0141732283464568
11
2.9761417322834647
21
-3.0358267716535434
0
LINE
8
BLACK
6
CONTINUOUS
10
2.9761417322834647
20
-3.0358267716535434
11
2.9753709842519682
21
-3.0406931889763777
0
LINE
8
BLACK
6
CONTINUOUS
10
2.9753709842519682
20
-3.0406931889763777
11
2.9731341338582675
21
-3.0450832283464568
0
LINE
8
BLACK
6
CONTINUOUS
10
2.9731341338582675
20
-3.0450832283464568
11
2.9696501574803147
21
-3.0485672047244092
0
LINE
8
BLACK
6
CONTINUOUS
10
2.9696501574803147
20
-3.0485672047244092
11
2.965260118110236
21
-3.0508040551181104
0
LINE
8
BLACK
6
CONTINUOUS
10
2.965260118110236
20
-3.0508040551181104
11
2.9603937007874017
21
-3.0515748031496064
0
LINE
8
BLACK
6
CONTINUOUS
10
2.9603937007874017
20
-3.0515748031496064
11
2.9446456692913383
21
-3.0515748031496064
0
LINE
8
BLACK
6
CONTINUOUS
10
2.9446456692913383
20
-3.0515748031496064
11
2.939779251968504
21
-3.0508040551181104
0
LINE
8
BLACK
6
CONTINUOUS
10
2.939779251968504
20
-3.0508040551181104
11
2.9353892125984253
21
-3.0485672047244092
0
LINE
8
BLACK
6
CONTINUOUS
10
2.9353892125984253
20
-3.0485672047244092
11
2.9319052362204725
21
-3.0450832283464568
0
LINE
8
BLACK
6
CONTINUOUS
10
2.9319052362204725
20
-3.0450832283464568
11
2.9296683858267718
21
-3.0406931889763777
0
LINE
8
BLACK
6
CONTINUOUS
10
2.9296683858267718
20
-3.0406931889763777
11
2.9288976377952753
21
-3.0358267716535434
0
LINE
8
BLACK
6
CONTINUOUS
10
2.9288976377952753
20
-3.0358267716535434
11
2.9288976377952753
21
-3.0141732283464568
0
LINE
8
BLACK
6
CONTINUOUS
10
2.9288976377952753
20
-3.0141732283464568
11
2.9296683858267718
21
-3.0093068110236221
0
LINE
8
BLACK
6
CONTINUOUS
10
2.9296683858267718
20
-3.0093068110236221
11
2.9319052362204725
21
-3.0049167716535434
0
LINE
8
BLACK
6
CONTINUOUS
10
2.9319052362204725
20
-3.0049167716535434
11
2.9353892125984253
21
-3.0014327952755906
0
LINE
8
BLACK
6
CONTINUOUS
10
2.9353892125984253
20
-3.0014327952755906
11
2.939779251968504
21
-2.9991959448818899
0
LINE
8
BLACK
6
CONTINUOUS
10
2.939779251968504
20
-2.9991959448818899
11
2.9446456692913383
21
-2.9984251968503934
0
LINE
8
BLACK
6
CONTINUOUS
10
2.9446456692913383
20
-2.9984251968503934
11
2.9603937007874017
21
-2.9984251968503934
0
LINE
8
BLACK
6
CONTINUOUS
10
2.9603937007874017
20
-2.9984251968503934
11
2.965260118110236
21
-2.9991959448818899
0
LINE
8
BLACK
6
CONTINUOUS
10
3.0302207480314962
20
-2.9991959448818899
11
3.0346107874015749
21
-3.0014327952755906
0
LINE
8
BLACK
6
CONTINUOUS
10
3.0346107874015749
20
-3.0014327952755906
11
3.0380947637795277
21
-3.0049167716535434
0
LINE
8
BLACK
6
CONTINUOUS
10
3.0380947637795277
20
-3.0049167716535434
11
3.0403316141732284
21
-3.0093068110236221
0
LINE
8
BLACK
6
CONTINUOUS
10
3.0403316141732284
20
-3.0093068110236221
11
3.0411023622047244
21
-3.0141732283464568
0
LINE
8
BLACK
6
CONTINUOUS
10
3.0411023622047244
20
-3.0141732283464568
11
3.0411023622047244
21
-3.0358267716535434
0
LINE
8
BLACK
6
CONTINUOUS
10
3.0411023622047244
20
-3.0358267716535434
11
3.0403316141732284
21
-3.0406931889763777
0
LINE
8
BLACK
6
CONTINUOUS
10
3.0403316141732284
20
-3.0406931889763777
11
3.0380947637795277
21
-3.0450832283464568
0
LINE
8
BLACK
6
CONTINUOUS
10
3.0380947637795277
20
-3.0450832283464568
11
3.0346107874015749
21
-3.0485672047244092
0
LINE
8
BLACK
6
CONTINUOUS
10
3.0346107874015749
20
-3.0485672047244092
11
3.0302207480314962
21
-3.0508040551181104
0
LINE
8
BLACK
6
CONTINUOUS
10
3.0302207480314962
20
-3.0508040551181104
11
3.0253543307086614
21
-3.0515748031496064
0
LINE
8
BLACK
6
CONTINUOUS
10
3.0253543307086614
20
-3.0515748031496064
11
3.0096062992125985
21
-3.0515748031496064
0
LINE
8
BLACK
6
CONTINUOUS
10
3.0096062992125985
20
-3.0515748031496064
11
3.0047398818897637
21
-3.0508040551181104
0
LINE
8
BLACK
6
CONTINUOUS
10
3.0047398818897637
20
-3.0508040551181104
11
3.0003498425196851
21
-3.0485672047244092
0
LINE
8
BLACK
6
CONTINUOUS
10
3.0003498425196851
20
-3.0485672047244092
11
2.9968658661417322
21
-3.0450832283464568
0
LINE
8
BLACK
6
CONTINUOUS
10
2.9968658661417322
20
-3.0450832283464568
11
2.9946290157480315
21
-3.0406931889763777
0
LINE
8
BLACK
6
CONTINUOUS
10
2.9946290157480315
20
-3.0406931889763777
11
2.9938582677165355
21
-3.0358267716535434
0
LINE
8
BLACK
6
CONTINUOUS
10
2.9938582677165355
20
-3.0358267716535434
11
2.9938582677165355
21
-3.0141732283464568
0
LINE
8
BLACK
6
CONTINUOUS
10
2.9938582677165355
20
-3.0141732283464568
11
2.9946290157480315
21
-3.0093068110236221
0
LINE
8
BLACK
6
CONTINUOUS
10
2.9946290157480315
20
-3.0093068110236221
11
2.9968658661417322
21
-3.0049167716535434
0
LINE
8
BLACK
6
CONTINUOUS
10
2.9968658661417322
20
-3.0049167716535434
11
3.0003498425196851
21
-3.0014327952755906
0
LINE
8
BLACK
6
CONTINUOUS
10
3.0003498425196851
20
-3.0014327952755906
11
3.0047398818897637
21
-2.9991959448818899
0
LINE
8
BLACK
6
CONTINUOUS
10
3.0047398818897637
20
-2.9991959448818899
11
3.0096062992125985
21
-2.9984251968503934
0
LINE
8
BLACK
6
CONTINUOUS
10
3.0096062992125985
20
-2.9984251968503934
11
3.0253543307086614
21
-2.9984251968503934
0
LINE
8
BLACK
6
CONTINUOUS
10
3.0253543307086614
20
-2.9984251968503934
11
3.0302207480314962
21
-2.9991959448818899
0
LINE
8
BLACK
6
CONTINUOUS
10
3.115260118110236
20
-2.9991959448818899
11
3.119650157480315
21
-3.0014327952755906
0
LINE
8
BLACK
6
CONTINUOUS
10
3.119650157480315
20
-3.0014327952755906
11
3.1231341338582674
21
-3.0049167716535434
0
LINE
8
BLACK
6
CONTINUOUS
10
3.1231341338582674
20
-3.0049167716535434
11
3.1253709842519686
21
-3.0093068110236221
0
LINE
8
BLACK
6
CONTINUOUS
10
3.1253709842519686
20
-3.0093068110236221
11
3.1261417322834646
21
-3.0141732283464568
0
LINE
8
BLACK
6
CONTINUOUS
10
3.1261417322834646
20
-3.0141732283464568
11
3.1261417322834646
21
-3.0358267716535434
0
LINE
8
BLACK
6
CONTINUOUS
10
3.1261417322834646
20
-3.0358267716535434
11
3.1253709842519686
21
-3.0406931889763777
0
LINE
8
BLACK
6
CONTINUOUS
10
3.1253709842519686
20
-3.0406931889763777
11
3.1231341338582674
21
-3.0450832283464568
0
LINE
8
BLACK
6
CONTINUOUS
10
3.1231341338582674
20
-3.0450832283464568
11
3.119650157480315
21
-3.0485672047244092
0
LINE
8
BLACK
6
CONTINUOUS
10
3.119650157480315
20
-3.0485672047244092
11
3.115260118110236
21
-3.0508040551181104
0
LINE
8
BLACK
6
CONTINUOUS
10
3.115260118110236
20
-3.0508040551181104
11
3.1103937007874016
21
-3.0515748031496064
0
LINE
8
BLACK
6
CONTINUOUS
10
3.1103937007874016
20
-3.0515748031496064
11
3.0946456692913387
21
-3.0515748031496064
0
LINE
8
BLACK
6
CONTINUOUS
10
3.0946456692913387
20
-3.0515748031496064
11
3.0897792519685039
21
-3.0508040551181104
0
LINE
8
BLACK
6
CONTINUOUS
10
3.0897792519685039
20
-3.0508040551181104
11
3.0853892125984252
21
-3.0485672047244092
0
LINE
8
BLACK
6
CONTINUOUS
10
3.0853892125984252
20
-3.0485672047244092
11
3.0819052362204724
21
-3.0450832283464568
0
LINE
8
BLACK
6
CONTINUOUS
10
3.0819052362204724
20
-3.0450832283464568
11
3.0796683858267717
21
-3.0406931889763777
0
LINE
8
BLACK
6
CONTINUOUS
10
3.0796683858267717
20
-3.0406931889763777
11
3.0788976377952757
21
-3.0358267716535434
0
LINE
8
BLACK
6
CONTINUOUS
10
3.0788976377952757
20
-3.0358267716535434
11
3.0788976377952757
21
-3.0141732283464568
0
LINE
8
BLACK
6
CONTINUOUS
10
3.0788976377952757
20
-3.0141732283464568
11
3.0796683858267717
21
-3.0093068110236221
0
LINE
8
BLACK
6
CONTINUOUS
10
3.0796683858267717
20
-3.0093068110236221
11
3.0819052362204724
21
-3.0049167716535434
0
LINE
8
BLACK
6
CONTINUOUS
10
3.0819052362204724
20
-3.0049167716535434
11
3.0853892125984252
21
-3.0014327952755906
0
LINE
8
BLACK
6
CONTINUOUS
10
3.0853892125984252
20
-3.0014327952755906
11
3.0897792519685039
21
-2.9991959448818899
0
LINE
8
BLACK
6
CONTINUOUS
10
3.0897792519685039
20
-2.9991959448818899
11
3.0946456692913387
21
-2.9984251968503934
0
LINE
8
BLACK
6
CONTINUOUS
10
3.0946456692913387
20
-2.9984251968503934
11
3.1103937007874016
21
-2.9984251968503934
0
LINE
8
BLACK
6
CONTINUOUS
10
3.1103937007874016
20
-2.9984251968503934
11
3.115260118110236
21
-2.9991959448818899
0
LINE
8
BLACK
6
CONTINUOUS
10
3.1802207480314961
20
-2.9991959448818899
11
3.1846107874015748
21
-3.0014327952755906
0
LINE
8
BLACK
6
CONTINUOUS
10
3.1846107874015748
20
-3.0014327952755906
11
3.1880947637795276
21
-3.0049167716535434
0
LINE
8
BLACK
6
CONTINUOUS
10
3.1880947637795276
20
-3.0049167716535434
11
3.1903316141732283
21
-3.0093068110236221
0
LINE
8
BLACK
6
CONTINUOUS
10
3.1903316141732283
20
-3.0093068110236221
11
3.1911023622047243
21
-3.0141732283464568
0
LINE
8
BLACK
6
CONTINUOUS
10
3.1911023622047243
20
-3.0141732283464568
11
3.1911023622047243
21
-3.0358267716535434
0
LINE
8
BLACK
6
CONTINUOUS
10
3.1911023622047243
20
-3.0358267716535434
11
3.1903316141732283
21
-3.0406931889763777
0
LINE
8
BLACK
6
CONTINUOUS
10
3.1903316141732283
20
-3.0406931889763777
11
3.1880947637795276
21
-3.0450832283464568
0
LINE
8
BLACK
6
CONTINUOUS
10
3.1880947637795276
20
-3.0450832283464568
11
3.1846107874015748
21
-3.0485672047244092
0
LINE
8
BLACK
6
CONTINUOUS
10
3.1846107874015748
20
-3.0485672047244092
11
3.1802207480314961
21
-3.0508040551181104
0
LINE
8
BLACK
6
CONTINUOUS
10
3.1802207480314961
20
-3.0508040551181104
11
3.1753543307086614
21
-3.0515748031496064
0
LINE
8
BLACK
6
CONTINUOUS
10
3.1753543307086614
20
-3.0515748031496064
11
3.1596062992125984
21
-3.0515748031496064
0
LINE
8
BLACK
6
CONTINUOUS
10
3.1596062992125984
20
-3.0515748031496064
11
3.1547398818897636
21
-3.0508040551181104
0
LINE
8
BLACK
6
CONTINUOUS
10
3.1547398818897636
20
-3.0508040551181104
11
3.150349842519685
21
-3.0485672047244092
0
LINE
8
BLACK
6
CONTINUOUS
10
3.150349842519685
20
-3.0485672047244092
11
3.1468658661417321
21
-3.0450832283464568
0
LINE
8
BLACK
6
CONTINUOUS
10
3.1468658661417321
20
-3.0450832283464568
11
3.1446290157480314
21
-3.0406931889763777
0
LINE
8
BLACK
6
CONTINUOUS
10
3.1446290157480314
20
-3.0406931889763777
11
3.1438582677165354
21
-3.0358267716535434
0
LINE
8
BLACK
6
CONTINUOUS
10
3.1438582677165354
20
-3.0358267716535434
11
3.1438582677165354
21
-3.0141732283464568
0
LINE
8
BLACK
6
CONTINUOUS
10
3.1438582677165354
20
-3.0141732283464568
11
3.1446290157480314
21
-3.0093068110236221
0
LINE
8
BLACK
6
CONTINUOUS
10
3.1446290157480314
20
-3.0093068110236221
11
3.1468658661417321
21
-3.0049167716535434
0
LINE
8
BLACK
6
CONTINUOUS
10
3.1468658661417321
20
-3.0049167716535434
11
3.150349842519685
21
-3.0014327952755906
0
LINE
8
BLACK
6
CONTINUOUS
10
3.150349842519685
20
-3.0014327952755906
11
3.1547398818897636
21
-2.9991959448818899
0
LINE
8
BLACK
6
CONTINUOUS
10
3.1547398818897636
20
-2.9991959448818899
11
3.1596062992125984
21
-2.9984251968503934
0
LINE
8
BLACK
6
CONTINUOUS
10
3.1596062992125984
20
-2.9984251968503934
11
3.1753543307086614
21
-2.9984251968503934
0
LINE
8
BLACK
6
CONTINUOUS
10
3.1753543307086614
20
-2.9984251968503934
11
3.1802207480314961
21
-2.9991959448818899
0
LINE
8
BLACK
6
CONTINUOUS
10
4.636950275590551
20
-2.8686308661417321
11
4.6395047637795273
21
-2.8703377559055117
0
LINE
8
BLACK
6
CONTINUOUS
10
4.6395047637795273
20
-2.8703377559055117
11
4.6412116535433068
21
-2.872892244094488
0
LINE
8
BLACK
6
CONTINUOUS
10
4.6412116535433068
20
-2.872892244094488
11
4.6418110236220471
21
-2.8759055118110237
0
LINE
8
BLACK
6
CONTINUOUS
10
4.6418110236220471
20
-2.8759055118110237
11
4.6418110236220471
21
-2.9359055118110238
0
LINE
8
BLACK
6
CONTINUOUS
10
4.6418110236220471
20
-2.9359055118110238
11
4.6412116535433068
21
-2.9389187795275591
0
LINE
8
BLACK
6
CONTINUOUS
10
4.6412116535433068
20
-2.9389187795275591
11
4.6395047637795273
21
-2.9414732677165354
0
LINE
8
BLACK
6
CONTINUOUS
10
4.6395047637795273
20
-2.9414732677165354
11
4.636950275590551
21
-2.9431801574803149
0
LINE
8
BLACK
6
CONTINUOUS
10
4.636950275590551
20
-2.9431801574803149
11
4.6339370078740156
21
-2.9437795275590553
0
LINE
8
BLACK
6
CONTINUOUS
10
4.6339370078740156
20
-2.9437795275590553
11
4.573937007874016
21
-2.9437795275590553
0
LINE
8
BLACK
6
CONTINUOUS
10
4.573937007874016
20
-2.9437795275590553
11
4.5709237401574798
21
-2.9431801574803149
0
LINE
8
BLACK
6
CONTINUOUS
10
4.5709237401574798
20
-2.9431801574803149
11
4.5683692519685035
21
-2.9414732677165354
0
LINE
8
BLACK
6
CONTINUOUS
10
4.5683692519685035
20
-2.9414732677165354
11
4.566662362204724
21
-2.9389187795275591
0
LINE
8
BLACK
6
CONTINUOUS
10
4.566662362204724
20
-2.9389187795275591
11
4.5660629921259845
21
-2.9359055118110238
0
LINE
8
BLACK
6
CONTINUOUS
10
4.5660629921259845
20
-2.9359055118110238
11
4.5660629921259845
21
-2.8759055118110237
0
LINE
8
BLACK
6
CONTINUOUS
10
4.5660629921259845
20
-2.8759055118110237
11
4.566662362204724
21
-2.872892244094488
0
LINE
8
BLACK
6
CONTINUOUS
10
4.566662362204724
20
-2.872892244094488
11
4.5683692519685035
21
-2.8703377559055117
0
LINE
8
BLACK
6
CONTINUOUS
10
4.5683692519685035
20
-2.8703377559055117
11
4.5709237401574798
21
-2.8686308661417321
0
LINE
8
BLACK
6
CONTINUOUS
10
4.5709237401574798
20
-2.8686308661417321
11
4.573937007874016
21
-2.8680314960629922
0
LINE
8
BLACK
6
CONTINUOUS
10
4.573937007874016
20
-2.8680314960629922
11
4.6339370078740156
21
-2.8680314960629922
0
LINE
8
BLACK
6
CONTINUOUS
10
4.6339370078740156
20
-2.8680314960629922
11
4.636950275590551
21
-2.8686308661417321
0
LINE
8
BLACK
6
CONTINUOUS
10
4.7369502755905515
20
-2.8686308661417321
11
4.7395047637795278
21
-2.8703377559055117
0
LINE
8
BLACK
6
CONTINUOUS
10
4.7395047637795278
20
-2.8703377559055117
11
4.7412116535433073
21
-2.872892244094488
0
LINE
8
BLACK
6
CONTINUOUS
10
4.7412116535433073
20
-2.872892244094488
11
4.7418110236220468
21
-2.8759055118110237
0
LINE
8
BLACK
6
CONTINUOUS
10
4.7418110236220468
20
-2.8759055118110237
11
4.7418110236220468
21
-2.9359055118110238
0
LINE
8
BLACK
6
CONTINUOUS
10
4.7418110236220468
20
-2.9359055118110238
11
4.7412116535433073
21
-2.9389187795275591
0
LINE
8
BLACK
6
CONTINUOUS
10
4.7412116535433073
20
-2.9389187795275591
11
4.7395047637795278
21
-2.9414732677165354
0
LINE
8
BLACK
6
CONTINUOUS
10
4.7395047637795278
20
-2.9414732677165354
11
4.7369502755905515
21
-2.9431801574803149
0
LINE
8
BLACK
6
CONTINUOUS
10
4.7369502755905515
20
-2.9431801574803149
11
4.7339370078740153
21
-2.9437795275590553
0
LINE
8
BLACK
6
CONTINUOUS
10
4.7339370078740153
20
-2.9437795275590553
11
4.6739370078740157
21
-2.9437795275590553
0
LINE
8
BLACK
6
CONTINUOUS
10
4.6739370078740157
20
-2.9437795275590553
11
4.6709237401574804
21
-2.9431801574803149
0
LINE
8
BLACK
6
CONTINUOUS
10
4.6709237401574804
20
-2.9431801574803149
11
4.6683692519685041
21
-2.9414732677165354
0
LINE
8
BLACK
6
CONTINUOUS
10
4.6683692519685041
20
-2.9414732677165354
11
4.6666623622047245
21
-2.9389187795275591
0
LINE
8
BLACK
6
CONTINUOUS
10
4.6666623622047245
20
-2.9389187795275591
11
4.6660629921259842
21
-2.9359055118110238
0
LINE
8
BLACK
6
CONTINUOUS
10
4.6660629921259842
20
-2.9359055118110238
11
4.6660629921259842
21
-2.8759055118110237
0
LINE
8
BLACK
6
CONTINUOUS
10
4.6660629921259842
20
-2.8759055118110237
11
4.6666623622047245
21
-2.872892244094488
0
LINE
8
BLACK
6
CONTINUOUS
10
4.6666623622047245
20
-2.872892244094488
11
4.6683692519685041
21
-2.8703377559055117
0
LINE
8
BLACK
6
CONTINUOUS
10
4.6683692519685041
20
-2.8703377559055117
11
4.6709237401574804
21
-2.8686308661417321
0
LINE
8
BLACK
6
CONTINUOUS
10
4.6709237401574804
20
-2.8686308661417321
11
4.6739370078740157
21
-2.8680314960629922
0
LINE
8
BLACK
6
CONTINUOUS
10
4.6739370078740157
20
-2.8680314960629922
11
4.7339370078740153
21
-2.8680314960629922
0
LINE
8
BLACK
6
CONTINUOUS
10
4.7339370078740153
20
-2.8680314960629922
11
4.7369502755905515
21
-2.8686308661417321
0
LINE
8
BLACK
6
CONTINUOUS
10
3.3316337007874015
20
-2.8238607874015749
11
3.340153188976378
21
-2.8266289370078739
0
LINE
8
BLACK
6
CONTINUOUS
10
3.340153188976378
20
-2.8266289370078739
11
3.3481347637795276
21
-2.8306957480314958
0
LINE
8
BLACK
6
CONTINUOUS
10
3.3481347637795276
20
-2.8306957480314958
11
3.3553818897637795
21
-2.8359610629921259
0
LINE
8
BLACK
6
CONTINUOUS
10
3.3553818897637795
20
-2.8359610629921259
11
3.3617161023622049
21
-2.8422952755905513
0
LINE
8
BLACK
6
CONTINUOUS
10
3.3617161023622049
20
-2.8422952755905513
11
3.3669814173228345
21
-2.8495424015748032
0
LINE
8
BLACK
6
CONTINUOUS
10
3.3669814173228345
20
-2.8495424015748032
11
3.3710482283464565
21
-2.8575239763779527
0
LINE
8
BLACK
6
CONTINUOUS
10
3.3710482283464565
20
-2.8575239763779527
11
3.3738163779527559
21
-2.8660434645669293
0
LINE
8
BLACK
6
CONTINUOUS
10
3.3738163779527559
20
-2.8660434645669293
11
3.3752177165354329
21
-2.8748911023622048
0
LINE
8
BLACK
6
CONTINUOUS
10
3.3752177165354329
20
-2.8748911023622048
11
3.3752177165354329
21
-2.8838490551181102
0
LINE
8
BLACK
6
CONTINUOUS
10
3.3752177165354329
20
-2.8838490551181102
11
3.3738163779527559
21
-2.8926966929133857
0
LINE
8
BLACK
6
CONTINUOUS
10
3.3738163779527559
20
-2.8926966929133857
11
3.3710482283464565
21
-2.9012161811023622
0
LINE
8
BLACK
6
CONTINUOUS
10
3.3710482283464565
20
-2.9012161811023622
11
3.3669814173228345
21
-2.9091977559055118
0
LINE
8
BLACK
6
CONTINUOUS
10
3.3669814173228345
20
-2.9091977559055118
11
3.3617161023622049
21
-2.9164448818897637
0
LINE
8
BLACK
6
CONTINUOUS
10
3.3617161023622049
20
-2.9164448818897637
11
3.3553818897637795
21
-2.9227790944881891
0
LINE
8
BLACK
6
CONTINUOUS
10
3.3553818897637795
20
-2.9227790944881891
11
3.3481347637795276
21
-2.9280444094488187
0
LINE
8
BLACK
6
CONTINUOUS
10
3.3481347637795276
20
-2.9280444094488187
11
3.340153188976378
21
-2.9321112204724407
0
LINE
8
BLACK
6
CONTINUOUS
10
3.340153188976378
20
-2.9321112204724407
11
3.3316337007874015
21
-2.9348793700787401
0
LINE
8
BLACK
6
CONTINUOUS
10
3.3316337007874015
20
-2.9348793700787401
11
3.322786062992126
21
-2.9362807086614171
0
LINE
8
BLACK
6
CONTINUOUS
10
3.322786062992126
20
-2.9362807086614171
11
3.3138281102362206
21
-2.9362807086614171
0
LINE
8
BLACK
6
CONTINUOUS
10
3.3138281102362206
20
-2.9362807086614171
11
3.3049804724409446
21
-2.9348793700787401
0
LINE
8
BLACK
6
CONTINUOUS
10
3.3049804724409446
20
-2.9348793700787401
11
3.2964609842519685
21
-2.9321112204724407
0
LINE
8
BLACK
6
CONTINUOUS
10
3.2964609842519685
20
-2.9321112204724407
11
3.288479409448819
21
-2.9280444094488187
0
LINE
8
BLACK
6
CONTINUOUS
10
3.288479409448819
20
-2.9280444094488187
11
3.2812322834645666
21
-2.9227790944881891
0
LINE
8
BLACK
6
CONTINUOUS
10
3.2812322834645666
20
-2.9227790944881891
11
3.2748980708661417
21
-2.9164448818897637
0
LINE
8
BLACK
6
CONTINUOUS
10
3.2748980708661417
20
-2.9164448818897637
11
3.2696327559055116
21
-2.9091977559055118
0
LINE
8
BLACK
6
CONTINUOUS
10
3.2696327559055116
20
-2.9091977559055118
11
3.2655659448818897
21
-2.9012161811023622
0
LINE
8
BLACK
6
CONTINUOUS
10
3.2655659448818897
20
-2.9012161811023622
11
3.2627977952755907
21
-2.8926966929133857
0
LINE
8
BLACK
6
CONTINUOUS
10
3.2627977952755907
20
-2.8926966929133857
11
3.2613964566929132
21
-2.8838490551181102
0
LINE
8
BLACK
6
CONTINUOUS
10
3.2613964566929132
20
-2.8838490551181102
11
3.2613964566929132
21
-2.8748911023622048
0
LINE
8
BLACK
6
CONTINUOUS
10
3.2613964566929132
20
-2.8748911023622048
11
3.2627977952755907
21
-2.8660434645669293
0
LINE
8
BLACK
6
CONTINUOUS
10
3.2627977952755907
20
-2.8660434645669293
11
3.2655659448818897
21
-2.8575239763779527
0
LINE
8
BLACK
6
CONTINUOUS
10
3.2655659448818897
20
-2.8575239763779527
11
3.2696327559055116
21
-2.8495424015748032
0
LINE
8
BLACK
6
CONTINUOUS
10
3.2696327559055116
20
-2.8495424015748032
11
3.2748980708661417
21
-2.8422952755905513
0
LINE
8
BLACK
6
CONTINUOUS
10
3.2748980708661417
20
-2.8422952755905513
11
3.2812322834645666
21
-2.8359610629921259
0
LINE
8
BLACK
6
CONTINUOUS
10
3.2812322834645666
20
-2.8359610629921259
11
3.288479409448819
21
-2.8306957480314958
0
LINE
8
BLACK
6
CONTINUOUS
10
3.288479409448819
20
-2.8306957480314958
11
3.2964609842519685
21
-2.8266289370078739
0
LINE
8
BLACK
6
CONTINUOUS
10
3.2964609842519685
20
-2.8266289370078739
11
3.3049804724409446
21
-2.8238607874015749
0
LINE
8
BLACK
6
CONTINUOUS
10
3.3049804724409446
20
-2.8238607874015749
11
3.3138281102362206
21
-2.8224594488188974
0
LINE
8
BLACK
6
CONTINUOUS
10
3.3138281102362206
20
-2.8224594488188974
11
3.322786062992126
21
-2.8224594488188974
0
LINE
8
BLACK
6
CONTINUOUS
10
3.322786062992126
20
-2.8224594488188974
11
3.3316337007874015
21
-2.8238607874015749
0
LINE
8
BLACK
6
CONTINUOUS
10
4.498446338582677
20
-2.8122529133858265
11
4.5010008267716533
21
-2.813959803149606
0
LINE
8
BLACK
6
CONTINUOUS
10
4.5010008267716533
20
-2.813959803149606
11
4.5027077165354328
21
-2.8165142913385828
0
LINE
8
BLACK
6
CONTINUOUS
10
4.5027077165354328
20
-2.8165142913385828
11
4.5033070866141731
21
-2.8195275590551181
0
LINE
8
BLACK
6
CONTINUOUS
10
4.5033070866141731
20
-2.8195275590551181
11
4.5033070866141731
21
-2.9179527559055116
0
LINE
8
BLACK
6
CONTINUOUS
10
4.5033070866141731
20
-2.9179527559055116
11
4.5027077165354328
21
-2.9209660236220474
0
LINE
8
BLACK
6
CONTINUOUS
10
4.5027077165354328
20
-2.9209660236220474
11
4.5010008267716533
21
-2.9235205118110237
0
LINE
8
BLACK
6
CONTINUOUS
10
4.5010008267716533
20
-2.9235205118110237
11
4.498446338582677
21
-2.9252274015748032
0
LINE
8
BLACK
6
CONTINUOUS
10
4.498446338582677
20
-2.9252274015748032
11
4.4954330708661416
21
-2.9258267716535431
0
LINE
8
BLACK
6
CONTINUOUS
10
4.4954330708661416
20
-2.9258267716535431
11
4.4245669291338583
21
-2.9258267716535431
0
LINE
8
BLACK
6
CONTINUOUS
10
4.4245669291338583
20
-2.9258267716535431
11
4.421553661417323
21
-2.9252274015748032
0
LINE
8
BLACK
6
CONTINUOUS
10
4.421553661417323
20
-2.9252274015748032
11
4.4189991732283467
21
-2.9235205118110237
0
LINE
8
BLACK
6
CONTINUOUS
10
4.4189991732283467
20
-2.9235205118110237
11
4.4172922834645671
21
-2.9209660236220474
0
LINE
8
BLACK
6
CONTINUOUS
10
4.4172922834645671
20
-2.9209660236220474
11
4.4166929133858268
21
-2.9179527559055116
0
LINE
8
BLACK
6
CONTINUOUS
10
4.4166929133858268
20
-2.9179527559055116
11
4.4166929133858268
21
-2.8195275590551181
0
LINE
8
BLACK
6
CONTINUOUS
10
4.4166929133858268
20
-2.8195275590551181
11
4.4172922834645671
21
-2.8165142913385828
0
LINE
8
BLACK
6
CONTINUOUS
10
4.4172922834645671
20
-2.8165142913385828
11
4.4189991732283467
21
-2.813959803149606
0
LINE
8
BLACK
6
CONTINUOUS
10
4.4189991732283467
20
-2.813959803149606
11
4.421553661417323
21
-2.8122529133858265
0
LINE
8
BLACK
6
CONTINUOUS
10
4.421553661417323
20
-2.8122529133858265
11
4.4245669291338583
21
-2.8116535433070866
0
LINE
8
BLACK
6
CONTINUOUS
10
4.4245669291338583
20
-2.8116535433070866
11
4.4954330708661416
21
-2.8116535433070866
0
LINE
8
BLACK
6
CONTINUOUS
10
4.4954330708661416
20
-2.8116535433070866
11
4.498446338582677
21
-2.8122529133858265
0
LINE
8
BLACK
6
CONTINUOUS
10
2.5711031496062993
20
-2.6757957874015745
11
2.5848769291338582
21
-2.6789395669291336
0
LINE
8
BLACK
6
CONTINUOUS
10
2.5848769291338582
20
-2.6789395669291336
11
2.5982120866141734
21
-2.6836057086614171
0
LINE
8
BLACK
6
CONTINUOUS
10
2.5982120866141734
20
-2.6836057086614171
11
2.6109409448818899
21
-2.6897356299212598
0
LINE
8
BLACK
6
CONTINUOUS
10
2.6109409448818899
20
-2.6897356299212598
11
2.6229034645669289
21
-2.6972521653543304
0
LINE
8
BLACK
6
CONTINUOUS
10
2.6229034645669289
20
-2.6972521653543304
11
2.6339491732283462
21
-2.7060608267716533
0
LINE
8
BLACK
6
CONTINUOUS
10
2.6339491732283462
20
-2.7060608267716533
11
2.6439391732283464
21
-2.7160508267716534
0
LINE
8
BLACK
6
CONTINUOUS
10
2.6439391732283464
20
-2.7160508267716534
11
2.6527478346456692
21
-2.7270965354330707
0
LINE
8
BLACK
6
CONTINUOUS
10
2.6527478346456692
20
-2.7270965354330707
11
2.6602643700787403
21
-2.7390590551181102
0
LINE
8
BLACK
6
CONTINUOUS
10
2.6602643700787403
20
-2.7390590551181102
11
2.6663942913385825
21
-2.7517879133858267
0
LINE
8
BLACK
6
CONTINUOUS
10
2.6663942913385825
20
-2.7517879133858267
11
2.671060433070866
21
-2.7651230708661418
0
LINE
8
BLACK
6
CONTINUOUS
10
2.671060433070866
20
-2.7651230708661418
11
2.6742042125984251
21
-2.7788968503937008
0
LINE
8
BLACK
6
CONTINUOUS
10
2.6742042125984251
20
-2.7788968503937008
11
2.6757860629921257
21
-2.7929360236220471
0
LINE
8
BLACK
6
CONTINUOUS
10
2.6757860629921257
20
-2.7929360236220471
11
2.6757860629921257
21
-2.8070639763779526
0
LINE
8
BLACK
6
CONTINUOUS
10
2.6757860629921257
20
-2.8070639763779526
11
2.6742042125984251
21
-2.8211031496062993
0
LINE
8
BLACK
6
CONTINUOUS
10
2.6742042125984251
20
-2.8211031496062993
11
2.671060433070866
21
-2.8348769291338582
0
LINE
8
BLACK
6
CONTINUOUS
10
2.671060433070866
20
-2.8348769291338582
11
2.6663942913385825
21
-2.8482120866141734
0
LINE
8
BLACK
6
CONTINUOUS
10
2.6663942913385825
20
-2.8482120866141734
11
2.6602643700787403
21
-2.8609409448818899
0
LINE
8
BLACK
6
CONTINUOUS
10
2.6602643700787403
20
-2.8609409448818899
11
2.6527478346456692
21
-2.8729034645669289
0
LINE
8
BLACK
6
CONTINUOUS
10
2.6527478346456692
20
-2.8729034645669289
11
2.6439391732283464
21
-2.8839491732283462
0
LINE
8
BLACK
6
CONTINUOUS
10
2.6439391732283464
20
-2.8839491732283462
11
2.6339491732283462
21
-2.8939391732283464
0
LINE
8
BLACK
6
CONTINUOUS
10
2.6339491732283462
20
-2.8939391732283464
11
2.6229034645669289
21
-2.9027478346456692
0
LINE
8
BLACK
6
CONTINUOUS
10
2.6229034645669289
20
-2.9027478346456692
11
2.6109409448818899
21
-2.9102643700787403
0
LINE
8
BLACK
6
CONTINUOUS
10
2.6109409448818899
20
-2.9102643700787403
11
2.5982120866141734
21
-2.9163942913385825
0
LINE
8
BLACK
6
CONTINUOUS
10
2.5982120866141734
20
-2.9163942913385825
11
2.5848769291338582
21
-2.921060433070866
0
LINE
8
BLACK
6
CONTINUOUS
10
2.5848769291338582
20
-2.921060433070866
11
2.5711031496062993
21
-2.9242042125984251
0
LINE
8
BLACK
6
CONTINUOUS
10
2.5711031496062993
20
-2.9242042125984251
11
2.5570639763779526
21
-2.9257860629921257
0
LINE
8
BLACK
6
CONTINUOUS
10
2.5570639763779526
20
-2.9257860629921257
11
2.5429360236220471
21
-2.9257860629921257
0
LINE
8
BLACK
6
CONTINUOUS
10
2.5429360236220471
20
-2.9257860629921257
11
2.5288968503937008
21
-2.9242042125984251
0
LINE
8
BLACK
6
CONTINUOUS
10
2.5288968503937008
20
-2.9242042125984251
11
2.5151230708661418
21
-2.921060433070866
0
LINE
8
BLACK
6
CONTINUOUS
10
2.5151230708661418
20
-2.921060433070866
11
2.5017879133858267
21
-2.9163942913385825
0
LINE
8
BLACK
6
CONTINUOUS
10
2.5017879133858267
20
-2.9163942913385825
11
2.4890590551181102
21
-2.9102643700787403
0
LINE
8
BLACK
6
CONTINUOUS
10
2.4890590551181102
20
-2.9102643700787403
11
2.4770965354330707
21
-2.9027478346456692
0
LINE
8
BLACK
6
CONTINUOUS
10
2.4770965354330707
20
-2.9027478346456692
11
2.4660508267716534
21
-2.8939391732283464
0
LINE
8
BLACK
6
CONTINUOUS
10
2.4660508267716534
20
-2.8939391732283464
11
2.4560608267716533
21
-2.8839491732283462
0
LINE
8
BLACK
6
CONTINUOUS
10
2.4560608267716533
20
-2.8839491732283462
11
2.4472521653543304
21
-2.8729034645669289
0
LINE
8
BLACK
6
CONTINUOUS
10
2.4472521653543304
20
-2.8729034645669289
11
2.4397356299212598
21
-2.8609409448818899
0
LINE
8
BLACK
6
CONTINUOUS
10
2.4397356299212598
20
-2.8609409448818899
11
2.4336057086614171
21
-2.8482120866141734
0
LINE
8
BLACK
6
CONTINUOUS
10
2.4336057086614171
20
-2.8482120866141734
11
2.4289395669291336
21
-2.8348769291338582
0
LINE
8
BLACK
6
CONTINUOUS
10
2.4289395669291336
20
-2.8348769291338582
11
2.4257957874015745
21
-2.8211031496062993
0
LINE
8
BLACK
6
CONTINUOUS
10
2.4257957874015745
20
-2.8211031496062993
11
2.4242139370078739
21
-2.8070639763779526
0
LINE
8
BLACK
6
CONTINUOUS
10
2.4242139370078739
20
-2.8070639763779526
11
2.4242139370078739
21
-2.7929360236220471
0
LINE
8
BLACK
6
CONTINUOUS
10
2.4242139370078739
20
-2.7929360236220471
11
2.4257957874015745
21
-2.7788968503937008
0
LINE
8
BLACK
6
CONTINUOUS
10
2.4257957874015745
20
-2.7788968503937008
11
2.4289395669291336
21
-2.7651230708661418
0
LINE
8
BLACK
6
CONTINUOUS
10
2.4289395669291336
20
-2.7651230708661418
11
2.4336057086614171
21
-2.7517879133858267
0
LINE
8
BLACK
6
CONTINUOUS
10
2.4336057086614171
20
-2.7517879133858267
11
2.4397356299212598
21
-2.7390590551181102
0
LINE
8
BLACK
6
CONTINUOUS
10
2.4397356299212598
20
-2.7390590551181102
11
2.4472521653543304
21
-2.7270965354330707
0
LINE
8
BLACK
6
CONTINUOUS
10
2.4472521653543304
20
-2.7270965354330707
11
2.4560608267716533
21
-2.7160508267716534
0
LINE
8
BLACK
6
CONTINUOUS
10
2.4560608267716533
20
-2.7160508267716534
11
2.4660508267716534
21
-2.7060608267716533
0
LINE
8
BLACK
6
CONTINUOUS
10
2.4660508267716534
20
-2.7060608267716533
11
2.4770965354330707
21
-2.6972521653543304
0
LINE
8
BLACK
6
CONTINUOUS
10
2.4770965354330707
20
-2.6972521653543304
11
2.4890590551181102
21
-2.6897356299212598
0
LINE
8
BLACK
6
CONTINUOUS
10
2.4890590551181102
20
-2.6897356299212598
11
2.5017879133858267
21
-2.6836057086614171
0
LINE
8
BLACK
6
CONTINUOUS
10
2.5017879133858267
20
-2.6836057086614171
11
2.5151230708661418
21
-2.6789395669291336
0
LINE
8
BLACK
6
CONTINUOUS
10
2.5151230708661418
20
-2.6789395669291336
11
2.5288968503937008
21
-2.6757957874015745
0
LINE
8
BLACK
6
CONTINUOUS
10
2.5288968503937008
20
-2.6757957874015745
11
2.5429360236220471
21
-2.6742139370078739
0
LINE
8
BLACK
6
CONTINUOUS
10
2.5429360236220471
20
-2.6742139370078739
11
2.5570639763779526
21
-2.6742139370078739
0
LINE
8
BLACK
6
CONTINUOUS
10
2.5570639763779526
20
-2.6742139370078739
11
2.5711031496062993
21
-2.6757957874015745
0
LINE
8
BLACK
6
CONTINUOUS
10
4.9711031496062992
20
-2.6757957874015745
11
4.9848769291338577
21
-2.6789395669291336
0
LINE
8
BLACK
6
CONTINUOUS
10
4.9848769291338577
20
-2.6789395669291336
11
4.9982120866141733
21
-2.6836057086614171
0
LINE
8
BLACK
6
CONTINUOUS
10
4.9982120866141733
20
-2.6836057086614171
11
5.0109409448818898
21
-2.6897356299212598
0
LINE
8
BLACK
6
CONTINUOUS
10
5.0109409448818898
20
-2.6897356299212598
11
5.0229034645669293
21
-2.6972521653543304
0
LINE
8
BLACK
6
CONTINUOUS
10
5.0229034645669293
20
-2.6972521653543304
11
5.0339491732283461
21
-2.7060608267716533
0
LINE
8
BLACK
6
CONTINUOUS
10
5.0339491732283461
20
-2.7060608267716533
11
5.0439391732283463
21
-2.7160508267716534
0
LINE
8
BLACK
6
CONTINUOUS
10
5.0439391732283463
20
-2.7160508267716534
11
5.0527478346456691
21
-2.7270965354330707
0
LINE
8
BLACK
6
CONTINUOUS
10
5.0527478346456691
20
-2.7270965354330707
11
5.0602643700787402
21
-2.7390590551181102
0
LINE
8
BLACK
6
CONTINUOUS
10
5.0602643700787402
20
-2.7390590551181102
11
5.0663942913385824
21
-2.7517879133858267
0
LINE
8
BLACK
6
CONTINUOUS
10
5.0663942913385824
20
-2.7517879133858267
11
5.0710604330708664
21
-2.7651230708661418
0
LINE
8
BLACK
6
CONTINUOUS
10
5.0710604330708664
20
-2.7651230708661418
11
5.074204212598425
21
-2.7788968503937008
0
LINE
8
BLACK
6
CONTINUOUS
10
5.074204212598425
20
-2.7788968503937008
11
5.0757860629921261
21
-2.7929360236220471
0
LINE
8
BLACK
6
CONTINUOUS
10
5.0757860629921261
20
-2.7929360236220471
11
5.0757860629921261
21
-2.8070639763779526
0
LINE
8
BLACK
6
CONTINUOUS
10
5.0757860629921261
20
-2.8070639763779526
11
5.074204212598425
21
-2.8211031496062993
0
LINE
8
BLACK
6
CONTINUOUS
10
5.074204212598425
20
-2.8211031496062993
11
5.0710604330708664
21
-2.8348769291338582
0
LINE
8
BLACK
6
CONTINUOUS
10
5.0710604330708664
20
-2.8348769291338582
11
5.0663942913385824
21
-2.8482120866141734
0
LINE
8
BLACK
6
CONTINUOUS
10
5.0663942913385824
20
-2.8482120866141734
11
5.0602643700787402
21
-2.8609409448818899
0
LINE
8
BLACK
6
CONTINUOUS
10
5.0602643700787402
20
-2.8609409448818899
11
5.0527478346456691
21
-2.8729034645669289
0
LINE
8
BLACK
6
CONTINUOUS
10
5.0527478346456691
20
-2.8729034645669289
11
5.0439391732283463
21
-2.8839491732283462
0
LINE
8
BLACK
6
CONTINUOUS
10
5.0439391732283463
20
-2.8839491732283462
11
5.0339491732283461
21
-2.8939391732283464
0
LINE
8
BLACK
6
CONTINUOUS
10
5.0339491732283461
20
-2.8939391732283464
11
5.0229034645669293
21
-2.9027478346456692
0
LINE
8
BLACK
6
CONTINUOUS
10
5.0229034645669293
20
-2.9027478346456692
11
5.0109409448818898
21
-2.9102643700787403
0
LINE
8
BLACK
6
CONTINUOUS
10
5.0109409448818898
20
-2.9102643700787403
11
4.9982120866141733
21
-2.9163942913385825
0
LINE
8
BLACK
6
CONTINUOUS
10
4.9982120866141733
20
-2.9163942913385825
11
4.9848769291338577
21
-2.921060433070866
0
LINE
8
BLACK
6
CONTINUOUS
10
4.9848769291338577
20
-2.921060433070866
11
4.9711031496062992
21
-2.9242042125984251
0
LINE
8
BLACK
6
CONTINUOUS
10
4.9711031496062992
20
-2.9242042125984251
11
4.9570639763779525
21
-2.9257860629921257
0
LINE
8
BLACK
6
CONTINUOUS
10
4.9570639763779525
20
-2.9257860629921257
11
4.942936023622047
21
-2.9257860629921257
0
LINE
8
BLACK
6
CONTINUOUS
10
4.942936023622047
20
-2.9257860629921257
11
4.9288968503937003
21
-2.9242042125984251
0
LINE
8
BLACK
6
CONTINUOUS
10
4.9288968503937003
20
-2.9242042125984251
11
4.9151230708661418
21
-2.921060433070866
0
LINE
8
BLACK
6
CONTINUOUS
10
4.9151230708661418
20
-2.921060433070866
11
4.9017879133858271
21
-2.9163942913385825
0
LINE
8
BLACK
6
CONTINUOUS
10
4.9017879133858271
20
-2.9163942913385825
11
4.8890590551181106
21
-2.9102643700787403
0
LINE
8
BLACK
6
CONTINUOUS
10
4.8890590551181106
20
-2.9102643700787403
11
4.8770965354330711
21
-2.9027478346456692
0
LINE
8
BLACK
6
CONTINUOUS
10
4.8770965354330711
20
-2.9027478346456692
11
4.8660508267716533
21
-2.8939391732283464
0
LINE
8
BLACK
6
CONTINUOUS
10
4.8660508267716533
20
-2.8939391732283464
11
4.8560608267716532
21
-2.8839491732283462
0
LINE
8
BLACK
6
CONTINUOUS
10
4.8560608267716532
20
-2.8839491732283462
11
4.8472521653543303
21
-2.8729034645669289
0
LINE
8
BLACK
6
CONTINUOUS
10
4.8472521653543303
20
-2.8729034645669289
11
4.8397356299212602
21
-2.8609409448818899
0
LINE
8
BLACK
6
CONTINUOUS
10
4.8397356299212602
20
-2.8609409448818899
11
4.833605708661417
21
-2.8482120866141734
0
LINE
8
BLACK
6
CONTINUOUS
10
4.833605708661417
20
-2.8482120866141734
11
4.828939566929134
21
-2.8348769291338582
0
LINE
8
BLACK
6
CONTINUOUS
10
4.828939566929134
20
-2.8348769291338582
11
4.8257957874015744
21
-2.8211031496062993
0
LINE
8
BLACK
6
CONTINUOUS
10
4.8257957874015744
20
-2.8211031496062993
11
4.8242139370078743
21
-2.8070639763779526
0
LINE
8
BLACK
6
CONTINUOUS
10
4.8242139370078743
20
-2.8070639763779526
11
4.8242139370078743
21
-2.7929360236220471
0
LINE
8
BLACK
6
CONTINUOUS
10
4.8242139370078743
20
-2.7929360236220471
11
4.8257957874015744
21
-2.7788968503937008
0
LINE
8
BLACK
6
CONTINUOUS
10
4.8257957874015744
20
-2.7788968503937008
11
4.828939566929134
21
-2.7651230708661418
0
LINE
8
BLACK
6
CONTINUOUS
10
4.828939566929134
20
-2.7651230708661418
11
4.833605708661417
21
-2.7517879133858267
0
LINE
8
BLACK
6
CONTINUOUS
10
4.833605708661417
20
-2.7517879133858267
11
4.8397356299212602
21
-2.7390590551181102
0
LINE
8
BLACK
6
CONTINUOUS
10
4.8397356299212602
20
-2.7390590551181102
11
4.8472521653543303
21
-2.7270965354330707
0
LINE
8
BLACK
6
CONTINUOUS
10
4.8472521653543303
20
-2.7270965354330707
11
4.8560608267716532
21
-2.7160508267716534
0
LINE
8
BLACK
6
CONTINUOUS
10
4.8560608267716532
20
-2.7160508267716534
11
4.8660508267716533
21
-2.7060608267716533
0
LINE
8
BLACK
6
CONTINUOUS
10
4.8660508267716533
20
-2.7060608267716533
11
4.8770965354330711
21
-2.6972521653543304
0
LINE
8
BLACK
6
CONTINUOUS
10
4.8770965354330711
20
-2.6972521653543304
11
4.8890590551181106
21
-2.6897356299212598
0
LINE
8
BLACK
6
CONTINUOUS
10
4.8890590551181106
20
-2.6897356299212598
11
4.9017879133858271
21
-2.6836057086614171
0
LINE
8
BLACK
6
CONTINUOUS
10
4.9017879133858271
20
-2.6836057086614171
11
4.9151230708661418
21
-2.6789395669291336
0
LINE
8
BLACK
6
CONTINUOUS
10
4.9151230708661418
20
-2.6789395669291336
11
4.9288968503937003
21
-2.6757957874015745
0
LINE
8
BLACK
6
CONTINUOUS
10
4.9288968503937003
20
-2.6757957874015745
11
4.942936023622047
21
-2.6742139370078739
0
LINE
8
BLACK
6
CONTINUOUS
10
4.942936023622047
20
-2.6742139370078739
11
4.9570639763779525
21
-2.6742139370078739
0
LINE
8
BLACK
6
CONTINUOUS
10
4.9570639763779525
20
-2.6742139370078739
11
4.9711031496062992
21
-2.6757957874015745
0
LINE
8
BLACK
6
CONTINUOUS
10
4.2130181102362201
20
-2.7958852362204722
11
4.2180027952755905
21
-2.7976294488188977
0
LINE
8
BLACK
6
CONTINUOUS
10
4.2180027952755905
20
-2.7976294488188977
11
4.2222518897637791
21
-2.800765433070866
0
LINE
8
BLACK
6
CONTINUOUS
10
4.2222518897637791
20
-2.800765433070866
11
4.2253878740157482
21
-2.805014527559055
0
LINE
8
BLACK
6
CONTINUOUS
10
4.2253878740157482
20
-2.805014527559055
11
4.2271320866141728
21
-2.809999212598425
0
LINE
8
BLACK
6
CONTINUOUS
10
4.2271320866141728
20
-2.809999212598425
11
4.2274409448818897
21
-2.8132929133858267
0
LINE
8
BLACK
6
CONTINUOUS
10
4.2274409448818897
20
-2.8132929133858267
11
4.2274409448818897
21
-2.899907086614173
0
LINE
8
BLACK
6
CONTINUOUS
10
4.2274409448818897
20
-2.899907086614173
11
4.2271320866141728
21
-2.9032007874015746
0
LINE
8
BLACK
6
CONTINUOUS
10
4.2271320866141728
20
-2.9032007874015746
11
4.2253878740157482
21
-2.9081854724409446
0
LINE
8
BLACK
6
CONTINUOUS
10
4.2253878740157482
20
-2.9081854724409446
11
4.2222518897637791
21
-2.9124345669291336
0
LINE
8
BLACK
6
CONTINUOUS
10
4.2222518897637791
20
-2.9124345669291336
11
4.2180027952755905
21
-2.9155705511811023
0
LINE
8
BLACK
6
CONTINUOUS
10
4.2180027952755905
20
-2.9155705511811023
11
4.2130181102362201
21
-2.9173147637795274
0
LINE
8
BLACK
6
CONTINUOUS
10
4.2130181102362201
20
-2.9173147637795274
11
4.2097244094488184
21
-2.9176236220472442
0
LINE
8
BLACK
6
CONTINUOUS
10
4.2097244094488184
20
-2.9176236220472442
11
4.1772440944881888
21
-2.9176236220472442
0
LINE
8
BLACK
6
CONTINUOUS
10
4.1772440944881888
20
-2.9176236220472442
11
4.1739503937007871
21
-2.9173147637795274
0
LINE
8
BLACK
6
CONTINUOUS
10
4.1739503937007871
20
-2.9173147637795274
11
4.1689657086614176
21
-2.9155705511811023
0
LINE
8
BLACK
6
CONTINUOUS
10
4.1689657086614176
20
-2.9155705511811023
11
4.1647166141732281
21
-2.9124345669291336
0
LINE
8
BLACK
6
CONTINUOUS
10
4.1647166141732281
20
-2.9124345669291336
11
4.1615806299212599
21
-2.9081854724409446
0
LINE
8
BLACK
6
CONTINUOUS
10
4.1615806299212599
20
-2.9081854724409446
11
4.1598364173228344
21
-2.9032007874015746
0
LINE
8
BLACK
6
CONTINUOUS
10
4.1598364173228344
20
-2.9032007874015746
11
4.1595275590551184
21
-2.899907086614173
0
LINE
8
BLACK
6
CONTINUOUS
10
4.1595275590551184
20
-2.899907086614173
11
4.1595275590551184
21
-2.8132929133858267
0
LINE
8
BLACK
6
CONTINUOUS
10
4.1595275590551184
20
-2.8132929133858267
11
4.1598364173228344
21
-2.809999212598425
0
LINE
8
BLACK
6
CONTINUOUS
10
4.1598364173228344
20
-2.809999212598425
11
4.1615806299212599
21
-2.805014527559055
0
LINE
8
BLACK
6
CONTINUOUS
10
4.1615806299212599
20
-2.805014527559055
11
4.1647166141732281
21
-2.800765433070866
0
LINE
8
BLACK
6
CONTINUOUS
10
4.1647166141732281
20
-2.800765433070866
11
4.1689657086614176
21
-2.7976294488188977
0
LINE
8
BLACK
6
CONTINUOUS
10
4.1689657086614176
20
-2.7976294488188977
11
4.1739503937007871
21
-2.7958852362204722
0
LINE
8
BLACK
6
CONTINUOUS
10
4.1739503937007871
20
-2.7958852362204722
11
4.1772440944881888
21
-2.7955763779527558
0
LINE
8
BLACK
6
CONTINUOUS
10
4.1772440944881888
20
-2.7955763779527558
11
4.2097244094488184
21
-2.7955763779527558
0
LINE
8
BLACK
6
CONTINUOUS
10
4.2097244094488184
20
-2.7955763779527558
11
4.2130181102362201
21
-2.7958852362204722
0
LINE
8
BLACK
6
CONTINUOUS
10
4.3360496062992127
20
-2.7958852362204722
11
4.3410342913385822
21
-2.7976294488188977
0
LINE
8
BLACK
6
CONTINUOUS
10
4.3410342913385822
20
-2.7976294488188977
11
4.3452833858267716
21
-2.800765433070866
0
LINE
8
BLACK
6
CONTINUOUS
10
4.3452833858267716
20
-2.800765433070866
11
4.3484193700787399
21
-2.805014527559055
0
LINE
8
BLACK
6
CONTINUOUS
10
4.3484193700787399
20
-2.805014527559055
11
4.3501635826771654
21
-2.809999212598425
0
LINE
8
BLACK
6
CONTINUOUS
10
4.3501635826771654
20
-2.809999212598425
11
4.3504724409448814
21
-2.8132929133858267
0
LINE
8
BLACK
6
CONTINUOUS
10
4.3504724409448814
20
-2.8132929133858267
11
4.3504724409448814
21
-2.899907086614173
0
LINE
8
BLACK
6
CONTINUOUS
10
4.3504724409448814
20
-2.899907086614173
11
4.3501635826771654
21
-2.9032007874015746
0
LINE
8
BLACK
6
CONTINUOUS
10
4.3501635826771654
20
-2.9032007874015746
11
4.3484193700787399
21
-2.9081854724409446
0
LINE
8
BLACK
6
CONTINUOUS
10
4.3484193700787399
20
-2.9081854724409446
11
4.3452833858267716
21
-2.9124345669291336
0
LINE
8
BLACK
6
CONTINUOUS
10
4.3452833858267716
20
-2.9124345669291336
11
4.3410342913385822
21
-2.9155705511811023
0
LINE
8
BLACK
6
CONTINUOUS
10
4.3410342913385822
20
-2.9155705511811023
11
4.3360496062992127
21
-2.9173147637795274
0
LINE
8
BLACK
6
CONTINUOUS
10
4.3360496062992127
20
-2.9173147637795274
11
4.332755905511811
21
-2.9176236220472442
0
LINE
8
BLACK
6
CONTINUOUS
10
4.332755905511811
20
-2.9176236220472442
11
4.3002755905511814
21
-2.9176236220472442
0
LINE
8
BLACK
6
CONTINUOUS
10
4.3002755905511814
20
-2.9176236220472442
11
4.2969818897637797
21
-2.9173147637795274
0
LINE
8
BLACK
6
CONTINUOUS
10
4.2969818897637797
20
-2.9173147637795274
11
4.2919972047244093
21
-2.9155705511811023
0
LINE
8
BLACK
6
CONTINUOUS
10
4.2919972047244093
20
-2.9155705511811023
11
4.2877481102362207
21
-2.9124345669291336
0
LINE
8
BLACK
6
CONTINUOUS
10
4.2877481102362207
20
-2.9124345669291336
11
4.2846121259842516
21
-2.9081854724409446
0
LINE
8
BLACK
6
CONTINUOUS
10
4.2846121259842516
20
-2.9081854724409446
11
4.282867913385827
21
-2.9032007874015746
0
LINE
8
BLACK
6
CONTINUOUS
10
4.282867913385827
20
-2.9032007874015746
11
4.2825590551181101
21
-2.899907086614173
0
LINE
8
BLACK
6
CONTINUOUS
10
4.2825590551181101
20
-2.899907086614173
11
4.2825590551181101
21
-2.8132929133858267
0
LINE
8
BLACK
6
CONTINUOUS
10
4.2825590551181101
20
-2.8132929133858267
11
4.282867913385827
21
-2.809999212598425
0
LINE
8
BLACK
6
CONTINUOUS
10
4.282867913385827
20
-2.809999212598425
11
4.2846121259842516
21
-2.805014527559055
0
LINE
8
BLACK
6
CONTINUOUS
10
4.2846121259842516
20
-2.805014527559055
11
4.2877481102362207
21
-2.800765433070866
0
LINE
8
BLACK
6
CONTINUOUS
10
4.2877481102362207
20
-2.800765433070866
11
4.2919972047244093
21
-2.7976294488188977
0
LINE
8
BLACK
6
CONTINUOUS
10
4.2919972047244093
20
-2.7976294488188977
11
4.2969818897637797
21
-2.7958852362204722
0
LINE
8
BLACK
6
CONTINUOUS
10
4.2969818897637797
20
-2.7958852362204722
11
4.3002755905511814
21
-2.7955763779527558
0
LINE
8
BLACK
6
CONTINUOUS
10
4.3002755905511814
20
-2.7955763779527558
11
4.332755905511811
21
-2.7955763779527558
0
LINE
8
BLACK
6
CONTINUOUS
10
4.332755905511811
20
-2.7955763779527558
11
4.3360496062992127
21
-2.7958852362204722
0
LINE
8
BLACK
6
CONTINUOUS
10
2.826515590551181
20
-2.7844907086614175
11
2.8350350787401575
21
-2.7872588582677165
0
LINE
8
BLACK
6
CONTINUOUS
10
2.8350350787401575
20
-2.7872588582677165
11
2.843016653543307
21
-2.7913256692913384
0
LINE
8
BLACK
6
CONTINUOUS
10
2.843016653543307
20
-2.7913256692913384
11
2.8502637795275589
21
-2.7965909842519685
0
LINE
8
BLACK
6
CONTINUOUS
10
2.8502637795275589
20
-2.7965909842519685
11
2.8565979921259843
21
-2.8029251968503934
0
LINE
8
BLACK
6
CONTINUOUS
10
2.8565979921259843
20
-2.8029251968503934
11
2.861863307086614
21
-2.8101723228346458
0
LINE
8
BLACK
6
CONTINUOUS
10
2.861863307086614
20
-2.8101723228346458
11
2.8659301181102363
21
-2.8181538976377953
0
LINE
8
BLACK
6
CONTINUOUS
10
2.8659301181102363
20
-2.8181538976377953
11
2.8686982677165354
21
-2.8266733858267714
0
LINE
8
BLACK
6
CONTINUOUS
10
2.8686982677165354
20
-2.8266733858267714
11
2.8700996062992123
21
-2.8355210236220474
0
LINE
8
BLACK
6
CONTINUOUS
10
2.8700996062992123
20
-2.8355210236220474
11
2.8700996062992123
21
-2.8444789763779528
0
LINE
8
BLACK
6
CONTINUOUS
10
2.8700996062992123
20
-2.8444789763779528
11
2.8686982677165354
21
-2.8533266141732283
0
LINE
8
BLACK
6
CONTINUOUS
10
2.8686982677165354
20
-2.8533266141732283
11
2.8659301181102363
21
-2.8618461023622048
0
LINE
8
BLACK
6
CONTINUOUS
10
2.8659301181102363
20
-2.8618461023622048
11
2.861863307086614
21
-2.8698276771653544
0
LINE
8
BLACK
6
CONTINUOUS
10
2.861863307086614
20
-2.8698276771653544
11
2.8565979921259843
21
-2.8770748031496063
0
LINE
8
BLACK
6
CONTINUOUS
10
2.8565979921259843
20
-2.8770748031496063
11
2.8502637795275589
21
-2.8834090157480312
0
LINE
8
BLACK
6
CONTINUOUS
10
2.8502637795275589
20
-2.8834090157480312
11
2.843016653543307
21
-2.8886743307086613
0
LINE
8
BLACK
6
CONTINUOUS
10
2.843016653543307
20
-2.8886743307086613
11
2.8350350787401575
21
-2.8927411417322832
0
LINE
8
BLACK
6
CONTINUOUS
10
2.8350350787401575
20
-2.8927411417322832
11
2.826515590551181
21
-2.8955092913385827
0
LINE
8
BLACK
6
CONTINUOUS
10
2.826515590551181
20
-2.8955092913385827
11
2.8176679527559054
21
-2.8969106299212597
0
LINE
8
BLACK
6
CONTINUOUS
10
2.8176679527559054
20
-2.8969106299212597
11
2.80871
21
-2.8969106299212597
0
LINE
8
BLACK
6
CONTINUOUS
10
2.80871
20
-2.8969106299212597
11
2.7998623622047245
21
-2.8955092913385827
0
LINE
8
BLACK
6
CONTINUOUS
10
2.7998623622047245
20
-2.8955092913385827
11
2.791342874015748
21
-2.8927411417322832
0
LINE
8
BLACK
6
CONTINUOUS
10
2.791342874015748
20
-2.8927411417322832
11
2.7833612992125984
21
-2.8886743307086613
0
LINE
8
BLACK
6
CONTINUOUS
10
2.7833612992125984
20
-2.8886743307086613
11
2.7761141732283465
21
-2.8834090157480312
0
LINE
8
BLACK
6
CONTINUOUS
10
2.7761141732283465
20
-2.8834090157480312
11
2.7697799606299212
21
-2.8770748031496063
0
LINE
8
BLACK
6
CONTINUOUS
10
2.7697799606299212
20
-2.8770748031496063
11
2.7645146456692911
21
-2.8698276771653544
0
LINE
8
BLACK
6
CONTINUOUS
10
2.7645146456692911
20
-2.8698276771653544
11
2.7604478346456691
21
-2.8618461023622048
0
LINE
8
BLACK
6
CONTINUOUS
10
2.7604478346456691
20
-2.8618461023622048
11
2.7576796850393701
21
-2.8533266141732283
0
LINE
8
BLACK
6
CONTINUOUS
10
2.7576796850393701
20
-2.8533266141732283
11
2.7562783464566927
21
-2.8444789763779528
0
LINE
8
BLACK
6
CONTINUOUS
10
2.7562783464566927
20
-2.8444789763779528
11
2.7562783464566927
21
-2.8355210236220474
0
LINE
8
BLACK
6
CONTINUOUS
10
2.7562783464566927
20
-2.8355210236220474
11
2.7576796850393701
21
-2.8266733858267714
0
LINE
8
BLACK
6
CONTINUOUS
10
2.7576796850393701
20
-2.8266733858267714
11
2.7604478346456691
21
-2.8181538976377953
0
LINE
8
BLACK
6
CONTINUOUS
10
2.7604478346456691
20
-2.8181538976377953
11
2.7645146456692911
21
-2.8101723228346458
0
LINE
8
BLACK
6
CONTINUOUS
10
2.7645146456692911
20
-2.8101723228346458
11
2.7697799606299212
21
-2.8029251968503934
0
LINE
8
BLACK
6
CONTINUOUS
10
2.7697799606299212
20
-2.8029251968503934
11
2.7761141732283465
21
-2.7965909842519685
0
LINE
8
BLACK
6
CONTINUOUS
10
2.7761141732283465
20
-2.7965909842519685
11
2.7833612992125984
21
-2.7913256692913384
0
LINE
8
BLACK
6
CONTINUOUS
10
2.7833612992125984
20
-2.7913256692913384
11
2.791342874015748
21
-2.7872588582677165
0
LINE
8
BLACK
6
CONTINUOUS
10
2.791342874015748
20
-2.7872588582677165
11
2.7998623622047245
21
-2.7844907086614175
0
LINE
8
BLACK
6
CONTINUOUS
10
2.7998623622047245
20
-2.7844907086614175
11
2.80871
21
-2.78308937007874
0
LINE
8
BLACK
6
CONTINUOUS
10
2.80871
20
-2.78308937007874
11
2.8176679527559054
21
-2.78308937007874
0
LINE
8
BLACK
6
CONTINUOUS
10
2.8176679527559054
20
-2.78308937007874
11
2.826515590551181
21
-2.7844907086614175
0
LINE
8
BLACK
6
CONTINUOUS
10
2.9686107874015746
20
-2.8078068897637793
11
2.9739585826771653
21
-2.8100220078740157
0
LINE
8
BLACK
6
CONTINUOUS
10
2.9739585826771653
20
-2.8100220078740157
11
2.9787714566929133
21
-2.8132378740157478
0
LINE
8
BLACK
6
CONTINUOUS
10
2.9787714566929133
20
-2.8132378740157478
11
2.9828644881889761
21
-2.817330905511811
0
LINE
8
BLACK
6
CONTINUOUS
10
2.9828644881889761
20
-2.817330905511811
11
2.9850393700787401
21
-2.8205858267716533
0
LINE
8
BLACK
6
CONTINUOUS
10
2.9850393700787401
20
-2.8205858267716533
11
2.9872142519685037
21
-2.817330905511811
0
LINE
8
BLACK
6
CONTINUOUS
10
2.9872142519685037
20
-2.817330905511811
11
2.9913072834645669
21
-2.8132378740157478
0
LINE
8
BLACK
6
CONTINUOUS
10
2.9913072834645669
20
-2.8132378740157478
11
2.9961201574803149
21
-2.8100220078740157
0
LINE
8
BLACK
6
CONTINUOUS
10
2.9961201574803149
20
-2.8100220078740157
11
3.0014679527559056
21
-2.8078068897637793
0
LINE
8
BLACK
6
CONTINUOUS
10
3.0014679527559056
20
-2.8078068897637793
11
3.007145157480315
21
-2.8066775984251966
0
LINE
8
BLACK
6
CONTINUOUS
10
3.007145157480315
20
-2.8066775984251966
11
3.0129335826771655
21
-2.8066775984251966
0
LINE
8
BLACK
6
CONTINUOUS
10
3.0129335826771655
20
-2.8066775984251966
11
3.0186107874015748
21
-2.8078068897637793
0
LINE
8
BLACK
6
CONTINUOUS
10
3.0186107874015748
20
-2.8078068897637793
11
3.0239585826771651
21
-2.8100220078740157
0
LINE
8
BLACK
6
CONTINUOUS
10
3.0239585826771651
20
-2.8100220078740157
11
3.0287714566929131
21
-2.8132378740157478
0
LINE
8
BLACK
6
CONTINUOUS
10
3.0287714566929131
20
-2.8132378740157478
11
3.0328644881889764
21
-2.817330905511811
0
LINE
8
BLACK
6
CONTINUOUS
10
3.0328644881889764
20
-2.817330905511811
11
3.0360803543307084
21
-2.822143779527559
0
LINE
8
BLACK
6
CONTINUOUS
10
3.0360803543307084
20
-2.822143779527559
11
3.0382954724409448
21
-2.8274915748031497
0
LINE
8
BLACK
6
CONTINUOUS
10
3.0382954724409448
20
-2.8274915748031497
11
3.0394247637795275
21
-2.8331687795275591
0
LINE
8
BLACK
6
CONTINUOUS
10
3.0394247637795275
20
-2.8331687795275591
11
3.0395669291338581
21
-2.8360629921259841
0
LINE
8
BLACK
6
CONTINUOUS
10
3.0395669291338581
20
-2.8360629921259841
11
3.0395669291338581
21
-2.8439370078740156
0
LINE
8
BLACK
6
CONTINUOUS
10
3.0395669291338581
20
-2.8439370078740156
11
3.0394247637795275
21
-2.8468312204724411
0
LINE
8
BLACK
6
CONTINUOUS
10
3.0394247637795275
20
-2.8468312204724411
11
3.0382954724409448
21
-2.8525084251968504
0
LINE
8
BLACK
6
CONTINUOUS
10
3.0382954724409448
20
-2.8525084251968504
11
3.0360803543307084
21
-2.8578562204724407
0
LINE
8
BLACK
6
CONTINUOUS
10
3.0360803543307084
20
-2.8578562204724407
11
3.0328644881889764
21
-2.8626690944881887
0
LINE
8
BLACK
6
CONTINUOUS
10
3.0328644881889764
20
-2.8626690944881887
11
3.0287714566929131
21
-2.866762125984252
0
LINE
8
BLACK
6
CONTINUOUS
10
3.0287714566929131
20
-2.866762125984252
11
3.0239585826771651
21
-2.869977992125984
0
LINE
8
BLACK
6
CONTINUOUS
10
3.0239585826771651
20
-2.869977992125984
11
3.0186107874015748
21
-2.8721931102362204
0
LINE
8
BLACK
6
CONTINUOUS
10
3.0186107874015748
20
-2.8721931102362204
11
3.0129335826771655
21
-2.8733224015748031
0
LINE
8
BLACK
6
CONTINUOUS
10
3.0129335826771655
20
-2.8733224015748031
11
3.007145157480315
21
-2.8733224015748031
0
LINE
8
BLACK
6
CONTINUOUS
10
3.007145157480315
20
-2.8733224015748031
11
3.0014679527559056
21
-2.8721931102362204
0
LINE
8
BLACK
6
CONTINUOUS
10
3.0014679527559056
20
-2.8721931102362204
11
2.9961201574803149
21
-2.869977992125984
0
LINE
8
BLACK
6
CONTINUOUS
10
2.9961201574803149
20
-2.869977992125984
11
2.9913072834645669
21
-2.866762125984252
0
LINE
8
BLACK
6
CONTINUOUS
10
2.9913072834645669
20
-2.866762125984252
11
2.9872142519685037
21
-2.8626690944881887
0
LINE
8
BLACK
6
CONTINUOUS
10
2.9872142519685037
20
-2.8626690944881887
11
2.9850393700787401
21
-2.8594141338582677
0
LINE
8
BLACK
6
CONTINUOUS
10
2.9850393700787401
20
-2.8594141338582677
11
2.9828644881889761
21
-2.8626690944881887
0
LINE
8
BLACK
6
CONTINUOUS
10
2.9828644881889761
20
-2.8626690944881887
11
2.9787714566929133
21
-2.866762125984252
0
LINE
8
BLACK
6
CONTINUOUS
10
2.9787714566929133
20
-2.866762125984252
11
2.9739585826771653
21
-2.869977992125984
0
LINE
8
BLACK
6
CONTINUOUS
10
2.9739585826771653
20
-2.869977992125984
11
2.9686107874015746
21
-2.8721931102362204
0
LINE
8
BLACK
6
CONTINUOUS
10
2.9686107874015746
20
-2.8721931102362204
11
2.9629335826771652
21
-2.8733224015748031
0
LINE
8
BLACK
6
CONTINUOUS
10
2.9629335826771652
20
-2.8733224015748031
11
2.9571451574803147
21
-2.8733224015748031
0
LINE
8
BLACK
6
CONTINUOUS
10
2.9571451574803147
20
-2.8733224015748031
11
2.9514679527559053
21
-2.8721931102362204
0
LINE
8
BLACK
6
CONTINUOUS
10
2.9514679527559053
20
-2.8721931102362204
11
2.9461201574803151
21
-2.869977992125984
0
LINE
8
BLACK
6
CONTINUOUS
10
2.9461201574803151
20
-2.869977992125984
11
2.941307283464567
21
-2.866762125984252
0
LINE
8
BLACK
6
CONTINUOUS
10
2.941307283464567
20
-2.866762125984252
11
2.9372142519685038
21
-2.8626690944881887
0
LINE
8
BLACK
6
CONTINUOUS
10
2.9372142519685038
20
-2.8626690944881887
11
2.9339983858267717
21
-2.8578562204724407
0
LINE
8
BLACK
6
CONTINUOUS
10
2.9339983858267717
20
-2.8578562204724407
11
2.9317832677165354
21
-2.8525084251968504
0
LINE
8
BLACK
6
CONTINUOUS
10
2.9317832677165354
20
-2.8525084251968504
11
2.9306539763779527
21
-2.8468312204724411
0
LINE
8
BLACK
6
CONTINUOUS
10
2.9306539763779527
20
-2.8468312204724411
11
2.9305118110236221
21
-2.8439370078740156
0
LINE
8
BLACK
6
CONTINUOUS
10
2.9305118110236221
20
-2.8439370078740156
11
2.9305118110236221
21
-2.8360629921259841
0
LINE
8
BLACK
6
CONTINUOUS
10
2.9305118110236221
20
-2.8360629921259841
11
2.9306539763779527
21
-2.8331687795275591
0
LINE
8
BLACK
6
CONTINUOUS
10
2.9306539763779527
20
-2.8331687795275591
11
2.9317832677165354
21
-2.8274915748031497
0
LINE
8
BLACK
6
CONTINUOUS
10
2.9317832677165354
20
-2.8274915748031497
11
2.9339983858267717
21
-2.822143779527559
0
LINE
8
BLACK
6
CONTINUOUS
10
2.9339983858267717
20
-2.822143779527559
11
2.9372142519685038
21
-2.817330905511811
0
LINE
8
BLACK
6
CONTINUOUS
10
2.9372142519685038
20
-2.817330905511811
11
2.941307283464567
21
-2.8132378740157478
0
LINE
8
BLACK
6
CONTINUOUS
10
2.941307283464567
20
-2.8132378740157478
11
2.9461201574803151
21
-2.8100220078740157
0
LINE
8
BLACK
6
CONTINUOUS
10
2.9461201574803151
20
-2.8100220078740157
11
2.9514679527559053
21
-2.8078068897637793
0
LINE
8
BLACK
6
CONTINUOUS
10
2.9514679527559053
20
-2.8078068897637793
11
2.9571451574803147
21
-2.8066775984251966
0
LINE
8
BLACK
6
CONTINUOUS
10
2.9571451574803147
20
-2.8066775984251966
11
2.9629335826771652
21
-2.8066775984251966
0
LINE
8
BLACK
6
CONTINUOUS
10
2.9629335826771652
20
-2.8066775984251966
11
2.9686107874015746
21
-2.8078068897637793
0
LINE
8
BLACK
6
CONTINUOUS
10
3.1186107874015749
20
-2.8078068897637793
11
3.1239585826771652
21
-2.8100220078740157
0
LINE
8
BLACK
6
CONTINUOUS
10
3.1239585826771652
20
-2.8100220078740157
11
3.1287714566929132
21
-2.8132378740157478
0
LINE
8
BLACK
6
CONTINUOUS
10
3.1287714566929132
20
-2.8132378740157478
11
3.1328644881889764
21
-2.817330905511811
0
LINE
8
BLACK
6
CONTINUOUS
10
3.1328644881889764
20
-2.817330905511811
11
3.13503937007874
21
-2.8205858267716533
0
LINE
8
BLACK
6
CONTINUOUS
10
3.13503937007874
20
-2.8205858267716533
11
3.137214251968504
21
-2.817330905511811
0
LINE
8
BLACK
6
CONTINUOUS
10
3.137214251968504
20
-2.817330905511811
11
3.1413072834645668
21
-2.8132378740157478
0
LINE
8
BLACK
6
CONTINUOUS
10
3.1413072834645668
20
-2.8132378740157478
11
3.1461201574803148
21
-2.8100220078740157
0
LINE
8
BLACK
6
CONTINUOUS
10
3.1461201574803148
20
-2.8100220078740157
11
3.1514679527559055
21
-2.8078068897637793
0
LINE
8
BLACK
6
CONTINUOUS
10
3.1514679527559055
20
-2.8078068897637793
11
3.1571451574803149
21
-2.8066775984251966
0
LINE
8
BLACK
6
CONTINUOUS
10
3.1571451574803149
20
-2.8066775984251966
11
3.1629335826771654
21
-2.8066775984251966
0
LINE
8
BLACK
6
CONTINUOUS
10
3.1629335826771654
20
-2.8066775984251966
11
3.1686107874015748
21
-2.8078068897637793
0
LINE
8
BLACK
6
CONTINUOUS
10
3.1686107874015748
20
-2.8078068897637793
11
3.1739585826771655
21
-2.8100220078740157
0
LINE
8
BLACK
6
CONTINUOUS
10
3.1739585826771655
20
-2.8100220078740157
11
3.1787714566929135
21
-2.8132378740157478
0
LINE
8
BLACK
6
CONTINUOUS
10
3.1787714566929135
20
-2.8132378740157478
11
3.1828644881889763
21
-2.817330905511811
0
LINE
8
BLACK
6
CONTINUOUS
10
3.1828644881889763
20
-2.817330905511811
11
3.1860803543307088
21
-2.822143779527559
0
LINE
8
BLACK
6
CONTINUOUS
10
3.1860803543307088
20
-2.822143779527559
11
3.1882954724409447
21
-2.8274915748031497
0
LINE
8
BLACK
6
CONTINUOUS
10
3.1882954724409447
20
-2.8274915748031497
11
3.1894247637795274
21
-2.8331687795275591
0
LINE
8
BLACK
6
CONTINUOUS
10
3.1894247637795274
20
-2.8331687795275591
11
3.189566929133858
21
-2.8360629921259841
0
LINE
8
BLACK
6
CONTINUOUS
10
3.189566929133858
20
-2.8360629921259841
11
3.189566929133858
21
-2.8439370078740156
0
LINE
8
BLACK
6
CONTINUOUS
10
3.189566929133858
20
-2.8439370078740156
11
3.1894247637795274
21
-2.8468312204724411
0
LINE
8
BLACK
6
CONTINUOUS
10
3.1894247637795274
20
-2.8468312204724411
11
3.1882954724409447
21
-2.8525084251968504
0
LINE
8
BLACK
6
CONTINUOUS
10
3.1882954724409447
20
-2.8525084251968504
11
3.1860803543307088
21
-2.8578562204724407
0
LINE
8
BLACK
6
CONTINUOUS
10
3.1860803543307088
20
-2.8578562204724407
11
3.1828644881889763
21
-2.8626690944881887
0
LINE
8
BLACK
6
CONTINUOUS
10
3.1828644881889763
20
-2.8626690944881887
11
3.1787714566929135
21
-2.866762125984252
0
LINE
8
BLACK
6
CONTINUOUS
10
3.1787714566929135
20
-2.866762125984252
11
3.1739585826771655
21
-2.869977992125984
0
LINE
8
BLACK
6
CONTINUOUS
10
3.1739585826771655
20
-2.869977992125984
11
3.1686107874015748
21
-2.8721931102362204
0
LINE
8
BLACK
6
CONTINUOUS
10
3.1686107874015748
20
-2.8721931102362204
11
3.1629335826771654
21
-2.8733224015748031
0
LINE
8
BLACK
6
CONTINUOUS
10
3.1629335826771654
20
-2.8733224015748031
11
3.1571451574803149
21
-2.8733224015748031
0
LINE
8
BLACK
6
CONTINUOUS
10
3.1571451574803149
20
-2.8733224015748031
11
3.1514679527559055
21
-2.8721931102362204
0
LINE
8
BLACK
6
CONTINUOUS
10
3.1514679527559055
20
-2.8721931102362204
11
3.1461201574803148
21
-2.869977992125984
0
LINE
8
BLACK
6
CONTINUOUS
10
3.1461201574803148
20
-2.869977992125984
11
3.1413072834645668
21
-2.866762125984252
0
LINE
8
BLACK
6
CONTINUOUS
10
3.1413072834645668
20
-2.866762125984252
11
3.137214251968504
21
-2.8626690944881887
0
LINE
8
BLACK
6
CONTINUOUS
10
3.137214251968504
20
-2.8626690944881887
11
3.13503937007874
21
-2.8594141338582677
0
LINE
8
BLACK
6
CONTINUOUS
10
3.13503937007874
20
-2.8594141338582677
11
3.1328644881889764
21
-2.8626690944881887
0
LINE
8
BLACK
6
CONTINUOUS
10
3.1328644881889764
20
-2.8626690944881887
11
3.1287714566929132
21
-2.866762125984252
0
LINE
8
BLACK
6
CONTINUOUS
10
3.1287714566929132
20
-2.866762125984252
11
3.1239585826771652
21
-2.869977992125984
0
LINE
8
BLACK
6
CONTINUOUS
10
3.1239585826771652
20
-2.869977992125984
11
3.1186107874015749
21
-2.8721931102362204
0
LINE
8
BLACK
6
CONTINUOUS
10
3.1186107874015749
20
-2.8721931102362204
11
3.1129335826771651
21
-2.8733224015748031
0
LINE
8
BLACK
6
CONTINUOUS
10
3.1129335826771651
20
-2.8733224015748031
11
3.1071451574803151
21
-2.8733224015748031
0
LINE
8
BLACK
6
CONTINUOUS
10
3.1071451574803151
20
-2.8733224015748031
11
3.1014679527559053
21
-2.8721931102362204
0
LINE
8
BLACK
6
CONTINUOUS
10
3.1014679527559053
20
-2.8721931102362204
11
3.096120157480315
21
-2.869977992125984
0
LINE
8
BLACK
6
CONTINUOUS
10
3.096120157480315
20
-2.869977992125984
11
3.091307283464567
21
-2.866762125984252
0
LINE
8
BLACK
6
CONTINUOUS
10
3.091307283464567
20
-2.866762125984252
11
3.0872142519685037
21
-2.8626690944881887
0
LINE
8
BLACK
6
CONTINUOUS
10
3.0872142519685037
20
-2.8626690944881887
11
3.0839983858267717
21
-2.8578562204724407
0
LINE
8
BLACK
6
CONTINUOUS
10
3.0839983858267717
20
-2.8578562204724407
11
3.0817832677165353
21
-2.8525084251968504
0
LINE
8
BLACK
6
CONTINUOUS
10
3.0817832677165353
20
-2.8525084251968504
11
3.0806539763779526
21
-2.8468312204724411
0
LINE
8
BLACK
6
CONTINUOUS
10
3.0806539763779526
20
-2.8468312204724411
11
3.080511811023622
21
-2.8439370078740156
0
LINE
8
BLACK
6
CONTINUOUS
10
3.080511811023622
20
-2.8439370078740156
11
3.080511811023622
21
-2.8360629921259841
0
LINE
8
BLACK
6
CONTINUOUS
10
3.080511811023622
20
-2.8360629921259841
11
3.0806539763779526
21
-2.8331687795275591
0
LINE
8
BLACK
6
CONTINUOUS
10
3.0806539763779526
20
-2.8331687795275591
11
3.0817832677165353
21
-2.8274915748031497
0
LINE
8
BLACK
6
CONTINUOUS
10
3.0817832677165353
20
-2.8274915748031497
11
3.0839983858267717
21
-2.822143779527559
0
LINE
8
BLACK
6
CONTINUOUS
10
3.0839983858267717
20
-2.822143779527559
11
3.0872142519685037
21
-2.817330905511811
0
LINE
8
BLACK
6
CONTINUOUS
10
3.0872142519685037
20
-2.817330905511811
11
3.091307283464567
21
-2.8132378740157478
0
LINE
8
BLACK
6
CONTINUOUS
10
3.091307283464567
20
-2.8132378740157478
11
3.096120157480315
21
-2.8100220078740157
0
LINE
8
BLACK
6
CONTINUOUS
10
3.096120157480315
20
-2.8100220078740157
11
3.1014679527559053
21
-2.8078068897637793
0
LINE
8
BLACK
6
CONTINUOUS
10
3.1014679527559053
20
-2.8078068897637793
11
3.1071451574803151
21
-2.8066775984251966
0
LINE
8
BLACK
6
CONTINUOUS
10
3.1071451574803151
20
-2.8066775984251966
11
3.1129335826771651
21
-2.8066775984251966
0
LINE
8
BLACK
6
CONTINUOUS
10
3.1129335826771651
20
-2.8066775984251966
11
3.1186107874015749
21
-2.8078068897637793
0
LINE
8
BLACK
6
CONTINUOUS
10
4.636950275590551
20
-2.768630866141732
11
4.6395047637795273
21
-2.7703377559055116
0
LINE
8
BLACK
6
CONTINUOUS
10
4.6395047637795273
20
-2.7703377559055116
11
4.6412116535433068
21
-2.7728922440944883
0
LINE
8
BLACK
6
CONTINUOUS
10
4.6412116535433068
20
-2.7728922440944883
11
4.6418110236220471
21
-2.7759055118110236
0
LINE
8
BLACK
6
CONTINUOUS
10
4.6418110236220471
20
-2.7759055118110236
11
4.6418110236220471
21
-2.8359055118110237
0
LINE
8
BLACK
6
CONTINUOUS
10
4.6418110236220471
20
-2.8359055118110237
11
4.6412116535433068
21
-2.838918779527559
0
LINE
8
BLACK
6
CONTINUOUS
10
4.6412116535433068
20
-2.838918779527559
11
4.6395047637795273
21
-2.8414732677165353
0
LINE
8
BLACK
6
CONTINUOUS
10
4.6395047637795273
20
-2.8414732677165353
11
4.636950275590551
21
-2.8431801574803148
0
LINE
8
BLACK
6
CONTINUOUS
10
4.636950275590551
20
-2.8431801574803148
11
4.6339370078740156
21
-2.8437795275590552
0
LINE
8
BLACK
6
CONTINUOUS
10
4.6339370078740156
20
-2.8437795275590552
11
4.573937007874016
21
-2.8437795275590552
0
LINE
8
BLACK
6
CONTINUOUS
10
4.573937007874016
20
-2.8437795275590552
11
4.5709237401574798
21
-2.8431801574803148
0
LINE
8
BLACK
6
CONTINUOUS
10
4.5709237401574798
20
-2.8431801574803148
11
4.5683692519685035
21
-2.8414732677165353
0
LINE
8
BLACK
6
CONTINUOUS
10
4.5683692519685035
20
-2.8414732677165353
11
4.566662362204724
21
-2.838918779527559
0
LINE
8
BLACK
6
CONTINUOUS
10
4.566662362204724
20
-2.838918779527559
11
4.5660629921259845
21
-2.8359055118110237
0
LINE
8
BLACK
6
CONTINUOUS
10
4.5660629921259845
20
-2.8359055118110237
11
4.5660629921259845
21
-2.7759055118110236
0
LINE
8
BLACK
6
CONTINUOUS
10
4.5660629921259845
20
-2.7759055118110236
11
4.566662362204724
21
-2.7728922440944883
0
LINE
8
BLACK
6
CONTINUOUS
10
4.566662362204724
20
-2.7728922440944883
11
4.5683692519685035
21
-2.7703377559055116
0
LINE
8
BLACK
6
CONTINUOUS
10
4.5683692519685035
20
-2.7703377559055116
11
4.5709237401574798
21
-2.768630866141732
0
LINE
8
BLACK
6
CONTINUOUS
10
4.5709237401574798
20
-2.768630866141732
11
4.573937007874016
21
-2.7680314960629921
0
LINE
8
BLACK
6
CONTINUOUS
10
4.573937007874016
20
-2.7680314960629921
11
4.6339370078740156
21
-2.7680314960629921
0
LINE
8
BLACK
6
CONTINUOUS
10
4.6339370078740156
20
-2.7680314960629921
11
4.636950275590551
21
-2.768630866141732
0
LINE
8
BLACK
6
CONTINUOUS
10
4.7369502755905515
20
-2.768630866141732
11
4.7395047637795278
21
-2.7703377559055116
0
LINE
8
BLACK
6
CONTINUOUS
10
4.7395047637795278
20
-2.7703377559055116
11
4.7412116535433073
21
-2.7728922440944883
0
LINE
8
BLACK
6
CONTINUOUS
10
4.7412116535433073
20
-2.7728922440944883
11
4.7418110236220468
21
-2.7759055118110236
0
LINE
8
BLACK
6
CONTINUOUS
10
4.7418110236220468
20
-2.7759055118110236
11
4.7418110236220468
21
-2.8359055118110237
0
LINE
8
BLACK
6
CONTINUOUS
10
4.7418110236220468
20
-2.8359055118110237
11
4.7412116535433073
21
-2.838918779527559
0
LINE
8
BLACK
6
CONTINUOUS
10
4.7412116535433073
20
-2.838918779527559
11
4.7395047637795278
21
-2.8414732677165353
0
LINE
8
BLACK
6
CONTINUOUS
10
4.7395047637795278
20
-2.8414732677165353
11
4.7369502755905515
21
-2.8431801574803148
0
LINE
8
BLACK
6
CONTINUOUS
10
4.7369502755905515
20
-2.8431801574803148
11
4.7339370078740153
21
-2.8437795275590552
0
LINE
8
BLACK
6
CONTINUOUS
10
4.7339370078740153
20
-2.8437795275590552
11
4.6739370078740157
21
-2.8437795275590552
0
LINE
8
BLACK
6
CONTINUOUS
10
4.6739370078740157
20
-2.8437795275590552
11
4.6709237401574804
21
-2.8431801574803148
0
LINE
8
BLACK
6
CONTINUOUS
10
4.6709237401574804
20
-2.8431801574803148
11
4.6683692519685041
21
-2.8414732677165353
0
LINE
8
BLACK
6
CONTINUOUS
10
4.6683692519685041
20
-2.8414732677165353
11
4.6666623622047245
21
-2.838918779527559
0
LINE
8
BLACK
6
CONTINUOUS
10
4.6666623622047245
20
-2.838918779527559
11
4.6660629921259842
21
-2.8359055118110237
0
LINE
8
BLACK
6
CONTINUOUS
10
4.6660629921259842
20
-2.8359055118110237
11
4.6660629921259842
21
-2.7759055118110236
0
LINE
8
BLACK
6
CONTINUOUS
10
4.6660629921259842
20
-2.7759055118110236
11
4.6666623622047245
21
-2.7728922440944883
0
LINE
8
BLACK
6
CONTINUOUS
10
4.6666623622047245
20
-2.7728922440944883
11
4.6683692519685041
21
-2.7703377559055116
0
LINE
8
BLACK
6
CONTINUOUS
10
4.6683692519685041
20
-2.7703377559055116
11
4.6709237401574804
21
-2.768630866141732
0
LINE
8
BLACK
6
CONTINUOUS
10
4.6709237401574804
20
-2.768630866141732
11
4.6739370078740157
21
-2.7680314960629921
0
LINE
8
BLACK
6
CONTINUOUS
10
4.6739370078740157
20
-2.7680314960629921
11
4.7339370078740153
21
-2.7680314960629921
0
LINE
8
BLACK
6
CONTINUOUS
10
4.7339370078740153
20
-2.7680314960629921
11
4.7369502755905515
21
-2.768630866141732
0
LINE
8
BLACK
6
CONTINUOUS
10
2.9186107874015748
20
-2.7487517716535432
11
2.9239585826771655
21
-2.7509668897637796
0
LINE
8
BLACK
6
CONTINUOUS
10
2.9239585826771655
20
-2.7509668897637796
11
2.9287714566929135
21
-2.7541827559055116
0
LINE
8
BLACK
6
CONTINUOUS
10
2.9287714566929135
20
-2.7541827559055116
11
2.9328644881889763
21
-2.7582757874015749
0
LINE
8
BLACK
6
CONTINUOUS
10
2.9328644881889763
20
-2.7582757874015749
11
2.9360803543307088
21
-2.7630886614173229
0
LINE
8
BLACK
6
CONTINUOUS
10
2.9360803543307088
20
-2.7630886614173229
11
2.9382954724409447
21
-2.7684364566929132
0
LINE
8
BLACK
6
CONTINUOUS
10
2.9382954724409447
20
-2.7684364566929132
11
2.9394247637795274
21
-2.774113661417323
0
LINE
8
BLACK
6
CONTINUOUS
10
2.9394247637795274
20
-2.774113661417323
11
2.9395669291338584
21
-2.777007874015748
0
LINE
8
BLACK
6
CONTINUOUS
10
2.9395669291338584
20
-2.777007874015748
11
2.9395669291338584
21
-2.7848818897637795
0
LINE
8
BLACK
6
CONTINUOUS
10
2.9395669291338584
20
-2.7848818897637795
11
2.9394247637795274
21
-2.7877761023622045
0
LINE
8
BLACK
6
CONTINUOUS
10
2.9394247637795274
20
-2.7877761023622045
11
2.9382954724409447
21
-2.7934533070866143
0
LINE
8
BLACK
6
CONTINUOUS
10
2.9382954724409447
20
-2.7934533070866143
11
2.9360803543307088
21
-2.7988011023622046
0
LINE
8
BLACK
6
CONTINUOUS
10
2.9360803543307088
20
-2.7988011023622046
11
2.9328644881889763
21
-2.8036139763779526
0
LINE
8
BLACK
6
CONTINUOUS
10
2.9328644881889763
20
-2.8036139763779526
11
2.9287714566929135
21
-2.8077070078740158
0
LINE
8
BLACK
6
CONTINUOUS
10
2.9287714566929135
20
-2.8077070078740158
11
2.9239585826771655
21
-2.8109228740157479
0
LINE
8
BLACK
6
CONTINUOUS
10
2.9239585826771655
20
-2.8109228740157479
11
2.9186107874015748
21
-2.8131379921259843
0
LINE
8
BLACK
6
CONTINUOUS
10
2.9186107874015748
20
-2.8131379921259843
11
2.9129335826771654
21
-2.814267283464567
0
LINE
8
BLACK
6
CONTINUOUS
10
2.9129335826771654
20
-2.814267283464567
11
2.9071451574803149
21
-2.814267283464567
0
LINE
8
BLACK
6
CONTINUOUS
10
2.9071451574803149
20
-2.814267283464567
11
2.9014679527559055
21
-2.8131379921259843
0
LINE
8
BLACK
6
CONTINUOUS
10
2.9014679527559055
20
-2.8131379921259843
11
2.8961201574803148
21
-2.8109228740157479
0
LINE
8
BLACK
6
CONTINUOUS
10
2.8961201574803148
20
-2.8109228740157479
11
2.8913072834645668
21
-2.8077070078740158
0
LINE
8
BLACK
6
CONTINUOUS
10
2.8913072834645668
20
-2.8077070078740158
11
2.887214251968504
21
-2.8036139763779526
0
LINE
8
BLACK
6
CONTINUOUS
10
2.887214251968504
20
-2.8036139763779526
11
2.8839983858267715
21
-2.7988011023622046
0
LINE
8
BLACK
6
CONTINUOUS
10
2.8839983858267715
20
-2.7988011023622046
11
2.8817832677165351
21
-2.7934533070866143
0
LINE
8
BLACK
6
CONTINUOUS
10
2.8817832677165351
20
-2.7934533070866143
11
2.8806539763779528
21
-2.7877761023622045
0
LINE
8
BLACK
6
CONTINUOUS
10
2.8806539763779528
20
-2.7877761023622045
11
2.8805118110236219
21
-2.7848818897637795
0
LINE
8
BLACK
6
CONTINUOUS
10
2.8805118110236219
20
-2.7848818897637795
11
2.8805118110236219
21
-2.777007874015748
0
LINE
8
BLACK
6
CONTINUOUS
10
2.8805118110236219
20
-2.777007874015748
11
2.8806539763779528
21
-2.774113661417323
0
LINE
8
BLACK
6
CONTINUOUS
10
2.8806539763779528
20
-2.774113661417323
11
2.8817832677165351
21
-2.7684364566929132
0
LINE
8
BLACK
6
CONTINUOUS
10
2.8817832677165351
20
-2.7684364566929132
11
2.8839983858267715
21
-2.7630886614173229
0
LINE
8
BLACK
6
CONTINUOUS
10
2.8839983858267715
20
-2.7630886614173229
11
2.887214251968504
21
-2.7582757874015749
0
LINE
8
BLACK
6
CONTINUOUS
10
2.887214251968504
20
-2.7582757874015749
11
2.8913072834645668
21
-2.7541827559055116
0
LINE
8
BLACK
6
CONTINUOUS
10
2.8913072834645668
20
-2.7541827559055116
11
2.8961201574803148
21
-2.7509668897637796
0
LINE
8
BLACK
6
CONTINUOUS
10
2.8961201574803148
20
-2.7509668897637796
11
2.9014679527559055
21
-2.7487517716535432
0
LINE
8
BLACK
6
CONTINUOUS
10
2.9014679527559055
20
-2.7487517716535432
11
2.9071451574803149
21
-2.7476224803149605
0
LINE
8
BLACK
6
CONTINUOUS
10
2.9071451574803149
20
-2.7476224803149605
11
2.9129335826771654
21
-2.7476224803149605
0
LINE
8
BLACK
6
CONTINUOUS
10
2.9129335826771654
20
-2.7476224803149605
11
2.9186107874015748
21
-2.7487517716535432
0
LINE
8
BLACK
6
CONTINUOUS
10
3.0686107874015747
20
-2.7487517716535432
11
3.0739585826771654
21
-2.7509668897637796
0
LINE
8
BLACK
6
CONTINUOUS
10
3.0739585826771654
20
-2.7509668897637796
11
3.0787714566929134
21
-2.7541827559055116
0
LINE
8
BLACK
6
CONTINUOUS
10
3.0787714566929134
20
-2.7541827559055116
11
3.0828644881889762
21
-2.7582757874015749
0
LINE
8
BLACK
6
CONTINUOUS
10
3.0828644881889762
20
-2.7582757874015749
11
3.0860803543307087
21
-2.7630886614173229
0
LINE
8
BLACK
6
CONTINUOUS
10
3.0860803543307087
20
-2.7630886614173229
11
3.0882954724409446
21
-2.7684364566929132
0
LINE
8
BLACK
6
CONTINUOUS
10
3.0882954724409446
20
-2.7684364566929132
11
3.0894247637795273
21
-2.774113661417323
0
LINE
8
BLACK
6
CONTINUOUS
10
3.0894247637795273
20
-2.774113661417323
11
3.0895669291338583
21
-2.777007874015748
0
LINE
8
BLACK
6
CONTINUOUS
10
3.0895669291338583
20
-2.777007874015748
11
3.0895669291338583
21
-2.7848818897637795
0
LINE
8
BLACK
6
CONTINUOUS
10
3.0895669291338583
20
-2.7848818897637795
11
3.0894247637795273
21
-2.7877761023622045
0
LINE
8
BLACK
6
CONTINUOUS
10
3.0894247637795273
20
-2.7877761023622045
11
3.0882954724409446
21
-2.7934533070866143
0
LINE
8
BLACK
6
CONTINUOUS
10
3.0882954724409446
20
-2.7934533070866143
11
3.0860803543307087
21
-2.7988011023622046
0
LINE
8
BLACK
6
CONTINUOUS
10
3.0860803543307087
20
-2.7988011023622046
11
3.0828644881889762
21
-2.8036139763779526
0
LINE
8
BLACK
6
CONTINUOUS
10
3.0828644881889762
20
-2.8036139763779526
11
3.0787714566929134
21
-2.8077070078740158
0
LINE
8
BLACK
6
CONTINUOUS
10
3.0787714566929134
20
-2.8077070078740158
11
3.0739585826771654
21
-2.8109228740157479
0
LINE
8
BLACK
6
CONTINUOUS
10
3.0739585826771654
20
-2.8109228740157479
11
3.0686107874015747
21
-2.8131379921259843
0
LINE
8
BLACK
6
CONTINUOUS
10
3.0686107874015747
20
-2.8131379921259843
11
3.0629335826771653
21
-2.814267283464567
0
LINE
8
BLACK
6
CONTINUOUS
10
3.0629335826771653
20
-2.814267283464567
11
3.0571451574803148
21
-2.814267283464567
0
LINE
8
BLACK
6
CONTINUOUS
10
3.0571451574803148
20
-2.814267283464567
11
3.0514679527559054
21
-2.8131379921259843
0
LINE
8
BLACK
6
CONTINUOUS
10
3.0514679527559054
20
-2.8131379921259843
11
3.0461201574803147
21
-2.8109228740157479
0
LINE
8
BLACK
6
CONTINUOUS
10
3.0461201574803147
20
-2.8109228740157479
11
3.0413072834645667
21
-2.8077070078740158
0
LINE
8
BLACK
6
CONTINUOUS
10
3.0413072834645667
20
-2.8077070078740158
11
3.0372142519685039
21
-2.8036139763779526
0
LINE
8
BLACK
6
CONTINUOUS
10
3.0372142519685039
20
-2.8036139763779526
11
3.0339983858267714
21
-2.7988011023622046
0
LINE
8
BLACK
6
CONTINUOUS
10
3.0339983858267714
20
-2.7988011023622046
11
3.0317832677165355
21
-2.7934533070866143
0
LINE
8
BLACK
6
CONTINUOUS
10
3.0317832677165355
20
-2.7934533070866143
11
3.0306539763779528
21
-2.7877761023622045
0
LINE
8
BLACK
6
CONTINUOUS
10
3.0306539763779528
20
-2.7877761023622045
11
3.0305118110236218
21
-2.7848818897637795
0
LINE
8
BLACK
6
CONTINUOUS
10
3.0305118110236218
20
-2.7848818897637795
11
3.0305118110236218
21
-2.777007874015748
0
LINE
8
BLACK
6
CONTINUOUS
10
3.0305118110236218
20
-2.777007874015748
11
3.0306539763779528
21
-2.774113661417323
0
LINE
8
BLACK
6
CONTINUOUS
10
3.0306539763779528
20
-2.774113661417323
11
3.0317832677165355
21
-2.7684364566929132
0
LINE
8
BLACK
6
CONTINUOUS
10
3.0317832677165355
20
-2.7684364566929132
11
3.0339983858267714
21
-2.7630886614173229
0
LINE
8
BLACK
6
CONTINUOUS
10
3.0339983858267714
20
-2.7630886614173229
11
3.0372142519685039
21
-2.7582757874015749
0
LINE
8
BLACK
6
CONTINUOUS
10
3.0372142519685039
20
-2.7582757874015749
11
3.0413072834645667
21
-2.7541827559055116
0
LINE
8
BLACK
6
CONTINUOUS
10
3.0413072834645667
20
-2.7541827559055116
11
3.0461201574803147
21
-2.7509668897637796
0
LINE
8
BLACK
6
CONTINUOUS
10
3.0461201574803147
20
-2.7509668897637796
11
3.0514679527559054
21
-2.7487517716535432
0
LINE
8
BLACK
6
CONTINUOUS
10
3.0514679527559054
20
-2.7487517716535432
11
3.0571451574803148
21
-2.7476224803149605
0
LINE
8
BLACK
6
CONTINUOUS
10
3.0571451574803148
20
-2.7476224803149605
11
3.0629335826771653
21
-2.7476224803149605
0
LINE
8
BLACK
6
CONTINUOUS
10
3.0629335826771653
20
-2.7476224803149605
11
3.0686107874015747
21
-2.7487517716535432
0
LINE
8
BLACK
6
CONTINUOUS
10
3.2186107874015746
20
-2.7487517716535432
11
3.2239585826771653
21
-2.7509668897637796
0
LINE
8
BLACK
6
CONTINUOUS
10
3.2239585826771653
20
-2.7509668897637796
11
3.2287714566929133
21
-2.7541827559055116
0
LINE
8
BLACK
6
CONTINUOUS
10
3.2287714566929133
20
-2.7541827559055116
11
3.2328644881889761
21
-2.7582757874015749
0
LINE
8
BLACK
6
CONTINUOUS
10
3.2328644881889761
20
-2.7582757874015749
11
3.2360803543307086
21
-2.7630886614173229
0
LINE
8
BLACK
6
CONTINUOUS
10
3.2360803543307086
20
-2.7630886614173229
11
3.238295472440945
21
-2.7684364566929132
0
LINE
8
BLACK
6
CONTINUOUS
10
3.238295472440945
20
-2.7684364566929132
11
3.2394247637795277
21
-2.774113661417323
0
LINE
8
BLACK
6
CONTINUOUS
10
3.2394247637795277
20
-2.774113661417323
11
3.2395669291338582
21
-2.777007874015748
0
LINE
8
BLACK
6
CONTINUOUS
10
3.2395669291338582
20
-2.777007874015748
11
3.2395669291338582
21
-2.7848818897637795
0
LINE
8
BLACK
6
CONTINUOUS
10
3.2395669291338582
20
-2.7848818897637795
11
3.2394247637795277
21
-2.7877761023622045
0
LINE
8
BLACK
6
CONTINUOUS
10
3.2394247637795277
20
-2.7877761023622045
11
3.238295472440945
21
-2.7934533070866143
0
LINE
8
BLACK
6
CONTINUOUS
10
3.238295472440945
20
-2.7934533070866143
11
3.2360803543307086
21
-2.7988011023622046
0
LINE
8
BLACK
6
CONTINUOUS
10
3.2360803543307086
20
-2.7988011023622046
11
3.2328644881889761
21
-2.8036139763779526
0
LINE
8
BLACK
6
CONTINUOUS
10
3.2328644881889761
20
-2.8036139763779526
11
3.2287714566929133
21
-2.8077070078740158
0
LINE
8
BLACK
6
CONTINUOUS
10
3.2287714566929133
20
-2.8077070078740158
11
3.2239585826771653
21
-2.8109228740157479
0
LINE
8
BLACK
6
CONTINUOUS
10
3.2239585826771653
20
-2.8109228740157479
11
3.2186107874015746
21
-2.8131379921259843
0
LINE
8
BLACK
6
CONTINUOUS
10
3.2186107874015746
20
-2.8131379921259843
11
3.2129335826771652
21
-2.814267283464567
0
LINE
8
BLACK
6
CONTINUOUS
10
3.2129335826771652
20
-2.814267283464567
11
3.2071451574803147
21
-2.814267283464567
0
LINE
8
BLACK
6
CONTINUOUS
10
3.2071451574803147
20
-2.814267283464567
11
3.2014679527559053
21
-2.8131379921259843
0
LINE
8
BLACK
6
CONTINUOUS
10
3.2014679527559053
20
-2.8131379921259843
11
3.1961201574803151
21
-2.8109228740157479
0
LINE
8
BLACK
6
CONTINUOUS
10
3.1961201574803151
20
-2.8109228740157479
11
3.191307283464567
21
-2.8077070078740158
0
LINE
8
BLACK
6
CONTINUOUS
10
3.191307283464567
20
-2.8077070078740158
11
3.1872142519685038
21
-2.8036139763779526
0
LINE
8
BLACK
6
CONTINUOUS
10
3.1872142519685038
20
-2.8036139763779526
11
3.1839983858267717
21
-2.7988011023622046
0
LINE
8
BLACK
6
CONTINUOUS
10
3.1839983858267717
20
-2.7988011023622046
11
3.1817832677165354
21
-2.7934533070866143
0
LINE
8
BLACK
6
CONTINUOUS
10
3.1817832677165354
20
-2.7934533070866143
11
3.1806539763779527
21
-2.7877761023622045
0
LINE
8
BLACK
6
CONTINUOUS
10
3.1806539763779527
20
-2.7877761023622045
11
3.1805118110236221
21
-2.7848818897637795
0
LINE
8
BLACK
6
CONTINUOUS
10
3.1805118110236221
20
-2.7848818897637795
11
3.1805118110236221
21
-2.777007874015748
0
LINE
8
BLACK
6
CONTINUOUS
10
3.1805118110236221
20
-2.777007874015748
11
3.1806539763779527
21
-2.774113661417323
0
LINE
8
BLACK
6
CONTINUOUS
10
3.1806539763779527
20
-2.774113661417323
11
3.1817832677165354
21
-2.7684364566929132
0
LINE
8
BLACK
6
CONTINUOUS
10
3.1817832677165354
20
-2.7684364566929132
11
3.1839983858267717
21
-2.7630886614173229
0
LINE
8
BLACK
6
CONTINUOUS
10
3.1839983858267717
20
-2.7630886614173229
11
3.1872142519685038
21
-2.7582757874015749
0
LINE
8
BLACK
6
CONTINUOUS
10
3.1872142519685038
20
-2.7582757874015749
11
3.191307283464567
21
-2.7541827559055116
0
LINE
8
BLACK
6
CONTINUOUS
10
3.191307283464567
20
-2.7541827559055116
11
3.1961201574803151
21
-2.7509668897637796
0
LINE
8
BLACK
6
CONTINUOUS
10
3.1961201574803151
20
-2.7509668897637796
11
3.2014679527559053
21
-2.7487517716535432
0
LINE
8
BLACK
6
CONTINUOUS
10
3.2014679527559053
20
-2.7487517716535432
11
3.2071451574803147
21
-2.7476224803149605
0
LINE
8
BLACK
6
CONTINUOUS
10
3.2071451574803147
20
-2.7476224803149605
11
3.2129335826771652
21
-2.7476224803149605
0
LINE
8
BLACK
6
CONTINUOUS
10
3.2129335826771652
20
-2.7476224803149605
11
3.2186107874015746
21
-2.7487517716535432
0
LINE
8
BLACK
6
CONTINUOUS
10
4.3400130708661413
20
-2.7402677559055117
11
4.3446775196850389
21
-2.7426444094488187
0
LINE
8
BLACK
6
CONTINUOUS
10
4.3446775196850389
20
-2.7426444094488187
11
4.3483792125984255
21
-2.7463461023622044
0
LINE
8
BLACK
6
CONTINUOUS
10
4.3483792125984255
20
-2.7463461023622044
11
4.350755866141732
21
-2.7510105511811025
0
LINE
8
BLACK
6
CONTINUOUS
10
4.350755866141732
20
-2.7510105511811025
11
4.3515748031496058
21
-2.7561811023622047
0
LINE
8
BLACK
6
CONTINUOUS
10
4.3515748031496058
20
-2.7561811023622047
11
4.3515748031496058
21
-2.7738976377952755
0
LINE
8
BLACK
6
CONTINUOUS
10
4.3515748031496058
20
-2.7738976377952755
11
4.350755866141732
21
-2.7790681889763778
0
LINE
8
BLACK
6
CONTINUOUS
10
4.350755866141732
20
-2.7790681889763778
11
4.3483792125984255
21
-2.7837326377952754
0
LINE
8
BLACK
6
CONTINUOUS
10
4.3483792125984255
20
-2.7837326377952754
11
4.3446775196850389
21
-2.7874343307086615
0
LINE
8
BLACK
6
CONTINUOUS
10
4.3446775196850389
20
-2.7874343307086615
11
4.3400130708661413
21
-2.7898109842519685
0
LINE
8
BLACK
6
CONTINUOUS
10
4.3400130708661413
20
-2.7898109842519685
11
4.3348425196850391
21
-2.7906299212598427
0
LINE
8
BLACK
6
CONTINUOUS
10
4.3348425196850391
20
-2.7906299212598427
11
4.3151574803149604
21
-2.7906299212598427
0
LINE
8
BLACK
6
CONTINUOUS
10
4.3151574803149604
20
-2.7906299212598427
11
4.3099869291338582
21
-2.7898109842519685
0
LINE
8
BLACK
6
CONTINUOUS
10
4.3099869291338582
20
-2.7898109842519685
11
4.3053224803149606
21
-2.7874343307086615
0
LINE
8
BLACK
6
CONTINUOUS
10
4.3053224803149606
20
-2.7874343307086615
11
4.3016207874015748
21
-2.7837326377952754
0
LINE
8
BLACK
6
CONTINUOUS
10
4.3016207874015748
20
-2.7837326377952754
11
4.2992441338582674
21
-2.7790681889763778
0
LINE
8
BLACK
6
CONTINUOUS
10
4.2992441338582674
20
-2.7790681889763778
11
4.2984251968503937
21
-2.7738976377952755
0
LINE
8
BLACK
6
CONTINUOUS
10
4.2984251968503937
20
-2.7738976377952755
11
4.2984251968503937
21
-2.7561811023622047
0
LINE
8
BLACK
6
CONTINUOUS
10
4.2984251968503937
20
-2.7561811023622047
11
4.2992441338582674
21
-2.7510105511811025
0
LINE
8
BLACK
6
CONTINUOUS
10
4.2992441338582674
20
-2.7510105511811025
11
4.3016207874015748
21
-2.7463461023622044
0
LINE
8
BLACK
6
CONTINUOUS
10
4.3016207874015748
20
-2.7463461023622044
11
4.3053224803149606
21
-2.7426444094488187
0
LINE
8
BLACK
6
CONTINUOUS
10
4.3053224803149606
20
-2.7426444094488187
11
4.3099869291338582
21
-2.7402677559055117
0
LINE
8
BLACK
6
CONTINUOUS
10
4.3099869291338582
20
-2.7402677559055117
11
4.3151574803149604
21
-2.7394488188976376
0
LINE
8
BLACK
6
CONTINUOUS
10
4.3151574803149604
20
-2.7394488188976376
11
4.3348425196850391
21
-2.7394488188976376
0
LINE
8
BLACK
6
CONTINUOUS
10
4.3348425196850391
20
-2.7394488188976376
11
4.3400130708661413
21
-2.7402677559055117
0
LINE
8
BLACK
6
CONTINUOUS
10
4.498446338582677
20
-2.6547725984251969
11
4.5010008267716533
21
-2.6564794881889764
0
LINE
8
BLACK
6
CONTINUOUS
10
4.5010008267716533
20
-2.6564794881889764
11
4.5027077165354328
21
-2.6590339763779527
0
LINE
8
BLACK
6
CONTINUOUS
10
4.5027077165354328
20
-2.6590339763779527
11
4.5033070866141731
21
-2.662047244094488
0
LINE
8
BLACK
6
CONTINUOUS
10
4.5033070866141731
20
-2.662047244094488
11
4.5033070866141731
21
-2.760472440944882
0
LINE
8
BLACK
6
CONTINUOUS
10
4.5033070866141731
20
-2.760472440944882
11
4.5027077165354328
21
-2.7634857086614173
0
LINE
8
BLACK
6
CONTINUOUS
10
4.5027077165354328
20
-2.7634857086614173
11
4.5010008267716533
21
-2.7660401968503936
0
LINE
8
BLACK
6
CONTINUOUS
10
4.5010008267716533
20
-2.7660401968503936
11
4.498446338582677
21
-2.7677470866141731
0
LINE
8
BLACK
6
CONTINUOUS
10
4.498446338582677
20
-2.7677470866141731
11
4.4954330708661416
21
-2.7683464566929135
0
LINE
8
BLACK
6
CONTINUOUS
10
4.4954330708661416
20
-2.7683464566929135
11
4.4245669291338583
21
-2.7683464566929135
0
LINE
8
BLACK
6
CONTINUOUS
10
4.4245669291338583
20
-2.7683464566929135
11
4.421553661417323
21
-2.7677470866141731
0
LINE
8
BLACK
6
CONTINUOUS
10
4.421553661417323
20
-2.7677470866141731
11
4.4189991732283467
21
-2.7660401968503936
0
LINE
8
BLACK
6
CONTINUOUS
10
4.4189991732283467
20
-2.7660401968503936
11
4.4172922834645671
21
-2.7634857086614173
0
LINE
8
BLACK
6
CONTINUOUS
10
4.4172922834645671
20
-2.7634857086614173
11
4.4166929133858268
21
-2.760472440944882
0
LINE
8
BLACK
6
CONTINUOUS
10
4.4166929133858268
20
-2.760472440944882
11
4.4166929133858268
21
-2.662047244094488
0
LINE
8
BLACK
6
CONTINUOUS
10
4.4166929133858268
20
-2.662047244094488
11
4.4172922834645671
21
-2.6590339763779527
0
LINE
8
BLACK
6
CONTINUOUS
10
4.4172922834645671
20
-2.6590339763779527
11
4.4189991732283467
21
-2.6564794881889764
0
LINE
8
BLACK
6
CONTINUOUS
10
4.4189991732283467
20
-2.6564794881889764
11
4.421553661417323
21
-2.6547725984251969
0
LINE
8
BLACK
6
CONTINUOUS
10
4.421553661417323
20
-2.6547725984251969
11
4.4245669291338583
21
-2.6541732283464565
0
LINE
8
BLACK
6
CONTINUOUS
10
4.4245669291338583
20
-2.6541732283464565
11
4.4954330708661416
21
-2.6541732283464565
0
LINE
8
BLACK
6
CONTINUOUS
10
4.4954330708661416
20
-2.6541732283464565
11
4.498446338582677
21
-2.6547725984251969
0
LINE
8
BLACK
6
CONTINUOUS
10
4.636950275590551
20
-2.6686308661417324
11
4.6395047637795273
21
-2.6703377559055119
0
LINE
8
BLACK
6
CONTINUOUS
10
4.6395047637795273
20
-2.6703377559055119
11
4.6412116535433068
21
-2.6728922440944882
0
LINE
8
BLACK
6
CONTINUOUS
10
4.6412116535433068
20
-2.6728922440944882
11
4.6418110236220471
21
-2.6759055118110235
0
LINE
8
BLACK
6
CONTINUOUS
10
4.6418110236220471
20
-2.6759055118110235
11
4.6418110236220471
21
-2.7359055118110236
0
LINE
8
BLACK
6
CONTINUOUS
10
4.6418110236220471
20
-2.7359055118110236
11
4.6412116535433068
21
-2.7389187795275589
0
LINE
8
BLACK
6
CONTINUOUS
10
4.6412116535433068
20
-2.7389187795275589
11
4.6395047637795273
21
-2.7414732677165352
0
LINE
8
BLACK
6
CONTINUOUS
10
4.6395047637795273
20
-2.7414732677165352
11
4.636950275590551
21
-2.7431801574803147
0
LINE
8
BLACK
6
CONTINUOUS
10
4.636950275590551
20
-2.7431801574803147
11
4.6339370078740156
21
-2.7437795275590551
0
LINE
8
BLACK
6
CONTINUOUS
10
4.6339370078740156
20
-2.7437795275590551
11
4.573937007874016
21
-2.7437795275590551
0
LINE
8
BLACK
6
CONTINUOUS
10
4.573937007874016
20
-2.7437795275590551
11
4.5709237401574798
21
-2.7431801574803147
0
LINE
8
BLACK
6
CONTINUOUS
10
4.5709237401574798
20
-2.7431801574803147
11
4.5683692519685035
21
-2.7414732677165352
0
LINE
8
BLACK
6
CONTINUOUS
10
4.5683692519685035
20
-2.7414732677165352
11
4.566662362204724
21
-2.7389187795275589
0
LINE
8
BLACK
6
CONTINUOUS
10
4.566662362204724
20
-2.7389187795275589
11
4.5660629921259845
21
-2.7359055118110236
0
LINE
8
BLACK
6
CONTINUOUS
10
4.5660629921259845
20
-2.7359055118110236
11
4.5660629921259845
21
-2.6759055118110235
0
LINE
8
BLACK
6
CONTINUOUS
10
4.5660629921259845
20
-2.6759055118110235
11
4.566662362204724
21
-2.6728922440944882
0
LINE
8
BLACK
6
CONTINUOUS
10
4.566662362204724
20
-2.6728922440944882
11
4.5683692519685035
21
-2.6703377559055119
0
LINE
8
BLACK
6
CONTINUOUS
10
4.5683692519685035
20
-2.6703377559055119
11
4.5709237401574798
21
-2.6686308661417324
0
LINE
8
BLACK
6
CONTINUOUS
10
4.5709237401574798
20
-2.6686308661417324
11
4.573937007874016
21
-2.6680314960629921
0
LINE
8
BLACK
6
CONTINUOUS
10
4.573937007874016
20
-2.6680314960629921
11
4.6339370078740156
21
-2.6680314960629921
0
LINE
8
BLACK
6
CONTINUOUS
10
4.6339370078740156
20
-2.6680314960629921
11
4.636950275590551
21
-2.6686308661417324
0
LINE
8
BLACK
6
CONTINUOUS
10
4.7369502755905515
20
-2.6686308661417324
11
4.7395047637795278
21
-2.6703377559055119
0
LINE
8
BLACK
6
CONTINUOUS
10
4.7395047637795278
20
-2.6703377559055119
11
4.7412116535433073
21
-2.6728922440944882
0
LINE
8
BLACK
6
CONTINUOUS
10
4.7412116535433073
20
-2.6728922440944882
11
4.7418110236220468
21
-2.6759055118110235
0
LINE
8
BLACK
6
CONTINUOUS
10
4.7418110236220468
20
-2.6759055118110235
11
4.7418110236220468
21
-2.7359055118110236
0
LINE
8
BLACK
6
CONTINUOUS
10
4.7418110236220468
20
-2.7359055118110236
11
4.7412116535433073
21
-2.7389187795275589
0
LINE
8
BLACK
6
CONTINUOUS
10
4.7412116535433073
20
-2.7389187795275589
11
4.7395047637795278
21
-2.7414732677165352
0
LINE
8
BLACK
6
CONTINUOUS
10
4.7395047637795278
20
-2.7414732677165352
11
4.7369502755905515
21
-2.7431801574803147
0
LINE
8
BLACK
6
CONTINUOUS
10
4.7369502755905515
20
-2.7431801574803147
11
4.7339370078740153
21
-2.7437795275590551
0
LINE
8
BLACK
6
CONTINUOUS
10
4.7339370078740153
20
-2.7437795275590551
11
4.6739370078740157
21
-2.7437795275590551
0
LINE
8
BLACK
6
CONTINUOUS
10
4.6739370078740157
20
-2.7437795275590551
11
4.6709237401574804
21
-2.7431801574803147
0
LINE
8
BLACK
6
CONTINUOUS
10
4.6709237401574804
20
-2.7431801574803147
11
4.6683692519685041
21
-2.7414732677165352
0
LINE
8
BLACK
6
CONTINUOUS
10
4.6683692519685041
20
-2.7414732677165352
11
4.6666623622047245
21
-2.7389187795275589
0
LINE
8
BLACK
6
CONTINUOUS
10
4.6666623622047245
20
-2.7389187795275589
11
4.6660629921259842
21
-2.7359055118110236
0
LINE
8
BLACK
6
CONTINUOUS
10
4.6660629921259842
20
-2.7359055118110236
11
4.6660629921259842
21
-2.6759055118110235
0
LINE
8
BLACK
6
CONTINUOUS
10
4.6660629921259842
20
-2.6759055118110235
11
4.6666623622047245
21
-2.6728922440944882
0
LINE
8
BLACK
6
CONTINUOUS
10
4.6666623622047245
20
-2.6728922440944882
11
4.6683692519685041
21
-2.6703377559055119
0
LINE
8
BLACK
6
CONTINUOUS
10
4.6683692519685041
20
-2.6703377559055119
11
4.6709237401574804
21
-2.6686308661417324
0
LINE
8
BLACK
6
CONTINUOUS
10
4.6709237401574804
20
-2.6686308661417324
11
4.6739370078740157
21
-2.6680314960629921
0
LINE
8
BLACK
6
CONTINUOUS
10
4.6739370078740157
20
-2.6680314960629921
11
4.7339370078740153
21
-2.6680314960629921
0
LINE
8
BLACK
6
CONTINUOUS
10
4.7339370078740153
20
-2.6680314960629921
11
4.7369502755905515
21
-2.6686308661417324
0
LINE
8
BLACK
6
CONTINUOUS
10
4.3400130708661413
20
-2.6792441338582678
11
4.3446775196850389
21
-2.6816207874015747
0
LINE
8
BLACK
6
CONTINUOUS
10
4.3446775196850389
20
-2.6816207874015747
11
4.3483792125984255
21
-2.6853224803149605
0
LINE
8
BLACK
6
CONTINUOUS
10
4.3483792125984255
20
-2.6853224803149605
11
4.350755866141732
21
-2.6899869291338581
0
LINE
8
BLACK
6
CONTINUOUS
10
4.350755866141732
20
-2.6899869291338581
11
4.3515748031496058
21
-2.6951574803149607
0
LINE
8
BLACK
6
CONTINUOUS
10
4.3515748031496058
20
-2.6951574803149607
11
4.3515748031496058
21
-2.7128740157480316
0
LINE
8
BLACK
6
CONTINUOUS
10
4.3515748031496058
20
-2.7128740157480316
11
4.350755866141732
21
-2.7180445669291338
0
LINE
8
BLACK
6
CONTINUOUS
10
4.350755866141732
20
-2.7180445669291338
11
4.3483792125984255
21
-2.7227090157480314
0
LINE
8
BLACK
6
CONTINUOUS
10
4.3483792125984255
20
-2.7227090157480314
11
4.3446775196850389
21
-2.7264107086614171
0
LINE
8
BLACK
6
CONTINUOUS
10
4.3446775196850389
20
-2.7264107086614171
11
4.3400130708661413
21
-2.7287873622047245
0
LINE
8
BLACK
6
CONTINUOUS
10
4.3400130708661413
20
-2.7287873622047245
11
4.3348425196850391
21
-2.7296062992125982
0
LINE
8
BLACK
6
CONTINUOUS
10
4.3348425196850391
20
-2.7296062992125982
11
4.3151574803149604
21
-2.7296062992125982
0
LINE
8
BLACK
6
CONTINUOUS
10
4.3151574803149604
20
-2.7296062992125982
11
4.3099869291338582
21
-2.7287873622047245
0
LINE
8
BLACK
6
CONTINUOUS
10
4.3099869291338582
20
-2.7287873622047245
11
4.3053224803149606
21
-2.7264107086614171
0
LINE
8
BLACK
6
CONTINUOUS
10
4.3053224803149606
20
-2.7264107086614171
11
4.3016207874015748
21
-2.7227090157480314
0
LINE
8
BLACK
6
CONTINUOUS
10
4.3016207874015748
20
-2.7227090157480314
11
4.2992441338582674
21
-2.7180445669291338
0
LINE
8
BLACK
6
CONTINUOUS
10
4.2992441338582674
20
-2.7180445669291338
11
4.2984251968503937
21
-2.7128740157480316
0
LINE
8
BLACK
6
CONTINUOUS
10
4.2984251968503937
20
-2.7128740157480316
11
4.2984251968503937
21
-2.6951574803149607
0
LINE
8
BLACK
6
CONTINUOUS
10
4.2984251968503937
20
-2.6951574803149607
11
4.2992441338582674
21
-2.6899869291338581
0
LINE
8
BLACK
6
CONTINUOUS
10
4.2992441338582674
20
-2.6899869291338581
11
4.3016207874015748
21
-2.6853224803149605
0
LINE
8
BLACK
6
CONTINUOUS
10
4.3016207874015748
20
-2.6853224803149605
11
4.3053224803149606
21
-2.6816207874015747
0
LINE
8
BLACK
6
CONTINUOUS
10
4.3053224803149606
20
-2.6816207874015747
11
4.3099869291338582
21
-2.6792441338582678
0
LINE
8
BLACK
6
CONTINUOUS
10
4.3099869291338582
20
-2.6792441338582678
11
4.3151574803149604
21
-2.6784251968503936
0
LINE
8
BLACK
6
CONTINUOUS
10
4.3151574803149604
20
-2.6784251968503936
11
4.3348425196850391
21
-2.6784251968503936
0
LINE
8
BLACK
6
CONTINUOUS
10
4.3348425196850391
20
-2.6784251968503936
11
4.3400130708661413
21
-2.6792441338582678
  0
ENDSEC
  0
EOF
