  0
SECTION
  2
HEADER
  9
$ANGBASE
  50
0.0
  9
$ANGDIR
  70
1
  9
$MEASUREMENT
  70
0
  0
ENDSEC
  0
SECTION
  2
TABLES
  0
TABLE
  2
LTYPE
  70
4
  0
LTYPE
  5
40F
  2
CONTINUOUS
  70
0
  3
Solid line
  72
65
  73
0
  40
0.0
  0
LTYPE
  5
410
  2
DASHDOT
 70
0
  3
Dash Dot ____ _ ____ _
 72
65
 73
4
 40
2.0
 49
1.25
 49
-0.25
 49
0.25
 49
-0.25
  0
LTYPE
  5
411
  2
DASHED
 70
0
  3
Dashed __ __ __ __ __
 72
65
 73
2
 40
0.75
 49
0.5
 49
-0.25
  0
LTYPE
  5
43B
  2
DOTTED
 70
0
  3
Dotted .  .  .  .
 72
65
 73
2
 40
0.2
 49
0.0
 49
-0.2
  0
ENDTAB
  0
TABLE
  2
STYLE
  70
4
  0
STYLE
  2
KICAD
  70
0
  40
0
  41
1
  42
1
  50
0
  71
0
  3
isocp.shx
  0
STYLE
  2
KICADB
  70
0
  40
0
  41
1
  42
1
  50
0
  71
0
  3
isocp.shx
  0
STYLE
  2
KICADI
  70
0
  40
0
  41
1
  42
1
  50
15
  71
0
  3
isocp.shx
  0
STYLE
  2
KICADBI
  70
0
  40
0
  41
1
  42
1
  50
15
  71
0
  3
isocp.shx
  0
ENDTAB
  0
TABLE
  2
LAYER
  70
1
  0
LAYER
  2
BLACK
  70
0
  62
7
  6
CONTINUOUS
  0
ENDTAB
  0
ENDSEC
  0
SECTION
  2
ENTITIES
0
LINE
8
BLACK
6
CONTINUOUS
10
5.0973019685039365
20
-1.9012429527559054
11
5.0983762992125987
21
-1.9016742913385827
0
LINE
8
BLACK
6
CONTINUOUS
10
5.0983762992125987
20
-1.9016742913385827
11
5.1340944881889765
21
-1.9202679921259842
0
LINE
8
BLACK
6
CONTINUOUS
10
5.1340944881889765
20
-1.9202679921259842
11
5.1340944881889765
21
-1.9069125984251969
0
LINE
8
BLACK
6
CONTINUOUS
10
5.1340944881889765
20
-1.9069125984251969
11
5.1342079527559052
21
-1.9057604724409449
0
LINE
8
BLACK
6
CONTINUOUS
10
5.1342079527559052
20
-1.9057604724409449
11
5.1350897637795274
21
-1.9036316535433071
0
LINE
8
BLACK
6
CONTINUOUS
10
5.1350897637795274
20
-1.9036316535433071
11
5.1367190551181103
21
-1.9020023622047244
0
LINE
8
BLACK
6
CONTINUOUS
10
5.1367190551181103
20
-1.9020023622047244
11
5.1388478740157479
21
-1.9011205511811022
0
LINE
8
BLACK
6
CONTINUOUS
10
5.1388478740157479
20
-1.9011205511811022
11
5.1411521259842514
21
-1.9011205511811022
0
LINE
8
BLACK
6
CONTINUOUS
10
5.1411521259842514
20
-1.9011205511811022
11
5.1432809448818899
21
-1.9020023622047244
0
LINE
8
BLACK
6
CONTINUOUS
10
5.1432809448818899
20
-1.9020023622047244
11
5.1449102362204719
21
-1.9036316535433071
0
LINE
8
BLACK
6
CONTINUOUS
10
5.1449102362204719
20
-1.9036316535433071
11
5.1457920472440941
21
-1.9057604724409449
0
LINE
8
BLACK
6
CONTINUOUS
10
5.1457920472440941
20
-1.9057604724409449
11
5.1459055118110237
21
-1.9069125984251969
0
LINE
8
BLACK
6
CONTINUOUS
10
5.1459055118110237
20
-1.9069125984251969
11
5.1459055118110237
21
-2.6040944881889763
0
LINE
8
BLACK
6
CONTINUOUS
10
5.1459055118110237
20
-2.6040944881889763
11
5.8930874015748032
21
-2.6040944881889763
0
LINE
8
BLACK
6
CONTINUOUS
10
5.8930874015748032
20
-2.6040944881889763
11
5.8942395275590549
21
-2.6042079527559054
0
LINE
8
BLACK
6
CONTINUOUS
10
5.8942395275590549
20
-2.6042079527559054
11
5.8963683464566925
21
-2.6050897637795276
0
LINE
8
BLACK
6
CONTINUOUS
10
5.8963683464566925
20
-2.6050897637795276
11
5.8979976377952754
21
-2.6067190551181101
0
LINE
8
BLACK
6
CONTINUOUS
10
5.8979976377952754
20
-2.6067190551181101
11
5.8988794488188976
21
-2.6088478740157481
0
LINE
8
BLACK
6
CONTINUOUS
10
5.8988794488188976
20
-2.6088478740157481
11
5.8988794488188976
21
-2.6111521259842521
0
LINE
8
BLACK
6
CONTINUOUS
10
5.8988794488188976
20
-2.6111521259842521
11
5.8979976377952754
21
-2.6132809448818897
0
LINE
8
BLACK
6
CONTINUOUS
10
5.8979976377952754
20
-2.6132809448818897
11
5.8963683464566925
21
-2.6149102362204726
0
LINE
8
BLACK
6
CONTINUOUS
10
5.8963683464566925
20
-2.6149102362204726
11
5.8942395275590549
21
-2.6157920472440943
0
LINE
8
BLACK
6
CONTINUOUS
10
5.8942395275590549
20
-2.6157920472440943
11
5.8930874015748032
21
-2.6159055118110235
0
LINE
8
BLACK
6
CONTINUOUS
10
5.8930874015748032
20
-2.6159055118110235
11
5.8797320078740158
21
-2.6159055118110235
0
LINE
8
BLACK
6
CONTINUOUS
10
5.8797320078740158
20
-2.6159055118110235
11
5.8983256692913386
21
-2.651623661417323
0
LINE
8
BLACK
6
CONTINUOUS
10
5.8983256692913386
20
-2.651623661417323
11
5.8987570472440947
21
-2.6526980314960631
0
LINE
8
BLACK
6
CONTINUOUS
10
5.8987570472440947
20
-2.6526980314960631
11
5.8989578346456693
21
-2.6549934645669291
0
LINE
8
BLACK
6
CONTINUOUS
10
5.8989578346456693
20
-2.6549934645669291
11
5.8982649606299216
21
-2.6571909842519683
0
LINE
8
BLACK
6
CONTINUOUS
10
5.8982649606299216
20
-2.6571909842519683
11
5.8967838582677166
21
-2.6589561417322836
0
LINE
8
BLACK
6
CONTINUOUS
10
5.8967838582677166
20
-2.6589561417322836
11
5.8947399606299209
21
-2.6600201574803148
0
LINE
8
BLACK
6
CONTINUOUS
10
5.8947399606299209
20
-2.6600201574803148
11
5.8924444881889766
21
-2.6602209448818899
0
LINE
8
BLACK
6
CONTINUOUS
10
5.8924444881889766
20
-2.6602209448818899
11
5.8902469685039369
21
-2.6595280708661417
0
LINE
8
BLACK
6
CONTINUOUS
10
5.8902469685039369
20
-2.6595280708661417
11
5.8884818110236221
21
-2.6580469685039367
0
LINE
8
BLACK
6
CONTINUOUS
10
5.8884818110236221
20
-2.6580469685039367
11
5.8878491732283464
21
-2.6570774015748029
0
LINE
8
BLACK
6
CONTINUOUS
10
5.8878491732283464
20
-2.6570774015748029
11
5.8759055118110233
21
-2.6341338188976375
0
LINE
8
BLACK
6
CONTINUOUS
10
5.8759055118110233
20
-2.6341338188976375
11
5.8759055118110233
21
-5.3658661417322833
0
LINE
8
BLACK
6
CONTINUOUS
10
5.8759055118110233
20
-5.3658661417322833
11
5.8878491732283464
21
-5.3429225984251971
0
LINE
8
BLACK
6
CONTINUOUS
10
5.8878491732283464
20
-5.3429225984251971
11
5.8884818110236221
21
-5.3419530314960628
0
LINE
8
BLACK
6
CONTINUOUS
10
5.8884818110236221
20
-5.3419530314960628
11
5.8902469685039369
21
-5.3404719291338578
0
LINE
8
BLACK
6
CONTINUOUS
10
5.8902469685039369
20
-5.3404719291338578
11
5.8924444881889766
21
-5.3397790551181101
0
LINE
8
BLACK
6
CONTINUOUS
10
5.8924444881889766
20
-5.3397790551181101
11
5.8947399606299209
21
-5.3399798425196847
0
LINE
8
BLACK
6
CONTINUOUS
10
5.8947399606299209
20
-5.3399798425196847
11
5.8967838582677166
21
-5.3410438582677164
0
LINE
8
BLACK
6
CONTINUOUS
10
5.8967838582677166
20
-5.3410438582677164
11
5.8982649606299216
21
-5.3428090157480312
0
LINE
8
BLACK
6
CONTINUOUS
10
5.8982649606299216
20
-5.3428090157480312
11
5.8989578346456693
21
-5.3450065354330709
0
LINE
8
BLACK
6
CONTINUOUS
10
5.8989578346456693
20
-5.3450065354330709
11
5.8987570472440947
21
-5.3473019685039365
0
LINE
8
BLACK
6
CONTINUOUS
10
5.8987570472440947
20
-5.3473019685039365
11
5.8983256692913386
21
-5.3483763385826775
0
LINE
8
BLACK
6
CONTINUOUS
10
5.8983256692913386
20
-5.3483763385826775
11
5.8797320078740158
21
-5.3840944881889765
0
LINE
8
BLACK
6
CONTINUOUS
10
5.8797320078740158
20
-5.3840944881889765
11
5.8930874015748032
21
-5.3840944881889765
0
LINE
8
BLACK
6
CONTINUOUS
10
5.8930874015748032
20
-5.3840944881889765
11
5.8942395275590549
21
-5.3842079527559052
0
LINE
8
BLACK
6
CONTINUOUS
10
5.8942395275590549
20
-5.3842079527559052
11
5.8963683464566925
21
-5.3850897637795274
0
LINE
8
BLACK
6
CONTINUOUS
10
5.8963683464566925
20
-5.3850897637795274
11
5.8979976377952754
21
-5.3867190551181103
0
LINE
8
BLACK
6
CONTINUOUS
10
5.8979976377952754
20
-5.3867190551181103
11
5.8988794488188976
21
-5.3888478740157479
0
LINE
8
BLACK
6
CONTINUOUS
10
5.8988794488188976
20
-5.3888478740157479
11
5.8988794488188976
21
-5.3911521259842514
0
LINE
8
BLACK
6
CONTINUOUS
10
5.8988794488188976
20
-5.3911521259842514
11
5.8979976377952754
21
-5.3932809448818899
0
LINE
8
BLACK
6
CONTINUOUS
10
5.8979976377952754
20
-5.3932809448818899
11
5.8963683464566925
21
-5.3949102362204719
0
LINE
8
BLACK
6
CONTINUOUS
10
5.8963683464566925
20
-5.3949102362204719
11
5.8942395275590549
21
-5.3957920472440941
0
LINE
8
BLACK
6
CONTINUOUS
10
5.8942395275590549
20
-5.3957920472440941
11
5.8930874015748032
21
-5.3959055118110237
0
LINE
8
BLACK
6
CONTINUOUS
10
5.8930874015748032
20
-5.3959055118110237
11
5.1399999999999997
21
-5.3959055118110237
0
LINE
8
BLACK
6
CONTINUOUS
10
5.1399999999999997
20
-5.3959055118110237
11
5.1388478740157479
21
-5.3957920472440941
0
LINE
8
BLACK
6
CONTINUOUS
10
5.1388478740157479
20
-5.3957920472440941
11
5.1367190551181103
21
-5.3949102362204719
0
LINE
8
BLACK
6
CONTINUOUS
10
5.1367190551181103
20
-5.3949102362204719
11
5.1350897637795274
21
-5.3932809448818899
0
LINE
8
BLACK
6
CONTINUOUS
10
5.1350897637795274
20
-5.3932809448818899
11
5.1342079527559052
21
-5.3911521259842514
0
LINE
8
BLACK
6
CONTINUOUS
10
5.1342079527559052
20
-5.3911521259842514
11
5.1342079527559052
21
-5.3888478740157479
0
LINE
8
BLACK
6
CONTINUOUS
10
5.1342079527559052
20
-5.3888478740157479
11
5.1350897637795274
21
-5.3867190551181103
0
LINE
8
BLACK
6
CONTINUOUS
10
5.1350897637795274
20
-5.3867190551181103
11
5.1367190551181103
21
-5.3850897637795274
0
LINE
8
BLACK
6
CONTINUOUS
10
5.1367190551181103
20
-5.3850897637795274
11
5.1388478740157479
21
-5.3842079527559052
0
LINE
8
BLACK
6
CONTINUOUS
10
5.1388478740157479
20
-5.3842079527559052
11
5.1399999999999997
21
-5.3840944881889765
0
LINE
8
BLACK
6
CONTINUOUS
10
5.1399999999999997
20
-5.3840944881889765
11
5.8602679921259844
21
-5.3840944881889765
0
LINE
8
BLACK
6
CONTINUOUS
10
5.8602679921259844
20
-5.3840944881889765
11
5.8416742913385828
21
-5.3483762992125987
0
LINE
8
BLACK
6
CONTINUOUS
10
5.8416742913385828
20
-5.3483762992125987
11
5.8412429527559055
21
-5.3473019685039365
0
LINE
8
BLACK
6
CONTINUOUS
10
5.8412429527559055
20
-5.3473019685039365
11
5.841042165354331
21
-5.3450064960629922
0
LINE
8
BLACK
6
CONTINUOUS
10
5.841042165354331
20
-5.3450064960629922
11
5.8417350393700787
21
-5.3428089763779525
0
LINE
8
BLACK
6
CONTINUOUS
10
5.8417350393700787
20
-5.3428089763779525
11
5.8432161417322837
21
-5.3410438188976377
0
LINE
8
BLACK
6
CONTINUOUS
10
5.8432161417322837
20
-5.3410438188976377
11
5.8452600393700784
21
-5.3399798425196847
0
LINE
8
BLACK
6
CONTINUOUS
10
5.8452600393700784
20
-5.3399798425196847
11
5.8475555118110236
21
-5.3397790551181101
0
LINE
8
BLACK
6
CONTINUOUS
10
5.8475555118110236
20
-5.3397790551181101
11
5.8497530314960633
21
-5.3404719291338578
0
LINE
8
BLACK
6
CONTINUOUS
10
5.8497530314960633
20
-5.3404719291338578
11
5.8515181889763781
21
-5.3419530314960628
0
LINE
8
BLACK
6
CONTINUOUS
10
5.8515181889763781
20
-5.3419530314960628
11
5.8521508267716538
21
-5.3429225984251971
0
LINE
8
BLACK
6
CONTINUOUS
10
5.8521508267716538
20
-5.3429225984251971
11
5.8640944881889761
21
-5.3658661417322833
0
LINE
8
BLACK
6
CONTINUOUS
10
5.8640944881889761
20
-5.3658661417322833
11
5.8640944881889761
21
-2.6341338188976375
0
LINE
8
BLACK
6
CONTINUOUS
10
5.8640944881889761
20
-2.6341338188976375
11
5.8521508267716538
21
-2.6570774015748029
0
LINE
8
BLACK
6
CONTINUOUS
10
5.8521508267716538
20
-2.6570774015748029
11
5.8515181889763781
21
-2.6580469685039367
0
LINE
8
BLACK
6
CONTINUOUS
10
5.8515181889763781
20
-2.6580469685039367
11
5.8497530314960633
21
-2.6595280708661417
0
LINE
8
BLACK
6
CONTINUOUS
10
5.8497530314960633
20
-2.6595280708661417
11
5.8475555118110236
21
-2.6602209448818899
0
LINE
8
BLACK
6
CONTINUOUS
10
5.8475555118110236
20
-2.6602209448818899
11
5.8452600393700784
21
-2.6600201574803148
0
LINE
8
BLACK
6
CONTINUOUS
10
5.8452600393700784
20
-2.6600201574803148
11
5.8432161417322837
21
-2.6589561811023623
0
LINE
8
BLACK
6
CONTINUOUS
10
5.8432161417322837
20
-2.6589561811023623
11
5.8417350393700787
21
-2.6571910236220471
0
LINE
8
BLACK
6
CONTINUOUS
10
5.8417350393700787
20
-2.6571910236220471
11
5.841042165354331
21
-2.6549935039370078
0
LINE
8
BLACK
6
CONTINUOUS
10
5.841042165354331
20
-2.6549935039370078
11
5.8412429527559055
21
-2.6526980314960631
0
LINE
8
BLACK
6
CONTINUOUS
10
5.8412429527559055
20
-2.6526980314960631
11
5.8416742913385828
21
-2.6516237007874017
0
LINE
8
BLACK
6
CONTINUOUS
10
5.8416742913385828
20
-2.6516237007874017
11
5.8602679921259844
21
-2.6159055118110235
0
LINE
8
BLACK
6
CONTINUOUS
10
5.8602679921259844
20
-2.6159055118110235
11
5.1399999999999997
21
-2.6159055118110235
0
LINE
8
BLACK
6
CONTINUOUS
10
5.1399999999999997
20
-2.6159055118110235
11
5.1388478740157479
21
-2.6157920472440943
0
LINE
8
BLACK
6
CONTINUOUS
10
5.1388478740157479
20
-2.6157920472440943
11
5.1367190551181103
21
-2.6149102362204726
0
LINE
8
BLACK
6
CONTINUOUS
10
5.1367190551181103
20
-2.6149102362204726
11
5.1350897637795274
21
-2.6132809448818897
0
LINE
8
BLACK
6
CONTINUOUS
10
5.1350897637795274
20
-2.6132809448818897
11
5.1342079527559052
21
-2.6111521259842521
0
LINE
8
BLACK
6
CONTINUOUS
10
5.1342079527559052
20
-2.6111521259842521
11
5.1340944881889765
21
-2.6099999999999999
0
LINE
8
BLACK
6
CONTINUOUS
10
5.1340944881889765
20
-2.6099999999999999
11
5.1340944881889765
21
-1.9397319685039369
0
LINE
8
BLACK
6
CONTINUOUS
10
5.1340944881889765
20
-1.9397319685039369
11
5.0983762992125987
21
-1.9583257086614172
0
LINE
8
BLACK
6
CONTINUOUS
10
5.0983762992125987
20
-1.9583257086614172
11
5.0973019685039365
21
-1.9587570472440945
0
LINE
8
BLACK
6
CONTINUOUS
10
5.0973019685039365
20
-1.9587570472440945
11
5.0950064960629922
21
-1.9589578346456693
0
LINE
8
BLACK
6
CONTINUOUS
10
5.0950064960629922
20
-1.9589578346456693
11
5.0928089763779525
21
-1.9582649606299212
0
LINE
8
BLACK
6
CONTINUOUS
10
5.0928089763779525
20
-1.9582649606299212
11
5.0910438188976377
21
-1.9567838582677164
0
LINE
8
BLACK
6
CONTINUOUS
10
5.0910438188976377
20
-1.9567838582677164
11
5.0899798425196847
21
-1.9547399606299212
0
LINE
8
BLACK
6
CONTINUOUS
10
5.0899798425196847
20
-1.9547399606299212
11
5.0897790551181101
21
-1.9524444881889764
0
LINE
8
BLACK
6
CONTINUOUS
10
5.0897790551181101
20
-1.9524444881889764
11
5.0904719291338578
21
-1.950246968503937
0
LINE
8
BLACK
6
CONTINUOUS
10
5.0904719291338578
20
-1.950246968503937
11
5.0919530314960628
21
-1.9484818110236219
0
LINE
8
BLACK
6
CONTINUOUS
10
5.0919530314960628
20
-1.9484818110236219
11
5.0929225984251971
21
-1.9478491732283465
0
LINE
8
BLACK
6
CONTINUOUS
10
5.0929225984251971
20
-1.9478491732283465
11
5.115866181102362
21
-1.9359055118110235
0
LINE
8
BLACK
6
CONTINUOUS
10
5.115866181102362
20
-1.9359055118110235
11
2.3841338582677163
21
-1.9359055118110235
0
LINE
8
BLACK
6
CONTINUOUS
10
2.3841338582677163
20
-1.9359055118110235
11
2.4070774015748029
21
-1.9478491732283465
0
LINE
8
BLACK
6
CONTINUOUS
10
2.4070774015748029
20
-1.9478491732283465
11
2.4080469685039367
21
-1.9484818110236219
0
LINE
8
BLACK
6
CONTINUOUS
10
2.4080469685039367
20
-1.9484818110236219
11
2.4095280708661417
21
-1.950246968503937
0
LINE
8
BLACK
6
CONTINUOUS
10
2.4095280708661417
20
-1.950246968503937
11
2.4102209448818899
21
-1.9524444881889764
0
LINE
8
BLACK
6
CONTINUOUS
10
2.4102209448818899
20
-1.9524444881889764
11
2.4100201574803148
21
-1.9547399606299212
0
LINE
8
BLACK
6
CONTINUOUS
10
2.4100201574803148
20
-1.9547399606299212
11
2.4089561417322836
21
-1.9567838582677164
0
LINE
8
BLACK
6
CONTINUOUS
10
2.4089561417322836
20
-1.9567838582677164
11
2.4071909842519683
21
-1.9582649606299212
0
LINE
8
BLACK
6
CONTINUOUS
10
2.4071909842519683
20
-1.9582649606299212
11
2.4049934645669291
21
-1.9589578346456693
0
LINE
8
BLACK
6
CONTINUOUS
10
2.4049934645669291
20
-1.9589578346456693
11
2.4026980314960631
21
-1.9587570472440945
0
LINE
8
BLACK
6
CONTINUOUS
10
2.4026980314960631
20
-1.9587570472440945
11
2.401623661417323
21
-1.9583256692913384
0
LINE
8
BLACK
6
CONTINUOUS
10
2.401623661417323
20
-1.9583256692913384
11
2.3659055118110235
21
-1.9397319685039369
0
LINE
8
BLACK
6
CONTINUOUS
10
2.3659055118110235
20
-1.9397319685039369
11
2.3659055118110235
21
-2.6099999999999999
0
LINE
8
BLACK
6
CONTINUOUS
10
2.3659055118110235
20
-2.6099999999999999
11
2.3657920472440943
21
-2.6111521259842521
0
LINE
8
BLACK
6
CONTINUOUS
10
2.3657920472440943
20
-2.6111521259842521
11
2.3649102362204726
21
-2.6132809448818897
0
LINE
8
BLACK
6
CONTINUOUS
10
2.3649102362204726
20
-2.6132809448818897
11
2.3632809448818897
21
-2.6149102362204726
0
LINE
8
BLACK
6
CONTINUOUS
10
2.3632809448818897
20
-2.6149102362204726
11
2.3611521259842521
21
-2.6157920472440943
0
LINE
8
BLACK
6
CONTINUOUS
10
2.3611521259842521
20
-2.6157920472440943
11
2.3588478740157481
21
-2.6157920472440943
0
LINE
8
BLACK
6
CONTINUOUS
10
2.3588478740157481
20
-2.6157920472440943
11
2.3567190551181101
21
-2.6149102362204726
0
LINE
8
BLACK
6
CONTINUOUS
10
2.3567190551181101
20
-2.6149102362204726
11
2.3550897637795276
21
-2.6132809448818897
0
LINE
8
BLACK
6
CONTINUOUS
10
2.3550897637795276
20
-2.6132809448818897
11
2.3542079527559054
21
-2.6111521259842521
0
LINE
8
BLACK
6
CONTINUOUS
10
2.3542079527559054
20
-2.6111521259842521
11
2.3540944881889763
21
-2.6099999999999999
0
LINE
8
BLACK
6
CONTINUOUS
10
2.3540944881889763
20
-2.6099999999999999
11
2.3540944881889763
21
-1.9069125984251969
0
LINE
8
BLACK
6
CONTINUOUS
10
2.3540944881889763
20
-1.9069125984251969
11
2.3542079527559054
21
-1.9057604724409449
0
LINE
8
BLACK
6
CONTINUOUS
10
2.3542079527559054
20
-1.9057604724409449
11
2.3550897637795276
21
-1.9036316535433071
0
LINE
8
BLACK
6
CONTINUOUS
10
2.3550897637795276
20
-1.9036316535433071
11
2.3567190551181101
21
-1.9020023622047244
0
LINE
8
BLACK
6
CONTINUOUS
10
2.3567190551181101
20
-1.9020023622047244
11
2.3588478740157481
21
-1.9011205511811022
0
LINE
8
BLACK
6
CONTINUOUS
10
2.3588478740157481
20
-1.9011205511811022
11
2.3611521259842521
21
-1.9011205511811022
0
LINE
8
BLACK
6
CONTINUOUS
10
2.3611521259842521
20
-1.9011205511811022
11
2.3632809448818897
21
-1.9020023622047244
0
LINE
8
BLACK
6
CONTINUOUS
10
2.3632809448818897
20
-1.9020023622047244
11
2.3649102362204726
21
-1.9036316535433071
0
LINE
8
BLACK
6
CONTINUOUS
10
2.3649102362204726
20
-1.9036316535433071
11
2.3657920472440943
21
-1.9057604724409449
0
LINE
8
BLACK
6
CONTINUOUS
10
2.3657920472440943
20
-1.9057604724409449
11
2.3659055118110235
21
-1.9069125984251969
0
LINE
8
BLACK
6
CONTINUOUS
10
2.3659055118110235
20
-1.9069125984251969
11
2.3659055118110235
21
-1.9202679921259842
0
LINE
8
BLACK
6
CONTINUOUS
10
2.3659055118110235
20
-1.9202679921259842
11
2.401623661417323
21
-1.9016743307086614
0
LINE
8
BLACK
6
CONTINUOUS
10
2.401623661417323
20
-1.9016743307086614
11
2.4026980314960631
21
-1.9012429527559054
0
LINE
8
BLACK
6
CONTINUOUS
10
2.4026980314960631
20
-1.9012429527559054
11
2.4049934645669291
21
-1.9010421653543306
0
LINE
8
BLACK
6
CONTINUOUS
10
2.4049934645669291
20
-1.9010421653543306
11
2.4071909842519683
21
-1.9017350393700787
0
LINE
8
BLACK
6
CONTINUOUS
10
2.4071909842519683
20
-1.9017350393700787
11
2.4089561417322836
21
-1.9032161417322835
0
LINE
8
BLACK
6
CONTINUOUS
10
2.4089561417322836
20
-1.9032161417322835
11
2.4100201574803148
21
-1.9052600393700787
0
LINE
8
BLACK
6
CONTINUOUS
10
2.4100201574803148
20
-1.9052600393700787
11
2.4102209448818899
21
-1.9075555118110237
0
LINE
8
BLACK
6
CONTINUOUS
10
2.4102209448818899
20
-1.9075555118110237
11
2.4095280708661417
21
-1.9097530314960629
0
LINE
8
BLACK
6
CONTINUOUS
10
2.4095280708661417
20
-1.9097530314960629
11
2.4080469685039367
21
-1.9115181889763779
0
LINE
8
BLACK
6
CONTINUOUS
10
2.4080469685039367
20
-1.9115181889763779
11
2.4070774015748029
21
-1.9121508267716536
0
LINE
8
BLACK
6
CONTINUOUS
10
2.4070774015748029
20
-1.9121508267716536
11
2.3841338582677163
21
-1.9240944881889763
0
LINE
8
BLACK
6
CONTINUOUS
10
2.3841338582677163
20
-1.9240944881889763
11
5.115866181102362
21
-1.9240944881889763
0
LINE
8
BLACK
6
CONTINUOUS
10
5.115866181102362
20
-1.9240944881889763
11
5.0929225984251971
21
-1.9121508267716536
0
LINE
8
BLACK
6
CONTINUOUS
10
5.0929225984251971
20
-1.9121508267716536
11
5.0919530314960628
21
-1.9115181889763779
0
LINE
8
BLACK
6
CONTINUOUS
10
5.0919530314960628
20
-1.9115181889763779
11
5.0904719291338578
21
-1.9097530314960629
0
LINE
8
BLACK
6
CONTINUOUS
10
5.0904719291338578
20
-1.9097530314960629
11
5.0897790551181101
21
-1.9075555118110237
0
LINE
8
BLACK
6
CONTINUOUS
10
5.0897790551181101
20
-1.9075555118110237
11
5.0899798425196847
21
-1.9052600393700787
0
LINE
8
BLACK
6
CONTINUOUS
10
5.0899798425196847
20
-1.9052600393700787
11
5.0910438188976377
21
-1.9032161417322835
0
LINE
8
BLACK
6
CONTINUOUS
10
5.0910438188976377
20
-1.9032161417322835
11
5.0928089763779525
21
-1.9017350393700787
0
LINE
8
BLACK
6
CONTINUOUS
10
5.0928089763779525
20
-1.9017350393700787
11
5.0950064960629922
21
-1.9010421653543306
0
LINE
8
BLACK
6
CONTINUOUS
10
5.0950064960629922
20
-1.9010421653543306
11
5.0973019685039365
21
-1.9012429527559054
0
LINE
8
BLACK
6
CONTINUOUS
10
4.907301968503937
20
-2.2412429527559055
11
4.9083762992125983
21
-2.2416742913385828
0
LINE
8
BLACK
6
CONTINUOUS
10
4.9083762992125983
20
-2.2416742913385828
11
4.9440944881889761
21
-2.2602679921259843
0
LINE
8
BLACK
6
CONTINUOUS
10
4.9440944881889761
20
-2.2602679921259843
11
4.9440944881889761
21
-2.246912598425197
0
LINE
8
BLACK
6
CONTINUOUS
10
4.9440944881889761
20
-2.246912598425197
11
4.9442079527559057
21
-2.2457604724409448
0
LINE
8
BLACK
6
CONTINUOUS
10
4.9442079527559057
20
-2.2457604724409448
11
4.945089763779527
21
-2.2436316535433072
0
LINE
8
BLACK
6
CONTINUOUS
10
4.945089763779527
20
-2.2436316535433072
11
4.9467190551181099
21
-2.2420023622047243
0
LINE
8
BLACK
6
CONTINUOUS
10
4.9467190551181099
20
-2.2420023622047243
11
4.9488478740157475
21
-2.2411205511811021
0
LINE
8
BLACK
6
CONTINUOUS
10
4.9488478740157475
20
-2.2411205511811021
11
4.9511521259842519
21
-2.2411205511811021
0
LINE
8
BLACK
6
CONTINUOUS
10
4.9511521259842519
20
-2.2411205511811021
11
4.9532809448818895
21
-2.2420023622047243
0
LINE
8
BLACK
6
CONTINUOUS
10
4.9532809448818895
20
-2.2420023622047243
11
4.9549102362204724
21
-2.2436316535433072
0
LINE
8
BLACK
6
CONTINUOUS
10
4.9549102362204724
20
-2.2436316535433072
11
4.9557920472440946
21
-2.2457604724409448
0
LINE
8
BLACK
6
CONTINUOUS
10
4.9557920472440946
20
-2.2457604724409448
11
4.9559055118110233
21
-2.246912598425197
0
LINE
8
BLACK
6
CONTINUOUS
10
4.9559055118110233
20
-2.246912598425197
11
4.9559055118110233
21
-2.7940944881889762
0
LINE
8
BLACK
6
CONTINUOUS
10
4.9559055118110233
20
-2.7940944881889762
11
5.5730874015748029
21
-2.7940944881889762
0
LINE
8
BLACK
6
CONTINUOUS
10
5.5730874015748029
20
-2.7940944881889762
11
5.5742395275590546
21
-2.7942079527559054
0
LINE
8
BLACK
6
CONTINUOUS
10
5.5742395275590546
20
-2.7942079527559054
11
5.5763683464566931
21
-2.7950897637795276
0
LINE
8
BLACK
6
CONTINUOUS
10
5.5763683464566931
20
-2.7950897637795276
11
5.5779976377952751
21
-2.79671905511811
0
LINE
8
BLACK
6
CONTINUOUS
10
5.5779976377952751
20
-2.79671905511811
11
5.5788794488188973
21
-2.7988478740157481
0
LINE
8
BLACK
6
CONTINUOUS
10
5.5788794488188973
20
-2.7988478740157481
11
5.5788794488188973
21
-2.801152125984252
0
LINE
8
BLACK
6
CONTINUOUS
10
5.5788794488188973
20
-2.801152125984252
11
5.5779976377952751
21
-2.8032809448818896
0
LINE
8
BLACK
6
CONTINUOUS
10
5.5779976377952751
20
-2.8032809448818896
11
5.5763683464566931
21
-2.8049102362204725
0
LINE
8
BLACK
6
CONTINUOUS
10
5.5763683464566931
20
-2.8049102362204725
11
5.5742395275590546
21
-2.8057920472440943
0
LINE
8
BLACK
6
CONTINUOUS
10
5.5742395275590546
20
-2.8057920472440943
11
5.5730874015748029
21
-2.8059055118110234
0
LINE
8
BLACK
6
CONTINUOUS
10
5.5730874015748029
20
-2.8059055118110234
11
5.5597320078740156
21
-2.8059055118110234
0
LINE
8
BLACK
6
CONTINUOUS
10
5.5597320078740156
20
-2.8059055118110234
11
5.5783256692913383
21
-2.8416236614173229
0
LINE
8
BLACK
6
CONTINUOUS
10
5.5783256692913383
20
-2.8416236614173229
11
5.5787570472440944
21
-2.842698031496063
0
LINE
8
BLACK
6
CONTINUOUS
10
5.5787570472440944
20
-2.842698031496063
11
5.578957834645669
21
-2.844993464566929
0
LINE
8
BLACK
6
CONTINUOUS
10
5.578957834645669
20
-2.844993464566929
11
5.5782649606299213
21
-2.8471909842519683
0
LINE
8
BLACK
6
CONTINUOUS
10
5.5782649606299213
20
-2.8471909842519683
11
5.5767838582677163
21
-2.8489561417322835
0
LINE
8
BLACK
6
CONTINUOUS
10
5.5767838582677163
20
-2.8489561417322835
11
5.5747399606299215
21
-2.8500201574803148
0
LINE
8
BLACK
6
CONTINUOUS
10
5.5747399606299215
20
-2.8500201574803148
11
5.5724444881889763
21
-2.8502209448818898
0
LINE
8
BLACK
6
CONTINUOUS
10
5.5724444881889763
20
-2.8502209448818898
11
5.5702469685039366
21
-2.8495280708661417
0
LINE
8
BLACK
6
CONTINUOUS
10
5.5702469685039366
20
-2.8495280708661417
11
5.5684818110236218
21
-2.8480469685039371
0
LINE
8
BLACK
6
CONTINUOUS
10
5.5684818110236218
20
-2.8480469685039371
11
5.5678491732283462
21
-2.8470774015748033
0
LINE
8
BLACK
6
CONTINUOUS
10
5.5678491732283462
20
-2.8470774015748033
11
5.5559055118110239
21
-2.8241338188976379
0
LINE
8
BLACK
6
CONTINUOUS
10
5.5559055118110239
20
-2.8241338188976379
11
5.5559055118110239
21
-5.1758661417322838
0
LINE
8
BLACK
6
CONTINUOUS
10
5.5559055118110239
20
-5.1758661417322838
11
5.5678491732283462
21
-5.1529225984251967
0
LINE
8
BLACK
6
CONTINUOUS
10
5.5678491732283462
20
-5.1529225984251967
11
5.5684818110236218
21
-5.1519530314960633
0
LINE
8
BLACK
6
CONTINUOUS
10
5.5684818110236218
20
-5.1519530314960633
11
5.5702469685039366
21
-5.1504719291338583
0
LINE
8
BLACK
6
CONTINUOUS
10
5.5702469685039366
20
-5.1504719291338583
11
5.5724444881889763
21
-5.1497790551181097
0
LINE
8
BLACK
6
CONTINUOUS
10
5.5724444881889763
20
-5.1497790551181097
11
5.5747399606299215
21
-5.1499798425196852
0
LINE
8
BLACK
6
CONTINUOUS
10
5.5747399606299215
20
-5.1499798425196852
11
5.5767838582677163
21
-5.151043858267716
0
LINE
8
BLACK
6
CONTINUOUS
10
5.5767838582677163
20
-5.151043858267716
11
5.5782649606299213
21
-5.1528090157480317
0
LINE
8
BLACK
6
CONTINUOUS
10
5.5782649606299213
20
-5.1528090157480317
11
5.578957834645669
21
-5.1550065354330705
0
LINE
8
BLACK
6
CONTINUOUS
10
5.578957834645669
20
-5.1550065354330705
11
5.5787570472440944
21
-5.157301968503937
0
LINE
8
BLACK
6
CONTINUOUS
10
5.5787570472440944
20
-5.157301968503937
11
5.5783256692913383
21
-5.1583763385826771
0
LINE
8
BLACK
6
CONTINUOUS
10
5.5783256692913383
20
-5.1583763385826771
11
5.5597320078740156
21
-5.1940944881889761
0
LINE
8
BLACK
6
CONTINUOUS
10
5.5597320078740156
20
-5.1940944881889761
11
5.5730874015748029
21
-5.1940944881889761
0
LINE
8
BLACK
6
CONTINUOUS
10
5.5730874015748029
20
-5.1940944881889761
11
5.5742395275590546
21
-5.1942079527559057
0
LINE
8
BLACK
6
CONTINUOUS
10
5.5742395275590546
20
-5.1942079527559057
11
5.5763683464566931
21
-5.195089763779527
0
LINE
8
BLACK
6
CONTINUOUS
10
5.5763683464566931
20
-5.195089763779527
11
5.5779976377952751
21
-5.1967190551181099
0
LINE
8
BLACK
6
CONTINUOUS
10
5.5779976377952751
20
-5.1967190551181099
11
5.5788794488188973
21
-5.1988478740157475
0
LINE
8
BLACK
6
CONTINUOUS
10
5.5788794488188973
20
-5.1988478740157475
11
5.5788794488188973
21
-5.2011521259842519
0
LINE
8
BLACK
6
CONTINUOUS
10
5.5788794488188973
20
-5.2011521259842519
11
5.5779976377952751
21
-5.2032809448818895
0
LINE
8
BLACK
6
CONTINUOUS
10
5.5779976377952751
20
-5.2032809448818895
11
5.5763683464566931
21
-5.2049102362204724
0
LINE
8
BLACK
6
CONTINUOUS
10
5.5763683464566931
20
-5.2049102362204724
11
5.5742395275590546
21
-5.2057920472440946
0
LINE
8
BLACK
6
CONTINUOUS
10
5.5742395275590546
20
-5.2057920472440946
11
5.5730874015748029
21
-5.2059055118110233
0
LINE
8
BLACK
6
CONTINUOUS
10
5.5730874015748029
20
-5.2059055118110233
11
4.9500000000000002
21
-5.2059055118110233
0
LINE
8
BLACK
6
CONTINUOUS
10
4.9500000000000002
20
-5.2059055118110233
11
4.9488478740157475
21
-5.2057920472440946
0
LINE
8
BLACK
6
CONTINUOUS
10
4.9488478740157475
20
-5.2057920472440946
11
4.9467190551181099
21
-5.2049102362204724
0
LINE
8
BLACK
6
CONTINUOUS
10
4.9467190551181099
20
-5.2049102362204724
11
4.945089763779527
21
-5.2032809448818895
0
LINE
8
BLACK
6
CONTINUOUS
10
4.945089763779527
20
-5.2032809448818895
11
4.9442079527559057
21
-5.2011521259842519
0
LINE
8
BLACK
6
CONTINUOUS
10
4.9442079527559057
20
-5.2011521259842519
11
4.9442079527559057
21
-5.1988478740157475
0
LINE
8
BLACK
6
CONTINUOUS
10
4.9442079527559057
20
-5.1988478740157475
11
4.945089763779527
21
-5.1967190551181099
0
LINE
8
BLACK
6
CONTINUOUS
10
4.945089763779527
20
-5.1967190551181099
11
4.9467190551181099
21
-5.195089763779527
0
LINE
8
BLACK
6
CONTINUOUS
10
4.9467190551181099
20
-5.195089763779527
11
4.9488478740157475
21
-5.1942079527559057
0
LINE
8
BLACK
6
CONTINUOUS
10
4.9488478740157475
20
-5.1942079527559057
11
4.9500000000000002
21
-5.1940944881889761
0
LINE
8
BLACK
6
CONTINUOUS
10
4.9500000000000002
20
-5.1940944881889761
11
5.5402679921259841
21
-5.1940944881889761
0
LINE
8
BLACK
6
CONTINUOUS
10
5.5402679921259841
20
-5.1940944881889761
11
5.5216742913385826
21
-5.1583762992125983
0
LINE
8
BLACK
6
CONTINUOUS
10
5.5216742913385826
20
-5.1583762992125983
11
5.5212429527559053
21
-5.157301968503937
0
LINE
8
BLACK
6
CONTINUOUS
10
5.5212429527559053
20
-5.157301968503937
11
5.5210421653543307
21
-5.1550064960629918
0
LINE
8
BLACK
6
CONTINUOUS
10
5.5210421653543307
20
-5.1550064960629918
11
5.5217350393700784
21
-5.152808976377953
0
LINE
8
BLACK
6
CONTINUOUS
10
5.5217350393700784
20
-5.152808976377953
11
5.5232161417322834
21
-5.1510438188976373
0
LINE
8
BLACK
6
CONTINUOUS
10
5.5232161417322834
20
-5.1510438188976373
11
5.525260039370079
21
-5.1499798425196852
0
LINE
8
BLACK
6
CONTINUOUS
10
5.525260039370079
20
-5.1499798425196852
11
5.5275555118110233
21
-5.1497790551181097
0
LINE
8
BLACK
6
CONTINUOUS
10
5.5275555118110233
20
-5.1497790551181097
11
5.529753031496063
21
-5.1504719291338583
0
LINE
8
BLACK
6
CONTINUOUS
10
5.529753031496063
20
-5.1504719291338583
11
5.5315181889763778
21
-5.1519530314960633
0
LINE
8
BLACK
6
CONTINUOUS
10
5.5315181889763778
20
-5.1519530314960633
11
5.5321508267716535
21
-5.1529225984251967
0
LINE
8
BLACK
6
CONTINUOUS
10
5.5321508267716535
20
-5.1529225984251967
11
5.5440944881889767
21
-5.1758661417322838
0
LINE
8
BLACK
6
CONTINUOUS
10
5.5440944881889767
20
-5.1758661417322838
11
5.5440944881889767
21
-2.8241338188976379
0
LINE
8
BLACK
6
CONTINUOUS
10
5.5440944881889767
20
-2.8241338188976379
11
5.5321508267716535
21
-2.8470774015748033
0
LINE
8
BLACK
6
CONTINUOUS
10
5.5321508267716535
20
-2.8470774015748033
11
5.5315181889763778
21
-2.8480469685039371
0
LINE
8
BLACK
6
CONTINUOUS
10
5.5315181889763778
20
-2.8480469685039371
11
5.529753031496063
21
-2.8495280708661417
0
LINE
8
BLACK
6
CONTINUOUS
10
5.529753031496063
20
-2.8495280708661417
11
5.5275555118110233
21
-2.8502209448818898
0
LINE
8
BLACK
6
CONTINUOUS
10
5.5275555118110233
20
-2.8502209448818898
11
5.525260039370079
21
-2.8500201574803148
0
LINE
8
BLACK
6
CONTINUOUS
10
5.525260039370079
20
-2.8500201574803148
11
5.5232161417322834
21
-2.8489561811023623
0
LINE
8
BLACK
6
CONTINUOUS
10
5.5232161417322834
20
-2.8489561811023623
11
5.5217350393700784
21
-2.847191023622047
0
LINE
8
BLACK
6
CONTINUOUS
10
5.5217350393700784
20
-2.847191023622047
11
5.5210421653543307
21
-2.8449935039370078
0
LINE
8
BLACK
6
CONTINUOUS
10
5.5210421653543307
20
-2.8449935039370078
11
5.5212429527559053
21
-2.842698031496063
0
LINE
8
BLACK
6
CONTINUOUS
10
5.5212429527559053
20
-2.842698031496063
11
5.5216742913385826
21
-2.8416237007874017
0
LINE
8
BLACK
6
CONTINUOUS
10
5.5216742913385826
20
-2.8416237007874017
11
5.5402679921259841
21
-2.8059055118110234
0
LINE
8
BLACK
6
CONTINUOUS
10
5.5402679921259841
20
-2.8059055118110234
11
4.9500000000000002
21
-2.8059055118110234
0
LINE
8
BLACK
6
CONTINUOUS
10
4.9500000000000002
20
-2.8059055118110234
11
4.9488478740157475
21
-2.8057920472440943
0
LINE
8
BLACK
6
CONTINUOUS
10
4.9488478740157475
20
-2.8057920472440943
11
4.9467190551181099
21
-2.8049102362204725
0
LINE
8
BLACK
6
CONTINUOUS
10
4.9467190551181099
20
-2.8049102362204725
11
4.945089763779527
21
-2.8032809448818896
0
LINE
8
BLACK
6
CONTINUOUS
10
4.945089763779527
20
-2.8032809448818896
11
4.9442079527559057
21
-2.801152125984252
0
LINE
8
BLACK
6
CONTINUOUS
10
4.9442079527559057
20
-2.801152125984252
11
4.9440944881889761
21
-2.7999999999999998
0
LINE
8
BLACK
6
CONTINUOUS
10
4.9440944881889761
20
-2.7999999999999998
11
4.9440944881889761
21
-2.279731968503937
0
LINE
8
BLACK
6
CONTINUOUS
10
4.9440944881889761
20
-2.279731968503937
11
4.9083762992125983
21
-2.2983257086614173
0
LINE
8
BLACK
6
CONTINUOUS
10
4.9083762992125983
20
-2.2983257086614173
11
4.907301968503937
21
-2.2987570472440946
0
LINE
8
BLACK
6
CONTINUOUS
10
4.907301968503937
20
-2.2987570472440946
11
4.9050064960629918
21
-2.2989578346456692
0
LINE
8
BLACK
6
CONTINUOUS
10
4.9050064960629918
20
-2.2989578346456692
11
4.902808976377953
21
-2.298264960629921
0
LINE
8
BLACK
6
CONTINUOUS
10
4.902808976377953
20
-2.298264960629921
11
4.9010438188976373
21
-2.2967838582677165
0
LINE
8
BLACK
6
CONTINUOUS
10
4.9010438188976373
20
-2.2967838582677165
11
4.8999798425196852
21
-2.2947399606299212
0
LINE
8
BLACK
6
CONTINUOUS
10
4.8999798425196852
20
-2.2947399606299212
11
4.8997790551181097
21
-2.2924444881889765
0
LINE
8
BLACK
6
CONTINUOUS
10
4.8997790551181097
20
-2.2924444881889765
11
4.9004719291338583
21
-2.2902469685039368
0
LINE
8
BLACK
6
CONTINUOUS
10
4.9004719291338583
20
-2.2902469685039368
11
4.9019530314960633
21
-2.288481811023622
0
LINE
8
BLACK
6
CONTINUOUS
10
4.9019530314960633
20
-2.288481811023622
11
4.9029225984251967
21
-2.2878491732283464
0
LINE
8
BLACK
6
CONTINUOUS
10
4.9029225984251967
20
-2.2878491732283464
11
4.9258661811023625
21
-2.2759055118110236
0
LINE
8
BLACK
6
CONTINUOUS
10
4.9258661811023625
20
-2.2759055118110236
11
2.5741338582677167
21
-2.2759055118110236
0
LINE
8
BLACK
6
CONTINUOUS
10
2.5741338582677167
20
-2.2759055118110236
11
2.5970774015748033
21
-2.2878491732283464
0
LINE
8
BLACK
6
CONTINUOUS
10
2.5970774015748033
20
-2.2878491732283464
11
2.5980469685039371
21
-2.288481811023622
0
LINE
8
BLACK
6
CONTINUOUS
10
2.5980469685039371
20
-2.288481811023622
11
2.5995280708661417
21
-2.2902469685039368
0
LINE
8
BLACK
6
CONTINUOUS
10
2.5995280708661417
20
-2.2902469685039368
11
2.6002209448818898
21
-2.2924444881889765
0
LINE
8
BLACK
6
CONTINUOUS
10
2.6002209448818898
20
-2.2924444881889765
11
2.6000201574803148
21
-2.2947399606299212
0
LINE
8
BLACK
6
CONTINUOUS
10
2.6000201574803148
20
-2.2947399606299212
11
2.5989561417322835
21
-2.2967838582677165
0
LINE
8
BLACK
6
CONTINUOUS
10
2.5989561417322835
20
-2.2967838582677165
11
2.5971909842519683
21
-2.298264960629921
0
LINE
8
BLACK
6
CONTINUOUS
10
2.5971909842519683
20
-2.298264960629921
11
2.594993464566929
21
-2.2989578346456692
0
LINE
8
BLACK
6
CONTINUOUS
10
2.594993464566929
20
-2.2989578346456692
11
2.592698031496063
21
-2.2987570472440946
0
LINE
8
BLACK
6
CONTINUOUS
10
2.592698031496063
20
-2.2987570472440946
11
2.5916236614173229
21
-2.2983256692913385
0
LINE
8
BLACK
6
CONTINUOUS
10
2.5916236614173229
20
-2.2983256692913385
11
2.5559055118110234
21
-2.279731968503937
0
LINE
8
BLACK
6
CONTINUOUS
10
2.5559055118110234
20
-2.279731968503937
11
2.5559055118110234
21
-2.7999999999999998
0
LINE
8
BLACK
6
CONTINUOUS
10
2.5559055118110234
20
-2.7999999999999998
11
2.5557920472440943
21
-2.801152125984252
0
LINE
8
BLACK
6
CONTINUOUS
10
2.5557920472440943
20
-2.801152125984252
11
2.5549102362204725
21
-2.8032809448818896
0
LINE
8
BLACK
6
CONTINUOUS
10
2.5549102362204725
20
-2.8032809448818896
11
2.5532809448818896
21
-2.8049102362204725
0
LINE
8
BLACK
6
CONTINUOUS
10
2.5532809448818896
20
-2.8049102362204725
11
2.551152125984252
21
-2.8057920472440943
0
LINE
8
BLACK
6
CONTINUOUS
10
2.551152125984252
20
-2.8057920472440943
11
2.5488478740157481
21
-2.8057920472440943
0
LINE
8
BLACK
6
CONTINUOUS
10
2.5488478740157481
20
-2.8057920472440943
11
2.54671905511811
21
-2.8049102362204725
0
LINE
8
BLACK
6
CONTINUOUS
10
2.54671905511811
20
-2.8049102362204725
11
2.5450897637795276
21
-2.8032809448818896
0
LINE
8
BLACK
6
CONTINUOUS
10
2.5450897637795276
20
-2.8032809448818896
11
2.5442079527559054
21
-2.801152125984252
0
LINE
8
BLACK
6
CONTINUOUS
10
2.5442079527559054
20
-2.801152125984252
11
2.5440944881889762
21
-2.7999999999999998
0
LINE
8
BLACK
6
CONTINUOUS
10
2.5440944881889762
20
-2.7999999999999998
11
2.5440944881889762
21
-2.246912598425197
0
LINE
8
BLACK
6
CONTINUOUS
10
2.5440944881889762
20
-2.246912598425197
11
2.5442079527559054
21
-2.2457604724409448
0
LINE
8
BLACK
6
CONTINUOUS
10
2.5442079527559054
20
-2.2457604724409448
11
2.5450897637795276
21
-2.2436316535433072
0
LINE
8
BLACK
6
CONTINUOUS
10
2.5450897637795276
20
-2.2436316535433072
11
2.54671905511811
21
-2.2420023622047243
0
LINE
8
BLACK
6
CONTINUOUS
10
2.54671905511811
20
-2.2420023622047243
11
2.5488478740157481
21
-2.2411205511811021
0
LINE
8
BLACK
6
CONTINUOUS
10
2.5488478740157481
20
-2.2411205511811021
11
2.551152125984252
21
-2.2411205511811021
0
LINE
8
BLACK
6
CONTINUOUS
10
2.551152125984252
20
-2.2411205511811021
11
2.5532809448818896
21
-2.2420023622047243
0
LINE
8
BLACK
6
CONTINUOUS
10
2.5532809448818896
20
-2.2420023622047243
11
2.5549102362204725
21
-2.2436316535433072
0
LINE
8
BLACK
6
CONTINUOUS
10
2.5549102362204725
20
-2.2436316535433072
11
2.5557920472440943
21
-2.2457604724409448
0
LINE
8
BLACK
6
CONTINUOUS
10
2.5557920472440943
20
-2.2457604724409448
11
2.5559055118110234
21
-2.246912598425197
0
LINE
8
BLACK
6
CONTINUOUS
10
2.5559055118110234
20
-2.246912598425197
11
2.5559055118110234
21
-2.2602679921259843
0
LINE
8
BLACK
6
CONTINUOUS
10
2.5559055118110234
20
-2.2602679921259843
11
2.5916236614173229
21
-2.2416743307086615
0
LINE
8
BLACK
6
CONTINUOUS
10
2.5916236614173229
20
-2.2416743307086615
11
2.592698031496063
21
-2.2412429527559055
0
LINE
8
BLACK
6
CONTINUOUS
10
2.592698031496063
20
-2.2412429527559055
11
2.594993464566929
21
-2.2410421653543309
0
LINE
8
BLACK
6
CONTINUOUS
10
2.594993464566929
20
-2.2410421653543309
11
2.5971909842519683
21
-2.2417350393700786
0
LINE
8
BLACK
6
CONTINUOUS
10
2.5971909842519683
20
-2.2417350393700786
11
2.5989561417322835
21
-2.2432161417322836
0
LINE
8
BLACK
6
CONTINUOUS
10
2.5989561417322835
20
-2.2432161417322836
11
2.6000201574803148
21
-2.2452600393700788
0
LINE
8
BLACK
6
CONTINUOUS
10
2.6000201574803148
20
-2.2452600393700788
11
2.6002209448818898
21
-2.2475555118110235
0
LINE
8
BLACK
6
CONTINUOUS
10
2.6002209448818898
20
-2.2475555118110235
11
2.5995280708661417
21
-2.2497530314960628
0
LINE
8
BLACK
6
CONTINUOUS
10
2.5995280708661417
20
-2.2497530314960628
11
2.5980469685039371
21
-2.251518188976378
0
LINE
8
BLACK
6
CONTINUOUS
10
2.5980469685039371
20
-2.251518188976378
11
2.5970774015748033
21
-2.2521508267716537
0
LINE
8
BLACK
6
CONTINUOUS
10
2.5970774015748033
20
-2.2521508267716537
11
2.5741338582677167
21
-2.2640944881889764
0
LINE
8
BLACK
6
CONTINUOUS
10
2.5741338582677167
20
-2.2640944881889764
11
4.9258661811023625
21
-2.2640944881889764
0
LINE
8
BLACK
6
CONTINUOUS
10
4.9258661811023625
20
-2.2640944881889764
11
4.9029225984251967
21
-2.2521508267716537
0
LINE
8
BLACK
6
CONTINUOUS
10
4.9029225984251967
20
-2.2521508267716537
11
4.9019530314960633
21
-2.251518188976378
0
LINE
8
BLACK
6
CONTINUOUS
10
4.9019530314960633
20
-2.251518188976378
11
4.9004719291338583
21
-2.2497530314960628
0
LINE
8
BLACK
6
CONTINUOUS
10
4.9004719291338583
20
-2.2497530314960628
11
4.8997790551181097
21
-2.2475555118110235
0
LINE
8
BLACK
6
CONTINUOUS
10
4.8997790551181097
20
-2.2475555118110235
11
4.8999798425196852
21
-2.2452600393700788
0
LINE
8
BLACK
6
CONTINUOUS
10
4.8999798425196852
20
-2.2452600393700788
11
4.9010438188976373
21
-2.2432161417322836
0
LINE
8
BLACK
6
CONTINUOUS
10
4.9010438188976373
20
-2.2432161417322836
11
4.902808976377953
21
-2.2417350393700786
0
LINE
8
BLACK
6
CONTINUOUS
10
4.902808976377953
20
-2.2417350393700786
11
4.9050064960629918
21
-2.2410421653543309
0
LINE
8
BLACK
6
CONTINUOUS
10
4.9050064960629918
20
-2.2410421653543309
11
4.907301968503937
21
-2.2412429527559055
0
LINE
8
BLACK
6
CONTINUOUS
10
5.4642405905511806
20
-4.1670989370078741
11
5.4643961023622047
21
-4.167087913385827
0
LINE
8
BLACK
6
CONTINUOUS
10
5.4643961023622047
20
-4.167087913385827
11
5.4646005905511812
21
-4.1671344094488187
0
LINE
8
BLACK
6
CONTINUOUS
10
5.4646005905511812
20
-4.1671344094488187
11
5.4648096062992124
21
-4.1671550000000002
0
LINE
8
BLACK
6
CONTINUOUS
10
5.4648096062992124
20
-4.1671550000000002
11
5.4649537401574806
21
-4.1672146850393696
0
LINE
8
BLACK
6
CONTINUOUS
10
5.4649537401574806
20
-4.1672146850393696
11
5.4655249999999995
21
-4.1673446062992126
0
LINE
8
BLACK
6
CONTINUOUS
10
5.4655249999999995
20
-4.1673446062992126
11
5.4739613779527554
21
-4.1701567716535433
0
LINE
8
BLACK
6
CONTINUOUS
10
5.4739613779527554
20
-4.1701567716535433
11
5.4750185039370081
21
-4.17062874015748
0
LINE
8
BLACK
6
CONTINUOUS
10
5.4750185039370081
20
-4.17062874015748
11
5.4751787401574799
21
-4.1707677165354333
0
LINE
8
BLACK
6
CONTINUOUS
10
5.4751787401574799
20
-4.1707677165354333
11
5.4753748031496059
21
-4.1708489370078743
0
LINE
8
BLACK
6
CONTINUOUS
10
5.4753748031496059
20
-4.1708489370078743
11
5.4762697244094483
21
-4.1715833858267715
0
LINE
8
BLACK
6
CONTINUOUS
10
5.4762697244094483
20
-4.1715833858267715
11
5.499934173228346
21
-4.1952478346456692
0
LINE
8
BLACK
6
CONTINUOUS
10
5.499934173228346
20
-4.1952478346456692
11
5.499934173228346
21
-4.1729470472440946
0
LINE
8
BLACK
6
CONTINUOUS
10
5.499934173228346
20
-4.1729470472440946
11
5.5000476377952756
21
-4.1717949212598429
0
LINE
8
BLACK
6
CONTINUOUS
10
5.5000476377952756
20
-4.1717949212598429
11
5.5009294488188978
21
-4.1696661023622044
0
LINE
8
BLACK
6
CONTINUOUS
10
5.5009294488188978
20
-4.1696661023622044
11
5.5025587401574798
21
-4.1680368110236223
0
LINE
8
BLACK
6
CONTINUOUS
10
5.5025587401574798
20
-4.1680368110236223
11
5.5046875590551183
21
-4.1671550000000002
0
LINE
8
BLACK
6
CONTINUOUS
10
5.5046875590551183
20
-4.1671550000000002
11
5.5069918110236218
21
-4.1671550000000002
0
LINE
8
BLACK
6
CONTINUOUS
10
5.5069918110236218
20
-4.1671550000000002
11
5.5091206299212594
21
-4.1680368110236223
0
LINE
8
BLACK
6
CONTINUOUS
10
5.5091206299212594
20
-4.1680368110236223
11
5.5107499212598423
21
-4.1696661023622044
0
LINE
8
BLACK
6
CONTINUOUS
10
5.5107499212598423
20
-4.1696661023622044
11
5.5116317322834645
21
-4.1717949212598429
0
LINE
8
BLACK
6
CONTINUOUS
10
5.5116317322834645
20
-4.1717949212598429
11
5.5117451968503932
21
-4.1729470472440946
0
LINE
8
BLACK
6
CONTINUOUS
10
5.5117451968503932
20
-4.1729470472440946
11
5.5117451968503932
21
-4.2095050000000001
0
LINE
8
BLACK
6
CONTINUOUS
10
5.5117451968503932
20
-4.2095050000000001
11
5.5116317322834645
21
-4.210657086614173
0
LINE
8
BLACK
6
CONTINUOUS
10
5.5116317322834645
20
-4.210657086614173
11
5.5107499606299211
21
-4.2127859055118106
0
LINE
8
BLACK
6
CONTINUOUS
10
5.5107499606299211
20
-4.2127859055118106
11
5.5091205905511806
21
-4.2144152755905511
0
LINE
8
BLACK
6
CONTINUOUS
10
5.5091205905511806
20
-4.2144152755905511
11
5.5078735826771652
21
-4.2149317716535428
0
LINE
8
BLACK
6
CONTINUOUS
10
5.5078735826771652
20
-4.2149317716535428
11
5.5069918110236218
21
-4.2152970472440945
0
LINE
8
BLACK
6
CONTINUOUS
10
5.5069918110236218
20
-4.2152970472440945
11
5.506991771653543
21
-4.2152970472440945
0
LINE
8
BLACK
6
CONTINUOUS
10
5.506991771653543
20
-4.2152970472440945
11
5.5046875984251971
21
-4.2152970472440945
0
LINE
8
BLACK
6
CONTINUOUS
10
5.5046875984251971
20
-4.2152970472440945
11
5.5046875590551183
21
-4.2152970472440945
0
LINE
8
BLACK
6
CONTINUOUS
10
5.5046875590551183
20
-4.2152970472440945
11
5.5040640551181097
21
-4.21503874015748
0
LINE
8
BLACK
6
CONTINUOUS
10
5.5040640551181097
20
-4.21503874015748
11
5.5025587401574798
21
-4.2144152755905511
0
LINE
8
BLACK
6
CONTINUOUS
10
5.5025587401574798
20
-4.2144152755905511
11
5.5016638582677162
21
-4.213680826771653
0
LINE
8
BLACK
6
CONTINUOUS
10
5.5016638582677162
20
-4.213680826771653
11
5.4689038188976378
21
-4.1809207874015746
0
LINE
8
BLACK
6
CONTINUOUS
10
5.4689038188976378
20
-4.1809207874015746
11
5.4626991732283461
21
-4.1788525590551178
0
LINE
8
BLACK
6
CONTINUOUS
10
5.4626991732283461
20
-4.1788525590551178
11
5.4594272440944884
21
-4.1788525590551178
0
LINE
8
BLACK
6
CONTINUOUS
10
5.4594272440944884
20
-4.1788525590551178
11
5.4559070472440947
21
-4.1806126377952753
0
LINE
8
BLACK
6
CONTINUOUS
10
5.4559070472440947
20
-4.1806126377952753
11
5.4544501968503933
21
-4.1820694881889766
0
LINE
8
BLACK
6
CONTINUOUS
10
5.4544501968503933
20
-4.1820694881889766
11
5.4526900787401571
21
-4.1855897637795278
0
LINE
8
BLACK
6
CONTINUOUS
10
5.4526900787401571
20
-4.1855897637795278
11
5.4526900787401571
21
-4.1968622834645668
0
LINE
8
BLACK
6
CONTINUOUS
10
5.4526900787401571
20
-4.1968622834645668
11
5.4544501968503933
21
-4.2003825196850393
0
LINE
8
BLACK
6
CONTINUOUS
10
5.4544501968503933
20
-4.2003825196850393
11
5.4565846850393696
21
-4.2025170078740155
0
LINE
8
BLACK
6
CONTINUOUS
10
5.4565846850393696
20
-4.2025170078740155
11
5.4573191338582676
21
-4.2034118897637791
0
LINE
8
BLACK
6
CONTINUOUS
10
5.4573191338582676
20
-4.2034118897637791
11
5.4582008661417323
21
-4.2055407480314964
0
LINE
8
BLACK
6
CONTINUOUS
10
5.4582008661417323
20
-4.2055407480314964
11
5.4582008661417323
21
-4.2078449212598423
0
LINE
8
BLACK
6
CONTINUOUS
10
5.4582008661417323
20
-4.2078449212598423
11
5.4573191338582676
21
-4.2099737401574799
0
LINE
8
BLACK
6
CONTINUOUS
10
5.4573191338582676
20
-4.2099737401574799
11
5.4556897637795272
21
-4.2116031102362204
0
LINE
8
BLACK
6
CONTINUOUS
10
5.4556897637795272
20
-4.2116031102362204
11
5.4535609448818896
21
-4.212484842519685
0
LINE
8
BLACK
6
CONTINUOUS
10
5.4535609448818896
20
-4.212484842519685
11
5.4512567716535436
21
-4.212484842519685
0
LINE
8
BLACK
6
CONTINUOUS
10
5.4512567716535436
20
-4.212484842519685
11
5.4491279133858264
21
-4.2116031102362204
0
LINE
8
BLACK
6
CONTINUOUS
10
5.4491279133858264
20
-4.2116031102362204
11
5.4482330314960628
21
-4.2108686614173223
0
LINE
8
BLACK
6
CONTINUOUS
10
5.4482330314960628
20
-4.2108686614173223
11
5.4454209055118108
21
-4.2080565354330703
0
LINE
8
BLACK
6
CONTINUOUS
10
5.4454209055118108
20
-4.2080565354330703
11
5.4450492519685039
21
-4.2076037007874012
0
LINE
8
BLACK
6
CONTINUOUS
10
5.4450492519685039
20
-4.2076037007874012
11
5.4449314173228345
21
-4.2075014960629922
0
LINE
8
BLACK
6
CONTINUOUS
10
5.4449314173228345
20
-4.2075014960629922
11
5.4448195669291337
21
-4.2073237795275586
0
LINE
8
BLACK
6
CONTINUOUS
10
5.4448195669291337
20
-4.2073237795275586
11
5.4446864566929136
21
-4.207161614173228
0
LINE
8
BLACK
6
CONTINUOUS
10
5.4446864566929136
20
-4.207161614173228
11
5.4446267716535433
21
-4.2070175196850395
0
LINE
8
BLACK
6
CONTINUOUS
10
5.4446267716535433
20
-4.2070175196850395
11
5.4443146850393696
21
-4.2065217322834645
0
LINE
8
BLACK
6
CONTINUOUS
10
5.4443146850393696
20
-4.2065217322834645
11
5.4415025196850388
21
-4.2008974409448818
0
LINE
8
BLACK
6
CONTINUOUS
10
5.4415025196850388
20
-4.2008974409448818
11
5.4410887795275586
21
-4.1998162204724405
0
LINE
8
BLACK
6
CONTINUOUS
10
5.4410887795275586
20
-4.1998162204724405
11
5.4410737401574805
21
-4.1996046062992125
0
LINE
8
BLACK
6
CONTINUOUS
10
5.4410737401574805
20
-4.1996046062992125
11
5.4409925196850395
21
-4.1994085433070865
0
LINE
8
BLACK
6
CONTINUOUS
10
5.4409925196850395
20
-4.1994085433070865
11
5.4408790551181099
21
-4.1982564173228347
0
LINE
8
BLACK
6
CONTINUOUS
10
5.4408790551181099
20
-4.1982564173228347
11
5.4408790551181099
21
-4.1841956692913387
0
LINE
8
BLACK
6
CONTINUOUS
10
5.4408790551181099
20
-4.1841956692913387
11
5.4409925196850395
21
-4.1830435433070869
0
LINE
8
BLACK
6
CONTINUOUS
10
5.4409925196850395
20
-4.1830435433070869
11
5.4410737401574805
21
-4.1828474409448821
0
LINE
8
BLACK
6
CONTINUOUS
10
5.4410737401574805
20
-4.1828474409448821
11
5.4410887795275586
21
-4.182635866141732
0
LINE
8
BLACK
6
CONTINUOUS
10
5.4410887795275586
20
-4.182635866141732
11
5.4415025196850388
21
-4.1815546456692916
0
LINE
8
BLACK
6
CONTINUOUS
10
5.4415025196850388
20
-4.1815546456692916
11
5.4443146850393696
21
-4.1759303543307089
0
LINE
8
BLACK
6
CONTINUOUS
10
5.4443146850393696
20
-4.1759303543307089
11
5.444626811023622
21
-4.1754344488188977
0
LINE
8
BLACK
6
CONTINUOUS
10
5.444626811023622
20
-4.1754344488188977
11
5.4446864566929136
21
-4.1752905118110233
0
LINE
8
BLACK
6
CONTINUOUS
10
5.4446864566929136
20
-4.1752905118110233
11
5.4448194881889762
21
-4.1751283858267714
0
LINE
8
BLACK
6
CONTINUOUS
10
5.4448194881889762
20
-4.1751283858267714
11
5.4449314173228345
21
-4.1749505905511812
0
LINE
8
BLACK
6
CONTINUOUS
10
5.4449314173228345
20
-4.1749505905511812
11
5.4450492913385826
21
-4.1748483070866138
0
LINE
8
BLACK
6
CONTINUOUS
10
5.4450492913385826
20
-4.1748483070866138
11
5.445420866141732
21
-4.1743955905511809
0
LINE
8
BLACK
6
CONTINUOUS
10
5.445420866141732
20
-4.1743955905511809
11
5.448232992125984
21
-4.1715834251968502
0
LINE
8
BLACK
6
CONTINUOUS
10
5.448232992125984
20
-4.1715834251968502
11
5.4486857874015744
21
-4.1712117716535433
0
LINE
8
BLACK
6
CONTINUOUS
10
5.4486857874015744
20
-4.1712117716535433
11
5.4487880708661418
21
-4.1710938976377951
0
LINE
8
BLACK
6
CONTINUOUS
10
5.4487880708661418
20
-4.1710938976377951
11
5.4489657874015744
21
-4.1709820078740156
0
LINE
8
BLACK
6
CONTINUOUS
10
5.4489657874015744
20
-4.1709820078740156
11
5.4491279133858264
21
-4.170848976377953
0
LINE
8
BLACK
6
CONTINUOUS
10
5.4491279133858264
20
-4.170848976377953
11
5.4492718897637795
21
-4.1707892913385827
0
LINE
8
BLACK
6
CONTINUOUS
10
5.4492718897637795
20
-4.1707892913385827
11
5.4497678346456695
21
-4.1704771653543302
0
LINE
8
BLACK
6
CONTINUOUS
10
5.4497678346456695
20
-4.1704771653543302
11
5.4553920866141734
21
-4.1676649999999995
0
LINE
8
BLACK
6
CONTINUOUS
10
5.4553920866141734
20
-4.1676649999999995
11
5.4564733464566926
21
-4.1672512598425193
0
LINE
8
BLACK
6
CONTINUOUS
10
5.4564733464566926
20
-4.1672512598425193
11
5.4566849212598427
21
-4.1672362204724411
0
LINE
8
BLACK
6
CONTINUOUS
10
5.4566849212598427
20
-4.1672362204724411
11
5.4568810236220475
21
-4.1671550000000002
0
LINE
8
BLACK
6
CONTINUOUS
10
5.4568810236220475
20
-4.1671550000000002
11
5.4580331496062993
21
-4.1670415354330705
0
LINE
8
BLACK
6
CONTINUOUS
10
5.4580331496062993
20
-4.1670415354330705
11
5.4636574803149607
21
-4.1670415354330705
0
LINE
8
BLACK
6
CONTINUOUS
10
5.4636574803149607
20
-4.1670415354330705
11
5.4642405905511806
21
-4.1670989370078741
0
LINE
8
BLACK
6
CONTINUOUS
10
5.7842405905511809
20
-4.1670989370078741
11
5.784396102362205
21
-4.167087913385827
0
LINE
8
BLACK
6
CONTINUOUS
10
5.784396102362205
20
-4.167087913385827
11
5.7846005905511806
21
-4.1671344094488187
0
LINE
8
BLACK
6
CONTINUOUS
10
5.7846005905511806
20
-4.1671344094488187
11
5.7848096062992127
21
-4.1671550000000002
0
LINE
8
BLACK
6
CONTINUOUS
10
5.7848096062992127
20
-4.1671550000000002
11
5.78495374015748
21
-4.1672146850393696
0
LINE
8
BLACK
6
CONTINUOUS
10
5.78495374015748
20
-4.1672146850393696
11
5.7855249999999998
21
-4.1673446062992126
0
LINE
8
BLACK
6
CONTINUOUS
10
5.7855249999999998
20
-4.1673446062992126
11
5.7939613779527557
21
-4.1701567716535433
0
LINE
8
BLACK
6
CONTINUOUS
10
5.7939613779527557
20
-4.1701567716535433
11
5.7950185039370075
21
-4.17062874015748
0
LINE
8
BLACK
6
CONTINUOUS
10
5.7950185039370075
20
-4.17062874015748
11
5.7951787401574801
21
-4.1707677165354333
0
LINE
8
BLACK
6
CONTINUOUS
10
5.7951787401574801
20
-4.1707677165354333
11
5.7953748031496062
21
-4.1708489370078743
0
LINE
8
BLACK
6
CONTINUOUS
10
5.7953748031496062
20
-4.1708489370078743
11
5.7962697244094485
21
-4.1715833858267715
0
LINE
8
BLACK
6
CONTINUOUS
10
5.7962697244094485
20
-4.1715833858267715
11
5.8199341732283463
21
-4.1952478346456692
0
LINE
8
BLACK
6
CONTINUOUS
10
5.8199341732283463
20
-4.1952478346456692
11
5.8199341732283463
21
-4.1729470472440946
0
LINE
8
BLACK
6
CONTINUOUS
10
5.8199341732283463
20
-4.1729470472440946
11
5.8200476377952759
21
-4.1717949212598429
0
LINE
8
BLACK
6
CONTINUOUS
10
5.8200476377952759
20
-4.1717949212598429
11
5.8209294488188972
21
-4.1696661023622044
0
LINE
8
BLACK
6
CONTINUOUS
10
5.8209294488188972
20
-4.1696661023622044
11
5.8225587401574801
21
-4.1680368110236223
0
LINE
8
BLACK
6
CONTINUOUS
10
5.8225587401574801
20
-4.1680368110236223
11
5.8246875590551177
21
-4.1671550000000002
0
LINE
8
BLACK
6
CONTINUOUS
10
5.8246875590551177
20
-4.1671550000000002
11
5.8269918110236221
21
-4.1671550000000002
0
LINE
8
BLACK
6
CONTINUOUS
10
5.8269918110236221
20
-4.1671550000000002
11
5.8291206299212597
21
-4.1680368110236223
0
LINE
8
BLACK
6
CONTINUOUS
10
5.8291206299212597
20
-4.1680368110236223
11
5.8307499212598426
21
-4.1696661023622044
0
LINE
8
BLACK
6
CONTINUOUS
10
5.8307499212598426
20
-4.1696661023622044
11
5.8316317322834648
21
-4.1717949212598429
0
LINE
8
BLACK
6
CONTINUOUS
10
5.8316317322834648
20
-4.1717949212598429
11
5.8317451968503935
21
-4.1729470472440946
0
LINE
8
BLACK
6
CONTINUOUS
10
5.8317451968503935
20
-4.1729470472440946
11
5.8317451968503935
21
-4.2095050000000001
0
LINE
8
BLACK
6
CONTINUOUS
10
5.8317451968503935
20
-4.2095050000000001
11
5.8316317322834648
21
-4.210657086614173
0
LINE
8
BLACK
6
CONTINUOUS
10
5.8316317322834648
20
-4.210657086614173
11
5.8307499606299213
21
-4.2127859055118106
0
LINE
8
BLACK
6
CONTINUOUS
10
5.8307499606299213
20
-4.2127859055118106
11
5.8291205905511809
21
-4.2144152755905511
0
LINE
8
BLACK
6
CONTINUOUS
10
5.8291205905511809
20
-4.2144152755905511
11
5.8278735826771655
21
-4.2149317716535428
0
LINE
8
BLACK
6
CONTINUOUS
10
5.8278735826771655
20
-4.2149317716535428
11
5.8269918110236221
21
-4.2152970472440945
0
LINE
8
BLACK
6
CONTINUOUS
10
5.8269918110236221
20
-4.2152970472440945
11
5.8269917716535433
21
-4.2152970472440945
0
LINE
8
BLACK
6
CONTINUOUS
10
5.8269917716535433
20
-4.2152970472440945
11
5.8246875984251965
21
-4.2152970472440945
0
LINE
8
BLACK
6
CONTINUOUS
10
5.8246875984251965
20
-4.2152970472440945
11
5.8246875590551177
21
-4.2152970472440945
0
LINE
8
BLACK
6
CONTINUOUS
10
5.8246875590551177
20
-4.2152970472440945
11
5.82406405511811
21
-4.21503874015748
0
LINE
8
BLACK
6
CONTINUOUS
10
5.82406405511811
20
-4.21503874015748
11
5.8225587401574801
21
-4.2144152755905511
0
LINE
8
BLACK
6
CONTINUOUS
10
5.8225587401574801
20
-4.2144152755905511
11
5.8216638582677165
21
-4.213680826771653
0
LINE
8
BLACK
6
CONTINUOUS
10
5.8216638582677165
20
-4.213680826771653
11
5.7889038188976381
21
-4.1809207874015746
0
LINE
8
BLACK
6
CONTINUOUS
10
5.7889038188976381
20
-4.1809207874015746
11
5.7826991732283464
21
-4.1788525590551178
0
LINE
8
BLACK
6
CONTINUOUS
10
5.7826991732283464
20
-4.1788525590551178
11
5.7794272440944878
21
-4.1788525590551178
0
LINE
8
BLACK
6
CONTINUOUS
10
5.7794272440944878
20
-4.1788525590551178
11
5.7759070472440941
21
-4.1806126377952753
0
LINE
8
BLACK
6
CONTINUOUS
10
5.7759070472440941
20
-4.1806126377952753
11
5.7744501968503936
21
-4.1820694881889766
0
LINE
8
BLACK
6
CONTINUOUS
10
5.7744501968503936
20
-4.1820694881889766
11
5.7726900787401574
21
-4.1855897637795278
0
LINE
8
BLACK
6
CONTINUOUS
10
5.7726900787401574
20
-4.1855897637795278
11
5.7726900787401574
21
-4.1968622834645668
0
LINE
8
BLACK
6
CONTINUOUS
10
5.7726900787401574
20
-4.1968622834645668
11
5.7744501968503936
21
-4.2003825196850393
0
LINE
8
BLACK
6
CONTINUOUS
10
5.7744501968503936
20
-4.2003825196850393
11
5.7765846850393698
21
-4.2025170078740155
0
LINE
8
BLACK
6
CONTINUOUS
10
5.7765846850393698
20
-4.2025170078740155
11
5.7773191338582679
21
-4.2034118897637791
0
LINE
8
BLACK
6
CONTINUOUS
10
5.7773191338582679
20
-4.2034118897637791
11
5.7782008661417326
21
-4.2055407480314964
0
LINE
8
BLACK
6
CONTINUOUS
10
5.7782008661417326
20
-4.2055407480314964
11
5.7782008661417326
21
-4.2078449212598423
0
LINE
8
BLACK
6
CONTINUOUS
10
5.7782008661417326
20
-4.2078449212598423
11
5.7773191338582679
21
-4.2099737401574799
0
LINE
8
BLACK
6
CONTINUOUS
10
5.7773191338582679
20
-4.2099737401574799
11
5.7756897637795275
21
-4.2116031102362204
0
LINE
8
BLACK
6
CONTINUOUS
10
5.7756897637795275
20
-4.2116031102362204
11
5.7735609448818899
21
-4.212484842519685
0
LINE
8
BLACK
6
CONTINUOUS
10
5.7735609448818899
20
-4.212484842519685
11
5.771256771653543
21
-4.212484842519685
0
LINE
8
BLACK
6
CONTINUOUS
10
5.771256771653543
20
-4.212484842519685
11
5.7691279133858266
21
-4.2116031102362204
0
LINE
8
BLACK
6
CONTINUOUS
10
5.7691279133858266
20
-4.2116031102362204
11
5.768233031496063
21
-4.2108686614173223
0
LINE
8
BLACK
6
CONTINUOUS
10
5.768233031496063
20
-4.2108686614173223
11
5.7654209055118111
21
-4.2080565354330703
0
LINE
8
BLACK
6
CONTINUOUS
10
5.7654209055118111
20
-4.2080565354330703
11
5.7650492519685042
21
-4.2076037007874012
0
LINE
8
BLACK
6
CONTINUOUS
10
5.7650492519685042
20
-4.2076037007874012
11
5.7649314173228348
21
-4.2075014960629922
0
LINE
8
BLACK
6
CONTINUOUS
10
5.7649314173228348
20
-4.2075014960629922
11
5.764819566929134
21
-4.2073237795275586
0
LINE
8
BLACK
6
CONTINUOUS
10
5.764819566929134
20
-4.2073237795275586
11
5.764686456692913
21
-4.207161614173228
0
LINE
8
BLACK
6
CONTINUOUS
10
5.764686456692913
20
-4.207161614173228
11
5.7646267716535435
21
-4.2070175196850395
0
LINE
8
BLACK
6
CONTINUOUS
10
5.7646267716535435
20
-4.2070175196850395
11
5.7643146850393698
21
-4.2065217322834645
0
LINE
8
BLACK
6
CONTINUOUS
10
5.7643146850393698
20
-4.2065217322834645
11
5.7615025196850391
21
-4.2008974409448818
0
LINE
8
BLACK
6
CONTINUOUS
10
5.7615025196850391
20
-4.2008974409448818
11
5.7610887795275589
21
-4.1998162204724405
0
LINE
8
BLACK
6
CONTINUOUS
10
5.7610887795275589
20
-4.1998162204724405
11
5.7610737401574799
21
-4.1996046062992125
0
LINE
8
BLACK
6
CONTINUOUS
10
5.7610737401574799
20
-4.1996046062992125
11
5.7609925196850389
21
-4.1994085433070865
0
LINE
8
BLACK
6
CONTINUOUS
10
5.7609925196850389
20
-4.1994085433070865
11
5.7608790551181102
21
-4.1982564173228347
0
LINE
8
BLACK
6
CONTINUOUS
10
5.7608790551181102
20
-4.1982564173228347
11
5.7608790551181102
21
-4.1841956692913387
0
LINE
8
BLACK
6
CONTINUOUS
10
5.7608790551181102
20
-4.1841956692913387
11
5.7609925196850389
21
-4.1830435433070869
0
LINE
8
BLACK
6
CONTINUOUS
10
5.7609925196850389
20
-4.1830435433070869
11
5.7610737401574799
21
-4.1828474409448821
0
LINE
8
BLACK
6
CONTINUOUS
10
5.7610737401574799
20
-4.1828474409448821
11
5.7610887795275589
21
-4.182635866141732
0
LINE
8
BLACK
6
CONTINUOUS
10
5.7610887795275589
20
-4.182635866141732
11
5.7615025196850391
21
-4.1815546456692916
0
LINE
8
BLACK
6
CONTINUOUS
10
5.7615025196850391
20
-4.1815546456692916
11
5.7643146850393698
21
-4.1759303543307089
0
LINE
8
BLACK
6
CONTINUOUS
10
5.7643146850393698
20
-4.1759303543307089
11
5.7646268110236223
21
-4.1754344488188977
0
LINE
8
BLACK
6
CONTINUOUS
10
5.7646268110236223
20
-4.1754344488188977
11
5.764686456692913
21
-4.1752905118110233
0
LINE
8
BLACK
6
CONTINUOUS
10
5.764686456692913
20
-4.1752905118110233
11
5.7648194881889765
21
-4.1751283858267714
0
LINE
8
BLACK
6
CONTINUOUS
10
5.7648194881889765
20
-4.1751283858267714
11
5.7649314173228348
21
-4.1749505905511812
0
LINE
8
BLACK
6
CONTINUOUS
10
5.7649314173228348
20
-4.1749505905511812
11
5.7650492913385829
21
-4.1748483070866138
0
LINE
8
BLACK
6
CONTINUOUS
10
5.7650492913385829
20
-4.1748483070866138
11
5.7654208661417323
21
-4.1743955905511809
0
LINE
8
BLACK
6
CONTINUOUS
10
5.7654208661417323
20
-4.1743955905511809
11
5.7682329921259843
21
-4.1715834251968502
0
LINE
8
BLACK
6
CONTINUOUS
10
5.7682329921259843
20
-4.1715834251968502
11
5.7686857874015747
21
-4.1712117716535433
0
LINE
8
BLACK
6
CONTINUOUS
10
5.7686857874015747
20
-4.1712117716535433
11
5.7687880708661412
21
-4.1710938976377951
0
LINE
8
BLACK
6
CONTINUOUS
10
5.7687880708661412
20
-4.1710938976377951
11
5.7689657874015747
21
-4.1709820078740156
0
LINE
8
BLACK
6
CONTINUOUS
10
5.7689657874015747
20
-4.1709820078740156
11
5.7691279133858266
21
-4.170848976377953
0
LINE
8
BLACK
6
CONTINUOUS
10
5.7691279133858266
20
-4.170848976377953
11
5.7692718897637798
21
-4.1707892913385827
0
LINE
8
BLACK
6
CONTINUOUS
10
5.7692718897637798
20
-4.1707892913385827
11
5.7697678346456689
21
-4.1704771653543302
0
LINE
8
BLACK
6
CONTINUOUS
10
5.7697678346456689
20
-4.1704771653543302
11
5.7753920866141728
21
-4.1676649999999995
0
LINE
8
BLACK
6
CONTINUOUS
10
5.7753920866141728
20
-4.1676649999999995
11
5.7764733464566929
21
-4.1672512598425193
0
LINE
8
BLACK
6
CONTINUOUS
10
5.7764733464566929
20
-4.1672512598425193
11
5.7766849212598421
21
-4.1672362204724411
0
LINE
8
BLACK
6
CONTINUOUS
10
5.7766849212598421
20
-4.1672362204724411
11
5.7768810236220469
21
-4.1671550000000002
0
LINE
8
BLACK
6
CONTINUOUS
10
5.7768810236220469
20
-4.1671550000000002
11
5.7780331496062987
21
-4.1670415354330705
0
LINE
8
BLACK
6
CONTINUOUS
10
5.7780331496062987
20
-4.1670415354330705
11
5.7836574803149601
21
-4.1670415354330705
0
LINE
8
BLACK
6
CONTINUOUS
10
5.7836574803149601
20
-4.1670415354330705
11
5.7842405905511809
21
-4.1670989370078741
0
LINE
8
BLACK
6
CONTINUOUS
10
5.5050614566929132
20
-4.1393987795275589
11
5.5063084645669287
21
-4.1399153149606303
0
LINE
8
BLACK
6
CONTINUOUS
10
5.5063084645669287
20
-4.1399153149606303
11
5.5063085039370074
21
-4.139915354330709
0
LINE
8
BLACK
6
CONTINUOUS
10
5.5063085039370074
20
-4.139915354330709
11
5.5072034251968507
21
-4.1406498031496062
0
LINE
8
BLACK
6
CONTINUOUS
10
5.5072034251968507
20
-4.1406498031496062
11
5.5100155511811026
21
-4.1434619685039369
0
LINE
8
BLACK
6
CONTINUOUS
10
5.5100155511811026
20
-4.1434619685039369
11
5.5107499606299211
21
-4.1443568503937005
0
LINE
8
BLACK
6
CONTINUOUS
10
5.5107499606299211
20
-4.1443568503937005
11
5.5107499606299211
21
-4.1443568897637793
0
LINE
8
BLACK
6
CONTINUOUS
10
5.5107499606299211
20
-4.1443568897637793
11
5.5116317322834645
21
-4.1464856299212594
0
LINE
8
BLACK
6
CONTINUOUS
10
5.5116317322834645
20
-4.1464856299212594
11
5.5116317322834645
21
-4.1487898818897637
0
LINE
8
BLACK
6
CONTINUOUS
10
5.5116317322834645
20
-4.1487898818897637
11
5.5111151574803152
21
-4.1500368897637792
0
LINE
8
BLACK
6
CONTINUOUS
10
5.5111151574803152
20
-4.1500368897637792
11
5.5107499606299211
21
-4.1509187007874013
0
LINE
8
BLACK
6
CONTINUOUS
10
5.5107499606299211
20
-4.1509187007874013
11
5.5100155118110239
21
-4.1518135826771649
0
LINE
8
BLACK
6
CONTINUOUS
10
5.5100155118110239
20
-4.1518135826771649
11
5.5072033858267719
21
-4.1546257086614169
0
LINE
8
BLACK
6
CONTINUOUS
10
5.5072033858267719
20
-4.1546257086614169
11
5.5063084645669287
21
-4.155360157480315
0
LINE
8
BLACK
6
CONTINUOUS
10
5.5063084645669287
20
-4.155360157480315
11
5.5041796456692911
21
-4.1562419291338584
0
LINE
8
BLACK
6
CONTINUOUS
10
5.5041796456692911
20
-4.1562419291338584
11
5.5018755118110239
21
-4.1562419291338584
0
LINE
8
BLACK
6
CONTINUOUS
10
5.5018755118110239
20
-4.1562419291338584
11
5.5018754724409451
21
-4.1562419291338584
0
LINE
8
BLACK
6
CONTINUOUS
10
5.5018754724409451
20
-4.1562419291338584
11
5.4997466535433066
21
-4.155360157480315
0
LINE
8
BLACK
6
CONTINUOUS
10
5.4997466535433066
20
-4.155360157480315
11
5.4997466141732279
21
-4.1553601181102362
0
LINE
8
BLACK
6
CONTINUOUS
10
5.4997466141732279
20
-4.1553601181102362
11
5.498851771653543
21
-4.1546257480314956
0
LINE
8
BLACK
6
CONTINUOUS
10
5.498851771653543
20
-4.1546257480314956
11
5.4960396062992123
21
-4.1518136220472437
0
LINE
8
BLACK
6
CONTINUOUS
10
5.4960396062992123
20
-4.1518136220472437
11
5.4953051574803151
21
-4.1509187007874013
0
LINE
8
BLACK
6
CONTINUOUS
10
5.4953051574803151
20
-4.1509187007874013
11
5.4953051181102364
21
-4.1509186614173226
0
LINE
8
BLACK
6
CONTINUOUS
10
5.4953051181102364
20
-4.1509186614173226
11
5.4945109842519688
21
-4.1490014173228342
0
LINE
8
BLACK
6
CONTINUOUS
10
5.4945109842519688
20
-4.1490014173228342
11
5.4944233464566929
21
-4.1487898818897637
0
LINE
8
BLACK
6
CONTINUOUS
10
5.4944233464566929
20
-4.1487898818897637
11
5.4944233464566929
21
-4.1464857086614169
0
LINE
8
BLACK
6
CONTINUOUS
10
5.4944233464566929
20
-4.1464857086614169
11
5.4944233464566929
21
-4.1464856692913381
0
LINE
8
BLACK
6
CONTINUOUS
10
5.4944233464566929
20
-4.1464856692913381
11
5.4944233464566929
21
-4.1464856299212594
0
LINE
8
BLACK
6
CONTINUOUS
10
5.4944233464566929
20
-4.1464856299212594
11
5.4953051181102364
21
-4.1443568897637793
0
LINE
8
BLACK
6
CONTINUOUS
10
5.4953051181102364
20
-4.1443568897637793
11
5.4953051181102364
21
-4.1443568503937005
0
LINE
8
BLACK
6
CONTINUOUS
10
5.4953051181102364
20
-4.1443568503937005
11
5.4960395669291335
21
-4.1434619291338581
0
LINE
8
BLACK
6
CONTINUOUS
10
5.4960395669291335
20
-4.1434619291338581
11
5.4988517322834642
21
-4.1406497637795274
0
LINE
8
BLACK
6
CONTINUOUS
10
5.4988517322834642
20
-4.1406497637795274
11
5.4997466535433066
21
-4.1399153149606303
0
LINE
8
BLACK
6
CONTINUOUS
10
5.4997466535433066
20
-4.1399153149606303
11
5.5018754724409451
21
-4.1390335433070868
0
LINE
8
BLACK
6
CONTINUOUS
10
5.5018754724409451
20
-4.1390335433070868
11
5.5041796456692911
21
-4.1390335433070868
0
LINE
8
BLACK
6
CONTINUOUS
10
5.5041796456692911
20
-4.1390335433070868
11
5.5041796850393698
21
-4.1390335433070868
0
LINE
8
BLACK
6
CONTINUOUS
10
5.5041796850393698
20
-4.1390335433070868
11
5.5050614566929132
21
-4.1393987795275589
0
LINE
8
BLACK
6
CONTINUOUS
10
5.8250614566929135
20
-4.1393987795275589
11
5.826308464566929
21
-4.1399153149606303
0
LINE
8
BLACK
6
CONTINUOUS
10
5.826308464566929
20
-4.1399153149606303
11
5.8263085039370077
21
-4.139915354330709
0
LINE
8
BLACK
6
CONTINUOUS
10
5.8263085039370077
20
-4.139915354330709
11
5.8272034251968501
21
-4.1406498031496062
0
LINE
8
BLACK
6
CONTINUOUS
10
5.8272034251968501
20
-4.1406498031496062
11
5.830015551181102
21
-4.1434619685039369
0
LINE
8
BLACK
6
CONTINUOUS
10
5.830015551181102
20
-4.1434619685039369
11
5.8307499606299213
21
-4.1443568503937005
0
LINE
8
BLACK
6
CONTINUOUS
10
5.8307499606299213
20
-4.1443568503937005
11
5.8307499606299213
21
-4.1443568897637793
0
LINE
8
BLACK
6
CONTINUOUS
10
5.8307499606299213
20
-4.1443568897637793
11
5.8316317322834648
21
-4.1464856299212594
0
LINE
8
BLACK
6
CONTINUOUS
10
5.8316317322834648
20
-4.1464856299212594
11
5.8316317322834648
21
-4.1487898818897637
0
LINE
8
BLACK
6
CONTINUOUS
10
5.8316317322834648
20
-4.1487898818897637
11
5.8311151574803146
21
-4.1500368897637792
0
LINE
8
BLACK
6
CONTINUOUS
10
5.8311151574803146
20
-4.1500368897637792
11
5.8307499606299213
21
-4.1509187007874013
0
LINE
8
BLACK
6
CONTINUOUS
10
5.8307499606299213
20
-4.1509187007874013
11
5.8300155118110233
21
-4.1518135826771649
0
LINE
8
BLACK
6
CONTINUOUS
10
5.8300155118110233
20
-4.1518135826771649
11
5.8272033858267713
21
-4.1546257086614169
0
LINE
8
BLACK
6
CONTINUOUS
10
5.8272033858267713
20
-4.1546257086614169
11
5.826308464566929
21
-4.155360157480315
0
LINE
8
BLACK
6
CONTINUOUS
10
5.826308464566929
20
-4.155360157480315
11
5.8241796456692914
21
-4.1562419291338584
0
LINE
8
BLACK
6
CONTINUOUS
10
5.8241796456692914
20
-4.1562419291338584
11
5.8218755118110233
21
-4.1562419291338584
0
LINE
8
BLACK
6
CONTINUOUS
10
5.8218755118110233
20
-4.1562419291338584
11
5.8218754724409445
21
-4.1562419291338584
0
LINE
8
BLACK
6
CONTINUOUS
10
5.8218754724409445
20
-4.1562419291338584
11
5.8197466535433069
21
-4.155360157480315
0
LINE
8
BLACK
6
CONTINUOUS
10
5.8197466535433069
20
-4.155360157480315
11
5.8197466141732281
21
-4.1553601181102362
0
LINE
8
BLACK
6
CONTINUOUS
10
5.8197466141732281
20
-4.1553601181102362
11
5.8188517716535433
21
-4.1546257480314956
0
LINE
8
BLACK
6
CONTINUOUS
10
5.8188517716535433
20
-4.1546257480314956
11
5.8160396062992126
21
-4.1518136220472437
0
LINE
8
BLACK
6
CONTINUOUS
10
5.8160396062992126
20
-4.1518136220472437
11
5.8153051574803145
21
-4.1509187007874013
0
LINE
8
BLACK
6
CONTINUOUS
10
5.8153051574803145
20
-4.1509187007874013
11
5.8153051181102358
21
-4.1509186614173226
0
LINE
8
BLACK
6
CONTINUOUS
10
5.8153051181102358
20
-4.1509186614173226
11
5.8145109842519682
21
-4.1490014173228342
0
LINE
8
BLACK
6
CONTINUOUS
10
5.8145109842519682
20
-4.1490014173228342
11
5.8144233464566923
21
-4.1487898818897637
0
LINE
8
BLACK
6
CONTINUOUS
10
5.8144233464566923
20
-4.1487898818897637
11
5.8144233464566923
21
-4.1464857086614169
0
LINE
8
BLACK
6
CONTINUOUS
10
5.8144233464566923
20
-4.1464857086614169
11
5.8144233464566923
21
-4.1464856692913381
0
LINE
8
BLACK
6
CONTINUOUS
10
5.8144233464566923
20
-4.1464856692913381
11
5.8144233464566923
21
-4.1464856299212594
0
LINE
8
BLACK
6
CONTINUOUS
10
5.8144233464566923
20
-4.1464856299212594
11
5.8153051181102358
21
-4.1443568897637793
0
LINE
8
BLACK
6
CONTINUOUS
10
5.8153051181102358
20
-4.1443568897637793
11
5.8153051181102358
21
-4.1443568503937005
0
LINE
8
BLACK
6
CONTINUOUS
10
5.8153051181102358
20
-4.1443568503937005
11
5.8160395669291338
21
-4.1434619291338581
0
LINE
8
BLACK
6
CONTINUOUS
10
5.8160395669291338
20
-4.1434619291338581
11
5.8188517322834645
21
-4.1406497637795274
0
LINE
8
BLACK
6
CONTINUOUS
10
5.8188517322834645
20
-4.1406497637795274
11
5.8197466535433069
21
-4.1399153149606303
0
LINE
8
BLACK
6
CONTINUOUS
10
5.8197466535433069
20
-4.1399153149606303
11
5.8218754724409445
21
-4.1390335433070868
0
LINE
8
BLACK
6
CONTINUOUS
10
5.8218754724409445
20
-4.1390335433070868
11
5.8241796456692914
21
-4.1390335433070868
0
LINE
8
BLACK
6
CONTINUOUS
10
5.8241796456692914
20
-4.1390335433070868
11
5.8241796850393701
21
-4.1390335433070868
0
LINE
8
BLACK
6
CONTINUOUS
10
5.8241796850393701
20
-4.1390335433070868
11
5.8250614566929135
21
-4.1393987795275589
0
LINE
8
BLACK
6
CONTINUOUS
10
5.7668180314960624
20
-4.0799784251968507
11
5.767936692913386
21
-4.0799784251968507
0
LINE
8
BLACK
6
CONTINUOUS
10
5.767936692913386
20
-4.0799784251968507
11
5.7679705905511813
21
-4.0799924409448822
0
LINE
8
BLACK
6
CONTINUOUS
10
5.7679705905511813
20
-4.0799924409448822
11
5.7680072047244098
21
-4.0799929133858264
0
LINE
8
BLACK
6
CONTINUOUS
10
5.7680072047244098
20
-4.0799929133858264
11
5.7691108661417321
21
-4.0803424409448814
0
LINE
8
BLACK
6
CONTINUOUS
10
5.7691108661417321
20
-4.0803424409448814
11
5.8281659842519682
21
-4.1056517716535428
0
LINE
8
BLACK
6
CONTINUOUS
10
5.8281659842519682
20
-4.1056517716535428
11
5.8291802362204725
21
-4.1062099212598424
0
LINE
8
BLACK
6
CONTINUOUS
10
5.8291802362204725
20
-4.1062099212598424
11
5.8307895669291341
21
-4.1078590157480317
0
LINE
8
BLACK
6
CONTINUOUS
10
5.8307895669291341
20
-4.1078590157480317
11
5.83164531496063
21
-4.1099983858267715
0
LINE
8
BLACK
6
CONTINUOUS
10
5.83164531496063
20
-4.1099983858267715
11
5.8316172440944882
21
-4.1123024409448821
0
LINE
8
BLACK
6
CONTINUOUS
10
5.8316172440944882
20
-4.1123024409448821
11
5.8307095669291336
21
-4.1144203543307087
0
LINE
8
BLACK
6
CONTINUOUS
10
5.8307095669291336
20
-4.1144203543307087
11
5.8290604724409452
21
-4.1160296850393703
0
LINE
8
BLACK
6
CONTINUOUS
10
5.8290604724409452
20
-4.1160296850393703
11
5.8269211023622045
21
-4.1168854330708662
0
LINE
8
BLACK
6
CONTINUOUS
10
5.8269211023622045
20
-4.1168854330708662
11
5.8246170472440948
21
-4.1168573622047244
0
LINE
8
BLACK
6
CONTINUOUS
10
5.8246170472440948
20
-4.1168573622047244
11
5.8235133858267716
21
-4.1165078346456694
0
LINE
8
BLACK
6
CONTINUOUS
10
5.8235133858267716
20
-4.1165078346456694
11
5.7726900787401574
21
-4.0947264173228346
0
LINE
8
BLACK
6
CONTINUOUS
10
5.7726900787401574
20
-4.0947264173228346
11
5.7726900787401574
21
-4.1251405511811026
0
LINE
8
BLACK
6
CONTINUOUS
10
5.7726900787401574
20
-4.1251405511811026
11
5.7725766141732286
21
-4.1262926771653543
0
LINE
8
BLACK
6
CONTINUOUS
10
5.7725766141732286
20
-4.1262926771653543
11
5.7716948031496065
21
-4.1284214960629919
0
LINE
8
BLACK
6
CONTINUOUS
10
5.7716948031496065
20
-4.1284214960629919
11
5.7700655118110236
21
-4.1300507874015748
0
LINE
8
BLACK
6
CONTINUOUS
10
5.7700655118110236
20
-4.1300507874015748
11
5.767936692913386
21
-4.130932598425197
0
LINE
8
BLACK
6
CONTINUOUS
10
5.767936692913386
20
-4.130932598425197
11
5.7656324409448816
21
-4.130932598425197
0
LINE
8
BLACK
6
CONTINUOUS
10
5.7656324409448816
20
-4.130932598425197
11
5.763503622047244
21
-4.1300507874015748
0
LINE
8
BLACK
6
CONTINUOUS
10
5.763503622047244
20
-4.1300507874015748
11
5.7618743307086611
21
-4.1284214960629919
0
LINE
8
BLACK
6
CONTINUOUS
10
5.7618743307086611
20
-4.1284214960629919
11
5.7609925196850389
21
-4.1262926771653543
0
LINE
8
BLACK
6
CONTINUOUS
10
5.7609925196850389
20
-4.1262926771653543
11
5.7608790551181102
21
-4.1251405511811026
0
LINE
8
BLACK
6
CONTINUOUS
10
5.7608790551181102
20
-4.1251405511811026
11
5.7608790551181102
21
-4.0857704724409452
0
LINE
8
BLACK
6
CONTINUOUS
10
5.7608790551181102
20
-4.0857704724409452
11
5.7609925196850389
21
-4.0846183464566925
0
LINE
8
BLACK
6
CONTINUOUS
10
5.7609925196850389
20
-4.0846183464566925
11
5.7610065354330704
21
-4.0845844094488184
0
LINE
8
BLACK
6
CONTINUOUS
10
5.7610065354330704
20
-4.0845844094488184
11
5.7610070078740154
21
-4.0845478346456696
0
LINE
8
BLACK
6
CONTINUOUS
10
5.7610070078740154
20
-4.0845478346456696
11
5.7614467322834644
21
-4.083521771653543
0
LINE
8
BLACK
6
CONTINUOUS
10
5.7614467322834644
20
-4.083521771653543
11
5.7618743307086611
21
-4.0824895275590549
0
LINE
8
BLACK
6
CONTINUOUS
10
5.7618743307086611
20
-4.0824895275590549
11
5.7619002362204723
21
-4.0824635826771649
0
LINE
8
BLACK
6
CONTINUOUS
10
5.7619002362204723
20
-4.0824635826771649
11
5.7619146850393701
21
-4.0824299212598421
0
LINE
8
BLACK
6
CONTINUOUS
10
5.7619146850393701
20
-4.0824299212598421
11
5.762713070866142
21
-4.0816507480314961
0
LINE
8
BLACK
6
CONTINUOUS
10
5.762713070866142
20
-4.0816507480314961
11
5.763503622047244
21
-4.080860236220472
0
LINE
8
BLACK
6
CONTINUOUS
10
5.763503622047244
20
-4.080860236220472
11
5.7635375590551181
21
-4.080846141732283
0
LINE
8
BLACK
6
CONTINUOUS
10
5.7635375590551181
20
-4.080846141732283
11
5.7635637795275585
21
-4.0808205905511814
0
LINE
8
BLACK
6
CONTINUOUS
10
5.7635637795275585
20
-4.0808205905511814
11
5.7645990157480318
21
-4.0804064566929137
0
LINE
8
BLACK
6
CONTINUOUS
10
5.7645990157480318
20
-4.0804064566929137
11
5.7656324409448816
21
-4.0799784251968507
0
LINE
8
BLACK
6
CONTINUOUS
10
5.7656324409448816
20
-4.0799784251968507
11
5.765669212598425
21
-4.0799784251968507
0
LINE
8
BLACK
6
CONTINUOUS
10
5.765669212598425
20
-4.0799784251968507
11
5.7657031496062991
21
-4.0799648425196846
0
LINE
8
BLACK
6
CONTINUOUS
10
5.7657031496062991
20
-4.0799648425196846
11
5.7668180314960624
21
-4.0799784251968507
0
LINE
8
BLACK
6
CONTINUOUS
10
5.4894355905511807
20
-4.080860236220472
11
5.4910648818897636
21
-4.0824895275590549
0
LINE
8
BLACK
6
CONTINUOUS
10
5.4910648818897636
20
-4.0824895275590549
11
5.4919466929133858
21
-4.0846183464566925
0
LINE
8
BLACK
6
CONTINUOUS
10
5.4919466929133858
20
-4.0846183464566925
11
5.4920601574803145
21
-4.0857704724409452
0
LINE
8
BLACK
6
CONTINUOUS
10
5.4920601574803145
20
-4.0857704724409452
11
5.4920601574803145
21
-4.0883014173228345
0
LINE
8
BLACK
6
CONTINUOUS
10
5.4920601574803145
20
-4.0883014173228345
11
5.50583968503937
21
-4.0883014173228345
0
LINE
8
BLACK
6
CONTINUOUS
10
5.50583968503937
20
-4.0883014173228345
11
5.5069918110236218
21
-4.0884148818897641
0
LINE
8
BLACK
6
CONTINUOUS
10
5.5069918110236218
20
-4.0884148818897641
11
5.5091206299212594
21
-4.0892966929133854
0
LINE
8
BLACK
6
CONTINUOUS
10
5.5091206299212594
20
-4.0892966929133854
11
5.5107499212598423
21
-4.0909259842519683
0
LINE
8
BLACK
6
CONTINUOUS
10
5.5107499212598423
20
-4.0909259842519683
11
5.5116317322834645
21
-4.0930548031496059
0
LINE
8
BLACK
6
CONTINUOUS
10
5.5116317322834645
20
-4.0930548031496059
11
5.5116317322834645
21
-4.0953590551181103
0
LINE
8
BLACK
6
CONTINUOUS
10
5.5116317322834645
20
-4.0953590551181103
11
5.5107499212598423
21
-4.0974878740157479
0
LINE
8
BLACK
6
CONTINUOUS
10
5.5107499212598423
20
-4.0974878740157479
11
5.5091206299212594
21
-4.0991171653543308
0
LINE
8
BLACK
6
CONTINUOUS
10
5.5091206299212594
20
-4.0991171653543308
11
5.5069918110236218
21
-4.099998976377953
0
LINE
8
BLACK
6
CONTINUOUS
10
5.5069918110236218
20
-4.099998976377953
11
5.50583968503937
21
-4.1001124409448817
0
LINE
8
BLACK
6
CONTINUOUS
10
5.50583968503937
20
-4.1001124409448817
11
5.4920601574803145
21
-4.1001124409448817
0
LINE
8
BLACK
6
CONTINUOUS
10
5.4920601574803145
20
-4.1001124409448817
11
5.4920601574803145
21
-4.1223283858267719
0
LINE
8
BLACK
6
CONTINUOUS
10
5.4920601574803145
20
-4.1223283858267719
11
5.492002716535433
21
-4.1229114960629918
0
LINE
8
BLACK
6
CONTINUOUS
10
5.492002716535433
20
-4.1229114960629918
11
5.492013779527559
21
-4.1230669685039372
0
LINE
8
BLACK
6
CONTINUOUS
10
5.492013779527559
20
-4.1230669685039372
11
5.4919763385826768
21
-4.1231791732283467
0
LINE
8
BLACK
6
CONTINUOUS
10
5.4919763385826768
20
-4.1231791732283467
11
5.4919466929133858
21
-4.1234805118110236
0
LINE
8
BLACK
6
CONTINUOUS
10
5.4919466929133858
20
-4.1234805118110236
11
5.4915843700787397
21
-4.1243551574803146
0
LINE
8
BLACK
6
CONTINUOUS
10
5.4915843700787397
20
-4.1243551574803146
11
5.4912851181102358
21
-4.1252529921259837
0
LINE
8
BLACK
6
CONTINUOUS
10
5.4912851181102358
20
-4.1252529921259837
11
5.4911460629921258
21
-4.1254132677165352
0
LINE
8
BLACK
6
CONTINUOUS
10
5.4911460629921258
20
-4.1254132677165352
11
5.4910648818897636
21
-4.1256093307086612
0
LINE
8
BLACK
6
CONTINUOUS
10
5.4910648818897636
20
-4.1256093307086612
11
5.4903953543307082
21
-4.1262788188976378
0
LINE
8
BLACK
6
CONTINUOUS
10
5.4903953543307082
20
-4.1262788188976378
11
5.4897753543307086
21
-4.1269937007874011
0
LINE
8
BLACK
6
CONTINUOUS
10
5.4897753543307086
20
-4.1269937007874011
11
5.48958562992126
21
-4.1270885433070861
0
LINE
8
BLACK
6
CONTINUOUS
10
5.48958562992126
20
-4.1270885433070861
11
5.4894355905511807
21
-4.1272386220472441
0
LINE
8
BLACK
6
CONTINUOUS
10
5.4894355905511807
20
-4.1272386220472441
11
5.4885608661417322
21
-4.1276009448818893
0
LINE
8
BLACK
6
CONTINUOUS
10
5.4885608661417322
20
-4.1276009448818893
11
5.4877144488188971
21
-4.1280241732283462
0
LINE
8
BLACK
6
CONTINUOUS
10
5.4877144488188971
20
-4.1280241732283462
11
5.4875028346456691
21
-4.1280391732283466
0
LINE
8
BLACK
6
CONTINUOUS
10
5.4875028346456691
20
-4.1280391732283466
11
5.4873067716535431
21
-4.1281204330708663
0
LINE
8
BLACK
6
CONTINUOUS
10
5.4873067716535431
20
-4.1281204330708663
11
5.4863599999999995
21
-4.1281204330708663
0
LINE
8
BLACK
6
CONTINUOUS
10
5.4863599999999995
20
-4.1281204330708663
11
5.4854160236220473
21
-4.1281875196850395
0
LINE
8
BLACK
6
CONTINUOUS
10
5.4854160236220473
20
-4.1281875196850395
11
5.4851209842519681
21
-4.1281204330708663
0
LINE
8
BLACK
6
CONTINUOUS
10
5.4851209842519681
20
-4.1281204330708663
11
5.4850025196850396
21
-4.1281204330708663
0
LINE
8
BLACK
6
CONTINUOUS
10
5.4850025196850396
20
-4.1281204330708663
11
5.4848583464566927
21
-4.1280607086614172
0
LINE
8
BLACK
6
CONTINUOUS
10
5.4848583464566927
20
-4.1280607086614172
11
5.4842871259842516
21
-4.127930826771653
0
LINE
8
BLACK
6
CONTINUOUS
10
5.4842871259842516
20
-4.127930826771653
11
5.442104960629921
21
-4.113870078740157
0
LINE
8
BLACK
6
CONTINUOUS
10
5.442104960629921
20
-4.113870078740157
11
5.4410478346456692
21
-4.1133981102362203
0
LINE
8
BLACK
6
CONTINUOUS
10
5.4410478346456692
20
-4.1133981102362203
11
5.4393071259842518
21
-4.1118883858267719
0
LINE
8
BLACK
6
CONTINUOUS
10
5.4393071259842518
20
-4.1118883858267719
11
5.4382766535433067
21
-4.1098274803149604
0
LINE
8
BLACK
6
CONTINUOUS
10
5.4382766535433067
20
-4.1098274803149604
11
5.4381133070866143
21
-4.1075290157480318
0
LINE
8
BLACK
6
CONTINUOUS
10
5.4381133070866143
20
-4.1075290157480318
11
5.4388419685039366
21
-4.1053430314960631
0
LINE
8
BLACK
6
CONTINUOUS
10
5.4388419685039366
20
-4.1053430314960631
11
5.4403516929133859
21
-4.1036023228346457
0
LINE
8
BLACK
6
CONTINUOUS
10
5.4403516929133859
20
-4.1036023228346457
11
5.4424125984251965
21
-4.1025718503937005
0
LINE
8
BLACK
6
CONTINUOUS
10
5.4424125984251965
20
-4.1025718503937005
11
5.444711062992126
21
-4.1024085039370082
0
LINE
8
BLACK
6
CONTINUOUS
10
5.444711062992126
20
-4.1024085039370082
11
5.4458399212598421
21
-4.1026651968503938
0
LINE
8
BLACK
6
CONTINUOUS
10
5.4458399212598421
20
-4.1026651968503938
11
5.4802491338582673
21
-4.1141348818897638
0
LINE
8
BLACK
6
CONTINUOUS
10
5.4802491338582673
20
-4.1141348818897638
11
5.4802491338582673
21
-4.1001124409448817
0
LINE
8
BLACK
6
CONTINUOUS
10
5.4802491338582673
20
-4.1001124409448817
11
5.4664696062992126
21
-4.1001124409448817
0
LINE
8
BLACK
6
CONTINUOUS
10
5.4664696062992126
20
-4.1001124409448817
11
5.4653174803149609
21
-4.099998976377953
0
LINE
8
BLACK
6
CONTINUOUS
10
5.4653174803149609
20
-4.099998976377953
11
5.4631886614173224
21
-4.0991171653543308
0
LINE
8
BLACK
6
CONTINUOUS
10
5.4631886614173224
20
-4.0991171653543308
11
5.4615593700787404
21
-4.0974878740157479
0
LINE
8
BLACK
6
CONTINUOUS
10
5.4615593700787404
20
-4.0974878740157479
11
5.4606775590551182
21
-4.0953590551181103
0
LINE
8
BLACK
6
CONTINUOUS
10
5.4606775590551182
20
-4.0953590551181103
11
5.4606775590551182
21
-4.0930548031496059
0
LINE
8
BLACK
6
CONTINUOUS
10
5.4606775590551182
20
-4.0930548031496059
11
5.4615593700787404
21
-4.0909259842519683
0
LINE
8
BLACK
6
CONTINUOUS
10
5.4615593700787404
20
-4.0909259842519683
11
5.4631886614173224
21
-4.0892966929133854
0
LINE
8
BLACK
6
CONTINUOUS
10
5.4631886614173224
20
-4.0892966929133854
11
5.4653174803149609
21
-4.0884148818897641
0
LINE
8
BLACK
6
CONTINUOUS
10
5.4653174803149609
20
-4.0884148818897641
11
5.4664696062992126
21
-4.0883014173228345
0
LINE
8
BLACK
6
CONTINUOUS
10
5.4664696062992126
20
-4.0883014173228345
11
5.4802491338582673
21
-4.0883014173228345
0
LINE
8
BLACK
6
CONTINUOUS
10
5.4802491338582673
20
-4.0883014173228345
11
5.4802491338582673
21
-4.0857704724409452
0
LINE
8
BLACK
6
CONTINUOUS
10
5.4802491338582673
20
-4.0857704724409452
11
5.4803625984251969
21
-4.0846183464566925
0
LINE
8
BLACK
6
CONTINUOUS
10
5.4803625984251969
20
-4.0846183464566925
11
5.4812444094488191
21
-4.0824895275590549
0
LINE
8
BLACK
6
CONTINUOUS
10
5.4812444094488191
20
-4.0824895275590549
11
5.4828737007874011
21
-4.080860236220472
0
LINE
8
BLACK
6
CONTINUOUS
10
5.4828737007874011
20
-4.080860236220472
11
5.4850025196850396
21
-4.0799784251968507
0
LINE
8
BLACK
6
CONTINUOUS
10
5.4850025196850396
20
-4.0799784251968507
11
5.4873067716535431
21
-4.0799784251968507
0
LINE
8
BLACK
6
CONTINUOUS
10
5.4873067716535431
20
-4.0799784251968507
11
5.4894355905511807
21
-4.080860236220472
0
LINE
8
BLACK
6
CONTINUOUS
10
5.4835434251968502
20
-4.0264538976377953
11
5.4836295669291335
21
-4.0264411023622042
0
LINE
8
BLACK
6
CONTINUOUS
10
5.4836295669291335
20
-4.0264411023622042
11
5.484060708661417
21
-4.0265048425196852
0
LINE
8
BLACK
6
CONTINUOUS
10
5.484060708661417
20
-4.0265048425196852
11
5.4844946456692911
21
-4.0265475984251964
0
LINE
8
BLACK
6
CONTINUOUS
10
5.4844946456692911
20
-4.0265475984251964
11
5.4845751181102358
21
-4.0265809055118114
0
LINE
8
BLACK
6
CONTINUOUS
10
5.4845751181102358
20
-4.0265809055118114
11
5.4847748425196849
21
-4.0266104724409448
0
LINE
8
BLACK
6
CONTINUOUS
10
5.4847748425196849
20
-4.0266104724409448
11
5.4960233858267715
21
-4.0294226377952755
0
LINE
8
BLACK
6
CONTINUOUS
10
5.4960233858267715
20
-4.0294226377952755
11
5.4961083464566931
21
-4.0294529921259841
0
LINE
8
BLACK
6
CONTINUOUS
10
5.4961083464566931
20
-4.0294529921259841
11
5.4961509055118105
21
-4.0294560236220471
0
LINE
8
BLACK
6
CONTINUOUS
10
5.4961509055118105
20
-4.0294560236220471
11
5.4966301968503934
21
-4.0296394094488184
0
LINE
8
BLACK
6
CONTINUOUS
10
5.4966301968503934
20
-4.0296394094488184
11
5.4971135826771649
21
-4.0298121259842521
0
LINE
8
BLACK
6
CONTINUOUS
10
5.4971135826771649
20
-4.0298121259842521
11
5.497147834645669
21
-4.0298374803149608
0
LINE
8
BLACK
6
CONTINUOUS
10
5.497147834645669
20
-4.0298374803149608
11
5.4972321259842518
21
-4.0298697637795273
0
LINE
8
BLACK
6
CONTINUOUS
10
5.4972321259842518
20
-4.0298697637795273
11
5.5028564173228345
21
-4.032681929133858
0
LINE
8
BLACK
6
CONTINUOUS
10
5.5028564173228345
20
-4.032681929133858
11
5.503352283464567
21
-4.0329940551181105
0
LINE
8
BLACK
6
CONTINUOUS
10
5.503352283464567
20
-4.0329940551181105
11
5.5034962598425192
21
-4.0330537007874012
0
LINE
8
BLACK
6
CONTINUOUS
10
5.5034962598425192
20
-4.0330537007874012
11
5.5036583464566924
21
-4.0331867322834647
0
LINE
8
BLACK
6
CONTINUOUS
10
5.5036583464566924
20
-4.0331867322834647
11
5.5038361811023622
21
-4.033298661417323
0
LINE
8
BLACK
6
CONTINUOUS
10
5.5038361811023622
20
-4.033298661417323
11
5.5039384251968499
21
-4.0334165354330711
0
LINE
8
BLACK
6
CONTINUOUS
10
5.5039384251968499
20
-4.0334165354330711
11
5.5043911811023625
21
-4.0337881102362205
0
LINE
8
BLACK
6
CONTINUOUS
10
5.5043911811023625
20
-4.0337881102362205
11
5.5072033464566932
21
-4.0366002362204725
0
LINE
8
BLACK
6
CONTINUOUS
10
5.5072033464566932
20
-4.0366002362204725
11
5.5075750787401576
21
-4.0370531889763779
0
LINE
8
BLACK
6
CONTINUOUS
10
5.5075750787401576
20
-4.0370531889763779
11
5.5076928740157483
21
-4.0371553543307082
0
LINE
8
BLACK
6
CONTINUOUS
10
5.5076928740157483
20
-4.0371553543307082
11
5.5078046456692915
21
-4.0373329133858267
0
LINE
8
BLACK
6
CONTINUOUS
10
5.5078046456692915
20
-4.0373329133858267
11
5.5079377952755904
21
-4.0374951574803148
0
LINE
8
BLACK
6
CONTINUOUS
10
5.5079377952755904
20
-4.0374951574803148
11
5.507997440944882
21
-4.0376392125984255
0
LINE
8
BLACK
6
CONTINUOUS
10
5.507997440944882
20
-4.0376392125984255
11
5.5083096062992123
21
-4.0381350787401571
0
LINE
8
BLACK
6
CONTINUOUS
10
5.5083096062992123
20
-4.0381350787401571
11
5.5111217322834642
21
-4.0437594094488185
0
LINE
8
BLACK
6
CONTINUOUS
10
5.5111217322834642
20
-4.0437594094488185
11
5.5115355118110232
21
-4.0448406299212598
0
LINE
8
BLACK
6
CONTINUOUS
10
5.5115355118110232
20
-4.0448406299212598
11
5.5115505118110235
21
-4.0450522440944878
0
LINE
8
BLACK
6
CONTINUOUS
10
5.5115505118110235
20
-4.0450522440944878
11
5.5116317322834645
21
-4.0452482677165351
0
LINE
8
BLACK
6
CONTINUOUS
10
5.5116317322834645
20
-4.0452482677165351
11
5.5117451968503932
21
-4.0464003937007877
0
LINE
8
BLACK
6
CONTINUOUS
10
5.5117451968503932
20
-4.0464003937007877
11
5.5117451968503932
21
-4.0520246850393704
0
LINE
8
BLACK
6
CONTINUOUS
10
5.5117451968503932
20
-4.0520246850393704
11
5.5116317322834645
21
-4.0531768110236222
0
LINE
8
BLACK
6
CONTINUOUS
10
5.5116317322834645
20
-4.0531768110236222
11
5.5115505118110235
21
-4.0533727952755907
0
LINE
8
BLACK
6
CONTINUOUS
10
5.5115505118110235
20
-4.0533727952755907
11
5.5115355118110232
21
-4.0535844488188975
0
LINE
8
BLACK
6
CONTINUOUS
10
5.5115355118110232
20
-4.0535844488188975
11
5.511121771653543
21
-4.0546656692913388
0
LINE
8
BLACK
6
CONTINUOUS
10
5.511121771653543
20
-4.0546656692913388
11
5.5083096062992123
21
-4.0602900000000002
0
LINE
8
BLACK
6
CONTINUOUS
10
5.5083096062992123
20
-4.0602900000000002
11
5.507997440944882
21
-4.0607859055118105
0
LINE
8
BLACK
6
CONTINUOUS
10
5.507997440944882
20
-4.0607859055118105
11
5.5079377952755904
21
-4.0609299606299212
0
LINE
8
BLACK
6
CONTINUOUS
10
5.5079377952755904
20
-4.0609299606299212
11
5.5078047637795278
21
-4.0610920078740156
0
LINE
8
BLACK
6
CONTINUOUS
10
5.5078047637795278
20
-4.0610920078740156
11
5.507692913385827
21
-4.0612697637795279
0
LINE
8
BLACK
6
CONTINUOUS
10
5.507692913385827
20
-4.0612697637795279
11
5.5075749606299214
21
-4.0613720078740156
0
LINE
8
BLACK
6
CONTINUOUS
10
5.5075749606299214
20
-4.0613720078740156
11
5.5072033464566932
21
-4.0618248818897635
0
LINE
8
BLACK
6
CONTINUOUS
10
5.5072033464566932
20
-4.0618248818897635
11
5.5043911811023625
21
-4.0646370078740155
0
LINE
8
BLACK
6
CONTINUOUS
10
5.5043911811023625
20
-4.0646370078740155
11
5.5039384251968499
21
-4.0650085433070862
0
LINE
8
BLACK
6
CONTINUOUS
10
5.5039384251968499
20
-4.0650085433070862
11
5.5038361811023622
21
-4.0651264566929131
0
LINE
8
BLACK
6
CONTINUOUS
10
5.5038361811023622
20
-4.0651264566929131
11
5.5036583464566924
21
-4.0652383464566926
0
LINE
8
BLACK
6
CONTINUOUS
10
5.5036583464566924
20
-4.0652383464566926
11
5.5034962598425192
21
-4.0653714173228348
0
LINE
8
BLACK
6
CONTINUOUS
10
5.5034962598425192
20
-4.0653714173228348
11
5.503352283464567
21
-4.0654310236220468
0
LINE
8
BLACK
6
CONTINUOUS
10
5.503352283464567
20
-4.0654310236220468
11
5.5028564173228345
21
-4.065743188976378
0
LINE
8
BLACK
6
CONTINUOUS
10
5.5028564173228345
20
-4.065743188976378
11
5.4972321259842518
21
-4.0685553543307087
0
LINE
8
BLACK
6
CONTINUOUS
10
5.4972321259842518
20
-4.0685553543307087
11
5.497147834645669
21
-4.0685875984251965
0
LINE
8
BLACK
6
CONTINUOUS
10
5.497147834645669
20
-4.0685875984251965
11
5.4971135826771649
21
-4.0686129921259839
0
LINE
8
BLACK
6
CONTINUOUS
10
5.4971135826771649
20
-4.0686129921259839
11
5.4966301968503934
21
-4.0687856692913389
0
LINE
8
BLACK
6
CONTINUOUS
10
5.4966301968503934
20
-4.0687856692913389
11
5.4961509055118105
21
-4.0689690944881889
0
LINE
8
BLACK
6
CONTINUOUS
10
5.4961509055118105
20
-4.0689690944881889
11
5.4961083464566931
21
-4.0689720866141732
0
LINE
8
BLACK
6
CONTINUOUS
10
5.4961083464566931
20
-4.0689720866141732
11
5.4960233858267715
21
-4.0690024803149605
0
LINE
8
BLACK
6
CONTINUOUS
10
5.4960233858267715
20
-4.0690024803149605
11
5.4847748031496062
21
-4.0718146062992124
0
LINE
8
BLACK
6
CONTINUOUS
10
5.4847748031496062
20
-4.0718146062992124
11
5.4845751181102358
21
-4.0718440944881893
0
LINE
8
BLACK
6
CONTINUOUS
10
5.4845751181102358
20
-4.0718440944881893
11
5.4844946456692911
21
-4.0718774803149609
0
LINE
8
BLACK
6
CONTINUOUS
10
5.4844946456692911
20
-4.0718774803149609
11
5.4840606692913383
21
-4.0719201968503933
0
LINE
8
BLACK
6
CONTINUOUS
10
5.4840606692913383
20
-4.0719201968503933
11
5.4836295669291335
21
-4.0719839763779531
0
LINE
8
BLACK
6
CONTINUOUS
10
5.4836295669291335
20
-4.0719839763779531
11
5.4835434251968502
21
-4.0719711417322833
0
LINE
8
BLACK
6
CONTINUOUS
10
5.4835434251968502
20
-4.0719711417322833
11
5.4833425196850394
21
-4.0719909448818896
0
LINE
8
BLACK
6
CONTINUOUS
10
5.4833425196850394
20
-4.0719909448818896
11
5.4692817716535433
21
-4.0719909448818896
0
LINE
8
BLACK
6
CONTINUOUS
10
5.4692817716535433
20
-4.0719909448818896
11
5.4690808267716537
21
-4.0719711417322833
0
LINE
8
BLACK
6
CONTINUOUS
10
5.4690808267716537
20
-4.0719711417322833
11
5.4689947244094483
21
-4.0719839763779531
0
LINE
8
BLACK
6
CONTINUOUS
10
5.4689947244094483
20
-4.0719839763779531
11
5.4685635826771648
21
-4.0719201968503933
0
LINE
8
BLACK
6
CONTINUOUS
10
5.4685635826771648
20
-4.0719201968503933
11
5.4681296456692916
21
-4.0718774803149609
0
LINE
8
BLACK
6
CONTINUOUS
10
5.4681296456692916
20
-4.0718774803149609
11
5.4680491338582673
21
-4.0718440944881893
0
LINE
8
BLACK
6
CONTINUOUS
10
5.4680491338582673
20
-4.0718440944881893
11
5.4678494881889765
21
-4.0718146062992124
0
LINE
8
BLACK
6
CONTINUOUS
10
5.4678494881889765
20
-4.0718146062992124
11
5.4566008661417325
21
-4.0690024803149605
0
LINE
8
BLACK
6
CONTINUOUS
10
5.4566008661417325
20
-4.0690024803149605
11
5.4565158661417321
21
-4.0689720866141732
0
LINE
8
BLACK
6
CONTINUOUS
10
5.4565158661417321
20
-4.0689720866141732
11
5.4564733464566926
21
-4.0689690944881889
0
LINE
8
BLACK
6
CONTINUOUS
10
5.4564733464566926
20
-4.0689690944881889
11
5.4559937795275593
21
-4.0687855905511814
0
LINE
8
BLACK
6
CONTINUOUS
10
5.4559937795275593
20
-4.0687855905511814
11
5.4555106692913382
21
-4.0686129921259839
0
LINE
8
BLACK
6
CONTINUOUS
10
5.4555106692913382
20
-4.0686129921259839
11
5.4554764173228349
21
-4.0685875984251965
0
LINE
8
BLACK
6
CONTINUOUS
10
5.4554764173228349
20
-4.0685875984251965
11
5.4553920866141734
21
-4.0685553543307087
0
LINE
8
BLACK
6
CONTINUOUS
10
5.4553920866141734
20
-4.0685553543307087
11
5.4497678346456695
21
-4.065743188976378
0
LINE
8
BLACK
6
CONTINUOUS
10
5.4497678346456695
20
-4.065743188976378
11
5.4492720866141733
21
-4.0654311023622043
0
LINE
8
BLACK
6
CONTINUOUS
10
5.4492720866141733
20
-4.0654311023622043
11
5.4491279133858264
21
-4.0653714173228348
0
LINE
8
BLACK
6
CONTINUOUS
10
5.4491279133858264
20
-4.0653714173228348
11
5.4489655905511807
21
-4.0652381889763776
0
LINE
8
BLACK
6
CONTINUOUS
10
5.4489655905511807
20
-4.0652381889763776
11
5.4487880708661418
21
-4.0651264566929131
0
LINE
8
BLACK
6
CONTINUOUS
10
5.4487880708661418
20
-4.0651264566929131
11
5.4486858661417319
21
-4.0650086220472437
0
LINE
8
BLACK
6
CONTINUOUS
10
5.4486858661417319
20
-4.0650086220472437
11
5.4482330314960628
21
-4.0646369685039367
0
LINE
8
BLACK
6
CONTINUOUS
10
5.4482330314960628
20
-4.0646369685039367
11
5.4454209055118108
21
-4.0618248425196848
0
LINE
8
BLACK
6
CONTINUOUS
10
5.4454209055118108
20
-4.0618248425196848
11
5.4450492519685039
21
-4.0613720078740156
0
LINE
8
BLACK
6
CONTINUOUS
10
5.4450492519685039
20
-4.0613720078740156
11
5.4449314173228345
21
-4.0612698031496066
0
LINE
8
BLACK
6
CONTINUOUS
10
5.4449314173228345
20
-4.0612698031496066
11
5.4448195669291337
21
-4.0610920866141731
0
LINE
8
BLACK
6
CONTINUOUS
10
5.4448195669291337
20
-4.0610920866141731
11
5.4446864566929136
21
-4.0609299212598424
0
LINE
8
BLACK
6
CONTINUOUS
10
5.4446864566929136
20
-4.0609299212598424
11
5.4446267716535433
21
-4.0607858267716539
0
LINE
8
BLACK
6
CONTINUOUS
10
5.4446267716535433
20
-4.0607858267716539
11
5.4443146850393696
21
-4.0602900393700789
0
LINE
8
BLACK
6
CONTINUOUS
10
5.4443146850393696
20
-4.0602900393700789
11
5.4415025196850388
21
-4.0546657086614175
0
LINE
8
BLACK
6
CONTINUOUS
10
5.4415025196850388
20
-4.0546657086614175
11
5.4410887401574799
21
-4.0535844881889762
0
LINE
8
BLACK
6
CONTINUOUS
10
5.4410887401574799
20
-4.0535844881889762
11
5.441073661417323
21
-4.0533727559055119
0
LINE
8
BLACK
6
CONTINUOUS
10
5.441073661417323
20
-4.0533727559055119
11
5.4409925196850395
21
-4.0531768110236222
0
LINE
8
BLACK
6
CONTINUOUS
10
5.4409925196850395
20
-4.0531768110236222
11
5.4408790551181099
21
-4.0520246850393704
0
LINE
8
BLACK
6
CONTINUOUS
10
5.4408790551181099
20
-4.0520246850393704
11
5.4408790551181099
21
-4.0464003937007877
0
LINE
8
BLACK
6
CONTINUOUS
10
5.4408790551181099
20
-4.0464003937007877
11
5.4409925196850395
21
-4.0452482677165351
0
LINE
8
BLACK
6
CONTINUOUS
10
5.4409925196850395
20
-4.0452482677165351
11
5.4410737401574805
21
-4.0450521653543303
0
LINE
8
BLACK
6
CONTINUOUS
10
5.4410737401574805
20
-4.0450521653543303
11
5.4410887795275586
21
-4.0448405905511811
0
LINE
8
BLACK
6
CONTINUOUS
10
5.4410887795275586
20
-4.0448405905511811
11
5.4415025196850388
21
-4.0437593700787398
0
LINE
8
BLACK
6
CONTINUOUS
10
5.4415025196850388
20
-4.0437593700787398
11
5.4443146850393696
21
-4.0381350787401571
0
LINE
8
BLACK
6
CONTINUOUS
10
5.4443146850393696
20
-4.0381350787401571
11
5.4446267716535433
21
-4.0376392519685043
0
LINE
8
BLACK
6
CONTINUOUS
10
5.4446267716535433
20
-4.0376392519685043
11
5.4446864566929136
21
-4.0374951968503936
0
LINE
8
BLACK
6
CONTINUOUS
10
5.4446864566929136
20
-4.0374951968503936
11
5.4448195669291337
21
-4.0373329921259842
0
LINE
8
BLACK
6
CONTINUOUS
10
5.4448195669291337
20
-4.0373329921259842
11
5.4449314173228345
21
-4.0371553149606294
0
LINE
8
BLACK
6
CONTINUOUS
10
5.4449314173228345
20
-4.0371553149606294
11
5.4450492519685039
21
-4.0370530708661416
0
LINE
8
BLACK
6
CONTINUOUS
10
5.4450492519685039
20
-4.0370530708661416
11
5.4454209055118108
21
-4.0366002755905512
0
LINE
8
BLACK
6
CONTINUOUS
10
5.4454209055118108
20
-4.0366002755905512
11
5.4482330314960628
21
-4.0337881496062993
0
LINE
8
BLACK
6
CONTINUOUS
10
5.4482330314960628
20
-4.0337881496062993
11
5.4486858661417319
21
-4.0334164566929136
0
LINE
8
BLACK
6
CONTINUOUS
10
5.4486858661417319
20
-4.0334164566929136
11
5.4487880708661418
21
-4.033298661417323
0
LINE
8
BLACK
6
CONTINUOUS
10
5.4487880708661418
20
-4.033298661417323
11
5.4489655905511807
21
-4.0331868897637797
0
LINE
8
BLACK
6
CONTINUOUS
10
5.4489655905511807
20
-4.0331868897637797
11
5.4491279133858264
21
-4.0330537007874012
0
LINE
8
BLACK
6
CONTINUOUS
10
5.4491279133858264
20
-4.0330537007874012
11
5.4492720866141733
21
-4.032993976377953
0
LINE
8
BLACK
6
CONTINUOUS
10
5.4492720866141733
20
-4.032993976377953
11
5.4497678346456695
21
-4.032681929133858
0
LINE
8
BLACK
6
CONTINUOUS
10
5.4497678346456695
20
-4.032681929133858
11
5.4553920866141734
21
-4.0298697637795273
0
LINE
8
BLACK
6
CONTINUOUS
10
5.4553920866141734
20
-4.0298697637795273
11
5.4554763385826774
21
-4.0298374803149608
0
LINE
8
BLACK
6
CONTINUOUS
10
5.4554763385826774
20
-4.0298374803149608
11
5.4555106299212595
21
-4.0298121259842521
0
LINE
8
BLACK
6
CONTINUOUS
10
5.4555106299212595
20
-4.0298121259842521
11
5.4559940551181105
21
-4.0296393700787396
0
LINE
8
BLACK
6
CONTINUOUS
10
5.4559940551181105
20
-4.0296393700787396
11
5.4564733464566926
21
-4.0294560236220471
0
LINE
8
BLACK
6
CONTINUOUS
10
5.4564733464566926
20
-4.0294560236220471
11
5.4565158661417321
21
-4.0294529921259841
0
LINE
8
BLACK
6
CONTINUOUS
10
5.4565158661417321
20
-4.0294529921259841
11
5.4566008661417325
21
-4.0294226377952755
0
LINE
8
BLACK
6
CONTINUOUS
10
5.4566008661417325
20
-4.0294226377952755
11
5.4678494488188978
21
-4.0266104724409448
0
LINE
8
BLACK
6
CONTINUOUS
10
5.4678494488188978
20
-4.0266104724409448
11
5.4680491338582673
21
-4.0265809055118114
0
LINE
8
BLACK
6
CONTINUOUS
10
5.4680491338582673
20
-4.0265809055118114
11
5.4681296456692916
21
-4.0265475984251964
0
LINE
8
BLACK
6
CONTINUOUS
10
5.4681296456692916
20
-4.0265475984251964
11
5.4685634645669294
21
-4.0265048425196852
0
LINE
8
BLACK
6
CONTINUOUS
10
5.4685634645669294
20
-4.0265048425196852
11
5.4689946850393696
21
-4.0264411023622042
0
LINE
8
BLACK
6
CONTINUOUS
10
5.4689946850393696
20
-4.0264411023622042
11
5.4690808267716537
21
-4.0264538976377953
0
LINE
8
BLACK
6
CONTINUOUS
10
5.4690808267716537
20
-4.0264538976377953
11
5.4692817716535433
21
-4.0264341338582676
0
LINE
8
BLACK
6
CONTINUOUS
10
5.4692817716535433
20
-4.0264341338582676
11
5.4833425196850394
21
-4.0264341338582676
0
LINE
8
BLACK
6
CONTINUOUS
10
5.4833425196850394
20
-4.0264341338582676
11
5.4835434251968502
21
-4.0264538976377953
0
LINE
8
BLACK
6
CONTINUOUS
10
5.4600944094488186
20
-4.0407237007874013
11
5.4559070472440947
21
-4.0428174015748031
0
LINE
8
BLACK
6
CONTINUOUS
10
5.4559070472440947
20
-4.0428174015748031
11
5.4544501968503933
21
-4.0442742519685035
0
LINE
8
BLACK
6
CONTINUOUS
10
5.4544501968503933
20
-4.0442742519685035
11
5.4526900787401571
21
-4.047794488188976
0
LINE
8
BLACK
6
CONTINUOUS
10
5.4526900787401571
20
-4.047794488188976
11
5.4526900787401571
21
-4.0506305905511812
0
LINE
8
BLACK
6
CONTINUOUS
10
5.4526900787401571
20
-4.0506305905511812
11
5.4544501968503933
21
-4.0541508267716537
0
LINE
8
BLACK
6
CONTINUOUS
10
5.4544501968503933
20
-4.0541508267716537
11
5.4559070472440947
21
-4.0556076771653542
0
LINE
8
BLACK
6
CONTINUOUS
10
5.4559070472440947
20
-4.0556076771653542
11
5.4600944094488186
21
-4.0577013385826772
0
LINE
8
BLACK
6
CONTINUOUS
10
5.4600944094488186
20
-4.0577013385826772
11
5.4700087007874014
21
-4.0601799212598424
0
LINE
8
BLACK
6
CONTINUOUS
10
5.4700087007874014
20
-4.0601799212598424
11
5.4826155905511813
21
-4.0601799212598424
0
LINE
8
BLACK
6
CONTINUOUS
10
5.4826155905511813
20
-4.0601799212598424
11
5.4925298031496066
21
-4.057701377952756
0
LINE
8
BLACK
6
CONTINUOUS
10
5.4925298031496066
20
-4.057701377952756
11
5.496717244094488
21
-4.0556076377952754
0
LINE
8
BLACK
6
CONTINUOUS
10
5.496717244094488
20
-4.0556076377952754
11
5.4981740944881885
21
-4.0541507480314962
0
LINE
8
BLACK
6
CONTINUOUS
10
5.4981740944881885
20
-4.0541507480314962
11
5.499934173228346
21
-4.0506305905511812
0
LINE
8
BLACK
6
CONTINUOUS
10
5.499934173228346
20
-4.0506305905511812
11
5.499934173228346
21
-4.0477944488188973
0
LINE
8
BLACK
6
CONTINUOUS
10
5.499934173228346
20
-4.0477944488188973
11
5.4981740944881885
21
-4.0442742913385823
0
LINE
8
BLACK
6
CONTINUOUS
10
5.4981740944881885
20
-4.0442742913385823
11
5.496717244094488
21
-4.0428174409448818
0
LINE
8
BLACK
6
CONTINUOUS
10
5.496717244094488
20
-4.0428174409448818
11
5.4925298425196853
21
-4.04072374015748
0
LINE
8
BLACK
6
CONTINUOUS
10
5.4925298425196853
20
-4.04072374015748
11
5.4826155511811026
21
-4.0382451574803149
0
LINE
8
BLACK
6
CONTINUOUS
10
5.4826155511811026
20
-4.0382451574803149
11
5.4700087007874014
21
-4.0382451574803149
0
LINE
8
BLACK
6
CONTINUOUS
10
5.4700087007874014
20
-4.0382451574803149
11
5.4600944094488186
21
-4.0407237007874013
0
LINE
8
BLACK
6
CONTINUOUS
10
5.781997440944882
20
-4.0265475984251964
11
5.782193503937008
21
-4.0266288188976374
0
LINE
8
BLACK
6
CONTINUOUS
10
5.782193503937008
20
-4.0266288188976374
11
5.7824051181102361
21
-4.0266438582677164
0
LINE
8
BLACK
6
CONTINUOUS
10
5.7824051181102361
20
-4.0266438582677164
11
5.7834863385826774
21
-4.0270575984251966
0
LINE
8
BLACK
6
CONTINUOUS
10
5.7834863385826774
20
-4.0270575984251966
11
5.78911062992126
21
-4.0298697637795273
0
LINE
8
BLACK
6
CONTINUOUS
10
5.78911062992126
20
-4.0298697637795273
11
5.7896064173228341
21
-4.030181850393701
0
LINE
8
BLACK
6
CONTINUOUS
10
5.7896064173228341
20
-4.030181850393701
11
5.7897505118110235
21
-4.0302415354330705
0
LINE
8
BLACK
6
CONTINUOUS
10
5.7897505118110235
20
-4.0302415354330705
11
5.7899126771653542
21
-4.0303746456692915
0
LINE
8
BLACK
6
CONTINUOUS
10
5.7899126771653542
20
-4.0303746456692915
11
5.7900903937007877
21
-4.0304864960629923
0
LINE
8
BLACK
6
CONTINUOUS
10
5.7900903937007877
20
-4.0304864960629923
11
5.7901925984251967
21
-4.0306043307086616
0
LINE
8
BLACK
6
CONTINUOUS
10
5.7901925984251967
20
-4.0306043307086616
11
5.7906454330708659
21
-4.0309759842519686
0
LINE
8
BLACK
6
CONTINUOUS
10
5.7906454330708659
20
-4.0309759842519686
11
5.7920938976377956
21
-4.0324244488188974
0
LINE
8
BLACK
6
CONTINUOUS
10
5.7920938976377956
20
-4.0324244488188974
11
5.7935423228346457
21
-4.0309760236220473
0
LINE
8
BLACK
6
CONTINUOUS
10
5.7935423228346457
20
-4.0309760236220473
11
5.7939951574803148
21
-4.0306043700787404
0
LINE
8
BLACK
6
CONTINUOUS
10
5.7939951574803148
20
-4.0306043700787404
11
5.7940974015748026
21
-4.0304864960629923
0
LINE
8
BLACK
6
CONTINUOUS
10
5.7940974015748026
20
-4.0304864960629923
11
5.7942751181102361
21
-4.0303746062992127
0
LINE
8
BLACK
6
CONTINUOUS
10
5.7942751181102361
20
-4.0303746062992127
11
5.794437244094488
21
-4.0302415748031493
0
LINE
8
BLACK
6
CONTINUOUS
10
5.794437244094488
20
-4.0302415748031493
11
5.7945812204724412
21
-4.0301818897637798
0
LINE
8
BLACK
6
CONTINUOUS
10
5.7945812204724412
20
-4.0301818897637798
11
5.7950771653543303
21
-4.0298697637795273
0
LINE
8
BLACK
6
CONTINUOUS
10
5.7950771653543303
20
-4.0298697637795273
11
5.8007014960629917
21
-4.0270575984251966
0
LINE
8
BLACK
6
CONTINUOUS
10
5.8007014960629917
20
-4.0270575984251966
11
5.801782716535433
21
-4.0266438188976377
0
LINE
8
BLACK
6
CONTINUOUS
10
5.801782716535433
20
-4.0266438188976377
11
5.8019944094488185
21
-4.0266287401574798
0
LINE
8
BLACK
6
CONTINUOUS
10
5.8019944094488185
20
-4.0266287401574798
11
5.802190393700787
21
-4.0265475984251964
0
LINE
8
BLACK
6
CONTINUOUS
10
5.802190393700787
20
-4.0265475984251964
11
5.8033425196850397
21
-4.0264341338582676
0
LINE
8
BLACK
6
CONTINUOUS
10
5.8033425196850397
20
-4.0264341338582676
11
5.814591102362205
21
-4.0264341338582676
0
LINE
8
BLACK
6
CONTINUOUS
10
5.814591102362205
20
-4.0264341338582676
11
5.8157432283464567
21
-4.0265475984251964
0
LINE
8
BLACK
6
CONTINUOUS
10
5.8157432283464567
20
-4.0265475984251964
11
5.8159392913385828
21
-4.0266288188976374
0
LINE
8
BLACK
6
CONTINUOUS
10
5.8159392913385828
20
-4.0266288188976374
11
5.8161509055118108
21
-4.0266438582677164
0
LINE
8
BLACK
6
CONTINUOUS
10
5.8161509055118108
20
-4.0266438582677164
11
5.8172321259842521
21
-4.0270575984251966
0
LINE
8
BLACK
6
CONTINUOUS
10
5.8172321259842521
20
-4.0270575984251966
11
5.8228564173228348
21
-4.0298697637795273
0
LINE
8
BLACK
6
CONTINUOUS
10
5.8228564173228348
20
-4.0298697637795273
11
5.8233522047244097
21
-4.030181850393701
0
LINE
8
BLACK
6
CONTINUOUS
10
5.8233522047244097
20
-4.030181850393701
11
5.8234962992125983
21
-4.0302415354330705
0
LINE
8
BLACK
6
CONTINUOUS
10
5.8234962992125983
20
-4.0302415354330705
11
5.8236584645669289
21
-4.0303746456692915
0
LINE
8
BLACK
6
CONTINUOUS
10
5.8236584645669289
20
-4.0303746456692915
11
5.8238361811023625
21
-4.0304864960629923
0
LINE
8
BLACK
6
CONTINUOUS
10
5.8238361811023625
20
-4.0304864960629923
11
5.8239383858267715
21
-4.0306043307086616
0
LINE
8
BLACK
6
CONTINUOUS
10
5.8239383858267715
20
-4.0306043307086616
11
5.8243912204724406
21
-4.0309759842519686
0
LINE
8
BLACK
6
CONTINUOUS
10
5.8243912204724406
20
-4.0309759842519686
11
5.8272033858267713
21
-4.0337881496062993
0
LINE
8
BLACK
6
CONTINUOUS
10
5.8272033858267713
20
-4.0337881496062993
11
5.827575078740157
21
-4.0342410629921259
0
LINE
8
BLACK
6
CONTINUOUS
10
5.827575078740157
20
-4.0342410629921259
11
5.8276928740157476
21
-4.0343432283464562
0
LINE
8
BLACK
6
CONTINUOUS
10
5.8276928740157476
20
-4.0343432283464562
11
5.8278046062992122
21
-4.034520748031496
0
LINE
8
BLACK
6
CONTINUOUS
10
5.8278046062992122
20
-4.034520748031496
11
5.8279378346456694
21
-4.0346830708661416
0
LINE
8
BLACK
6
CONTINUOUS
10
5.8279378346456694
20
-4.0346830708661416
11
5.8279975196850389
21
-4.0348272047244089
0
LINE
8
BLACK
6
CONTINUOUS
10
5.8279975196850389
20
-4.0348272047244089
11
5.8283096062992126
21
-4.0353229527559051
0
LINE
8
BLACK
6
CONTINUOUS
10
5.8283096062992126
20
-4.0353229527559051
11
5.8311217322834645
21
-4.0409472834645666
0
LINE
8
BLACK
6
CONTINUOUS
10
5.8311217322834645
20
-4.0409472834645666
11
5.8315355118110235
21
-4.0420285039370079
0
LINE
8
BLACK
6
CONTINUOUS
10
5.8315355118110235
20
-4.0420285039370079
11
5.8315505118110238
21
-4.0422401181102359
0
LINE
8
BLACK
6
CONTINUOUS
10
5.8315505118110238
20
-4.0422401181102359
11
5.8316317322834648
21
-4.0424361417322832
0
LINE
8
BLACK
6
CONTINUOUS
10
5.8316317322834648
20
-4.0424361417322832
11
5.8317451968503935
21
-4.0435882677165349
0
LINE
8
BLACK
6
CONTINUOUS
10
5.8317451968503935
20
-4.0435882677165349
11
5.8317451968503935
21
-4.0548368503937011
0
LINE
8
BLACK
6
CONTINUOUS
10
5.8317451968503935
20
-4.0548368503937011
11
5.8316317322834648
21
-4.0559889763779529
0
LINE
8
BLACK
6
CONTINUOUS
10
5.8316317322834648
20
-4.0559889763779529
11
5.8315505118110238
21
-4.0561849606299214
0
LINE
8
BLACK
6
CONTINUOUS
10
5.8315505118110238
20
-4.0561849606299214
11
5.8315355118110235
21
-4.0563966141732282
0
LINE
8
BLACK
6
CONTINUOUS
10
5.8315355118110235
20
-4.0563966141732282
11
5.8311217322834645
21
-4.0574778346456695
0
LINE
8
BLACK
6
CONTINUOUS
10
5.8311217322834645
20
-4.0574778346456695
11
5.8283096062992126
21
-4.0631021653543309
0
LINE
8
BLACK
6
CONTINUOUS
10
5.8283096062992126
20
-4.0631021653543309
11
5.8279975196850389
21
-4.0635978740157483
0
LINE
8
BLACK
6
CONTINUOUS
10
5.8279975196850389
20
-4.0635978740157483
11
5.8279378346456694
21
-4.0637420472440944
0
LINE
8
BLACK
6
CONTINUOUS
10
5.8279378346456694
20
-4.0637420472440944
11
5.8278046062992122
21
-4.0639043307086613
0
LINE
8
BLACK
6
CONTINUOUS
10
5.8278046062992122
20
-4.0639043307086613
11
5.8276928740157476
21
-4.0640818897637798
0
LINE
8
BLACK
6
CONTINUOUS
10
5.8276928740157476
20
-4.0640818897637798
11
5.827575078740157
21
-4.0641840157480313
0
LINE
8
BLACK
6
CONTINUOUS
10
5.827575078740157
20
-4.0641840157480313
11
5.8272033858267713
21
-4.0646369685039367
0
LINE
8
BLACK
6
CONTINUOUS
10
5.8272033858267713
20
-4.0646369685039367
11
5.8243912204724406
21
-4.0674491338582675
0
LINE
8
BLACK
6
CONTINUOUS
10
5.8243912204724406
20
-4.0674491338582675
11
5.8239383858267715
21
-4.0678207480314956
0
LINE
8
BLACK
6
CONTINUOUS
10
5.8239383858267715
20
-4.0678207480314956
11
5.8238361811023625
21
-4.0679386220472438
0
LINE
8
BLACK
6
CONTINUOUS
10
5.8238361811023625
20
-4.0679386220472438
11
5.8236584645669289
21
-4.0680504330708658
0
LINE
8
BLACK
6
CONTINUOUS
10
5.8236584645669289
20
-4.0680504330708658
11
5.8234962992125983
21
-4.0681835826771655
0
LINE
8
BLACK
6
CONTINUOUS
10
5.8234962992125983
20
-4.0681835826771655
11
5.8233522047244097
21
-4.0682432283464562
0
LINE
8
BLACK
6
CONTINUOUS
10
5.8233522047244097
20
-4.0682432283464562
11
5.8228564173228348
21
-4.0685553543307087
0
LINE
8
BLACK
6
CONTINUOUS
10
5.8228564173228348
20
-4.0685553543307087
11
5.8172321259842521
21
-4.0713674803149607
0
LINE
8
BLACK
6
CONTINUOUS
10
5.8172321259842521
20
-4.0713674803149607
11
5.816150866141732
21
-4.0717812598425196
0
LINE
8
BLACK
6
CONTINUOUS
10
5.816150866141732
20
-4.0717812598425196
11
5.8159392125984253
21
-4.0717962598425199
0
LINE
8
BLACK
6
CONTINUOUS
10
5.8159392125984253
20
-4.0717962598425199
11
5.8157432283464567
21
-4.0718774803149609
0
LINE
8
BLACK
6
CONTINUOUS
10
5.8157432283464567
20
-4.0718774803149609
11
5.814591102362205
21
-4.0719909448818896
0
LINE
8
BLACK
6
CONTINUOUS
10
5.814591102362205
20
-4.0719909448818896
11
5.8033425196850397
21
-4.0719909448818896
0
LINE
8
BLACK
6
CONTINUOUS
10
5.8033425196850397
20
-4.0719909448818896
11
5.802190393700787
21
-4.0718774803149609
0
LINE
8
BLACK
6
CONTINUOUS
10
5.802190393700787
20
-4.0718774803149609
11
5.8019943700787397
21
-4.0717962598425199
0
LINE
8
BLACK
6
CONTINUOUS
10
5.8019943700787397
20
-4.0717962598425199
11
5.8017827559055117
21
-4.0717812598425196
0
LINE
8
BLACK
6
CONTINUOUS
10
5.8017827559055117
20
-4.0717812598425196
11
5.8007015354330704
21
-4.0713675196850394
0
LINE
8
BLACK
6
CONTINUOUS
10
5.8007015354330704
20
-4.0713675196850394
11
5.795077204724409
21
-4.0685553543307087
0
LINE
8
BLACK
6
CONTINUOUS
10
5.795077204724409
20
-4.0685553543307087
11
5.7945812598425199
21
-4.0682431889763775
0
LINE
8
BLACK
6
CONTINUOUS
10
5.7945812598425199
20
-4.0682431889763775
11
5.794437244094488
21
-4.0681835433070868
0
LINE
8
BLACK
6
CONTINUOUS
10
5.794437244094488
20
-4.0681835433070868
11
5.7942751574803149
21
-4.0680505118110233
0
LINE
8
BLACK
6
CONTINUOUS
10
5.7942751574803149
20
-4.0680505118110233
11
5.7940974409448813
21
-4.0679386614173225
0
LINE
8
BLACK
6
CONTINUOUS
10
5.7940974409448813
20
-4.0679386614173225
11
5.7939951574803148
21
-4.0678207086614169
0
LINE
8
BLACK
6
CONTINUOUS
10
5.7939951574803148
20
-4.0678207086614169
11
5.7935423228346457
21
-4.0674490944881887
0
LINE
8
BLACK
6
CONTINUOUS
10
5.7935423228346457
20
-4.0674490944881887
11
5.7920938976377956
21
-4.0660006299212599
0
LINE
8
BLACK
6
CONTINUOUS
10
5.7920938976377956
20
-4.0660006299212599
11
5.7906454330708659
21
-4.0674491338582675
0
LINE
8
BLACK
6
CONTINUOUS
10
5.7906454330708659
20
-4.0674491338582675
11
5.7901925984251967
21
-4.0678207480314956
0
LINE
8
BLACK
6
CONTINUOUS
10
5.7901925984251967
20
-4.0678207480314956
11
5.7900903937007877
21
-4.0679386220472438
0
LINE
8
BLACK
6
CONTINUOUS
10
5.7900903937007877
20
-4.0679386220472438
11
5.7899126771653542
21
-4.0680504330708658
0
LINE
8
BLACK
6
CONTINUOUS
10
5.7899126771653542
20
-4.0680504330708658
11
5.7897505118110235
21
-4.0681835826771655
0
LINE
8
BLACK
6
CONTINUOUS
10
5.7897505118110235
20
-4.0681835826771655
11
5.7896064173228341
21
-4.0682432283464562
0
LINE
8
BLACK
6
CONTINUOUS
10
5.7896064173228341
20
-4.0682432283464562
11
5.78911062992126
21
-4.0685553543307087
0
LINE
8
BLACK
6
CONTINUOUS
10
5.78911062992126
20
-4.0685553543307087
11
5.7834863385826774
21
-4.0713674803149607
0
LINE
8
BLACK
6
CONTINUOUS
10
5.7834863385826774
20
-4.0713674803149607
11
5.7824050787401573
21
-4.0717812598425196
0
LINE
8
BLACK
6
CONTINUOUS
10
5.7824050787401573
20
-4.0717812598425196
11
5.7821934251968505
21
-4.0717962598425199
0
LINE
8
BLACK
6
CONTINUOUS
10
5.7821934251968505
20
-4.0717962598425199
11
5.781997440944882
21
-4.0718774803149609
0
LINE
8
BLACK
6
CONTINUOUS
10
5.781997440944882
20
-4.0718774803149609
11
5.7808453149606294
21
-4.0719909448818896
0
LINE
8
BLACK
6
CONTINUOUS
10
5.7808453149606294
20
-4.0719909448818896
11
5.7780331496062987
21
-4.0719909448818896
0
LINE
8
BLACK
6
CONTINUOUS
10
5.7780331496062987
20
-4.0719909448818896
11
5.7768810236220469
21
-4.0718774803149609
0
LINE
8
BLACK
6
CONTINUOUS
10
5.7768810236220469
20
-4.0718774803149609
11
5.7766849999999996
21
-4.0717962598425199
0
LINE
8
BLACK
6
CONTINUOUS
10
5.7766849999999996
20
-4.0717962598425199
11
5.7764733858267716
21
-4.0717812598425196
0
LINE
8
BLACK
6
CONTINUOUS
10
5.7764733858267716
20
-4.0717812598425196
11
5.7753921653543303
21
-4.0713674803149607
0
LINE
8
BLACK
6
CONTINUOUS
10
5.7753921653543303
20
-4.0713674803149607
11
5.7697678346456689
21
-4.0685553543307087
0
LINE
8
BLACK
6
CONTINUOUS
10
5.7697678346456689
20
-4.0685553543307087
11
5.7692719685039373
21
-4.0682431889763775
0
LINE
8
BLACK
6
CONTINUOUS
10
5.7692719685039373
20
-4.0682431889763775
11
5.7691279133858266
21
-4.0681835433070868
0
LINE
8
BLACK
6
CONTINUOUS
10
5.7691279133858266
20
-4.0681835433070868
11
5.7689656692913385
21
-4.068050393700787
0
LINE
8
BLACK
6
CONTINUOUS
10
5.7689656692913385
20
-4.068050393700787
11
5.76878811023622
21
-4.0679386220472438
0
LINE
8
BLACK
6
CONTINUOUS
10
5.76878811023622
20
-4.0679386220472438
11
5.7686859448818897
21
-4.0678208267716531
0
LINE
8
BLACK
6
CONTINUOUS
10
5.7686859448818897
20
-4.0678208267716531
11
5.7682329921259843
21
-4.0674490944881887
0
LINE
8
BLACK
6
CONTINUOUS
10
5.7682329921259843
20
-4.0674490944881887
11
5.7654208661417323
21
-4.064636929133858
0
LINE
8
BLACK
6
CONTINUOUS
10
5.7654208661417323
20
-4.064636929133858
11
5.7650492913385829
21
-4.0641841732283464
0
LINE
8
BLACK
6
CONTINUOUS
10
5.7650492913385829
20
-4.0641841732283464
11
5.7649314173228348
21
-4.0640819291338586
0
LINE
8
BLACK
6
CONTINUOUS
10
5.7649314173228348
20
-4.0640819291338586
11
5.7648194881889765
21
-4.0639040944881888
0
LINE
8
BLACK
6
CONTINUOUS
10
5.7648194881889765
20
-4.0639040944881888
11
5.764686456692913
21
-4.0637420078740156
0
LINE
8
BLACK
6
CONTINUOUS
10
5.764686456692913
20
-4.0637420078740156
11
5.7646268110236223
21
-4.0635980314960625
0
LINE
8
BLACK
6
CONTINUOUS
10
5.7646268110236223
20
-4.0635980314960625
11
5.7643146850393698
21
-4.0631021653543309
0
LINE
8
BLACK
6
CONTINUOUS
10
5.7643146850393698
20
-4.0631021653543309
11
5.7615025196850391
21
-4.0574778740157482
0
LINE
8
BLACK
6
CONTINUOUS
10
5.7615025196850391
20
-4.0574778740157482
11
5.7610887795275589
21
-4.0563966535433069
0
LINE
8
BLACK
6
CONTINUOUS
10
5.7610887795275589
20
-4.0563966535433069
11
5.7610737401574799
21
-4.0561850393700789
0
LINE
8
BLACK
6
CONTINUOUS
10
5.7610737401574799
20
-4.0561850393700789
11
5.7609925196850389
21
-4.0559889763779529
0
LINE
8
BLACK
6
CONTINUOUS
10
5.7609925196850389
20
-4.0559889763779529
11
5.7608790551181102
21
-4.0548368503937011
0
LINE
8
BLACK
6
CONTINUOUS
10
5.7608790551181102
20
-4.0548368503937011
11
5.7608790551181102
21
-4.0435882677165349
0
LINE
8
BLACK
6
CONTINUOUS
10
5.7608790551181102
20
-4.0435882677165349
11
5.7609925196850389
21
-4.0424361417322832
0
LINE
8
BLACK
6
CONTINUOUS
10
5.7609925196850389
20
-4.0424361417322832
11
5.7610737401574799
21
-4.0422400393700784
0
LINE
8
BLACK
6
CONTINUOUS
10
5.7610737401574799
20
-4.0422400393700784
11
5.7610887795275589
21
-4.0420284645669291
0
LINE
8
BLACK
6
CONTINUOUS
10
5.7610887795275589
20
-4.0420284645669291
11
5.7615025196850391
21
-4.0409472440944878
0
LINE
8
BLACK
6
CONTINUOUS
10
5.7615025196850391
20
-4.0409472440944878
11
5.7643146850393698
21
-4.0353229527559051
0
LINE
8
BLACK
6
CONTINUOUS
10
5.7643146850393698
20
-4.0353229527559051
11
5.7646268110236223
21
-4.0348270472440948
0
LINE
8
BLACK
6
CONTINUOUS
10
5.7646268110236223
20
-4.0348270472440948
11
5.764686456692913
21
-4.0346831102362204
0
LINE
8
BLACK
6
CONTINUOUS
10
5.764686456692913
20
-4.0346831102362204
11
5.7648194881889765
21
-4.0345209842519685
0
LINE
8
BLACK
6
CONTINUOUS
10
5.7648194881889765
20
-4.0345209842519685
11
5.7649314173228348
21
-4.0343431889763774
0
LINE
8
BLACK
6
CONTINUOUS
10
5.7649314173228348
20
-4.0343431889763774
11
5.7650492913385829
21
-4.0342409055118109
0
LINE
8
BLACK
6
CONTINUOUS
10
5.7650492913385829
20
-4.0342409055118109
11
5.7654208661417323
21
-4.033788188976378
0
LINE
8
BLACK
6
CONTINUOUS
10
5.7654208661417323
20
-4.033788188976378
11
5.7682329921259843
21
-4.0309760236220473
0
LINE
8
BLACK
6
CONTINUOUS
10
5.7682329921259843
20
-4.0309760236220473
11
5.7686857874015747
21
-4.0306043700787404
0
LINE
8
BLACK
6
CONTINUOUS
10
5.7686857874015747
20
-4.0306043700787404
11
5.7687880708661412
21
-4.0304864960629923
0
LINE
8
BLACK
6
CONTINUOUS
10
5.7687880708661412
20
-4.0304864960629923
11
5.7689657874015747
21
-4.0303746062992127
0
LINE
8
BLACK
6
CONTINUOUS
10
5.7689657874015747
20
-4.0303746062992127
11
5.7691279133858266
21
-4.0302415748031493
0
LINE
8
BLACK
6
CONTINUOUS
10
5.7691279133858266
20
-4.0302415748031493
11
5.7692718897637798
21
-4.0301818897637798
0
LINE
8
BLACK
6
CONTINUOUS
10
5.7692718897637798
20
-4.0301818897637798
11
5.7697678346456689
21
-4.0298697637795273
0
LINE
8
BLACK
6
CONTINUOUS
10
5.7697678346456689
20
-4.0298697637795273
11
5.7753920866141728
21
-4.0270575984251966
0
LINE
8
BLACK
6
CONTINUOUS
10
5.7753920866141728
20
-4.0270575984251966
11
5.7764733464566929
21
-4.0266438582677164
0
LINE
8
BLACK
6
CONTINUOUS
10
5.7764733464566929
20
-4.0266438582677164
11
5.7766849212598421
21
-4.0266288188976374
0
LINE
8
BLACK
6
CONTINUOUS
10
5.7766849212598421
20
-4.0266288188976374
11
5.7768810236220469
21
-4.0265475984251964
0
LINE
8
BLACK
6
CONTINUOUS
10
5.7768810236220469
20
-4.0265475984251964
11
5.7780331496062987
21
-4.0264341338582676
0
LINE
8
BLACK
6
CONTINUOUS
10
5.7780331496062987
20
-4.0264341338582676
11
5.7808453149606294
21
-4.0264341338582676
0
LINE
8
BLACK
6
CONTINUOUS
10
5.7808453149606294
20
-4.0264341338582676
11
5.781997440944882
21
-4.0265475984251964
0
LINE
8
BLACK
6
CONTINUOUS
10
5.7759070472440941
20
-4.0400052362204724
11
5.7744501968503936
21
-4.0414620866141728
0
LINE
8
BLACK
6
CONTINUOUS
10
5.7744501968503936
20
-4.0414620866141728
11
5.7726900787401574
21
-4.0449823622047241
0
LINE
8
BLACK
6
CONTINUOUS
10
5.7726900787401574
20
-4.0449823622047241
11
5.7726900787401574
21
-4.0534427165354332
0
LINE
8
BLACK
6
CONTINUOUS
10
5.7726900787401574
20
-4.0534427165354332
11
5.7744501968503936
21
-4.0569629921259844
0
LINE
8
BLACK
6
CONTINUOUS
10
5.7744501968503936
20
-4.0569629921259844
11
5.7759070472440941
21
-4.0584198425196849
0
LINE
8
BLACK
6
CONTINUOUS
10
5.7759070472440941
20
-4.0584198425196849
11
5.7794272440944878
21
-4.0601799212598424
0
LINE
8
BLACK
6
CONTINUOUS
10
5.7794272440944878
20
-4.0601799212598424
11
5.7794512204724411
21
-4.0601799212598424
0
LINE
8
BLACK
6
CONTINUOUS
10
5.7794512204724411
20
-4.0601799212598424
11
5.7829713779527561
21
-4.0584198425196849
0
LINE
8
BLACK
6
CONTINUOUS
10
5.7829713779527561
20
-4.0584198425196849
11
5.7844282677165353
21
-4.0569629527559057
0
LINE
8
BLACK
6
CONTINUOUS
10
5.7844282677165353
20
-4.0569629527559057
11
5.7861883858267715
21
-4.053442755905512
0
LINE
8
BLACK
6
CONTINUOUS
10
5.7861883858267715
20
-4.053442755905512
11
5.7861883858267715
21
-4.0449823228346453
0
LINE
8
BLACK
6
CONTINUOUS
10
5.7861883858267715
20
-4.0449823228346453
11
5.7844282677165353
21
-4.0414621259842516
0
LINE
8
BLACK
6
CONTINUOUS
10
5.7844282677165353
20
-4.0414621259842516
11
5.7829714173228348
21
-4.0400052755905511
0
LINE
8
BLACK
6
CONTINUOUS
10
5.7829714173228348
20
-4.0400052755905511
11
5.7794512204724411
21
-4.0382451574803149
0
LINE
8
BLACK
6
CONTINUOUS
10
5.7794512204724411
20
-4.0382451574803149
11
5.7794272440944878
21
-4.0382451574803149
0
LINE
8
BLACK
6
CONTINUOUS
10
5.7794272440944878
20
-4.0382451574803149
11
5.7759070472440941
21
-4.0400052362204724
0
LINE
8
BLACK
6
CONTINUOUS
10
5.8012163779527555
20
-4.0400052362204724
11
5.799759527559055
21
-4.0414620866141728
0
LINE
8
BLACK
6
CONTINUOUS
10
5.799759527559055
20
-4.0414620866141728
11
5.7979994094488188
21
-4.0449823622047241
0
LINE
8
BLACK
6
CONTINUOUS
10
5.7979994094488188
20
-4.0449823622047241
11
5.7979994094488188
21
-4.0534427165354332
0
LINE
8
BLACK
6
CONTINUOUS
10
5.7979994094488188
20
-4.0534427165354332
11
5.799759527559055
21
-4.0569629921259844
0
LINE
8
BLACK
6
CONTINUOUS
10
5.799759527559055
20
-4.0569629921259844
11
5.8012164173228342
21
-4.0584198425196849
0
LINE
8
BLACK
6
CONTINUOUS
10
5.8012164173228342
20
-4.0584198425196849
11
5.8047365748031492
21
-4.0601799212598424
0
LINE
8
BLACK
6
CONTINUOUS
10
5.8047365748031492
20
-4.0601799212598424
11
5.8131970078740158
21
-4.0601799212598424
0
LINE
8
BLACK
6
CONTINUOUS
10
5.8131970078740158
20
-4.0601799212598424
11
5.8167171653543308
21
-4.0584198425196849
0
LINE
8
BLACK
6
CONTINUOUS
10
5.8167171653543308
20
-4.0584198425196849
11
5.81817405511811
21
-4.0569629527559057
0
LINE
8
BLACK
6
CONTINUOUS
10
5.81817405511811
20
-4.0569629527559057
11
5.8199341732283463
21
-4.053442755905512
0
LINE
8
BLACK
6
CONTINUOUS
10
5.8199341732283463
20
-4.053442755905512
11
5.8199341732283463
21
-4.0449823228346453
0
LINE
8
BLACK
6
CONTINUOUS
10
5.8199341732283463
20
-4.0449823228346453
11
5.81817405511811
21
-4.0414621259842516
0
LINE
8
BLACK
6
CONTINUOUS
10
5.81817405511811
20
-4.0414621259842516
11
5.8167172047244096
21
-4.0400052755905511
0
LINE
8
BLACK
6
CONTINUOUS
10
5.8167172047244096
20
-4.0400052755905511
11
5.8131970078740158
21
-4.0382451574803149
0
LINE
8
BLACK
6
CONTINUOUS
10
5.8131970078740158
20
-4.0382451574803149
11
5.8047366141732279
21
-4.0382451574803149
0
LINE
8
BLACK
6
CONTINUOUS
10
5.8047366141732279
20
-4.0382451574803149
11
5.8012163779527555
21
-4.0400052362204724
0
LINE
8
BLACK
6
CONTINUOUS
10
5.4835434251968502
20
-3.9702109448818899
11
5.4836295669291335
21
-3.9701981496062992
0
LINE
8
BLACK
6
CONTINUOUS
10
5.4836295669291335
20
-3.9701981496062992
11
5.484060708661417
21
-3.9702618897637794
0
LINE
8
BLACK
6
CONTINUOUS
10
5.484060708661417
20
-3.9702618897637794
11
5.4844946456692911
21
-3.9703046456692914
0
LINE
8
BLACK
6
CONTINUOUS
10
5.4844946456692911
20
-3.9703046456692914
11
5.4845751181102358
21
-3.9703379527559055
0
LINE
8
BLACK
6
CONTINUOUS
10
5.4845751181102358
20
-3.9703379527559055
11
5.4847748425196849
21
-3.9703675196850394
0
LINE
8
BLACK
6
CONTINUOUS
10
5.4847748425196849
20
-3.9703675196850394
11
5.4960233858267715
21
-3.9731796850393701
0
LINE
8
BLACK
6
CONTINUOUS
10
5.4960233858267715
20
-3.9731796850393701
11
5.4961083464566931
21
-3.9732100393700787
0
LINE
8
BLACK
6
CONTINUOUS
10
5.4961083464566931
20
-3.9732100393700787
11
5.4961509055118105
21
-3.9732130708661417
0
LINE
8
BLACK
6
CONTINUOUS
10
5.4961509055118105
20
-3.9732130708661417
11
5.4966301968503934
21
-3.9733964566929134
0
LINE
8
BLACK
6
CONTINUOUS
10
5.4966301968503934
20
-3.9733964566929134
11
5.4971135826771649
21
-3.9735691732283462
0
LINE
8
BLACK
6
CONTINUOUS
10
5.4971135826771649
20
-3.9735691732283462
11
5.497147834645669
21
-3.973594527559055
0
LINE
8
BLACK
6
CONTINUOUS
10
5.497147834645669
20
-3.973594527559055
11
5.4972321259842518
21
-3.9736268110236219
0
LINE
8
BLACK
6
CONTINUOUS
10
5.4972321259842518
20
-3.9736268110236219
11
5.5028564173228345
21
-3.9764389763779526
0
LINE
8
BLACK
6
CONTINUOUS
10
5.5028564173228345
20
-3.9764389763779526
11
5.503352283464567
21
-3.9767511023622046
0
LINE
8
BLACK
6
CONTINUOUS
10
5.503352283464567
20
-3.9767511023622046
11
5.5034962598425192
21
-3.9768107480314958
0
LINE
8
BLACK
6
CONTINUOUS
10
5.5034962598425192
20
-3.9768107480314958
11
5.5036583464566924
21
-3.9769437795275588
0
LINE
8
BLACK
6
CONTINUOUS
10
5.5036583464566924
20
-3.9769437795275588
11
5.5038361811023622
21
-3.9770557086614171
0
LINE
8
BLACK
6
CONTINUOUS
10
5.5038361811023622
20
-3.9770557086614171
11
5.5039384251968499
21
-3.9771735826771653
0
LINE
8
BLACK
6
CONTINUOUS
10
5.5039384251968499
20
-3.9771735826771653
11
5.5043911811023625
21
-3.9775451574803147
0
LINE
8
BLACK
6
CONTINUOUS
10
5.5043911811023625
20
-3.9775451574803147
11
5.5072033464566932
21
-3.9803572834645666
0
LINE
8
BLACK
6
CONTINUOUS
10
5.5072033464566932
20
-3.9803572834645666
11
5.5075750787401576
21
-3.9808102362204725
0
LINE
8
BLACK
6
CONTINUOUS
10
5.5075750787401576
20
-3.9808102362204725
11
5.5076928740157483
21
-3.9809124015748032
0
LINE
8
BLACK
6
CONTINUOUS
10
5.5076928740157483
20
-3.9809124015748032
11
5.5078046456692915
21
-3.9810899606299213
0
LINE
8
BLACK
6
CONTINUOUS
10
5.5078046456692915
20
-3.9810899606299213
11
5.5079377952755904
21
-3.9812522047244094
0
LINE
8
BLACK
6
CONTINUOUS
10
5.5079377952755904
20
-3.9812522047244094
11
5.507997440944882
21
-3.9813962598425197
0
LINE
8
BLACK
6
CONTINUOUS
10
5.507997440944882
20
-3.9813962598425197
11
5.5083096062992123
21
-3.9818921259842517
0
LINE
8
BLACK
6
CONTINUOUS
10
5.5083096062992123
20
-3.9818921259842517
11
5.5111217322834642
21
-3.9875164566929131
0
LINE
8
BLACK
6
CONTINUOUS
10
5.5111217322834642
20
-3.9875164566929131
11
5.5115355118110232
21
-3.9885976771653544
0
LINE
8
BLACK
6
CONTINUOUS
10
5.5115355118110232
20
-3.9885976771653544
11
5.5115505118110235
21
-3.9888092913385824
0
LINE
8
BLACK
6
CONTINUOUS
10
5.5115505118110235
20
-3.9888092913385824
11
5.5116317322834645
21
-3.9890053149606297
0
LINE
8
BLACK
6
CONTINUOUS
10
5.5116317322834645
20
-3.9890053149606297
11
5.5117451968503932
21
-3.9901574409448819
0
LINE
8
BLACK
6
CONTINUOUS
10
5.5117451968503932
20
-3.9901574409448819
11
5.5117451968503932
21
-3.9957817322834646
0
LINE
8
BLACK
6
CONTINUOUS
10
5.5117451968503932
20
-3.9957817322834646
11
5.5116317322834645
21
-3.9969338582677163
0
LINE
8
BLACK
6
CONTINUOUS
10
5.5116317322834645
20
-3.9969338582677163
11
5.5115505118110235
21
-3.9971298425196848
0
LINE
8
BLACK
6
CONTINUOUS
10
5.5115505118110235
20
-3.9971298425196848
11
5.5115355118110232
21
-3.9973414960629921
0
LINE
8
BLACK
6
CONTINUOUS
10
5.5115355118110232
20
-3.9973414960629921
11
5.511121771653543
21
-3.9984227165354329
0
LINE
8
BLACK
6
CONTINUOUS
10
5.511121771653543
20
-3.9984227165354329
11
5.5083096062992123
21
-4.0040470472440948
0
LINE
8
BLACK
6
CONTINUOUS
10
5.5083096062992123
20
-4.0040470472440948
11
5.507997440944882
21
-4.0045429527559051
0
LINE
8
BLACK
6
CONTINUOUS
10
5.507997440944882
20
-4.0045429527559051
11
5.5079377952755904
21
-4.0046870078740158
0
LINE
8
BLACK
6
CONTINUOUS
10
5.5079377952755904
20
-4.0046870078740158
11
5.5078047637795278
21
-4.0048490551181102
0
LINE
8
BLACK
6
CONTINUOUS
10
5.5078047637795278
20
-4.0048490551181102
11
5.507692913385827
21
-4.0050268110236216
0
LINE
8
BLACK
6
CONTINUOUS
10
5.507692913385827
20
-4.0050268110236216
11
5.5075749606299214
21
-4.0051290551181102
0
LINE
8
BLACK
6
CONTINUOUS
10
5.5075749606299214
20
-4.0051290551181102
11
5.5072033464566932
21
-4.0055819291338581
0
LINE
8
BLACK
6
CONTINUOUS
10
5.5072033464566932
20
-4.0055819291338581
11
5.5043911811023625
21
-4.0083940551181101
0
LINE
8
BLACK
6
CONTINUOUS
10
5.5043911811023625
20
-4.0083940551181101
11
5.5039384251968499
21
-4.0087655905511808
0
LINE
8
BLACK
6
CONTINUOUS
10
5.5039384251968499
20
-4.0087655905511808
11
5.5038361811023622
21
-4.0088835039370077
0
LINE
8
BLACK
6
CONTINUOUS
10
5.5038361811023622
20
-4.0088835039370077
11
5.5036583464566924
21
-4.0089953937007872
0
LINE
8
BLACK
6
CONTINUOUS
10
5.5036583464566924
20
-4.0089953937007872
11
5.5034962598425192
21
-4.0091284645669294
0
LINE
8
BLACK
6
CONTINUOUS
10
5.5034962598425192
20
-4.0091284645669294
11
5.503352283464567
21
-4.0091880708661414
0
LINE
8
BLACK
6
CONTINUOUS
10
5.503352283464567
20
-4.0091880708661414
11
5.5028564173228345
21
-4.0095002362204726
0
LINE
8
BLACK
6
CONTINUOUS
10
5.5028564173228345
20
-4.0095002362204726
11
5.4972321259842518
21
-4.0123124015748033
0
LINE
8
BLACK
6
CONTINUOUS
10
5.4972321259842518
20
-4.0123124015748033
11
5.497147834645669
21
-4.0123446456692911
0
LINE
8
BLACK
6
CONTINUOUS
10
5.497147834645669
20
-4.0123446456692911
11
5.4971135826771649
21
-4.0123700393700785
0
LINE
8
BLACK
6
CONTINUOUS
10
5.4971135826771649
20
-4.0123700393700785
11
5.4966301968503934
21
-4.0125427165354326
0
LINE
8
BLACK
6
CONTINUOUS
10
5.4966301968503934
20
-4.0125427165354326
11
5.4961509055118105
21
-4.0127261417322835
0
LINE
8
BLACK
6
CONTINUOUS
10
5.4961509055118105
20
-4.0127261417322835
11
5.4961083464566931
21
-4.0127291338582678
0
LINE
8
BLACK
6
CONTINUOUS
10
5.4961083464566931
20
-4.0127291338582678
11
5.4960233858267715
21
-4.0127595275590551
0
LINE
8
BLACK
6
CONTINUOUS
10
5.4960233858267715
20
-4.0127595275590551
11
5.4847748031496062
21
-4.015571653543307
0
LINE
8
BLACK
6
CONTINUOUS
10
5.4847748031496062
20
-4.015571653543307
11
5.4845751181102358
21
-4.015601141732283
0
LINE
8
BLACK
6
CONTINUOUS
10
5.4845751181102358
20
-4.015601141732283
11
5.4844946456692911
21
-4.0156345275590546
0
LINE
8
BLACK
6
CONTINUOUS
10
5.4844946456692911
20
-4.0156345275590546
11
5.4840606692913383
21
-4.0156772440944879
0
LINE
8
BLACK
6
CONTINUOUS
10
5.4840606692913383
20
-4.0156772440944879
11
5.4836295669291335
21
-4.0157410236220468
0
LINE
8
BLACK
6
CONTINUOUS
10
5.4836295669291335
20
-4.0157410236220468
11
5.4835434251968502
21
-4.0157281889763778
0
LINE
8
BLACK
6
CONTINUOUS
10
5.4835434251968502
20
-4.0157281889763778
11
5.4833425196850394
21
-4.0157479921259842
0
LINE
8
BLACK
6
CONTINUOUS
10
5.4833425196850394
20
-4.0157479921259842
11
5.4692817716535433
21
-4.0157479921259842
0
LINE
8
BLACK
6
CONTINUOUS
10
5.4692817716535433
20
-4.0157479921259842
11
5.4690808267716537
21
-4.0157281889763778
0
LINE
8
BLACK
6
CONTINUOUS
10
5.4690808267716537
20
-4.0157281889763778
11
5.4689947244094483
21
-4.0157410236220468
0
LINE
8
BLACK
6
CONTINUOUS
10
5.4689947244094483
20
-4.0157410236220468
11
5.4685635826771648
21
-4.0156772440944879
0
LINE
8
BLACK
6
CONTINUOUS
10
5.4685635826771648
20
-4.0156772440944879
11
5.4681296456692916
21
-4.0156345275590546
0
LINE
8
BLACK
6
CONTINUOUS
10
5.4681296456692916
20
-4.0156345275590546
11
5.4680491338582673
21
-4.015601141732283
0
LINE
8
BLACK
6
CONTINUOUS
10
5.4680491338582673
20
-4.015601141732283
11
5.4678494881889765
21
-4.015571653543307
0
LINE
8
BLACK
6
CONTINUOUS
10
5.4678494881889765
20
-4.015571653543307
11
5.4566008661417325
21
-4.0127595275590551
0
LINE
8
BLACK
6
CONTINUOUS
10
5.4566008661417325
20
-4.0127595275590551
11
5.4565158661417321
21
-4.0127291338582678
0
LINE
8
BLACK
6
CONTINUOUS
10
5.4565158661417321
20
-4.0127291338582678
11
5.4564733464566926
21
-4.0127261417322835
0
LINE
8
BLACK
6
CONTINUOUS
10
5.4564733464566926
20
-4.0127261417322835
11
5.4559937795275593
21
-4.0125426377952751
0
LINE
8
BLACK
6
CONTINUOUS
10
5.4559937795275593
20
-4.0125426377952751
11
5.4555106692913382
21
-4.0123700393700785
0
LINE
8
BLACK
6
CONTINUOUS
10
5.4555106692913382
20
-4.0123700393700785
11
5.4554764173228349
21
-4.0123446456692911
0
LINE
8
BLACK
6
CONTINUOUS
10
5.4554764173228349
20
-4.0123446456692911
11
5.4553920866141734
21
-4.0123124015748033
0
LINE
8
BLACK
6
CONTINUOUS
10
5.4553920866141734
20
-4.0123124015748033
11
5.4497678346456695
21
-4.0095002362204726
0
LINE
8
BLACK
6
CONTINUOUS
10
5.4497678346456695
20
-4.0095002362204726
11
5.4492720866141733
21
-4.0091881496062989
0
LINE
8
BLACK
6
CONTINUOUS
10
5.4492720866141733
20
-4.0091881496062989
11
5.4491279133858264
21
-4.0091284645669294
0
LINE
8
BLACK
6
CONTINUOUS
10
5.4491279133858264
20
-4.0091284645669294
11
5.4489655905511807
21
-4.0089952362204722
0
LINE
8
BLACK
6
CONTINUOUS
10
5.4489655905511807
20
-4.0089952362204722
11
5.4487880708661418
21
-4.0088835039370077
0
LINE
8
BLACK
6
CONTINUOUS
10
5.4487880708661418
20
-4.0088835039370077
11
5.4486858661417319
21
-4.0087656692913383
0
LINE
8
BLACK
6
CONTINUOUS
10
5.4486858661417319
20
-4.0087656692913383
11
5.4482330314960628
21
-4.0083940157480313
0
LINE
8
BLACK
6
CONTINUOUS
10
5.4482330314960628
20
-4.0083940157480313
11
5.4454209055118108
21
-4.0055818897637794
0
LINE
8
BLACK
6
CONTINUOUS
10
5.4454209055118108
20
-4.0055818897637794
11
5.4450492519685039
21
-4.0051290551181102
0
LINE
8
BLACK
6
CONTINUOUS
10
5.4450492519685039
20
-4.0051290551181102
11
5.4449314173228345
21
-4.0050268503937003
0
LINE
8
BLACK
6
CONTINUOUS
10
5.4449314173228345
20
-4.0050268503937003
11
5.4448195669291337
21
-4.0048491338582677
0
LINE
8
BLACK
6
CONTINUOUS
10
5.4448195669291337
20
-4.0048491338582677
11
5.4446864566929136
21
-4.004686968503937
0
LINE
8
BLACK
6
CONTINUOUS
10
5.4446864566929136
20
-4.004686968503937
11
5.4446267716535433
21
-4.0045428740157476
0
LINE
8
BLACK
6
CONTINUOUS
10
5.4446267716535433
20
-4.0045428740157476
11
5.4443146850393696
21
-4.0040470866141735
0
LINE
8
BLACK
6
CONTINUOUS
10
5.4443146850393696
20
-4.0040470866141735
11
5.4415025196850388
21
-3.9984227559055117
0
LINE
8
BLACK
6
CONTINUOUS
10
5.4415025196850388
20
-3.9984227559055117
11
5.4410887401574799
21
-3.9973415354330708
0
LINE
8
BLACK
6
CONTINUOUS
10
5.4410887401574799
20
-3.9973415354330708
11
5.441073661417323
21
-3.9971298031496061
0
LINE
8
BLACK
6
CONTINUOUS
10
5.441073661417323
20
-3.9971298031496061
11
5.4409925196850395
21
-3.9969338582677163
0
LINE
8
BLACK
6
CONTINUOUS
10
5.4409925196850395
20
-3.9969338582677163
11
5.4408790551181099
21
-3.9957817322834646
0
LINE
8
BLACK
6
CONTINUOUS
10
5.4408790551181099
20
-3.9957817322834646
11
5.4408790551181099
21
-3.9901574409448819
0
LINE
8
BLACK
6
CONTINUOUS
10
5.4408790551181099
20
-3.9901574409448819
11
5.4409925196850395
21
-3.9890053149606297
0
LINE
8
BLACK
6
CONTINUOUS
10
5.4409925196850395
20
-3.9890053149606297
11
5.4410737401574805
21
-3.9888092125984249
0
LINE
8
BLACK
6
CONTINUOUS
10
5.4410737401574805
20
-3.9888092125984249
11
5.4410887795275586
21
-3.9885976377952757
0
LINE
8
BLACK
6
CONTINUOUS
10
5.4410887795275586
20
-3.9885976377952757
11
5.4415025196850388
21
-3.9875164173228344
0
LINE
8
BLACK
6
CONTINUOUS
10
5.4415025196850388
20
-3.9875164173228344
11
5.4443146850393696
21
-3.9818921259842517
0
LINE
8
BLACK
6
CONTINUOUS
10
5.4443146850393696
20
-3.9818921259842517
11
5.4446267716535433
21
-3.9813962992125984
0
LINE
8
BLACK
6
CONTINUOUS
10
5.4446267716535433
20
-3.9813962992125984
11
5.4446864566929136
21
-3.9812522440944882
0
LINE
8
BLACK
6
CONTINUOUS
10
5.4446864566929136
20
-3.9812522440944882
11
5.4448195669291337
21
-3.9810900393700788
0
LINE
8
BLACK
6
CONTINUOUS
10
5.4448195669291337
20
-3.9810900393700788
11
5.4449314173228345
21
-3.9809123622047244
0
LINE
8
BLACK
6
CONTINUOUS
10
5.4449314173228345
20
-3.9809123622047244
11
5.4450492519685039
21
-3.9808101181102362
0
LINE
8
BLACK
6
CONTINUOUS
10
5.4450492519685039
20
-3.9808101181102362
11
5.4454209055118108
21
-3.9803573228346454
0
LINE
8
BLACK
6
CONTINUOUS
10
5.4454209055118108
20
-3.9803573228346454
11
5.4482330314960628
21
-3.9775451968503934
0
LINE
8
BLACK
6
CONTINUOUS
10
5.4482330314960628
20
-3.9775451968503934
11
5.4486858661417319
21
-3.9771735039370077
0
LINE
8
BLACK
6
CONTINUOUS
10
5.4486858661417319
20
-3.9771735039370077
11
5.4487880708661418
21
-3.9770557086614171
0
LINE
8
BLACK
6
CONTINUOUS
10
5.4487880708661418
20
-3.9770557086614171
11
5.4489655905511807
21
-3.9769439370078739
0
LINE
8
BLACK
6
CONTINUOUS
10
5.4489655905511807
20
-3.9769439370078739
11
5.4491279133858264
21
-3.9768107480314958
0
LINE
8
BLACK
6
CONTINUOUS
10
5.4491279133858264
20
-3.9768107480314958
11
5.4492720866141733
21
-3.9767510236220471
0
LINE
8
BLACK
6
CONTINUOUS
10
5.4492720866141733
20
-3.9767510236220471
11
5.4497678346456695
21
-3.9764389763779526
0
LINE
8
BLACK
6
CONTINUOUS
10
5.4497678346456695
20
-3.9764389763779526
11
5.4553920866141734
21
-3.9736268110236219
0
LINE
8
BLACK
6
CONTINUOUS
10
5.4553920866141734
20
-3.9736268110236219
11
5.4554763385826774
21
-3.973594527559055
0
LINE
8
BLACK
6
CONTINUOUS
10
5.4554763385826774
20
-3.973594527559055
11
5.4555106299212595
21
-3.9735691732283462
0
LINE
8
BLACK
6
CONTINUOUS
10
5.4555106299212595
20
-3.9735691732283462
11
5.4559940551181105
21
-3.9733964173228347
0
LINE
8
BLACK
6
CONTINUOUS
10
5.4559940551181105
20
-3.9733964173228347
11
5.4564733464566926
21
-3.9732130708661417
0
LINE
8
BLACK
6
CONTINUOUS
10
5.4564733464566926
20
-3.9732130708661417
11
5.4565158661417321
21
-3.9732100393700787
0
LINE
8
BLACK
6
CONTINUOUS
10
5.4565158661417321
20
-3.9732100393700787
11
5.4566008661417325
21
-3.9731796850393701
0
LINE
8
BLACK
6
CONTINUOUS
10
5.4566008661417325
20
-3.9731796850393701
11
5.4678494488188978
21
-3.9703675196850394
0
LINE
8
BLACK
6
CONTINUOUS
10
5.4678494488188978
20
-3.9703675196850394
11
5.4680491338582673
21
-3.9703379527559055
0
LINE
8
BLACK
6
CONTINUOUS
10
5.4680491338582673
20
-3.9703379527559055
11
5.4681296456692916
21
-3.9703046456692914
0
LINE
8
BLACK
6
CONTINUOUS
10
5.4681296456692916
20
-3.9703046456692914
11
5.4685634645669294
21
-3.9702618897637794
0
LINE
8
BLACK
6
CONTINUOUS
10
5.4685634645669294
20
-3.9702618897637794
11
5.4689946850393696
21
-3.9701981496062992
0
LINE
8
BLACK
6
CONTINUOUS
10
5.4689946850393696
20
-3.9701981496062992
11
5.4690808267716537
21
-3.9702109448818899
0
LINE
8
BLACK
6
CONTINUOUS
10
5.4690808267716537
20
-3.9702109448818899
11
5.4692817716535433
21
-3.9701911811023622
0
LINE
8
BLACK
6
CONTINUOUS
10
5.4692817716535433
20
-3.9701911811023622
11
5.4833425196850394
21
-3.9701911811023622
0
LINE
8
BLACK
6
CONTINUOUS
10
5.4833425196850394
20
-3.9701911811023622
11
5.4835434251968502
21
-3.9702109448818899
0
LINE
8
BLACK
6
CONTINUOUS
10
5.4600944094488186
20
-3.9844807480314959
11
5.4559070472440947
21
-3.9865744488188977
0
LINE
8
BLACK
6
CONTINUOUS
10
5.4559070472440947
20
-3.9865744488188977
11
5.4544501968503933
21
-3.9880312992125981
0
LINE
8
BLACK
6
CONTINUOUS
10
5.4544501968503933
20
-3.9880312992125981
11
5.4526900787401571
21
-3.9915515354330706
0
LINE
8
BLACK
6
CONTINUOUS
10
5.4526900787401571
20
-3.9915515354330706
11
5.4526900787401571
21
-3.9943876377952754
0
LINE
8
BLACK
6
CONTINUOUS
10
5.4526900787401571
20
-3.9943876377952754
11
5.4544501968503933
21
-3.9979078740157479
0
LINE
8
BLACK
6
CONTINUOUS
10
5.4544501968503933
20
-3.9979078740157479
11
5.4559070472440947
21
-3.9993647244094488
0
LINE
8
BLACK
6
CONTINUOUS
10
5.4559070472440947
20
-3.9993647244094488
11
5.4600944094488186
21
-4.0014583858267718
0
LINE
8
BLACK
6
CONTINUOUS
10
5.4600944094488186
20
-4.0014583858267718
11
5.4700087007874014
21
-4.003936968503937
0
LINE
8
BLACK
6
CONTINUOUS
10
5.4700087007874014
20
-4.003936968503937
11
5.4826155905511813
21
-4.003936968503937
0
LINE
8
BLACK
6
CONTINUOUS
10
5.4826155905511813
20
-4.003936968503937
11
5.4925298031496066
21
-4.0014584251968506
0
LINE
8
BLACK
6
CONTINUOUS
10
5.4925298031496066
20
-4.0014584251968506
11
5.496717244094488
21
-3.99936468503937
0
LINE
8
BLACK
6
CONTINUOUS
10
5.496717244094488
20
-3.99936468503937
11
5.4981740944881885
21
-3.9979077952755904
0
LINE
8
BLACK
6
CONTINUOUS
10
5.4981740944881885
20
-3.9979077952755904
11
5.499934173228346
21
-3.9943876377952754
0
LINE
8
BLACK
6
CONTINUOUS
10
5.499934173228346
20
-3.9943876377952754
11
5.499934173228346
21
-3.9915514960629919
0
LINE
8
BLACK
6
CONTINUOUS
10
5.499934173228346
20
-3.9915514960629919
11
5.4981740944881885
21
-3.9880313385826769
0
LINE
8
BLACK
6
CONTINUOUS
10
5.4981740944881885
20
-3.9880313385826769
11
5.496717244094488
21
-3.9865744881889764
0
LINE
8
BLACK
6
CONTINUOUS
10
5.496717244094488
20
-3.9865744881889764
11
5.4925298425196853
21
-3.9844807874015746
0
LINE
8
BLACK
6
CONTINUOUS
10
5.4925298425196853
20
-3.9844807874015746
11
5.4826155511811026
21
-3.9820022047244095
0
LINE
8
BLACK
6
CONTINUOUS
10
5.4826155511811026
20
-3.9820022047244095
11
5.4700087007874014
21
-3.9820022047244095
0
LINE
8
BLACK
6
CONTINUOUS
10
5.4700087007874014
20
-3.9820022047244095
11
5.4600944094488186
21
-3.9844807480314959
0
LINE
8
BLACK
6
CONTINUOUS
10
5.8035434251968505
20
-3.9702109448818899
11
5.8036295669291338
21
-3.9701981496062992
0
LINE
8
BLACK
6
CONTINUOUS
10
5.8036295669291338
20
-3.9701981496062992
11
5.8040607086614173
21
-3.9702618897637794
0
LINE
8
BLACK
6
CONTINUOUS
10
5.8040607086614173
20
-3.9702618897637794
11
5.8044946456692914
21
-3.9703046456692914
0
LINE
8
BLACK
6
CONTINUOUS
10
5.8044946456692914
20
-3.9703046456692914
11
5.8045751181102361
21
-3.9703379527559055
0
LINE
8
BLACK
6
CONTINUOUS
10
5.8045751181102361
20
-3.9703379527559055
11
5.8047748425196852
21
-3.9703675196850394
0
LINE
8
BLACK
6
CONTINUOUS
10
5.8047748425196852
20
-3.9703675196850394
11
5.8160233858267718
21
-3.9731796850393701
0
LINE
8
BLACK
6
CONTINUOUS
10
5.8160233858267718
20
-3.9731796850393701
11
5.8161083464566925
21
-3.9732100393700787
0
LINE
8
BLACK
6
CONTINUOUS
10
5.8161083464566925
20
-3.9732100393700787
11
5.8161509055118108
21
-3.9732130708661417
0
LINE
8
BLACK
6
CONTINUOUS
10
5.8161509055118108
20
-3.9732130708661417
11
5.8166301968503937
21
-3.9733964566929134
0
LINE
8
BLACK
6
CONTINUOUS
10
5.8166301968503937
20
-3.9733964566929134
11
5.8171135826771652
21
-3.9735691732283462
0
LINE
8
BLACK
6
CONTINUOUS
10
5.8171135826771652
20
-3.9735691732283462
11
5.8171478346456693
21
-3.973594527559055
0
LINE
8
BLACK
6
CONTINUOUS
10
5.8171478346456693
20
-3.973594527559055
11
5.8172321259842521
21
-3.9736268110236219
0
LINE
8
BLACK
6
CONTINUOUS
10
5.8172321259842521
20
-3.9736268110236219
11
5.8228564173228348
21
-3.9764389763779526
0
LINE
8
BLACK
6
CONTINUOUS
10
5.8228564173228348
20
-3.9764389763779526
11
5.8233522834645672
21
-3.9767511023622046
0
LINE
8
BLACK
6
CONTINUOUS
10
5.8233522834645672
20
-3.9767511023622046
11
5.8234962598425195
21
-3.9768107480314958
0
LINE
8
BLACK
6
CONTINUOUS
10
5.8234962598425195
20
-3.9768107480314958
11
5.8236583464566927
21
-3.9769437795275588
0
LINE
8
BLACK
6
CONTINUOUS
10
5.8236583464566927
20
-3.9769437795275588
11
5.8238361811023625
21
-3.9770557086614171
0
LINE
8
BLACK
6
CONTINUOUS
10
5.8238361811023625
20
-3.9770557086614171
11
5.8239384251968502
21
-3.9771735826771653
0
LINE
8
BLACK
6
CONTINUOUS
10
5.8239384251968502
20
-3.9771735826771653
11
5.8243911811023619
21
-3.9775451574803147
0
LINE
8
BLACK
6
CONTINUOUS
10
5.8243911811023619
20
-3.9775451574803147
11
5.8272033464566926
21
-3.9803572834645666
0
LINE
8
BLACK
6
CONTINUOUS
10
5.8272033464566926
20
-3.9803572834645666
11
5.827575078740157
21
-3.9808102362204725
0
LINE
8
BLACK
6
CONTINUOUS
10
5.827575078740157
20
-3.9808102362204725
11
5.8276928740157476
21
-3.9809124015748032
0
LINE
8
BLACK
6
CONTINUOUS
10
5.8276928740157476
20
-3.9809124015748032
11
5.8278046456692909
21
-3.9810899606299213
0
LINE
8
BLACK
6
CONTINUOUS
10
5.8278046456692909
20
-3.9810899606299213
11
5.8279377952755906
21
-3.9812522047244094
0
LINE
8
BLACK
6
CONTINUOUS
10
5.8279377952755906
20
-3.9812522047244094
11
5.8279974409448814
21
-3.9813962598425197
0
LINE
8
BLACK
6
CONTINUOUS
10
5.8279974409448814
20
-3.9813962598425197
11
5.8283096062992126
21
-3.9818921259842517
0
LINE
8
BLACK
6
CONTINUOUS
10
5.8283096062992126
20
-3.9818921259842517
11
5.8311217322834645
21
-3.9875164566929131
0
LINE
8
BLACK
6
CONTINUOUS
10
5.8311217322834645
20
-3.9875164566929131
11
5.8315355118110235
21
-3.9885976771653544
0
LINE
8
BLACK
6
CONTINUOUS
10
5.8315355118110235
20
-3.9885976771653544
11
5.8315505118110238
21
-3.9888092913385824
0
LINE
8
BLACK
6
CONTINUOUS
10
5.8315505118110238
20
-3.9888092913385824
11
5.8316317322834648
21
-3.9890053149606297
0
LINE
8
BLACK
6
CONTINUOUS
10
5.8316317322834648
20
-3.9890053149606297
11
5.8317451968503935
21
-3.9901574409448819
0
LINE
8
BLACK
6
CONTINUOUS
10
5.8317451968503935
20
-3.9901574409448819
11
5.8317451968503935
21
-3.9957817322834646
0
LINE
8
BLACK
6
CONTINUOUS
10
5.8317451968503935
20
-3.9957817322834646
11
5.8316317322834648
21
-3.9969338582677163
0
LINE
8
BLACK
6
CONTINUOUS
10
5.8316317322834648
20
-3.9969338582677163
11
5.8315505118110238
21
-3.9971298425196848
0
LINE
8
BLACK
6
CONTINUOUS
10
5.8315505118110238
20
-3.9971298425196848
11
5.8315355118110235
21
-3.9973414960629921
0
LINE
8
BLACK
6
CONTINUOUS
10
5.8315355118110235
20
-3.9973414960629921
11
5.8311217716535433
21
-3.9984227165354329
0
LINE
8
BLACK
6
CONTINUOUS
10
5.8311217716535433
20
-3.9984227165354329
11
5.8283096062992126
21
-4.0040470472440948
0
LINE
8
BLACK
6
CONTINUOUS
10
5.8283096062992126
20
-4.0040470472440948
11
5.8279974409448814
21
-4.0045429527559051
0
LINE
8
BLACK
6
CONTINUOUS
10
5.8279974409448814
20
-4.0045429527559051
11
5.8279377952755906
21
-4.0046870078740158
0
LINE
8
BLACK
6
CONTINUOUS
10
5.8279377952755906
20
-4.0046870078740158
11
5.8278047637795272
21
-4.0048490551181102
0
LINE
8
BLACK
6
CONTINUOUS
10
5.8278047637795272
20
-4.0048490551181102
11
5.8276929133858264
21
-4.0050268110236216
0
LINE
8
BLACK
6
CONTINUOUS
10
5.8276929133858264
20
-4.0050268110236216
11
5.8275749606299208
21
-4.0051290551181102
0
LINE
8
BLACK
6
CONTINUOUS
10
5.8275749606299208
20
-4.0051290551181102
11
5.8272033464566926
21
-4.0055819291338581
0
LINE
8
BLACK
6
CONTINUOUS
10
5.8272033464566926
20
-4.0055819291338581
11
5.8243911811023619
21
-4.0083940551181101
0
LINE
8
BLACK
6
CONTINUOUS
10
5.8243911811023619
20
-4.0083940551181101
11
5.8239384251968502
21
-4.0087655905511808
0
LINE
8
BLACK
6
CONTINUOUS
10
5.8239384251968502
20
-4.0087655905511808
11
5.8238361811023625
21
-4.0088835039370077
0
LINE
8
BLACK
6
CONTINUOUS
10
5.8238361811023625
20
-4.0088835039370077
11
5.8236583464566927
21
-4.0089953937007872
0
LINE
8
BLACK
6
CONTINUOUS
10
5.8236583464566927
20
-4.0089953937007872
11
5.8234962598425195
21
-4.0091284645669294
0
LINE
8
BLACK
6
CONTINUOUS
10
5.8234962598425195
20
-4.0091284645669294
11
5.8233522834645672
21
-4.0091880708661414
0
LINE
8
BLACK
6
CONTINUOUS
10
5.8233522834645672
20
-4.0091880708661414
11
5.8228564173228348
21
-4.0095002362204726
0
LINE
8
BLACK
6
CONTINUOUS
10
5.8228564173228348
20
-4.0095002362204726
11
5.8172321259842521
21
-4.0123124015748033
0
LINE
8
BLACK
6
CONTINUOUS
10
5.8172321259842521
20
-4.0123124015748033
11
5.8171478346456693
21
-4.0123446456692911
0
LINE
8
BLACK
6
CONTINUOUS
10
5.8171478346456693
20
-4.0123446456692911
11
5.8171135826771652
21
-4.0123700393700785
0
LINE
8
BLACK
6
CONTINUOUS
10
5.8171135826771652
20
-4.0123700393700785
11
5.8166301968503937
21
-4.0125427165354326
0
LINE
8
BLACK
6
CONTINUOUS
10
5.8166301968503937
20
-4.0125427165354326
11
5.8161509055118108
21
-4.0127261417322835
0
LINE
8
BLACK
6
CONTINUOUS
10
5.8161509055118108
20
-4.0127261417322835
11
5.8161083464566925
21
-4.0127291338582678
0
LINE
8
BLACK
6
CONTINUOUS
10
5.8161083464566925
20
-4.0127291338582678
11
5.8160233858267718
21
-4.0127595275590551
0
LINE
8
BLACK
6
CONTINUOUS
10
5.8160233858267718
20
-4.0127595275590551
11
5.8047748031496065
21
-4.015571653543307
0
LINE
8
BLACK
6
CONTINUOUS
10
5.8047748031496065
20
-4.015571653543307
11
5.8045751181102361
21
-4.015601141732283
0
LINE
8
BLACK
6
CONTINUOUS
10
5.8045751181102361
20
-4.015601141732283
11
5.8044946456692914
21
-4.0156345275590546
0
LINE
8
BLACK
6
CONTINUOUS
10
5.8044946456692914
20
-4.0156345275590546
11
5.8040606692913386
21
-4.0156772440944879
0
LINE
8
BLACK
6
CONTINUOUS
10
5.8040606692913386
20
-4.0156772440944879
11
5.8036295669291338
21
-4.0157410236220468
0
LINE
8
BLACK
6
CONTINUOUS
10
5.8036295669291338
20
-4.0157410236220468
11
5.8035434251968505
21
-4.0157281889763778
0
LINE
8
BLACK
6
CONTINUOUS
10
5.8035434251968505
20
-4.0157281889763778
11
5.8033425196850397
21
-4.0157479921259842
0
LINE
8
BLACK
6
CONTINUOUS
10
5.8033425196850397
20
-4.0157479921259842
11
5.7892817716535427
21
-4.0157479921259842
0
LINE
8
BLACK
6
CONTINUOUS
10
5.7892817716535427
20
-4.0157479921259842
11
5.7890808267716531
21
-4.0157281889763778
0
LINE
8
BLACK
6
CONTINUOUS
10
5.7890808267716531
20
-4.0157281889763778
11
5.7889947244094486
21
-4.0157410236220468
0
LINE
8
BLACK
6
CONTINUOUS
10
5.7889947244094486
20
-4.0157410236220468
11
5.7885635826771651
21
-4.0156772440944879
0
LINE
8
BLACK
6
CONTINUOUS
10
5.7885635826771651
20
-4.0156772440944879
11
5.788129645669291
21
-4.0156345275590546
0
LINE
8
BLACK
6
CONTINUOUS
10
5.788129645669291
20
-4.0156345275590546
11
5.7880491338582676
21
-4.015601141732283
0
LINE
8
BLACK
6
CONTINUOUS
10
5.7880491338582676
20
-4.015601141732283
11
5.7878494881889759
21
-4.015571653543307
0
LINE
8
BLACK
6
CONTINUOUS
10
5.7878494881889759
20
-4.015571653543307
11
5.7766008661417318
21
-4.0127595275590551
0
LINE
8
BLACK
6
CONTINUOUS
10
5.7766008661417318
20
-4.0127595275590551
11
5.7765158661417324
21
-4.0127291338582678
0
LINE
8
BLACK
6
CONTINUOUS
10
5.7765158661417324
20
-4.0127291338582678
11
5.7764733464566929
21
-4.0127261417322835
0
LINE
8
BLACK
6
CONTINUOUS
10
5.7764733464566929
20
-4.0127261417322835
11
5.7759937795275587
21
-4.0125426377952751
0
LINE
8
BLACK
6
CONTINUOUS
10
5.7759937795275587
20
-4.0125426377952751
11
5.7755106692913385
21
-4.0123700393700785
0
LINE
8
BLACK
6
CONTINUOUS
10
5.7755106692913385
20
-4.0123700393700785
11
5.7754764173228343
21
-4.0123446456692911
0
LINE
8
BLACK
6
CONTINUOUS
10
5.7754764173228343
20
-4.0123446456692911
11
5.7753920866141728
21
-4.0123124015748033
0
LINE
8
BLACK
6
CONTINUOUS
10
5.7753920866141728
20
-4.0123124015748033
11
5.7697678346456689
21
-4.0095002362204726
0
LINE
8
BLACK
6
CONTINUOUS
10
5.7697678346456689
20
-4.0095002362204726
11
5.7692720866141727
21
-4.0091881496062989
0
LINE
8
BLACK
6
CONTINUOUS
10
5.7692720866141727
20
-4.0091881496062989
11
5.7691279133858266
21
-4.0091284645669294
0
LINE
8
BLACK
6
CONTINUOUS
10
5.7691279133858266
20
-4.0091284645669294
11
5.768965590551181
21
-4.0089952362204722
0
LINE
8
BLACK
6
CONTINUOUS
10
5.768965590551181
20
-4.0089952362204722
11
5.7687880708661412
21
-4.0088835039370077
0
LINE
8
BLACK
6
CONTINUOUS
10
5.7687880708661412
20
-4.0088835039370077
11
5.7686858661417322
21
-4.0087656692913383
0
LINE
8
BLACK
6
CONTINUOUS
10
5.7686858661417322
20
-4.0087656692913383
11
5.768233031496063
21
-4.0083940157480313
0
LINE
8
BLACK
6
CONTINUOUS
10
5.768233031496063
20
-4.0083940157480313
11
5.7654209055118111
21
-4.0055818897637794
0
LINE
8
BLACK
6
CONTINUOUS
10
5.7654209055118111
20
-4.0055818897637794
11
5.7650492519685042
21
-4.0051290551181102
0
LINE
8
BLACK
6
CONTINUOUS
10
5.7650492519685042
20
-4.0051290551181102
11
5.7649314173228348
21
-4.0050268503937003
0
LINE
8
BLACK
6
CONTINUOUS
10
5.7649314173228348
20
-4.0050268503937003
11
5.764819566929134
21
-4.0048491338582677
0
LINE
8
BLACK
6
CONTINUOUS
10
5.764819566929134
20
-4.0048491338582677
11
5.764686456692913
21
-4.004686968503937
0
LINE
8
BLACK
6
CONTINUOUS
10
5.764686456692913
20
-4.004686968503937
11
5.7646267716535435
21
-4.0045428740157476
0
LINE
8
BLACK
6
CONTINUOUS
10
5.7646267716535435
20
-4.0045428740157476
11
5.7643146850393698
21
-4.0040470866141735
0
LINE
8
BLACK
6
CONTINUOUS
10
5.7643146850393698
20
-4.0040470866141735
11
5.7615025196850391
21
-3.9984227559055117
0
LINE
8
BLACK
6
CONTINUOUS
10
5.7615025196850391
20
-3.9984227559055117
11
5.7610887401574802
21
-3.9973415354330708
0
LINE
8
BLACK
6
CONTINUOUS
10
5.7610887401574802
20
-3.9973415354330708
11
5.7610736614173224
21
-3.9971298031496061
0
LINE
8
BLACK
6
CONTINUOUS
10
5.7610736614173224
20
-3.9971298031496061
11
5.7609925196850389
21
-3.9969338582677163
0
LINE
8
BLACK
6
CONTINUOUS
10
5.7609925196850389
20
-3.9969338582677163
11
5.7608790551181102
21
-3.9957817322834646
0
LINE
8
BLACK
6
CONTINUOUS
10
5.7608790551181102
20
-3.9957817322834646
11
5.7608790551181102
21
-3.9901574409448819
0
LINE
8
BLACK
6
CONTINUOUS
10
5.7608790551181102
20
-3.9901574409448819
11
5.7609925196850389
21
-3.9890053149606297
0
LINE
8
BLACK
6
CONTINUOUS
10
5.7609925196850389
20
-3.9890053149606297
11
5.7610737401574799
21
-3.9888092125984249
0
LINE
8
BLACK
6
CONTINUOUS
10
5.7610737401574799
20
-3.9888092125984249
11
5.7610887795275589
21
-3.9885976377952757
0
LINE
8
BLACK
6
CONTINUOUS
10
5.7610887795275589
20
-3.9885976377952757
11
5.7615025196850391
21
-3.9875164173228344
0
LINE
8
BLACK
6
CONTINUOUS
10
5.7615025196850391
20
-3.9875164173228344
11
5.7643146850393698
21
-3.9818921259842517
0
LINE
8
BLACK
6
CONTINUOUS
10
5.7643146850393698
20
-3.9818921259842517
11
5.7646267716535435
21
-3.9813962992125984
0
LINE
8
BLACK
6
CONTINUOUS
10
5.7646267716535435
20
-3.9813962992125984
11
5.764686456692913
21
-3.9812522440944882
0
LINE
8
BLACK
6
CONTINUOUS
10
5.764686456692913
20
-3.9812522440944882
11
5.764819566929134
21
-3.9810900393700788
0
LINE
8
BLACK
6
CONTINUOUS
10
5.764819566929134
20
-3.9810900393700788
11
5.7649314173228348
21
-3.9809123622047244
0
LINE
8
BLACK
6
CONTINUOUS
10
5.7649314173228348
20
-3.9809123622047244
11
5.7650492519685042
21
-3.9808101181102362
0
LINE
8
BLACK
6
CONTINUOUS
10
5.7650492519685042
20
-3.9808101181102362
11
5.7654209055118111
21
-3.9803573228346454
0
LINE
8
BLACK
6
CONTINUOUS
10
5.7654209055118111
20
-3.9803573228346454
11
5.768233031496063
21
-3.9775451968503934
0
LINE
8
BLACK
6
CONTINUOUS
10
5.768233031496063
20
-3.9775451968503934
11
5.7686858661417322
21
-3.9771735039370077
0
LINE
8
BLACK
6
CONTINUOUS
10
5.7686858661417322
20
-3.9771735039370077
11
5.7687880708661412
21
-3.9770557086614171
0
LINE
8
BLACK
6
CONTINUOUS
10
5.7687880708661412
20
-3.9770557086614171
11
5.768965590551181
21
-3.9769439370078739
0
LINE
8
BLACK
6
CONTINUOUS
10
5.768965590551181
20
-3.9769439370078739
11
5.7691279133858266
21
-3.9768107480314958
0
LINE
8
BLACK
6
CONTINUOUS
10
5.7691279133858266
20
-3.9768107480314958
11
5.7692720866141727
21
-3.9767510236220471
0
LINE
8
BLACK
6
CONTINUOUS
10
5.7692720866141727
20
-3.9767510236220471
11
5.7697678346456689
21
-3.9764389763779526
0
LINE
8
BLACK
6
CONTINUOUS
10
5.7697678346456689
20
-3.9764389763779526
11
5.7753920866141728
21
-3.9736268110236219
0
LINE
8
BLACK
6
CONTINUOUS
10
5.7753920866141728
20
-3.9736268110236219
11
5.7754763385826768
21
-3.973594527559055
0
LINE
8
BLACK
6
CONTINUOUS
10
5.7754763385826768
20
-3.973594527559055
11
5.7755106299212597
21
-3.9735691732283462
0
LINE
8
BLACK
6
CONTINUOUS
10
5.7755106299212597
20
-3.9735691732283462
11
5.7759940551181099
21
-3.9733964173228347
0
LINE
8
BLACK
6
CONTINUOUS
10
5.7759940551181099
20
-3.9733964173228347
11
5.7764733464566929
21
-3.9732130708661417
0
LINE
8
BLACK
6
CONTINUOUS
10
5.7764733464566929
20
-3.9732130708661417
11
5.7765158661417324
21
-3.9732100393700787
0
LINE
8
BLACK
6
CONTINUOUS
10
5.7765158661417324
20
-3.9732100393700787
11
5.7766008661417318
21
-3.9731796850393701
0
LINE
8
BLACK
6
CONTINUOUS
10
5.7766008661417318
20
-3.9731796850393701
11
5.7878494488188972
21
-3.9703675196850394
0
LINE
8
BLACK
6
CONTINUOUS
10
5.7878494488188972
20
-3.9703675196850394
11
5.7880491338582676
21
-3.9703379527559055
0
LINE
8
BLACK
6
CONTINUOUS
10
5.7880491338582676
20
-3.9703379527559055
11
5.788129645669291
21
-3.9703046456692914
0
LINE
8
BLACK
6
CONTINUOUS
10
5.788129645669291
20
-3.9703046456692914
11
5.7885634645669288
21
-3.9702618897637794
0
LINE
8
BLACK
6
CONTINUOUS
10
5.7885634645669288
20
-3.9702618897637794
11
5.7889946850393699
21
-3.9701981496062992
0
LINE
8
BLACK
6
CONTINUOUS
10
5.7889946850393699
20
-3.9701981496062992
11
5.7890808267716531
21
-3.9702109448818899
0
LINE
8
BLACK
6
CONTINUOUS
10
5.7890808267716531
20
-3.9702109448818899
11
5.7892817716535427
21
-3.9701911811023622
0
LINE
8
BLACK
6
CONTINUOUS
10
5.7892817716535427
20
-3.9701911811023622
11
5.8033425196850397
21
-3.9701911811023622
0
LINE
8
BLACK
6
CONTINUOUS
10
5.8033425196850397
20
-3.9701911811023622
11
5.8035434251968505
21
-3.9702109448818899
0
LINE
8
BLACK
6
CONTINUOUS
10
5.7800944094488189
20
-3.9844807480314959
11
5.7759070472440941
21
-3.9865744488188977
0
LINE
8
BLACK
6
CONTINUOUS
10
5.7759070472440941
20
-3.9865744488188977
11
5.7744501968503936
21
-3.9880312992125981
0
LINE
8
BLACK
6
CONTINUOUS
10
5.7744501968503936
20
-3.9880312992125981
11
5.7726900787401574
21
-3.9915515354330706
0
LINE
8
BLACK
6
CONTINUOUS
10
5.7726900787401574
20
-3.9915515354330706
11
5.7726900787401574
21
-3.9943876377952754
0
LINE
8
BLACK
6
CONTINUOUS
10
5.7726900787401574
20
-3.9943876377952754
11
5.7744501968503936
21
-3.9979078740157479
0
LINE
8
BLACK
6
CONTINUOUS
10
5.7744501968503936
20
-3.9979078740157479
11
5.7759070472440941
21
-3.9993647244094488
0
LINE
8
BLACK
6
CONTINUOUS
10
5.7759070472440941
20
-3.9993647244094488
11
5.7800944094488189
21
-4.0014583858267718
0
LINE
8
BLACK
6
CONTINUOUS
10
5.7800944094488189
20
-4.0014583858267718
11
5.7900087007874017
21
-4.003936968503937
0
LINE
8
BLACK
6
CONTINUOUS
10
5.7900087007874017
20
-4.003936968503937
11
5.8026155905511807
21
-4.003936968503937
0
LINE
8
BLACK
6
CONTINUOUS
10
5.8026155905511807
20
-4.003936968503937
11
5.812529803149606
21
-4.0014584251968506
0
LINE
8
BLACK
6
CONTINUOUS
10
5.812529803149606
20
-4.0014584251968506
11
5.8167172440944883
21
-3.99936468503937
0
LINE
8
BLACK
6
CONTINUOUS
10
5.8167172440944883
20
-3.99936468503937
11
5.8181740944881888
21
-3.9979077952755904
0
LINE
8
BLACK
6
CONTINUOUS
10
5.8181740944881888
20
-3.9979077952755904
11
5.8199341732283463
21
-3.9943876377952754
0
LINE
8
BLACK
6
CONTINUOUS
10
5.8199341732283463
20
-3.9943876377952754
11
5.8199341732283463
21
-3.9915514960629919
0
LINE
8
BLACK
6
CONTINUOUS
10
5.8199341732283463
20
-3.9915514960629919
11
5.8181740944881888
21
-3.9880313385826769
0
LINE
8
BLACK
6
CONTINUOUS
10
5.8181740944881888
20
-3.9880313385826769
11
5.8167172440944883
21
-3.9865744881889764
0
LINE
8
BLACK
6
CONTINUOUS
10
5.8167172440944883
20
-3.9865744881889764
11
5.8125298425196847
21
-3.9844807874015746
0
LINE
8
BLACK
6
CONTINUOUS
10
5.8125298425196847
20
-3.9844807874015746
11
5.8026155511811019
21
-3.9820022047244095
0
LINE
8
BLACK
6
CONTINUOUS
10
5.8026155511811019
20
-3.9820022047244095
11
5.7900087007874017
21
-3.9820022047244095
0
LINE
8
BLACK
6
CONTINUOUS
10
5.7900087007874017
20
-3.9820022047244095
11
5.7800944094488189
21
-3.9844807480314959
0
LINE
8
BLACK
6
CONTINUOUS
10
5.4835434251968502
20
-3.913967992125984
11
5.4836295669291335
21
-3.9139551968503934
0
LINE
8
BLACK
6
CONTINUOUS
10
5.4836295669291335
20
-3.9139551968503934
11
5.484060708661417
21
-3.914018937007874
0
LINE
8
BLACK
6
CONTINUOUS
10
5.484060708661417
20
-3.914018937007874
11
5.4844946456692911
21
-3.9140616929133856
0
LINE
8
BLACK
6
CONTINUOUS
10
5.4844946456692911
20
-3.9140616929133856
11
5.4845751181102358
21
-3.9140950000000001
0
LINE
8
BLACK
6
CONTINUOUS
10
5.4845751181102358
20
-3.9140950000000001
11
5.4847748425196849
21
-3.9141245669291336
0
LINE
8
BLACK
6
CONTINUOUS
10
5.4847748425196849
20
-3.9141245669291336
11
5.4960233858267715
21
-3.9169367322834643
0
LINE
8
BLACK
6
CONTINUOUS
10
5.4960233858267715
20
-3.9169367322834643
11
5.4961083464566931
21
-3.9169670866141733
0
LINE
8
BLACK
6
CONTINUOUS
10
5.4961083464566931
20
-3.9169670866141733
11
5.4961509055118105
21
-3.9169701181102363
0
LINE
8
BLACK
6
CONTINUOUS
10
5.4961509055118105
20
-3.9169701181102363
11
5.4966301968503934
21
-3.9171535039370076
0
LINE
8
BLACK
6
CONTINUOUS
10
5.4966301968503934
20
-3.9171535039370076
11
5.4971135826771649
21
-3.9173262204724408
0
LINE
8
BLACK
6
CONTINUOUS
10
5.4971135826771649
20
-3.9173262204724408
11
5.497147834645669
21
-3.9173515748031495
0
LINE
8
BLACK
6
CONTINUOUS
10
5.497147834645669
20
-3.9173515748031495
11
5.4972321259842518
21
-3.9173838582677165
0
LINE
8
BLACK
6
CONTINUOUS
10
5.4972321259842518
20
-3.9173838582677165
11
5.5028564173228345
21
-3.9201960236220472
0
LINE
8
BLACK
6
CONTINUOUS
10
5.5028564173228345
20
-3.9201960236220472
11
5.503352283464567
21
-3.9205081496062992
0
LINE
8
BLACK
6
CONTINUOUS
10
5.503352283464567
20
-3.9205081496062992
11
5.5034962598425192
21
-3.9205677952755904
0
LINE
8
BLACK
6
CONTINUOUS
10
5.5034962598425192
20
-3.9205677952755904
11
5.5036583464566924
21
-3.9207008267716534
0
LINE
8
BLACK
6
CONTINUOUS
10
5.5036583464566924
20
-3.9207008267716534
11
5.5038361811023622
21
-3.9208127559055117
0
LINE
8
BLACK
6
CONTINUOUS
10
5.5038361811023622
20
-3.9208127559055117
11
5.5039384251968499
21
-3.9209306299212598
0
LINE
8
BLACK
6
CONTINUOUS
10
5.5039384251968499
20
-3.9209306299212598
11
5.5043911811023625
21
-3.9213022047244093
0
LINE
8
BLACK
6
CONTINUOUS
10
5.5043911811023625
20
-3.9213022047244093
11
5.5072033464566932
21
-3.9241143307086612
0
LINE
8
BLACK
6
CONTINUOUS
10
5.5072033464566932
20
-3.9241143307086612
11
5.5075750787401576
21
-3.9245672834645666
0
LINE
8
BLACK
6
CONTINUOUS
10
5.5075750787401576
20
-3.9245672834645666
11
5.5076928740157483
21
-3.9246694488188973
0
LINE
8
BLACK
6
CONTINUOUS
10
5.5076928740157483
20
-3.9246694488188973
11
5.5078046456692915
21
-3.9248470078740159
0
LINE
8
BLACK
6
CONTINUOUS
10
5.5078046456692915
20
-3.9248470078740159
11
5.5079377952755904
21
-3.925009251968504
0
LINE
8
BLACK
6
CONTINUOUS
10
5.5079377952755904
20
-3.925009251968504
11
5.507997440944882
21
-3.9251533070866143
0
LINE
8
BLACK
6
CONTINUOUS
10
5.507997440944882
20
-3.9251533070866143
11
5.5083096062992123
21
-3.9256491732283463
0
LINE
8
BLACK
6
CONTINUOUS
10
5.5083096062992123
20
-3.9256491732283463
11
5.5111217322834642
21
-3.9312735039370077
0
LINE
8
BLACK
6
CONTINUOUS
10
5.5111217322834642
20
-3.9312735039370077
11
5.5115355118110232
21
-3.9323547244094486
0
LINE
8
BLACK
6
CONTINUOUS
10
5.5115355118110232
20
-3.9323547244094486
11
5.5115505118110235
21
-3.932566338582677
0
LINE
8
BLACK
6
CONTINUOUS
10
5.5115505118110235
20
-3.932566338582677
11
5.5116317322834645
21
-3.9327623622047243
0
LINE
8
BLACK
6
CONTINUOUS
10
5.5116317322834645
20
-3.9327623622047243
11
5.5117451968503932
21
-3.9339144881889765
0
LINE
8
BLACK
6
CONTINUOUS
10
5.5117451968503932
20
-3.9339144881889765
11
5.5117451968503932
21
-3.9395387795275592
0
LINE
8
BLACK
6
CONTINUOUS
10
5.5117451968503932
20
-3.9395387795275592
11
5.5116317322834645
21
-3.9406909055118109
0
LINE
8
BLACK
6
CONTINUOUS
10
5.5116317322834645
20
-3.9406909055118109
11
5.5115505118110235
21
-3.9408868897637794
0
LINE
8
BLACK
6
CONTINUOUS
10
5.5115505118110235
20
-3.9408868897637794
11
5.5115355118110232
21
-3.9410985433070866
0
LINE
8
BLACK
6
CONTINUOUS
10
5.5115355118110232
20
-3.9410985433070866
11
5.511121771653543
21
-3.9421797637795275
0
LINE
8
BLACK
6
CONTINUOUS
10
5.511121771653543
20
-3.9421797637795275
11
5.5083096062992123
21
-3.9478040944881889
0
LINE
8
BLACK
6
CONTINUOUS
10
5.5083096062992123
20
-3.9478040944881889
11
5.507997440944882
21
-3.9482999999999997
0
LINE
8
BLACK
6
CONTINUOUS
10
5.507997440944882
20
-3.9482999999999997
11
5.5079377952755904
21
-3.9484440551181104
0
LINE
8
BLACK
6
CONTINUOUS
10
5.5079377952755904
20
-3.9484440551181104
11
5.5078047637795278
21
-3.9486061023622048
0
LINE
8
BLACK
6
CONTINUOUS
10
5.5078047637795278
20
-3.9486061023622048
11
5.507692913385827
21
-3.9487838582677166
0
LINE
8
BLACK
6
CONTINUOUS
10
5.507692913385827
20
-3.9487838582677166
11
5.5075749606299214
21
-3.9488861023622048
0
LINE
8
BLACK
6
CONTINUOUS
10
5.5075749606299214
20
-3.9488861023622048
11
5.5072033464566932
21
-3.9493389763779527
0
LINE
8
BLACK
6
CONTINUOUS
10
5.5072033464566932
20
-3.9493389763779527
11
5.5043911811023625
21
-3.9521511023622047
0
LINE
8
BLACK
6
CONTINUOUS
10
5.5043911811023625
20
-3.9521511023622047
11
5.5039384251968499
21
-3.9525226377952754
0
LINE
8
BLACK
6
CONTINUOUS
10
5.5039384251968499
20
-3.9525226377952754
11
5.5038361811023622
21
-3.9526405511811022
0
LINE
8
BLACK
6
CONTINUOUS
10
5.5038361811023622
20
-3.9526405511811022
11
5.5036583464566924
21
-3.9527524409448818
0
LINE
8
BLACK
6
CONTINUOUS
10
5.5036583464566924
20
-3.9527524409448818
11
5.5034962598425192
21
-3.9528855118110235
0
LINE
8
BLACK
6
CONTINUOUS
10
5.5034962598425192
20
-3.9528855118110235
11
5.503352283464567
21
-3.952945118110236
0
LINE
8
BLACK
6
CONTINUOUS
10
5.503352283464567
20
-3.952945118110236
11
5.5028564173228345
21
-3.9532572834645667
0
LINE
8
BLACK
6
CONTINUOUS
10
5.5028564173228345
20
-3.9532572834645667
11
5.4972321259842518
21
-3.9560694488188974
0
LINE
8
BLACK
6
CONTINUOUS
10
5.4972321259842518
20
-3.9560694488188974
11
5.497147834645669
21
-3.9561016929133856
0
LINE
8
BLACK
6
CONTINUOUS
10
5.497147834645669
20
-3.9561016929133856
11
5.4971135826771649
21
-3.9561270866141731
0
LINE
8
BLACK
6
CONTINUOUS
10
5.4971135826771649
20
-3.9561270866141731
11
5.4966301968503934
21
-3.9562997637795276
0
LINE
8
BLACK
6
CONTINUOUS
10
5.4966301968503934
20
-3.9562997637795276
11
5.4961509055118105
21
-3.9564831889763781
0
LINE
8
BLACK
6
CONTINUOUS
10
5.4961509055118105
20
-3.9564831889763781
11
5.4961083464566931
21
-3.9564861811023619
0
LINE
8
BLACK
6
CONTINUOUS
10
5.4961083464566931
20
-3.9564861811023619
11
5.4960233858267715
21
-3.9565165748031497
0
LINE
8
BLACK
6
CONTINUOUS
10
5.4960233858267715
20
-3.9565165748031497
11
5.4847748031496062
21
-3.9593287007874016
0
LINE
8
BLACK
6
CONTINUOUS
10
5.4847748031496062
20
-3.9593287007874016
11
5.4845751181102358
21
-3.959358188976378
0
LINE
8
BLACK
6
CONTINUOUS
10
5.4845751181102358
20
-3.959358188976378
11
5.4844946456692911
21
-3.9593915748031496
0
LINE
8
BLACK
6
CONTINUOUS
10
5.4844946456692911
20
-3.9593915748031496
11
5.4840606692913383
21
-3.9594342913385825
0
LINE
8
BLACK
6
CONTINUOUS
10
5.4840606692913383
20
-3.9594342913385825
11
5.4836295669291335
21
-3.9594980708661418
0
LINE
8
BLACK
6
CONTINUOUS
10
5.4836295669291335
20
-3.9594980708661418
11
5.4835434251968502
21
-3.9594852362204724
0
LINE
8
BLACK
6
CONTINUOUS
10
5.4835434251968502
20
-3.9594852362204724
11
5.4833425196850394
21
-3.9595050393700788
0
LINE
8
BLACK
6
CONTINUOUS
10
5.4833425196850394
20
-3.9595050393700788
11
5.4692817716535433
21
-3.9595050393700788
0
LINE
8
BLACK
6
CONTINUOUS
10
5.4692817716535433
20
-3.9595050393700788
11
5.4690808267716537
21
-3.9594852362204724
0
LINE
8
BLACK
6
CONTINUOUS
10
5.4690808267716537
20
-3.9594852362204724
11
5.4689947244094483
21
-3.9594980708661418
0
LINE
8
BLACK
6
CONTINUOUS
10
5.4689947244094483
20
-3.9594980708661418
11
5.4685635826771648
21
-3.9594342913385825
0
LINE
8
BLACK
6
CONTINUOUS
10
5.4685635826771648
20
-3.9594342913385825
11
5.4681296456692916
21
-3.9593915748031496
0
LINE
8
BLACK
6
CONTINUOUS
10
5.4681296456692916
20
-3.9593915748031496
11
5.4680491338582673
21
-3.959358188976378
0
LINE
8
BLACK
6
CONTINUOUS
10
5.4680491338582673
20
-3.959358188976378
11
5.4678494881889765
21
-3.9593287007874016
0
LINE
8
BLACK
6
CONTINUOUS
10
5.4678494881889765
20
-3.9593287007874016
11
5.4566008661417325
21
-3.9565165748031497
0
LINE
8
BLACK
6
CONTINUOUS
10
5.4566008661417325
20
-3.9565165748031497
11
5.4565158661417321
21
-3.9564861811023619
0
LINE
8
BLACK
6
CONTINUOUS
10
5.4565158661417321
20
-3.9564861811023619
11
5.4564733464566926
21
-3.9564831889763781
0
LINE
8
BLACK
6
CONTINUOUS
10
5.4564733464566926
20
-3.9564831889763781
11
5.4559937795275593
21
-3.9562996850393701
0
LINE
8
BLACK
6
CONTINUOUS
10
5.4559937795275593
20
-3.9562996850393701
11
5.4555106692913382
21
-3.9561270866141731
0
LINE
8
BLACK
6
CONTINUOUS
10
5.4555106692913382
20
-3.9561270866141731
11
5.4554764173228349
21
-3.9561016929133856
0
LINE
8
BLACK
6
CONTINUOUS
10
5.4554764173228349
20
-3.9561016929133856
11
5.4553920866141734
21
-3.9560694488188974
0
LINE
8
BLACK
6
CONTINUOUS
10
5.4553920866141734
20
-3.9560694488188974
11
5.4497678346456695
21
-3.9532572834645667
0
LINE
8
BLACK
6
CONTINUOUS
10
5.4497678346456695
20
-3.9532572834645667
11
5.4492720866141733
21
-3.9529451968503935
0
LINE
8
BLACK
6
CONTINUOUS
10
5.4492720866141733
20
-3.9529451968503935
11
5.4491279133858264
21
-3.9528855118110235
0
LINE
8
BLACK
6
CONTINUOUS
10
5.4491279133858264
20
-3.9528855118110235
11
5.4489655905511807
21
-3.9527522834645668
0
LINE
8
BLACK
6
CONTINUOUS
10
5.4489655905511807
20
-3.9527522834645668
11
5.4487880708661418
21
-3.9526405511811022
0
LINE
8
BLACK
6
CONTINUOUS
10
5.4487880708661418
20
-3.9526405511811022
11
5.4486858661417319
21
-3.9525227165354329
0
LINE
8
BLACK
6
CONTINUOUS
10
5.4486858661417319
20
-3.9525227165354329
11
5.4482330314960628
21
-3.9521510629921259
0
LINE
8
BLACK
6
CONTINUOUS
10
5.4482330314960628
20
-3.9521510629921259
11
5.4454209055118108
21
-3.949338937007874
0
LINE
8
BLACK
6
CONTINUOUS
10
5.4454209055118108
20
-3.949338937007874
11
5.4450492519685039
21
-3.9488861023622048
0
LINE
8
BLACK
6
CONTINUOUS
10
5.4450492519685039
20
-3.9488861023622048
11
5.4449314173228345
21
-3.9487838976377954
0
LINE
8
BLACK
6
CONTINUOUS
10
5.4449314173228345
20
-3.9487838976377954
11
5.4448195669291337
21
-3.9486061811023623
0
LINE
8
BLACK
6
CONTINUOUS
10
5.4448195669291337
20
-3.9486061811023623
11
5.4446864566929136
21
-3.9484440157480316
0
LINE
8
BLACK
6
CONTINUOUS
10
5.4446864566929136
20
-3.9484440157480316
11
5.4446267716535433
21
-3.9482999212598426
0
LINE
8
BLACK
6
CONTINUOUS
10
5.4446267716535433
20
-3.9482999212598426
11
5.4443146850393696
21
-3.9478041338582677
0
LINE
8
BLACK
6
CONTINUOUS
10
5.4443146850393696
20
-3.9478041338582677
11
5.4415025196850388
21
-3.9421798031496063
0
LINE
8
BLACK
6
CONTINUOUS
10
5.4415025196850388
20
-3.9421798031496063
11
5.4410887401574799
21
-3.9410985826771654
0
LINE
8
BLACK
6
CONTINUOUS
10
5.4410887401574799
20
-3.9410985826771654
11
5.441073661417323
21
-3.9408868503937007
0
LINE
8
BLACK
6
CONTINUOUS
10
5.441073661417323
20
-3.9408868503937007
11
5.4409925196850395
21
-3.9406909055118109
0
LINE
8
BLACK
6
CONTINUOUS
10
5.4409925196850395
20
-3.9406909055118109
11
5.4408790551181099
21
-3.9395387795275592
0
LINE
8
BLACK
6
CONTINUOUS
10
5.4408790551181099
20
-3.9395387795275592
11
5.4408790551181099
21
-3.9339144881889765
0
LINE
8
BLACK
6
CONTINUOUS
10
5.4408790551181099
20
-3.9339144881889765
11
5.4409925196850395
21
-3.9327623622047243
0
LINE
8
BLACK
6
CONTINUOUS
10
5.4409925196850395
20
-3.9327623622047243
11
5.4410737401574805
21
-3.9325662598425195
0
LINE
8
BLACK
6
CONTINUOUS
10
5.4410737401574805
20
-3.9325662598425195
11
5.4410887795275586
21
-3.9323546850393698
0
LINE
8
BLACK
6
CONTINUOUS
10
5.4410887795275586
20
-3.9323546850393698
11
5.4415025196850388
21
-3.9312734645669289
0
LINE
8
BLACK
6
CONTINUOUS
10
5.4415025196850388
20
-3.9312734645669289
11
5.4443146850393696
21
-3.9256491732283463
0
LINE
8
BLACK
6
CONTINUOUS
10
5.4443146850393696
20
-3.9256491732283463
11
5.4446267716535433
21
-3.925153346456693
0
LINE
8
BLACK
6
CONTINUOUS
10
5.4446267716535433
20
-3.925153346456693
11
5.4446864566929136
21
-3.9250092913385828
0
LINE
8
BLACK
6
CONTINUOUS
10
5.4446864566929136
20
-3.9250092913385828
11
5.4448195669291337
21
-3.9248470866141729
0
LINE
8
BLACK
6
CONTINUOUS
10
5.4448195669291337
20
-3.9248470866141729
11
5.4449314173228345
21
-3.9246694094488186
0
LINE
8
BLACK
6
CONTINUOUS
10
5.4449314173228345
20
-3.9246694094488186
11
5.4450492519685039
21
-3.9245671653543308
0
LINE
8
BLACK
6
CONTINUOUS
10
5.4450492519685039
20
-3.9245671653543308
11
5.4454209055118108
21
-3.92411437007874
0
LINE
8
BLACK
6
CONTINUOUS
10
5.4454209055118108
20
-3.92411437007874
11
5.4482330314960628
21
-3.921302244094488
0
LINE
8
BLACK
6
CONTINUOUS
10
5.4482330314960628
20
-3.921302244094488
11
5.4486858661417319
21
-3.9209305511811023
0
LINE
8
BLACK
6
CONTINUOUS
10
5.4486858661417319
20
-3.9209305511811023
11
5.4487880708661418
21
-3.9208127559055117
0
LINE
8
BLACK
6
CONTINUOUS
10
5.4487880708661418
20
-3.9208127559055117
11
5.4489655905511807
21
-3.9207009842519684
0
LINE
8
BLACK
6
CONTINUOUS
10
5.4489655905511807
20
-3.9207009842519684
11
5.4491279133858264
21
-3.9205677952755904
0
LINE
8
BLACK
6
CONTINUOUS
10
5.4491279133858264
20
-3.9205677952755904
11
5.4492720866141733
21
-3.9205080708661417
0
LINE
8
BLACK
6
CONTINUOUS
10
5.4492720866141733
20
-3.9205080708661417
11
5.4497678346456695
21
-3.9201960236220472
0
LINE
8
BLACK
6
CONTINUOUS
10
5.4497678346456695
20
-3.9201960236220472
11
5.4553920866141734
21
-3.9173838582677165
0
LINE
8
BLACK
6
CONTINUOUS
10
5.4553920866141734
20
-3.9173838582677165
11
5.4554763385826774
21
-3.9173515748031495
0
LINE
8
BLACK
6
CONTINUOUS
10
5.4554763385826774
20
-3.9173515748031495
11
5.4555106299212595
21
-3.9173262204724408
0
LINE
8
BLACK
6
CONTINUOUS
10
5.4555106299212595
20
-3.9173262204724408
11
5.4559940551181105
21
-3.9171534645669293
0
LINE
8
BLACK
6
CONTINUOUS
10
5.4559940551181105
20
-3.9171534645669293
11
5.4564733464566926
21
-3.9169701181102363
0
LINE
8
BLACK
6
CONTINUOUS
10
5.4564733464566926
20
-3.9169701181102363
11
5.4565158661417321
21
-3.9169670866141733
0
LINE
8
BLACK
6
CONTINUOUS
10
5.4565158661417321
20
-3.9169670866141733
11
5.4566008661417325
21
-3.9169367322834643
0
LINE
8
BLACK
6
CONTINUOUS
10
5.4566008661417325
20
-3.9169367322834643
11
5.4678494488188978
21
-3.9141245669291336
0
LINE
8
BLACK
6
CONTINUOUS
10
5.4678494488188978
20
-3.9141245669291336
11
5.4680491338582673
21
-3.9140950000000001
0
LINE
8
BLACK
6
CONTINUOUS
10
5.4680491338582673
20
-3.9140950000000001
11
5.4681296456692916
21
-3.9140616929133856
0
LINE
8
BLACK
6
CONTINUOUS
10
5.4681296456692916
20
-3.9140616929133856
11
5.4685634645669294
21
-3.914018937007874
0
LINE
8
BLACK
6
CONTINUOUS
10
5.4685634645669294
20
-3.914018937007874
11
5.4689946850393696
21
-3.9139551968503934
0
LINE
8
BLACK
6
CONTINUOUS
10
5.4689946850393696
20
-3.9139551968503934
11
5.4690808267716537
21
-3.913967992125984
0
LINE
8
BLACK
6
CONTINUOUS
10
5.4690808267716537
20
-3.913967992125984
11
5.4692817716535433
21
-3.9139482283464564
0
LINE
8
BLACK
6
CONTINUOUS
10
5.4692817716535433
20
-3.9139482283464564
11
5.4833425196850394
21
-3.9139482283464564
0
LINE
8
BLACK
6
CONTINUOUS
10
5.4833425196850394
20
-3.9139482283464564
11
5.4835434251968502
21
-3.913967992125984
0
LINE
8
BLACK
6
CONTINUOUS
10
5.4600944094488186
20
-3.9282377952755905
11
5.4559070472440947
21
-3.9303314960629923
0
LINE
8
BLACK
6
CONTINUOUS
10
5.4559070472440947
20
-3.9303314960629923
11
5.4544501968503933
21
-3.9317883464566927
0
LINE
8
BLACK
6
CONTINUOUS
10
5.4544501968503933
20
-3.9317883464566927
11
5.4526900787401571
21
-3.9353085826771652
0
LINE
8
BLACK
6
CONTINUOUS
10
5.4526900787401571
20
-3.9353085826771652
11
5.4526900787401571
21
-3.93814468503937
0
LINE
8
BLACK
6
CONTINUOUS
10
5.4526900787401571
20
-3.93814468503937
11
5.4544501968503933
21
-3.9416649212598425
0
LINE
8
BLACK
6
CONTINUOUS
10
5.4544501968503933
20
-3.9416649212598425
11
5.4559070472440947
21
-3.9431217716535434
0
LINE
8
BLACK
6
CONTINUOUS
10
5.4559070472440947
20
-3.9431217716535434
11
5.4600944094488186
21
-3.945215433070866
0
LINE
8
BLACK
6
CONTINUOUS
10
5.4600944094488186
20
-3.945215433070866
11
5.4700087007874014
21
-3.9476940157480316
0
LINE
8
BLACK
6
CONTINUOUS
10
5.4700087007874014
20
-3.9476940157480316
11
5.4826155905511813
21
-3.9476940157480316
0
LINE
8
BLACK
6
CONTINUOUS
10
5.4826155905511813
20
-3.9476940157480316
11
5.4925298031496066
21
-3.9452154724409447
0
LINE
8
BLACK
6
CONTINUOUS
10
5.4925298031496066
20
-3.9452154724409447
11
5.496717244094488
21
-3.9431217322834646
0
LINE
8
BLACK
6
CONTINUOUS
10
5.496717244094488
20
-3.9431217322834646
11
5.4981740944881885
21
-3.941664842519685
0
LINE
8
BLACK
6
CONTINUOUS
10
5.4981740944881885
20
-3.941664842519685
11
5.499934173228346
21
-3.93814468503937
0
LINE
8
BLACK
6
CONTINUOUS
10
5.499934173228346
20
-3.93814468503937
11
5.499934173228346
21
-3.9353085433070865
0
LINE
8
BLACK
6
CONTINUOUS
10
5.499934173228346
20
-3.9353085433070865
11
5.4981740944881885
21
-3.9317883858267715
0
LINE
8
BLACK
6
CONTINUOUS
10
5.4981740944881885
20
-3.9317883858267715
11
5.496717244094488
21
-3.9303315354330706
0
LINE
8
BLACK
6
CONTINUOUS
10
5.496717244094488
20
-3.9303315354330706
11
5.4925298425196853
21
-3.9282378346456692
0
LINE
8
BLACK
6
CONTINUOUS
10
5.4925298425196853
20
-3.9282378346456692
11
5.4826155511811026
21
-3.9257592519685041
0
LINE
8
BLACK
6
CONTINUOUS
10
5.4826155511811026
20
-3.9257592519685041
11
5.4700087007874014
21
-3.9257592519685041
0
LINE
8
BLACK
6
CONTINUOUS
10
5.4700087007874014
20
-3.9257592519685041
11
5.4600944094488186
21
-3.9282377952755905
0
LINE
8
BLACK
6
CONTINUOUS
10
5.8035434251968505
20
-3.913967992125984
11
5.8036295669291338
21
-3.9139551968503934
0
LINE
8
BLACK
6
CONTINUOUS
10
5.8036295669291338
20
-3.9139551968503934
11
5.8040607086614173
21
-3.914018937007874
0
LINE
8
BLACK
6
CONTINUOUS
10
5.8040607086614173
20
-3.914018937007874
11
5.8044946456692914
21
-3.9140616929133856
0
LINE
8
BLACK
6
CONTINUOUS
10
5.8044946456692914
20
-3.9140616929133856
11
5.8045751181102361
21
-3.9140950000000001
0
LINE
8
BLACK
6
CONTINUOUS
10
5.8045751181102361
20
-3.9140950000000001
11
5.8047748425196852
21
-3.9141245669291336
0
LINE
8
BLACK
6
CONTINUOUS
10
5.8047748425196852
20
-3.9141245669291336
11
5.8160233858267718
21
-3.9169367322834643
0
LINE
8
BLACK
6
CONTINUOUS
10
5.8160233858267718
20
-3.9169367322834643
11
5.8161083464566925
21
-3.9169670866141733
0
LINE
8
BLACK
6
CONTINUOUS
10
5.8161083464566925
20
-3.9169670866141733
11
5.8161509055118108
21
-3.9169701181102363
0
LINE
8
BLACK
6
CONTINUOUS
10
5.8161509055118108
20
-3.9169701181102363
11
5.8166301968503937
21
-3.9171535039370076
0
LINE
8
BLACK
6
CONTINUOUS
10
5.8166301968503937
20
-3.9171535039370076
11
5.8171135826771652
21
-3.9173262204724408
0
LINE
8
BLACK
6
CONTINUOUS
10
5.8171135826771652
20
-3.9173262204724408
11
5.8171478346456693
21
-3.9173515748031495
0
LINE
8
BLACK
6
CONTINUOUS
10
5.8171478346456693
20
-3.9173515748031495
11
5.8172321259842521
21
-3.9173838582677165
0
LINE
8
BLACK
6
CONTINUOUS
10
5.8172321259842521
20
-3.9173838582677165
11
5.8228564173228348
21
-3.9201960236220472
0
LINE
8
BLACK
6
CONTINUOUS
10
5.8228564173228348
20
-3.9201960236220472
11
5.8233522834645672
21
-3.9205081496062992
0
LINE
8
BLACK
6
CONTINUOUS
10
5.8233522834645672
20
-3.9205081496062992
11
5.8234962598425195
21
-3.9205677952755904
0
LINE
8
BLACK
6
CONTINUOUS
10
5.8234962598425195
20
-3.9205677952755904
11
5.8236583464566927
21
-3.9207008267716534
0
LINE
8
BLACK
6
CONTINUOUS
10
5.8236583464566927
20
-3.9207008267716534
11
5.8238361811023625
21
-3.9208127559055117
0
LINE
8
BLACK
6
CONTINUOUS
10
5.8238361811023625
20
-3.9208127559055117
11
5.8239384251968502
21
-3.9209306299212598
0
LINE
8
BLACK
6
CONTINUOUS
10
5.8239384251968502
20
-3.9209306299212598
11
5.8243911811023619
21
-3.9213022047244093
0
LINE
8
BLACK
6
CONTINUOUS
10
5.8243911811023619
20
-3.9213022047244093
11
5.8272033464566926
21
-3.9241143307086612
0
LINE
8
BLACK
6
CONTINUOUS
10
5.8272033464566926
20
-3.9241143307086612
11
5.827575078740157
21
-3.9245672834645666
0
LINE
8
BLACK
6
CONTINUOUS
10
5.827575078740157
20
-3.9245672834645666
11
5.8276928740157476
21
-3.9246694488188973
0
LINE
8
BLACK
6
CONTINUOUS
10
5.8276928740157476
20
-3.9246694488188973
11
5.8278046456692909
21
-3.9248470078740159
0
LINE
8
BLACK
6
CONTINUOUS
10
5.8278046456692909
20
-3.9248470078740159
11
5.8279377952755906
21
-3.925009251968504
0
LINE
8
BLACK
6
CONTINUOUS
10
5.8279377952755906
20
-3.925009251968504
11
5.8279974409448814
21
-3.9251533070866143
0
LINE
8
BLACK
6
CONTINUOUS
10
5.8279974409448814
20
-3.9251533070866143
11
5.8283096062992126
21
-3.9256491732283463
0
LINE
8
BLACK
6
CONTINUOUS
10
5.8283096062992126
20
-3.9256491732283463
11
5.8311217322834645
21
-3.9312735039370077
0
LINE
8
BLACK
6
CONTINUOUS
10
5.8311217322834645
20
-3.9312735039370077
11
5.8315355118110235
21
-3.9323547244094486
0
LINE
8
BLACK
6
CONTINUOUS
10
5.8315355118110235
20
-3.9323547244094486
11
5.8315505118110238
21
-3.932566338582677
0
LINE
8
BLACK
6
CONTINUOUS
10
5.8315505118110238
20
-3.932566338582677
11
5.8316317322834648
21
-3.9327623622047243
0
LINE
8
BLACK
6
CONTINUOUS
10
5.8316317322834648
20
-3.9327623622047243
11
5.8317451968503935
21
-3.9339144881889765
0
LINE
8
BLACK
6
CONTINUOUS
10
5.8317451968503935
20
-3.9339144881889765
11
5.8317451968503935
21
-3.9395387795275592
0
LINE
8
BLACK
6
CONTINUOUS
10
5.8317451968503935
20
-3.9395387795275592
11
5.8316317322834648
21
-3.9406909055118109
0
LINE
8
BLACK
6
CONTINUOUS
10
5.8316317322834648
20
-3.9406909055118109
11
5.8315505118110238
21
-3.9408868897637794
0
LINE
8
BLACK
6
CONTINUOUS
10
5.8315505118110238
20
-3.9408868897637794
11
5.8315355118110235
21
-3.9410985433070866
0
LINE
8
BLACK
6
CONTINUOUS
10
5.8315355118110235
20
-3.9410985433070866
11
5.8311217716535433
21
-3.9421797637795275
0
LINE
8
BLACK
6
CONTINUOUS
10
5.8311217716535433
20
-3.9421797637795275
11
5.8283096062992126
21
-3.9478040944881889
0
LINE
8
BLACK
6
CONTINUOUS
10
5.8283096062992126
20
-3.9478040944881889
11
5.8279974409448814
21
-3.9482999999999997
0
LINE
8
BLACK
6
CONTINUOUS
10
5.8279974409448814
20
-3.9482999999999997
11
5.8279377952755906
21
-3.9484440551181104
0
LINE
8
BLACK
6
CONTINUOUS
10
5.8279377952755906
20
-3.9484440551181104
11
5.8278047637795272
21
-3.9486061023622048
0
LINE
8
BLACK
6
CONTINUOUS
10
5.8278047637795272
20
-3.9486061023622048
11
5.8276929133858264
21
-3.9487838582677166
0
LINE
8
BLACK
6
CONTINUOUS
10
5.8276929133858264
20
-3.9487838582677166
11
5.8275749606299208
21
-3.9488861023622048
0
LINE
8
BLACK
6
CONTINUOUS
10
5.8275749606299208
20
-3.9488861023622048
11
5.8272033464566926
21
-3.9493389763779527
0
LINE
8
BLACK
6
CONTINUOUS
10
5.8272033464566926
20
-3.9493389763779527
11
5.8243911811023619
21
-3.9521511023622047
0
LINE
8
BLACK
6
CONTINUOUS
10
5.8243911811023619
20
-3.9521511023622047
11
5.8239384251968502
21
-3.9525226377952754
0
LINE
8
BLACK
6
CONTINUOUS
10
5.8239384251968502
20
-3.9525226377952754
11
5.8238361811023625
21
-3.9526405511811022
0
LINE
8
BLACK
6
CONTINUOUS
10
5.8238361811023625
20
-3.9526405511811022
11
5.8236583464566927
21
-3.9527524409448818
0
LINE
8
BLACK
6
CONTINUOUS
10
5.8236583464566927
20
-3.9527524409448818
11
5.8234962598425195
21
-3.9528855118110235
0
LINE
8
BLACK
6
CONTINUOUS
10
5.8234962598425195
20
-3.9528855118110235
11
5.8233522834645672
21
-3.952945118110236
0
LINE
8
BLACK
6
CONTINUOUS
10
5.8233522834645672
20
-3.952945118110236
11
5.8228564173228348
21
-3.9532572834645667
0
LINE
8
BLACK
6
CONTINUOUS
10
5.8228564173228348
20
-3.9532572834645667
11
5.8172321259842521
21
-3.9560694488188974
0
LINE
8
BLACK
6
CONTINUOUS
10
5.8172321259842521
20
-3.9560694488188974
11
5.8171478346456693
21
-3.9561016929133856
0
LINE
8
BLACK
6
CONTINUOUS
10
5.8171478346456693
20
-3.9561016929133856
11
5.8171135826771652
21
-3.9561270866141731
0
LINE
8
BLACK
6
CONTINUOUS
10
5.8171135826771652
20
-3.9561270866141731
11
5.8166301968503937
21
-3.9562997637795276
0
LINE
8
BLACK
6
CONTINUOUS
10
5.8166301968503937
20
-3.9562997637795276
11
5.8161509055118108
21
-3.9564831889763781
0
LINE
8
BLACK
6
CONTINUOUS
10
5.8161509055118108
20
-3.9564831889763781
11
5.8161083464566925
21
-3.9564861811023619
0
LINE
8
BLACK
6
CONTINUOUS
10
5.8161083464566925
20
-3.9564861811023619
11
5.8160233858267718
21
-3.9565165748031497
0
LINE
8
BLACK
6
CONTINUOUS
10
5.8160233858267718
20
-3.9565165748031497
11
5.8047748031496065
21
-3.9593287007874016
0
LINE
8
BLACK
6
CONTINUOUS
10
5.8047748031496065
20
-3.9593287007874016
11
5.8045751181102361
21
-3.959358188976378
0
LINE
8
BLACK
6
CONTINUOUS
10
5.8045751181102361
20
-3.959358188976378
11
5.8044946456692914
21
-3.9593915748031496
0
LINE
8
BLACK
6
CONTINUOUS
10
5.8044946456692914
20
-3.9593915748031496
11
5.8040606692913386
21
-3.9594342913385825
0
LINE
8
BLACK
6
CONTINUOUS
10
5.8040606692913386
20
-3.9594342913385825
11
5.8036295669291338
21
-3.9594980708661418
0
LINE
8
BLACK
6
CONTINUOUS
10
5.8036295669291338
20
-3.9594980708661418
11
5.8035434251968505
21
-3.9594852362204724
0
LINE
8
BLACK
6
CONTINUOUS
10
5.8035434251968505
20
-3.9594852362204724
11
5.8033425196850397
21
-3.9595050393700788
0
LINE
8
BLACK
6
CONTINUOUS
10
5.8033425196850397
20
-3.9595050393700788
11
5.7892817716535427
21
-3.9595050393700788
0
LINE
8
BLACK
6
CONTINUOUS
10
5.7892817716535427
20
-3.9595050393700788
11
5.7890808267716531
21
-3.9594852362204724
0
LINE
8
BLACK
6
CONTINUOUS
10
5.7890808267716531
20
-3.9594852362204724
11
5.7889947244094486
21
-3.9594980708661418
0
LINE
8
BLACK
6
CONTINUOUS
10
5.7889947244094486
20
-3.9594980708661418
11
5.7885635826771651
21
-3.9594342913385825
0
LINE
8
BLACK
6
CONTINUOUS
10
5.7885635826771651
20
-3.9594342913385825
11
5.788129645669291
21
-3.9593915748031496
0
LINE
8
BLACK
6
CONTINUOUS
10
5.788129645669291
20
-3.9593915748031496
11
5.7880491338582676
21
-3.959358188976378
0
LINE
8
BLACK
6
CONTINUOUS
10
5.7880491338582676
20
-3.959358188976378
11
5.7878494881889759
21
-3.9593287007874016
0
LINE
8
BLACK
6
CONTINUOUS
10
5.7878494881889759
20
-3.9593287007874016
11
5.7766008661417318
21
-3.9565165748031497
0
LINE
8
BLACK
6
CONTINUOUS
10
5.7766008661417318
20
-3.9565165748031497
11
5.7765158661417324
21
-3.9564861811023619
0
LINE
8
BLACK
6
CONTINUOUS
10
5.7765158661417324
20
-3.9564861811023619
11
5.7764733464566929
21
-3.9564831889763781
0
LINE
8
BLACK
6
CONTINUOUS
10
5.7764733464566929
20
-3.9564831889763781
11
5.7759937795275587
21
-3.9562996850393701
0
LINE
8
BLACK
6
CONTINUOUS
10
5.7759937795275587
20
-3.9562996850393701
11
5.7755106692913385
21
-3.9561270866141731
0
LINE
8
BLACK
6
CONTINUOUS
10
5.7755106692913385
20
-3.9561270866141731
11
5.7754764173228343
21
-3.9561016929133856
0
LINE
8
BLACK
6
CONTINUOUS
10
5.7754764173228343
20
-3.9561016929133856
11
5.7753920866141728
21
-3.9560694488188974
0
LINE
8
BLACK
6
CONTINUOUS
10
5.7753920866141728
20
-3.9560694488188974
11
5.7697678346456689
21
-3.9532572834645667
0
LINE
8
BLACK
6
CONTINUOUS
10
5.7697678346456689
20
-3.9532572834645667
11
5.7692720866141727
21
-3.9529451968503935
0
LINE
8
BLACK
6
CONTINUOUS
10
5.7692720866141727
20
-3.9529451968503935
11
5.7691279133858266
21
-3.9528855118110235
0
LINE
8
BLACK
6
CONTINUOUS
10
5.7691279133858266
20
-3.9528855118110235
11
5.768965590551181
21
-3.9527522834645668
0
LINE
8
BLACK
6
CONTINUOUS
10
5.768965590551181
20
-3.9527522834645668
11
5.7687880708661412
21
-3.9526405511811022
0
LINE
8
BLACK
6
CONTINUOUS
10
5.7687880708661412
20
-3.9526405511811022
11
5.7686858661417322
21
-3.9525227165354329
0
LINE
8
BLACK
6
CONTINUOUS
10
5.7686858661417322
20
-3.9525227165354329
11
5.768233031496063
21
-3.9521510629921259
0
LINE
8
BLACK
6
CONTINUOUS
10
5.768233031496063
20
-3.9521510629921259
11
5.7654209055118111
21
-3.949338937007874
0
LINE
8
BLACK
6
CONTINUOUS
10
5.7654209055118111
20
-3.949338937007874
11
5.7650492519685042
21
-3.9488861023622048
0
LINE
8
BLACK
6
CONTINUOUS
10
5.7650492519685042
20
-3.9488861023622048
11
5.7649314173228348
21
-3.9487838976377954
0
LINE
8
BLACK
6
CONTINUOUS
10
5.7649314173228348
20
-3.9487838976377954
11
5.764819566929134
21
-3.9486061811023623
0
LINE
8
BLACK
6
CONTINUOUS
10
5.764819566929134
20
-3.9486061811023623
11
5.764686456692913
21
-3.9484440157480316
0
LINE
8
BLACK
6
CONTINUOUS
10
5.764686456692913
20
-3.9484440157480316
11
5.7646267716535435
21
-3.9482999212598426
0
LINE
8
BLACK
6
CONTINUOUS
10
5.7646267716535435
20
-3.9482999212598426
11
5.7643146850393698
21
-3.9478041338582677
0
LINE
8
BLACK
6
CONTINUOUS
10
5.7643146850393698
20
-3.9478041338582677
11
5.7615025196850391
21
-3.9421798031496063
0
LINE
8
BLACK
6
CONTINUOUS
10
5.7615025196850391
20
-3.9421798031496063
11
5.7610887401574802
21
-3.9410985826771654
0
LINE
8
BLACK
6
CONTINUOUS
10
5.7610887401574802
20
-3.9410985826771654
11
5.7610736614173224
21
-3.9408868503937007
0
LINE
8
BLACK
6
CONTINUOUS
10
5.7610736614173224
20
-3.9408868503937007
11
5.7609925196850389
21
-3.9406909055118109
0
LINE
8
BLACK
6
CONTINUOUS
10
5.7609925196850389
20
-3.9406909055118109
11
5.7608790551181102
21
-3.9395387795275592
0
LINE
8
BLACK
6
CONTINUOUS
10
5.7608790551181102
20
-3.9395387795275592
11
5.7608790551181102
21
-3.9339144881889765
0
LINE
8
BLACK
6
CONTINUOUS
10
5.7608790551181102
20
-3.9339144881889765
11
5.7609925196850389
21
-3.9327623622047243
0
LINE
8
BLACK
6
CONTINUOUS
10
5.7609925196850389
20
-3.9327623622047243
11
5.7610737401574799
21
-3.9325662598425195
0
LINE
8
BLACK
6
CONTINUOUS
10
5.7610737401574799
20
-3.9325662598425195
11
5.7610887795275589
21
-3.9323546850393698
0
LINE
8
BLACK
6
CONTINUOUS
10
5.7610887795275589
20
-3.9323546850393698
11
5.7615025196850391
21
-3.9312734645669289
0
LINE
8
BLACK
6
CONTINUOUS
10
5.7615025196850391
20
-3.9312734645669289
11
5.7643146850393698
21
-3.9256491732283463
0
LINE
8
BLACK
6
CONTINUOUS
10
5.7643146850393698
20
-3.9256491732283463
11
5.7646267716535435
21
-3.925153346456693
0
LINE
8
BLACK
6
CONTINUOUS
10
5.7646267716535435
20
-3.925153346456693
11
5.764686456692913
21
-3.9250092913385828
0
LINE
8
BLACK
6
CONTINUOUS
10
5.764686456692913
20
-3.9250092913385828
11
5.764819566929134
21
-3.9248470866141729
0
LINE
8
BLACK
6
CONTINUOUS
10
5.764819566929134
20
-3.9248470866141729
11
5.7649314173228348
21
-3.9246694094488186
0
LINE
8
BLACK
6
CONTINUOUS
10
5.7649314173228348
20
-3.9246694094488186
11
5.7650492519685042
21
-3.9245671653543308
0
LINE
8
BLACK
6
CONTINUOUS
10
5.7650492519685042
20
-3.9245671653543308
11
5.7654209055118111
21
-3.92411437007874
0
LINE
8
BLACK
6
CONTINUOUS
10
5.7654209055118111
20
-3.92411437007874
11
5.768233031496063
21
-3.921302244094488
0
LINE
8
BLACK
6
CONTINUOUS
10
5.768233031496063
20
-3.921302244094488
11
5.7686858661417322
21
-3.9209305511811023
0
LINE
8
BLACK
6
CONTINUOUS
10
5.7686858661417322
20
-3.9209305511811023
11
5.7687880708661412
21
-3.9208127559055117
0
LINE
8
BLACK
6
CONTINUOUS
10
5.7687880708661412
20
-3.9208127559055117
11
5.768965590551181
21
-3.9207009842519684
0
LINE
8
BLACK
6
CONTINUOUS
10
5.768965590551181
20
-3.9207009842519684
11
5.7691279133858266
21
-3.9205677952755904
0
LINE
8
BLACK
6
CONTINUOUS
10
5.7691279133858266
20
-3.9205677952755904
11
5.7692720866141727
21
-3.9205080708661417
0
LINE
8
BLACK
6
CONTINUOUS
10
5.7692720866141727
20
-3.9205080708661417
11
5.7697678346456689
21
-3.9201960236220472
0
LINE
8
BLACK
6
CONTINUOUS
10
5.7697678346456689
20
-3.9201960236220472
11
5.7753920866141728
21
-3.9173838582677165
0
LINE
8
BLACK
6
CONTINUOUS
10
5.7753920866141728
20
-3.9173838582677165
11
5.7754763385826768
21
-3.9173515748031495
0
LINE
8
BLACK
6
CONTINUOUS
10
5.7754763385826768
20
-3.9173515748031495
11
5.7755106299212597
21
-3.9173262204724408
0
LINE
8
BLACK
6
CONTINUOUS
10
5.7755106299212597
20
-3.9173262204724408
11
5.7759940551181099
21
-3.9171534645669293
0
LINE
8
BLACK
6
CONTINUOUS
10
5.7759940551181099
20
-3.9171534645669293
11
5.7764733464566929
21
-3.9169701181102363
0
LINE
8
BLACK
6
CONTINUOUS
10
5.7764733464566929
20
-3.9169701181102363
11
5.7765158661417324
21
-3.9169670866141733
0
LINE
8
BLACK
6
CONTINUOUS
10
5.7765158661417324
20
-3.9169670866141733
11
5.7766008661417318
21
-3.9169367322834643
0
LINE
8
BLACK
6
CONTINUOUS
10
5.7766008661417318
20
-3.9169367322834643
11
5.7878494488188972
21
-3.9141245669291336
0
LINE
8
BLACK
6
CONTINUOUS
10
5.7878494488188972
20
-3.9141245669291336
11
5.7880491338582676
21
-3.9140950000000001
0
LINE
8
BLACK
6
CONTINUOUS
10
5.7880491338582676
20
-3.9140950000000001
11
5.788129645669291
21
-3.9140616929133856
0
LINE
8
BLACK
6
CONTINUOUS
10
5.788129645669291
20
-3.9140616929133856
11
5.7885634645669288
21
-3.914018937007874
0
LINE
8
BLACK
6
CONTINUOUS
10
5.7885634645669288
20
-3.914018937007874
11
5.7889946850393699
21
-3.9139551968503934
0
LINE
8
BLACK
6
CONTINUOUS
10
5.7889946850393699
20
-3.9139551968503934
11
5.7890808267716531
21
-3.913967992125984
0
LINE
8
BLACK
6
CONTINUOUS
10
5.7890808267716531
20
-3.913967992125984
11
5.7892817716535427
21
-3.9139482283464564
0
LINE
8
BLACK
6
CONTINUOUS
10
5.7892817716535427
20
-3.9139482283464564
11
5.8033425196850397
21
-3.9139482283464564
0
LINE
8
BLACK
6
CONTINUOUS
10
5.8033425196850397
20
-3.9139482283464564
11
5.8035434251968505
21
-3.913967992125984
0
LINE
8
BLACK
6
CONTINUOUS
10
5.7800944094488189
20
-3.9282377952755905
11
5.7759070472440941
21
-3.9303314960629923
0
LINE
8
BLACK
6
CONTINUOUS
10
5.7759070472440941
20
-3.9303314960629923
11
5.7744501968503936
21
-3.9317883464566927
0
LINE
8
BLACK
6
CONTINUOUS
10
5.7744501968503936
20
-3.9317883464566927
11
5.7726900787401574
21
-3.9353085826771652
0
LINE
8
BLACK
6
CONTINUOUS
10
5.7726900787401574
20
-3.9353085826771652
11
5.7726900787401574
21
-3.93814468503937
0
LINE
8
BLACK
6
CONTINUOUS
10
5.7726900787401574
20
-3.93814468503937
11
5.7744501968503936
21
-3.9416649212598425
0
LINE
8
BLACK
6
CONTINUOUS
10
5.7744501968503936
20
-3.9416649212598425
11
5.7759070472440941
21
-3.9431217716535434
0
LINE
8
BLACK
6
CONTINUOUS
10
5.7759070472440941
20
-3.9431217716535434
11
5.7800944094488189
21
-3.945215433070866
0
LINE
8
BLACK
6
CONTINUOUS
10
5.7800944094488189
20
-3.945215433070866
11
5.7900087007874017
21
-3.9476940157480316
0
LINE
8
BLACK
6
CONTINUOUS
10
5.7900087007874017
20
-3.9476940157480316
11
5.8026155905511807
21
-3.9476940157480316
0
LINE
8
BLACK
6
CONTINUOUS
10
5.8026155905511807
20
-3.9476940157480316
11
5.812529803149606
21
-3.9452154724409447
0
LINE
8
BLACK
6
CONTINUOUS
10
5.812529803149606
20
-3.9452154724409447
11
5.8167172440944883
21
-3.9431217322834646
0
LINE
8
BLACK
6
CONTINUOUS
10
5.8167172440944883
20
-3.9431217322834646
11
5.8181740944881888
21
-3.941664842519685
0
LINE
8
BLACK
6
CONTINUOUS
10
5.8181740944881888
20
-3.941664842519685
11
5.8199341732283463
21
-3.93814468503937
0
LINE
8
BLACK
6
CONTINUOUS
10
5.8199341732283463
20
-3.93814468503937
11
5.8199341732283463
21
-3.9353085433070865
0
LINE
8
BLACK
6
CONTINUOUS
10
5.8199341732283463
20
-3.9353085433070865
11
5.8181740944881888
21
-3.9317883858267715
0
LINE
8
BLACK
6
CONTINUOUS
10
5.8181740944881888
20
-3.9317883858267715
11
5.8167172440944883
21
-3.9303315354330706
0
LINE
8
BLACK
6
CONTINUOUS
10
5.8167172440944883
20
-3.9303315354330706
11
5.8125298425196847
21
-3.9282378346456692
0
LINE
8
BLACK
6
CONTINUOUS
10
5.8125298425196847
20
-3.9282378346456692
11
5.8026155511811019
21
-3.9257592519685041
0
LINE
8
BLACK
6
CONTINUOUS
10
5.8026155511811019
20
-3.9257592519685041
11
5.7900087007874017
21
-3.9257592519685041
0
LINE
8
BLACK
6
CONTINUOUS
10
5.7900087007874017
20
-3.9257592519685041
11
5.7800944094488189
21
-3.9282377952755905
0
LINE
8
BLACK
6
CONTINUOUS
10
5.4516306299212598
20
-3.8413111023622046
11
5.4528776377952752
21
-3.8418276377952756
0
LINE
8
BLACK
6
CONTINUOUS
10
5.4528776377952752
20
-3.8418276377952756
11
5.452877677165354
21
-3.8418276771653543
0
LINE
8
BLACK
6
CONTINUOUS
10
5.452877677165354
20
-3.8418276771653543
11
5.4537725984251963
21
-3.842562125984252
0
LINE
8
BLACK
6
CONTINUOUS
10
5.4537725984251963
20
-3.842562125984252
11
5.4565847244094483
21
-3.8453742913385827
0
LINE
8
BLACK
6
CONTINUOUS
10
5.4565847244094483
20
-3.8453742913385827
11
5.4573191338582676
21
-3.8462691732283463
0
LINE
8
BLACK
6
CONTINUOUS
10
5.4573191338582676
20
-3.8462691732283463
11
5.4573191338582676
21
-3.846269212598425
0
LINE
8
BLACK
6
CONTINUOUS
10
5.4573191338582676
20
-3.846269212598425
11
5.458200905511811
21
-3.8483979527559056
0
LINE
8
BLACK
6
CONTINUOUS
10
5.458200905511811
20
-3.8483979527559056
11
5.458200905511811
21
-3.8507022047244095
0
LINE
8
BLACK
6
CONTINUOUS
10
5.458200905511811
20
-3.8507022047244095
11
5.4576843307086609
21
-3.8519492125984249
0
LINE
8
BLACK
6
CONTINUOUS
10
5.4576843307086609
20
-3.8519492125984249
11
5.4573191338582676
21
-3.8528310236220471
0
LINE
8
BLACK
6
CONTINUOUS
10
5.4573191338582676
20
-3.8528310236220471
11
5.4565846850393696
21
-3.8537259055118112
0
LINE
8
BLACK
6
CONTINUOUS
10
5.4565846850393696
20
-3.8537259055118112
11
5.4537725590551176
21
-3.8565380314960631
0
LINE
8
BLACK
6
CONTINUOUS
10
5.4537725590551176
20
-3.8565380314960631
11
5.4528776377952752
21
-3.8572724803149607
0
LINE
8
BLACK
6
CONTINUOUS
10
5.4528776377952752
20
-3.8572724803149607
11
5.4507488188976376
21
-3.8581542519685037
0
LINE
8
BLACK
6
CONTINUOUS
10
5.4507488188976376
20
-3.8581542519685037
11
5.4484446850393695
21
-3.8581542519685037
0
LINE
8
BLACK
6
CONTINUOUS
10
5.4484446850393695
20
-3.8581542519685037
11
5.4484446456692917
21
-3.8581542519685037
0
LINE
8
BLACK
6
CONTINUOUS
10
5.4484446456692917
20
-3.8581542519685037
11
5.4463158267716532
21
-3.8572724803149607
0
LINE
8
BLACK
6
CONTINUOUS
10
5.4463158267716532
20
-3.8572724803149607
11
5.4463157874015744
21
-3.857272440944882
0
LINE
8
BLACK
6
CONTINUOUS
10
5.4463157874015744
20
-3.857272440944882
11
5.4454209448818895
21
-3.8565380708661419
0
LINE
8
BLACK
6
CONTINUOUS
10
5.4454209448818895
20
-3.8565380708661419
11
5.4426087795275588
21
-3.8537259448818895
0
LINE
8
BLACK
6
CONTINUOUS
10
5.4426087795275588
20
-3.8537259448818895
11
5.4418743307086617
21
-3.8528310236220471
0
LINE
8
BLACK
6
CONTINUOUS
10
5.4418743307086617
20
-3.8528310236220471
11
5.4418742913385829
21
-3.8528309842519683
0
LINE
8
BLACK
6
CONTINUOUS
10
5.4418742913385829
20
-3.8528309842519683
11
5.4410801574803145
21
-3.8509137401574804
0
LINE
8
BLACK
6
CONTINUOUS
10
5.4410801574803145
20
-3.8509137401574804
11
5.4409925196850395
21
-3.8507022047244095
0
LINE
8
BLACK
6
CONTINUOUS
10
5.4409925196850395
20
-3.8507022047244095
11
5.4409925196850395
21
-3.8483980314960631
0
LINE
8
BLACK
6
CONTINUOUS
10
5.4409925196850395
20
-3.8483980314960631
11
5.4409925196850395
21
-3.8483979921259843
0
LINE
8
BLACK
6
CONTINUOUS
10
5.4409925196850395
20
-3.8483979921259843
11
5.4409925196850395
21
-3.8483979527559056
0
LINE
8
BLACK
6
CONTINUOUS
10
5.4409925196850395
20
-3.8483979527559056
11
5.4418742913385829
21
-3.846269212598425
0
LINE
8
BLACK
6
CONTINUOUS
10
5.4418742913385829
20
-3.846269212598425
11
5.4418742913385829
21
-3.8462691732283463
0
LINE
8
BLACK
6
CONTINUOUS
10
5.4418742913385829
20
-3.8462691732283463
11
5.4426087401574801
21
-3.8453742519685039
0
LINE
8
BLACK
6
CONTINUOUS
10
5.4426087401574801
20
-3.8453742519685039
11
5.4454209055118108
21
-3.8425620866141732
0
LINE
8
BLACK
6
CONTINUOUS
10
5.4454209055118108
20
-3.8425620866141732
11
5.4463158267716532
21
-3.8418276377952756
0
LINE
8
BLACK
6
CONTINUOUS
10
5.4463158267716532
20
-3.8418276377952756
11
5.4484446456692917
21
-3.8409458661417322
0
LINE
8
BLACK
6
CONTINUOUS
10
5.4484446456692917
20
-3.8409458661417322
11
5.4507488188976376
21
-3.8409458661417322
0
LINE
8
BLACK
6
CONTINUOUS
10
5.4507488188976376
20
-3.8409458661417322
11
5.4507488582677164
21
-3.8409458661417322
0
LINE
8
BLACK
6
CONTINUOUS
10
5.4507488582677164
20
-3.8409458661417322
11
5.4516306299212598
21
-3.8413111023622046
0
LINE
8
BLACK
6
CONTINUOUS
10
5.7716306299212601
20
-3.8413111023622046
11
5.7728776377952755
21
-3.8418276377952756
0
LINE
8
BLACK
6
CONTINUOUS
10
5.7728776377952755
20
-3.8418276377952756
11
5.7728776771653543
21
-3.8418276771653543
0
LINE
8
BLACK
6
CONTINUOUS
10
5.7728776771653543
20
-3.8418276771653543
11
5.7737725984251966
21
-3.842562125984252
0
LINE
8
BLACK
6
CONTINUOUS
10
5.7737725984251966
20
-3.842562125984252
11
5.7765847244094486
21
-3.8453742913385827
0
LINE
8
BLACK
6
CONTINUOUS
10
5.7765847244094486
20
-3.8453742913385827
11
5.7773191338582679
21
-3.8462691732283463
0
LINE
8
BLACK
6
CONTINUOUS
10
5.7773191338582679
20
-3.8462691732283463
11
5.7773191338582679
21
-3.846269212598425
0
LINE
8
BLACK
6
CONTINUOUS
10
5.7773191338582679
20
-3.846269212598425
11
5.7782009055118113
21
-3.8483979527559056
0
LINE
8
BLACK
6
CONTINUOUS
10
5.7782009055118113
20
-3.8483979527559056
11
5.7782009055118113
21
-3.8507022047244095
0
LINE
8
BLACK
6
CONTINUOUS
10
5.7782009055118113
20
-3.8507022047244095
11
5.7776843307086612
21
-3.8519492125984249
0
LINE
8
BLACK
6
CONTINUOUS
10
5.7776843307086612
20
-3.8519492125984249
11
5.7773191338582679
21
-3.8528310236220471
0
LINE
8
BLACK
6
CONTINUOUS
10
5.7773191338582679
20
-3.8528310236220471
11
5.7765846850393698
21
-3.8537259055118112
0
LINE
8
BLACK
6
CONTINUOUS
10
5.7765846850393698
20
-3.8537259055118112
11
5.7737725590551179
21
-3.8565380314960631
0
LINE
8
BLACK
6
CONTINUOUS
10
5.7737725590551179
20
-3.8565380314960631
11
5.7728776377952755
21
-3.8572724803149607
0
LINE
8
BLACK
6
CONTINUOUS
10
5.7728776377952755
20
-3.8572724803149607
11
5.7707488188976379
21
-3.8581542519685037
0
LINE
8
BLACK
6
CONTINUOUS
10
5.7707488188976379
20
-3.8581542519685037
11
5.7684446850393698
21
-3.8581542519685037
0
LINE
8
BLACK
6
CONTINUOUS
10
5.7684446850393698
20
-3.8581542519685037
11
5.768444645669291
21
-3.8581542519685037
0
LINE
8
BLACK
6
CONTINUOUS
10
5.768444645669291
20
-3.8581542519685037
11
5.7663158267716534
21
-3.8572724803149607
0
LINE
8
BLACK
6
CONTINUOUS
10
5.7663158267716534
20
-3.8572724803149607
11
5.7663157874015747
21
-3.857272440944882
0
LINE
8
BLACK
6
CONTINUOUS
10
5.7663157874015747
20
-3.857272440944882
11
5.7654209448818898
21
-3.8565380708661419
0
LINE
8
BLACK
6
CONTINUOUS
10
5.7654209448818898
20
-3.8565380708661419
11
5.7626087795275591
21
-3.8537259448818895
0
LINE
8
BLACK
6
CONTINUOUS
10
5.7626087795275591
20
-3.8537259448818895
11
5.7618743307086611
21
-3.8528310236220471
0
LINE
8
BLACK
6
CONTINUOUS
10
5.7618743307086611
20
-3.8528310236220471
11
5.7618742913385823
21
-3.8528309842519683
0
LINE
8
BLACK
6
CONTINUOUS
10
5.7618742913385823
20
-3.8528309842519683
11
5.7610801574803148
21
-3.8509137401574804
0
LINE
8
BLACK
6
CONTINUOUS
10
5.7610801574803148
20
-3.8509137401574804
11
5.7609925196850389
21
-3.8507022047244095
0
LINE
8
BLACK
6
CONTINUOUS
10
5.7609925196850389
20
-3.8507022047244095
11
5.7609925196850389
21
-3.8483980314960631
0
LINE
8
BLACK
6
CONTINUOUS
10
5.7609925196850389
20
-3.8483980314960631
11
5.7609925196850389
21
-3.8483979921259843
0
LINE
8
BLACK
6
CONTINUOUS
10
5.7609925196850389
20
-3.8483979921259843
11
5.7609925196850389
21
-3.8483979527559056
0
LINE
8
BLACK
6
CONTINUOUS
10
5.7609925196850389
20
-3.8483979527559056
11
5.7618742913385823
21
-3.846269212598425
0
LINE
8
BLACK
6
CONTINUOUS
10
5.7618742913385823
20
-3.846269212598425
11
5.7618742913385823
21
-3.8462691732283463
0
LINE
8
BLACK
6
CONTINUOUS
10
5.7618742913385823
20
-3.8462691732283463
11
5.7626087401574804
21
-3.8453742519685039
0
LINE
8
BLACK
6
CONTINUOUS
10
5.7626087401574804
20
-3.8453742519685039
11
5.7654209055118111
21
-3.8425620866141732
0
LINE
8
BLACK
6
CONTINUOUS
10
5.7654209055118111
20
-3.8425620866141732
11
5.7663158267716534
21
-3.8418276377952756
0
LINE
8
BLACK
6
CONTINUOUS
10
5.7663158267716534
20
-3.8418276377952756
11
5.768444645669291
21
-3.8409458661417322
0
LINE
8
BLACK
6
CONTINUOUS
10
5.768444645669291
20
-3.8409458661417322
11
5.7707488188976379
21
-3.8409458661417322
0
LINE
8
BLACK
6
CONTINUOUS
10
5.7707488188976379
20
-3.8409458661417322
11
5.7707488582677167
21
-3.8409458661417322
0
LINE
8
BLACK
6
CONTINUOUS
10
5.7707488582677167
20
-3.8409458661417322
11
5.7716306299212601
21
-3.8413111023622046
0
LINE
8
BLACK
6
CONTINUOUS
10
5.5069918110236218
20
-3.8437580314960629
11
5.5091206299212594
21
-3.844639842519685
0
LINE
8
BLACK
6
CONTINUOUS
10
5.5091206299212594
20
-3.844639842519685
11
5.5107499212598423
21
-3.8462691338582675
0
LINE
8
BLACK
6
CONTINUOUS
10
5.5107499212598423
20
-3.8462691338582675
11
5.5116317322834645
21
-3.8483979527559056
0
LINE
8
BLACK
6
CONTINUOUS
10
5.5116317322834645
20
-3.8483979527559056
11
5.5116317322834645
21
-3.8507022047244095
0
LINE
8
BLACK
6
CONTINUOUS
10
5.5116317322834645
20
-3.8507022047244095
11
5.5107499212598423
21
-3.8528310236220471
0
LINE
8
BLACK
6
CONTINUOUS
10
5.5107499212598423
20
-3.8528310236220471
11
5.5091206299212594
21
-3.85446031496063
0
LINE
8
BLACK
6
CONTINUOUS
10
5.5091206299212594
20
-3.85446031496063
11
5.5069918110236218
21
-3.8553421259842517
0
LINE
8
BLACK
6
CONTINUOUS
10
5.5069918110236218
20
-3.8553421259842517
11
5.50583968503937
21
-3.8554555905511809
0
LINE
8
BLACK
6
CONTINUOUS
10
5.50583968503937
20
-3.8554555905511809
11
5.4664696062992126
21
-3.8554555905511809
0
LINE
8
BLACK
6
CONTINUOUS
10
5.4664696062992126
20
-3.8554555905511809
11
5.4653174803149609
21
-3.8553421259842517
0
LINE
8
BLACK
6
CONTINUOUS
10
5.4653174803149609
20
-3.8553421259842517
11
5.4631886614173224
21
-3.85446031496063
0
LINE
8
BLACK
6
CONTINUOUS
10
5.4631886614173224
20
-3.85446031496063
11
5.4615593700787404
21
-3.8528310236220471
0
LINE
8
BLACK
6
CONTINUOUS
10
5.4615593700787404
20
-3.8528310236220471
11
5.4606775590551182
21
-3.8507022047244095
0
LINE
8
BLACK
6
CONTINUOUS
10
5.4606775590551182
20
-3.8507022047244095
11
5.4606775590551182
21
-3.8483979527559056
0
LINE
8
BLACK
6
CONTINUOUS
10
5.4606775590551182
20
-3.8483979527559056
11
5.4615593700787404
21
-3.8462691338582675
0
LINE
8
BLACK
6
CONTINUOUS
10
5.4615593700787404
20
-3.8462691338582675
11
5.4631886614173224
21
-3.844639842519685
0
LINE
8
BLACK
6
CONTINUOUS
10
5.4631886614173224
20
-3.844639842519685
11
5.4653174803149609
21
-3.8437580314960629
0
LINE
8
BLACK
6
CONTINUOUS
10
5.4653174803149609
20
-3.8437580314960629
11
5.4664696062992126
21
-3.8436445669291337
0
LINE
8
BLACK
6
CONTINUOUS
10
5.4664696062992126
20
-3.8436445669291337
11
5.50583968503937
21
-3.8436445669291337
0
LINE
8
BLACK
6
CONTINUOUS
10
5.50583968503937
20
-3.8436445669291337
11
5.5069918110236218
21
-3.8437580314960629
0
LINE
8
BLACK
6
CONTINUOUS
10
5.8269918110236221
20
-3.8437580314960629
11
5.8291206299212597
21
-3.844639842519685
0
LINE
8
BLACK
6
CONTINUOUS
10
5.8291206299212597
20
-3.844639842519685
11
5.8307499212598426
21
-3.8462691338582675
0
LINE
8
BLACK
6
CONTINUOUS
10
5.8307499212598426
20
-3.8462691338582675
11
5.8316317322834648
21
-3.8483979527559056
0
LINE
8
BLACK
6
CONTINUOUS
10
5.8316317322834648
20
-3.8483979527559056
11
5.8316317322834648
21
-3.8507022047244095
0
LINE
8
BLACK
6
CONTINUOUS
10
5.8316317322834648
20
-3.8507022047244095
11
5.8307499212598426
21
-3.8528310236220471
0
LINE
8
BLACK
6
CONTINUOUS
10
5.8307499212598426
20
-3.8528310236220471
11
5.8291206299212597
21
-3.85446031496063
0
LINE
8
BLACK
6
CONTINUOUS
10
5.8291206299212597
20
-3.85446031496063
11
5.8269918110236221
21
-3.8553421259842517
0
LINE
8
BLACK
6
CONTINUOUS
10
5.8269918110236221
20
-3.8553421259842517
11
5.8258396850393703
21
-3.8554555905511809
0
LINE
8
BLACK
6
CONTINUOUS
10
5.8258396850393703
20
-3.8554555905511809
11
5.786469606299212
21
-3.8554555905511809
0
LINE
8
BLACK
6
CONTINUOUS
10
5.786469606299212
20
-3.8554555905511809
11
5.7853174803149603
21
-3.8553421259842517
0
LINE
8
BLACK
6
CONTINUOUS
10
5.7853174803149603
20
-3.8553421259842517
11
5.7831886614173227
21
-3.85446031496063
0
LINE
8
BLACK
6
CONTINUOUS
10
5.7831886614173227
20
-3.85446031496063
11
5.7815593700787398
21
-3.8528310236220471
0
LINE
8
BLACK
6
CONTINUOUS
10
5.7815593700787398
20
-3.8528310236220471
11
5.7806775590551176
21
-3.8507022047244095
0
LINE
8
BLACK
6
CONTINUOUS
10
5.7806775590551176
20
-3.8507022047244095
11
5.7806775590551176
21
-3.8483979527559056
0
LINE
8
BLACK
6
CONTINUOUS
10
5.7806775590551176
20
-3.8483979527559056
11
5.7815593700787398
21
-3.8462691338582675
0
LINE
8
BLACK
6
CONTINUOUS
10
5.7815593700787398
20
-3.8462691338582675
11
5.7831886614173227
21
-3.844639842519685
0
LINE
8
BLACK
6
CONTINUOUS
10
5.7831886614173227
20
-3.844639842519685
11
5.7853174803149603
21
-3.8437580314960629
0
LINE
8
BLACK
6
CONTINUOUS
10
5.7853174803149603
20
-3.8437580314960629
11
5.786469606299212
21
-3.8436445669291337
0
LINE
8
BLACK
6
CONTINUOUS
10
5.786469606299212
20
-3.8436445669291337
11
5.8258396850393703
21
-3.8436445669291337
0
LINE
8
BLACK
6
CONTINUOUS
10
5.8258396850393703
20
-3.8436445669291337
11
5.8269918110236221
21
-3.8437580314960629
0
LINE
8
BLACK
6
CONTINUOUS
10
5.5069918110236218
20
-3.7903272047244094
11
5.5091206299212594
21
-3.7912090157480316
0
LINE
8
BLACK
6
CONTINUOUS
10
5.5091206299212594
20
-3.7912090157480316
11
5.5107499212598423
21
-3.7928383070866141
0
LINE
8
BLACK
6
CONTINUOUS
10
5.5107499212598423
20
-3.7928383070866141
11
5.5116317322834645
21
-3.7949671259842517
0
LINE
8
BLACK
6
CONTINUOUS
10
5.5116317322834645
20
-3.7949671259842517
11
5.5116317322834645
21
-3.7972713779527556
0
LINE
8
BLACK
6
CONTINUOUS
10
5.5116317322834645
20
-3.7972713779527556
11
5.5107499212598423
21
-3.7994001968503937
0
LINE
8
BLACK
6
CONTINUOUS
10
5.5107499212598423
20
-3.7994001968503937
11
5.5091206299212594
21
-3.8010294881889761
0
LINE
8
BLACK
6
CONTINUOUS
10
5.5091206299212594
20
-3.8010294881889761
11
5.5069918110236218
21
-3.8019112992125983
0
LINE
8
BLACK
6
CONTINUOUS
10
5.5069918110236218
20
-3.8019112992125983
11
5.50583968503937
21
-3.8020247637795275
0
LINE
8
BLACK
6
CONTINUOUS
10
5.50583968503937
20
-3.8020247637795275
11
5.4763001574803152
21
-3.8020247637795275
0
LINE
8
BLACK
6
CONTINUOUS
10
5.4763001574803152
20
-3.8020247637795275
11
5.4736834645669292
21
-3.8033330708661417
0
LINE
8
BLACK
6
CONTINUOUS
10
5.4736834645669292
20
-3.8033330708661417
11
5.4723751181102358
21
-3.8059497637795277
0
LINE
8
BLACK
6
CONTINUOUS
10
5.4723751181102358
20
-3.8059497637795277
11
5.4723751181102358
21
-3.8115979921259844
0
LINE
8
BLACK
6
CONTINUOUS
10
5.4723751181102358
20
-3.8115979921259844
11
5.474135236220472
21
-3.8151182677165352
0
LINE
8
BLACK
6
CONTINUOUS
10
5.474135236220472
20
-3.8151182677165352
11
5.4745400787401577
21
-3.8155230708661416
0
LINE
8
BLACK
6
CONTINUOUS
10
5.4745400787401577
20
-3.8155230708661416
11
5.50583968503937
21
-3.8155230708661416
0
LINE
8
BLACK
6
CONTINUOUS
10
5.50583968503937
20
-3.8155230708661416
11
5.5069918110236218
21
-3.8156365354330708
0
LINE
8
BLACK
6
CONTINUOUS
10
5.5069918110236218
20
-3.8156365354330708
11
5.5091206299212594
21
-3.816518346456693
0
LINE
8
BLACK
6
CONTINUOUS
10
5.5091206299212594
20
-3.816518346456693
11
5.5107499212598423
21
-3.8181476377952754
0
LINE
8
BLACK
6
CONTINUOUS
10
5.5107499212598423
20
-3.8181476377952754
11
5.5116317322834645
21
-3.8202764566929135
0
LINE
8
BLACK
6
CONTINUOUS
10
5.5116317322834645
20
-3.8202764566929135
11
5.5116317322834645
21
-3.8225807086614174
0
LINE
8
BLACK
6
CONTINUOUS
10
5.5116317322834645
20
-3.8225807086614174
11
5.5107499212598423
21
-3.824709527559055
0
LINE
8
BLACK
6
CONTINUOUS
10
5.5107499212598423
20
-3.824709527559055
11
5.5091206299212594
21
-3.8263388188976375
0
LINE
8
BLACK
6
CONTINUOUS
10
5.5091206299212594
20
-3.8263388188976375
11
5.5069918110236218
21
-3.8272206299212597
0
LINE
8
BLACK
6
CONTINUOUS
10
5.5069918110236218
20
-3.8272206299212597
11
5.50583968503937
21
-3.8273340944881888
0
LINE
8
BLACK
6
CONTINUOUS
10
5.50583968503937
20
-3.8273340944881888
11
5.4664696062992126
21
-3.8273340944881888
0
LINE
8
BLACK
6
CONTINUOUS
10
5.4664696062992126
20
-3.8273340944881888
11
5.4653174803149609
21
-3.8272206299212597
0
LINE
8
BLACK
6
CONTINUOUS
10
5.4653174803149609
20
-3.8272206299212597
11
5.4631886614173224
21
-3.8263388188976375
0
LINE
8
BLACK
6
CONTINUOUS
10
5.4631886614173224
20
-3.8263388188976375
11
5.4615593700787404
21
-3.824709527559055
0
LINE
8
BLACK
6
CONTINUOUS
10
5.4615593700787404
20
-3.824709527559055
11
5.4606775590551182
21
-3.8225807086614174
0
LINE
8
BLACK
6
CONTINUOUS
10
5.4606775590551182
20
-3.8225807086614174
11
5.4606775590551182
21
-3.8202764566929135
0
LINE
8
BLACK
6
CONTINUOUS
10
5.4606775590551182
20
-3.8202764566929135
11
5.4615593700787404
21
-3.8181476377952754
0
LINE
8
BLACK
6
CONTINUOUS
10
5.4615593700787404
20
-3.8181476377952754
11
5.4621496456692915
21
-3.8175573228346456
0
LINE
8
BLACK
6
CONTINUOUS
10
5.4621496456692915
20
-3.8175573228346456
11
5.4611875590551175
21
-3.815633149606299
0
LINE
8
BLACK
6
CONTINUOUS
10
5.4611875590551175
20
-3.815633149606299
11
5.4607738188976374
21
-3.8145519291338581
0
LINE
8
BLACK
6
CONTINUOUS
10
5.4607738188976374
20
-3.8145519291338581
11
5.4607587795275592
21
-3.8143403149606296
0
LINE
8
BLACK
6
CONTINUOUS
10
5.4607587795275592
20
-3.8143403149606296
11
5.4606775590551182
21
-3.814144251968504
0
LINE
8
BLACK
6
CONTINUOUS
10
5.4606775590551182
20
-3.814144251968504
11
5.4605640944881886
21
-3.8129921259842519
0
LINE
8
BLACK
6
CONTINUOUS
10
5.4605640944881886
20
-3.8129921259842519
11
5.4605640944881886
21
-3.8045556692913385
0
LINE
8
BLACK
6
CONTINUOUS
10
5.4605640944881886
20
-3.8045556692913385
11
5.4606775590551182
21
-3.8034035433070867
0
LINE
8
BLACK
6
CONTINUOUS
10
5.4606775590551182
20
-3.8034035433070867
11
5.4607587795275592
21
-3.8032074409448819
0
LINE
8
BLACK
6
CONTINUOUS
10
5.4607587795275592
20
-3.8032074409448819
11
5.4607738188976374
21
-3.8029958661417322
0
LINE
8
BLACK
6
CONTINUOUS
10
5.4607738188976374
20
-3.8029958661417322
11
5.4611875590551175
21
-3.8019146456692914
0
LINE
8
BLACK
6
CONTINUOUS
10
5.4611875590551175
20
-3.8019146456692914
11
5.4639997244094483
21
-3.7962903543307087
0
LINE
8
BLACK
6
CONTINUOUS
10
5.4639997244094483
20
-3.7962903543307087
11
5.4641209842519682
21
-3.7960976377952753
0
LINE
8
BLACK
6
CONTINUOUS
10
5.4641209842519682
20
-3.7960976377952753
11
5.464151299212598
21
-3.7960068110236218
0
LINE
8
BLACK
6
CONTINUOUS
10
5.464151299212598
20
-3.7960068110236218
11
5.4642494094488185
21
-3.7958936614173227
0
LINE
8
BLACK
6
CONTINUOUS
10
5.4642494094488185
20
-3.7958936614173227
11
5.4646164566929132
21
-3.795310590551181
0
LINE
8
BLACK
6
CONTINUOUS
10
5.4646164566929132
20
-3.795310590551181
11
5.4651759448818895
21
-3.7948253543307087
0
LINE
8
BLACK
6
CONTINUOUS
10
5.4651759448818895
20
-3.7948253543307087
11
5.4656610236220473
21
-3.7942660629921261
0
LINE
8
BLACK
6
CONTINUOUS
10
5.4656610236220473
20
-3.7942660629921261
11
5.4662439763779522
21
-3.7938990551181102
0
LINE
8
BLACK
6
CONTINUOUS
10
5.4662439763779522
20
-3.7938990551181102
11
5.4663572047244093
21
-3.7938009055118109
0
LINE
8
BLACK
6
CONTINUOUS
10
5.4663572047244093
20
-3.7938009055118109
11
5.466448070866142
21
-3.7937705905511812
0
LINE
8
BLACK
6
CONTINUOUS
10
5.466448070866142
20
-3.7937705905511812
11
5.4666407480314962
21
-3.7936493307086612
0
LINE
8
BLACK
6
CONTINUOUS
10
5.4666407480314962
20
-3.7936493307086612
11
5.4722650787401577
21
-3.7908372047244092
0
LINE
8
BLACK
6
CONTINUOUS
10
5.4722650787401577
20
-3.7908372047244092
11
5.4733462992125981
21
-3.7904234251968503
0
LINE
8
BLACK
6
CONTINUOUS
10
5.4733462992125981
20
-3.7904234251968503
11
5.473557913385827
21
-3.7904083858267716
0
LINE
8
BLACK
6
CONTINUOUS
10
5.473557913385827
20
-3.7904083858267716
11
5.4737539370078743
21
-3.7903272047244094
0
LINE
8
BLACK
6
CONTINUOUS
10
5.4737539370078743
20
-3.7903272047244094
11
5.474906062992126
21
-3.7902137401574802
0
LINE
8
BLACK
6
CONTINUOUS
10
5.474906062992126
20
-3.7902137401574802
11
5.50583968503937
21
-3.7902137401574802
0
LINE
8
BLACK
6
CONTINUOUS
10
5.50583968503937
20
-3.7902137401574802
11
5.5069918110236218
21
-3.7903272047244094
0
LINE
8
BLACK
6
CONTINUOUS
10
5.8269918110236221
20
-3.7903272047244094
11
5.8291206299212597
21
-3.7912090157480316
0
LINE
8
BLACK
6
CONTINUOUS
10
5.8291206299212597
20
-3.7912090157480316
11
5.8307499212598426
21
-3.7928383070866141
0
LINE
8
BLACK
6
CONTINUOUS
10
5.8307499212598426
20
-3.7928383070866141
11
5.8316317322834648
21
-3.7949671259842517
0
LINE
8
BLACK
6
CONTINUOUS
10
5.8316317322834648
20
-3.7949671259842517
11
5.8316317322834648
21
-3.7972713779527556
0
LINE
8
BLACK
6
CONTINUOUS
10
5.8316317322834648
20
-3.7972713779527556
11
5.8307499212598426
21
-3.7994001968503937
0
LINE
8
BLACK
6
CONTINUOUS
10
5.8307499212598426
20
-3.7994001968503937
11
5.8291206299212597
21
-3.8010294881889761
0
LINE
8
BLACK
6
CONTINUOUS
10
5.8291206299212597
20
-3.8010294881889761
11
5.8269918110236221
21
-3.8019112992125983
0
LINE
8
BLACK
6
CONTINUOUS
10
5.8269918110236221
20
-3.8019112992125983
11
5.8258396850393703
21
-3.8020247637795275
0
LINE
8
BLACK
6
CONTINUOUS
10
5.8258396850393703
20
-3.8020247637795275
11
5.7963001574803146
21
-3.8020247637795275
0
LINE
8
BLACK
6
CONTINUOUS
10
5.7963001574803146
20
-3.8020247637795275
11
5.7936834645669286
21
-3.8033330708661417
0
LINE
8
BLACK
6
CONTINUOUS
10
5.7936834645669286
20
-3.8033330708661417
11
5.7923751181102361
21
-3.8059497637795277
0
LINE
8
BLACK
6
CONTINUOUS
10
5.7923751181102361
20
-3.8059497637795277
11
5.7923751181102361
21
-3.8115979921259844
0
LINE
8
BLACK
6
CONTINUOUS
10
5.7923751181102361
20
-3.8115979921259844
11
5.7941352362204723
21
-3.8151182677165352
0
LINE
8
BLACK
6
CONTINUOUS
10
5.7941352362204723
20
-3.8151182677165352
11
5.7945400787401571
21
-3.8155230708661416
0
LINE
8
BLACK
6
CONTINUOUS
10
5.7945400787401571
20
-3.8155230708661416
11
5.8258396850393703
21
-3.8155230708661416
0
LINE
8
BLACK
6
CONTINUOUS
10
5.8258396850393703
20
-3.8155230708661416
11
5.8269918110236221
21
-3.8156365354330708
0
LINE
8
BLACK
6
CONTINUOUS
10
5.8269918110236221
20
-3.8156365354330708
11
5.8291206299212597
21
-3.816518346456693
0
LINE
8
BLACK
6
CONTINUOUS
10
5.8291206299212597
20
-3.816518346456693
11
5.8307499212598426
21
-3.8181476377952754
0
LINE
8
BLACK
6
CONTINUOUS
10
5.8307499212598426
20
-3.8181476377952754
11
5.8316317322834648
21
-3.8202764566929135
0
LINE
8
BLACK
6
CONTINUOUS
10
5.8316317322834648
20
-3.8202764566929135
11
5.8316317322834648
21
-3.8225807086614174
0
LINE
8
BLACK
6
CONTINUOUS
10
5.8316317322834648
20
-3.8225807086614174
11
5.8307499212598426
21
-3.824709527559055
0
LINE
8
BLACK
6
CONTINUOUS
10
5.8307499212598426
20
-3.824709527559055
11
5.8291206299212597
21
-3.8263388188976375
0
LINE
8
BLACK
6
CONTINUOUS
10
5.8291206299212597
20
-3.8263388188976375
11
5.8269918110236221
21
-3.8272206299212597
0
LINE
8
BLACK
6
CONTINUOUS
10
5.8269918110236221
20
-3.8272206299212597
11
5.8258396850393703
21
-3.8273340944881888
0
LINE
8
BLACK
6
CONTINUOUS
10
5.8258396850393703
20
-3.8273340944881888
11
5.786469606299212
21
-3.8273340944881888
0
LINE
8
BLACK
6
CONTINUOUS
10
5.786469606299212
20
-3.8273340944881888
11
5.7853174803149603
21
-3.8272206299212597
0
LINE
8
BLACK
6
CONTINUOUS
10
5.7853174803149603
20
-3.8272206299212597
11
5.7831886614173227
21
-3.8263388188976375
0
LINE
8
BLACK
6
CONTINUOUS
10
5.7831886614173227
20
-3.8263388188976375
11
5.7815593700787398
21
-3.824709527559055
0
LINE
8
BLACK
6
CONTINUOUS
10
5.7815593700787398
20
-3.824709527559055
11
5.7806775590551176
21
-3.8225807086614174
0
LINE
8
BLACK
6
CONTINUOUS
10
5.7806775590551176
20
-3.8225807086614174
11
5.7806775590551176
21
-3.8202764566929135
0
LINE
8
BLACK
6
CONTINUOUS
10
5.7806775590551176
20
-3.8202764566929135
11
5.7815593700787398
21
-3.8181476377952754
0
LINE
8
BLACK
6
CONTINUOUS
10
5.7815593700787398
20
-3.8181476377952754
11
5.7821496456692909
21
-3.8175573228346456
0
LINE
8
BLACK
6
CONTINUOUS
10
5.7821496456692909
20
-3.8175573228346456
11
5.7811875590551178
21
-3.815633149606299
0
LINE
8
BLACK
6
CONTINUOUS
10
5.7811875590551178
20
-3.815633149606299
11
5.7807738188976376
21
-3.8145519291338581
0
LINE
8
BLACK
6
CONTINUOUS
10
5.7807738188976376
20
-3.8145519291338581
11
5.7807587795275586
21
-3.8143403149606296
0
LINE
8
BLACK
6
CONTINUOUS
10
5.7807587795275586
20
-3.8143403149606296
11
5.7806775590551176
21
-3.814144251968504
0
LINE
8
BLACK
6
CONTINUOUS
10
5.7806775590551176
20
-3.814144251968504
11
5.7805640944881889
21
-3.8129921259842519
0
LINE
8
BLACK
6
CONTINUOUS
10
5.7805640944881889
20
-3.8129921259842519
11
5.7805640944881889
21
-3.8045556692913385
0
LINE
8
BLACK
6
CONTINUOUS
10
5.7805640944881889
20
-3.8045556692913385
11
5.7806775590551176
21
-3.8034035433070867
0
LINE
8
BLACK
6
CONTINUOUS
10
5.7806775590551176
20
-3.8034035433070867
11
5.7807587795275586
21
-3.8032074409448819
0
LINE
8
BLACK
6
CONTINUOUS
10
5.7807587795275586
20
-3.8032074409448819
11
5.7807738188976376
21
-3.8029958661417322
0
LINE
8
BLACK
6
CONTINUOUS
10
5.7807738188976376
20
-3.8029958661417322
11
5.7811875590551178
21
-3.8019146456692914
0
LINE
8
BLACK
6
CONTINUOUS
10
5.7811875590551178
20
-3.8019146456692914
11
5.7839997244094485
21
-3.7962903543307087
0
LINE
8
BLACK
6
CONTINUOUS
10
5.7839997244094485
20
-3.7962903543307087
11
5.7841209842519685
21
-3.7960976377952753
0
LINE
8
BLACK
6
CONTINUOUS
10
5.7841209842519685
20
-3.7960976377952753
11
5.7841512992125983
21
-3.7960068110236218
0
LINE
8
BLACK
6
CONTINUOUS
10
5.7841512992125983
20
-3.7960068110236218
11
5.7842494094488188
21
-3.7958936614173227
0
LINE
8
BLACK
6
CONTINUOUS
10
5.7842494094488188
20
-3.7958936614173227
11
5.7846164566929135
21
-3.795310590551181
0
LINE
8
BLACK
6
CONTINUOUS
10
5.7846164566929135
20
-3.795310590551181
11
5.7851759448818898
21
-3.7948253543307087
0
LINE
8
BLACK
6
CONTINUOUS
10
5.7851759448818898
20
-3.7948253543307087
11
5.7856610236220467
21
-3.7942660629921261
0
LINE
8
BLACK
6
CONTINUOUS
10
5.7856610236220467
20
-3.7942660629921261
11
5.7862439763779525
21
-3.7938990551181102
0
LINE
8
BLACK
6
CONTINUOUS
10
5.7862439763779525
20
-3.7938990551181102
11
5.7863572047244096
21
-3.7938009055118109
0
LINE
8
BLACK
6
CONTINUOUS
10
5.7863572047244096
20
-3.7938009055118109
11
5.7864480708661414
21
-3.7937705905511812
0
LINE
8
BLACK
6
CONTINUOUS
10
5.7864480708661414
20
-3.7937705905511812
11
5.7866407480314956
21
-3.7936493307086612
0
LINE
8
BLACK
6
CONTINUOUS
10
5.7866407480314956
20
-3.7936493307086612
11
5.7922650787401571
21
-3.7908372047244092
0
LINE
8
BLACK
6
CONTINUOUS
10
5.7922650787401571
20
-3.7908372047244092
11
5.7933462992125984
21
-3.7904234251968503
0
LINE
8
BLACK
6
CONTINUOUS
10
5.7933462992125984
20
-3.7904234251968503
11
5.7935579133858264
21
-3.7904083858267716
0
LINE
8
BLACK
6
CONTINUOUS
10
5.7935579133858264
20
-3.7904083858267716
11
5.7937539370078737
21
-3.7903272047244094
0
LINE
8
BLACK
6
CONTINUOUS
10
5.7937539370078737
20
-3.7903272047244094
11
5.7949060629921263
21
-3.7902137401574802
0
LINE
8
BLACK
6
CONTINUOUS
10
5.7949060629921263
20
-3.7902137401574802
11
5.8258396850393703
21
-3.7902137401574802
0
LINE
8
BLACK
6
CONTINUOUS
10
5.8258396850393703
20
-3.7902137401574802
11
5.8269918110236221
21
-3.7903272047244094
0
LINE
8
BLACK
6
CONTINUOUS
10
3.5669564173228347
20
-2.1609925196850392
11
3.5671523622047245
21
-2.1610736614173227
0
LINE
8
BLACK
6
CONTINUOUS
10
3.5671523622047245
20
-2.1610736614173227
11
3.5673640944881888
21
-2.1610887401574801
0
LINE
8
BLACK
6
CONTINUOUS
10
3.5673640944881888
20
-2.1610887401574801
11
3.5684453149606297
21
-2.1615025196850395
0
LINE
8
BLACK
6
CONTINUOUS
10
3.5684453149606297
20
-2.1615025196850395
11
3.5740696456692911
21
-2.1643146850393702
0
LINE
8
BLACK
6
CONTINUOUS
10
3.5740696456692911
20
-2.1643146850393702
11
3.574565433070866
21
-2.1646267716535434
0
LINE
8
BLACK
6
CONTINUOUS
10
3.574565433070866
20
-2.1646267716535434
11
3.574709527559055
21
-2.1646864566929134
0
LINE
8
BLACK
6
CONTINUOUS
10
3.574709527559055
20
-2.1646864566929134
11
3.5748716929133857
21
-2.1648195669291339
0
LINE
8
BLACK
6
CONTINUOUS
10
3.5748716929133857
20
-2.1648195669291339
11
3.5750494094488188
21
-2.1649314173228347
0
LINE
8
BLACK
6
CONTINUOUS
10
3.5750494094488188
20
-2.1649314173228347
11
3.5751516141732282
21
-2.1650492519685041
0
LINE
8
BLACK
6
CONTINUOUS
10
3.5751516141732282
20
-2.1650492519685041
11
3.5756044488188974
21
-2.165420905511811
0
LINE
8
BLACK
6
CONTINUOUS
10
3.5756044488188974
20
-2.165420905511811
11
3.5784165748031493
21
-2.1682330314960629
0
LINE
8
BLACK
6
CONTINUOUS
10
3.5784165748031493
20
-2.1682330314960629
11
3.5787882283464567
21
-2.1686858661417321
0
LINE
8
BLACK
6
CONTINUOUS
10
3.5787882283464567
20
-2.1686858661417321
11
3.5789060629921261
21
-2.1687880708661416
0
LINE
8
BLACK
6
CONTINUOUS
10
3.5789060629921261
20
-2.1687880708661416
11
3.5790177952755906
21
-2.1689655905511809
0
LINE
8
BLACK
6
CONTINUOUS
10
3.5790177952755906
20
-2.1689655905511809
11
3.579151023622047
21
-2.1691279133858266
0
LINE
8
BLACK
6
CONTINUOUS
10
3.579151023622047
20
-2.1691279133858266
11
3.5792107086614173
21
-2.169272086614173
0
LINE
8
BLACK
6
CONTINUOUS
10
3.5792107086614173
20
-2.169272086614173
11
3.5795227952755906
21
-2.1697678346456692
0
LINE
8
BLACK
6
CONTINUOUS
10
3.5795227952755906
20
-2.1697678346456692
11
3.5823349606299213
21
-2.1753920866141732
0
LINE
8
BLACK
6
CONTINUOUS
10
3.5823349606299213
20
-2.1753920866141732
11
3.5827487007874015
21
-2.1764733464566928
0
LINE
8
BLACK
6
CONTINUOUS
10
3.5827487007874015
20
-2.1764733464566928
11
3.5827637007874014
21
-2.1766849212598425
0
LINE
8
BLACK
6
CONTINUOUS
10
3.5827637007874014
20
-2.1766849212598425
11
3.5828449606299211
21
-2.1768810236220473
0
LINE
8
BLACK
6
CONTINUOUS
10
3.5828449606299211
20
-2.1768810236220473
11
3.5829584251968503
21
-2.178033149606299
0
LINE
8
BLACK
6
CONTINUOUS
10
3.5829584251968503
20
-2.178033149606299
11
3.5829584251968503
21
-2.1836574803149604
0
LINE
8
BLACK
6
CONTINUOUS
10
3.5829584251968503
20
-2.1836574803149604
11
3.5829009842519683
21
-2.1842405905511812
0
LINE
8
BLACK
6
CONTINUOUS
10
3.5829009842519683
20
-2.1842405905511812
11
3.5829120472440943
21
-2.1843961023622045
0
LINE
8
BLACK
6
CONTINUOUS
10
3.5829120472440943
20
-2.1843961023622045
11
3.5828655118110238
21
-2.1846005905511809
0
LINE
8
BLACK
6
CONTINUOUS
10
3.5828655118110238
20
-2.1846005905511809
11
3.5828449606299211
21
-2.1848096062992126
0
LINE
8
BLACK
6
CONTINUOUS
10
3.5828449606299211
20
-2.1848096062992126
11
3.5827852362204724
21
-2.1849537401574803
0
LINE
8
BLACK
6
CONTINUOUS
10
3.5827852362204724
20
-2.1849537401574803
11
3.5826553543307087
21
-2.1855250000000002
0
LINE
8
BLACK
6
CONTINUOUS
10
3.5826553543307087
20
-2.1855250000000002
11
3.579843188976378
21
-2.1939614173228348
0
LINE
8
BLACK
6
CONTINUOUS
10
3.579843188976378
20
-2.1939614173228348
11
3.5793712204724408
21
-2.1950185039370078
0
LINE
8
BLACK
6
CONTINUOUS
10
3.5793712204724408
20
-2.1950185039370078
11
3.5792322440944879
21
-2.1951787007874017
0
LINE
8
BLACK
6
CONTINUOUS
10
3.5792322440944879
20
-2.1951787007874017
11
3.579151023622047
21
-2.1953748425196848
0
LINE
8
BLACK
6
CONTINUOUS
10
3.579151023622047
20
-2.1953748425196848
11
3.5784165748031493
21
-2.1962697244094489
0
LINE
8
BLACK
6
CONTINUOUS
10
3.5784165748031493
20
-2.1962697244094489
11
3.5547521259842521
21
-2.2199341732283462
0
LINE
8
BLACK
6
CONTINUOUS
10
3.5547521259842521
20
-2.2199341732283462
11
3.5770529133858266
21
-2.2199341732283462
0
LINE
8
BLACK
6
CONTINUOUS
10
3.5770529133858266
20
-2.2199341732283462
11
3.5782050393700788
21
-2.2200476377952754
0
LINE
8
BLACK
6
CONTINUOUS
10
3.5782050393700788
20
-2.2200476377952754
11
3.5803338582677164
21
-2.2209294488188975
0
LINE
8
BLACK
6
CONTINUOUS
10
3.5803338582677164
20
-2.2209294488188975
11
3.5819631496062989
21
-2.2225587401574805
0
LINE
8
BLACK
6
CONTINUOUS
10
3.5819631496062989
20
-2.2225587401574805
11
3.5828449606299211
21
-2.2246875590551181
0
LINE
8
BLACK
6
CONTINUOUS
10
3.5828449606299211
20
-2.2246875590551181
11
3.5828449606299211
21
-2.226991811023622
0
LINE
8
BLACK
6
CONTINUOUS
10
3.5828449606299211
20
-2.226991811023622
11
3.5819631496062989
21
-2.2291206299212596
0
LINE
8
BLACK
6
CONTINUOUS
10
3.5819631496062989
20
-2.2291206299212596
11
3.5803338582677164
21
-2.2307499212598425
0
LINE
8
BLACK
6
CONTINUOUS
10
3.5803338582677164
20
-2.2307499212598425
11
3.5782050393700788
21
-2.2316317322834647
0
LINE
8
BLACK
6
CONTINUOUS
10
3.5782050393700788
20
-2.2316317322834647
11
3.5770529133858266
21
-2.2317451968503939
0
LINE
8
BLACK
6
CONTINUOUS
10
3.5770529133858266
20
-2.2317451968503939
11
3.5404949606299212
21
-2.2317451968503939
0
LINE
8
BLACK
6
CONTINUOUS
10
3.5404949606299212
20
-2.2317451968503939
11
3.539342834645669
21
-2.2316317322834647
0
LINE
8
BLACK
6
CONTINUOUS
10
3.539342834645669
20
-2.2316317322834647
11
3.5381116141732281
21
-2.2311217322834644
0
LINE
8
BLACK
6
CONTINUOUS
10
3.5381116141732281
20
-2.2311217322834644
11
3.5372140551181102
21
-2.2307499606299213
0
LINE
8
BLACK
6
CONTINUOUS
10
3.5372140551181102
20
-2.2307499606299213
11
3.5355846850393702
21
-2.2291205905511808
0
LINE
8
BLACK
6
CONTINUOUS
10
3.5355846850393702
20
-2.2291205905511808
11
3.5348717716535432
21
-2.2273994488188977
0
LINE
8
BLACK
6
CONTINUOUS
10
3.5348717716535432
20
-2.2273994488188977
11
3.5347029133858268
21
-2.226991811023622
0
LINE
8
BLACK
6
CONTINUOUS
10
3.5347029133858268
20
-2.226991811023622
11
3.5347029133858268
21
-2.2246875590551181
0
LINE
8
BLACK
6
CONTINUOUS
10
3.5347029133858268
20
-2.2246875590551181
11
3.5350845669291338
21
-2.2237662204724411
0
LINE
8
BLACK
6
CONTINUOUS
10
3.5350845669291338
20
-2.2237662204724411
11
3.5355846850393702
21
-2.2225587795275592
0
LINE
8
BLACK
6
CONTINUOUS
10
3.5355846850393702
20
-2.2225587795275592
11
3.5363191338582678
21
-2.2216638582677164
0
LINE
8
BLACK
6
CONTINUOUS
10
3.5363191338582678
20
-2.2216638582677164
11
3.5690791338582675
21
-2.188903818897638
0
LINE
8
BLACK
6
CONTINUOUS
10
3.5690791338582675
20
-2.188903818897638
11
3.571147401574803
21
-2.1826991732283463
0
LINE
8
BLACK
6
CONTINUOUS
10
3.571147401574803
20
-2.1826991732283463
11
3.571147401574803
21
-2.1794272440944882
0
LINE
8
BLACK
6
CONTINUOUS
10
3.571147401574803
20
-2.1794272440944882
11
3.5693872834645668
21
-2.1759070472440944
0
LINE
8
BLACK
6
CONTINUOUS
10
3.5693872834645668
20
-2.1759070472440944
11
3.5679304330708659
21
-2.1744501968503935
0
LINE
8
BLACK
6
CONTINUOUS
10
3.5679304330708659
20
-2.1744501968503935
11
3.5644101968503938
21
-2.1726900787401573
0
LINE
8
BLACK
6
CONTINUOUS
10
3.5644101968503938
20
-2.1726900787401573
11
3.5531376771653544
21
-2.1726900787401573
0
LINE
8
BLACK
6
CONTINUOUS
10
3.5531376771653544
20
-2.1726900787401573
11
3.549617440944882
21
-2.1744501968503935
0
LINE
8
BLACK
6
CONTINUOUS
10
3.549617440944882
20
-2.1744501968503935
11
3.5474829527559053
21
-2.1765846850393702
0
LINE
8
BLACK
6
CONTINUOUS
10
3.5474829527559053
20
-2.1765846850393702
11
3.5465880314960629
21
-2.1773191338582678
0
LINE
8
BLACK
6
CONTINUOUS
10
3.5465880314960629
20
-2.1773191338582678
11
3.5444592125984253
21
-2.1782009055118108
0
LINE
8
BLACK
6
CONTINUOUS
10
3.5444592125984253
20
-2.1782009055118108
11
3.5421550393700785
21
-2.1782009055118108
0
LINE
8
BLACK
6
CONTINUOUS
10
3.5421550393700785
20
-2.1782009055118108
11
3.5400262204724409
21
-2.1773191338582678
0
LINE
8
BLACK
6
CONTINUOUS
10
3.5400262204724409
20
-2.1773191338582678
11
3.5383968503937009
21
-2.1756897637795274
0
LINE
8
BLACK
6
CONTINUOUS
10
3.5383968503937009
20
-2.1756897637795274
11
3.5375150787401575
21
-2.1735609448818898
0
LINE
8
BLACK
6
CONTINUOUS
10
3.5375150787401575
20
-2.1735609448818898
11
3.5375150787401575
21
-2.1712567716535434
0
LINE
8
BLACK
6
CONTINUOUS
10
3.5375150787401575
20
-2.1712567716535434
11
3.5383968503937009
21
-2.1691279527559053
0
LINE
8
BLACK
6
CONTINUOUS
10
3.5383968503937009
20
-2.1691279527559053
11
3.5391312992125985
21
-2.1682330314960629
0
LINE
8
BLACK
6
CONTINUOUS
10
3.5391312992125985
20
-2.1682330314960629
11
3.5419434251968505
21
-2.165420905511811
0
LINE
8
BLACK
6
CONTINUOUS
10
3.5419434251968505
20
-2.165420905511811
11
3.5423962598425196
21
-2.1650492125984253
0
LINE
8
BLACK
6
CONTINUOUS
10
3.5423962598425196
20
-2.1650492125984253
11
3.5424984645669291
21
-2.1649314173228347
0
LINE
8
BLACK
6
CONTINUOUS
10
3.5424984645669291
20
-2.1649314173228347
11
3.5426759842519684
21
-2.1648196456692914
0
LINE
8
BLACK
6
CONTINUOUS
10
3.5426759842519684
20
-2.1648196456692914
11
3.5428383070866141
21
-2.1646864566929134
0
LINE
8
BLACK
6
CONTINUOUS
10
3.5428383070866141
20
-2.1646864566929134
11
3.5429824803149605
21
-2.1646267322834647
0
LINE
8
BLACK
6
CONTINUOUS
10
3.5429824803149605
20
-2.1646267322834647
11
3.5434782283464568
21
-2.1643146850393702
0
LINE
8
BLACK
6
CONTINUOUS
10
3.5434782283464568
20
-2.1643146850393702
11
3.5491025590551182
21
-2.1615025196850395
0
LINE
8
BLACK
6
CONTINUOUS
10
3.5491025590551182
20
-2.1615025196850395
11
3.550183779527559
21
-2.1610887401574801
0
LINE
8
BLACK
6
CONTINUOUS
10
3.550183779527559
20
-2.1610887401574801
11
3.550395472440945
21
-2.1610736614173227
0
LINE
8
BLACK
6
CONTINUOUS
10
3.550395472440945
20
-2.1610736614173227
11
3.5505914566929131
21
-2.1609925196850392
0
LINE
8
BLACK
6
CONTINUOUS
10
3.5505914566929131
20
-2.1609925196850392
11
3.5517435826771653
21
-2.1608790551181101
0
LINE
8
BLACK
6
CONTINUOUS
10
3.5517435826771653
20
-2.1608790551181101
11
3.5658042913385826
21
-2.1608790551181101
0
LINE
8
BLACK
6
CONTINUOUS
10
3.5658042913385826
20
-2.1608790551181101
11
3.5669564173228347
21
-2.1609925196850392
0
LINE
8
BLACK
6
CONTINUOUS
10
3.7047516929133857
20
-2.1609925196850392
11
3.7049477559055117
21
-2.1610737401574802
0
LINE
8
BLACK
6
CONTINUOUS
10
3.7049477559055117
20
-2.1610737401574802
11
3.7051593700787402
21
-2.1610887795275588
0
LINE
8
BLACK
6
CONTINUOUS
10
3.7051593700787402
20
-2.1610887795275588
11
3.706240590551181
21
-2.1615025196850395
0
LINE
8
BLACK
6
CONTINUOUS
10
3.706240590551181
20
-2.1615025196850395
11
3.7118648818897637
21
-2.1643146850393702
0
LINE
8
BLACK
6
CONTINUOUS
10
3.7118648818897637
20
-2.1643146850393702
11
3.7123607480314962
21
-2.1646268110236222
0
LINE
8
BLACK
6
CONTINUOUS
10
3.7123607480314962
20
-2.1646268110236222
11
3.7125047244094489
21
-2.1646864566929134
0
LINE
8
BLACK
6
CONTINUOUS
10
3.7125047244094489
20
-2.1646864566929134
11
3.7126668110236221
21
-2.1648194881889764
0
LINE
8
BLACK
6
CONTINUOUS
10
3.7126668110236221
20
-2.1648194881889764
11
3.7128446456692914
21
-2.1649314173228347
0
LINE
8
BLACK
6
CONTINUOUS
10
3.7128446456692914
20
-2.1649314173228347
11
3.7129468897637796
21
-2.1650492913385828
0
LINE
8
BLACK
6
CONTINUOUS
10
3.7129468897637796
20
-2.1650492913385828
11
3.7133996456692913
21
-2.1654208661417322
0
LINE
8
BLACK
6
CONTINUOUS
10
3.7133996456692913
20
-2.1654208661417322
11
3.716211811023622
21
-2.1682329921259842
0
LINE
8
BLACK
6
CONTINUOUS
10
3.716211811023622
20
-2.1682329921259842
11
3.7165835433070864
21
-2.1686859448818896
0
LINE
8
BLACK
6
CONTINUOUS
10
3.7165835433070864
20
-2.1686859448818896
11
3.716701338582677
21
-2.1687881102362203
0
LINE
8
BLACK
6
CONTINUOUS
10
3.716701338582677
20
-2.1687881102362203
11
3.7168131102362203
21
-2.1689656692913384
0
LINE
8
BLACK
6
CONTINUOUS
10
3.7168131102362203
20
-2.1689656692913384
11
3.7169462598425196
21
-2.1691279133858266
0
LINE
8
BLACK
6
CONTINUOUS
10
3.7169462598425196
20
-2.1691279133858266
11
3.7170059055118108
21
-2.1692719685039368
0
LINE
8
BLACK
6
CONTINUOUS
10
3.7170059055118108
20
-2.1692719685039368
11
3.7173180708661415
21
-2.1697678346456692
0
LINE
8
BLACK
6
CONTINUOUS
10
3.7173180708661415
20
-2.1697678346456692
11
3.7201301968503935
21
-2.1753921653543307
0
LINE
8
BLACK
6
CONTINUOUS
10
3.7201301968503935
20
-2.1753921653543307
11
3.7201623622047242
21
-2.1754762598425197
0
LINE
8
BLACK
6
CONTINUOUS
10
3.7201623622047242
20
-2.1754762598425197
11
3.7201878346456692
21
-2.1755106299212597
0
LINE
8
BLACK
6
CONTINUOUS
10
3.7201878346456692
20
-2.1755106299212597
11
3.7203605118110237
21
-2.1759940551181103
0
LINE
8
BLACK
6
CONTINUOUS
10
3.7203605118110237
20
-2.1759940551181103
11
3.7205439763779529
21
-2.1764733858267715
0
LINE
8
BLACK
6
CONTINUOUS
10
3.7205439763779529
20
-2.1764733858267715
11
3.7205469685039367
21
-2.1765159842519686
0
LINE
8
BLACK
6
CONTINUOUS
10
3.7205469685039367
20
-2.1765159842519686
11
3.7205773228346457
21
-2.1766008661417322
0
LINE
8
BLACK
6
CONTINUOUS
10
3.7205773228346457
20
-2.1766008661417322
11
3.7233894881889764
21
-2.1878494488188975
0
LINE
8
BLACK
6
CONTINUOUS
10
3.7233894881889764
20
-2.1878494488188975
11
3.7234190157480316
21
-2.1880491338582675
0
LINE
8
BLACK
6
CONTINUOUS
10
3.7234190157480316
20
-2.1880491338582675
11
3.7234523622047244
21
-2.1881296456692914
0
LINE
8
BLACK
6
CONTINUOUS
10
3.7234523622047244
20
-2.1881296456692914
11
3.7234950787401573
21
-2.1885634645669292
0
LINE
8
BLACK
6
CONTINUOUS
10
3.7234950787401573
20
-2.1885634645669292
11
3.7235588582677166
21
-2.1889946850393702
0
LINE
8
BLACK
6
CONTINUOUS
10
3.7235588582677166
20
-2.1889946850393702
11
3.7235460236220472
21
-2.1890808267716535
0
LINE
8
BLACK
6
CONTINUOUS
10
3.7235460236220472
20
-2.1890808267716535
11
3.7235658267716536
21
-2.1892817716535431
0
LINE
8
BLACK
6
CONTINUOUS
10
3.7235658267716536
20
-2.1892817716535431
11
3.7235658267716536
21
-2.2033425196850391
0
LINE
8
BLACK
6
CONTINUOUS
10
3.7235658267716536
20
-2.2033425196850391
11
3.7235460236220472
21
-2.2035434251968504
0
LINE
8
BLACK
6
CONTINUOUS
10
3.7235460236220472
20
-2.2035434251968504
11
3.7235588582677166
21
-2.2036296062992125
0
LINE
8
BLACK
6
CONTINUOUS
10
3.7235588582677166
20
-2.2036296062992125
11
3.7234950787401573
21
-2.2040607874015747
0
LINE
8
BLACK
6
CONTINUOUS
10
3.7234950787401573
20
-2.2040607874015747
11
3.7234523622047244
21
-2.2044946456692913
0
LINE
8
BLACK
6
CONTINUOUS
10
3.7234523622047244
20
-2.2044946456692913
11
3.7234190157480316
21
-2.204575118110236
0
LINE
8
BLACK
6
CONTINUOUS
10
3.7234190157480316
20
-2.204575118110236
11
3.7233894881889764
21
-2.2047748425196851
0
LINE
8
BLACK
6
CONTINUOUS
10
3.7233894881889764
20
-2.2047748425196851
11
3.7205773228346457
21
-2.2160234251968505
0
LINE
8
BLACK
6
CONTINUOUS
10
3.7205773228346457
20
-2.2160234251968505
11
3.7205469685039367
21
-2.2161082677165354
0
LINE
8
BLACK
6
CONTINUOUS
10
3.7205469685039367
20
-2.2161082677165354
11
3.7205439763779529
21
-2.2161508661417324
0
LINE
8
BLACK
6
CONTINUOUS
10
3.7205439763779529
20
-2.2161508661417324
11
3.7203606299212599
21
-2.2166298818897636
0
LINE
8
BLACK
6
CONTINUOUS
10
3.7203606299212599
20
-2.2166298818897636
11
3.7201878346456692
21
-2.2171136220472438
0
LINE
8
BLACK
6
CONTINUOUS
10
3.7201878346456692
20
-2.2171136220472438
11
3.7201623622047242
21
-2.2171479527559055
0
LINE
8
BLACK
6
CONTINUOUS
10
3.7201623622047242
20
-2.2171479527559055
11
3.7201301968503935
21
-2.2172320866141733
0
LINE
8
BLACK
6
CONTINUOUS
10
3.7201301968503935
20
-2.2172320866141733
11
3.7173180708661415
21
-2.2228564173228347
0
LINE
8
BLACK
6
CONTINUOUS
10
3.7173180708661415
20
-2.2228564173228347
11
3.7170059842519683
21
-2.2233521259842521
0
LINE
8
BLACK
6
CONTINUOUS
10
3.7170059842519683
20
-2.2233521259842521
11
3.7169462992125983
21
-2.2234962992125982
0
LINE
8
BLACK
6
CONTINUOUS
10
3.7169462992125983
20
-2.2234962992125982
11
3.7168130708661415
21
-2.2236585826771651
0
LINE
8
BLACK
6
CONTINUOUS
10
3.7168130708661415
20
-2.2236585826771651
11
3.716701338582677
21
-2.2238361417322836
0
LINE
8
BLACK
6
CONTINUOUS
10
3.716701338582677
20
-2.2238361417322836
11
3.7165835433070864
21
-2.2239382677165356
0
LINE
8
BLACK
6
CONTINUOUS
10
3.7165835433070864
20
-2.2239382677165356
11
3.7162118503937007
21
-2.224391220472441
0
LINE
8
BLACK
6
CONTINUOUS
10
3.7162118503937007
20
-2.224391220472441
11
3.71339968503937
21
-2.2272033858267717
0
LINE
8
BLACK
6
CONTINUOUS
10
3.71339968503937
20
-2.2272033858267717
11
3.7129468503937009
21
-2.2275749999999999
0
LINE
8
BLACK
6
CONTINUOUS
10
3.7129468503937009
20
-2.2275749999999999
11
3.7128446456692914
21
-2.227692874015748
0
LINE
8
BLACK
6
CONTINUOUS
10
3.7128446456692914
20
-2.227692874015748
11
3.7126669291338583
21
-2.22780468503937
0
LINE
8
BLACK
6
CONTINUOUS
10
3.7126669291338583
20
-2.22780468503937
11
3.7125047637795277
21
-2.2279378346456693
0
LINE
8
BLACK
6
CONTINUOUS
10
3.7125047637795277
20
-2.2279378346456693
11
3.7123606692913387
21
-2.2279974803149605
0
LINE
8
BLACK
6
CONTINUOUS
10
3.7123606692913387
20
-2.2279974803149605
11
3.7118648818897637
21
-2.2283096062992125
0
LINE
8
BLACK
6
CONTINUOUS
10
3.7118648818897637
20
-2.2283096062992125
11
3.706240590551181
21
-2.2311217322834644
0
LINE
8
BLACK
6
CONTINUOUS
10
3.706240590551181
20
-2.2311217322834644
11
3.7051593307086614
21
-2.2315355118110234
0
LINE
8
BLACK
6
CONTINUOUS
10
3.7051593307086614
20
-2.2315355118110234
11
3.7049476771653542
21
-2.2315505118110237
0
LINE
8
BLACK
6
CONTINUOUS
10
3.7049476771653542
20
-2.2315505118110237
11
3.7047516929133857
21
-2.2316317322834647
0
LINE
8
BLACK
6
CONTINUOUS
10
3.7047516929133857
20
-2.2316317322834647
11
3.7035995669291339
21
-2.2317451968503939
0
LINE
8
BLACK
6
CONTINUOUS
10
3.7035995669291339
20
-2.2317451968503939
11
3.6979752755905513
21
-2.2317451968503939
0
LINE
8
BLACK
6
CONTINUOUS
10
3.6979752755905513
20
-2.2317451968503939
11
3.6968231496062991
21
-2.2316317322834647
0
LINE
8
BLACK
6
CONTINUOUS
10
3.6968231496062991
20
-2.2316317322834647
11
3.6966271259842518
21
-2.2315505118110237
0
LINE
8
BLACK
6
CONTINUOUS
10
3.6966271259842518
20
-2.2315505118110237
11
3.6964155118110233
21
-2.2315355118110234
0
LINE
8
BLACK
6
CONTINUOUS
10
3.6964155118110233
20
-2.2315355118110234
11
3.6953342913385825
21
-2.2311217322834644
0
LINE
8
BLACK
6
CONTINUOUS
10
3.6953342913385825
20
-2.2311217322834644
11
3.6897099606299211
21
-2.2283096062992125
0
LINE
8
BLACK
6
CONTINUOUS
10
3.6897099606299211
20
-2.2283096062992125
11
3.6892142125984253
21
-2.2279975196850392
0
LINE
8
BLACK
6
CONTINUOUS
10
3.6892142125984253
20
-2.2279975196850392
11
3.6890700787401576
21
-2.2279378346456693
0
LINE
8
BLACK
6
CONTINUOUS
10
3.6890700787401576
20
-2.2279378346456693
11
3.6889077559055119
21
-2.2278046062992125
0
LINE
8
BLACK
6
CONTINUOUS
10
3.6889077559055119
20
-2.2278046062992125
11
3.6887302362204721
21
-2.227692874015748
0
LINE
8
BLACK
6
CONTINUOUS
10
3.6887302362204721
20
-2.227692874015748
11
3.6886280708661419
21
-2.2275750787401574
0
LINE
8
BLACK
6
CONTINUOUS
10
3.6886280708661419
20
-2.2275750787401574
11
3.6881751574803148
21
-2.2272033858267717
0
LINE
8
BLACK
6
CONTINUOUS
10
3.6881751574803148
20
-2.2272033858267717
11
3.6853629921259841
21
-2.224391220472441
0
LINE
8
BLACK
6
CONTINUOUS
10
3.6853629921259841
20
-2.224391220472441
11
3.6849913385826771
21
-2.2239383858267714
0
LINE
8
BLACK
6
CONTINUOUS
10
3.6849913385826771
20
-2.2239383858267714
11
3.6848735039370077
21
-2.2238361811023624
0
LINE
8
BLACK
6
CONTINUOUS
10
3.6848735039370077
20
-2.2238361811023624
11
3.684761653543307
21
-2.2236584645669293
0
LINE
8
BLACK
6
CONTINUOUS
10
3.684761653543307
20
-2.2236584645669293
11
3.6846285433070864
21
-2.2234962992125982
0
LINE
8
BLACK
6
CONTINUOUS
10
3.6846285433070864
20
-2.2234962992125982
11
3.6845688582677165
21
-2.2233522047244092
0
LINE
8
BLACK
6
CONTINUOUS
10
3.6845688582677165
20
-2.2233522047244092
11
3.6842567716535433
21
-2.2228564173228347
0
LINE
8
BLACK
6
CONTINUOUS
10
3.6842567716535433
20
-2.2228564173228347
11
3.6814446062992126
21
-2.217232125984252
0
LINE
8
BLACK
6
CONTINUOUS
10
3.6814446062992126
20
-2.217232125984252
11
3.6814123228346456
21
-2.2171478346456692
0
LINE
8
BLACK
6
CONTINUOUS
10
3.6814123228346456
20
-2.2171478346456692
11
3.6813869685039369
21
-2.2171135826771655
0
LINE
8
BLACK
6
CONTINUOUS
10
3.6813869685039369
20
-2.2171135826771655
11
3.681214251968504
21
-2.2166301968503936
0
LINE
8
BLACK
6
CONTINUOUS
10
3.681214251968504
20
-2.2166301968503936
11
3.6810308661417324
21
-2.2161509055118112
0
LINE
8
BLACK
6
CONTINUOUS
10
3.6810308661417324
20
-2.2161509055118112
11
3.6810278346456693
21
-2.2161083464566929
0
LINE
8
BLACK
6
CONTINUOUS
10
3.6810278346456693
20
-2.2161083464566929
11
3.6809974803149608
21
-2.2160233858267717
0
LINE
8
BLACK
6
CONTINUOUS
10
3.6809974803149608
20
-2.2160233858267717
11
3.6781853543307084
21
-2.2047748031496064
0
LINE
8
BLACK
6
CONTINUOUS
10
3.6781853543307084
20
-2.2047748031496064
11
3.6781558267716536
21
-2.204575118110236
0
LINE
8
BLACK
6
CONTINUOUS
10
3.6781558267716536
20
-2.204575118110236
11
3.6781224803149604
21
-2.2044946456692913
0
LINE
8
BLACK
6
CONTINUOUS
10
3.6781224803149604
20
-2.2044946456692913
11
3.6780797244094487
21
-2.2040606692913385
0
LINE
8
BLACK
6
CONTINUOUS
10
3.6780797244094487
20
-2.2040606692913385
11
3.6780159842519686
21
-2.2036295669291337
0
LINE
8
BLACK
6
CONTINUOUS
10
3.6780159842519686
20
-2.2036295669291337
11
3.6780287795275588
21
-2.2035434251968504
0
LINE
8
BLACK
6
CONTINUOUS
10
3.6780287795275588
20
-2.2035434251968504
11
3.6780090157480316
21
-2.2033425196850391
0
LINE
8
BLACK
6
CONTINUOUS
10
3.6780090157480316
20
-2.2033425196850391
11
3.6780090157480316
21
-2.1892817716535431
0
LINE
8
BLACK
6
CONTINUOUS
10
3.6780090157480316
20
-2.1892817716535431
11
3.6780287795275588
21
-2.1890808267716535
0
LINE
8
BLACK
6
CONTINUOUS
10
3.6780287795275588
20
-2.1890808267716535
11
3.6780159842519686
21
-2.188994724409449
0
LINE
8
BLACK
6
CONTINUOUS
10
3.6780159842519686
20
-2.188994724409449
11
3.6780797244094487
21
-2.1885635826771654
0
LINE
8
BLACK
6
CONTINUOUS
10
3.6780797244094487
20
-2.1885635826771654
11
3.6781224803149604
21
-2.1881296456692914
0
LINE
8
BLACK
6
CONTINUOUS
10
3.6781224803149604
20
-2.1881296456692914
11
3.6781558267716536
21
-2.1880491338582675
0
LINE
8
BLACK
6
CONTINUOUS
10
3.6781558267716536
20
-2.1880491338582675
11
3.6781853543307084
21
-2.1878494881889763
0
LINE
8
BLACK
6
CONTINUOUS
10
3.6781853543307084
20
-2.1878494881889763
11
3.6809974803149608
21
-2.1766008661417322
0
LINE
8
BLACK
6
CONTINUOUS
10
3.6809974803149608
20
-2.1766008661417322
11
3.6810278346456693
21
-2.1765158661417323
0
LINE
8
BLACK
6
CONTINUOUS
10
3.6810278346456693
20
-2.1765158661417323
11
3.6810308661417324
21
-2.1764733464566928
0
LINE
8
BLACK
6
CONTINUOUS
10
3.6810308661417324
20
-2.1764733464566928
11
3.681214251968504
21
-2.1759940157480315
0
LINE
8
BLACK
6
CONTINUOUS
10
3.681214251968504
20
-2.1759940157480315
11
3.6813869685039369
21
-2.1755106692913384
0
LINE
8
BLACK
6
CONTINUOUS
10
3.6813869685039369
20
-2.1755106692913384
11
3.6814123228346456
21
-2.1754763779527559
0
LINE
8
BLACK
6
CONTINUOUS
10
3.6814123228346456
20
-2.1754763779527559
11
3.6814446062992126
21
-2.1753921259842519
0
LINE
8
BLACK
6
CONTINUOUS
10
3.6814446062992126
20
-2.1753921259842519
11
3.6842567716535433
21
-2.1697678346456692
0
LINE
8
BLACK
6
CONTINUOUS
10
3.6842567716535433
20
-2.1697678346456692
11
3.6845688976377953
21
-2.169271929133858
0
LINE
8
BLACK
6
CONTINUOUS
10
3.6845688976377953
20
-2.169271929133858
11
3.6846285826771652
21
-2.1691279133858266
0
LINE
8
BLACK
6
CONTINUOUS
10
3.6846285826771652
20
-2.1691279133858266
11
3.6847616141732282
21
-2.1689657874015746
0
LINE
8
BLACK
6
CONTINUOUS
10
3.6847616141732282
20
-2.1689657874015746
11
3.6848735039370077
21
-2.1687880708661416
0
LINE
8
BLACK
6
CONTINUOUS
10
3.6848735039370077
20
-2.1687880708661416
11
3.6849913779527559
21
-2.1686858267716533
0
LINE
8
BLACK
6
CONTINUOUS
10
3.6849913779527559
20
-2.1686858267716533
11
3.6853630314960628
21
-2.1682329921259842
0
LINE
8
BLACK
6
CONTINUOUS
10
3.6853630314960628
20
-2.1682329921259842
11
3.6881751968503935
21
-2.1654208661417322
0
LINE
8
BLACK
6
CONTINUOUS
10
3.6881751968503935
20
-2.1654208661417322
11
3.6886279527559056
21
-2.1650492519685041
0
LINE
8
BLACK
6
CONTINUOUS
10
3.6886279527559056
20
-2.1650492519685041
11
3.6887301968503938
21
-2.1649314173228347
0
LINE
8
BLACK
6
CONTINUOUS
10
3.6887301968503938
20
-2.1649314173228347
11
3.6889078346456694
21
-2.1648195669291339
0
LINE
8
BLACK
6
CONTINUOUS
10
3.6889078346456694
20
-2.1648195669291339
11
3.6890700787401576
21
-2.1646864566929134
0
LINE
8
BLACK
6
CONTINUOUS
10
3.6890700787401576
20
-2.1646864566929134
11
3.6892141338582678
21
-2.1646267716535434
0
LINE
8
BLACK
6
CONTINUOUS
10
3.6892141338582678
20
-2.1646267716535434
11
3.6897099606299211
21
-2.1643146850393702
0
LINE
8
BLACK
6
CONTINUOUS
10
3.6897099606299211
20
-2.1643146850393702
11
3.695334212598425
21
-2.1615025196850395
0
LINE
8
BLACK
6
CONTINUOUS
10
3.695334212598425
20
-2.1615025196850395
11
3.6964154724409446
21
-2.1610887795275588
0
LINE
8
BLACK
6
CONTINUOUS
10
3.6964154724409446
20
-2.1610887795275588
11
3.6966270472440943
21
-2.1610737401574802
0
LINE
8
BLACK
6
CONTINUOUS
10
3.6966270472440943
20
-2.1610737401574802
11
3.6968231496062991
21
-2.1609925196850392
0
LINE
8
BLACK
6
CONTINUOUS
10
3.6968231496062991
20
-2.1609925196850392
11
3.6979752755905513
21
-2.1608790551181101
0
LINE
8
BLACK
6
CONTINUOUS
10
3.6979752755905513
20
-2.1608790551181101
11
3.7035995669291339
21
-2.1608790551181101
0
LINE
8
BLACK
6
CONTINUOUS
10
3.7035995669291339
20
-2.1608790551181101
11
3.7047516929133857
21
-2.1609925196850392
0
LINE
8
BLACK
6
CONTINUOUS
10
3.6958491338582675
20
-2.1744501968503935
11
3.6943922834645671
21
-2.1759070078740157
0
LINE
8
BLACK
6
CONTINUOUS
10
3.6943922834645671
20
-2.1759070078740157
11
3.6922985433070865
21
-2.1800944094488188
0
LINE
8
BLACK
6
CONTINUOUS
10
3.6922985433070865
20
-2.1800944094488188
11
3.6898200393700789
21
-2.1900086614173229
0
LINE
8
BLACK
6
CONTINUOUS
10
3.6898200393700789
20
-2.1900086614173229
11
3.6898200393700789
21
-2.2026155905511811
0
LINE
8
BLACK
6
CONTINUOUS
10
3.6898200393700789
20
-2.2026155905511811
11
3.6922985433070865
21
-2.2125298031496063
0
LINE
8
BLACK
6
CONTINUOUS
10
3.6922985433070865
20
-2.2125298031496063
11
3.6943922834645671
21
-2.2167172047244095
0
LINE
8
BLACK
6
CONTINUOUS
10
3.6943922834645671
20
-2.2167172047244095
11
3.6958491338582675
21
-2.2181740551181104
0
LINE
8
BLACK
6
CONTINUOUS
10
3.6958491338582675
20
-2.2181740551181104
11
3.69936937007874
21
-2.2199341732283462
0
LINE
8
BLACK
6
CONTINUOUS
10
3.69936937007874
20
-2.2199341732283462
11
3.7022054724409448
21
-2.2199341732283462
0
LINE
8
BLACK
6
CONTINUOUS
10
3.7022054724409448
20
-2.2199341732283462
11
3.7057256299212598
21
-2.2181740944881891
0
LINE
8
BLACK
6
CONTINUOUS
10
3.7057256299212598
20
-2.2181740944881891
11
3.7071825196850394
21
-2.2167172047244095
0
LINE
8
BLACK
6
CONTINUOUS
10
3.7071825196850394
20
-2.2167172047244095
11
3.709276181102362
21
-2.2125298818897638
0
LINE
8
BLACK
6
CONTINUOUS
10
3.709276181102362
20
-2.2125298818897638
11
3.7117548031496064
21
-2.2026155511811023
0
LINE
8
BLACK
6
CONTINUOUS
10
3.7117548031496064
20
-2.2026155511811023
11
3.7117548031496064
21
-2.1900087007874016
0
LINE
8
BLACK
6
CONTINUOUS
10
3.7117548031496064
20
-2.1900087007874016
11
3.709276181102362
21
-2.1800943700787401
0
LINE
8
BLACK
6
CONTINUOUS
10
3.709276181102362
20
-2.1800943700787401
11
3.7071825590551182
21
-2.1759070472440944
0
LINE
8
BLACK
6
CONTINUOUS
10
3.7071825590551182
20
-2.1759070472440944
11
3.7057257086614173
21
-2.1744501968503935
0
LINE
8
BLACK
6
CONTINUOUS
10
3.7057257086614173
20
-2.1744501968503935
11
3.7022054724409448
21
-2.1726900787401573
0
LINE
8
BLACK
6
CONTINUOUS
10
3.7022054724409448
20
-2.1726900787401573
11
3.69936937007874
21
-2.1726900787401573
0
LINE
8
BLACK
6
CONTINUOUS
10
3.69936937007874
20
-2.1726900787401573
11
3.6958491338582675
21
-2.1744501968503935
0
LINE
8
BLACK
6
CONTINUOUS
10
3.7609946456692911
20
-2.1609925196850392
11
3.7611907086614171
21
-2.1610737401574802
0
LINE
8
BLACK
6
CONTINUOUS
10
3.7611907086614171
20
-2.1610737401574802
11
3.7614023228346456
21
-2.1610887795275588
0
LINE
8
BLACK
6
CONTINUOUS
10
3.7614023228346456
20
-2.1610887795275588
11
3.7624835433070865
21
-2.1615025196850395
0
LINE
8
BLACK
6
CONTINUOUS
10
3.7624835433070865
20
-2.1615025196850395
11
3.7681078346456691
21
-2.1643146850393702
0
LINE
8
BLACK
6
CONTINUOUS
10
3.7681078346456691
20
-2.1643146850393702
11
3.7686037007874016
21
-2.1646268110236222
0
LINE
8
BLACK
6
CONTINUOUS
10
3.7686037007874016
20
-2.1646268110236222
11
3.7687476771653543
21
-2.1646864566929134
0
LINE
8
BLACK
6
CONTINUOUS
10
3.7687476771653543
20
-2.1646864566929134
11
3.7689097637795275
21
-2.1648194881889764
0
LINE
8
BLACK
6
CONTINUOUS
10
3.7689097637795275
20
-2.1648194881889764
11
3.7690875984251968
21
-2.1649314173228347
0
LINE
8
BLACK
6
CONTINUOUS
10
3.7690875984251968
20
-2.1649314173228347
11
3.769189842519685
21
-2.1650492913385828
0
LINE
8
BLACK
6
CONTINUOUS
10
3.769189842519685
20
-2.1650492913385828
11
3.7696425984251967
21
-2.1654208661417322
0
LINE
8
BLACK
6
CONTINUOUS
10
3.7696425984251967
20
-2.1654208661417322
11
3.7724547637795274
21
-2.1682329921259842
0
LINE
8
BLACK
6
CONTINUOUS
10
3.7724547637795274
20
-2.1682329921259842
11
3.7728264960629923
21
-2.1686859448818896
0
LINE
8
BLACK
6
CONTINUOUS
10
3.7728264960629923
20
-2.1686859448818896
11
3.7729442913385824
21
-2.1687881102362203
0
LINE
8
BLACK
6
CONTINUOUS
10
3.7729442913385824
20
-2.1687881102362203
11
3.7730560629921257
21
-2.1689656692913384
0
LINE
8
BLACK
6
CONTINUOUS
10
3.7730560629921257
20
-2.1689656692913384
11
3.773189212598425
21
-2.1691279133858266
0
LINE
8
BLACK
6
CONTINUOUS
10
3.773189212598425
20
-2.1691279133858266
11
3.7732488582677166
21
-2.1692719685039368
0
LINE
8
BLACK
6
CONTINUOUS
10
3.7732488582677166
20
-2.1692719685039368
11
3.7735610236220474
21
-2.1697678346456692
0
LINE
8
BLACK
6
CONTINUOUS
10
3.7735610236220474
20
-2.1697678346456692
11
3.7763731496062993
21
-2.1753921653543307
0
LINE
8
BLACK
6
CONTINUOUS
10
3.7763731496062993
20
-2.1753921653543307
11
3.77640531496063
21
-2.1754762598425197
0
LINE
8
BLACK
6
CONTINUOUS
10
3.77640531496063
20
-2.1754762598425197
11
3.7764307874015746
21
-2.1755106299212597
0
LINE
8
BLACK
6
CONTINUOUS
10
3.7764307874015746
20
-2.1755106299212597
11
3.7766034645669291
21
-2.1759940551181103
0
LINE
8
BLACK
6
CONTINUOUS
10
3.7766034645669291
20
-2.1759940551181103
11
3.7767869291338583
21
-2.1764733858267715
0
LINE
8
BLACK
6
CONTINUOUS
10
3.7767869291338583
20
-2.1764733858267715
11
3.7767899212598426
21
-2.1765159842519686
0
LINE
8
BLACK
6
CONTINUOUS
10
3.7767899212598426
20
-2.1765159842519686
11
3.7768202755905511
21
-2.1766008661417322
0
LINE
8
BLACK
6
CONTINUOUS
10
3.7768202755905511
20
-2.1766008661417322
11
3.7796324409448818
21
-2.1878494488188975
0
LINE
8
BLACK
6
CONTINUOUS
10
3.7796324409448818
20
-2.1878494488188975
11
3.779661968503937
21
-2.1880491338582675
0
LINE
8
BLACK
6
CONTINUOUS
10
3.779661968503937
20
-2.1880491338582675
11
3.7796953149606298
21
-2.1881296456692914
0
LINE
8
BLACK
6
CONTINUOUS
10
3.7796953149606298
20
-2.1881296456692914
11
3.7797380314960627
21
-2.1885634645669292
0
LINE
8
BLACK
6
CONTINUOUS
10
3.7797380314960627
20
-2.1885634645669292
11
3.779801811023622
21
-2.1889946850393702
0
LINE
8
BLACK
6
CONTINUOUS
10
3.779801811023622
20
-2.1889946850393702
11
3.7797889763779526
21
-2.1890808267716535
0
LINE
8
BLACK
6
CONTINUOUS
10
3.7797889763779526
20
-2.1890808267716535
11
3.779808779527559
21
-2.1892817716535431
0
LINE
8
BLACK
6
CONTINUOUS
10
3.779808779527559
20
-2.1892817716535431
11
3.779808779527559
21
-2.2033425196850391
0
LINE
8
BLACK
6
CONTINUOUS
10
3.779808779527559
20
-2.2033425196850391
11
3.7797889763779526
21
-2.2035434251968504
0
LINE
8
BLACK
6
CONTINUOUS
10
3.7797889763779526
20
-2.2035434251968504
11
3.779801811023622
21
-2.2036296062992125
0
LINE
8
BLACK
6
CONTINUOUS
10
3.779801811023622
20
-2.2036296062992125
11
3.7797380314960627
21
-2.2040607874015747
0
LINE
8
BLACK
6
CONTINUOUS
10
3.7797380314960627
20
-2.2040607874015747
11
3.7796953149606298
21
-2.2044946456692913
0
LINE
8
BLACK
6
CONTINUOUS
10
3.7796953149606298
20
-2.2044946456692913
11
3.779661968503937
21
-2.204575118110236
0
LINE
8
BLACK
6
CONTINUOUS
10
3.779661968503937
20
-2.204575118110236
11
3.7796324409448818
21
-2.2047748425196851
0
LINE
8
BLACK
6
CONTINUOUS
10
3.7796324409448818
20
-2.2047748425196851
11
3.7768202755905511
21
-2.2160234251968505
0
LINE
8
BLACK
6
CONTINUOUS
10
3.7768202755905511
20
-2.2160234251968505
11
3.7767899212598426
21
-2.2161082677165354
0
LINE
8
BLACK
6
CONTINUOUS
10
3.7767899212598426
20
-2.2161082677165354
11
3.7767869291338583
21
-2.2161508661417324
0
LINE
8
BLACK
6
CONTINUOUS
10
3.7767869291338583
20
-2.2161508661417324
11
3.7766035826771653
21
-2.2166298818897636
0
LINE
8
BLACK
6
CONTINUOUS
10
3.7766035826771653
20
-2.2166298818897636
11
3.7764307874015746
21
-2.2171136220472438
0
LINE
8
BLACK
6
CONTINUOUS
10
3.7764307874015746
20
-2.2171136220472438
11
3.77640531496063
21
-2.2171479527559055
0
LINE
8
BLACK
6
CONTINUOUS
10
3.77640531496063
20
-2.2171479527559055
11
3.7763731496062993
21
-2.2172320866141733
0
LINE
8
BLACK
6
CONTINUOUS
10
3.7763731496062993
20
-2.2172320866141733
11
3.7735610236220474
21
-2.2228564173228347
0
LINE
8
BLACK
6
CONTINUOUS
10
3.7735610236220474
20
-2.2228564173228347
11
3.7732489370078741
21
-2.2233521259842521
0
LINE
8
BLACK
6
CONTINUOUS
10
3.7732489370078741
20
-2.2233521259842521
11
3.7731892519685037
21
-2.2234962992125982
0
LINE
8
BLACK
6
CONTINUOUS
10
3.7731892519685037
20
-2.2234962992125982
11
3.773056023622047
21
-2.2236585826771651
0
LINE
8
BLACK
6
CONTINUOUS
10
3.773056023622047
20
-2.2236585826771651
11
3.7729442913385824
21
-2.2238361417322836
0
LINE
8
BLACK
6
CONTINUOUS
10
3.7729442913385824
20
-2.2238361417322836
11
3.7728264960629923
21
-2.2239382677165356
0
LINE
8
BLACK
6
CONTINUOUS
10
3.7728264960629923
20
-2.2239382677165356
11
3.7724548031496061
21
-2.224391220472441
0
LINE
8
BLACK
6
CONTINUOUS
10
3.7724548031496061
20
-2.224391220472441
11
3.7696426377952754
21
-2.2272033858267717
0
LINE
8
BLACK
6
CONTINUOUS
10
3.7696426377952754
20
-2.2272033858267717
11
3.7691898031496063
21
-2.2275749999999999
0
LINE
8
BLACK
6
CONTINUOUS
10
3.7691898031496063
20
-2.2275749999999999
11
3.7690875984251968
21
-2.227692874015748
0
LINE
8
BLACK
6
CONTINUOUS
10
3.7690875984251968
20
-2.227692874015748
11
3.7689098818897637
21
-2.22780468503937
0
LINE
8
BLACK
6
CONTINUOUS
10
3.7689098818897637
20
-2.22780468503937
11
3.7687477165354331
21
-2.2279378346456693
0
LINE
8
BLACK
6
CONTINUOUS
10
3.7687477165354331
20
-2.2279378346456693
11
3.7686036220472441
21
-2.2279974803149605
0
LINE
8
BLACK
6
CONTINUOUS
10
3.7686036220472441
20
-2.2279974803149605
11
3.7681078346456691
21
-2.2283096062992125
0
LINE
8
BLACK
6
CONTINUOUS
10
3.7681078346456691
20
-2.2283096062992125
11
3.7624835433070865
21
-2.2311217322834644
0
LINE
8
BLACK
6
CONTINUOUS
10
3.7624835433070865
20
-2.2311217322834644
11
3.7614022834645668
21
-2.2315355118110234
0
LINE
8
BLACK
6
CONTINUOUS
10
3.7614022834645668
20
-2.2315355118110234
11
3.7611906299212596
21
-2.2315505118110237
0
LINE
8
BLACK
6
CONTINUOUS
10
3.7611906299212596
20
-2.2315505118110237
11
3.7609946456692911
21
-2.2316317322834647
0
LINE
8
BLACK
6
CONTINUOUS
10
3.7609946456692911
20
-2.2316317322834647
11
3.7598425196850394
21
-2.2317451968503939
0
LINE
8
BLACK
6
CONTINUOUS
10
3.7598425196850394
20
-2.2317451968503939
11
3.7542182283464567
21
-2.2317451968503939
0
LINE
8
BLACK
6
CONTINUOUS
10
3.7542182283464567
20
-2.2317451968503939
11
3.7530661023622045
21
-2.2316317322834647
0
LINE
8
BLACK
6
CONTINUOUS
10
3.7530661023622045
20
-2.2316317322834647
11
3.7528700787401572
21
-2.2315505118110237
0
LINE
8
BLACK
6
CONTINUOUS
10
3.7528700787401572
20
-2.2315505118110237
11
3.7526584645669292
21
-2.2315355118110234
0
LINE
8
BLACK
6
CONTINUOUS
10
3.7526584645669292
20
-2.2315355118110234
11
3.7515772440944879
21
-2.2311217322834644
0
LINE
8
BLACK
6
CONTINUOUS
10
3.7515772440944879
20
-2.2311217322834644
11
3.7459529133858265
21
-2.2283096062992125
0
LINE
8
BLACK
6
CONTINUOUS
10
3.7459529133858265
20
-2.2283096062992125
11
3.7454571653543307
21
-2.2279975196850392
0
LINE
8
BLACK
6
CONTINUOUS
10
3.7454571653543307
20
-2.2279975196850392
11
3.745313031496063
21
-2.2279378346456693
0
LINE
8
BLACK
6
CONTINUOUS
10
3.745313031496063
20
-2.2279378346456693
11
3.7451507086614173
21
-2.2278046062992125
0
LINE
8
BLACK
6
CONTINUOUS
10
3.7451507086614173
20
-2.2278046062992125
11
3.744973188976378
21
-2.227692874015748
0
LINE
8
BLACK
6
CONTINUOUS
10
3.744973188976378
20
-2.227692874015748
11
3.7448710236220473
21
-2.2275750787401574
0
LINE
8
BLACK
6
CONTINUOUS
10
3.7448710236220473
20
-2.2275750787401574
11
3.7444181102362202
21
-2.2272033858267717
0
LINE
8
BLACK
6
CONTINUOUS
10
3.7444181102362202
20
-2.2272033858267717
11
3.7416059448818895
21
-2.224391220472441
0
LINE
8
BLACK
6
CONTINUOUS
10
3.7416059448818895
20
-2.224391220472441
11
3.7412342913385825
21
-2.2239383858267714
0
LINE
8
BLACK
6
CONTINUOUS
10
3.7412342913385825
20
-2.2239383858267714
11
3.7411164566929132
21
-2.2238361811023624
0
LINE
8
BLACK
6
CONTINUOUS
10
3.7411164566929132
20
-2.2238361811023624
11
3.7410046062992124
21
-2.2236584645669293
0
LINE
8
BLACK
6
CONTINUOUS
10
3.7410046062992124
20
-2.2236584645669293
11
3.7408714960629919
21
-2.2234962992125982
0
LINE
8
BLACK
6
CONTINUOUS
10
3.7408714960629919
20
-2.2234962992125982
11
3.7408118110236219
21
-2.2233522047244092
0
LINE
8
BLACK
6
CONTINUOUS
10
3.7408118110236219
20
-2.2233522047244092
11
3.7404997244094487
21
-2.2228564173228347
0
LINE
8
BLACK
6
CONTINUOUS
10
3.7404997244094487
20
-2.2228564173228347
11
3.737687559055118
21
-2.217232125984252
0
LINE
8
BLACK
6
CONTINUOUS
10
3.737687559055118
20
-2.217232125984252
11
3.737655275590551
21
-2.2171478346456692
0
LINE
8
BLACK
6
CONTINUOUS
10
3.737655275590551
20
-2.2171478346456692
11
3.7376299212598423
21
-2.2171135826771655
0
LINE
8
BLACK
6
CONTINUOUS
10
3.7376299212598423
20
-2.2171135826771655
11
3.7374572047244095
21
-2.2166301968503936
0
LINE
8
BLACK
6
CONTINUOUS
10
3.7374572047244095
20
-2.2166301968503936
11
3.7372738188976378
21
-2.2161509055118112
0
LINE
8
BLACK
6
CONTINUOUS
10
3.7372738188976378
20
-2.2161509055118112
11
3.7372707874015747
21
-2.2161083464566929
0
LINE
8
BLACK
6
CONTINUOUS
10
3.7372707874015747
20
-2.2161083464566929
11
3.7372404330708662
21
-2.2160233858267717
0
LINE
8
BLACK
6
CONTINUOUS
10
3.7372404330708662
20
-2.2160233858267717
11
3.7344283070866142
21
-2.2047748031496064
0
LINE
8
BLACK
6
CONTINUOUS
10
3.7344283070866142
20
-2.2047748031496064
11
3.7343987795275591
21
-2.204575118110236
0
LINE
8
BLACK
6
CONTINUOUS
10
3.7343987795275591
20
-2.204575118110236
11
3.7343654330708662
21
-2.2044946456692913
0
LINE
8
BLACK
6
CONTINUOUS
10
3.7343654330708662
20
-2.2044946456692913
11
3.7343226771653542
21
-2.2040606692913385
0
LINE
8
BLACK
6
CONTINUOUS
10
3.7343226771653542
20
-2.2040606692913385
11
3.734258937007874
21
-2.2036295669291337
0
LINE
8
BLACK
6
CONTINUOUS
10
3.734258937007874
20
-2.2036295669291337
11
3.7342717322834647
21
-2.2035434251968504
0
LINE
8
BLACK
6
CONTINUOUS
10
3.7342717322834647
20
-2.2035434251968504
11
3.734251968503937
21
-2.2033425196850391
0
LINE
8
BLACK
6
CONTINUOUS
10
3.734251968503937
20
-2.2033425196850391
11
3.734251968503937
21
-2.1892817716535431
0
LINE
8
BLACK
6
CONTINUOUS
10
3.734251968503937
20
-2.1892817716535431
11
3.7342717322834647
21
-2.1890808267716535
0
LINE
8
BLACK
6
CONTINUOUS
10
3.7342717322834647
20
-2.1890808267716535
11
3.734258937007874
21
-2.188994724409449
0
LINE
8
BLACK
6
CONTINUOUS
10
3.734258937007874
20
-2.188994724409449
11
3.7343226771653542
21
-2.1885635826771654
0
LINE
8
BLACK
6
CONTINUOUS
10
3.7343226771653542
20
-2.1885635826771654
11
3.7343654330708662
21
-2.1881296456692914
0
LINE
8
BLACK
6
CONTINUOUS
10
3.7343654330708662
20
-2.1881296456692914
11
3.7343987795275591
21
-2.1880491338582675
0
LINE
8
BLACK
6
CONTINUOUS
10
3.7343987795275591
20
-2.1880491338582675
11
3.7344283070866142
21
-2.1878494881889763
0
LINE
8
BLACK
6
CONTINUOUS
10
3.7344283070866142
20
-2.1878494881889763
11
3.7372404330708662
21
-2.1766008661417322
0
LINE
8
BLACK
6
CONTINUOUS
10
3.7372404330708662
20
-2.1766008661417322
11
3.7372707874015747
21
-2.1765158661417323
0
LINE
8
BLACK
6
CONTINUOUS
10
3.7372707874015747
20
-2.1765158661417323
11
3.7372738188976378
21
-2.1764733464566928
0
LINE
8
BLACK
6
CONTINUOUS
10
3.7372738188976378
20
-2.1764733464566928
11
3.7374572047244095
21
-2.1759940157480315
0
LINE
8
BLACK
6
CONTINUOUS
10
3.7374572047244095
20
-2.1759940157480315
11
3.7376299212598423
21
-2.1755106692913384
0
LINE
8
BLACK
6
CONTINUOUS
10
3.7376299212598423
20
-2.1755106692913384
11
3.737655275590551
21
-2.1754763779527559
0
LINE
8
BLACK
6
CONTINUOUS
10
3.737655275590551
20
-2.1754763779527559
11
3.737687559055118
21
-2.1753921259842519
0
LINE
8
BLACK
6
CONTINUOUS
10
3.737687559055118
20
-2.1753921259842519
11
3.7404997244094487
21
-2.1697678346456692
0
LINE
8
BLACK
6
CONTINUOUS
10
3.7404997244094487
20
-2.1697678346456692
11
3.7408118503937007
21
-2.169271929133858
0
LINE
8
BLACK
6
CONTINUOUS
10
3.7408118503937007
20
-2.169271929133858
11
3.7408715354330706
21
-2.1691279133858266
0
LINE
8
BLACK
6
CONTINUOUS
10
3.7408715354330706
20
-2.1691279133858266
11
3.7410045669291336
21
-2.1689657874015746
0
LINE
8
BLACK
6
CONTINUOUS
10
3.7410045669291336
20
-2.1689657874015746
11
3.7411164566929132
21
-2.1687880708661416
0
LINE
8
BLACK
6
CONTINUOUS
10
3.7411164566929132
20
-2.1687880708661416
11
3.7412343307086613
21
-2.1686858267716533
0
LINE
8
BLACK
6
CONTINUOUS
10
3.7412343307086613
20
-2.1686858267716533
11
3.7416059842519682
21
-2.1682329921259842
0
LINE
8
BLACK
6
CONTINUOUS
10
3.7416059842519682
20
-2.1682329921259842
11
3.7444181496062989
21
-2.1654208661417322
0
LINE
8
BLACK
6
CONTINUOUS
10
3.7444181496062989
20
-2.1654208661417322
11
3.744870905511811
21
-2.1650492519685041
0
LINE
8
BLACK
6
CONTINUOUS
10
3.744870905511811
20
-2.1650492519685041
11
3.7449731496062992
21
-2.1649314173228347
0
LINE
8
BLACK
6
CONTINUOUS
10
3.7449731496062992
20
-2.1649314173228347
11
3.7451507874015748
21
-2.1648195669291339
0
LINE
8
BLACK
6
CONTINUOUS
10
3.7451507874015748
20
-2.1648195669291339
11
3.745313031496063
21
-2.1646864566929134
0
LINE
8
BLACK
6
CONTINUOUS
10
3.745313031496063
20
-2.1646864566929134
11
3.7454570866141732
21
-2.1646267716535434
0
LINE
8
BLACK
6
CONTINUOUS
10
3.7454570866141732
20
-2.1646267716535434
11
3.7459529133858265
21
-2.1643146850393702
0
LINE
8
BLACK
6
CONTINUOUS
10
3.7459529133858265
20
-2.1643146850393702
11
3.7515771653543308
21
-2.1615025196850395
0
LINE
8
BLACK
6
CONTINUOUS
10
3.7515771653543308
20
-2.1615025196850395
11
3.7526584251968504
21
-2.1610887795275588
0
LINE
8
BLACK
6
CONTINUOUS
10
3.7526584251968504
20
-2.1610887795275588
11
3.7528699999999997
21
-2.1610737401574802
0
LINE
8
BLACK
6
CONTINUOUS
10
3.7528699999999997
20
-2.1610737401574802
11
3.7530661023622045
21
-2.1609925196850392
0
LINE
8
BLACK
6
CONTINUOUS
10
3.7530661023622045
20
-2.1609925196850392
11
3.7542182283464567
21
-2.1608790551181101
0
LINE
8
BLACK
6
CONTINUOUS
10
3.7542182283464567
20
-2.1608790551181101
11
3.7598425196850394
21
-2.1608790551181101
0
LINE
8
BLACK
6
CONTINUOUS
10
3.7598425196850394
20
-2.1608790551181101
11
3.7609946456692911
21
-2.1609925196850392
0
LINE
8
BLACK
6
CONTINUOUS
10
3.7520920866141729
20
-2.1744501968503935
11
3.7506352362204725
21
-2.1759070078740157
0
LINE
8
BLACK
6
CONTINUOUS
10
3.7506352362204725
20
-2.1759070078740157
11
3.7485414960629919
21
-2.1800944094488188
0
LINE
8
BLACK
6
CONTINUOUS
10
3.7485414960629919
20
-2.1800944094488188
11
3.7460629921259843
21
-2.1900086614173229
0
LINE
8
BLACK
6
CONTINUOUS
10
3.7460629921259843
20
-2.1900086614173229
11
3.7460629921259843
21
-2.2026155905511811
0
LINE
8
BLACK
6
CONTINUOUS
10
3.7460629921259843
20
-2.2026155905511811
11
3.7485414960629919
21
-2.2125298031496063
0
LINE
8
BLACK
6
CONTINUOUS
10
3.7485414960629919
20
-2.2125298031496063
11
3.7506352362204725
21
-2.2167172047244095
0
LINE
8
BLACK
6
CONTINUOUS
10
3.7506352362204725
20
-2.2167172047244095
11
3.7520920866141729
21
-2.2181740551181104
0
LINE
8
BLACK
6
CONTINUOUS
10
3.7520920866141729
20
-2.2181740551181104
11
3.7556123228346454
21
-2.2199341732283462
0
LINE
8
BLACK
6
CONTINUOUS
10
3.7556123228346454
20
-2.2199341732283462
11
3.7584484251968502
21
-2.2199341732283462
0
LINE
8
BLACK
6
CONTINUOUS
10
3.7584484251968502
20
-2.2199341732283462
11
3.7619685826771652
21
-2.2181740944881891
0
LINE
8
BLACK
6
CONTINUOUS
10
3.7619685826771652
20
-2.2181740944881891
11
3.7634254724409448
21
-2.2167172047244095
0
LINE
8
BLACK
6
CONTINUOUS
10
3.7634254724409448
20
-2.2167172047244095
11
3.7655191338582674
21
-2.2125298818897638
0
LINE
8
BLACK
6
CONTINUOUS
10
3.7655191338582674
20
-2.2125298818897638
11
3.7679977559055118
21
-2.2026155511811023
0
LINE
8
BLACK
6
CONTINUOUS
10
3.7679977559055118
20
-2.2026155511811023
11
3.7679977559055118
21
-2.1900087007874016
0
LINE
8
BLACK
6
CONTINUOUS
10
3.7679977559055118
20
-2.1900087007874016
11
3.7655191338582674
21
-2.1800943700787401
0
LINE
8
BLACK
6
CONTINUOUS
10
3.7655191338582674
20
-2.1800943700787401
11
3.7634255118110236
21
-2.1759070472440944
0
LINE
8
BLACK
6
CONTINUOUS
10
3.7634255118110236
20
-2.1759070472440944
11
3.7619686614173227
21
-2.1744501968503935
0
LINE
8
BLACK
6
CONTINUOUS
10
3.7619686614173227
20
-2.1744501968503935
11
3.7584484251968502
21
-2.1726900787401573
0
LINE
8
BLACK
6
CONTINUOUS
10
3.7584484251968502
20
-2.1726900787401573
11
3.7556123228346454
21
-2.1726900787401573
0
LINE
8
BLACK
6
CONTINUOUS
10
3.7556123228346454
20
-2.1726900787401573
11
3.7520920866141729
21
-2.1744501968503935
0
LINE
8
BLACK
6
CONTINUOUS
10
3.8172375984251969
20
-2.1609925196850392
11
3.8174336614173225
21
-2.1610737401574802
0
LINE
8
BLACK
6
CONTINUOUS
10
3.8174336614173225
20
-2.1610737401574802
11
3.817645275590551
21
-2.1610887795275588
0
LINE
8
BLACK
6
CONTINUOUS
10
3.817645275590551
20
-2.1610887795275588
11
3.8187264960629919
21
-2.1615025196850395
0
LINE
8
BLACK
6
CONTINUOUS
10
3.8187264960629919
20
-2.1615025196850395
11
3.8243507874015745
21
-2.1643146850393702
0
LINE
8
BLACK
6
CONTINUOUS
10
3.8243507874015745
20
-2.1643146850393702
11
3.824846653543307
21
-2.1646268110236222
0
LINE
8
BLACK
6
CONTINUOUS
10
3.824846653543307
20
-2.1646268110236222
11
3.8249906299212597
21
-2.1646864566929134
0
LINE
8
BLACK
6
CONTINUOUS
10
3.8249906299212597
20
-2.1646864566929134
11
3.8251527165354329
21
-2.1648194881889764
0
LINE
8
BLACK
6
CONTINUOUS
10
3.8251527165354329
20
-2.1648194881889764
11
3.8253305511811022
21
-2.1649314173228347
0
LINE
8
BLACK
6
CONTINUOUS
10
3.8253305511811022
20
-2.1649314173228347
11
3.8254327952755904
21
-2.1650492913385828
0
LINE
8
BLACK
6
CONTINUOUS
10
3.8254327952755904
20
-2.1650492913385828
11
3.8258855511811021
21
-2.1654208661417322
0
LINE
8
BLACK
6
CONTINUOUS
10
3.8258855511811021
20
-2.1654208661417322
11
3.8286977165354328
21
-2.1682329921259842
0
LINE
8
BLACK
6
CONTINUOUS
10
3.8286977165354328
20
-2.1682329921259842
11
3.8290694488188977
21
-2.1686859448818896
0
LINE
8
BLACK
6
CONTINUOUS
10
3.8290694488188977
20
-2.1686859448818896
11
3.8291872440944883
21
-2.1687881102362203
0
LINE
8
BLACK
6
CONTINUOUS
10
3.8291872440944883
20
-2.1687881102362203
11
3.8292990157480316
21
-2.1689656692913384
0
LINE
8
BLACK
6
CONTINUOUS
10
3.8292990157480316
20
-2.1689656692913384
11
3.8294321653543308
21
-2.1691279133858266
0
LINE
8
BLACK
6
CONTINUOUS
10
3.8294321653543308
20
-2.1691279133858266
11
3.829491811023622
21
-2.1692719685039368
0
LINE
8
BLACK
6
CONTINUOUS
10
3.829491811023622
20
-2.1692719685039368
11
3.8298039763779528
21
-2.1697678346456692
0
LINE
8
BLACK
6
CONTINUOUS
10
3.8298039763779528
20
-2.1697678346456692
11
3.8326161023622047
21
-2.1753921653543307
0
LINE
8
BLACK
6
CONTINUOUS
10
3.8326161023622047
20
-2.1753921653543307
11
3.8326482677165354
21
-2.1754762598425197
0
LINE
8
BLACK
6
CONTINUOUS
10
3.8326482677165354
20
-2.1754762598425197
11
3.8326737401574804
21
-2.1755106299212597
0
LINE
8
BLACK
6
CONTINUOUS
10
3.8326737401574804
20
-2.1755106299212597
11
3.8328464173228345
21
-2.1759940551181103
0
LINE
8
BLACK
6
CONTINUOUS
10
3.8328464173228345
20
-2.1759940551181103
11
3.8330298818897637
21
-2.1764733858267715
0
LINE
8
BLACK
6
CONTINUOUS
10
3.8330298818897637
20
-2.1764733858267715
11
3.833032874015748
21
-2.1765159842519686
0
LINE
8
BLACK
6
CONTINUOUS
10
3.833032874015748
20
-2.1765159842519686
11
3.8330632283464565
21
-2.1766008661417322
0
LINE
8
BLACK
6
CONTINUOUS
10
3.8330632283464565
20
-2.1766008661417322
11
3.8358753937007872
21
-2.1878494488188975
0
LINE
8
BLACK
6
CONTINUOUS
10
3.8358753937007872
20
-2.1878494488188975
11
3.8359049212598424
21
-2.1880491338582675
0
LINE
8
BLACK
6
CONTINUOUS
10
3.8359049212598424
20
-2.1880491338582675
11
3.8359382677165352
21
-2.1881296456692914
0
LINE
8
BLACK
6
CONTINUOUS
10
3.8359382677165352
20
-2.1881296456692914
11
3.8359809842519685
21
-2.1885634645669292
0
LINE
8
BLACK
6
CONTINUOUS
10
3.8359809842519685
20
-2.1885634645669292
11
3.8360447637795274
21
-2.1889946850393702
0
LINE
8
BLACK
6
CONTINUOUS
10
3.8360447637795274
20
-2.1889946850393702
11
3.836031929133858
21
-2.1890808267716535
0
LINE
8
BLACK
6
CONTINUOUS
10
3.836031929133858
20
-2.1890808267716535
11
3.8360517322834644
21
-2.1892817716535431
0
LINE
8
BLACK
6
CONTINUOUS
10
3.8360517322834644
20
-2.1892817716535431
11
3.8360517322834644
21
-2.2033425196850391
0
LINE
8
BLACK
6
CONTINUOUS
10
3.8360517322834644
20
-2.2033425196850391
11
3.836031929133858
21
-2.2035434251968504
0
LINE
8
BLACK
6
CONTINUOUS
10
3.836031929133858
20
-2.2035434251968504
11
3.8360447637795274
21
-2.2036296062992125
0
LINE
8
BLACK
6
CONTINUOUS
10
3.8360447637795274
20
-2.2036296062992125
11
3.8359809842519685
21
-2.2040607874015747
0
LINE
8
BLACK
6
CONTINUOUS
10
3.8359809842519685
20
-2.2040607874015747
11
3.8359382677165352
21
-2.2044946456692913
0
LINE
8
BLACK
6
CONTINUOUS
10
3.8359382677165352
20
-2.2044946456692913
11
3.8359049212598424
21
-2.204575118110236
0
LINE
8
BLACK
6
CONTINUOUS
10
3.8359049212598424
20
-2.204575118110236
11
3.8358753937007872
21
-2.2047748425196851
0
LINE
8
BLACK
6
CONTINUOUS
10
3.8358753937007872
20
-2.2047748425196851
11
3.8330632283464565
21
-2.2160234251968505
0
LINE
8
BLACK
6
CONTINUOUS
10
3.8330632283464565
20
-2.2160234251968505
11
3.833032874015748
21
-2.2161082677165354
0
LINE
8
BLACK
6
CONTINUOUS
10
3.833032874015748
20
-2.2161082677165354
11
3.8330298818897637
21
-2.2161508661417324
0
LINE
8
BLACK
6
CONTINUOUS
10
3.8330298818897637
20
-2.2161508661417324
11
3.8328465354330707
21
-2.2166298818897636
0
LINE
8
BLACK
6
CONTINUOUS
10
3.8328465354330707
20
-2.2166298818897636
11
3.8326737401574804
21
-2.2171136220472438
0
LINE
8
BLACK
6
CONTINUOUS
10
3.8326737401574804
20
-2.2171136220472438
11
3.8326482677165354
21
-2.2171479527559055
0
LINE
8
BLACK
6
CONTINUOUS
10
3.8326482677165354
20
-2.2171479527559055
11
3.8326161023622047
21
-2.2172320866141733
0
LINE
8
BLACK
6
CONTINUOUS
10
3.8326161023622047
20
-2.2172320866141733
11
3.8298039763779528
21
-2.2228564173228347
0
LINE
8
BLACK
6
CONTINUOUS
10
3.8298039763779528
20
-2.2228564173228347
11
3.8294918897637795
21
-2.2233521259842521
0
LINE
8
BLACK
6
CONTINUOUS
10
3.8294918897637795
20
-2.2233521259842521
11
3.8294322047244092
21
-2.2234962992125982
0
LINE
8
BLACK
6
CONTINUOUS
10
3.8294322047244092
20
-2.2234962992125982
11
3.8292989763779528
21
-2.2236585826771651
0
LINE
8
BLACK
6
CONTINUOUS
10
3.8292989763779528
20
-2.2236585826771651
11
3.8291872440944883
21
-2.2238361417322836
0
LINE
8
BLACK
6
CONTINUOUS
10
3.8291872440944883
20
-2.2238361417322836
11
3.8290694488188977
21
-2.2239382677165356
0
LINE
8
BLACK
6
CONTINUOUS
10
3.8290694488188977
20
-2.2239382677165356
11
3.8286977559055115
21
-2.224391220472441
0
LINE
8
BLACK
6
CONTINUOUS
10
3.8286977559055115
20
-2.224391220472441
11
3.8258855905511808
21
-2.2272033858267717
0
LINE
8
BLACK
6
CONTINUOUS
10
3.8258855905511808
20
-2.2272033858267717
11
3.8254327559055117
21
-2.2275749999999999
0
LINE
8
BLACK
6
CONTINUOUS
10
3.8254327559055117
20
-2.2275749999999999
11
3.8253305511811022
21
-2.227692874015748
0
LINE
8
BLACK
6
CONTINUOUS
10
3.8253305511811022
20
-2.227692874015748
11
3.8251528346456691
21
-2.22780468503937
0
LINE
8
BLACK
6
CONTINUOUS
10
3.8251528346456691
20
-2.22780468503937
11
3.8249906692913385
21
-2.2279378346456693
0
LINE
8
BLACK
6
CONTINUOUS
10
3.8249906692913385
20
-2.2279378346456693
11
3.8248465748031495
21
-2.2279974803149605
0
LINE
8
BLACK
6
CONTINUOUS
10
3.8248465748031495
20
-2.2279974803149605
11
3.8243507874015745
21
-2.2283096062992125
0
LINE
8
BLACK
6
CONTINUOUS
10
3.8243507874015745
20
-2.2283096062992125
11
3.8187264960629919
21
-2.2311217322834644
0
LINE
8
BLACK
6
CONTINUOUS
10
3.8187264960629919
20
-2.2311217322834644
11
3.8176452362204722
21
-2.2315355118110234
0
LINE
8
BLACK
6
CONTINUOUS
10
3.8176452362204722
20
-2.2315355118110234
11
3.8174335826771655
21
-2.2315505118110237
0
LINE
8
BLACK
6
CONTINUOUS
10
3.8174335826771655
20
-2.2315505118110237
11
3.8172375984251969
21
-2.2316317322834647
0
LINE
8
BLACK
6
CONTINUOUS
10
3.8172375984251969
20
-2.2316317322834647
11
3.8160854724409448
21
-2.2317451968503939
0
LINE
8
BLACK
6
CONTINUOUS
10
3.8160854724409448
20
-2.2317451968503939
11
3.8104611811023621
21
-2.2317451968503939
0
LINE
8
BLACK
6
CONTINUOUS
10
3.8104611811023621
20
-2.2317451968503939
11
3.8093090551181104
21
-2.2316317322834647
0
LINE
8
BLACK
6
CONTINUOUS
10
3.8093090551181104
20
-2.2316317322834647
11
3.8091130314960631
21
-2.2315505118110237
0
LINE
8
BLACK
6
CONTINUOUS
10
3.8091130314960631
20
-2.2315505118110237
11
3.8089014173228346
21
-2.2315355118110234
0
LINE
8
BLACK
6
CONTINUOUS
10
3.8089014173228346
20
-2.2315355118110234
11
3.8078201968503937
21
-2.2311217322834644
0
LINE
8
BLACK
6
CONTINUOUS
10
3.8078201968503937
20
-2.2311217322834644
11
3.8021958661417323
21
-2.2283096062992125
0
LINE
8
BLACK
6
CONTINUOUS
10
3.8021958661417323
20
-2.2283096062992125
11
3.8017001181102361
21
-2.2279975196850392
0
LINE
8
BLACK
6
CONTINUOUS
10
3.8017001181102361
20
-2.2279975196850392
11
3.8015559842519684
21
-2.2279378346456693
0
LINE
8
BLACK
6
CONTINUOUS
10
3.8015559842519684
20
-2.2279378346456693
11
3.8013936614173227
21
-2.2278046062992125
0
LINE
8
BLACK
6
CONTINUOUS
10
3.8013936614173227
20
-2.2278046062992125
11
3.8012161417322834
21
-2.227692874015748
0
LINE
8
BLACK
6
CONTINUOUS
10
3.8012161417322834
20
-2.227692874015748
11
3.8011139763779527
21
-2.2275750787401574
0
LINE
8
BLACK
6
CONTINUOUS
10
3.8011139763779527
20
-2.2275750787401574
11
3.800661062992126
21
-2.2272033858267717
0
LINE
8
BLACK
6
CONTINUOUS
10
3.800661062992126
20
-2.2272033858267717
11
3.7978488976377953
21
-2.224391220472441
0
LINE
8
BLACK
6
CONTINUOUS
10
3.7978488976377953
20
-2.224391220472441
11
3.7974772440944879
21
-2.2239383858267714
0
LINE
8
BLACK
6
CONTINUOUS
10
3.7974772440944879
20
-2.2239383858267714
11
3.797359409448819
21
-2.2238361811023624
0
LINE
8
BLACK
6
CONTINUOUS
10
3.797359409448819
20
-2.2238361811023624
11
3.7972475590551182
21
-2.2236584645669293
0
LINE
8
BLACK
6
CONTINUOUS
10
3.7972475590551182
20
-2.2236584645669293
11
3.7971144488188977
21
-2.2234962992125982
0
LINE
8
BLACK
6
CONTINUOUS
10
3.7971144488188977
20
-2.2234962992125982
11
3.7970547637795273
21
-2.2233522047244092
0
LINE
8
BLACK
6
CONTINUOUS
10
3.7970547637795273
20
-2.2233522047244092
11
3.7967426771653541
21
-2.2228564173228347
0
LINE
8
BLACK
6
CONTINUOUS
10
3.7967426771653541
20
-2.2228564173228347
11
3.7939305118110234
21
-2.217232125984252
0
LINE
8
BLACK
6
CONTINUOUS
10
3.7939305118110234
20
-2.217232125984252
11
3.7938982283464564
21
-2.2171478346456692
0
LINE
8
BLACK
6
CONTINUOUS
10
3.7938982283464564
20
-2.2171478346456692
11
3.7938728740157481
21
-2.2171135826771655
0
LINE
8
BLACK
6
CONTINUOUS
10
3.7938728740157481
20
-2.2171135826771655
11
3.7937001574803149
21
-2.2166301968503936
0
LINE
8
BLACK
6
CONTINUOUS
10
3.7937001574803149
20
-2.2166301968503936
11
3.7935167716535432
21
-2.2161509055118112
0
LINE
8
BLACK
6
CONTINUOUS
10
3.7935167716535432
20
-2.2161509055118112
11
3.7935137401574801
21
-2.2161083464566929
0
LINE
8
BLACK
6
CONTINUOUS
10
3.7935137401574801
20
-2.2161083464566929
11
3.7934833858267716
21
-2.2160233858267717
0
LINE
8
BLACK
6
CONTINUOUS
10
3.7934833858267716
20
-2.2160233858267717
11
3.7906712598425196
21
-2.2047748031496064
0
LINE
8
BLACK
6
CONTINUOUS
10
3.7906712598425196
20
-2.2047748031496064
11
3.7906417322834645
21
-2.204575118110236
0
LINE
8
BLACK
6
CONTINUOUS
10
3.7906417322834645
20
-2.204575118110236
11
3.7906083858267716
21
-2.2044946456692913
0
LINE
8
BLACK
6
CONTINUOUS
10
3.7906083858267716
20
-2.2044946456692913
11
3.7905656299212596
21
-2.2040606692913385
0
LINE
8
BLACK
6
CONTINUOUS
10
3.7905656299212596
20
-2.2040606692913385
11
3.7905018897637794
21
-2.2036295669291337
0
LINE
8
BLACK
6
CONTINUOUS
10
3.7905018897637794
20
-2.2036295669291337
11
3.7905146850393701
21
-2.2035434251968504
0
LINE
8
BLACK
6
CONTINUOUS
10
3.7905146850393701
20
-2.2035434251968504
11
3.7904949212598424
21
-2.2033425196850391
0
LINE
8
BLACK
6
CONTINUOUS
10
3.7904949212598424
20
-2.2033425196850391
11
3.7904949212598424
21
-2.1892817716535431
0
LINE
8
BLACK
6
CONTINUOUS
10
3.7904949212598424
20
-2.1892817716535431
11
3.7905146850393701
21
-2.1890808267716535
0
LINE
8
BLACK
6
CONTINUOUS
10
3.7905146850393701
20
-2.1890808267716535
11
3.7905018897637794
21
-2.188994724409449
0
LINE
8
BLACK
6
CONTINUOUS
10
3.7905018897637794
20
-2.188994724409449
11
3.7905656299212596
21
-2.1885635826771654
0
LINE
8
BLACK
6
CONTINUOUS
10
3.7905656299212596
20
-2.1885635826771654
11
3.7906083858267716
21
-2.1881296456692914
0
LINE
8
BLACK
6
CONTINUOUS
10
3.7906083858267716
20
-2.1881296456692914
11
3.7906417322834645
21
-2.1880491338582675
0
LINE
8
BLACK
6
CONTINUOUS
10
3.7906417322834645
20
-2.1880491338582675
11
3.7906712598425196
21
-2.1878494881889763
0
LINE
8
BLACK
6
CONTINUOUS
10
3.7906712598425196
20
-2.1878494881889763
11
3.7934833858267716
21
-2.1766008661417322
0
LINE
8
BLACK
6
CONTINUOUS
10
3.7934833858267716
20
-2.1766008661417322
11
3.7935137401574801
21
-2.1765158661417323
0
LINE
8
BLACK
6
CONTINUOUS
10
3.7935137401574801
20
-2.1765158661417323
11
3.7935167716535432
21
-2.1764733464566928
0
LINE
8
BLACK
6
CONTINUOUS
10
3.7935167716535432
20
-2.1764733464566928
11
3.7937001574803149
21
-2.1759940157480315
0
LINE
8
BLACK
6
CONTINUOUS
10
3.7937001574803149
20
-2.1759940157480315
11
3.7938728740157481
21
-2.1755106692913384
0
LINE
8
BLACK
6
CONTINUOUS
10
3.7938728740157481
20
-2.1755106692913384
11
3.7938982283464564
21
-2.1754763779527559
0
LINE
8
BLACK
6
CONTINUOUS
10
3.7938982283464564
20
-2.1754763779527559
11
3.7939305118110234
21
-2.1753921259842519
0
LINE
8
BLACK
6
CONTINUOUS
10
3.7939305118110234
20
-2.1753921259842519
11
3.7967426771653541
21
-2.1697678346456692
0
LINE
8
BLACK
6
CONTINUOUS
10
3.7967426771653541
20
-2.1697678346456692
11
3.7970548031496061
21
-2.169271929133858
0
LINE
8
BLACK
6
CONTINUOUS
10
3.7970548031496061
20
-2.169271929133858
11
3.7971144881889765
21
-2.1691279133858266
0
LINE
8
BLACK
6
CONTINUOUS
10
3.7971144881889765
20
-2.1691279133858266
11
3.7972475196850395
21
-2.1689657874015746
0
LINE
8
BLACK
6
CONTINUOUS
10
3.7972475196850395
20
-2.1689657874015746
11
3.797359409448819
21
-2.1687880708661416
0
LINE
8
BLACK
6
CONTINUOUS
10
3.797359409448819
20
-2.1687880708661416
11
3.7974772834645667
21
-2.1686858267716533
0
LINE
8
BLACK
6
CONTINUOUS
10
3.7974772834645667
20
-2.1686858267716533
11
3.7978489370078741
21
-2.1682329921259842
0
LINE
8
BLACK
6
CONTINUOUS
10
3.7978489370078741
20
-2.1682329921259842
11
3.8006611023622048
21
-2.1654208661417322
0
LINE
8
BLACK
6
CONTINUOUS
10
3.8006611023622048
20
-2.1654208661417322
11
3.8011138582677164
21
-2.1650492519685041
0
LINE
8
BLACK
6
CONTINUOUS
10
3.8011138582677164
20
-2.1650492519685041
11
3.8012161023622046
21
-2.1649314173228347
0
LINE
8
BLACK
6
CONTINUOUS
10
3.8012161023622046
20
-2.1649314173228347
11
3.8013937401574802
21
-2.1648195669291339
0
LINE
8
BLACK
6
CONTINUOUS
10
3.8013937401574802
20
-2.1648195669291339
11
3.8015559842519684
21
-2.1646864566929134
0
LINE
8
BLACK
6
CONTINUOUS
10
3.8015559842519684
20
-2.1646864566929134
11
3.8017000393700786
21
-2.1646267716535434
0
LINE
8
BLACK
6
CONTINUOUS
10
3.8017000393700786
20
-2.1646267716535434
11
3.8021958661417323
21
-2.1643146850393702
0
LINE
8
BLACK
6
CONTINUOUS
10
3.8021958661417323
20
-2.1643146850393702
11
3.8078201181102362
21
-2.1615025196850395
0
LINE
8
BLACK
6
CONTINUOUS
10
3.8078201181102362
20
-2.1615025196850395
11
3.8089013779527559
21
-2.1610887795275588
0
LINE
8
BLACK
6
CONTINUOUS
10
3.8089013779527559
20
-2.1610887795275588
11
3.8091129527559056
21
-2.1610737401574802
0
LINE
8
BLACK
6
CONTINUOUS
10
3.8091129527559056
20
-2.1610737401574802
11
3.8093090551181104
21
-2.1609925196850392
0
LINE
8
BLACK
6
CONTINUOUS
10
3.8093090551181104
20
-2.1609925196850392
11
3.8104611811023621
21
-2.1608790551181101
0
LINE
8
BLACK
6
CONTINUOUS
10
3.8104611811023621
20
-2.1608790551181101
11
3.8160854724409448
21
-2.1608790551181101
0
LINE
8
BLACK
6
CONTINUOUS
10
3.8160854724409448
20
-2.1608790551181101
11
3.8172375984251969
21
-2.1609925196850392
0
LINE
8
BLACK
6
CONTINUOUS
10
3.8083350393700788
20
-2.1744501968503935
11
3.8068781889763779
21
-2.1759070078740157
0
LINE
8
BLACK
6
CONTINUOUS
10
3.8068781889763779
20
-2.1759070078740157
11
3.8047844488188978
21
-2.1800944094488188
0
LINE
8
BLACK
6
CONTINUOUS
10
3.8047844488188978
20
-2.1800944094488188
11
3.8023059448818897
21
-2.1900086614173229
0
LINE
8
BLACK
6
CONTINUOUS
10
3.8023059448818897
20
-2.1900086614173229
11
3.8023059448818897
21
-2.2026155905511811
0
LINE
8
BLACK
6
CONTINUOUS
10
3.8023059448818897
20
-2.2026155905511811
11
3.8047844488188978
21
-2.2125298031496063
0
LINE
8
BLACK
6
CONTINUOUS
10
3.8047844488188978
20
-2.2125298031496063
11
3.8068781889763779
21
-2.2167172047244095
0
LINE
8
BLACK
6
CONTINUOUS
10
3.8068781889763779
20
-2.2167172047244095
11
3.8083350393700788
21
-2.2181740551181104
0
LINE
8
BLACK
6
CONTINUOUS
10
3.8083350393700788
20
-2.2181740551181104
11
3.8118552755905513
21
-2.2199341732283462
0
LINE
8
BLACK
6
CONTINUOUS
10
3.8118552755905513
20
-2.2199341732283462
11
3.814691377952756
21
-2.2199341732283462
0
LINE
8
BLACK
6
CONTINUOUS
10
3.814691377952756
20
-2.2199341732283462
11
3.8182115354330706
21
-2.2181740944881891
0
LINE
8
BLACK
6
CONTINUOUS
10
3.8182115354330706
20
-2.2181740944881891
11
3.8196684251968502
21
-2.2167172047244095
0
LINE
8
BLACK
6
CONTINUOUS
10
3.8196684251968502
20
-2.2167172047244095
11
3.8217620866141733
21
-2.2125298818897638
0
LINE
8
BLACK
6
CONTINUOUS
10
3.8217620866141733
20
-2.2125298818897638
11
3.8242407086614172
21
-2.2026155511811023
0
LINE
8
BLACK
6
CONTINUOUS
10
3.8242407086614172
20
-2.2026155511811023
11
3.8242407086614172
21
-2.1900087007874016
0
LINE
8
BLACK
6
CONTINUOUS
10
3.8242407086614172
20
-2.1900087007874016
11
3.8217620866141733
21
-2.1800943700787401
0
LINE
8
BLACK
6
CONTINUOUS
10
3.8217620866141733
20
-2.1800943700787401
11
3.819668464566929
21
-2.1759070472440944
0
LINE
8
BLACK
6
CONTINUOUS
10
3.819668464566929
20
-2.1759070472440944
11
3.8182116141732281
21
-2.1744501968503935
0
LINE
8
BLACK
6
CONTINUOUS
10
3.8182116141732281
20
-2.1744501968503935
11
3.814691377952756
21
-2.1726900787401573
0
LINE
8
BLACK
6
CONTINUOUS
10
3.814691377952756
20
-2.1726900787401573
11
3.8118552755905513
21
-2.1726900787401573
0
LINE
8
BLACK
6
CONTINUOUS
10
3.8118552755905513
20
-2.1726900787401573
11
3.8083350393700788
21
-2.1744501968503935
0
LINE
8
BLACK
6
CONTINUOUS
10
3.6043961023622044
20
-2.2147885826771652
11
3.6056431102362203
21
-2.2153051181102361
0
LINE
8
BLACK
6
CONTINUOUS
10
3.6056431102362203
20
-2.2153051181102361
11
3.6065380314960631
21
-2.2160395669291337
0
LINE
8
BLACK
6
CONTINUOUS
10
3.6065380314960631
20
-2.2160395669291337
11
3.6093501968503938
21
-2.2188517322834644
0
LINE
8
BLACK
6
CONTINUOUS
10
3.6093501968503938
20
-2.2188517322834644
11
3.6100846456692914
21
-2.2197466535433072
0
LINE
8
BLACK
6
CONTINUOUS
10
3.6100846456692914
20
-2.2197466535433072
11
3.6109664173228344
21
-2.2218754724409449
0
LINE
8
BLACK
6
CONTINUOUS
10
3.6109664173228344
20
-2.2218754724409449
11
3.6109664173228344
21
-2.2241796456692913
0
LINE
8
BLACK
6
CONTINUOUS
10
3.6109664173228344
20
-2.2241796456692913
11
3.6100846456692914
21
-2.2263084645669289
0
LINE
8
BLACK
6
CONTINUOUS
10
3.6100846456692914
20
-2.2263084645669289
11
3.6100846062992127
21
-2.2263085039370076
0
LINE
8
BLACK
6
CONTINUOUS
10
3.6100846062992127
20
-2.2263085039370076
11
3.6093501574803151
21
-2.2272034251968504
0
LINE
8
BLACK
6
CONTINUOUS
10
3.6093501574803151
20
-2.2272034251968504
11
3.6065379921259844
21
-2.2300155511811024
0
LINE
8
BLACK
6
CONTINUOUS
10
3.6065379921259844
20
-2.2300155511811024
11
3.6056432677165353
21
-2.2307497637795275
0
LINE
8
BLACK
6
CONTINUOUS
10
3.6056432677165353
20
-2.2307497637795275
11
3.6056431102362203
21
-2.2307499606299213
0
LINE
8
BLACK
6
CONTINUOUS
10
3.6056431102362203
20
-2.2307499606299213
11
3.6051114566929132
21
-2.2309701574803151
0
LINE
8
BLACK
6
CONTINUOUS
10
3.6051114566929132
20
-2.2309701574803151
11
3.6035143307086615
21
-2.2316317322834647
0
LINE
8
BLACK
6
CONTINUOUS
10
3.6035143307086615
20
-2.2316317322834647
11
3.6012100787401575
21
-2.2316317322834647
0
LINE
8
BLACK
6
CONTINUOUS
10
3.6012100787401575
20
-2.2316317322834647
11
3.5999630314960629
21
-2.231115157480315
0
LINE
8
BLACK
6
CONTINUOUS
10
3.5999630314960629
20
-2.231115157480315
11
3.5990812598425195
21
-2.2307499606299213
0
LINE
8
BLACK
6
CONTINUOUS
10
3.5990812598425195
20
-2.2307499606299213
11
3.5981863779527559
21
-2.2300155118110236
0
LINE
8
BLACK
6
CONTINUOUS
10
3.5981863779527559
20
-2.2300155118110236
11
3.5953742519685039
21
-2.2272033858267717
0
LINE
8
BLACK
6
CONTINUOUS
10
3.5953742519685039
20
-2.2272033858267717
11
3.5946398031496063
21
-2.2263084645669289
0
LINE
8
BLACK
6
CONTINUOUS
10
3.5946398031496063
20
-2.2263084645669289
11
3.5938456692913383
21
-2.224391220472441
0
LINE
8
BLACK
6
CONTINUOUS
10
3.5938456692913383
20
-2.224391220472441
11
3.5937580314960629
21
-2.22417968503937
0
LINE
8
BLACK
6
CONTINUOUS
10
3.5937580314960629
20
-2.22417968503937
11
3.5937580314960629
21
-2.2218755118110236
0
LINE
8
BLACK
6
CONTINUOUS
10
3.5937580314960629
20
-2.2218755118110236
11
3.5938457086614171
21
-2.2216638582677164
0
LINE
8
BLACK
6
CONTINUOUS
10
3.5938457086614171
20
-2.2216638582677164
11
3.5946398031496063
21
-2.2197466535433072
0
LINE
8
BLACK
6
CONTINUOUS
10
3.5946398031496063
20
-2.2197466535433072
11
3.5946399606299213
21
-2.2197464566929135
0
LINE
8
BLACK
6
CONTINUOUS
10
3.5946399606299213
20
-2.2197464566929135
11
3.5953742125984252
21
-2.2188517716535432
0
LINE
8
BLACK
6
CONTINUOUS
10
3.5953742125984252
20
-2.2188517716535432
11
3.5981863385826771
21
-2.2160396062992125
0
LINE
8
BLACK
6
CONTINUOUS
10
3.5981863385826771
20
-2.2160396062992125
11
3.5990812598425195
21
-2.2153051574803149
0
LINE
8
BLACK
6
CONTINUOUS
10
3.5990812598425195
20
-2.2153051574803149
11
3.5990812992125982
21
-2.2153051181102361
0
LINE
8
BLACK
6
CONTINUOUS
10
3.5990812992125982
20
-2.2153051181102361
11
3.6003283070866141
21
-2.2147885826771652
0
LINE
8
BLACK
6
CONTINUOUS
10
3.6003283070866141
20
-2.2147885826771652
11
3.6012100787401575
21
-2.2144233464566927
0
LINE
8
BLACK
6
CONTINUOUS
10
3.6012100787401575
20
-2.2144233464566927
11
3.6035143307086615
21
-2.2144233464566927
0
LINE
8
BLACK
6
CONTINUOUS
10
3.6035143307086615
20
-2.2144233464566927
11
3.6043961023622044
21
-2.2147885826771652
0
LINE
8
BLACK
6
CONTINUOUS
10
3.6446569291338582
20
-2.1588419685039368
11
3.6463976377952756
21
-2.1603517322834644
0
LINE
8
BLACK
6
CONTINUOUS
10
3.6463976377952756
20
-2.1603517322834644
11
3.6474281102362203
21
-2.1624126377952755
0
LINE
8
BLACK
6
CONTINUOUS
10
3.6474281102362203
20
-2.1624126377952755
11
3.6475914566929135
21
-2.1647110629921258
0
LINE
8
BLACK
6
CONTINUOUS
10
3.6475914566929135
20
-2.1647110629921258
11
3.6473347637795275
21
-2.165839960629921
0
LINE
8
BLACK
6
CONTINUOUS
10
3.6473347637795275
20
-2.165839960629921
11
3.6358649999999999
21
-2.2002491338582675
0
LINE
8
BLACK
6
CONTINUOUS
10
3.6358649999999999
20
-2.2002491338582675
11
3.6498875590551179
21
-2.2002491338582675
0
LINE
8
BLACK
6
CONTINUOUS
10
3.6498875590551179
20
-2.2002491338582675
11
3.6498875590551179
21
-2.1864696062992124
0
LINE
8
BLACK
6
CONTINUOUS
10
3.6498875590551179
20
-2.1864696062992124
11
3.650001023622047
21
-2.1853174803149606
0
LINE
8
BLACK
6
CONTINUOUS
10
3.650001023622047
20
-2.1853174803149606
11
3.6508828346456692
21
-2.1831886614173226
0
LINE
8
BLACK
6
CONTINUOUS
10
3.6508828346456692
20
-2.1831886614173226
11
3.6525121259842517
21
-2.1815593700787401
0
LINE
8
BLACK
6
CONTINUOUS
10
3.6525121259842517
20
-2.1815593700787401
11
3.6546409448818897
21
-2.180677559055118
0
LINE
8
BLACK
6
CONTINUOUS
10
3.6546409448818897
20
-2.180677559055118
11
3.6569451968503937
21
-2.180677559055118
0
LINE
8
BLACK
6
CONTINUOUS
10
3.6569451968503937
20
-2.180677559055118
11
3.6590740157480313
21
-2.1815593700787401
0
LINE
8
BLACK
6
CONTINUOUS
10
3.6590740157480313
20
-2.1815593700787401
11
3.6607033070866142
21
-2.1831886614173226
0
LINE
8
BLACK
6
CONTINUOUS
10
3.6607033070866142
20
-2.1831886614173226
11
3.6615851181102363
21
-2.1853174803149606
0
LINE
8
BLACK
6
CONTINUOUS
10
3.6615851181102363
20
-2.1853174803149606
11
3.6616985826771651
21
-2.1864696062992124
0
LINE
8
BLACK
6
CONTINUOUS
10
3.6616985826771651
20
-2.1864696062992124
11
3.6616985826771651
21
-2.2002491338582675
0
LINE
8
BLACK
6
CONTINUOUS
10
3.6616985826771651
20
-2.2002491338582675
11
3.6642294881889761
21
-2.2002491338582675
0
LINE
8
BLACK
6
CONTINUOUS
10
3.6642294881889761
20
-2.2002491338582675
11
3.6653816141732283
21
-2.2003625984251967
0
LINE
8
BLACK
6
CONTINUOUS
10
3.6653816141732283
20
-2.2003625984251967
11
3.6675104330708659
21
-2.2012444094488188
0
LINE
8
BLACK
6
CONTINUOUS
10
3.6675104330708659
20
-2.2012444094488188
11
3.6691397244094488
21
-2.2028737007874017
0
LINE
8
BLACK
6
CONTINUOUS
10
3.6691397244094488
20
-2.2028737007874017
11
3.670021535433071
21
-2.2050025196850394
0
LINE
8
BLACK
6
CONTINUOUS
10
3.670021535433071
20
-2.2050025196850394
11
3.670021535433071
21
-2.2073067716535433
0
LINE
8
BLACK
6
CONTINUOUS
10
3.670021535433071
20
-2.2073067716535433
11
3.6691397244094488
21
-2.2094355905511809
0
LINE
8
BLACK
6
CONTINUOUS
10
3.6691397244094488
20
-2.2094355905511809
11
3.6675104330708659
21
-2.2110648818897638
0
LINE
8
BLACK
6
CONTINUOUS
10
3.6675104330708659
20
-2.2110648818897638
11
3.6653816141732283
21
-2.211946692913386
0
LINE
8
BLACK
6
CONTINUOUS
10
3.6653816141732283
20
-2.211946692913386
11
3.6642294881889761
21
-2.2120601574803147
0
LINE
8
BLACK
6
CONTINUOUS
10
3.6642294881889761
20
-2.2120601574803147
11
3.6616985826771651
21
-2.2120601574803147
0
LINE
8
BLACK
6
CONTINUOUS
10
3.6616985826771651
20
-2.2120601574803147
11
3.6616985826771651
21
-2.2258396850393702
0
LINE
8
BLACK
6
CONTINUOUS
10
3.6616985826771651
20
-2.2258396850393702
11
3.6615851181102363
21
-2.226991811023622
0
LINE
8
BLACK
6
CONTINUOUS
10
3.6615851181102363
20
-2.226991811023622
11
3.6607033070866142
21
-2.2291206299212596
0
LINE
8
BLACK
6
CONTINUOUS
10
3.6607033070866142
20
-2.2291206299212596
11
3.6590740157480313
21
-2.2307499212598425
0
LINE
8
BLACK
6
CONTINUOUS
10
3.6590740157480313
20
-2.2307499212598425
11
3.6569451968503937
21
-2.2316317322834647
0
LINE
8
BLACK
6
CONTINUOUS
10
3.6569451968503937
20
-2.2316317322834647
11
3.6546409448818897
21
-2.2316317322834647
0
LINE
8
BLACK
6
CONTINUOUS
10
3.6546409448818897
20
-2.2316317322834647
11
3.6525121259842517
21
-2.2307499212598425
0
LINE
8
BLACK
6
CONTINUOUS
10
3.6525121259842517
20
-2.2307499212598425
11
3.6508828346456692
21
-2.2291206299212596
0
LINE
8
BLACK
6
CONTINUOUS
10
3.6508828346456692
20
-2.2291206299212596
11
3.650001023622047
21
-2.226991811023622
0
LINE
8
BLACK
6
CONTINUOUS
10
3.650001023622047
20
-2.226991811023622
11
3.6498875590551179
21
-2.2258396850393702
0
LINE
8
BLACK
6
CONTINUOUS
10
3.6498875590551179
20
-2.2258396850393702
11
3.6498875590551179
21
-2.2120601574803147
0
LINE
8
BLACK
6
CONTINUOUS
10
3.6498875590551179
20
-2.2120601574803147
11
3.6276715748031494
21
-2.2120601574803147
0
LINE
8
BLACK
6
CONTINUOUS
10
3.6276715748031494
20
-2.2120601574803147
11
3.6270884251968503
21
-2.2120027165354332
0
LINE
8
BLACK
6
CONTINUOUS
10
3.6270884251968503
20
-2.2120027165354332
11
3.6269329527559053
21
-2.2120137795275592
0
LINE
8
BLACK
6
CONTINUOUS
10
3.6269329527559053
20
-2.2120137795275592
11
3.6268206692913383
21
-2.2119763385826769
0
LINE
8
BLACK
6
CONTINUOUS
10
3.6268206692913383
20
-2.2119763385826769
11
3.6265194488188977
21
-2.211946692913386
0
LINE
8
BLACK
6
CONTINUOUS
10
3.6265194488188977
20
-2.211946692913386
11
3.625644842519685
21
-2.2115844094488191
0
LINE
8
BLACK
6
CONTINUOUS
10
3.625644842519685
20
-2.2115844094488191
11
3.6247469685039371
21
-2.211285118110236
0
LINE
8
BLACK
6
CONTINUOUS
10
3.6247469685039371
20
-2.211285118110236
11
3.6245866535433069
21
-2.211146062992126
0
LINE
8
BLACK
6
CONTINUOUS
10
3.6245866535433069
20
-2.211146062992126
11
3.6243906299212596
21
-2.2110648818897638
0
LINE
8
BLACK
6
CONTINUOUS
10
3.6243906299212596
20
-2.2110648818897638
11
3.6237212598425197
21
-2.2103955118110235
0
LINE
8
BLACK
6
CONTINUOUS
10
3.6237212598425197
20
-2.2103955118110235
11
3.6230062598425197
21
-2.2097753937007876
0
LINE
8
BLACK
6
CONTINUOUS
10
3.6230062598425197
20
-2.2097753937007876
11
3.6229113385826772
21
-2.209585590551181
0
LINE
8
BLACK
6
CONTINUOUS
10
3.6229113385826772
20
-2.209585590551181
11
3.6227613385826771
21
-2.2094355905511809
0
LINE
8
BLACK
6
CONTINUOUS
10
3.6227613385826771
20
-2.2094355905511809
11
3.622399094488189
21
-2.2085611023622045
0
LINE
8
BLACK
6
CONTINUOUS
10
3.622399094488189
20
-2.2085611023622045
11
3.6219757874015746
21
-2.2077144881889765
0
LINE
8
BLACK
6
CONTINUOUS
10
3.6219757874015746
20
-2.2077144881889765
11
3.6219607086614172
21
-2.2075028346456693
0
LINE
8
BLACK
6
CONTINUOUS
10
3.6219607086614172
20
-2.2075028346456693
11
3.621879527559055
21
-2.2073067716535433
0
LINE
8
BLACK
6
CONTINUOUS
10
3.621879527559055
20
-2.2073067716535433
11
3.621879527559055
21
-2.2063600000000001
0
LINE
8
BLACK
6
CONTINUOUS
10
3.621879527559055
20
-2.2063600000000001
11
3.6218124409448818
21
-2.205416023622047
0
LINE
8
BLACK
6
CONTINUOUS
10
3.6218124409448818
20
-2.205416023622047
11
3.621879527559055
21
-2.2051209842519683
0
LINE
8
BLACK
6
CONTINUOUS
10
3.621879527559055
20
-2.2051209842519683
11
3.621879527559055
21
-2.2050025196850394
0
LINE
8
BLACK
6
CONTINUOUS
10
3.621879527559055
20
-2.2050025196850394
11
3.6219392519685036
21
-2.2048583070866141
0
LINE
8
BLACK
6
CONTINUOUS
10
3.6219392519685036
20
-2.2048583070866141
11
3.6220691338582678
21
-2.2042871653543306
0
LINE
8
BLACK
6
CONTINUOUS
10
3.6220691338582678
20
-2.2042871653543306
11
3.6361298425196851
21
-2.1621049606299212
0
LINE
8
BLACK
6
CONTINUOUS
10
3.6361298425196851
20
-2.1621049606299212
11
3.6366018503937005
21
-2.1610478346456694
0
LINE
8
BLACK
6
CONTINUOUS
10
3.6366018503937005
20
-2.1610478346456694
11
3.6381115748031494
21
-2.159307125984252
0
LINE
8
BLACK
6
CONTINUOUS
10
3.6381115748031494
20
-2.159307125984252
11
3.6401724803149604
21
-2.1582766535433069
0
LINE
8
BLACK
6
CONTINUOUS
10
3.6401724803149604
20
-2.1582766535433069
11
3.6424709055118107
21
-2.1581133070866141
0
LINE
8
BLACK
6
CONTINUOUS
10
3.6424709055118107
20
-2.1581133070866141
11
3.6446569291338582
21
-2.1588419685039368
0
LINE
8
BLACK
6
CONTINUOUS
10
3.9037308267716533
20
-2.1815593700787401
11
3.9053601181102362
21
-2.1831886614173226
0
LINE
8
BLACK
6
CONTINUOUS
10
3.9053601181102362
20
-2.1831886614173226
11
3.9062419291338584
21
-2.1853174803149606
0
LINE
8
BLACK
6
CONTINUOUS
10
3.9062419291338584
20
-2.1853174803149606
11
3.9063553937007871
21
-2.1864696062992124
0
LINE
8
BLACK
6
CONTINUOUS
10
3.9063553937007871
20
-2.1864696062992124
11
3.9063553937007871
21
-2.2258396850393702
0
LINE
8
BLACK
6
CONTINUOUS
10
3.9063553937007871
20
-2.2258396850393702
11
3.9062419291338584
21
-2.226991811023622
0
LINE
8
BLACK
6
CONTINUOUS
10
3.9062419291338584
20
-2.226991811023622
11
3.9053601181102362
21
-2.2291206299212596
0
LINE
8
BLACK
6
CONTINUOUS
10
3.9053601181102362
20
-2.2291206299212596
11
3.9037308267716533
21
-2.2307499212598425
0
LINE
8
BLACK
6
CONTINUOUS
10
3.9037308267716533
20
-2.2307499212598425
11
3.9016020078740157
21
-2.2316317322834647
0
LINE
8
BLACK
6
CONTINUOUS
10
3.9016020078740157
20
-2.2316317322834647
11
3.8992977559055118
21
-2.2316317322834647
0
LINE
8
BLACK
6
CONTINUOUS
10
3.8992977559055118
20
-2.2316317322834647
11
3.8971689370078741
21
-2.2307499212598425
0
LINE
8
BLACK
6
CONTINUOUS
10
3.8971689370078741
20
-2.2307499212598425
11
3.8955396456692912
21
-2.2291206299212596
0
LINE
8
BLACK
6
CONTINUOUS
10
3.8955396456692912
20
-2.2291206299212596
11
3.8946578346456691
21
-2.226991811023622
0
LINE
8
BLACK
6
CONTINUOUS
10
3.8946578346456691
20
-2.226991811023622
11
3.8945443700787399
21
-2.2258396850393702
0
LINE
8
BLACK
6
CONTINUOUS
10
3.8945443700787399
20
-2.2258396850393702
11
3.8945443700787399
21
-2.1864696062992124
0
LINE
8
BLACK
6
CONTINUOUS
10
3.8945443700787399
20
-2.1864696062992124
11
3.8946578346456691
21
-2.1853174803149606
0
LINE
8
BLACK
6
CONTINUOUS
10
3.8946578346456691
20
-2.1853174803149606
11
3.8955396456692912
21
-2.1831886614173226
0
LINE
8
BLACK
6
CONTINUOUS
10
3.8955396456692912
20
-2.1831886614173226
11
3.8971689370078741
21
-2.1815593700787401
0
LINE
8
BLACK
6
CONTINUOUS
10
3.8971689370078741
20
-2.1815593700787401
11
3.8992977559055118
21
-2.180677559055118
0
LINE
8
BLACK
6
CONTINUOUS
10
3.8992977559055118
20
-2.180677559055118
11
3.9016020078740157
21
-2.180677559055118
0
LINE
8
BLACK
6
CONTINUOUS
10
3.9016020078740157
20
-2.180677559055118
11
3.9037308267716533
21
-2.1815593700787401
0
LINE
8
BLACK
6
CONTINUOUS
10
3.9465964173228345
20
-2.180677559055118
11
3.9467924803149605
21
-2.1807587795275589
0
LINE
8
BLACK
6
CONTINUOUS
10
3.9467924803149605
20
-2.1807587795275589
11
3.947004094488189
21
-2.1807738188976376
0
LINE
8
BLACK
6
CONTINUOUS
10
3.947004094488189
20
-2.1807738188976376
11
3.9480853149606299
21
-2.1811875590551182
0
LINE
8
BLACK
6
CONTINUOUS
10
3.9480853149606299
20
-2.1811875590551182
11
3.9537096062992125
21
-2.1839997244094489
0
LINE
8
BLACK
6
CONTINUOUS
10
3.9537096062992125
20
-2.1839997244094489
11
3.9539021259842517
21
-2.1841209055118109
0
LINE
8
BLACK
6
CONTINUOUS
10
3.9539021259842517
20
-2.1841209055118109
11
3.953993149606299
21
-2.1841512598425195
0
LINE
8
BLACK
6
CONTINUOUS
10
3.953993149606299
20
-2.1841512598425195
11
3.9541064566929132
21
-2.184249527559055
0
LINE
8
BLACK
6
CONTINUOUS
10
3.9541064566929132
20
-2.184249527559055
11
3.9546893700787402
21
-2.1846164566929134
0
LINE
8
BLACK
6
CONTINUOUS
10
3.9546893700787402
20
-2.1846164566929134
11
3.9551744488188976
21
-2.1851757874015747
0
LINE
8
BLACK
6
CONTINUOUS
10
3.9551744488188976
20
-2.1851757874015747
11
3.9557338976377951
21
-2.1856609842519683
0
LINE
8
BLACK
6
CONTINUOUS
10
3.9557338976377951
20
-2.1856609842519683
11
3.956100905511811
21
-2.1862440157480316
0
LINE
8
BLACK
6
CONTINUOUS
10
3.956100905511811
20
-2.1862440157480316
11
3.9561990551181103
21
-2.1863572047244095
0
LINE
8
BLACK
6
CONTINUOUS
10
3.9561990551181103
20
-2.1863572047244095
11
3.9562293307086613
21
-2.186448031496063
0
LINE
8
BLACK
6
CONTINUOUS
10
3.9562293307086613
20
-2.186448031496063
11
3.9563506299212596
21
-2.186640748031496
0
LINE
8
BLACK
6
CONTINUOUS
10
3.9563506299212596
20
-2.186640748031496
11
3.9591627952755903
21
-2.1922649999999999
0
LINE
8
BLACK
6
CONTINUOUS
10
3.9591627952755903
20
-2.1922649999999999
11
3.959576535433071
21
-2.1933462598425195
0
LINE
8
BLACK
6
CONTINUOUS
10
3.959576535433071
20
-2.1933462598425195
11
3.9595915354330709
21
-2.1935578346456692
0
LINE
8
BLACK
6
CONTINUOUS
10
3.9595915354330709
20
-2.1935578346456692
11
3.9596727952755906
21
-2.193753937007874
0
LINE
8
BLACK
6
CONTINUOUS
10
3.9596727952755906
20
-2.193753937007874
11
3.9597862598425198
21
-2.1949060629921258
0
LINE
8
BLACK
6
CONTINUOUS
10
3.9597862598425198
20
-2.1949060629921258
11
3.9597862598425198
21
-2.2258396850393702
0
LINE
8
BLACK
6
CONTINUOUS
10
3.9597862598425198
20
-2.2258396850393702
11
3.9596727952755906
21
-2.226991811023622
0
LINE
8
BLACK
6
CONTINUOUS
10
3.9596727952755906
20
-2.226991811023622
11
3.9587909842519684
21
-2.2291206299212596
0
LINE
8
BLACK
6
CONTINUOUS
10
3.9587909842519684
20
-2.2291206299212596
11
3.9571616929133859
21
-2.2307499212598425
0
LINE
8
BLACK
6
CONTINUOUS
10
3.9571616929133859
20
-2.2307499212598425
11
3.9550328740157479
21
-2.2316317322834647
0
LINE
8
BLACK
6
CONTINUOUS
10
3.9550328740157479
20
-2.2316317322834647
11
3.952728622047244
21
-2.2316317322834647
0
LINE
8
BLACK
6
CONTINUOUS
10
3.952728622047244
20
-2.2316317322834647
11
3.9505998031496063
21
-2.2307499212598425
0
LINE
8
BLACK
6
CONTINUOUS
10
3.9505998031496063
20
-2.2307499212598425
11
3.9489705118110234
21
-2.2291206299212596
0
LINE
8
BLACK
6
CONTINUOUS
10
3.9489705118110234
20
-2.2291206299212596
11
3.9480887007874017
21
-2.226991811023622
0
LINE
8
BLACK
6
CONTINUOUS
10
3.9480887007874017
20
-2.226991811023622
11
3.9479752362204725
21
-2.2258396850393702
0
LINE
8
BLACK
6
CONTINUOUS
10
3.9479752362204725
20
-2.2258396850393702
11
3.9479752362204725
21
-2.1963001574803149
0
LINE
8
BLACK
6
CONTINUOUS
10
3.9479752362204725
20
-2.1963001574803149
11
3.9466668897637796
21
-2.193683464566929
0
LINE
8
BLACK
6
CONTINUOUS
10
3.9466668897637796
20
-2.193683464566929
11
3.9440501968503936
21
-2.192375118110236
0
LINE
8
BLACK
6
CONTINUOUS
10
3.9440501968503936
20
-2.192375118110236
11
3.9384019291338581
21
-2.192375118110236
0
LINE
8
BLACK
6
CONTINUOUS
10
3.9384019291338581
20
-2.192375118110236
11
3.9348816929133856
21
-2.1941352362204722
0
LINE
8
BLACK
6
CONTINUOUS
10
3.9348816929133856
20
-2.1941352362204722
11
3.9344768897637796
21
-2.1945400393700787
0
LINE
8
BLACK
6
CONTINUOUS
10
3.9344768897637796
20
-2.1945400393700787
11
3.9344768897637796
21
-2.2258396850393702
0
LINE
8
BLACK
6
CONTINUOUS
10
3.9344768897637796
20
-2.2258396850393702
11
3.9343634251968505
21
-2.226991811023622
0
LINE
8
BLACK
6
CONTINUOUS
10
3.9343634251968505
20
-2.226991811023622
11
3.9334816141732283
21
-2.2291206299212596
0
LINE
8
BLACK
6
CONTINUOUS
10
3.9334816141732283
20
-2.2291206299212596
11
3.9318523228346454
21
-2.2307499212598425
0
LINE
8
BLACK
6
CONTINUOUS
10
3.9318523228346454
20
-2.2307499212598425
11
3.9297235039370078
21
-2.2316317322834647
0
LINE
8
BLACK
6
CONTINUOUS
10
3.9297235039370078
20
-2.2316317322834647
11
3.9274192519685038
21
-2.2316317322834647
0
LINE
8
BLACK
6
CONTINUOUS
10
3.9274192519685038
20
-2.2316317322834647
11
3.9252904330708662
21
-2.2307499212598425
0
LINE
8
BLACK
6
CONTINUOUS
10
3.9252904330708662
20
-2.2307499212598425
11
3.9236611417322833
21
-2.2291206299212596
0
LINE
8
BLACK
6
CONTINUOUS
10
3.9236611417322833
20
-2.2291206299212596
11
3.9227793307086611
21
-2.226991811023622
0
LINE
8
BLACK
6
CONTINUOUS
10
3.9227793307086611
20
-2.226991811023622
11
3.9226658661417324
21
-2.2258396850393702
0
LINE
8
BLACK
6
CONTINUOUS
10
3.9226658661417324
20
-2.2258396850393702
11
3.9226658661417324
21
-2.1864696062992124
0
LINE
8
BLACK
6
CONTINUOUS
10
3.9226658661417324
20
-2.1864696062992124
11
3.9227793307086611
21
-2.1853174803149606
0
LINE
8
BLACK
6
CONTINUOUS
10
3.9227793307086611
20
-2.1853174803149606
11
3.9236611417322833
21
-2.1831886614173226
0
LINE
8
BLACK
6
CONTINUOUS
10
3.9236611417322833
20
-2.1831886614173226
11
3.9252904330708662
21
-2.1815593700787401
0
LINE
8
BLACK
6
CONTINUOUS
10
3.9252904330708662
20
-2.1815593700787401
11
3.9274192519685038
21
-2.180677559055118
0
LINE
8
BLACK
6
CONTINUOUS
10
3.9274192519685038
20
-2.180677559055118
11
3.9297235039370078
21
-2.180677559055118
0
LINE
8
BLACK
6
CONTINUOUS
10
3.9297235039370078
20
-2.180677559055118
11
3.9318523228346454
21
-2.1815593700787401
0
LINE
8
BLACK
6
CONTINUOUS
10
3.9318523228346454
20
-2.1815593700787401
11
3.9324425984251969
21
-2.1821496456692913
0
LINE
8
BLACK
6
CONTINUOUS
10
3.9324425984251969
20
-2.1821496456692913
11
3.9343667716535431
21
-2.1811875590551182
0
LINE
8
BLACK
6
CONTINUOUS
10
3.9343667716535431
20
-2.1811875590551182
11
3.9354480314960627
21
-2.1807738188976376
0
LINE
8
BLACK
6
CONTINUOUS
10
3.9354480314960627
20
-2.1807738188976376
11
3.9356596062992124
21
-2.1807587795275589
0
LINE
8
BLACK
6
CONTINUOUS
10
3.9356596062992124
20
-2.1807587795275589
11
3.9358557086614172
21
-2.180677559055118
0
LINE
8
BLACK
6
CONTINUOUS
10
3.9358557086614172
20
-2.180677559055118
11
3.9370078346456694
21
-2.1805640944881888
0
LINE
8
BLACK
6
CONTINUOUS
10
3.9370078346456694
20
-2.1805640944881888
11
3.9454442913385828
21
-2.1805640944881888
0
LINE
8
BLACK
6
CONTINUOUS
10
3.9454442913385828
20
-2.1805640944881888
11
3.9465964173228345
21
-2.180677559055118
0
LINE
8
BLACK
6
CONTINUOUS
10
3.9024837795275591
20
-2.1613577559055117
11
3.9037307874015745
21
-2.1618742913385827
0
LINE
8
BLACK
6
CONTINUOUS
10
3.9037307874015745
20
-2.1618742913385827
11
3.9046257086614173
21
-2.1626087401574803
0
LINE
8
BLACK
6
CONTINUOUS
10
3.9046257086614173
20
-2.1626087401574803
11
3.907437874015748
21
-2.165420905511811
0
LINE
8
BLACK
6
CONTINUOUS
10
3.907437874015748
20
-2.165420905511811
11
3.9081723228346457
21
-2.1663158267716534
0
LINE
8
BLACK
6
CONTINUOUS
10
3.9081723228346457
20
-2.1663158267716534
11
3.9090540944881891
21
-2.1684446456692914
0
LINE
8
BLACK
6
CONTINUOUS
10
3.9090540944881891
20
-2.1684446456692914
11
3.9090540944881891
21
-2.1707488188976378
0
LINE
8
BLACK
6
CONTINUOUS
10
3.9090540944881891
20
-2.1707488188976378
11
3.9081723228346457
21
-2.1728776377952754
0
LINE
8
BLACK
6
CONTINUOUS
10
3.9081723228346457
20
-2.1728776377952754
11
3.9081722834645669
21
-2.1728776771653542
0
LINE
8
BLACK
6
CONTINUOUS
10
3.9081722834645669
20
-2.1728776771653542
11
3.9074378346456693
21
-2.173772598425197
0
LINE
8
BLACK
6
CONTINUOUS
10
3.9074378346456693
20
-2.173772598425197
11
3.9046256692913386
21
-2.1765847244094489
0
LINE
8
BLACK
6
CONTINUOUS
10
3.9046256692913386
20
-2.1765847244094489
11
3.9037309448818895
21
-2.177318937007874
0
LINE
8
BLACK
6
CONTINUOUS
10
3.9037309448818895
20
-2.177318937007874
11
3.9037307874015745
21
-2.1773191338582678
0
LINE
8
BLACK
6
CONTINUOUS
10
3.9037307874015745
20
-2.1773191338582678
11
3.9031072834645668
21
-2.1775773622047243
0
LINE
8
BLACK
6
CONTINUOUS
10
3.9031072834645668
20
-2.1775773622047243
11
3.9016020078740157
21
-2.1782009055118108
0
LINE
8
BLACK
6
CONTINUOUS
10
3.9016020078740157
20
-2.1782009055118108
11
3.8992977559055118
21
-2.1782009055118108
0
LINE
8
BLACK
6
CONTINUOUS
10
3.8992977559055118
20
-2.1782009055118108
11
3.8980507086614171
21
-2.1776843307086615
0
LINE
8
BLACK
6
CONTINUOUS
10
3.8980507086614171
20
-2.1776843307086615
11
3.8971689370078741
21
-2.1773191338582678
0
LINE
8
BLACK
6
CONTINUOUS
10
3.8971689370078741
20
-2.1773191338582678
11
3.8962740551181101
21
-2.1765846850393702
0
LINE
8
BLACK
6
CONTINUOUS
10
3.8962740551181101
20
-2.1765846850393702
11
3.8934619291338581
21
-2.1737725590551182
0
LINE
8
BLACK
6
CONTINUOUS
10
3.8934619291338581
20
-2.1737725590551182
11
3.8927274803149605
21
-2.1728776377952754
0
LINE
8
BLACK
6
CONTINUOUS
10
3.8927274803149605
20
-2.1728776377952754
11
3.8920561023622047
21
-2.1712567322834646
0
LINE
8
BLACK
6
CONTINUOUS
10
3.8920561023622047
20
-2.1712567322834646
11
3.8918457086614171
21
-2.1707488582677166
0
LINE
8
BLACK
6
CONTINUOUS
10
3.8918457086614171
20
-2.1707488582677166
11
3.8918457086614171
21
-2.1684446850393702
0
LINE
8
BLACK
6
CONTINUOUS
10
3.8918457086614171
20
-2.1684446850393702
11
3.8919333858267717
21
-2.1682330314960629
0
LINE
8
BLACK
6
CONTINUOUS
10
3.8919333858267717
20
-2.1682330314960629
11
3.8927274803149605
21
-2.1663158267716534
0
LINE
8
BLACK
6
CONTINUOUS
10
3.8927274803149605
20
-2.1663158267716534
11
3.8927276377952755
21
-2.1663156299212596
0
LINE
8
BLACK
6
CONTINUOUS
10
3.8927276377952755
20
-2.1663156299212596
11
3.8934618897637794
21
-2.1654209448818897
0
LINE
8
BLACK
6
CONTINUOUS
10
3.8934618897637794
20
-2.1654209448818897
11
3.8962740157480313
21
-2.162608779527559
0
LINE
8
BLACK
6
CONTINUOUS
10
3.8962740157480313
20
-2.162608779527559
11
3.8971689370078741
21
-2.1618743307086614
0
LINE
8
BLACK
6
CONTINUOUS
10
3.8971689370078741
20
-2.1618743307086614
11
3.8971689763779525
21
-2.1618742913385827
0
LINE
8
BLACK
6
CONTINUOUS
10
3.8971689763779525
20
-2.1618742913385827
11
3.8984159842519683
21
-2.1613577559055117
0
LINE
8
BLACK
6
CONTINUOUS
10
3.8984159842519683
20
-2.1613577559055117
11
3.8992977559055118
21
-2.1609925196850392
0
LINE
8
BLACK
6
CONTINUOUS
10
3.8992977559055118
20
-2.1609925196850392
11
3.9016020078740157
21
-2.1609925196850392
0
LINE
8
BLACK
6
CONTINUOUS
10
3.9016020078740157
20
-2.1609925196850392
11
3.9024837795275591
21
-2.1613577559055117
0
LINE
8
BLACK
6
CONTINUOUS
10
3.5669564173228347
20
-1.8209925196850394
11
3.5671523622047245
21
-1.8210736614173229
0
LINE
8
BLACK
6
CONTINUOUS
10
3.5671523622047245
20
-1.8210736614173229
11
3.5673640944881888
21
-1.8210887401574802
0
LINE
8
BLACK
6
CONTINUOUS
10
3.5673640944881888
20
-1.8210887401574802
11
3.5684453149606297
21
-1.8215025196850394
0
LINE
8
BLACK
6
CONTINUOUS
10
3.5684453149606297
20
-1.8215025196850394
11
3.5740696456692911
21
-1.8243146850393701
0
LINE
8
BLACK
6
CONTINUOUS
10
3.5740696456692911
20
-1.8243146850393701
11
3.574565433070866
21
-1.8246267716535434
0
LINE
8
BLACK
6
CONTINUOUS
10
3.574565433070866
20
-1.8246267716535434
11
3.574709527559055
21
-1.8246864566929133
0
LINE
8
BLACK
6
CONTINUOUS
10
3.574709527559055
20
-1.8246864566929133
11
3.5748716929133857
21
-1.8248195669291338
0
LINE
8
BLACK
6
CONTINUOUS
10
3.5748716929133857
20
-1.8248195669291338
11
3.5750494094488188
21
-1.8249314173228346
0
LINE
8
BLACK
6
CONTINUOUS
10
3.5750494094488188
20
-1.8249314173228346
11
3.5751516141732282
21
-1.825049251968504
0
LINE
8
BLACK
6
CONTINUOUS
10
3.5751516141732282
20
-1.825049251968504
11
3.5756044488188974
21
-1.8254209055118109
0
LINE
8
BLACK
6
CONTINUOUS
10
3.5756044488188974
20
-1.8254209055118109
11
3.5784165748031493
21
-1.8282330314960629
0
LINE
8
BLACK
6
CONTINUOUS
10
3.5784165748031493
20
-1.8282330314960629
11
3.5787882283464567
21
-1.8286858661417322
0
LINE
8
BLACK
6
CONTINUOUS
10
3.5787882283464567
20
-1.8286858661417322
11
3.5789060629921261
21
-1.8287880708661417
0
LINE
8
BLACK
6
CONTINUOUS
10
3.5789060629921261
20
-1.8287880708661417
11
3.5790177952755906
21
-1.828965590551181
0
LINE
8
BLACK
6
CONTINUOUS
10
3.5790177952755906
20
-1.828965590551181
11
3.579151023622047
21
-1.8291279133858267
0
LINE
8
BLACK
6
CONTINUOUS
10
3.579151023622047
20
-1.8291279133858267
11
3.5792107086614173
21
-1.8292720866141732
0
LINE
8
BLACK
6
CONTINUOUS
10
3.5792107086614173
20
-1.8292720866141732
11
3.5795227952755906
21
-1.8297678346456692
0
LINE
8
BLACK
6
CONTINUOUS
10
3.5795227952755906
20
-1.8297678346456692
11
3.5823349606299213
21
-1.8353920866141731
0
LINE
8
BLACK
6
CONTINUOUS
10
3.5823349606299213
20
-1.8353920866141731
11
3.5827487007874015
21
-1.8364733464566929
0
LINE
8
BLACK
6
CONTINUOUS
10
3.5827487007874015
20
-1.8364733464566929
11
3.5827637007874014
21
-1.8366849212598424
0
LINE
8
BLACK
6
CONTINUOUS
10
3.5827637007874014
20
-1.8366849212598424
11
3.5828449606299211
21
-1.8368810236220472
0
LINE
8
BLACK
6
CONTINUOUS
10
3.5828449606299211
20
-1.8368810236220472
11
3.5829584251968503
21
-1.8380331496062992
0
LINE
8
BLACK
6
CONTINUOUS
10
3.5829584251968503
20
-1.8380331496062992
11
3.5829584251968503
21
-1.8436574803149606
0
LINE
8
BLACK
6
CONTINUOUS
10
3.5829584251968503
20
-1.8436574803149606
11
3.5829009842519683
21
-1.8442405905511812
0
LINE
8
BLACK
6
CONTINUOUS
10
3.5829009842519683
20
-1.8442405905511812
11
3.5829120472440943
21
-1.8443961023622046
0
LINE
8
BLACK
6
CONTINUOUS
10
3.5829120472440943
20
-1.8443961023622046
11
3.5828655118110238
21
-1.8446005905511811
0
LINE
8
BLACK
6
CONTINUOUS
10
3.5828655118110238
20
-1.8446005905511811
11
3.5828449606299211
21
-1.8448096062992125
0
LINE
8
BLACK
6
CONTINUOUS
10
3.5828449606299211
20
-1.8448096062992125
11
3.5827852362204724
21
-1.8449537401574803
0
LINE
8
BLACK
6
CONTINUOUS
10
3.5827852362204724
20
-1.8449537401574803
11
3.5826553543307087
21
-1.8455249999999999
0
LINE
8
BLACK
6
CONTINUOUS
10
3.5826553543307087
20
-1.8455249999999999
11
3.579843188976378
21
-1.8539614173228347
0
LINE
8
BLACK
6
CONTINUOUS
10
3.579843188976378
20
-1.8539614173228347
11
3.5793712204724408
21
-1.8550185039370077
0
LINE
8
BLACK
6
CONTINUOUS
10
3.5793712204724408
20
-1.8550185039370077
11
3.5792322440944879
21
-1.8551787007874014
0
LINE
8
BLACK
6
CONTINUOUS
10
3.5792322440944879
20
-1.8551787007874014
11
3.579151023622047
21
-1.855374842519685
0
LINE
8
BLACK
6
CONTINUOUS
10
3.579151023622047
20
-1.855374842519685
11
3.5784165748031493
21
-1.8562697244094488
0
LINE
8
BLACK
6
CONTINUOUS
10
3.5784165748031493
20
-1.8562697244094488
11
3.5547521259842521
21
-1.8799341732283463
0
LINE
8
BLACK
6
CONTINUOUS
10
3.5547521259842521
20
-1.8799341732283463
11
3.5770529133858266
21
-1.8799341732283463
0
LINE
8
BLACK
6
CONTINUOUS
10
3.5770529133858266
20
-1.8799341732283463
11
3.5782050393700788
21
-1.8800476377952755
0
LINE
8
BLACK
6
CONTINUOUS
10
3.5782050393700788
20
-1.8800476377952755
11
3.5803338582677164
21
-1.8809294488188977
0
LINE
8
BLACK
6
CONTINUOUS
10
3.5803338582677164
20
-1.8809294488188977
11
3.5819631496062989
21
-1.8825587401574804
0
LINE
8
BLACK
6
CONTINUOUS
10
3.5819631496062989
20
-1.8825587401574804
11
3.5828449606299211
21
-1.884687559055118
0
LINE
8
BLACK
6
CONTINUOUS
10
3.5828449606299211
20
-1.884687559055118
11
3.5828449606299211
21
-1.8869918110236219
0
LINE
8
BLACK
6
CONTINUOUS
10
3.5828449606299211
20
-1.8869918110236219
11
3.5819631496062989
21
-1.8891206299212597
0
LINE
8
BLACK
6
CONTINUOUS
10
3.5819631496062989
20
-1.8891206299212597
11
3.5803338582677164
21
-1.8907499212598424
0
LINE
8
BLACK
6
CONTINUOUS
10
3.5803338582677164
20
-1.8907499212598424
11
3.5782050393700788
21
-1.8916317322834646
0
LINE
8
BLACK
6
CONTINUOUS
10
3.5782050393700788
20
-1.8916317322834646
11
3.5770529133858266
21
-1.8917451968503936
0
LINE
8
BLACK
6
CONTINUOUS
10
3.5770529133858266
20
-1.8917451968503936
11
3.5404949606299212
21
-1.8917451968503936
0
LINE
8
BLACK
6
CONTINUOUS
10
3.5404949606299212
20
-1.8917451968503936
11
3.539342834645669
21
-1.8916317322834646
0
LINE
8
BLACK
6
CONTINUOUS
10
3.539342834645669
20
-1.8916317322834646
11
3.5381116141732281
21
-1.8911217322834646
0
LINE
8
BLACK
6
CONTINUOUS
10
3.5381116141732281
20
-1.8911217322834646
11
3.5372140551181102
21
-1.8907499606299212
0
LINE
8
BLACK
6
CONTINUOUS
10
3.5372140551181102
20
-1.8907499606299212
11
3.5355846850393702
21
-1.889120590551181
0
LINE
8
BLACK
6
CONTINUOUS
10
3.5355846850393702
20
-1.889120590551181
11
3.5348717716535432
21
-1.8873994488188977
0
LINE
8
BLACK
6
CONTINUOUS
10
3.5348717716535432
20
-1.8873994488188977
11
3.5347029133858268
21
-1.8869918110236219
0
LINE
8
BLACK
6
CONTINUOUS
10
3.5347029133858268
20
-1.8869918110236219
11
3.5347029133858268
21
-1.884687559055118
0
LINE
8
BLACK
6
CONTINUOUS
10
3.5347029133858268
20
-1.884687559055118
11
3.5351892913385825
21
-1.8835133858267716
0
LINE
8
BLACK
6
CONTINUOUS
10
3.5351892913385825
20
-1.8835133858267716
11
3.5355846850393702
21
-1.8825587795275591
0
LINE
8
BLACK
6
CONTINUOUS
10
3.5355846850393702
20
-1.8825587795275591
11
3.5363191338582678
21
-1.8816638582677165
0
LINE
8
BLACK
6
CONTINUOUS
10
3.5363191338582678
20
-1.8816638582677165
11
3.5690791338582675
21
-1.8489038188976377
0
LINE
8
BLACK
6
CONTINUOUS
10
3.5690791338582675
20
-1.8489038188976377
11
3.571147401574803
21
-1.8426991732283464
0
LINE
8
BLACK
6
CONTINUOUS
10
3.571147401574803
20
-1.8426991732283464
11
3.571147401574803
21
-1.8394272440944881
0
LINE
8
BLACK
6
CONTINUOUS
10
3.571147401574803
20
-1.8394272440944881
11
3.5693872834645668
21
-1.8359070472440944
0
LINE
8
BLACK
6
CONTINUOUS
10
3.5693872834645668
20
-1.8359070472440944
11
3.5679304330708659
21
-1.8344501968503937
0
LINE
8
BLACK
6
CONTINUOUS
10
3.5679304330708659
20
-1.8344501968503937
11
3.5644101968503938
21
-1.8326900787401574
0
LINE
8
BLACK
6
CONTINUOUS
10
3.5644101968503938
20
-1.8326900787401574
11
3.5531376771653544
21
-1.8326900787401574
0
LINE
8
BLACK
6
CONTINUOUS
10
3.5531376771653544
20
-1.8326900787401574
11
3.549617440944882
21
-1.8344501968503937
0
LINE
8
BLACK
6
CONTINUOUS
10
3.549617440944882
20
-1.8344501968503937
11
3.5474829527559053
21
-1.8365846850393701
0
LINE
8
BLACK
6
CONTINUOUS
10
3.5474829527559053
20
-1.8365846850393701
11
3.5465880314960629
21
-1.8373191338582677
0
LINE
8
BLACK
6
CONTINUOUS
10
3.5465880314960629
20
-1.8373191338582677
11
3.5444592125984253
21
-1.8382009055118109
0
LINE
8
BLACK
6
CONTINUOUS
10
3.5444592125984253
20
-1.8382009055118109
11
3.5421550393700785
21
-1.8382009055118109
0
LINE
8
BLACK
6
CONTINUOUS
10
3.5421550393700785
20
-1.8382009055118109
11
3.5400262204724409
21
-1.8373191338582677
0
LINE
8
BLACK
6
CONTINUOUS
10
3.5400262204724409
20
-1.8373191338582677
11
3.5383968503937009
21
-1.8356897637795275
0
LINE
8
BLACK
6
CONTINUOUS
10
3.5383968503937009
20
-1.8356897637795275
11
3.5375150787401575
21
-1.8335609448818897
0
LINE
8
BLACK
6
CONTINUOUS
10
3.5375150787401575
20
-1.8335609448818897
11
3.5375150787401575
21
-1.8312567716535433
0
LINE
8
BLACK
6
CONTINUOUS
10
3.5375150787401575
20
-1.8312567716535433
11
3.5383968503937009
21
-1.8291279527559055
0
LINE
8
BLACK
6
CONTINUOUS
10
3.5383968503937009
20
-1.8291279527559055
11
3.5391312992125985
21
-1.8282330314960629
0
LINE
8
BLACK
6
CONTINUOUS
10
3.5391312992125985
20
-1.8282330314960629
11
3.5419434251968505
21
-1.8254209055118109
0
LINE
8
BLACK
6
CONTINUOUS
10
3.5419434251968505
20
-1.8254209055118109
11
3.5423962598425196
21
-1.8250492125984252
0
LINE
8
BLACK
6
CONTINUOUS
10
3.5423962598425196
20
-1.8250492125984252
11
3.5424984645669291
21
-1.8249314173228346
0
LINE
8
BLACK
6
CONTINUOUS
10
3.5424984645669291
20
-1.8249314173228346
11
3.5426759842519684
21
-1.8248196456692913
0
LINE
8
BLACK
6
CONTINUOUS
10
3.5426759842519684
20
-1.8248196456692913
11
3.5428383070866141
21
-1.8246864566929133
0
LINE
8
BLACK
6
CONTINUOUS
10
3.5428383070866141
20
-1.8246864566929133
11
3.5429824803149605
21
-1.8246267322834646
0
LINE
8
BLACK
6
CONTINUOUS
10
3.5429824803149605
20
-1.8246267322834646
11
3.5434782283464568
21
-1.8243146850393701
0
LINE
8
BLACK
6
CONTINUOUS
10
3.5434782283464568
20
-1.8243146850393701
11
3.5491025590551182
21
-1.8215025196850394
0
LINE
8
BLACK
6
CONTINUOUS
10
3.5491025590551182
20
-1.8215025196850394
11
3.550183779527559
21
-1.8210887401574802
0
LINE
8
BLACK
6
CONTINUOUS
10
3.550183779527559
20
-1.8210887401574802
11
3.550395472440945
21
-1.8210736614173229
0
LINE
8
BLACK
6
CONTINUOUS
10
3.550395472440945
20
-1.8210736614173229
11
3.5505914566929131
21
-1.8209925196850394
0
LINE
8
BLACK
6
CONTINUOUS
10
3.5505914566929131
20
-1.8209925196850394
11
3.5517435826771653
21
-1.8208790551181102
0
LINE
8
BLACK
6
CONTINUOUS
10
3.5517435826771653
20
-1.8208790551181102
11
3.5658042913385826
21
-1.8208790551181102
0
LINE
8
BLACK
6
CONTINUOUS
10
3.5658042913385826
20
-1.8208790551181102
11
3.5669564173228347
21
-1.8209925196850394
0
LINE
8
BLACK
6
CONTINUOUS
10
3.7075638188976376
20
-1.8209925196850394
11
3.7077597637795274
21
-1.8210736614173229
0
LINE
8
BLACK
6
CONTINUOUS
10
3.7077597637795274
20
-1.8210736614173229
11
3.7079714960629921
21
-1.8210887401574802
0
LINE
8
BLACK
6
CONTINUOUS
10
3.7079714960629921
20
-1.8210887401574802
11
3.709052716535433
21
-1.8215025196850394
0
LINE
8
BLACK
6
CONTINUOUS
10
3.709052716535433
20
-1.8215025196850394
11
3.7146770472440944
21
-1.8243146850393701
0
LINE
8
BLACK
6
CONTINUOUS
10
3.7146770472440944
20
-1.8243146850393701
11
3.7151728346456694
21
-1.8246267716535434
0
LINE
8
BLACK
6
CONTINUOUS
10
3.7151728346456694
20
-1.8246267716535434
11
3.7153169291338584
21
-1.8246864566929133
0
LINE
8
BLACK
6
CONTINUOUS
10
3.7153169291338584
20
-1.8246864566929133
11
3.715479094488189
21
-1.8248195669291338
0
LINE
8
BLACK
6
CONTINUOUS
10
3.715479094488189
20
-1.8248195669291338
11
3.7156568110236221
21
-1.8249314173228346
0
LINE
8
BLACK
6
CONTINUOUS
10
3.7156568110236221
20
-1.8249314173228346
11
3.7157590157480316
21
-1.825049251968504
0
LINE
8
BLACK
6
CONTINUOUS
10
3.7157590157480316
20
-1.825049251968504
11
3.7162118503937007
21
-1.8254209055118109
0
LINE
8
BLACK
6
CONTINUOUS
10
3.7162118503937007
20
-1.8254209055118109
11
3.7190239763779527
21
-1.8282330314960629
0
LINE
8
BLACK
6
CONTINUOUS
10
3.7190239763779527
20
-1.8282330314960629
11
3.7193956299212596
21
-1.8286858661417322
0
LINE
8
BLACK
6
CONTINUOUS
10
3.7193956299212596
20
-1.8286858661417322
11
3.719513464566929
21
-1.8287880708661417
0
LINE
8
BLACK
6
CONTINUOUS
10
3.719513464566929
20
-1.8287880708661417
11
3.7196251968503935
21
-1.828965590551181
0
LINE
8
BLACK
6
CONTINUOUS
10
3.7196251968503935
20
-1.828965590551181
11
3.7197584251968503
21
-1.8291279133858267
0
LINE
8
BLACK
6
CONTINUOUS
10
3.7197584251968503
20
-1.8291279133858267
11
3.7198181102362202
21
-1.8292720866141732
0
LINE
8
BLACK
6
CONTINUOUS
10
3.7198181102362202
20
-1.8292720866141732
11
3.7201301968503935
21
-1.8297678346456692
0
LINE
8
BLACK
6
CONTINUOUS
10
3.7201301968503935
20
-1.8297678346456692
11
3.7229423622047242
21
-1.8353920866141731
0
LINE
8
BLACK
6
CONTINUOUS
10
3.7229423622047242
20
-1.8353920866141731
11
3.7233561023622048
21
-1.8364733464566929
0
LINE
8
BLACK
6
CONTINUOUS
10
3.7233561023622048
20
-1.8364733464566929
11
3.7233711023622047
21
-1.8366849212598424
0
LINE
8
BLACK
6
CONTINUOUS
10
3.7233711023622047
20
-1.8366849212598424
11
3.7234523622047244
21
-1.8368810236220472
0
LINE
8
BLACK
6
CONTINUOUS
10
3.7234523622047244
20
-1.8368810236220472
11
3.7235658267716536
21
-1.8380331496062992
0
LINE
8
BLACK
6
CONTINUOUS
10
3.7235658267716536
20
-1.8380331496062992
11
3.7235658267716536
21
-1.8408453149606299
0
LINE
8
BLACK
6
CONTINUOUS
10
3.7235658267716536
20
-1.8408453149606299
11
3.7234523622047244
21
-1.8419974409448818
0
LINE
8
BLACK
6
CONTINUOUS
10
3.7234523622047244
20
-1.8419974409448818
11
3.7233711023622047
21
-1.8421935039370079
0
LINE
8
BLACK
6
CONTINUOUS
10
3.7233711023622047
20
-1.8421935039370079
11
3.7233561023622048
21
-1.8424051181102361
0
LINE
8
BLACK
6
CONTINUOUS
10
3.7233561023622048
20
-1.8424051181102361
11
3.7229423622047242
21
-1.8434863779527559
0
LINE
8
BLACK
6
CONTINUOUS
10
3.7229423622047242
20
-1.8434863779527559
11
3.7201301968503935
21
-1.8491106299212599
0
LINE
8
BLACK
6
CONTINUOUS
10
3.7201301968503935
20
-1.8491106299212599
11
3.7198180708661415
21
-1.8496064173228346
0
LINE
8
BLACK
6
CONTINUOUS
10
3.7198180708661415
20
-1.8496064173228346
11
3.7197584251968503
21
-1.8497505118110236
0
LINE
8
BLACK
6
CONTINUOUS
10
3.7197584251968503
20
-1.8497505118110236
11
3.719625275590551
21
-1.849912716535433
0
LINE
8
BLACK
6
CONTINUOUS
10
3.719625275590551
20
-1.849912716535433
11
3.719513464566929
21
-1.8500903937007873
0
LINE
8
BLACK
6
CONTINUOUS
10
3.719513464566929
20
-1.8500903937007873
11
3.7193955905511809
21
-1.8501925984251968
0
LINE
8
BLACK
6
CONTINUOUS
10
3.7193955905511809
20
-1.8501925984251968
11
3.7190240157480314
21
-1.8506453937007874
0
LINE
8
BLACK
6
CONTINUOUS
10
3.7190240157480314
20
-1.8506453937007874
11
3.7175755118110234
21
-1.8520938976377952
0
LINE
8
BLACK
6
CONTINUOUS
10
3.7175755118110234
20
-1.8520938976377952
11
3.7190239763779527
21
-1.8535423622047245
0
LINE
8
BLACK
6
CONTINUOUS
10
3.7190239763779527
20
-1.8535423622047245
11
3.7193956299212596
21
-1.8539951968503936
0
LINE
8
BLACK
6
CONTINUOUS
10
3.7193956299212596
20
-1.8539951968503936
11
3.719513464566929
21
-1.8540974015748031
0
LINE
8
BLACK
6
CONTINUOUS
10
3.719513464566929
20
-1.8540974015748031
11
3.7196251968503935
21
-1.8542749212598424
0
LINE
8
BLACK
6
CONTINUOUS
10
3.7196251968503935
20
-1.8542749212598424
11
3.7197584251968503
21
-1.8544372440944881
0
LINE
8
BLACK
6
CONTINUOUS
10
3.7197584251968503
20
-1.8544372440944881
11
3.7198181102362202
21
-1.8545814173228345
0
LINE
8
BLACK
6
CONTINUOUS
10
3.7198181102362202
20
-1.8545814173228345
11
3.7201301968503935
21
-1.8550771653543308
0
LINE
8
BLACK
6
CONTINUOUS
10
3.7201301968503935
20
-1.8550771653543308
11
3.7229423622047242
21
-1.8607014960629922
0
LINE
8
BLACK
6
CONTINUOUS
10
3.7229423622047242
20
-1.8607014960629922
11
3.7233561417322836
21
-1.861782716535433
0
LINE
8
BLACK
6
CONTINUOUS
10
3.7233561417322836
20
-1.861782716535433
11
3.7233711811023622
21
-1.8619944094488188
0
LINE
8
BLACK
6
CONTINUOUS
10
3.7233711811023622
20
-1.8619944094488188
11
3.7234523622047244
21
-1.8621903937007873
0
LINE
8
BLACK
6
CONTINUOUS
10
3.7234523622047244
20
-1.8621903937007873
11
3.7235658267716536
21
-1.8633425196850393
0
LINE
8
BLACK
6
CONTINUOUS
10
3.7235658267716536
20
-1.8633425196850393
11
3.7235658267716536
21
-1.8745911023622046
0
LINE
8
BLACK
6
CONTINUOUS
10
3.7235658267716536
20
-1.8745911023622046
11
3.7234523622047244
21
-1.8757432283464566
0
LINE
8
BLACK
6
CONTINUOUS
10
3.7234523622047244
20
-1.8757432283464566
11
3.7233711023622047
21
-1.8759392913385826
0
LINE
8
BLACK
6
CONTINUOUS
10
3.7233711023622047
20
-1.8759392913385826
11
3.7233561023622048
21
-1.8761509055118111
0
LINE
8
BLACK
6
CONTINUOUS
10
3.7233561023622048
20
-1.8761509055118111
11
3.7229423622047242
21
-1.8772321653543307
0
LINE
8
BLACK
6
CONTINUOUS
10
3.7229423622047242
20
-1.8772321653543307
11
3.7201301968503935
21
-1.8828564173228346
0
LINE
8
BLACK
6
CONTINUOUS
10
3.7201301968503935
20
-1.8828564173228346
11
3.7198180708661415
21
-1.8833522047244093
0
LINE
8
BLACK
6
CONTINUOUS
10
3.7198180708661415
20
-1.8833522047244093
11
3.7197584251968503
21
-1.8834962992125983
0
LINE
8
BLACK
6
CONTINUOUS
10
3.7197584251968503
20
-1.8834962992125983
11
3.719625275590551
21
-1.8836585039370077
0
LINE
8
BLACK
6
CONTINUOUS
10
3.719625275590551
20
-1.8836585039370077
11
3.719513464566929
21
-1.8838361811023621
0
LINE
8
BLACK
6
CONTINUOUS
10
3.719513464566929
20
-1.8838361811023621
11
3.7193955905511809
21
-1.8839383858267715
0
LINE
8
BLACK
6
CONTINUOUS
10
3.7193955905511809
20
-1.8839383858267715
11
3.7190240157480314
21
-1.8843911811023621
0
LINE
8
BLACK
6
CONTINUOUS
10
3.7190240157480314
20
-1.8843911811023621
11
3.7162118897637795
21
-1.8872033464566929
0
LINE
8
BLACK
6
CONTINUOUS
10
3.7162118897637795
20
-1.8872033464566929
11
3.7157588976377953
21
-1.8875750787401575
0
LINE
8
BLACK
6
CONTINUOUS
10
3.7157588976377953
20
-1.8875750787401575
11
3.7156567716535434
21
-1.8876928740157479
0
LINE
8
BLACK
6
CONTINUOUS
10
3.7156567716535434
20
-1.8876928740157479
11
3.7154791732283465
21
-1.8878046456692914
0
LINE
8
BLACK
6
CONTINUOUS
10
3.7154791732283465
20
-1.8878046456692914
11
3.7153169685039371
21
-1.8879377952755905
0
LINE
8
BLACK
6
CONTINUOUS
10
3.7153169685039371
20
-1.8879377952755905
11
3.7151728740157481
21
-1.8879974409448819
0
LINE
8
BLACK
6
CONTINUOUS
10
3.7151728740157481
20
-1.8879974409448819
11
3.7146770472440944
21
-1.8883096062992126
0
LINE
8
BLACK
6
CONTINUOUS
10
3.7146770472440944
20
-1.8883096062992126
11
3.7090526771653543
21
-1.8911217322834646
0
LINE
8
BLACK
6
CONTINUOUS
10
3.7090526771653543
20
-1.8911217322834646
11
3.7079714566929134
21
-1.8915355118110235
0
LINE
8
BLACK
6
CONTINUOUS
10
3.7079714566929134
20
-1.8915355118110235
11
3.7077598031496062
21
-1.8915505118110236
0
LINE
8
BLACK
6
CONTINUOUS
10
3.7077598031496062
20
-1.8915505118110236
11
3.7075638188976376
21
-1.8916317322834646
0
LINE
8
BLACK
6
CONTINUOUS
10
3.7075638188976376
20
-1.8916317322834646
11
3.7064116929133859
21
-1.8917451968503936
0
LINE
8
BLACK
6
CONTINUOUS
10
3.7064116929133859
20
-1.8917451968503936
11
3.6951631102362206
21
-1.8917451968503936
0
LINE
8
BLACK
6
CONTINUOUS
10
3.6951631102362206
20
-1.8917451968503936
11
3.6940109842519684
21
-1.8916317322834646
0
LINE
8
BLACK
6
CONTINUOUS
10
3.6940109842519684
20
-1.8916317322834646
11
3.6938149606299211
21
-1.8915505118110236
0
LINE
8
BLACK
6
CONTINUOUS
10
3.6938149606299211
20
-1.8915505118110236
11
3.6936033464566926
21
-1.8915355118110235
0
LINE
8
BLACK
6
CONTINUOUS
10
3.6936033464566926
20
-1.8915355118110235
11
3.6925221259842518
21
-1.8911217322834646
0
LINE
8
BLACK
6
CONTINUOUS
10
3.6925221259842518
20
-1.8911217322834646
11
3.6868977952755904
21
-1.8883096062992126
0
LINE
8
BLACK
6
CONTINUOUS
10
3.6868977952755904
20
-1.8883096062992126
11
3.6864020472440946
21
-1.8879975196850394
0
LINE
8
BLACK
6
CONTINUOUS
10
3.6864020472440946
20
-1.8879975196850394
11
3.6862579133858269
21
-1.8879378346456692
0
LINE
8
BLACK
6
CONTINUOUS
10
3.6862579133858269
20
-1.8879378346456692
11
3.6860955905511812
21
-1.8878046062992127
0
LINE
8
BLACK
6
CONTINUOUS
10
3.6860955905511812
20
-1.8878046062992127
11
3.6859180708661414
21
-1.8876928740157479
0
LINE
8
BLACK
6
CONTINUOUS
10
3.6859180708661414
20
-1.8876928740157479
11
3.6858159055118112
21
-1.8875750787401575
0
LINE
8
BLACK
6
CONTINUOUS
10
3.6858159055118112
20
-1.8875750787401575
11
3.6853629921259841
21
-1.8872033858267716
0
LINE
8
BLACK
6
CONTINUOUS
10
3.6853629921259841
20
-1.8872033858267716
11
3.6825508267716534
21
-1.8843912204724409
0
LINE
8
BLACK
6
CONTINUOUS
10
3.6825508267716534
20
-1.8843912204724409
11
3.6821791732283464
21
-1.8839383858267715
0
LINE
8
BLACK
6
CONTINUOUS
10
3.6821791732283464
20
-1.8839383858267715
11
3.682061338582677
21
-1.8838361811023621
0
LINE
8
BLACK
6
CONTINUOUS
10
3.682061338582677
20
-1.8838361811023621
11
3.6819494881889763
21
-1.883658464566929
0
LINE
8
BLACK
6
CONTINUOUS
10
3.6819494881889763
20
-1.883658464566929
11
3.6818163779527557
21
-1.8834962992125983
0
LINE
8
BLACK
6
CONTINUOUS
10
3.6818163779527557
20
-1.8834962992125983
11
3.6817566929133858
21
-1.8833522047244093
0
LINE
8
BLACK
6
CONTINUOUS
10
3.6817566929133858
20
-1.8833522047244093
11
3.6814446062992126
21
-1.8828564173228346
0
LINE
8
BLACK
6
CONTINUOUS
10
3.6814446062992126
20
-1.8828564173228346
11
3.6786324803149606
21
-1.8772321259842519
0
LINE
8
BLACK
6
CONTINUOUS
10
3.6786324803149606
20
-1.8772321259842519
11
3.6782187007874017
21
-1.8761508661417323
0
LINE
8
BLACK
6
CONTINUOUS
10
3.6782187007874017
20
-1.8761508661417323
11
3.6782036614173226
21
-1.8759392125984251
0
LINE
8
BLACK
6
CONTINUOUS
10
3.6782036614173226
20
-1.8759392125984251
11
3.6781224803149604
21
-1.8757432283464566
0
LINE
8
BLACK
6
CONTINUOUS
10
3.6781224803149604
20
-1.8757432283464566
11
3.6780090157480316
21
-1.8745911023622046
0
LINE
8
BLACK
6
CONTINUOUS
10
3.6780090157480316
20
-1.8745911023622046
11
3.6780090157480316
21
-1.8633425196850393
0
LINE
8
BLACK
6
CONTINUOUS
10
3.6780090157480316
20
-1.8633425196850393
11
3.6781224803149604
21
-1.8621903937007873
0
LINE
8
BLACK
6
CONTINUOUS
10
3.6781224803149604
20
-1.8621903937007873
11
3.6782036614173226
21
-1.86199437007874
0
LINE
8
BLACK
6
CONTINUOUS
10
3.6782036614173226
20
-1.86199437007874
11
3.6782187007874017
21
-1.8617827559055118
0
LINE
8
BLACK
6
CONTINUOUS
10
3.6782187007874017
20
-1.8617827559055118
11
3.6786324803149606
21
-1.8607015354330709
0
LINE
8
BLACK
6
CONTINUOUS
10
3.6786324803149606
20
-1.8607015354330709
11
3.6814446062992126
21
-1.8550771653543308
0
LINE
8
BLACK
6
CONTINUOUS
10
3.6814446062992126
20
-1.8550771653543308
11
3.6817567322834646
21
-1.8545812992125983
0
LINE
8
BLACK
6
CONTINUOUS
10
3.6817567322834646
20
-1.8545812992125983
11
3.6818164173228345
21
-1.8544372440944881
0
LINE
8
BLACK
6
CONTINUOUS
10
3.6818164173228345
20
-1.8544372440944881
11
3.681949527559055
21
-1.8542749999999999
0
LINE
8
BLACK
6
CONTINUOUS
10
3.681949527559055
20
-1.8542749999999999
11
3.682061338582677
21
-1.8540974409448818
0
LINE
8
BLACK
6
CONTINUOUS
10
3.682061338582677
20
-1.8540974409448818
11
3.6821790944881889
21
-1.8539952755905511
0
LINE
8
BLACK
6
CONTINUOUS
10
3.6821790944881889
20
-1.8539952755905511
11
3.6825508661417321
21
-1.8535423228346457
0
LINE
8
BLACK
6
CONTINUOUS
10
3.6825508661417321
20
-1.8535423228346457
11
3.6839992913385826
21
-1.8520938976377952
0
LINE
8
BLACK
6
CONTINUOUS
10
3.6839992913385826
20
-1.8520938976377952
11
3.6825508267716534
21
-1.8506454330708662
0
LINE
8
BLACK
6
CONTINUOUS
10
3.6825508267716534
20
-1.8506454330708662
11
3.6821791732283464
21
-1.8501925984251968
0
LINE
8
BLACK
6
CONTINUOUS
10
3.6821791732283464
20
-1.8501925984251968
11
3.682061338582677
21
-1.8500903937007873
0
LINE
8
BLACK
6
CONTINUOUS
10
3.682061338582677
20
-1.8500903937007873
11
3.6819494881889763
21
-1.8499126771653542
0
LINE
8
BLACK
6
CONTINUOUS
10
3.6819494881889763
20
-1.8499126771653542
11
3.6818163779527557
21
-1.8497505118110236
0
LINE
8
BLACK
6
CONTINUOUS
10
3.6818163779527557
20
-1.8497505118110236
11
3.6817566929133858
21
-1.8496064173228346
0
LINE
8
BLACK
6
CONTINUOUS
10
3.6817566929133858
20
-1.8496064173228346
11
3.6814446062992126
21
-1.8491106299212599
0
LINE
8
BLACK
6
CONTINUOUS
10
3.6814446062992126
20
-1.8491106299212599
11
3.6786324803149606
21
-1.8434863385826772
0
LINE
8
BLACK
6
CONTINUOUS
10
3.6786324803149606
20
-1.8434863385826772
11
3.6782187007874017
21
-1.8424050787401574
0
LINE
8
BLACK
6
CONTINUOUS
10
3.6782187007874017
20
-1.8424050787401574
11
3.6782036614173226
21
-1.8421934251968504
0
LINE
8
BLACK
6
CONTINUOUS
10
3.6782036614173226
20
-1.8421934251968504
11
3.6781224803149604
21
-1.8419974409448818
0
LINE
8
BLACK
6
CONTINUOUS
10
3.6781224803149604
20
-1.8419974409448818
11
3.6780090157480316
21
-1.8408453149606299
0
LINE
8
BLACK
6
CONTINUOUS
10
3.6780090157480316
20
-1.8408453149606299
11
3.6780090157480316
21
-1.8380331496062992
0
LINE
8
BLACK
6
CONTINUOUS
10
3.6780090157480316
20
-1.8380331496062992
11
3.6781224803149604
21
-1.8368810236220472
0
LINE
8
BLACK
6
CONTINUOUS
10
3.6781224803149604
20
-1.8368810236220472
11
3.6782036614173226
21
-1.8366849999999999
0
LINE
8
BLACK
6
CONTINUOUS
10
3.6782036614173226
20
-1.8366849999999999
11
3.6782187007874017
21
-1.8364733858267717
0
LINE
8
BLACK
6
CONTINUOUS
10
3.6782187007874017
20
-1.8364733858267717
11
3.6786324803149606
21
-1.8353921259842518
0
LINE
8
BLACK
6
CONTINUOUS
10
3.6786324803149606
20
-1.8353921259842518
11
3.6814446062992126
21
-1.8297678346456692
0
LINE
8
BLACK
6
CONTINUOUS
10
3.6814446062992126
20
-1.8297678346456692
11
3.6817567322834646
21
-1.8292719291338582
0
LINE
8
BLACK
6
CONTINUOUS
10
3.6817567322834646
20
-1.8292719291338582
11
3.6818164173228345
21
-1.8291279133858267
0
LINE
8
BLACK
6
CONTINUOUS
10
3.6818164173228345
20
-1.8291279133858267
11
3.6819494488188975
21
-1.8289657874015748
0
LINE
8
BLACK
6
CONTINUOUS
10
3.6819494488188975
20
-1.8289657874015748
11
3.682061338582677
21
-1.8287880708661417
0
LINE
8
BLACK
6
CONTINUOUS
10
3.682061338582677
20
-1.8287880708661417
11
3.6821792125984252
21
-1.8286858267716535
0
LINE
8
BLACK
6
CONTINUOUS
10
3.6821792125984252
20
-1.8286858267716535
11
3.6825508661417321
21
-1.8282329921259841
0
LINE
8
BLACK
6
CONTINUOUS
10
3.6825508661417321
20
-1.8282329921259841
11
3.6853630314960628
21
-1.8254208661417322
0
LINE
8
BLACK
6
CONTINUOUS
10
3.6853630314960628
20
-1.8254208661417322
11
3.6858157874015749
21
-1.825049251968504
0
LINE
8
BLACK
6
CONTINUOUS
10
3.6858157874015749
20
-1.825049251968504
11
3.6859180314960631
21
-1.8249314173228346
0
LINE
8
BLACK
6
CONTINUOUS
10
3.6859180314960631
20
-1.8249314173228346
11
3.6860956692913387
21
-1.8248195669291338
0
LINE
8
BLACK
6
CONTINUOUS
10
3.6860956692913387
20
-1.8248195669291338
11
3.6862579133858269
21
-1.8246864566929133
0
LINE
8
BLACK
6
CONTINUOUS
10
3.6862579133858269
20
-1.8246864566929133
11
3.6864019685039371
21
-1.8246267716535434
0
LINE
8
BLACK
6
CONTINUOUS
10
3.6864019685039371
20
-1.8246267716535434
11
3.6868977952755904
21
-1.8243146850393701
0
LINE
8
BLACK
6
CONTINUOUS
10
3.6868977952755904
20
-1.8243146850393701
11
3.6925220472440943
21
-1.8215025196850394
0
LINE
8
BLACK
6
CONTINUOUS
10
3.6925220472440943
20
-1.8215025196850394
11
3.6936033070866139
21
-1.821088779527559
0
LINE
8
BLACK
6
CONTINUOUS
10
3.6936033070866139
20
-1.821088779527559
11
3.6938148818897636
21
-1.8210737401574804
0
LINE
8
BLACK
6
CONTINUOUS
10
3.6938148818897636
20
-1.8210737401574804
11
3.6940109842519684
21
-1.8209925196850394
0
LINE
8
BLACK
6
CONTINUOUS
10
3.6940109842519684
20
-1.8209925196850394
11
3.6951631102362206
21
-1.8208790551181102
0
LINE
8
BLACK
6
CONTINUOUS
10
3.6951631102362206
20
-1.8208790551181102
11
3.7064116929133859
21
-1.8208790551181102
0
LINE
8
BLACK
6
CONTINUOUS
10
3.7064116929133859
20
-1.8208790551181102
11
3.7075638188976376
21
-1.8209925196850394
0
LINE
8
BLACK
6
CONTINUOUS
10
3.6930369685039368
20
-1.859759527559055
11
3.6915801181102363
21
-1.8612163385826772
0
LINE
8
BLACK
6
CONTINUOUS
10
3.6915801181102363
20
-1.8612163385826772
11
3.6898200393700789
21
-1.8647365748031495
0
LINE
8
BLACK
6
CONTINUOUS
10
3.6898200393700789
20
-1.8647365748031495
11
3.6898200393700789
21
-1.8731970078740157
0
LINE
8
BLACK
6
CONTINUOUS
10
3.6898200393700789
20
-1.8731970078740157
11
3.6915800787401576
21
-1.8767171653543306
0
LINE
8
BLACK
6
CONTINUOUS
10
3.6915800787401576
20
-1.8767171653543306
11
3.6930369685039368
21
-1.8781740551181101
0
LINE
8
BLACK
6
CONTINUOUS
10
3.6930369685039368
20
-1.8781740551181101
11
3.6965572047244093
21
-1.8799341732283463
0
LINE
8
BLACK
6
CONTINUOUS
10
3.6965572047244093
20
-1.8799341732283463
11
3.7050176377952755
21
-1.8799341732283463
0
LINE
8
BLACK
6
CONTINUOUS
10
3.7050176377952755
20
-1.8799341732283463
11
3.7085378346456692
21
-1.8781740551181101
0
LINE
8
BLACK
6
CONTINUOUS
10
3.7085378346456692
20
-1.8781740551181101
11
3.7099946456692914
21
-1.8767172047244094
0
LINE
8
BLACK
6
CONTINUOUS
10
3.7099946456692914
20
-1.8767172047244094
11
3.7117548031496064
21
-1.8731969685039369
0
LINE
8
BLACK
6
CONTINUOUS
10
3.7117548031496064
20
-1.8731969685039369
11
3.7117548031496064
21
-1.8647366141732282
0
LINE
8
BLACK
6
CONTINUOUS
10
3.7117548031496064
20
-1.8647366141732282
11
3.7099946850393701
21
-1.861216377952756
0
LINE
8
BLACK
6
CONTINUOUS
10
3.7099946850393701
20
-1.861216377952756
11
3.7085378346456692
21
-1.859759527559055
0
LINE
8
BLACK
6
CONTINUOUS
10
3.7085378346456692
20
-1.859759527559055
11
3.7050175984251967
21
-1.8579994094488188
0
LINE
8
BLACK
6
CONTINUOUS
10
3.7050175984251967
20
-1.8579994094488188
11
3.6965572047244093
21
-1.8579994094488188
0
LINE
8
BLACK
6
CONTINUOUS
10
3.6965572047244093
20
-1.8579994094488188
11
3.6930369685039368
21
-1.859759527559055
0
LINE
8
BLACK
6
CONTINUOUS
10
3.6930369685039368
20
-1.8344501968503937
11
3.6915800787401576
21
-1.8359070866141731
0
LINE
8
BLACK
6
CONTINUOUS
10
3.6915800787401576
20
-1.8359070866141731
11
3.6898200393700789
21
-1.8394272047244093
0
LINE
8
BLACK
6
CONTINUOUS
10
3.6898200393700789
20
-1.8394272047244093
11
3.6898200393700789
21
-1.8394512204724409
0
LINE
8
BLACK
6
CONTINUOUS
10
3.6898200393700789
20
-1.8394512204724409
11
3.6915800787401576
21
-1.8429713779527559
0
LINE
8
BLACK
6
CONTINUOUS
10
3.6915800787401576
20
-1.8429713779527559
11
3.6930369685039368
21
-1.8444282677165353
0
LINE
8
BLACK
6
CONTINUOUS
10
3.6930369685039368
20
-1.8444282677165353
11
3.6965572047244093
21
-1.8461883858267716
0
LINE
8
BLACK
6
CONTINUOUS
10
3.6965572047244093
20
-1.8461883858267716
11
3.7050176377952755
21
-1.8461883858267716
0
LINE
8
BLACK
6
CONTINUOUS
10
3.7050176377952755
20
-1.8461883858267716
11
3.7085378346456692
21
-1.8444282677165353
0
LINE
8
BLACK
6
CONTINUOUS
10
3.7085378346456692
20
-1.8444282677165353
11
3.7099946456692914
21
-1.8429714173228346
0
LINE
8
BLACK
6
CONTINUOUS
10
3.7099946456692914
20
-1.8429714173228346
11
3.7117548031496064
21
-1.8394511811023622
0
LINE
8
BLACK
6
CONTINUOUS
10
3.7117548031496064
20
-1.8394511811023622
11
3.7117548031496064
21
-1.8394272440944881
0
LINE
8
BLACK
6
CONTINUOUS
10
3.7117548031496064
20
-1.8394272440944881
11
3.7099946850393701
21
-1.8359070472440944
0
LINE
8
BLACK
6
CONTINUOUS
10
3.7099946850393701
20
-1.8359070472440944
11
3.7085378346456692
21
-1.8344501968503937
0
LINE
8
BLACK
6
CONTINUOUS
10
3.7085378346456692
20
-1.8344501968503937
11
3.7050175984251967
21
-1.8326900787401574
0
LINE
8
BLACK
6
CONTINUOUS
10
3.7050175984251967
20
-1.8326900787401574
11
3.6965572047244093
21
-1.8326900787401574
0
LINE
8
BLACK
6
CONTINUOUS
10
3.6965572047244093
20
-1.8326900787401574
11
3.6930369685039368
21
-1.8344501968503937
0
LINE
8
BLACK
6
CONTINUOUS
10
3.7609946456692911
20
-1.8209925196850394
11
3.7611907086614171
21
-1.8210737401574804
0
LINE
8
BLACK
6
CONTINUOUS
10
3.7611907086614171
20
-1.8210737401574804
11
3.7614023228346456
21
-1.821088779527559
0
LINE
8
BLACK
6
CONTINUOUS
10
3.7614023228346456
20
-1.821088779527559
11
3.7624835433070865
21
-1.8215025196850394
0
LINE
8
BLACK
6
CONTINUOUS
10
3.7624835433070865
20
-1.8215025196850394
11
3.7681078346456691
21
-1.8243146850393701
0
LINE
8
BLACK
6
CONTINUOUS
10
3.7681078346456691
20
-1.8243146850393701
11
3.7686037007874016
21
-1.8246268110236219
0
LINE
8
BLACK
6
CONTINUOUS
10
3.7686037007874016
20
-1.8246268110236219
11
3.7687476771653543
21
-1.8246864566929133
0
LINE
8
BLACK
6
CONTINUOUS
10
3.7687476771653543
20
-1.8246864566929133
11
3.7689097637795275
21
-1.8248194881889763
0
LINE
8
BLACK
6
CONTINUOUS
10
3.7689097637795275
20
-1.8248194881889763
11
3.7690875984251968
21
-1.8249314173228346
0
LINE
8
BLACK
6
CONTINUOUS
10
3.7690875984251968
20
-1.8249314173228346
11
3.769189842519685
21
-1.8250492913385827
0
LINE
8
BLACK
6
CONTINUOUS
10
3.769189842519685
20
-1.8250492913385827
11
3.7696425984251967
21
-1.8254208661417322
0
LINE
8
BLACK
6
CONTINUOUS
10
3.7696425984251967
20
-1.8254208661417322
11
3.7724547637795274
21
-1.8282329921259841
0
LINE
8
BLACK
6
CONTINUOUS
10
3.7724547637795274
20
-1.8282329921259841
11
3.7728264960629923
21
-1.8286859448818897
0
LINE
8
BLACK
6
CONTINUOUS
10
3.7728264960629923
20
-1.8286859448818897
11
3.7729442913385824
21
-1.8287881102362205
0
LINE
8
BLACK
6
CONTINUOUS
10
3.7729442913385824
20
-1.8287881102362205
11
3.7730560629921257
21
-1.8289656692913385
0
LINE
8
BLACK
6
CONTINUOUS
10
3.7730560629921257
20
-1.8289656692913385
11
3.773189212598425
21
-1.8291279133858267
0
LINE
8
BLACK
6
CONTINUOUS
10
3.773189212598425
20
-1.8291279133858267
11
3.7732488582677166
21
-1.8292719685039369
0
LINE
8
BLACK
6
CONTINUOUS
10
3.7732488582677166
20
-1.8292719685039369
11
3.7735610236220474
21
-1.8297678346456692
0
LINE
8
BLACK
6
CONTINUOUS
10
3.7735610236220474
20
-1.8297678346456692
11
3.7763731496062993
21
-1.8353921653543306
0
LINE
8
BLACK
6
CONTINUOUS
10
3.7763731496062993
20
-1.8353921653543306
11
3.77640531496063
21
-1.8354762598425196
0
LINE
8
BLACK
6
CONTINUOUS
10
3.77640531496063
20
-1.8354762598425196
11
3.7764307874015746
21
-1.8355106299212598
0
LINE
8
BLACK
6
CONTINUOUS
10
3.7764307874015746
20
-1.8355106299212598
11
3.7766034645669291
21
-1.8359940551181102
0
LINE
8
BLACK
6
CONTINUOUS
10
3.7766034645669291
20
-1.8359940551181102
11
3.7767869291338583
21
-1.8364733858267717
0
LINE
8
BLACK
6
CONTINUOUS
10
3.7767869291338583
20
-1.8364733858267717
11
3.7767899212598426
21
-1.8365159842519685
0
LINE
8
BLACK
6
CONTINUOUS
10
3.7767899212598426
20
-1.8365159842519685
11
3.7768202755905511
21
-1.8366008661417323
0
LINE
8
BLACK
6
CONTINUOUS
10
3.7768202755905511
20
-1.8366008661417323
11
3.7796324409448818
21
-1.8478494488188977
0
LINE
8
BLACK
6
CONTINUOUS
10
3.7796324409448818
20
-1.8478494488188977
11
3.779661968503937
21
-1.8480491338582676
0
LINE
8
BLACK
6
CONTINUOUS
10
3.779661968503937
20
-1.8480491338582676
11
3.7796953149606298
21
-1.8481296456692913
0
LINE
8
BLACK
6
CONTINUOUS
10
3.7796953149606298
20
-1.8481296456692913
11
3.7797380314960627
21
-1.8485634645669291
0
LINE
8
BLACK
6
CONTINUOUS
10
3.7797380314960627
20
-1.8485634645669291
11
3.779801811023622
21
-1.8489946850393701
0
LINE
8
BLACK
6
CONTINUOUS
10
3.779801811023622
20
-1.8489946850393701
11
3.7797889763779526
21
-1.8490808267716534
0
LINE
8
BLACK
6
CONTINUOUS
10
3.7797889763779526
20
-1.8490808267716534
11
3.779808779527559
21
-1.8492817716535432
0
LINE
8
BLACK
6
CONTINUOUS
10
3.779808779527559
20
-1.8492817716535432
11
3.779808779527559
21
-1.8633425196850393
0
LINE
8
BLACK
6
CONTINUOUS
10
3.779808779527559
20
-1.8633425196850393
11
3.7797889763779526
21
-1.8635434251968503
0
LINE
8
BLACK
6
CONTINUOUS
10
3.7797889763779526
20
-1.8635434251968503
11
3.779801811023622
21
-1.8636296062992126
0
LINE
8
BLACK
6
CONTINUOUS
10
3.779801811023622
20
-1.8636296062992126
11
3.7797380314960627
21
-1.8640607874015747
0
LINE
8
BLACK
6
CONTINUOUS
10
3.7797380314960627
20
-1.8640607874015747
11
3.7796953149606298
21
-1.8644946456692912
0
LINE
8
BLACK
6
CONTINUOUS
10
3.7796953149606298
20
-1.8644946456692912
11
3.779661968503937
21
-1.8645751181102361
0
LINE
8
BLACK
6
CONTINUOUS
10
3.779661968503937
20
-1.8645751181102361
11
3.7796324409448818
21
-1.8647748425196851
0
LINE
8
BLACK
6
CONTINUOUS
10
3.7796324409448818
20
-1.8647748425196851
11
3.7768202755905511
21
-1.8760234251968504
0
LINE
8
BLACK
6
CONTINUOUS
10
3.7768202755905511
20
-1.8760234251968504
11
3.7767899212598426
21
-1.8761082677165355
0
LINE
8
BLACK
6
CONTINUOUS
10
3.7767899212598426
20
-1.8761082677165355
11
3.7767869291338583
21
-1.8761508661417323
0
LINE
8
BLACK
6
CONTINUOUS
10
3.7767869291338583
20
-1.8761508661417323
11
3.7766035826771653
21
-1.8766298818897638
0
LINE
8
BLACK
6
CONTINUOUS
10
3.7766035826771653
20
-1.8766298818897638
11
3.7764307874015746
21
-1.877113622047244
0
LINE
8
BLACK
6
CONTINUOUS
10
3.7764307874015746
20
-1.877113622047244
11
3.77640531496063
21
-1.8771479527559054
0
LINE
8
BLACK
6
CONTINUOUS
10
3.77640531496063
20
-1.8771479527559054
11
3.7763731496062993
21
-1.8772320866141732
0
LINE
8
BLACK
6
CONTINUOUS
10
3.7763731496062993
20
-1.8772320866141732
11
3.7735610236220474
21
-1.8828564173228346
0
LINE
8
BLACK
6
CONTINUOUS
10
3.7735610236220474
20
-1.8828564173228346
11
3.7732489370078741
21
-1.8833521259842518
0
LINE
8
BLACK
6
CONTINUOUS
10
3.7732489370078741
20
-1.8833521259842518
11
3.7731892519685037
21
-1.8834962992125983
0
LINE
8
BLACK
6
CONTINUOUS
10
3.7731892519685037
20
-1.8834962992125983
11
3.773056023622047
21
-1.8836585826771652
0
LINE
8
BLACK
6
CONTINUOUS
10
3.773056023622047
20
-1.8836585826771652
11
3.7729442913385824
21
-1.8838361417322835
0
LINE
8
BLACK
6
CONTINUOUS
10
3.7729442913385824
20
-1.8838361417322835
11
3.7728264960629923
21
-1.8839382677165355
0
LINE
8
BLACK
6
CONTINUOUS
10
3.7728264960629923
20
-1.8839382677165355
11
3.7724548031496061
21
-1.8843912204724409
0
LINE
8
BLACK
6
CONTINUOUS
10
3.7724548031496061
20
-1.8843912204724409
11
3.7696426377952754
21
-1.8872033858267716
0
LINE
8
BLACK
6
CONTINUOUS
10
3.7696426377952754
20
-1.8872033858267716
11
3.7691898031496063
21
-1.887575
0
LINE
8
BLACK
6
CONTINUOUS
10
3.7691898031496063
20
-1.887575
11
3.7690875984251968
21
-1.8876928740157479
0
LINE
8
BLACK
6
CONTINUOUS
10
3.7690875984251968
20
-1.8876928740157479
11
3.7689098818897637
21
-1.8878046850393699
0
LINE
8
BLACK
6
CONTINUOUS
10
3.7689098818897637
20
-1.8878046850393699
11
3.7687477165354331
21
-1.8879378346456692
0
LINE
8
BLACK
6
CONTINUOUS
10
3.7687477165354331
20
-1.8879378346456692
11
3.7686036220472441
21
-1.8879974803149606
0
LINE
8
BLACK
6
CONTINUOUS
10
3.7686036220472441
20
-1.8879974803149606
11
3.7681078346456691
21
-1.8883096062992126
0
LINE
8
BLACK
6
CONTINUOUS
10
3.7681078346456691
20
-1.8883096062992126
11
3.7624835433070865
21
-1.8911217322834646
0
LINE
8
BLACK
6
CONTINUOUS
10
3.7624835433070865
20
-1.8911217322834646
11
3.7614022834645668
21
-1.8915355118110235
0
LINE
8
BLACK
6
CONTINUOUS
10
3.7614022834645668
20
-1.8915355118110235
11
3.7611906299212596
21
-1.8915505118110236
0
LINE
8
BLACK
6
CONTINUOUS
10
3.7611906299212596
20
-1.8915505118110236
11
3.7609946456692911
21
-1.8916317322834646
0
LINE
8
BLACK
6
CONTINUOUS
10
3.7609946456692911
20
-1.8916317322834646
11
3.7598425196850394
21
-1.8917451968503936
0
LINE
8
BLACK
6
CONTINUOUS
10
3.7598425196850394
20
-1.8917451968503936
11
3.7542182283464567
21
-1.8917451968503936
0
LINE
8
BLACK
6
CONTINUOUS
10
3.7542182283464567
20
-1.8917451968503936
11
3.7530661023622045
21
-1.8916317322834646
0
LINE
8
BLACK
6
CONTINUOUS
10
3.7530661023622045
20
-1.8916317322834646
11
3.7528700787401572
21
-1.8915505118110236
0
LINE
8
BLACK
6
CONTINUOUS
10
3.7528700787401572
20
-1.8915505118110236
11
3.7526584645669292
21
-1.8915355118110235
0
LINE
8
BLACK
6
CONTINUOUS
10
3.7526584645669292
20
-1.8915355118110235
11
3.7515772440944879
21
-1.8911217322834646
0
LINE
8
BLACK
6
CONTINUOUS
10
3.7515772440944879
20
-1.8911217322834646
11
3.7459529133858265
21
-1.8883096062992126
0
LINE
8
BLACK
6
CONTINUOUS
10
3.7459529133858265
20
-1.8883096062992126
11
3.7454571653543307
21
-1.8879975196850394
0
LINE
8
BLACK
6
CONTINUOUS
10
3.7454571653543307
20
-1.8879975196850394
11
3.745313031496063
21
-1.8879378346456692
0
LINE
8
BLACK
6
CONTINUOUS
10
3.745313031496063
20
-1.8879378346456692
11
3.7451507086614173
21
-1.8878046062992127
0
LINE
8
BLACK
6
CONTINUOUS
10
3.7451507086614173
20
-1.8878046062992127
11
3.744973188976378
21
-1.8876928740157479
0
LINE
8
BLACK
6
CONTINUOUS
10
3.744973188976378
20
-1.8876928740157479
11
3.7448710236220473
21
-1.8875750787401575
0
LINE
8
BLACK
6
CONTINUOUS
10
3.7448710236220473
20
-1.8875750787401575
11
3.7444181102362202
21
-1.8872033858267716
0
LINE
8
BLACK
6
CONTINUOUS
10
3.7444181102362202
20
-1.8872033858267716
11
3.7416059448818895
21
-1.8843912204724409
0
LINE
8
BLACK
6
CONTINUOUS
10
3.7416059448818895
20
-1.8843912204724409
11
3.7412342913385825
21
-1.8839383858267715
0
LINE
8
BLACK
6
CONTINUOUS
10
3.7412342913385825
20
-1.8839383858267715
11
3.7411164566929132
21
-1.8838361811023621
0
LINE
8
BLACK
6
CONTINUOUS
10
3.7411164566929132
20
-1.8838361811023621
11
3.7410046062992124
21
-1.883658464566929
0
LINE
8
BLACK
6
CONTINUOUS
10
3.7410046062992124
20
-1.883658464566929
11
3.7408714960629919
21
-1.8834962992125983
0
LINE
8
BLACK
6
CONTINUOUS
10
3.7408714960629919
20
-1.8834962992125983
11
3.7408118110236219
21
-1.8833522047244093
0
LINE
8
BLACK
6
CONTINUOUS
10
3.7408118110236219
20
-1.8833522047244093
11
3.7404997244094487
21
-1.8828564173228346
0
LINE
8
BLACK
6
CONTINUOUS
10
3.7404997244094487
20
-1.8828564173228346
11
3.737687559055118
21
-1.8772321259842519
0
LINE
8
BLACK
6
CONTINUOUS
10
3.737687559055118
20
-1.8772321259842519
11
3.737655275590551
21
-1.8771478346456691
0
LINE
8
BLACK
6
CONTINUOUS
10
3.737655275590551
20
-1.8771478346456691
11
3.7376299212598423
21
-1.8771135826771652
0
LINE
8
BLACK
6
CONTINUOUS
10
3.7376299212598423
20
-1.8771135826771652
11
3.7374572047244095
21
-1.8766301968503936
0
LINE
8
BLACK
6
CONTINUOUS
10
3.7374572047244095
20
-1.8766301968503936
11
3.7372738188976378
21
-1.8761509055118111
0
LINE
8
BLACK
6
CONTINUOUS
10
3.7372738188976378
20
-1.8761509055118111
11
3.7372707874015747
21
-1.8761083464566928
0
LINE
8
BLACK
6
CONTINUOUS
10
3.7372707874015747
20
-1.8761083464566928
11
3.7372404330708662
21
-1.8760233858267716
0
LINE
8
BLACK
6
CONTINUOUS
10
3.7372404330708662
20
-1.8760233858267716
11
3.7344283070866142
21
-1.8647748031496063
0
LINE
8
BLACK
6
CONTINUOUS
10
3.7344283070866142
20
-1.8647748031496063
11
3.7343987795275591
21
-1.8645751181102361
0
LINE
8
BLACK
6
CONTINUOUS
10
3.7343987795275591
20
-1.8645751181102361
11
3.7343654330708662
21
-1.8644946456692912
0
LINE
8
BLACK
6
CONTINUOUS
10
3.7343654330708662
20
-1.8644946456692912
11
3.7343226771653542
21
-1.8640606692913386
0
LINE
8
BLACK
6
CONTINUOUS
10
3.7343226771653542
20
-1.8640606692913386
11
3.734258937007874
21
-1.8636295669291338
0
LINE
8
BLACK
6
CONTINUOUS
10
3.734258937007874
20
-1.8636295669291338
11
3.7342717322834647
21
-1.8635434251968503
0
LINE
8
BLACK
6
CONTINUOUS
10
3.7342717322834647
20
-1.8635434251968503
11
3.734251968503937
21
-1.8633425196850393
0
LINE
8
BLACK
6
CONTINUOUS
10
3.734251968503937
20
-1.8633425196850393
11
3.734251968503937
21
-1.8492817716535432
0
LINE
8
BLACK
6
CONTINUOUS
10
3.734251968503937
20
-1.8492817716535432
11
3.7342717322834647
21
-1.8490808267716534
0
LINE
8
BLACK
6
CONTINUOUS
10
3.7342717322834647
20
-1.8490808267716534
11
3.734258937007874
21
-1.8489947244094487
0
LINE
8
BLACK
6
CONTINUOUS
10
3.734258937007874
20
-1.8489947244094487
11
3.7343226771653542
21
-1.8485635826771654
0
LINE
8
BLACK
6
CONTINUOUS
10
3.7343226771653542
20
-1.8485635826771654
11
3.7343654330708662
21
-1.8481296456692913
0
LINE
8
BLACK
6
CONTINUOUS
10
3.7343654330708662
20
-1.8481296456692913
11
3.7343987795275591
21
-1.8480491338582676
0
LINE
8
BLACK
6
CONTINUOUS
10
3.7343987795275591
20
-1.8480491338582676
11
3.7344283070866142
21
-1.8478494881889764
0
LINE
8
BLACK
6
CONTINUOUS
10
3.7344283070866142
20
-1.8478494881889764
11
3.7372404330708662
21
-1.8366008661417323
0
LINE
8
BLACK
6
CONTINUOUS
10
3.7372404330708662
20
-1.8366008661417323
11
3.7372707874015747
21
-1.8365158661417322
0
LINE
8
BLACK
6
CONTINUOUS
10
3.7372707874015747
20
-1.8365158661417322
11
3.7372738188976378
21
-1.8364733464566929
0
LINE
8
BLACK
6
CONTINUOUS
10
3.7372738188976378
20
-1.8364733464566929
11
3.7374572047244095
21
-1.8359940157480314
0
LINE
8
BLACK
6
CONTINUOUS
10
3.7374572047244095
20
-1.8359940157480314
11
3.7376299212598423
21
-1.8355106692913385
0
LINE
8
BLACK
6
CONTINUOUS
10
3.7376299212598423
20
-1.8355106692913385
11
3.737655275590551
21
-1.8354763779527559
0
LINE
8
BLACK
6
CONTINUOUS
10
3.737655275590551
20
-1.8354763779527559
11
3.737687559055118
21
-1.8353921259842518
0
LINE
8
BLACK
6
CONTINUOUS
10
3.737687559055118
20
-1.8353921259842518
11
3.7404997244094487
21
-1.8297678346456692
0
LINE
8
BLACK
6
CONTINUOUS
10
3.7404997244094487
20
-1.8297678346456692
11
3.7408118503937007
21
-1.8292719291338582
0
LINE
8
BLACK
6
CONTINUOUS
10
3.7408118503937007
20
-1.8292719291338582
11
3.7408715354330706
21
-1.8291279133858267
0
LINE
8
BLACK
6
CONTINUOUS
10
3.7408715354330706
20
-1.8291279133858267
11
3.7410045669291336
21
-1.8289657874015748
0
LINE
8
BLACK
6
CONTINUOUS
10
3.7410045669291336
20
-1.8289657874015748
11
3.7411164566929132
21
-1.8287880708661417
0
LINE
8
BLACK
6
CONTINUOUS
10
3.7411164566929132
20
-1.8287880708661417
11
3.7412343307086613
21
-1.8286858267716535
0
LINE
8
BLACK
6
CONTINUOUS
10
3.7412343307086613
20
-1.8286858267716535
11
3.7416059842519682
21
-1.8282329921259841
0
LINE
8
BLACK
6
CONTINUOUS
10
3.7416059842519682
20
-1.8282329921259841
11
3.7444181496062989
21
-1.8254208661417322
0
LINE
8
BLACK
6
CONTINUOUS
10
3.7444181496062989
20
-1.8254208661417322
11
3.744870905511811
21
-1.825049251968504
0
LINE
8
BLACK
6
CONTINUOUS
10
3.744870905511811
20
-1.825049251968504
11
3.7449731496062992
21
-1.8249314173228346
0
LINE
8
BLACK
6
CONTINUOUS
10
3.7449731496062992
20
-1.8249314173228346
11
3.7451507874015748
21
-1.8248195669291338
0
LINE
8
BLACK
6
CONTINUOUS
10
3.7451507874015748
20
-1.8248195669291338
11
3.745313031496063
21
-1.8246864566929133
0
LINE
8
BLACK
6
CONTINUOUS
10
3.745313031496063
20
-1.8246864566929133
11
3.7454570866141732
21
-1.8246267716535434
0
LINE
8
BLACK
6
CONTINUOUS
10
3.7454570866141732
20
-1.8246267716535434
11
3.7459529133858265
21
-1.8243146850393701
0
LINE
8
BLACK
6
CONTINUOUS
10
3.7459529133858265
20
-1.8243146850393701
11
3.7515771653543308
21
-1.8215025196850394
0
LINE
8
BLACK
6
CONTINUOUS
10
3.7515771653543308
20
-1.8215025196850394
11
3.7526584251968504
21
-1.821088779527559
0
LINE
8
BLACK
6
CONTINUOUS
10
3.7526584251968504
20
-1.821088779527559
11
3.7528699999999997
21
-1.8210737401574804
0
LINE
8
BLACK
6
CONTINUOUS
10
3.7528699999999997
20
-1.8210737401574804
11
3.7530661023622045
21
-1.8209925196850394
0
LINE
8
BLACK
6
CONTINUOUS
10
3.7530661023622045
20
-1.8209925196850394
11
3.7542182283464567
21
-1.8208790551181102
0
LINE
8
BLACK
6
CONTINUOUS
10
3.7542182283464567
20
-1.8208790551181102
11
3.7598425196850394
21
-1.8208790551181102
0
LINE
8
BLACK
6
CONTINUOUS
10
3.7598425196850394
20
-1.8208790551181102
11
3.7609946456692911
21
-1.8209925196850394
0
LINE
8
BLACK
6
CONTINUOUS
10
3.7520920866141729
20
-1.8344501968503937
11
3.7506352362204725
21
-1.8359070078740156
0
LINE
8
BLACK
6
CONTINUOUS
10
3.7506352362204725
20
-1.8359070078740156
11
3.7485414960629919
21
-1.8400944094488187
0
LINE
8
BLACK
6
CONTINUOUS
10
3.7485414960629919
20
-1.8400944094488187
11
3.7460629921259843
21
-1.8500086614173228
0
LINE
8
BLACK
6
CONTINUOUS
10
3.7460629921259843
20
-1.8500086614173228
11
3.7460629921259843
21
-1.862615590551181
0
LINE
8
BLACK
6
CONTINUOUS
10
3.7460629921259843
20
-1.862615590551181
11
3.7485414960629919
21
-1.8725298031496063
0
LINE
8
BLACK
6
CONTINUOUS
10
3.7485414960629919
20
-1.8725298031496063
11
3.7506352362204725
21
-1.8767172047244094
0
LINE
8
BLACK
6
CONTINUOUS
10
3.7506352362204725
20
-1.8767172047244094
11
3.7520920866141729
21
-1.8781740551181101
0
LINE
8
BLACK
6
CONTINUOUS
10
3.7520920866141729
20
-1.8781740551181101
11
3.7556123228346454
21
-1.8799341732283463
0
LINE
8
BLACK
6
CONTINUOUS
10
3.7556123228346454
20
-1.8799341732283463
11
3.7584484251968502
21
-1.8799341732283463
0
LINE
8
BLACK
6
CONTINUOUS
10
3.7584484251968502
20
-1.8799341732283463
11
3.7619685826771652
21
-1.8781740944881888
0
LINE
8
BLACK
6
CONTINUOUS
10
3.7619685826771652
20
-1.8781740944881888
11
3.7634254724409448
21
-1.8767172047244094
0
LINE
8
BLACK
6
CONTINUOUS
10
3.7634254724409448
20
-1.8767172047244094
11
3.7655191338582674
21
-1.8725298818897638
0
LINE
8
BLACK
6
CONTINUOUS
10
3.7655191338582674
20
-1.8725298818897638
11
3.7679977559055118
21
-1.8626155511811022
0
LINE
8
BLACK
6
CONTINUOUS
10
3.7679977559055118
20
-1.8626155511811022
11
3.7679977559055118
21
-1.8500087007874015
0
LINE
8
BLACK
6
CONTINUOUS
10
3.7679977559055118
20
-1.8500087007874015
11
3.7655191338582674
21
-1.8400943700787402
0
LINE
8
BLACK
6
CONTINUOUS
10
3.7655191338582674
20
-1.8400943700787402
11
3.7634255118110236
21
-1.8359070472440944
0
LINE
8
BLACK
6
CONTINUOUS
10
3.7634255118110236
20
-1.8359070472440944
11
3.7619686614173227
21
-1.8344501968503937
0
LINE
8
BLACK
6
CONTINUOUS
10
3.7619686614173227
20
-1.8344501968503937
11
3.7584484251968502
21
-1.8326900787401574
0
LINE
8
BLACK
6
CONTINUOUS
10
3.7584484251968502
20
-1.8326900787401574
11
3.7556123228346454
21
-1.8326900787401574
0
LINE
8
BLACK
6
CONTINUOUS
10
3.7556123228346454
20
-1.8326900787401574
11
3.7520920866141729
21
-1.8344501968503937
0
LINE
8
BLACK
6
CONTINUOUS
10
3.8172375984251969
20
-1.8209925196850394
11
3.8174336614173225
21
-1.8210737401574804
0
LINE
8
BLACK
6
CONTINUOUS
10
3.8174336614173225
20
-1.8210737401574804
11
3.817645275590551
21
-1.821088779527559
0
LINE
8
BLACK
6
CONTINUOUS
10
3.817645275590551
20
-1.821088779527559
11
3.8187264960629919
21
-1.8215025196850394
0
LINE
8
BLACK
6
CONTINUOUS
10
3.8187264960629919
20
-1.8215025196850394
11
3.8243507874015745
21
-1.8243146850393701
0
LINE
8
BLACK
6
CONTINUOUS
10
3.8243507874015745
20
-1.8243146850393701
11
3.824846653543307
21
-1.8246268110236219
0
LINE
8
BLACK
6
CONTINUOUS
10
3.824846653543307
20
-1.8246268110236219
11
3.8249906299212597
21
-1.8246864566929133
0
LINE
8
BLACK
6
CONTINUOUS
10
3.8249906299212597
20
-1.8246864566929133
11
3.8251527165354329
21
-1.8248194881889763
0
LINE
8
BLACK
6
CONTINUOUS
10
3.8251527165354329
20
-1.8248194881889763
11
3.8253305511811022
21
-1.8249314173228346
0
LINE
8
BLACK
6
CONTINUOUS
10
3.8253305511811022
20
-1.8249314173228346
11
3.8254327952755904
21
-1.8250492913385827
0
LINE
8
BLACK
6
CONTINUOUS
10
3.8254327952755904
20
-1.8250492913385827
11
3.8258855511811021
21
-1.8254208661417322
0
LINE
8
BLACK
6
CONTINUOUS
10
3.8258855511811021
20
-1.8254208661417322
11
3.8286977165354328
21
-1.8282329921259841
0
LINE
8
BLACK
6
CONTINUOUS
10
3.8286977165354328
20
-1.8282329921259841
11
3.8290694488188977
21
-1.8286859448818897
0
LINE
8
BLACK
6
CONTINUOUS
10
3.8290694488188977
20
-1.8286859448818897
11
3.8291872440944883
21
-1.8287881102362205
0
LINE
8
BLACK
6
CONTINUOUS
10
3.8291872440944883
20
-1.8287881102362205
11
3.8292990157480316
21
-1.8289656692913385
0
LINE
8
BLACK
6
CONTINUOUS
10
3.8292990157480316
20
-1.8289656692913385
11
3.8294321653543308
21
-1.8291279133858267
0
LINE
8
BLACK
6
CONTINUOUS
10
3.8294321653543308
20
-1.8291279133858267
11
3.829491811023622
21
-1.8292719685039369
0
LINE
8
BLACK
6
CONTINUOUS
10
3.829491811023622
20
-1.8292719685039369
11
3.8298039763779528
21
-1.8297678346456692
0
LINE
8
BLACK
6
CONTINUOUS
10
3.8298039763779528
20
-1.8297678346456692
11
3.8326161023622047
21
-1.8353921653543306
0
LINE
8
BLACK
6
CONTINUOUS
10
3.8326161023622047
20
-1.8353921653543306
11
3.8326482677165354
21
-1.8354762598425196
0
LINE
8
BLACK
6
CONTINUOUS
10
3.8326482677165354
20
-1.8354762598425196
11
3.8326737401574804
21
-1.8355106299212598
0
LINE
8
BLACK
6
CONTINUOUS
10
3.8326737401574804
20
-1.8355106299212598
11
3.8328464173228345
21
-1.8359940551181102
0
LINE
8
BLACK
6
CONTINUOUS
10
3.8328464173228345
20
-1.8359940551181102
11
3.8330298818897637
21
-1.8364733858267717
0
LINE
8
BLACK
6
CONTINUOUS
10
3.8330298818897637
20
-1.8364733858267717
11
3.833032874015748
21
-1.8365159842519685
0
LINE
8
BLACK
6
CONTINUOUS
10
3.833032874015748
20
-1.8365159842519685
11
3.8330632283464565
21
-1.8366008661417323
0
LINE
8
BLACK
6
CONTINUOUS
10
3.8330632283464565
20
-1.8366008661417323
11
3.8358753937007872
21
-1.8478494488188977
0
LINE
8
BLACK
6
CONTINUOUS
10
3.8358753937007872
20
-1.8478494488188977
11
3.8359049212598424
21
-1.8480491338582676
0
LINE
8
BLACK
6
CONTINUOUS
10
3.8359049212598424
20
-1.8480491338582676
11
3.8359382677165352
21
-1.8481296456692913
0
LINE
8
BLACK
6
CONTINUOUS
10
3.8359382677165352
20
-1.8481296456692913
11
3.8359809842519685
21
-1.8485634645669291
0
LINE
8
BLACK
6
CONTINUOUS
10
3.8359809842519685
20
-1.8485634645669291
11
3.8360447637795274
21
-1.8489946850393701
0
LINE
8
BLACK
6
CONTINUOUS
10
3.8360447637795274
20
-1.8489946850393701
11
3.836031929133858
21
-1.8490808267716534
0
LINE
8
BLACK
6
CONTINUOUS
10
3.836031929133858
20
-1.8490808267716534
11
3.8360517322834644
21
-1.8492817716535432
0
LINE
8
BLACK
6
CONTINUOUS
10
3.8360517322834644
20
-1.8492817716535432
11
3.8360517322834644
21
-1.8633425196850393
0
LINE
8
BLACK
6
CONTINUOUS
10
3.8360517322834644
20
-1.8633425196850393
11
3.836031929133858
21
-1.8635434251968503
0
LINE
8
BLACK
6
CONTINUOUS
10
3.836031929133858
20
-1.8635434251968503
11
3.8360447637795274
21
-1.8636296062992126
0
LINE
8
BLACK
6
CONTINUOUS
10
3.8360447637795274
20
-1.8636296062992126
11
3.8359809842519685
21
-1.8640607874015747
0
LINE
8
BLACK
6
CONTINUOUS
10
3.8359809842519685
20
-1.8640607874015747
11
3.8359382677165352
21
-1.8644946456692912
0
LINE
8
BLACK
6
CONTINUOUS
10
3.8359382677165352
20
-1.8644946456692912
11
3.8359049212598424
21
-1.8645751181102361
0
LINE
8
BLACK
6
CONTINUOUS
10
3.8359049212598424
20
-1.8645751181102361
11
3.8358753937007872
21
-1.8647748425196851
0
LINE
8
BLACK
6
CONTINUOUS
10
3.8358753937007872
20
-1.8647748425196851
11
3.8330632283464565
21
-1.8760234251968504
0
LINE
8
BLACK
6
CONTINUOUS
10
3.8330632283464565
20
-1.8760234251968504
11
3.833032874015748
21
-1.8761082677165355
0
LINE
8
BLACK
6
CONTINUOUS
10
3.833032874015748
20
-1.8761082677165355
11
3.8330298818897637
21
-1.8761508661417323
0
LINE
8
BLACK
6
CONTINUOUS
10
3.8330298818897637
20
-1.8761508661417323
11
3.8328465354330707
21
-1.8766298818897638
0
LINE
8
BLACK
6
CONTINUOUS
10
3.8328465354330707
20
-1.8766298818897638
11
3.8326737401574804
21
-1.877113622047244
0
LINE
8
BLACK
6
CONTINUOUS
10
3.8326737401574804
20
-1.877113622047244
11
3.8326482677165354
21
-1.8771479527559054
0
LINE
8
BLACK
6
CONTINUOUS
10
3.8326482677165354
20
-1.8771479527559054
11
3.8326161023622047
21
-1.8772320866141732
0
LINE
8
BLACK
6
CONTINUOUS
10
3.8326161023622047
20
-1.8772320866141732
11
3.8298039763779528
21
-1.8828564173228346
0
LINE
8
BLACK
6
CONTINUOUS
10
3.8298039763779528
20
-1.8828564173228346
11
3.8294918897637795
21
-1.8833521259842518
0
LINE
8
BLACK
6
CONTINUOUS
10
3.8294918897637795
20
-1.8833521259842518
11
3.8294322047244092
21
-1.8834962992125983
0
LINE
8
BLACK
6
CONTINUOUS
10
3.8294322047244092
20
-1.8834962992125983
11
3.8292989763779528
21
-1.8836585826771652
0
LINE
8
BLACK
6
CONTINUOUS
10
3.8292989763779528
20
-1.8836585826771652
11
3.8291872440944883
21
-1.8838361417322835
0
LINE
8
BLACK
6
CONTINUOUS
10
3.8291872440944883
20
-1.8838361417322835
11
3.8290694488188977
21
-1.8839382677165355
0
LINE
8
BLACK
6
CONTINUOUS
10
3.8290694488188977
20
-1.8839382677165355
11
3.8286977559055115
21
-1.8843912204724409
0
LINE
8
BLACK
6
CONTINUOUS
10
3.8286977559055115
20
-1.8843912204724409
11
3.8258855905511808
21
-1.8872033858267716
0
LINE
8
BLACK
6
CONTINUOUS
10
3.8258855905511808
20
-1.8872033858267716
11
3.8254327559055117
21
-1.887575
0
LINE
8
BLACK
6
CONTINUOUS
10
3.8254327559055117
20
-1.887575
11
3.8253305511811022
21
-1.8876928740157479
0
LINE
8
BLACK
6
CONTINUOUS
10
3.8253305511811022
20
-1.8876928740157479
11
3.8251528346456691
21
-1.8878046850393699
0
LINE
8
BLACK
6
CONTINUOUS
10
3.8251528346456691
20
-1.8878046850393699
11
3.8249906692913385
21
-1.8879378346456692
0
LINE
8
BLACK
6
CONTINUOUS
10
3.8249906692913385
20
-1.8879378346456692
11
3.8248465748031495
21
-1.8879974803149606
0
LINE
8
BLACK
6
CONTINUOUS
10
3.8248465748031495
20
-1.8879974803149606
11
3.8243507874015745
21
-1.8883096062992126
0
LINE
8
BLACK
6
CONTINUOUS
10
3.8243507874015745
20
-1.8883096062992126
11
3.8187264960629919
21
-1.8911217322834646
0
LINE
8
BLACK
6
CONTINUOUS
10
3.8187264960629919
20
-1.8911217322834646
11
3.8176452362204722
21
-1.8915355118110235
0
LINE
8
BLACK
6
CONTINUOUS
10
3.8176452362204722
20
-1.8915355118110235
11
3.8174335826771655
21
-1.8915505118110236
0
LINE
8
BLACK
6
CONTINUOUS
10
3.8174335826771655
20
-1.8915505118110236
11
3.8172375984251969
21
-1.8916317322834646
0
LINE
8
BLACK
6
CONTINUOUS
10
3.8172375984251969
20
-1.8916317322834646
11
3.8160854724409448
21
-1.8917451968503936
0
LINE
8
BLACK
6
CONTINUOUS
10
3.8160854724409448
20
-1.8917451968503936
11
3.8104611811023621
21
-1.8917451968503936
0
LINE
8
BLACK
6
CONTINUOUS
10
3.8104611811023621
20
-1.8917451968503936
11
3.8093090551181104
21
-1.8916317322834646
0
LINE
8
BLACK
6
CONTINUOUS
10
3.8093090551181104
20
-1.8916317322834646
11
3.8091130314960631
21
-1.8915505118110236
0
LINE
8
BLACK
6
CONTINUOUS
10
3.8091130314960631
20
-1.8915505118110236
11
3.8089014173228346
21
-1.8915355118110235
0
LINE
8
BLACK
6
CONTINUOUS
10
3.8089014173228346
20
-1.8915355118110235
11
3.8078201968503937
21
-1.8911217322834646
0
LINE
8
BLACK
6
CONTINUOUS
10
3.8078201968503937
20
-1.8911217322834646
11
3.8021958661417323
21
-1.8883096062992126
0
LINE
8
BLACK
6
CONTINUOUS
10
3.8021958661417323
20
-1.8883096062992126
11
3.8017001181102361
21
-1.8879975196850394
0
LINE
8
BLACK
6
CONTINUOUS
10
3.8017001181102361
20
-1.8879975196850394
11
3.8015559842519684
21
-1.8879378346456692
0
LINE
8
BLACK
6
CONTINUOUS
10
3.8015559842519684
20
-1.8879378346456692
11
3.8013936614173227
21
-1.8878046062992127
0
LINE
8
BLACK
6
CONTINUOUS
10
3.8013936614173227
20
-1.8878046062992127
11
3.8012161417322834
21
-1.8876928740157479
0
LINE
8
BLACK
6
CONTINUOUS
10
3.8012161417322834
20
-1.8876928740157479
11
3.8011139763779527
21
-1.8875750787401575
0
LINE
8
BLACK
6
CONTINUOUS
10
3.8011139763779527
20
-1.8875750787401575
11
3.800661062992126
21
-1.8872033858267716
0
LINE
8
BLACK
6
CONTINUOUS
10
3.800661062992126
20
-1.8872033858267716
11
3.7978488976377953
21
-1.8843912204724409
0
LINE
8
BLACK
6
CONTINUOUS
10
3.7978488976377953
20
-1.8843912204724409
11
3.7974772440944879
21
-1.8839383858267715
0
LINE
8
BLACK
6
CONTINUOUS
10
3.7974772440944879
20
-1.8839383858267715
11
3.797359409448819
21
-1.8838361811023621
0
LINE
8
BLACK
6
CONTINUOUS
10
3.797359409448819
20
-1.8838361811023621
11
3.7972475590551182
21
-1.883658464566929
0
LINE
8
BLACK
6
CONTINUOUS
10
3.7972475590551182
20
-1.883658464566929
11
3.7971144488188977
21
-1.8834962992125983
0
LINE
8
BLACK
6
CONTINUOUS
10
3.7971144488188977
20
-1.8834962992125983
11
3.7970547637795273
21
-1.8833522047244093
0
LINE
8
BLACK
6
CONTINUOUS
10
3.7970547637795273
20
-1.8833522047244093
11
3.7967426771653541
21
-1.8828564173228346
0
LINE
8
BLACK
6
CONTINUOUS
10
3.7967426771653541
20
-1.8828564173228346
11
3.7939305118110234
21
-1.8772321259842519
0
LINE
8
BLACK
6
CONTINUOUS
10
3.7939305118110234
20
-1.8772321259842519
11
3.7938982283464564
21
-1.8771478346456691
0
LINE
8
BLACK
6
CONTINUOUS
10
3.7938982283464564
20
-1.8771478346456691
11
3.7938728740157481
21
-1.8771135826771652
0
LINE
8
BLACK
6
CONTINUOUS
10
3.7938728740157481
20
-1.8771135826771652
11
3.7937001574803149
21
-1.8766301968503936
0
LINE
8
BLACK
6
CONTINUOUS
10
3.7937001574803149
20
-1.8766301968503936
11
3.7935167716535432
21
-1.8761509055118111
0
LINE
8
BLACK
6
CONTINUOUS
10
3.7935167716535432
20
-1.8761509055118111
11
3.7935137401574801
21
-1.8761083464566928
0
LINE
8
BLACK
6
CONTINUOUS
10
3.7935137401574801
20
-1.8761083464566928
11
3.7934833858267716
21
-1.8760233858267716
0
LINE
8
BLACK
6
CONTINUOUS
10
3.7934833858267716
20
-1.8760233858267716
11
3.7906712598425196
21
-1.8647748031496063
0
LINE
8
BLACK
6
CONTINUOUS
10
3.7906712598425196
20
-1.8647748031496063
11
3.7906417322834645
21
-1.8645751181102361
0
LINE
8
BLACK
6
CONTINUOUS
10
3.7906417322834645
20
-1.8645751181102361
11
3.7906083858267716
21
-1.8644946456692912
0
LINE
8
BLACK
6
CONTINUOUS
10
3.7906083858267716
20
-1.8644946456692912
11
3.7905656299212596
21
-1.8640606692913386
0
LINE
8
BLACK
6
CONTINUOUS
10
3.7905656299212596
20
-1.8640606692913386
11
3.7905018897637794
21
-1.8636295669291338
0
LINE
8
BLACK
6
CONTINUOUS
10
3.7905018897637794
20
-1.8636295669291338
11
3.7905146850393701
21
-1.8635434251968503
0
LINE
8
BLACK
6
CONTINUOUS
10
3.7905146850393701
20
-1.8635434251968503
11
3.7904949212598424
21
-1.8633425196850393
0
LINE
8
BLACK
6
CONTINUOUS
10
3.7904949212598424
20
-1.8633425196850393
11
3.7904949212598424
21
-1.8492817716535432
0
LINE
8
BLACK
6
CONTINUOUS
10
3.7904949212598424
20
-1.8492817716535432
11
3.7905146850393701
21
-1.8490808267716534
0
LINE
8
BLACK
6
CONTINUOUS
10
3.7905146850393701
20
-1.8490808267716534
11
3.7905018897637794
21
-1.8489947244094487
0
LINE
8
BLACK
6
CONTINUOUS
10
3.7905018897637794
20
-1.8489947244094487
11
3.7905656299212596
21
-1.8485635826771654
0
LINE
8
BLACK
6
CONTINUOUS
10
3.7905656299212596
20
-1.8485635826771654
11
3.7906083858267716
21
-1.8481296456692913
0
LINE
8
BLACK
6
CONTINUOUS
10
3.7906083858267716
20
-1.8481296456692913
11
3.7906417322834645
21
-1.8480491338582676
0
LINE
8
BLACK
6
CONTINUOUS
10
3.7906417322834645
20
-1.8480491338582676
11
3.7906712598425196
21
-1.8478494881889764
0
LINE
8
BLACK
6
CONTINUOUS
10
3.7906712598425196
20
-1.8478494881889764
11
3.7934833858267716
21
-1.8366008661417323
0
LINE
8
BLACK
6
CONTINUOUS
10
3.7934833858267716
20
-1.8366008661417323
11
3.7935137401574801
21
-1.8365158661417322
0
LINE
8
BLACK
6
CONTINUOUS
10
3.7935137401574801
20
-1.8365158661417322
11
3.7935167716535432
21
-1.8364733464566929
0
LINE
8
BLACK
6
CONTINUOUS
10
3.7935167716535432
20
-1.8364733464566929
11
3.7937001574803149
21
-1.8359940157480314
0
LINE
8
BLACK
6
CONTINUOUS
10
3.7937001574803149
20
-1.8359940157480314
11
3.7938728740157481
21
-1.8355106692913385
0
LINE
8
BLACK
6
CONTINUOUS
10
3.7938728740157481
20
-1.8355106692913385
11
3.7938982283464564
21
-1.8354763779527559
0
LINE
8
BLACK
6
CONTINUOUS
10
3.7938982283464564
20
-1.8354763779527559
11
3.7939305118110234
21
-1.8353921259842518
0
LINE
8
BLACK
6
CONTINUOUS
10
3.7939305118110234
20
-1.8353921259842518
11
3.7967426771653541
21
-1.8297678346456692
0
LINE
8
BLACK
6
CONTINUOUS
10
3.7967426771653541
20
-1.8297678346456692
11
3.7970548031496061
21
-1.8292719291338582
0
LINE
8
BLACK
6
CONTINUOUS
10
3.7970548031496061
20
-1.8292719291338582
11
3.7971144881889765
21
-1.8291279133858267
0
LINE
8
BLACK
6
CONTINUOUS
10
3.7971144881889765
20
-1.8291279133858267
11
3.7972475196850395
21
-1.8289657874015748
0
LINE
8
BLACK
6
CONTINUOUS
10
3.7972475196850395
20
-1.8289657874015748
11
3.797359409448819
21
-1.8287880708661417
0
LINE
8
BLACK
6
CONTINUOUS
10
3.797359409448819
20
-1.8287880708661417
11
3.7974772834645667
21
-1.8286858267716535
0
LINE
8
BLACK
6
CONTINUOUS
10
3.7974772834645667
20
-1.8286858267716535
11
3.7978489370078741
21
-1.8282329921259841
0
LINE
8
BLACK
6
CONTINUOUS
10
3.7978489370078741
20
-1.8282329921259841
11
3.8006611023622048
21
-1.8254208661417322
0
LINE
8
BLACK
6
CONTINUOUS
10
3.8006611023622048
20
-1.8254208661417322
11
3.8011138582677164
21
-1.825049251968504
0
LINE
8
BLACK
6
CONTINUOUS
10
3.8011138582677164
20
-1.825049251968504
11
3.8012161023622046
21
-1.8249314173228346
0
LINE
8
BLACK
6
CONTINUOUS
10
3.8012161023622046
20
-1.8249314173228346
11
3.8013937401574802
21
-1.8248195669291338
0
LINE
8
BLACK
6
CONTINUOUS
10
3.8013937401574802
20
-1.8248195669291338
11
3.8015559842519684
21
-1.8246864566929133
0
LINE
8
BLACK
6
CONTINUOUS
10
3.8015559842519684
20
-1.8246864566929133
11
3.8017000393700786
21
-1.8246267716535434
0
LINE
8
BLACK
6
CONTINUOUS
10
3.8017000393700786
20
-1.8246267716535434
11
3.8021958661417323
21
-1.8243146850393701
0
LINE
8
BLACK
6
CONTINUOUS
10
3.8021958661417323
20
-1.8243146850393701
11
3.8078201181102362
21
-1.8215025196850394
0
LINE
8
BLACK
6
CONTINUOUS
10
3.8078201181102362
20
-1.8215025196850394
11
3.8089013779527559
21
-1.821088779527559
0
LINE
8
BLACK
6
CONTINUOUS
10
3.8089013779527559
20
-1.821088779527559
11
3.8091129527559056
21
-1.8210737401574804
0
LINE
8
BLACK
6
CONTINUOUS
10
3.8091129527559056
20
-1.8210737401574804
11
3.8093090551181104
21
-1.8209925196850394
0
LINE
8
BLACK
6
CONTINUOUS
10
3.8093090551181104
20
-1.8209925196850394
11
3.8104611811023621
21
-1.8208790551181102
0
LINE
8
BLACK
6
CONTINUOUS
10
3.8104611811023621
20
-1.8208790551181102
11
3.8160854724409448
21
-1.8208790551181102
0
LINE
8
BLACK
6
CONTINUOUS
10
3.8160854724409448
20
-1.8208790551181102
11
3.8172375984251969
21
-1.8209925196850394
0
LINE
8
BLACK
6
CONTINUOUS
10
3.8083350393700788
20
-1.8344501968503937
11
3.8068781889763779
21
-1.8359070078740156
0
LINE
8
BLACK
6
CONTINUOUS
10
3.8068781889763779
20
-1.8359070078740156
11
3.8047844488188978
21
-1.8400944094488187
0
LINE
8
BLACK
6
CONTINUOUS
10
3.8047844488188978
20
-1.8400944094488187
11
3.8023059448818897
21
-1.8500086614173228
0
LINE
8
BLACK
6
CONTINUOUS
10
3.8023059448818897
20
-1.8500086614173228
11
3.8023059448818897
21
-1.862615590551181
0
LINE
8
BLACK
6
CONTINUOUS
10
3.8023059448818897
20
-1.862615590551181
11
3.8047844488188978
21
-1.8725298031496063
0
LINE
8
BLACK
6
CONTINUOUS
10
3.8047844488188978
20
-1.8725298031496063
11
3.8068781889763779
21
-1.8767172047244094
0
LINE
8
BLACK
6
CONTINUOUS
10
3.8068781889763779
20
-1.8767172047244094
11
3.8083350393700788
21
-1.8781740551181101
0
LINE
8
BLACK
6
CONTINUOUS
10
3.8083350393700788
20
-1.8781740551181101
11
3.8118552755905513
21
-1.8799341732283463
0
LINE
8
BLACK
6
CONTINUOUS
10
3.8118552755905513
20
-1.8799341732283463
11
3.814691377952756
21
-1.8799341732283463
0
LINE
8
BLACK
6
CONTINUOUS
10
3.814691377952756
20
-1.8799341732283463
11
3.8182115354330706
21
-1.8781740944881888
0
LINE
8
BLACK
6
CONTINUOUS
10
3.8182115354330706
20
-1.8781740944881888
11
3.8196684251968502
21
-1.8767172047244094
0
LINE
8
BLACK
6
CONTINUOUS
10
3.8196684251968502
20
-1.8767172047244094
11
3.8217620866141733
21
-1.8725298818897638
0
LINE
8
BLACK
6
CONTINUOUS
10
3.8217620866141733
20
-1.8725298818897638
11
3.8242407086614172
21
-1.8626155511811022
0
LINE
8
BLACK
6
CONTINUOUS
10
3.8242407086614172
20
-1.8626155511811022
11
3.8242407086614172
21
-1.8500087007874015
0
LINE
8
BLACK
6
CONTINUOUS
10
3.8242407086614172
20
-1.8500087007874015
11
3.8217620866141733
21
-1.8400943700787402
0
LINE
8
BLACK
6
CONTINUOUS
10
3.8217620866141733
20
-1.8400943700787402
11
3.819668464566929
21
-1.8359070472440944
0
LINE
8
BLACK
6
CONTINUOUS
10
3.819668464566929
20
-1.8359070472440944
11
3.8182116141732281
21
-1.8344501968503937
0
LINE
8
BLACK
6
CONTINUOUS
10
3.8182116141732281
20
-1.8344501968503937
11
3.814691377952756
21
-1.8326900787401574
0
LINE
8
BLACK
6
CONTINUOUS
10
3.814691377952756
20
-1.8326900787401574
11
3.8118552755905513
21
-1.8326900787401574
0
LINE
8
BLACK
6
CONTINUOUS
10
3.8118552755905513
20
-1.8326900787401574
11
3.8083350393700788
21
-1.8344501968503937
0
LINE
8
BLACK
6
CONTINUOUS
10
3.6653816141732283
20
-1.8209925196850394
11
3.6654155118110237
21
-1.8210065354330709
0
LINE
8
BLACK
6
CONTINUOUS
10
3.6654155118110237
20
-1.8210065354330709
11
3.6654521259842521
21
-1.8210070078740157
0
LINE
8
BLACK
6
CONTINUOUS
10
3.6654521259842521
20
-1.8210070078740157
11
3.666478149606299
21
-1.8214467322834644
0
LINE
8
BLACK
6
CONTINUOUS
10
3.666478149606299
20
-1.8214467322834644
11
3.6675104330708659
21
-1.8218743307086613
0
LINE
8
BLACK
6
CONTINUOUS
10
3.6675104330708659
20
-1.8218743307086613
11
3.6675363385826771
21
-1.8219002362204724
0
LINE
8
BLACK
6
CONTINUOUS
10
3.6675363385826771
20
-1.8219002362204724
11
3.6675700393700787
21
-1.8219146850393699
0
LINE
8
BLACK
6
CONTINUOUS
10
3.6675700393700787
20
-1.8219146850393699
11
3.6683491732283464
21
-1.8227130708661416
0
LINE
8
BLACK
6
CONTINUOUS
10
3.6683491732283464
20
-1.8227130708661416
11
3.6691397244094488
21
-1.823503622047244
0
LINE
8
BLACK
6
CONTINUOUS
10
3.6691397244094488
20
-1.823503622047244
11
3.6691537795275591
21
-1.8235375590551182
0
LINE
8
BLACK
6
CONTINUOUS
10
3.6691537795275591
20
-1.8235375590551182
11
3.6691793700787403
21
-1.823563779527559
0
LINE
8
BLACK
6
CONTINUOUS
10
3.6691793700787403
20
-1.823563779527559
11
3.6695934645669293
21
-1.8245990157480314
0
LINE
8
BLACK
6
CONTINUOUS
10
3.6695934645669293
20
-1.8245990157480314
11
3.670021535433071
21
-1.8256324409448819
0
LINE
8
BLACK
6
CONTINUOUS
10
3.670021535433071
20
-1.8256324409448819
11
3.670021535433071
21
-1.8256691732283463
0
LINE
8
BLACK
6
CONTINUOUS
10
3.670021535433071
20
-1.8256691732283463
11
3.6700351181102362
21
-1.8257031496062992
0
LINE
8
BLACK
6
CONTINUOUS
10
3.6700351181102362
20
-1.8257031496062992
11
3.670021535433071
21
-1.8268179921259842
0
LINE
8
BLACK
6
CONTINUOUS
10
3.670021535433071
20
-1.8268179921259842
11
3.670021535433071
21
-1.8279366929133858
0
LINE
8
BLACK
6
CONTINUOUS
10
3.670021535433071
20
-1.8279366929133858
11
3.6700074803149607
21
-1.8279705905511812
0
LINE
8
BLACK
6
CONTINUOUS
10
3.6700074803149607
20
-1.8279705905511812
11
3.6700070472440944
21
-1.8280072047244094
0
LINE
8
BLACK
6
CONTINUOUS
10
3.6700070472440944
20
-1.8280072047244094
11
3.6696575196850394
21
-1.8291108661417323
0
LINE
8
BLACK
6
CONTINUOUS
10
3.6696575196850394
20
-1.8291108661417323
11
3.644348188976378
21
-1.8881659842519685
0
LINE
8
BLACK
6
CONTINUOUS
10
3.644348188976378
20
-1.8881659842519685
11
3.6437900393700788
21
-1.8891802362204724
0
LINE
8
BLACK
6
CONTINUOUS
10
3.6437900393700788
20
-1.8891802362204724
11
3.6421409448818896
21
-1.8907895669291339
0
LINE
8
BLACK
6
CONTINUOUS
10
3.6421409448818896
20
-1.8907895669291339
11
3.6400015748031493
21
-1.8916453149606298
0
LINE
8
BLACK
6
CONTINUOUS
10
3.6400015748031493
20
-1.8916453149606298
11
3.6376975196850392
21
-1.8916172440944881
0
LINE
8
BLACK
6
CONTINUOUS
10
3.6376975196850392
20
-1.8916172440944881
11
3.6355796062992125
21
-1.8907095669291338
0
LINE
8
BLACK
6
CONTINUOUS
10
3.6355796062992125
20
-1.8907095669291338
11
3.633970275590551
21
-1.8890604724409448
0
LINE
8
BLACK
6
CONTINUOUS
10
3.633970275590551
20
-1.8890604724409448
11
3.6331145275590551
21
-1.8869211023622048
0
LINE
8
BLACK
6
CONTINUOUS
10
3.6331145275590551
20
-1.8869211023622048
11
3.6331425984251968
21
-1.8846170472440944
0
LINE
8
BLACK
6
CONTINUOUS
10
3.6331425984251968
20
-1.8846170472440944
11
3.6334921259842519
21
-1.8835133858267716
0
LINE
8
BLACK
6
CONTINUOUS
10
3.6334921259842519
20
-1.8835133858267716
11
3.6552735433070866
21
-1.8326900787401574
0
LINE
8
BLACK
6
CONTINUOUS
10
3.6552735433070866
20
-1.8326900787401574
11
3.6248594094488187
21
-1.8326900787401574
0
LINE
8
BLACK
6
CONTINUOUS
10
3.6248594094488187
20
-1.8326900787401574
11
3.6237072834645669
21
-1.8325766141732283
0
LINE
8
BLACK
6
CONTINUOUS
10
3.6237072834645669
20
-1.8325766141732283
11
3.6215784645669289
21
-1.8316948031496063
0
LINE
8
BLACK
6
CONTINUOUS
10
3.6215784645669289
20
-1.8316948031496063
11
3.6199491732283464
21
-1.8300655118110236
0
LINE
8
BLACK
6
CONTINUOUS
10
3.6199491732283464
20
-1.8300655118110236
11
3.6190673622047242
21
-1.8279366929133858
0
LINE
8
BLACK
6
CONTINUOUS
10
3.6190673622047242
20
-1.8279366929133858
11
3.6190673622047242
21
-1.8256324409448819
0
LINE
8
BLACK
6
CONTINUOUS
10
3.6190673622047242
20
-1.8256324409448819
11
3.6199491732283464
21
-1.823503622047244
0
LINE
8
BLACK
6
CONTINUOUS
10
3.6199491732283464
20
-1.823503622047244
11
3.6215784645669289
21
-1.8218743307086613
0
LINE
8
BLACK
6
CONTINUOUS
10
3.6215784645669289
20
-1.8218743307086613
11
3.6237072834645669
21
-1.8209925196850394
0
LINE
8
BLACK
6
CONTINUOUS
10
3.6237072834645669
20
-1.8209925196850394
11
3.6248594094488187
21
-1.8208790551181102
0
LINE
8
BLACK
6
CONTINUOUS
10
3.6248594094488187
20
-1.8208790551181102
11
3.6642294881889761
21
-1.8208790551181102
0
LINE
8
BLACK
6
CONTINUOUS
10
3.6642294881889761
20
-1.8208790551181102
11
3.6653816141732283
21
-1.8209925196850394
0
LINE
8
BLACK
6
CONTINUOUS
10
3.6043961023622044
20
-1.8747885826771653
11
3.6056431102362203
21
-1.8753051181102363
0
LINE
8
BLACK
6
CONTINUOUS
10
3.6056431102362203
20
-1.8753051181102363
11
3.6065380314960631
21
-1.8760395669291339
0
LINE
8
BLACK
6
CONTINUOUS
10
3.6065380314960631
20
-1.8760395669291339
11
3.6093501968503938
21
-1.8788517322834646
0
LINE
8
BLACK
6
CONTINUOUS
10
3.6093501968503938
20
-1.8788517322834646
11
3.6100846456692914
21
-1.8797466535433069
0
LINE
8
BLACK
6
CONTINUOUS
10
3.6100846456692914
20
-1.8797466535433069
11
3.6109664173228344
21
-1.8818754724409448
0
LINE
8
BLACK
6
CONTINUOUS
10
3.6109664173228344
20
-1.8818754724409448
11
3.6109664173228344
21
-1.8841796456692912
0
LINE
8
BLACK
6
CONTINUOUS
10
3.6109664173228344
20
-1.8841796456692912
11
3.6100846456692914
21
-1.886308464566929
0
LINE
8
BLACK
6
CONTINUOUS
10
3.6100846456692914
20
-1.886308464566929
11
3.6100846062992127
21
-1.8863085039370078
0
LINE
8
BLACK
6
CONTINUOUS
10
3.6100846062992127
20
-1.8863085039370078
11
3.6093501574803151
21
-1.8872034251968504
0
LINE
8
BLACK
6
CONTINUOUS
10
3.6093501574803151
20
-1.8872034251968504
11
3.6065379921259844
21
-1.8900155511811023
0
LINE
8
BLACK
6
CONTINUOUS
10
3.6065379921259844
20
-1.8900155511811023
11
3.6056432677165353
21
-1.8907497637795274
0
LINE
8
BLACK
6
CONTINUOUS
10
3.6056432677165353
20
-1.8907497637795274
11
3.6056431102362203
21
-1.8907499606299212
0
LINE
8
BLACK
6
CONTINUOUS
10
3.6056431102362203
20
-1.8907499606299212
11
3.6051114566929132
21
-1.8909701574803148
0
LINE
8
BLACK
6
CONTINUOUS
10
3.6051114566929132
20
-1.8909701574803148
11
3.6035143307086615
21
-1.8916317322834646
0
LINE
8
BLACK
6
CONTINUOUS
10
3.6035143307086615
20
-1.8916317322834646
11
3.6012100787401575
21
-1.8916317322834646
0
LINE
8
BLACK
6
CONTINUOUS
10
3.6012100787401575
20
-1.8916317322834646
11
3.5999630314960629
21
-1.8911151574803149
0
LINE
8
BLACK
6
CONTINUOUS
10
3.5999630314960629
20
-1.8911151574803149
11
3.5990812598425195
21
-1.8907499606299212
0
LINE
8
BLACK
6
CONTINUOUS
10
3.5990812598425195
20
-1.8907499606299212
11
3.5981863779527559
21
-1.8900155118110236
0
LINE
8
BLACK
6
CONTINUOUS
10
3.5981863779527559
20
-1.8900155118110236
11
3.5953742519685039
21
-1.8872033858267716
0
LINE
8
BLACK
6
CONTINUOUS
10
3.5953742519685039
20
-1.8872033858267716
11
3.5946398031496063
21
-1.886308464566929
0
LINE
8
BLACK
6
CONTINUOUS
10
3.5946398031496063
20
-1.886308464566929
11
3.5938456692913383
21
-1.8843912204724409
0
LINE
8
BLACK
6
CONTINUOUS
10
3.5938456692913383
20
-1.8843912204724409
11
3.5937580314960629
21
-1.8841796850393699
0
LINE
8
BLACK
6
CONTINUOUS
10
3.5937580314960629
20
-1.8841796850393699
11
3.5937580314960629
21
-1.8818755118110235
0
LINE
8
BLACK
6
CONTINUOUS
10
3.5937580314960629
20
-1.8818755118110235
11
3.5938457086614171
21
-1.8816638582677165
0
LINE
8
BLACK
6
CONTINUOUS
10
3.5938457086614171
20
-1.8816638582677165
11
3.5946398031496063
21
-1.8797466535433069
0
LINE
8
BLACK
6
CONTINUOUS
10
3.5946398031496063
20
-1.8797466535433069
11
3.5946399606299213
21
-1.8797464566929134
0
LINE
8
BLACK
6
CONTINUOUS
10
3.5946399606299213
20
-1.8797464566929134
11
3.5953742125984252
21
-1.8788517716535433
0
LINE
8
BLACK
6
CONTINUOUS
10
3.5953742125984252
20
-1.8788517716535433
11
3.5981863385826771
21
-1.8760396062992126
0
LINE
8
BLACK
6
CONTINUOUS
10
3.5981863385826771
20
-1.8760396062992126
11
3.5990812598425195
21
-1.875305157480315
0
LINE
8
BLACK
6
CONTINUOUS
10
3.5990812598425195
20
-1.875305157480315
11
3.5990812992125982
21
-1.8753051181102363
0
LINE
8
BLACK
6
CONTINUOUS
10
3.5990812992125982
20
-1.8753051181102363
11
3.6003283070866141
21
-1.8747885826771653
0
LINE
8
BLACK
6
CONTINUOUS
10
3.6003283070866141
20
-1.8747885826771653
11
3.6012100787401575
21
-1.8744233464566928
0
LINE
8
BLACK
6
CONTINUOUS
10
3.6012100787401575
20
-1.8744233464566928
11
3.6035143307086615
21
-1.8744233464566928
0
LINE
8
BLACK
6
CONTINUOUS
10
3.6035143307086615
20
-1.8744233464566928
11
3.6043961023622044
21
-1.8747885826771653
0
LINE
8
BLACK
6
CONTINUOUS
10
3.9037308267716533
20
-1.84155937007874
11
3.9053601181102362
21
-1.8431886614173227
0
LINE
8
BLACK
6
CONTINUOUS
10
3.9053601181102362
20
-1.8431886614173227
11
3.9062419291338584
21
-1.8453174803149606
0
LINE
8
BLACK
6
CONTINUOUS
10
3.9062419291338584
20
-1.8453174803149606
11
3.9063553937007871
21
-1.8464696062992125
0
LINE
8
BLACK
6
CONTINUOUS
10
3.9063553937007871
20
-1.8464696062992125
11
3.9063553937007871
21
-1.8858396850393699
0
LINE
8
BLACK
6
CONTINUOUS
10
3.9063553937007871
20
-1.8858396850393699
11
3.9062419291338584
21
-1.8869918110236219
0
LINE
8
BLACK
6
CONTINUOUS
10
3.9062419291338584
20
-1.8869918110236219
11
3.9053601181102362
21
-1.8891206299212597
0
LINE
8
BLACK
6
CONTINUOUS
10
3.9053601181102362
20
-1.8891206299212597
11
3.9037308267716533
21
-1.8907499212598424
0
LINE
8
BLACK
6
CONTINUOUS
10
3.9037308267716533
20
-1.8907499212598424
11
3.9016020078740157
21
-1.8916317322834646
0
LINE
8
BLACK
6
CONTINUOUS
10
3.9016020078740157
20
-1.8916317322834646
11
3.8992977559055118
21
-1.8916317322834646
0
LINE
8
BLACK
6
CONTINUOUS
10
3.8992977559055118
20
-1.8916317322834646
11
3.8971689370078741
21
-1.8907499212598424
0
LINE
8
BLACK
6
CONTINUOUS
10
3.8971689370078741
20
-1.8907499212598424
11
3.8955396456692912
21
-1.8891206299212597
0
LINE
8
BLACK
6
CONTINUOUS
10
3.8955396456692912
20
-1.8891206299212597
11
3.8946578346456691
21
-1.8869918110236219
0
LINE
8
BLACK
6
CONTINUOUS
10
3.8946578346456691
20
-1.8869918110236219
11
3.8945443700787399
21
-1.8858396850393699
0
LINE
8
BLACK
6
CONTINUOUS
10
3.8945443700787399
20
-1.8858396850393699
11
3.8945443700787399
21
-1.8464696062992125
0
LINE
8
BLACK
6
CONTINUOUS
10
3.8945443700787399
20
-1.8464696062992125
11
3.8946578346456691
21
-1.8453174803149606
0
LINE
8
BLACK
6
CONTINUOUS
10
3.8946578346456691
20
-1.8453174803149606
11
3.8955396456692912
21
-1.8431886614173227
0
LINE
8
BLACK
6
CONTINUOUS
10
3.8955396456692912
20
-1.8431886614173227
11
3.8971689370078741
21
-1.84155937007874
0
LINE
8
BLACK
6
CONTINUOUS
10
3.8971689370078741
20
-1.84155937007874
11
3.8992977559055118
21
-1.8406775590551181
0
LINE
8
BLACK
6
CONTINUOUS
10
3.8992977559055118
20
-1.8406775590551181
11
3.9016020078740157
21
-1.8406775590551181
0
LINE
8
BLACK
6
CONTINUOUS
10
3.9016020078740157
20
-1.8406775590551181
11
3.9037308267716533
21
-1.84155937007874
0
LINE
8
BLACK
6
CONTINUOUS
10
3.9465964173228345
20
-1.8406775590551181
11
3.9467924803149605
21
-1.8407587795275591
0
LINE
8
BLACK
6
CONTINUOUS
10
3.9467924803149605
20
-1.8407587795275591
11
3.947004094488189
21
-1.8407738188976377
0
LINE
8
BLACK
6
CONTINUOUS
10
3.947004094488189
20
-1.8407738188976377
11
3.9480853149606299
21
-1.8411875590551181
0
LINE
8
BLACK
6
CONTINUOUS
10
3.9480853149606299
20
-1.8411875590551181
11
3.9537096062992125
21
-1.8439997244094488
0
LINE
8
BLACK
6
CONTINUOUS
10
3.9537096062992125
20
-1.8439997244094488
11
3.9539021259842517
21
-1.8441209055118111
0
LINE
8
BLACK
6
CONTINUOUS
10
3.9539021259842517
20
-1.8441209055118111
11
3.953993149606299
21
-1.8441512598425196
0
LINE
8
BLACK
6
CONTINUOUS
10
3.953993149606299
20
-1.8441512598425196
11
3.9541064566929132
21
-1.8442495275590551
0
LINE
8
BLACK
6
CONTINUOUS
10
3.9541064566929132
20
-1.8442495275590551
11
3.9546893700787402
21
-1.8446164566929133
0
LINE
8
BLACK
6
CONTINUOUS
10
3.9546893700787402
20
-1.8446164566929133
11
3.9551744488188976
21
-1.8451757874015748
0
LINE
8
BLACK
6
CONTINUOUS
10
3.9551744488188976
20
-1.8451757874015748
11
3.9557338976377951
21
-1.8456609842519685
0
LINE
8
BLACK
6
CONTINUOUS
10
3.9557338976377951
20
-1.8456609842519685
11
3.956100905511811
21
-1.8462440157480315
0
LINE
8
BLACK
6
CONTINUOUS
10
3.956100905511811
20
-1.8462440157480315
11
3.9561990551181103
21
-1.8463572047244095
0
LINE
8
BLACK
6
CONTINUOUS
10
3.9561990551181103
20
-1.8463572047244095
11
3.9562293307086613
21
-1.846448031496063
0
LINE
8
BLACK
6
CONTINUOUS
10
3.9562293307086613
20
-1.846448031496063
11
3.9563506299212596
21
-1.8466407480314959
0
LINE
8
BLACK
6
CONTINUOUS
10
3.9563506299212596
20
-1.8466407480314959
11
3.9591627952755903
21
-1.8522650000000001
0
LINE
8
BLACK
6
CONTINUOUS
10
3.9591627952755903
20
-1.8522650000000001
11
3.959576535433071
21
-1.8533462598425197
0
LINE
8
BLACK
6
CONTINUOUS
10
3.959576535433071
20
-1.8533462598425197
11
3.9595915354330709
21
-1.8535578346456691
0
LINE
8
BLACK
6
CONTINUOUS
10
3.9595915354330709
20
-1.8535578346456691
11
3.9596727952755906
21
-1.8537539370078739
0
LINE
8
BLACK
6
CONTINUOUS
10
3.9596727952755906
20
-1.8537539370078739
11
3.9597862598425198
21
-1.8549060629921259
0
LINE
8
BLACK
6
CONTINUOUS
10
3.9597862598425198
20
-1.8549060629921259
11
3.9597862598425198
21
-1.8858396850393699
0
LINE
8
BLACK
6
CONTINUOUS
10
3.9597862598425198
20
-1.8858396850393699
11
3.9596727952755906
21
-1.8869918110236219
0
LINE
8
BLACK
6
CONTINUOUS
10
3.9596727952755906
20
-1.8869918110236219
11
3.9587909842519684
21
-1.8891206299212597
0
LINE
8
BLACK
6
CONTINUOUS
10
3.9587909842519684
20
-1.8891206299212597
11
3.9571616929133859
21
-1.8907499212598424
0
LINE
8
BLACK
6
CONTINUOUS
10
3.9571616929133859
20
-1.8907499212598424
11
3.9550328740157479
21
-1.8916317322834646
0
LINE
8
BLACK
6
CONTINUOUS
10
3.9550328740157479
20
-1.8916317322834646
11
3.952728622047244
21
-1.8916317322834646
0
LINE
8
BLACK
6
CONTINUOUS
10
3.952728622047244
20
-1.8916317322834646
11
3.9505998031496063
21
-1.8907499212598424
0
LINE
8
BLACK
6
CONTINUOUS
10
3.9505998031496063
20
-1.8907499212598424
11
3.9489705118110234
21
-1.8891206299212597
0
LINE
8
BLACK
6
CONTINUOUS
10
3.9489705118110234
20
-1.8891206299212597
11
3.9480887007874017
21
-1.8869918110236219
0
LINE
8
BLACK
6
CONTINUOUS
10
3.9480887007874017
20
-1.8869918110236219
11
3.9479752362204725
21
-1.8858396850393699
0
LINE
8
BLACK
6
CONTINUOUS
10
3.9479752362204725
20
-1.8858396850393699
11
3.9479752362204725
21
-1.8563001574803148
0
LINE
8
BLACK
6
CONTINUOUS
10
3.9479752362204725
20
-1.8563001574803148
11
3.9466668897637796
21
-1.8536834645669291
0
LINE
8
BLACK
6
CONTINUOUS
10
3.9466668897637796
20
-1.8536834645669291
11
3.9440501968503936
21
-1.8523751181102361
0
LINE
8
BLACK
6
CONTINUOUS
10
3.9440501968503936
20
-1.8523751181102361
11
3.9384019291338581
21
-1.8523751181102361
0
LINE
8
BLACK
6
CONTINUOUS
10
3.9384019291338581
20
-1.8523751181102361
11
3.9348816929133856
21
-1.8541352362204724
0
LINE
8
BLACK
6
CONTINUOUS
10
3.9348816929133856
20
-1.8541352362204724
11
3.9344768897637796
21
-1.8545400393700786
0
LINE
8
BLACK
6
CONTINUOUS
10
3.9344768897637796
20
-1.8545400393700786
11
3.9344768897637796
21
-1.8858396850393699
0
LINE
8
BLACK
6
CONTINUOUS
10
3.9344768897637796
20
-1.8858396850393699
11
3.9343634251968505
21
-1.8869918110236219
0
LINE
8
BLACK
6
CONTINUOUS
10
3.9343634251968505
20
-1.8869918110236219
11
3.9334816141732283
21
-1.8891206299212597
0
LINE
8
BLACK
6
CONTINUOUS
10
3.9334816141732283
20
-1.8891206299212597
11
3.9318523228346454
21
-1.8907499212598424
0
LINE
8
BLACK
6
CONTINUOUS
10
3.9318523228346454
20
-1.8907499212598424
11
3.9297235039370078
21
-1.8916317322834646
0
LINE
8
BLACK
6
CONTINUOUS
10
3.9297235039370078
20
-1.8916317322834646
11
3.9274192519685038
21
-1.8916317322834646
0
LINE
8
BLACK
6
CONTINUOUS
10
3.9274192519685038
20
-1.8916317322834646
11
3.9252904330708662
21
-1.8907499212598424
0
LINE
8
BLACK
6
CONTINUOUS
10
3.9252904330708662
20
-1.8907499212598424
11
3.9236611417322833
21
-1.8891206299212597
0
LINE
8
BLACK
6
CONTINUOUS
10
3.9236611417322833
20
-1.8891206299212597
11
3.9227793307086611
21
-1.8869918110236219
0
LINE
8
BLACK
6
CONTINUOUS
10
3.9227793307086611
20
-1.8869918110236219
11
3.9226658661417324
21
-1.8858396850393699
0
LINE
8
BLACK
6
CONTINUOUS
10
3.9226658661417324
20
-1.8858396850393699
11
3.9226658661417324
21
-1.8464696062992125
0
LINE
8
BLACK
6
CONTINUOUS
10
3.9226658661417324
20
-1.8464696062992125
11
3.9227793307086611
21
-1.8453174803149606
0
LINE
8
BLACK
6
CONTINUOUS
10
3.9227793307086611
20
-1.8453174803149606
11
3.9236611417322833
21
-1.8431886614173227
0
LINE
8
BLACK
6
CONTINUOUS
10
3.9236611417322833
20
-1.8431886614173227
11
3.9252904330708662
21
-1.84155937007874
0
LINE
8
BLACK
6
CONTINUOUS
10
3.9252904330708662
20
-1.84155937007874
11
3.9274192519685038
21
-1.8406775590551181
0
LINE
8
BLACK
6
CONTINUOUS
10
3.9274192519685038
20
-1.8406775590551181
11
3.9297235039370078
21
-1.8406775590551181
0
LINE
8
BLACK
6
CONTINUOUS
10
3.9297235039370078
20
-1.8406775590551181
11
3.9318523228346454
21
-1.84155937007874
0
LINE
8
BLACK
6
CONTINUOUS
10
3.9318523228346454
20
-1.84155937007874
11
3.9324425984251969
21
-1.8421496456692914
0
LINE
8
BLACK
6
CONTINUOUS
10
3.9324425984251969
20
-1.8421496456692914
11
3.9343667716535431
21
-1.8411875590551181
0
LINE
8
BLACK
6
CONTINUOUS
10
3.9343667716535431
20
-1.8411875590551181
11
3.9354480314960627
21
-1.8407738188976377
0
LINE
8
BLACK
6
CONTINUOUS
10
3.9354480314960627
20
-1.8407738188976377
11
3.9356596062992124
21
-1.8407587795275591
0
LINE
8
BLACK
6
CONTINUOUS
10
3.9356596062992124
20
-1.8407587795275591
11
3.9358557086614172
21
-1.8406775590551181
0
LINE
8
BLACK
6
CONTINUOUS
10
3.9358557086614172
20
-1.8406775590551181
11
3.9370078346456694
21
-1.8405640944881889
0
LINE
8
BLACK
6
CONTINUOUS
10
3.9370078346456694
20
-1.8405640944881889
11
3.9454442913385828
21
-1.8405640944881889
0
LINE
8
BLACK
6
CONTINUOUS
10
3.9454442913385828
20
-1.8405640944881889
11
3.9465964173228345
21
-1.8406775590551181
0
LINE
8
BLACK
6
CONTINUOUS
10
3.9024837795275591
20
-1.8213577559055119
11
3.9037307874015745
21
-1.8218742913385826
0
LINE
8
BLACK
6
CONTINUOUS
10
3.9037307874015745
20
-1.8218742913385826
11
3.9046257086614173
21
-1.8226087401574802
0
LINE
8
BLACK
6
CONTINUOUS
10
3.9046257086614173
20
-1.8226087401574802
11
3.907437874015748
21
-1.8254209055118109
0
LINE
8
BLACK
6
CONTINUOUS
10
3.907437874015748
20
-1.8254209055118109
11
3.9081723228346457
21
-1.8263158267716535
0
LINE
8
BLACK
6
CONTINUOUS
10
3.9081723228346457
20
-1.8263158267716535
11
3.9090540944881891
21
-1.8284446456692913
0
LINE
8
BLACK
6
CONTINUOUS
10
3.9090540944881891
20
-1.8284446456692913
11
3.9090540944881891
21
-1.8307488188976377
0
LINE
8
BLACK
6
CONTINUOUS
10
3.9090540944881891
20
-1.8307488188976377
11
3.9081723228346457
21
-1.8328776377952756
0
LINE
8
BLACK
6
CONTINUOUS
10
3.9081723228346457
20
-1.8328776377952756
11
3.9081722834645669
21
-1.8328776771653543
0
LINE
8
BLACK
6
CONTINUOUS
10
3.9081722834645669
20
-1.8328776771653543
11
3.9074378346456693
21
-1.8337725984251969
0
LINE
8
BLACK
6
CONTINUOUS
10
3.9074378346456693
20
-1.8337725984251969
11
3.9046256692913386
21
-1.8365847244094489
0
LINE
8
BLACK
6
CONTINUOUS
10
3.9046256692913386
20
-1.8365847244094489
11
3.9037309448818895
21
-1.837318937007874
0
LINE
8
BLACK
6
CONTINUOUS
10
3.9037309448818895
20
-1.837318937007874
11
3.9037307874015745
21
-1.8373191338582677
0
LINE
8
BLACK
6
CONTINUOUS
10
3.9037307874015745
20
-1.8373191338582677
11
3.9031072834645668
21
-1.8375773622047245
0
LINE
8
BLACK
6
CONTINUOUS
10
3.9031072834645668
20
-1.8375773622047245
11
3.9016020078740157
21
-1.8382009055118109
0
LINE
8
BLACK
6
CONTINUOUS
10
3.9016020078740157
20
-1.8382009055118109
11
3.8992977559055118
21
-1.8382009055118109
0
LINE
8
BLACK
6
CONTINUOUS
10
3.8992977559055118
20
-1.8382009055118109
11
3.8980507086614171
21
-1.8376843307086614
0
LINE
8
BLACK
6
CONTINUOUS
10
3.8980507086614171
20
-1.8376843307086614
11
3.8971689370078741
21
-1.8373191338582677
0
LINE
8
BLACK
6
CONTINUOUS
10
3.8971689370078741
20
-1.8373191338582677
11
3.8962740551181101
21
-1.8365846850393701
0
LINE
8
BLACK
6
CONTINUOUS
10
3.8962740551181101
20
-1.8365846850393701
11
3.8934619291338581
21
-1.8337725590551182
0
LINE
8
BLACK
6
CONTINUOUS
10
3.8934619291338581
20
-1.8337725590551182
11
3.8927274803149605
21
-1.8328776377952756
0
LINE
8
BLACK
6
CONTINUOUS
10
3.8927274803149605
20
-1.8328776377952756
11
3.8920561023622047
21
-1.8312567322834645
0
LINE
8
BLACK
6
CONTINUOUS
10
3.8920561023622047
20
-1.8312567322834645
11
3.8918457086614171
21
-1.8307488582677165
0
LINE
8
BLACK
6
CONTINUOUS
10
3.8918457086614171
20
-1.8307488582677165
11
3.8918457086614171
21
-1.8284446850393701
0
LINE
8
BLACK
6
CONTINUOUS
10
3.8918457086614171
20
-1.8284446850393701
11
3.8919333858267717
21
-1.8282330314960629
0
LINE
8
BLACK
6
CONTINUOUS
10
3.8919333858267717
20
-1.8282330314960629
11
3.8927274803149605
21
-1.8263158267716535
0
LINE
8
BLACK
6
CONTINUOUS
10
3.8927274803149605
20
-1.8263158267716535
11
3.8927276377952755
21
-1.8263156299212597
0
LINE
8
BLACK
6
CONTINUOUS
10
3.8927276377952755
20
-1.8263156299212597
11
3.8934618897637794
21
-1.8254209448818897
0
LINE
8
BLACK
6
CONTINUOUS
10
3.8934618897637794
20
-1.8254209448818897
11
3.8962740157480313
21
-1.822608779527559
0
LINE
8
BLACK
6
CONTINUOUS
10
3.8962740157480313
20
-1.822608779527559
11
3.8971689370078741
21
-1.8218743307086613
0
LINE
8
BLACK
6
CONTINUOUS
10
3.8971689370078741
20
-1.8218743307086613
11
3.8971689763779525
21
-1.8218742913385826
0
LINE
8
BLACK
6
CONTINUOUS
10
3.8971689763779525
20
-1.8218742913385826
11
3.8984159842519683
21
-1.8213577559055119
0
LINE
8
BLACK
6
CONTINUOUS
10
3.8984159842519683
20
-1.8213577559055119
11
3.8992977559055118
21
-1.8209925196850394
0
LINE
8
BLACK
6
CONTINUOUS
10
3.8992977559055118
20
-1.8209925196850394
11
3.9016020078740157
21
-1.8209925196850394
0
LINE
8
BLACK
6
CONTINUOUS
10
3.9016020078740157
20
-1.8209925196850394
11
3.9024837795275591
21
-1.8213577559055119
0
CIRCLE
8
BLACK
10
2.5499999999999998
20
-2.7999999999999998
40
0.0068897637795276
0
CIRCLE
8
BLACK
10
4.9500000000000002
20
-2.7999999999999998
40
0.0068897637795276
0
CIRCLE
8
BLACK
10
4.9500000000000002
20
-5.2000000000000002
40
0.0068897637795276
0
CIRCLE
8
BLACK
10
2.5499999999999998
20
-5.2000000000000002
40
0.0068897637795276
0
CIRCLE
8
BLACK
10
3.9226377952755906
20
-5.2199999999999998
40
0.0068897637795276
0
CIRCLE
8
BLACK
10
3.8726377952755904
20
-5.1609448818897636
40
0.0068897637795276
0
CIRCLE
8
BLACK
10
3.8226377952755906
20
-5.1609448818897636
40
0.0068897637795276
0
CIRCLE
8
BLACK
10
3.7726377952755903
20
-5.2199999999999998
40
0.0068897637795276
0
CIRCLE
8
BLACK
10
3.7226377952755905
20
-5.1609448818897636
40
0.0068897637795276
0
CIRCLE
8
BLACK
10
3.6726377952755906
20
-5.1609448818897636
40
0.0068897637795276
0
CIRCLE
8
BLACK
10
3.6226377952755904
20
-5.2199999999999998
40
0.0068897637795276
0
CIRCLE
8
BLACK
10
3.5143700787401575
20
-5.1215748031496062
40
0.0068897637795276
0
CIRCLE
8
BLACK
10
4.0194881889763776
20
-5.1609448818897636
40
0.0068897637795276
0
CIRCLE
8
BLACK
10
3.2080708661417323
20
-5.2199999999999998
40
0.0068897637795276
0
CIRCLE
8
BLACK
10
3.158070866141732
20
-5.1609448818897636
40
0.0068897637795276
0
CIRCLE
8
BLACK
10
3.1080708661417322
20
-5.1609448818897636
40
0.0068897637795276
0
CIRCLE
8
BLACK
10
3.0580708661417324
20
-5.2199999999999998
40
0.0068897637795276
0
CIRCLE
8
BLACK
10
3.0080708661417321
20
-5.1609448818897636
40
0.0068897637795276
0
CIRCLE
8
BLACK
10
2.9580708661417323
20
-5.1609448818897636
40
0.0068897637795276
0
CIRCLE
8
BLACK
10
2.908070866141732
20
-5.2199999999999998
40
0.0068897637795276
0
CIRCLE
8
BLACK
10
2.7998031496062992
20
-5.1215748031496062
40
0.0068897637795276
0
CIRCLE
8
BLACK
10
3.3049212598425197
20
-5.1609448818897636
40
0.0068897637795276
0
CIRCLE
8
BLACK
10
2.9100393700787399
20
-2.7809448818897637
40
0.0068897637795276
0
CIRCLE
8
BLACK
10
2.9600393700787402
20
-2.8399999999999999
40
0.0068897637795276
0
CIRCLE
8
BLACK
10
3.01003937007874
20
-2.8399999999999999
40
0.0068897637795276
0
CIRCLE
8
BLACK
10
3.0600393700787403
20
-2.7809448818897637
40
0.0068897637795276
0
CIRCLE
8
BLACK
10
3.1100393700787401
20
-2.8399999999999999
40
0.0068897637795276
0
CIRCLE
8
BLACK
10
3.1600393700787399
20
-2.8399999999999999
40
0.0068897637795276
0
CIRCLE
8
BLACK
10
3.2100393700787402
20
-2.7809448818897637
40
0.0068897637795276
0
CIRCLE
8
BLACK
10
3.3183070866141731
20
-2.8793700787401573
40
0.0068897637795276
0
CIRCLE
8
BLACK
10
2.8131889763779525
20
-2.8399999999999999
40
0.0068897637795276
0
CIRCLE
8
BLACK
10
2.5299999999999998
20
-3.6999999999999997
40
0.0068897637795276
0
CIRCLE
8
BLACK
10
2.5890551181102364
20
-3.6499999999999999
40
0.0068897637795276
0
CIRCLE
8
BLACK
10
2.5890551181102364
20
-3.6000000000000001
40
0.0068897637795276
0
CIRCLE
8
BLACK
10
2.5299999999999998
20
-3.5499999999999998
40
0.0068897637795276
0
CIRCLE
8
BLACK
10
2.5890551181102364
20
-3.5
40
0.0068897637795276
0
CIRCLE
8
BLACK
10
2.5890551181102364
20
-3.4499999999999997
40
0.0068897637795276
0
CIRCLE
8
BLACK
10
2.5299999999999998
20
-3.3999999999999999
40
0.0068897637795276
0
CIRCLE
8
BLACK
10
2.6284251968503938
20
-3.291732283464567
40
0.0068897637795276
0
CIRCLE
8
BLACK
10
2.5890551181102364
20
-3.7968503937007871
40
0.0068897637795276
0
CIRCLE
8
BLACK
10
2.5299999999999998
20
-4.5999999999999996
40
0.0068897637795276
0
CIRCLE
8
BLACK
10
2.5890551181102364
20
-4.5499999999999998
40
0.0068897637795276
0
CIRCLE
8
BLACK
10
2.5890551181102364
20
-4.5
40
0.0068897637795276
0
CIRCLE
8
BLACK
10
2.5299999999999998
20
-4.4500000000000002
40
0.0068897637795276
0
CIRCLE
8
BLACK
10
2.5890551181102364
20
-4.3999999999999995
40
0.0068897637795276
0
CIRCLE
8
BLACK
10
2.5890551181102364
20
-4.3499999999999996
40
0.0068897637795276
0
CIRCLE
8
BLACK
10
2.5299999999999998
20
-4.2999999999999998
40
0.0068897637795276
0
CIRCLE
8
BLACK
10
2.6284251968503938
20
-4.1917322834645665
40
0.0068897637795276
0
CIRCLE
8
BLACK
10
2.5890551181102364
20
-4.6968503937007871
40
0.0068897637795276
0
CIRCLE
8
BLACK
10
3.5499999999999998
20
-3.23
40
0.0068897637795276
0
CIRCLE
8
BLACK
10
3.6499999999999999
20
-3.23
40
0.0068897637795276
0
CIRCLE
8
BLACK
10
3.5499999999999998
20
-3.3300000000000001
40
0.0068897637795276
0
CIRCLE
8
BLACK
10
3.6499999999999999
20
-3.3300000000000001
40
0.0068897637795276
0
CIRCLE
8
BLACK
10
3.5499999999999998
20
-3.4299999999999997
40
0.0068897637795276
0
CIRCLE
8
BLACK
10
3.6499999999999999
20
-3.4299999999999997
40
0.0068897637795276
0
CIRCLE
8
BLACK
10
3.5499999999999998
20
-3.5299999999999998
40
0.0068897637795276
0
CIRCLE
8
BLACK
10
3.6499999999999999
20
-3.5299999999999998
40
0.0068897637795276
0
CIRCLE
8
BLACK
10
3.3730314960629921
20
-3.2129921259842518
40
0.0068897637795276
0
CIRCLE
8
BLACK
10
3.3730314960629921
20
-3.1129921259842517
40
0.0068897637795276
0
CIRCLE
8
BLACK
10
3.4700787401574802
20
-4.5850393700787402
40
0.0068897637795276
0
CIRCLE
8
BLACK
10
3.4700787401574802
20
-4.6850393700787398
40
0.0068897637795276
0
CIRCLE
8
BLACK
10
3.6901574803149604
20
-4.3523622047244093
40
0.0068897637795276
0
CIRCLE
8
BLACK
10
3.6901574803149604
20
-4.4523622047244089
40
0.0068897637795276
0
CIRCLE
8
BLACK
10
4.6039370078740154
20
-2.7059055118110233
40
0.0068897637795276
0
CIRCLE
8
BLACK
10
4.7039370078740159
20
-2.7059055118110233
40
0.0068897637795276
0
CIRCLE
8
BLACK
10
4.6039370078740154
20
-2.8059055118110234
40
0.0068897637795276
0
CIRCLE
8
BLACK
10
4.7039370078740159
20
-2.8059055118110234
40
0.0068897637795276
0
CIRCLE
8
BLACK
10
4.6039370078740154
20
-2.9059055118110235
40
0.0068897637795276
0
CIRCLE
8
BLACK
10
4.7039370078740159
20
-2.9059055118110235
40
0.0068897637795276
0
CIRCLE
8
BLACK
10
5.0031606299212594
20
-4.
40
0.0068897637795276
0
CIRCLE
8
BLACK
10
4.37323937007874
20
-4.
40
0.0068897637795276
0
CIRCLE
8
BLACK
10
5.0385937007874011
20
-4.2062992125984255
40
0.0068897637795276
0
CIRCLE
8
BLACK
10
5.0385937007874011
20
-4.0787401574803148
40
0.0068897637795276
0
CIRCLE
8
BLACK
10
5.0385937007874011
20
-3.9216535433070865
40
0.0068897637795276
0
CIRCLE
8
BLACK
10
5.0385937007874011
20
-3.8417322834645669
40
0.0068897637795276
0
CIRCLE
8
BLACK
10
4.3378062992125983
20
-4.245669291338583
40
0.0068897637795276
0
CIRCLE
8
BLACK
10
4.3378062992125983
20
-4.0787401574803148
40
0.0068897637795276
0
CIRCLE
8
BLACK
10
4.3378062992125983
20
-3.9216535433070865
40
0.0068897637795276
0
CIRCLE
8
BLACK
10
4.3378062992125983
20
-3.8417322834645669
40
0.0068897637795276
0
CIRCLE
8
BLACK
10
3.5135748031496061
20
-3.9094488188976375
40
0.0039370078740157
0
CIRCLE
8
BLACK
10
3.5135748031496061
20
-3.954724409448819
40
0.0039370078740157
0
CIRCLE
8
BLACK
10
3.5135748031496061
20
-4.
40
0.0039370078740157
0
CIRCLE
8
BLACK
10
3.5135748031496061
20
-4.0452755905511806
40
0.0039370078740157
0
CIRCLE
8
BLACK
10
3.5135748031496061
20
-4.090551181102362
40
0.0039370078740157
0
CIRCLE
8
BLACK
10
3.5588503937007872
20
-3.8641732283464565
40
0.0039370078740157
0
CIRCLE
8
BLACK
10
3.5588503937007872
20
-3.9094488188976375
40
0.0039370078740157
0
CIRCLE
8
BLACK
10
3.5588503937007872
20
-3.954724409448819
40
0.0039370078740157
0
CIRCLE
8
BLACK
10
3.5588503937007872
20
-4.
40
0.0039370078740157
0
CIRCLE
8
BLACK
10
3.5588503937007872
20
-4.0452755905511806
40
0.0039370078740157
0
CIRCLE
8
BLACK
10
3.5588503937007872
20
-4.090551181102362
40
0.0039370078740157
0
CIRCLE
8
BLACK
10
3.5588503937007872
20
-4.1358267716535435
40
0.0039370078740157
0
CIRCLE
8
BLACK
10
3.6041259842519686
20
-3.8641732283464565
40
0.0039370078740157
0
CIRCLE
8
BLACK
10
3.6041259842519686
20
-3.9094488188976375
40
0.0039370078740157
0
CIRCLE
8
BLACK
10
3.6041259842519686
20
-3.954724409448819
40
0.0039370078740157
0
CIRCLE
8
BLACK
10
3.6041259842519686
20
-4.
40
0.0039370078740157
0
CIRCLE
8
BLACK
10
3.6041259842519686
20
-4.0452755905511806
40
0.0039370078740157
0
CIRCLE
8
BLACK
10
3.6041259842519686
20
-4.090551181102362
40
0.0039370078740157
0
CIRCLE
8
BLACK
10
3.6041259842519686
20
-4.1358267716535435
40
0.0039370078740157
0
CIRCLE
8
BLACK
10
3.6494015748031496
20
-3.8641732283464565
40
0.0039370078740157
0
CIRCLE
8
BLACK
10
3.6494015748031496
20
-3.9094488188976375
40
0.0039370078740157
0
CIRCLE
8
BLACK
10
3.6494015748031496
20
-3.954724409448819
40
0.0039370078740157
0
CIRCLE
8
BLACK
10
3.6494015748031496
20
-4.
40
0.0039370078740157
0
CIRCLE
8
BLACK
10
3.6494015748031496
20
-4.0452755905511806
40
0.0039370078740157
0
CIRCLE
8
BLACK
10
3.6494015748031496
20
-4.090551181102362
40
0.0039370078740157
0
CIRCLE
8
BLACK
10
3.6494015748031496
20
-4.1358267716535435
40
0.0039370078740157
0
CIRCLE
8
BLACK
10
3.6946771653543307
20
-3.8641732283464565
40
0.0039370078740157
0
CIRCLE
8
BLACK
10
3.6946771653543307
20
-3.9094488188976375
40
0.0039370078740157
0
CIRCLE
8
BLACK
10
3.6946771653543307
20
-3.954724409448819
40
0.0039370078740157
0
CIRCLE
8
BLACK
10
3.6946771653543307
20
-4.
40
0.0039370078740157
0
CIRCLE
8
BLACK
10
3.6946771653543307
20
-4.0452755905511806
40
0.0039370078740157
0
CIRCLE
8
BLACK
10
3.6946771653543307
20
-4.090551181102362
40
0.0039370078740157
0
CIRCLE
8
BLACK
10
3.6946771653543307
20
-4.1358267716535435
40
0.0039370078740157
0
CIRCLE
8
BLACK
10
3.7399527559055117
20
-3.8641732283464565
40
0.0039370078740157
0
CIRCLE
8
BLACK
10
3.7399527559055117
20
-3.9094488188976375
40
0.0039370078740157
0
CIRCLE
8
BLACK
10
3.7399527559055117
20
-3.954724409448819
40
0.0039370078740157
0
CIRCLE
8
BLACK
10
3.7399527559055117
20
-4.
40
0.0039370078740157
0
CIRCLE
8
BLACK
10
3.7399527559055117
20
-4.0452755905511806
40
0.0039370078740157
0
CIRCLE
8
BLACK
10
3.7399527559055117
20
-4.090551181102362
40
0.0039370078740157
0
CIRCLE
8
BLACK
10
3.7399527559055117
20
-4.1358267716535435
40
0.0039370078740157
0
CIRCLE
8
BLACK
10
3.7852283464566927
20
-3.9094488188976375
40
0.0039370078740157
0
CIRCLE
8
BLACK
10
3.7852283464566927
20
-3.954724409448819
40
0.0039370078740157
0
CIRCLE
8
BLACK
10
3.7852283464566927
20
-4.
40
0.0039370078740157
0
CIRCLE
8
BLACK
10
3.7852283464566927
20
-4.0452755905511806
40
0.0039370078740157
0
CIRCLE
8
BLACK
10
3.7852283464566927
20
-4.090551181102362
40
0.0039370078740157
  0
ENDSEC
  0
EOF
