  0
SECTION
  2
HEADER
  9
$ANGBASE
  50
0.0
  9
$ANGDIR
  70
1
  9
$MEASUREMENT
  70
0
  0
ENDSEC
  0
SECTION
  2
TABLES
  0
TABLE
  2
LTYPE
  70
4
  0
LTYPE
  5
40F
  2
CONTINUOUS
  70
0
  3
Solid line
  72
65
  73
0
  40
0.0
  0
LTYPE
  5
410
  2
DASHDOT
 70
0
  3
Dash Dot ____ _ ____ _
 72
65
 73
4
 40
2.0
 49
1.25
 49
-0.25
 49
0.25
 49
-0.25
  0
LTYPE
  5
411
  2
DASHED
 70
0
  3
Dashed __ __ __ __ __
 72
65
 73
2
 40
0.75
 49
0.5
 49
-0.25
  0
LTYPE
  5
43B
  2
DOTTED
 70
0
  3
Dotted .  .  .  .
 72
65
 73
2
 40
0.2
 49
0.0
 49
-0.2
  0
ENDTAB
  0
TABLE
  2
STYLE
  70
4
  0
STYLE
  2
KICAD
  70
0
  40
0
  41
1
  42
1
  50
0
  71
0
  3
isocp.shx
  0
STYLE
  2
KICADB
  70
0
  40
0
  41
1
  42
1
  50
0
  71
0
  3
isocp.shx
  0
STYLE
  2
KICADI
  70
0
  40
0
  41
1
  42
1
  50
15
  71
0
  3
isocp.shx
  0
STYLE
  2
KICADBI
  70
0
  40
0
  41
1
  42
1
  50
15
  71
0
  3
isocp.shx
  0
ENDTAB
  0
TABLE
  2
LAYER
  70
1
  0
LAYER
  2
BLACK
  70
0
  62
7
  6
CONTINUOUS
  0
ENDTAB
  0
ENDSEC
  0
SECTION
  2
ENTITIES
0
LINE
8
BLACK
6
CONTINUOUS
10
3.5632220078740158
20
-4.8660032677165352
11
3.5632476771653541
21
-4.8659947244094486
0
LINE
8
BLACK
6
CONTINUOUS
10
3.5632476771653541
20
-4.8659947244094486
11
3.5634301968503936
21
-4.8660446850393697
0
LINE
8
BLACK
6
CONTINUOUS
10
3.5634301968503936
20
-4.8660446850393697
11
3.5636159842519683
21
-4.8660816535433069
0
LINE
8
BLACK
6
CONTINUOUS
10
3.5636159842519683
20
-4.8660816535433069
11
3.5636351181102359
21
-4.8661007874015745
0
LINE
8
BLACK
6
CONTINUOUS
10
3.5636351181102359
20
-4.8661007874015745
11
3.5636922047244095
21
-4.8661164173228348
0
LINE
8
BLACK
6
CONTINUOUS
10
3.5636922047244095
20
-4.8661164173228348
11
3.5651920078740158
21
-4.8668663385826774
0
LINE
8
BLACK
6
CONTINUOUS
10
3.5651920078740158
20
-4.8668663385826774
11
3.5653414566929134
21
-4.8669823622047241
0
LINE
8
BLACK
6
CONTINUOUS
10
3.5653414566929134
20
-4.8669823622047241
11
3.5654989370078738
21
-4.8670875590551184
0
LINE
8
BLACK
6
CONTINUOUS
10
3.5654989370078738
20
-4.8670875590551184
11
3.5661635826771652
21
-4.8677522047244093
0
LINE
8
BLACK
6
CONTINUOUS
10
3.5661635826771652
20
-4.8677522047244093
11
3.5668282677165353
21
-4.8670875590551184
0
LINE
8
BLACK
6
CONTINUOUS
10
3.5668282677165353
20
-4.8670875590551184
11
3.5669857086614174
21
-4.8669823622047241
0
LINE
8
BLACK
6
CONTINUOUS
10
3.5669857086614174
20
-4.8669823622047241
11
3.5671351968503937
21
-4.8668663385826774
0
LINE
8
BLACK
6
CONTINUOUS
10
3.5671351968503937
20
-4.8668663385826774
11
3.5686350393700788
21
-4.8661164173228348
0
LINE
8
BLACK
6
CONTINUOUS
10
3.5686350393700788
20
-4.8661164173228348
11
3.5686920472440944
21
-4.8661007874015745
0
LINE
8
BLACK
6
CONTINUOUS
10
3.5686920472440944
20
-4.8661007874015745
11
3.5687112204724407
21
-4.8660816535433069
0
LINE
8
BLACK
6
CONTINUOUS
10
3.5687112204724407
20
-4.8660816535433069
11
3.5688966929133858
21
-4.8660447244094485
0
LINE
8
BLACK
6
CONTINUOUS
10
3.5688966929133858
20
-4.8660447244094485
11
3.569079527559055
21
-4.8659946850393698
0
LINE
8
BLACK
6
CONTINUOUS
10
3.569079527559055
20
-4.8659946850393698
11
3.5691052362204725
21
-4.8660032283464565
0
LINE
8
BLACK
6
CONTINUOUS
10
3.5691052362204725
20
-4.8660032283464565
11
3.5691632283464565
21
-4.8659917322834643
0
LINE
8
BLACK
6
CONTINUOUS
10
3.5691632283464565
20
-4.8659917322834643
11
3.5721628740157478
21
-4.8659917322834643
0
LINE
8
BLACK
6
CONTINUOUS
10
3.5721628740157478
20
-4.8659917322834643
11
3.572220905511811
21
-4.8660032677165352
0
LINE
8
BLACK
6
CONTINUOUS
10
3.572220905511811
20
-4.8660032677165352
11
3.5722465748031493
21
-4.8659947244094486
0
LINE
8
BLACK
6
CONTINUOUS
10
3.5722465748031493
20
-4.8659947244094486
11
3.5724290944881889
21
-4.8660446850393697
0
LINE
8
BLACK
6
CONTINUOUS
10
3.5724290944881889
20
-4.8660446850393697
11
3.5726148818897636
21
-4.8660816535433069
0
LINE
8
BLACK
6
CONTINUOUS
10
3.5726148818897636
20
-4.8660816535433069
11
3.5726340157480316
21
-4.8661007874015745
0
LINE
8
BLACK
6
CONTINUOUS
10
3.5726340157480316
20
-4.8661007874015745
11
3.5726911023622048
21
-4.8661164173228348
0
LINE
8
BLACK
6
CONTINUOUS
10
3.5726911023622048
20
-4.8661164173228348
11
3.5741909055118111
21
-4.8668663385826774
0
LINE
8
BLACK
6
CONTINUOUS
10
3.5741909055118111
20
-4.8668663385826774
11
3.5743403543307086
21
-4.8669823622047241
0
LINE
8
BLACK
6
CONTINUOUS
10
3.5743403543307086
20
-4.8669823622047241
11
3.5744978346456691
21
-4.8670875590551184
0
LINE
8
BLACK
6
CONTINUOUS
10
3.5744978346456691
20
-4.8670875590551184
11
3.5752477165354328
21
-4.8678374409448821
0
LINE
8
BLACK
6
CONTINUOUS
10
3.5752477165354328
20
-4.8678374409448821
11
3.5753527952755904
21
-4.8679946850393696
0
LINE
8
BLACK
6
CONTINUOUS
10
3.5753527952755904
20
-4.8679946850393696
11
3.5754690157480313
21
-4.8681444488188976
0
LINE
8
BLACK
6
CONTINUOUS
10
3.5754690157480313
20
-4.8681444488188976
11
3.5762188976377951
21
-4.8696442519685039
0
LINE
8
BLACK
6
CONTINUOUS
10
3.5762188976377951
20
-4.8696442519685039
11
3.5762344881889763
21
-4.86970125984252
0
LINE
8
BLACK
6
CONTINUOUS
10
3.5762344881889763
20
-4.86970125984252
11
3.5762536614173226
21
-4.8697204330708663
0
LINE
8
BLACK
6
CONTINUOUS
10
3.5762536614173226
20
-4.8697204330708663
11
3.576290590551181
21
-4.8699062204724406
0
LINE
8
BLACK
6
CONTINUOUS
10
3.576290590551181
20
-4.8699062204724406
11
3.5763405905511809
21
-4.8700887401574802
0
LINE
8
BLACK
6
CONTINUOUS
10
3.5763405905511809
20
-4.8700887401574802
11
3.5763320078740155
21
-4.8701143700787402
0
LINE
8
BLACK
6
CONTINUOUS
10
3.5763320078740155
20
-4.8701143700787402
11
3.5763435826771652
21
-4.8701724409448817
0
LINE
8
BLACK
6
CONTINUOUS
10
3.5763435826771652
20
-4.8701724409448817
11
3.5763435826771652
21
-4.873172086614173
0
LINE
8
BLACK
6
CONTINUOUS
10
3.5763435826771652
20
-4.873172086614173
11
3.5763320078740155
21
-4.8732301181102358
0
LINE
8
BLACK
6
CONTINUOUS
10
3.5763320078740155
20
-4.8732301181102358
11
3.5763405905511809
21
-4.8732557874015745
0
LINE
8
BLACK
6
CONTINUOUS
10
3.5763405905511809
20
-4.8732557874015745
11
3.576290590551181
21
-4.8734382677165353
0
LINE
8
BLACK
6
CONTINUOUS
10
3.576290590551181
20
-4.8734382677165353
11
3.5762536614173226
21
-4.8736240944881892
0
LINE
8
BLACK
6
CONTINUOUS
10
3.5762536614173226
20
-4.8736240944881892
11
3.5762344881889763
21
-4.8736432283464568
0
LINE
8
BLACK
6
CONTINUOUS
10
3.5762344881889763
20
-4.8736432283464568
11
3.5762188976377951
21
-4.8737002755905507
0
LINE
8
BLACK
6
CONTINUOUS
10
3.5762188976377951
20
-4.8737002755905507
11
3.5754690157480313
21
-4.875200078740157
0
LINE
8
BLACK
6
CONTINUOUS
10
3.5754690157480313
20
-4.875200078740157
11
3.5753528740157479
21
-4.8753496850393701
0
LINE
8
BLACK
6
CONTINUOUS
10
3.5753528740157479
20
-4.8753496850393701
11
3.5752477559055116
21
-4.8755070472440947
0
LINE
8
BLACK
6
CONTINUOUS
10
3.5752477559055116
20
-4.8755070472440947
11
3.5744978346456691
21
-4.8762569685039372
0
LINE
8
BLACK
6
CONTINUOUS
10
3.5744978346456691
20
-4.8762569685039372
11
3.5743404724409449
21
-4.8763620472440943
0
LINE
8
BLACK
6
CONTINUOUS
10
3.5743404724409449
20
-4.8763620472440943
11
3.5741908661417323
21
-4.8764782283464569
0
LINE
8
BLACK
6
CONTINUOUS
10
3.5741908661417323
20
-4.8764782283464569
11
3.572691062992126
21
-4.8772281102362207
0
LINE
8
BLACK
6
CONTINUOUS
10
3.572691062992126
20
-4.8772281102362207
11
3.5726340157480316
21
-4.8772437007874014
0
LINE
8
BLACK
6
CONTINUOUS
10
3.5726340157480316
20
-4.8772437007874014
11
3.5726148818897636
21
-4.8772628740157478
0
LINE
8
BLACK
6
CONTINUOUS
10
3.5726148818897636
20
-4.8772628740157478
11
3.5724290551181102
21
-4.8772998031496062
0
LINE
8
BLACK
6
CONTINUOUS
10
3.5724290551181102
20
-4.8772998031496062
11
3.5722465748031493
21
-4.8773498031496061
0
LINE
8
BLACK
6
CONTINUOUS
10
3.5722465748031493
20
-4.8773498031496061
11
3.572220905511811
21
-4.8773412204724407
0
LINE
8
BLACK
6
CONTINUOUS
10
3.572220905511811
20
-4.8773412204724407
11
3.5721628740157478
21
-4.8773527952755904
0
LINE
8
BLACK
6
CONTINUOUS
10
3.5721628740157478
20
-4.8773527952755904
11
3.5691632283464565
21
-4.8773527952755904
0
LINE
8
BLACK
6
CONTINUOUS
10
3.5691632283464565
20
-4.8773527952755904
11
3.569105157480315
21
-4.8773412204724407
0
LINE
8
BLACK
6
CONTINUOUS
10
3.569105157480315
20
-4.8773412204724407
11
3.569079527559055
21
-4.8773498031496061
0
LINE
8
BLACK
6
CONTINUOUS
10
3.569079527559055
20
-4.8773498031496061
11
3.5688970078740159
21
-4.8772998031496062
0
LINE
8
BLACK
6
CONTINUOUS
10
3.5688970078740159
20
-4.8772998031496062
11
3.5687112204724407
21
-4.8772628740157478
0
LINE
8
BLACK
6
CONTINUOUS
10
3.5687112204724407
20
-4.8772628740157478
11
3.5686920472440944
21
-4.8772437007874014
0
LINE
8
BLACK
6
CONTINUOUS
10
3.5686920472440944
20
-4.8772437007874014
11
3.5686350393700788
21
-4.8772281102362207
0
LINE
8
BLACK
6
CONTINUOUS
10
3.5686350393700788
20
-4.8772281102362207
11
3.5671352362204725
21
-4.8764782283464569
0
LINE
8
BLACK
6
CONTINUOUS
10
3.5671352362204725
20
-4.8764782283464569
11
3.5669855905511811
21
-4.876362086614173
0
LINE
8
BLACK
6
CONTINUOUS
10
3.5669855905511811
20
-4.876362086614173
11
3.5668282677165353
21
-4.8762569685039372
0
LINE
8
BLACK
6
CONTINUOUS
10
3.5668282677165353
20
-4.8762569685039372
11
3.5661635826771652
21
-4.8755922834645666
0
LINE
8
BLACK
6
CONTINUOUS
10
3.5661635826771652
20
-4.8755922834645666
11
3.5654989370078738
21
-4.8762569685039372
0
LINE
8
BLACK
6
CONTINUOUS
10
3.5654989370078738
20
-4.8762569685039372
11
3.5653415748031496
21
-4.8763620472440943
0
LINE
8
BLACK
6
CONTINUOUS
10
3.5653415748031496
20
-4.8763620472440943
11
3.565191968503937
21
-4.8764782283464569
0
LINE
8
BLACK
6
CONTINUOUS
10
3.565191968503937
20
-4.8764782283464569
11
3.5636921653543308
21
-4.8772281102362207
0
LINE
8
BLACK
6
CONTINUOUS
10
3.5636921653543308
20
-4.8772281102362207
11
3.5636351181102359
21
-4.8772437007874014
0
LINE
8
BLACK
6
CONTINUOUS
10
3.5636351181102359
20
-4.8772437007874014
11
3.5636159842519683
21
-4.8772628740157478
0
LINE
8
BLACK
6
CONTINUOUS
10
3.5636159842519683
20
-4.8772628740157478
11
3.5634301574803149
21
-4.8772998031496062
0
LINE
8
BLACK
6
CONTINUOUS
10
3.5634301574803149
20
-4.8772998031496062
11
3.5632476771653541
21
-4.8773498031496061
0
LINE
8
BLACK
6
CONTINUOUS
10
3.5632476771653541
20
-4.8773498031496061
11
3.5632220078740158
21
-4.8773412204724407
0
LINE
8
BLACK
6
CONTINUOUS
10
3.5632220078740158
20
-4.8773412204724407
11
3.5631639763779526
21
-4.8773527952755904
0
LINE
8
BLACK
6
CONTINUOUS
10
3.5631639763779526
20
-4.8773527952755904
11
3.5624140944881888
21
-4.8773527952755904
0
LINE
8
BLACK
6
CONTINUOUS
10
3.5624140944881888
20
-4.8773527952755904
11
3.5623560236220473
21
-4.8773412204724407
0
LINE
8
BLACK
6
CONTINUOUS
10
3.5623560236220473
20
-4.8773412204724407
11
3.5623303937007873
21
-4.8773498031496061
0
LINE
8
BLACK
6
CONTINUOUS
10
3.5623303937007873
20
-4.8773498031496061
11
3.5621478740157482
21
-4.8772998031496062
0
LINE
8
BLACK
6
CONTINUOUS
10
3.5621478740157482
20
-4.8772998031496062
11
3.561962086614173
21
-4.8772628740157478
0
LINE
8
BLACK
6
CONTINUOUS
10
3.561962086614173
20
-4.8772628740157478
11
3.5619429133858267
21
-4.8772437007874014
0
LINE
8
BLACK
6
CONTINUOUS
10
3.5619429133858267
20
-4.8772437007874014
11
3.5618859055118111
21
-4.8772281102362207
0
LINE
8
BLACK
6
CONTINUOUS
10
3.5618859055118111
20
-4.8772281102362207
11
3.560386062992126
21
-4.8764782283464569
0
LINE
8
BLACK
6
CONTINUOUS
10
3.560386062992126
20
-4.8764782283464569
11
3.5602364173228347
21
-4.876362086614173
0
LINE
8
BLACK
6
CONTINUOUS
10
3.5602364173228347
20
-4.876362086614173
11
3.5600790551181101
21
-4.8762569291338584
0
LINE
8
BLACK
6
CONTINUOUS
10
3.5600790551181101
20
-4.8762569291338584
11
3.5593291732283463
21
-4.8755070472440947
0
LINE
8
BLACK
6
CONTINUOUS
10
3.5593291732283463
20
-4.8755070472440947
11
3.5592239763779525
21
-4.8753495669291338
0
LINE
8
BLACK
6
CONTINUOUS
10
3.5592239763779525
20
-4.8753495669291338
11
3.5591079527559053
21
-4.8752001181102358
0
LINE
8
BLACK
6
CONTINUOUS
10
3.5591079527559053
20
-4.8752001181102358
11
3.5583580314960628
21
-4.8737003149606295
0
LINE
8
BLACK
6
CONTINUOUS
10
3.5583580314960628
20
-4.8737003149606295
11
3.5583424015748029
21
-4.8736432283464568
0
LINE
8
BLACK
6
CONTINUOUS
10
3.5583424015748029
20
-4.8736432283464568
11
3.5583232677165353
21
-4.8736240944881892
0
LINE
8
BLACK
6
CONTINUOUS
10
3.5583232677165353
20
-4.8736240944881892
11
3.5582862992125985
21
-4.8734383070866141
0
LINE
8
BLACK
6
CONTINUOUS
10
3.5582862992125985
20
-4.8734383070866141
11
3.558236338582677
21
-4.8732557874015745
0
LINE
8
BLACK
6
CONTINUOUS
10
3.558236338582677
20
-4.8732557874015745
11
3.5582448818897636
21
-4.8732301181102358
0
LINE
8
BLACK
6
CONTINUOUS
10
3.5582448818897636
20
-4.8732301181102358
11
3.5582333464566926
21
-4.873172086614173
0
LINE
8
BLACK
6
CONTINUOUS
10
3.5582333464566926
20
-4.873172086614173
11
3.5582333464566926
21
-4.8701724409448817
0
LINE
8
BLACK
6
CONTINUOUS
10
3.5582333464566926
20
-4.8701724409448817
11
3.5582448818897636
21
-4.8701143700787402
0
LINE
8
BLACK
6
CONTINUOUS
10
3.5582448818897636
20
-4.8701143700787402
11
3.558236338582677
21
-4.8700887401574802
0
LINE
8
BLACK
6
CONTINUOUS
10
3.558236338582677
20
-4.8700887401574802
11
3.5582862992125985
21
-4.8699061811023618
0
LINE
8
BLACK
6
CONTINUOUS
10
3.5582862992125985
20
-4.8699061811023618
11
3.5583232677165353
21
-4.8697204330708663
0
LINE
8
BLACK
6
CONTINUOUS
10
3.5583232677165353
20
-4.8697204330708663
11
3.5583424015748029
21
-4.86970125984252
0
LINE
8
BLACK
6
CONTINUOUS
10
3.5583424015748029
20
-4.86970125984252
11
3.5583580314960628
21
-4.8696442125984252
0
LINE
8
BLACK
6
CONTINUOUS
10
3.5583580314960628
20
-4.8696442125984252
11
3.5591079527559053
21
-4.8681444094488189
0
LINE
8
BLACK
6
CONTINUOUS
10
3.5591079527559053
20
-4.8681444094488189
11
3.5592241732283463
21
-4.8679946456692909
0
LINE
8
BLACK
6
CONTINUOUS
10
3.5592241732283463
20
-4.8679946456692909
11
3.5593292125984251
21
-4.8678374803149609
0
LINE
8
BLACK
6
CONTINUOUS
10
3.5593292125984251
20
-4.8678374803149609
11
3.5600790944881888
21
-4.8670875590551184
0
LINE
8
BLACK
6
CONTINUOUS
10
3.5600790944881888
20
-4.8670875590551184
11
3.5602368110236218
21
-4.8669821653543304
0
LINE
8
BLACK
6
CONTINUOUS
10
3.5602368110236218
20
-4.8669821653543304
11
3.560386062992126
21
-4.8668663385826774
0
LINE
8
BLACK
6
CONTINUOUS
10
3.560386062992126
20
-4.8668663385826774
11
3.5618859055118111
21
-4.8661164173228348
0
LINE
8
BLACK
6
CONTINUOUS
10
3.5618859055118111
20
-4.8661164173228348
11
3.5619429133858267
21
-4.8661007874015745
0
LINE
8
BLACK
6
CONTINUOUS
10
3.5619429133858267
20
-4.8661007874015745
11
3.561962086614173
21
-4.8660816535433069
0
LINE
8
BLACK
6
CONTINUOUS
10
3.561962086614173
20
-4.8660816535433069
11
3.5621475590551182
21
-4.8660447244094485
0
LINE
8
BLACK
6
CONTINUOUS
10
3.5621475590551182
20
-4.8660447244094485
11
3.5623303937007873
21
-4.8659946850393698
0
LINE
8
BLACK
6
CONTINUOUS
10
3.5623303937007873
20
-4.8659946850393698
11
3.5623561023622048
21
-4.8660032283464565
0
LINE
8
BLACK
6
CONTINUOUS
10
3.5623561023622048
20
-4.8660032283464565
11
3.5624140944881888
21
-4.8659917322834643
0
LINE
8
BLACK
6
CONTINUOUS
10
3.5624140944881888
20
-4.8659917322834643
11
3.5631639763779526
21
-4.8659917322834643
0
LINE
8
BLACK
6
CONTINUOUS
10
3.5631639763779526
20
-4.8659917322834643
11
3.5632220078740158
21
-4.8660032677165352
0
LINE
8
BLACK
6
CONTINUOUS
10
3.5616138976377951
20
-4.8688934251968501
11
3.5611350393700785
21
-4.869372244094488
0
LINE
8
BLACK
6
CONTINUOUS
10
3.5611350393700785
20
-4.869372244094488
11
3.5605955511811023
21
-4.8704512992125979
0
LINE
8
BLACK
6
CONTINUOUS
10
3.5605955511811023
20
-4.8704512992125979
11
3.5605955511811023
21
-4.8728932283464568
0
LINE
8
BLACK
6
CONTINUOUS
10
3.5605955511811023
20
-4.8728932283464568
11
3.5611350393700785
21
-4.8739722047244092
0
LINE
8
BLACK
6
CONTINUOUS
10
3.5611350393700785
20
-4.8739722047244092
11
3.5616139370078739
21
-4.8744511023622046
0
LINE
8
BLACK
6
CONTINUOUS
10
3.5616139370078739
20
-4.8744511023622046
11
3.5626929133858267
21
-4.8749905905511808
0
LINE
8
BLACK
6
CONTINUOUS
10
3.5626929133858267
20
-4.8749905905511808
11
3.5628851574803151
21
-4.8749905905511808
0
LINE
8
BLACK
6
CONTINUOUS
10
3.5628851574803151
20
-4.8749905905511808
11
3.5639641732283462
21
-4.8744510629921258
0
LINE
8
BLACK
6
CONTINUOUS
10
3.5639641732283462
20
-4.8744510629921258
11
3.5644429527559054
21
-4.8739722834645667
0
LINE
8
BLACK
6
CONTINUOUS
10
3.5644429527559054
20
-4.8739722834645667
11
3.5649825196850391
21
-4.872893188976378
0
LINE
8
BLACK
6
CONTINUOUS
10
3.5649825196850391
20
-4.872893188976378
11
3.5649825196850391
21
-4.8704512992125979
0
LINE
8
BLACK
6
CONTINUOUS
10
3.5649825196850391
20
-4.8704512992125979
11
3.5644429921259841
21
-4.8693722834645667
0
LINE
8
BLACK
6
CONTINUOUS
10
3.5644429921259841
20
-4.8693722834645667
11
3.5639640944881887
21
-4.8688934251968501
0
LINE
8
BLACK
6
CONTINUOUS
10
3.5639640944881887
20
-4.8688934251968501
11
3.5628851181102363
21
-4.8683539370078739
0
LINE
8
BLACK
6
CONTINUOUS
10
3.5628851181102363
20
-4.8683539370078739
11
3.5626929527559055
21
-4.8683539370078739
0
LINE
8
BLACK
6
CONTINUOUS
10
3.5626929527559055
20
-4.8683539370078739
11
3.5616138976377951
21
-4.8688934251968501
0
LINE
8
BLACK
6
CONTINUOUS
10
3.5683629921259841
20
-4.8688934645669288
11
3.5678841732283462
21
-4.8693722834645667
0
LINE
8
BLACK
6
CONTINUOUS
10
3.5678841732283462
20
-4.8693722834645667
11
3.5673447244094487
21
-4.8704512204724404
0
LINE
8
BLACK
6
CONTINUOUS
10
3.5673447244094487
20
-4.8704512204724404
11
3.5673447244094487
21
-4.8728932677165355
0
LINE
8
BLACK
6
CONTINUOUS
10
3.5673447244094487
20
-4.8728932677165355
11
3.5678842125984249
21
-4.8739722834645667
0
LINE
8
BLACK
6
CONTINUOUS
10
3.5678842125984249
20
-4.8739722834645667
11
3.5683629921259841
21
-4.8744510629921258
0
LINE
8
BLACK
6
CONTINUOUS
10
3.5683629921259841
20
-4.8744510629921258
11
3.5694420472440944
21
-4.8749905905511808
0
LINE
8
BLACK
6
CONTINUOUS
10
3.5694420472440944
20
-4.8749905905511808
11
3.5718840551181104
21
-4.8749905905511808
0
LINE
8
BLACK
6
CONTINUOUS
10
3.5718840551181104
20
-4.8749905905511808
11
3.5729630708661415
21
-4.8744510629921258
0
LINE
8
BLACK
6
CONTINUOUS
10
3.5729630708661415
20
-4.8744510629921258
11
3.5734418503937007
21
-4.8739722834645667
0
LINE
8
BLACK
6
CONTINUOUS
10
3.5734418503937007
20
-4.8739722834645667
11
3.5739813779527556
21
-4.8728932677165355
0
LINE
8
BLACK
6
CONTINUOUS
10
3.5739813779527556
20
-4.8728932677165355
11
3.5739813779527556
21
-4.8704512204724404
0
LINE
8
BLACK
6
CONTINUOUS
10
3.5739813779527556
20
-4.8704512204724404
11
3.5734419291338582
21
-4.8693723228346455
0
LINE
8
BLACK
6
CONTINUOUS
10
3.5734419291338582
20
-4.8693723228346455
11
3.572962992125984
21
-4.8688934251968501
0
LINE
8
BLACK
6
CONTINUOUS
10
3.572962992125984
20
-4.8688934251968501
11
3.5718840157480316
21
-4.8683539370078739
0
LINE
8
BLACK
6
CONTINUOUS
10
3.5718840157480316
20
-4.8683539370078739
11
3.5694420866141732
21
-4.8683539370078739
0
LINE
8
BLACK
6
CONTINUOUS
10
3.5694420866141732
20
-4.8683539370078739
11
3.5683629921259841
21
-4.8688934645669288
0
LINE
8
BLACK
6
CONTINUOUS
10
3.5648061811023619
20
-4.8514009055118112
11
3.5650920472440943
21
-4.8522584251968501
0
LINE
8
BLACK
6
CONTINUOUS
10
3.5650920472440943
20
-4.8522584251968501
11
3.5649703149606298
21
-4.8527029133858264
0
LINE
8
BLACK
6
CONTINUOUS
10
3.5649703149606298
20
-4.8527029133858264
11
3.5642203937007872
21
-4.8542027559055114
0
LINE
8
BLACK
6
CONTINUOUS
10
3.5642203937007872
20
-4.8542027559055114
11
3.5641042519685038
21
-4.8543523228346457
0
LINE
8
BLACK
6
CONTINUOUS
10
3.5641042519685038
20
-4.8543523228346457
11
3.5639991338582675
21
-4.8545097244094491
0
LINE
8
BLACK
6
CONTINUOUS
10
3.5639991338582675
20
-4.8545097244094491
11
3.5630157480314959
21
-4.8554930708661415
0
LINE
8
BLACK
6
CONTINUOUS
10
3.5630157480314959
20
-4.8554930708661415
11
3.5739813779527556
21
-4.8554930708661415
0
LINE
8
BLACK
6
CONTINUOUS
10
3.5739813779527556
20
-4.8554930708661415
11
3.5739813779527556
21
-4.8521747244094486
0
LINE
8
BLACK
6
CONTINUOUS
10
3.5739813779527556
20
-4.8521747244094486
11
3.5740712992125983
21
-4.8517227165354333
0
LINE
8
BLACK
6
CONTINUOUS
10
3.5740712992125983
20
-4.8517227165354333
11
3.5747104724409446
21
-4.8510835433070865
0
LINE
8
BLACK
6
CONTINUOUS
10
3.5747104724409446
20
-4.8510835433070865
11
3.5756144881889762
21
-4.8510835433070865
0
LINE
8
BLACK
6
CONTINUOUS
10
3.5756144881889762
20
-4.8510835433070865
11
3.5762536614173226
21
-4.8517227165354333
0
LINE
8
BLACK
6
CONTINUOUS
10
3.5762536614173226
20
-4.8517227165354333
11
3.5763435826771652
21
-4.8521747244094486
0
LINE
8
BLACK
6
CONTINUOUS
10
3.5763435826771652
20
-4.8521747244094486
11
3.5763435826771652
21
-4.8611735826771652
0
LINE
8
BLACK
6
CONTINUOUS
10
3.5763435826771652
20
-4.8611735826771652
11
3.5762536614173226
21
-4.8616255905511814
0
LINE
8
BLACK
6
CONTINUOUS
10
3.5762536614173226
20
-4.8616255905511814
11
3.5756144881889762
21
-4.8622647637795273
0
LINE
8
BLACK
6
CONTINUOUS
10
3.5756144881889762
20
-4.8622647637795273
11
3.5747104724409446
21
-4.8622647637795273
0
LINE
8
BLACK
6
CONTINUOUS
10
3.5747104724409446
20
-4.8622647637795273
11
3.5740712992125983
21
-4.8616255905511814
0
LINE
8
BLACK
6
CONTINUOUS
10
3.5740712992125983
20
-4.8616255905511814
11
3.5739813779527556
21
-4.8611735826771652
0
LINE
8
BLACK
6
CONTINUOUS
10
3.5739813779527556
20
-4.8611735826771652
11
3.5739813779527556
21
-4.8578552755905511
0
LINE
8
BLACK
6
CONTINUOUS
10
3.5739813779527556
20
-4.8578552755905511
11
3.5594144488188975
21
-4.8578552755905511
0
LINE
8
BLACK
6
CONTINUOUS
10
3.5594144488188975
20
-4.8578552755905511
11
3.5589624409448817
21
-4.8577653543307084
0
LINE
8
BLACK
6
CONTINUOUS
10
3.5589624409448817
20
-4.8577653543307084
11
3.5588764566929134
21
-4.8576793700787402
0
LINE
8
BLACK
6
CONTINUOUS
10
3.5588764566929134
20
-4.8576793700787402
11
3.5587572834645669
21
-4.8576555511811019
0
LINE
8
BLACK
6
CONTINUOUS
10
3.5587572834645669
20
-4.8576555511811019
11
3.5585664960629919
21
-4.8573694094488191
0
LINE
8
BLACK
6
CONTINUOUS
10
3.5585664960629919
20
-4.8573694094488191
11
3.5583232677165353
21
-4.8571261811023625
0
LINE
8
BLACK
6
CONTINUOUS
10
3.5583232677165353
20
-4.8571261811023625
11
3.5583232677165353
21
-4.8570045669291337
0
LINE
8
BLACK
6
CONTINUOUS
10
3.5583232677165353
20
-4.8570045669291337
11
3.5582557874015746
21
-4.8569033858267714
0
LINE
8
BLACK
6
CONTINUOUS
10
3.5582557874015746
20
-4.8569033858267714
11
3.5583232677165353
21
-4.8565659842519686
0
LINE
8
BLACK
6
CONTINUOUS
10
3.5583232677165353
20
-4.8565659842519686
11
3.5583232677165353
21
-4.8562221653543309
0
LINE
8
BLACK
6
CONTINUOUS
10
3.5583232677165353
20
-4.8562221653543309
11
3.5584092125984252
21
-4.8561361811023618
0
LINE
8
BLACK
6
CONTINUOUS
10
3.5584092125984252
20
-4.8561361811023618
11
3.5584330708661418
21
-4.8560170078740157
0
LINE
8
BLACK
6
CONTINUOUS
10
3.5584330708661418
20
-4.8560170078740157
11
3.5587592913385824
21
-4.855691456692913
0
LINE
8
BLACK
6
CONTINUOUS
10
3.5587592913385824
20
-4.855691456692913
11
3.5609117716535432
21
-4.8542563779527557
0
LINE
8
BLACK
6
CONTINUOUS
10
3.5609117716535432
20
-4.8542563779527557
11
3.5621932677165353
21
-4.8529748818897636
0
LINE
8
BLACK
6
CONTINUOUS
10
3.5621932677165353
20
-4.8529748818897636
11
3.5628574803149604
21
-4.8516464960629921
0
LINE
8
BLACK
6
CONTINUOUS
10
3.5628574803149604
20
-4.8516464960629921
11
3.5631400787401573
21
-4.8512824409448818
0
LINE
8
BLACK
6
CONTINUOUS
10
3.5631400787401573
20
-4.8512824409448818
11
3.5639975984251966
21
-4.8509965748031494
0
LINE
8
BLACK
6
CONTINUOUS
10
3.5639975984251966
20
-4.8509965748031494
11
3.5648061811023619
21
-4.8514009055118112
0
LINE
8
BLACK
6
CONTINUOUS
10
3.5685553149606299
20
-4.8352738188976376
11
3.568699803149606
21
-4.8352808661417326
0
LINE
8
BLACK
6
CONTINUOUS
10
3.568699803149606
20
-4.8352808661417326
11
3.571699409448819
21
-4.8360307874015751
0
LINE
8
BLACK
6
CONTINUOUS
10
3.571699409448819
20
-4.8360307874015751
11
3.5718163385826771
21
-4.8360860236220473
0
LINE
8
BLACK
6
CONTINUOUS
10
3.5718163385826771
20
-4.8360860236220473
11
3.5719411417322835
21
-4.836120196850394
0
LINE
8
BLACK
6
CONTINUOUS
10
3.5719411417322835
20
-4.836120196850394
11
3.5734409448818898
21
-4.8368700787401577
0
LINE
8
BLACK
6
CONTINUOUS
10
3.5734409448818898
20
-4.8368700787401577
11
3.5735904330708661
21
-4.8369861023622045
0
LINE
8
BLACK
6
CONTINUOUS
10
3.5735904330708661
20
-4.8369861023622045
11
3.5737479133858265
21
-4.8370913385826775
0
LINE
8
BLACK
6
CONTINUOUS
10
3.5737479133858265
20
-4.8370913385826775
11
3.5752477559055116
21
-4.838591102362205
0
LINE
8
BLACK
6
CONTINUOUS
10
3.5752477559055116
20
-4.838591102362205
11
3.5752806299212598
21
-4.8386403149606299
0
LINE
8
BLACK
6
CONTINUOUS
10
3.5752806299212598
20
-4.8386403149606299
11
3.5753048425196852
21
-4.8386524409448821
0
LINE
8
BLACK
6
CONTINUOUS
10
3.5753048425196852
20
-4.8386524409448821
11
3.5753986220472442
21
-4.8388169291338583
0
LINE
8
BLACK
6
CONTINUOUS
10
3.5753986220472442
20
-4.8388169291338583
11
3.5755037795275588
21
-4.8389743307086617
0
LINE
8
BLACK
6
CONTINUOUS
10
3.5755037795275588
20
-4.8389743307086617
11
3.5755037795275588
21
-4.8390013385826771
0
LINE
8
BLACK
6
CONTINUOUS
10
3.5755037795275588
20
-4.8390013385826771
11
3.5755331102362202
21
-4.8390527952755908
0
LINE
8
BLACK
6
CONTINUOUS
10
3.5755331102362202
20
-4.8390527952755908
11
3.576282992125984
21
-4.8413025590551184
0
LINE
8
BLACK
6
CONTINUOUS
10
3.576282992125984
20
-4.8413025590551184
11
3.5763066141732285
21
-4.8414903543307082
0
LINE
8
BLACK
6
CONTINUOUS
10
3.5763066141732285
20
-4.8414903543307082
11
3.5763435826771652
21
-4.8416760236220471
0
LINE
8
BLACK
6
CONTINUOUS
10
3.5763435826771652
20
-4.8416760236220471
11
3.5763435826771652
21
-4.8431758661417321
0
LINE
8
BLACK
6
CONTINUOUS
10
3.5763435826771652
20
-4.8431758661417321
11
3.5763066535433068
21
-4.8433614566929135
0
LINE
8
BLACK
6
CONTINUOUS
10
3.5763066535433068
20
-4.8433614566929135
11
3.576282992125984
21
-4.8435493700787404
0
LINE
8
BLACK
6
CONTINUOUS
10
3.576282992125984
20
-4.8435493700787404
11
3.5755331102362202
21
-4.8457990551181105
0
LINE
8
BLACK
6
CONTINUOUS
10
3.5755331102362202
20
-4.8457990551181105
11
3.5755038188976376
21
-4.8458503937007871
0
LINE
8
BLACK
6
CONTINUOUS
10
3.5755038188976376
20
-4.8458503937007871
11
3.5755038188976376
21
-4.8458775196850397
0
LINE
8
BLACK
6
CONTINUOUS
10
3.5755038188976376
20
-4.8458775196850397
11
3.5753985433070867
21
-4.8460349999999996
0
LINE
8
BLACK
6
CONTINUOUS
10
3.5753985433070867
20
-4.8460349999999996
11
3.5753048425196852
21
-4.8461994094488192
0
LINE
8
BLACK
6
CONTINUOUS
10
3.5753048425196852
20
-4.8461994094488192
11
3.5752805905511811
21
-4.8462114960629918
0
LINE
8
BLACK
6
CONTINUOUS
10
3.5752805905511811
20
-4.8462114960629918
11
3.5752477559055116
21
-4.8462607086614176
0
LINE
8
BLACK
6
CONTINUOUS
10
3.5752477559055116
20
-4.8462607086614176
11
3.5744978346456691
21
-4.8470106299212601
0
LINE
8
BLACK
6
CONTINUOUS
10
3.5744978346456691
20
-4.8470106299212601
11
3.5741146456692912
21
-4.8472666535433069
0
LINE
8
BLACK
6
CONTINUOUS
10
3.5741146456692912
20
-4.8472666535433069
11
3.5732107086614171
21
-4.8472666535433069
0
LINE
8
BLACK
6
CONTINUOUS
10
3.5732107086614171
20
-4.8472666535433069
11
3.572571496062992
21
-4.8466274409448822
0
LINE
8
BLACK
6
CONTINUOUS
10
3.572571496062992
20
-4.8466274409448822
11
3.572571496062992
21
-4.8457235039370081
0
LINE
8
BLACK
6
CONTINUOUS
10
3.572571496062992
20
-4.8457235039370081
11
3.5728275196850392
21
-4.8453403149606302
0
LINE
8
BLACK
6
CONTINUOUS
10
3.5728275196850392
20
-4.8453403149606302
11
3.5733801968503935
21
-4.8447875984251967
0
LINE
8
BLACK
6
CONTINUOUS
10
3.5733801968503935
20
-4.8447875984251967
11
3.5739813779527556
21
-4.842984133858268
0
LINE
8
BLACK
6
CONTINUOUS
10
3.5739813779527556
20
-4.842984133858268
11
3.5739813779527556
21
-4.8418677165354334
0
LINE
8
BLACK
6
CONTINUOUS
10
3.5739813779527556
20
-4.8418677165354334
11
3.5733801968503935
21
-4.8400642519685038
0
LINE
8
BLACK
6
CONTINUOUS
10
3.5733801968503935
20
-4.8400642519685038
11
3.572213149606299
21
-4.8388972047244092
0
LINE
8
BLACK
6
CONTINUOUS
10
3.572213149606299
20
-4.8388972047244092
11
3.5710006692913385
21
-4.8382909448818898
0
LINE
8
BLACK
6
CONTINUOUS
10
3.5710006692913385
20
-4.8382909448818898
11
3.5682679921259841
21
-4.8376077952755905
0
LINE
8
BLACK
6
CONTINUOUS
10
3.5682679921259841
20
-4.8376077952755905
11
3.5663089763779525
21
-4.8376077952755905
0
LINE
8
BLACK
6
CONTINUOUS
10
3.5663089763779525
20
-4.8376077952755905
11
3.563576220472441
21
-4.8382909842519686
0
LINE
8
BLACK
6
CONTINUOUS
10
3.563576220472441
20
-4.8382909842519686
11
3.5623638188976376
21
-4.8388971653543305
0
LINE
8
BLACK
6
CONTINUOUS
10
3.5623638188976376
20
-4.8388971653543305
11
3.5611966535433068
21
-4.8400642913385825
0
LINE
8
BLACK
6
CONTINUOUS
10
3.5611966535433068
20
-4.8400642913385825
11
3.5605955511811023
21
-4.8418676377952758
0
LINE
8
BLACK
6
CONTINUOUS
10
3.5605955511811023
20
-4.8418676377952758
11
3.5605955511811023
21
-4.8429842125984255
0
LINE
8
BLACK
6
CONTINUOUS
10
3.5605955511811023
20
-4.8429842125984255
11
3.5611966535433068
21
-4.8447874803149604
0
LINE
8
BLACK
6
CONTINUOUS
10
3.5611966535433068
20
-4.8447874803149604
11
3.5617494488188974
21
-4.8453403149606302
0
LINE
8
BLACK
6
CONTINUOUS
10
3.5617494488188974
20
-4.8453403149606302
11
3.5620054724409447
21
-4.8457235433070869
0
LINE
8
BLACK
6
CONTINUOUS
10
3.5620054724409447
20
-4.8457235433070869
11
3.5620054330708659
21
-4.8466274409448822
0
LINE
8
BLACK
6
CONTINUOUS
10
3.5620054330708659
20
-4.8466274409448822
11
3.561366181102362
21
-4.8472666929133856
0
LINE
8
BLACK
6
CONTINUOUS
10
3.561366181102362
20
-4.8472666929133856
11
3.560462244094488
21
-4.8472666535433069
0
LINE
8
BLACK
6
CONTINUOUS
10
3.560462244094488
20
-4.8472666535433069
11
3.5600790551181101
21
-4.8470105905511813
0
LINE
8
BLACK
6
CONTINUOUS
10
3.5600790551181101
20
-4.8470105905511813
11
3.5593291732283463
21
-4.8462607086614176
0
LINE
8
BLACK
6
CONTINUOUS
10
3.5593291732283463
20
-4.8462607086614176
11
3.5592962598425197
21
-4.8462114566929131
0
LINE
8
BLACK
6
CONTINUOUS
10
3.5592962598425197
20
-4.8462114566929131
11
3.5592721259842519
21
-4.8461994094488192
0
LINE
8
BLACK
6
CONTINUOUS
10
3.5592721259842519
20
-4.8461994094488192
11
3.5591785039370079
21
-4.8460351574803147
0
LINE
8
BLACK
6
CONTINUOUS
10
3.5591785039370079
20
-4.8460351574803147
11
3.5590731496062991
21
-4.8458774803149609
0
LINE
8
BLACK
6
CONTINUOUS
10
3.5590731496062991
20
-4.8458774803149609
11
3.5590731496062991
21
-4.8458503543307083
0
LINE
8
BLACK
6
CONTINUOUS
10
3.5590731496062991
20
-4.8458503543307083
11
3.5590438976377952
21
-4.8457990551181105
0
LINE
8
BLACK
6
CONTINUOUS
10
3.5590438976377952
20
-4.8457990551181105
11
3.5582939763779526
21
-4.8435493700787404
0
LINE
8
BLACK
6
CONTINUOUS
10
3.5582939763779526
20
-4.8435493700787404
11
3.5582703149606298
21
-4.8433617322834648
0
LINE
8
BLACK
6
CONTINUOUS
10
3.5582703149606298
20
-4.8433617322834648
11
3.5582333464566926
21
-4.8431758661417321
0
LINE
8
BLACK
6
CONTINUOUS
10
3.5582333464566926
20
-4.8431758661417321
11
3.5582333464566926
21
-4.8416760236220471
0
LINE
8
BLACK
6
CONTINUOUS
10
3.5582333464566926
20
-4.8416760236220471
11
3.5582703149606298
21
-4.8414901181102366
0
LINE
8
BLACK
6
CONTINUOUS
10
3.5582703149606298
20
-4.8414901181102366
11
3.5582939763779526
21
-4.8413025196850397
0
LINE
8
BLACK
6
CONTINUOUS
10
3.5582939763779526
20
-4.8413025196850397
11
3.5590438976377952
21
-4.8390527952755908
0
LINE
8
BLACK
6
CONTINUOUS
10
3.5590438976377952
20
-4.8390527952755908
11
3.5590731889763778
21
-4.8390013779527559
0
LINE
8
BLACK
6
CONTINUOUS
10
3.5590731889763778
20
-4.8390013779527559
11
3.5590731889763778
21
-4.8389743307086617
0
LINE
8
BLACK
6
CONTINUOUS
10
3.5590731889763778
20
-4.8389743307086617
11
3.5591783464566928
21
-4.8388168897637795
0
LINE
8
BLACK
6
CONTINUOUS
10
3.5591783464566928
20
-4.8388168897637795
11
3.5592721259842519
21
-4.8386524409448821
0
LINE
8
BLACK
6
CONTINUOUS
10
3.5592721259842519
20
-4.8386524409448821
11
3.5592963385826772
21
-4.8386403149606299
0
LINE
8
BLACK
6
CONTINUOUS
10
3.5592963385826772
20
-4.8386403149606299
11
3.5593292125984251
21
-4.8385911417322838
0
LINE
8
BLACK
6
CONTINUOUS
10
3.5593292125984251
20
-4.8385911417322838
11
3.5608289763779526
21
-4.8370913385826775
0
LINE
8
BLACK
6
CONTINUOUS
10
3.5608289763779526
20
-4.8370913385826775
11
3.5609863385826772
21
-4.836986181102362
0
LINE
8
BLACK
6
CONTINUOUS
10
3.5609863385826772
20
-4.836986181102362
11
3.5611359842519685
21
-4.8368700787401577
0
LINE
8
BLACK
6
CONTINUOUS
10
3.5611359842519685
20
-4.8368700787401577
11
3.5626357874015748
21
-4.836120196850394
0
LINE
8
BLACK
6
CONTINUOUS
10
3.5626357874015748
20
-4.836120196850394
11
3.5627605511811025
21
-4.8360860236220473
0
LINE
8
BLACK
6
CONTINUOUS
10
3.5627605511811025
20
-4.8360860236220473
11
3.5628775196850393
21
-4.8360307874015751
0
LINE
8
BLACK
6
CONTINUOUS
10
3.5628775196850393
20
-4.8360307874015751
11
3.5658771653543306
21
-4.8352808661417326
0
LINE
8
BLACK
6
CONTINUOUS
10
3.5658771653543306
20
-4.8352808661417326
11
3.5660216141732284
21
-4.8352738188976376
0
LINE
8
BLACK
6
CONTINUOUS
10
3.5660216141732284
20
-4.8352738188976376
11
3.5661636220472439
21
-4.8352455905511809
0
LINE
8
BLACK
6
CONTINUOUS
10
3.5661636220472439
20
-4.8352455905511809
11
3.5684133464566927
21
-4.8352455905511809
0
LINE
8
BLACK
6
CONTINUOUS
10
3.5684133464566927
20
-4.8352455905511809
11
3.5685553149606299
21
-4.8352738188976376
0
LINE
8
BLACK
6
CONTINUOUS
10
3.5845013385826769
20
-4.8229844881889763
11
3.5855666929133858
21
-4.8240498425196847
0
LINE
8
BLACK
6
CONTINUOUS
10
3.5855666929133858
20
-4.8240498425196847
11
3.5857165354330709
21
-4.8248031496062991
0
LINE
8
BLACK
6
CONTINUOUS
10
3.5857165354330709
20
-4.8248031496062991
11
3.5857165354330709
21
-4.8877952755905509
0
LINE
8
BLACK
6
CONTINUOUS
10
3.5857165354330709
20
-4.8877952755905509
11
3.5855666929133858
21
-4.8885485826771653
0
LINE
8
BLACK
6
CONTINUOUS
10
3.5855666929133858
20
-4.8885485826771653
11
3.5845013385826769
21
-4.8896139370078737
0
LINE
8
BLACK
6
CONTINUOUS
10
3.5845013385826769
20
-4.8896139370078737
11
3.583748031496063
21
-4.8897637795275593
0
LINE
8
BLACK
6
CONTINUOUS
10
3.583748031496063
20
-4.8897637795275593
11
3.5522519685039371
21
-4.8897637795275593
0
LINE
8
BLACK
6
CONTINUOUS
10
3.5522519685039371
20
-4.8897637795275593
11
3.5514986614173227
21
-4.8896139370078737
0
LINE
8
BLACK
6
CONTINUOUS
10
3.5514986614173227
20
-4.8896139370078737
11
3.5504333070866143
21
-4.8885485826771653
0
LINE
8
BLACK
6
CONTINUOUS
10
3.5504333070866143
20
-4.8885485826771653
11
3.5502834645669292
21
-4.8877952755905509
0
LINE
8
BLACK
6
CONTINUOUS
10
3.5502834645669292
20
-4.8877952755905509
11
3.5502834645669292
21
-4.8248031496062991
0
LINE
8
BLACK
6
CONTINUOUS
10
3.5502834645669292
20
-4.8248031496062991
11
3.5504333070866143
21
-4.8240498425196847
0
LINE
8
BLACK
6
CONTINUOUS
10
3.5504333070866143
20
-4.8240498425196847
11
3.5514986614173227
21
-4.8229844881889763
0
LINE
8
BLACK
6
CONTINUOUS
10
3.5514986614173227
20
-4.8229844881889763
11
3.5522519685039371
21
-4.8228346456692917
0
LINE
8
BLACK
6
CONTINUOUS
10
3.5522519685039371
20
-4.8228346456692917
11
3.583748031496063
21
-4.8228346456692917
0
LINE
8
BLACK
6
CONTINUOUS
10
3.583748031496063
20
-4.8228346456692917
11
3.5845013385826769
21
-4.8229844881889763
0
LINE
8
BLACK
6
CONTINUOUS
10
3.554220472440945
20
-4.8267716535433074
11
3.554220472440945
21
-4.8858267716535435
0
LINE
8
BLACK
6
CONTINUOUS
10
3.554220472440945
20
-4.8858267716535435
11
3.5817795275590552
21
-4.8858267716535435
0
LINE
8
BLACK
6
CONTINUOUS
10
3.5817795275590552
20
-4.8858267716535435
11
3.5817795275590552
21
-4.8267716535433074
0
LINE
8
BLACK
6
CONTINUOUS
10
3.5817795275590552
20
-4.8267716535433074
11
3.554220472440945
21
-4.8267716535433074
0
LINE
8
BLACK
6
CONTINUOUS
10
4.3725056299212595
20
-4.3501441338582678
11
4.3725955511811021
21
-4.3505961417322832
0
LINE
8
BLACK
6
CONTINUOUS
10
4.3725955511811021
20
-4.3505961417322832
11
4.3725955511811021
21
-4.357742047244094
0
LINE
8
BLACK
6
CONTINUOUS
10
4.3725955511811021
20
-4.357742047244094
11
4.3766359448818895
21
-4.3542067322834646
0
LINE
8
BLACK
6
CONTINUOUS
10
4.3766359448818895
20
-4.3542067322834646
11
4.3769269685039367
21
-4.354039094488189
0
LINE
8
BLACK
6
CONTINUOUS
10
4.3769269685039367
20
-4.354039094488189
11
4.3769616929133859
21
-4.3540044094488186
0
LINE
8
BLACK
6
CONTINUOUS
10
4.3769616929133859
20
-4.3540044094488186
11
4.3769872440944884
21
-4.3540044094488186
0
LINE
8
BLACK
6
CONTINUOUS
10
4.3769872440944884
20
-4.3540044094488186
11
4.3770353149606303
21
-4.3539767322834644
0
LINE
8
BLACK
6
CONTINUOUS
10
4.3770353149606303
20
-4.3539767322834644
11
4.3774505511811022
21
-4.3540044094488186
0
LINE
8
BLACK
6
CONTINUOUS
10
4.3774505511811022
20
-4.3540044094488186
11
4.3778657086614174
21
-4.3540044094488186
0
LINE
8
BLACK
6
CONTINUOUS
10
4.3778657086614174
20
-4.3540044094488186
11
4.3778953543307084
21
-4.3540340551181105
0
LINE
8
BLACK
6
CONTINUOUS
10
4.3778953543307084
20
-4.3540340551181105
11
4.3779372440944879
21
-4.354036850393701
0
LINE
8
BLACK
6
CONTINUOUS
10
4.3779372440944879
20
-4.354036850393701
11
4.3782109055118106
21
-4.3543496062992126
0
LINE
8
BLACK
6
CONTINUOUS
10
4.3782109055118106
20
-4.3543496062992126
11
4.3785048818897634
21
-4.3546435826771654
0
LINE
8
BLACK
6
CONTINUOUS
10
4.3785048818897634
20
-4.3546435826771654
11
4.3785156692913381
21
-4.3546979133858263
0
LINE
8
BLACK
6
CONTINUOUS
10
4.3785156692913381
20
-4.3546979133858263
11
4.3785325590551176
21
-4.3547172047244089
0
LINE
8
BLACK
6
CONTINUOUS
10
4.3785325590551176
20
-4.3547172047244089
11
4.3785292519685042
21
-4.3547662598425196
0
LINE
8
BLACK
6
CONTINUOUS
10
4.3785292519685042
20
-4.3547662598425196
11
4.378594803149606
21
-4.3550955905511808
0
LINE
8
BLACK
6
CONTINUOUS
10
4.378594803149606
20
-4.3550955905511808
11
4.378594803149606
21
-4.3570664566929134
0
LINE
8
BLACK
6
CONTINUOUS
10
4.378594803149606
20
-4.3570664566929134
11
4.3791342913385822
21
-4.3581454330708658
0
LINE
8
BLACK
6
CONTINUOUS
10
4.3791342913385822
20
-4.3581454330708658
11
4.3796131889763776
21
-4.3586243307086612
0
LINE
8
BLACK
6
CONTINUOUS
10
4.3796131889763776
20
-4.3586243307086612
11
4.3806921653543309
21
-4.3591638188976374
0
LINE
8
BLACK
6
CONTINUOUS
10
4.3806921653543309
20
-4.3591638188976374
11
4.3838840551181102
21
-4.3591638188976374
0
LINE
8
BLACK
6
CONTINUOUS
10
4.3838840551181102
20
-4.3591638188976374
11
4.3849630708661413
21
-4.3586242913385824
0
LINE
8
BLACK
6
CONTINUOUS
10
4.3849630708661413
20
-4.3586242913385824
11
4.3854418503937005
21
-4.3581455118110233
0
LINE
8
BLACK
6
CONTINUOUS
10
4.3854418503937005
20
-4.3581455118110233
11
4.3859813779527554
21
-4.3570664960629921
0
LINE
8
BLACK
6
CONTINUOUS
10
4.3859813779527554
20
-4.3570664960629921
11
4.3859813779527554
21
-4.3531246456692916
0
LINE
8
BLACK
6
CONTINUOUS
10
4.3859813779527554
20
-4.3531246456692916
11
4.3854418503937005
21
-4.3520456299212595
0
LINE
8
BLACK
6
CONTINUOUS
10
4.3854418503937005
20
-4.3520456299212595
11
4.3848275196850395
21
-4.3514312992125985
0
LINE
8
BLACK
6
CONTINUOUS
10
4.3848275196850395
20
-4.3514312992125985
11
4.3845714960629918
21
-4.3510481102362206
0
LINE
8
BLACK
6
CONTINUOUS
10
4.3845714960629918
20
-4.3510481102362206
11
4.3845714960629918
21
-4.3501441732283466
0
LINE
8
BLACK
6
CONTINUOUS
10
4.3845714960629918
20
-4.3501441732283466
11
4.3852107086614174
21
-4.349504960629921
0
LINE
8
BLACK
6
CONTINUOUS
10
4.3852107086614174
20
-4.349504960629921
11
4.3861146456692914
21
-4.349504960629921
0
LINE
8
BLACK
6
CONTINUOUS
10
4.3861146456692914
20
-4.349504960629921
11
4.3864978346456693
21
-4.3497609842519687
0
LINE
8
BLACK
6
CONTINUOUS
10
4.3864978346456693
20
-4.3497609842519687
11
4.3872477559055119
21
-4.3505109055118112
0
LINE
8
BLACK
6
CONTINUOUS
10
4.3872477559055119
20
-4.3505109055118112
11
4.3873528740157477
21
-4.3506682283464562
0
LINE
8
BLACK
6
CONTINUOUS
10
4.3873528740157477
20
-4.3506682283464562
11
4.3874690157480316
21
-4.3508178740157479
0
LINE
8
BLACK
6
CONTINUOUS
10
4.3874690157480316
20
-4.3508178740157479
11
4.3882188976377954
21
-4.3523176771653542
0
LINE
8
BLACK
6
CONTINUOUS
10
4.3882188976377954
20
-4.3523176771653542
11
4.3882344881889761
21
-4.3523746850393703
0
LINE
8
BLACK
6
CONTINUOUS
10
4.3882344881889761
20
-4.3523746850393703
11
4.3882536614173224
21
-4.3523938582677166
0
LINE
8
BLACK
6
CONTINUOUS
10
4.3882536614173224
20
-4.3523938582677166
11
4.3882905905511809
21
-4.3525796456692909
0
LINE
8
BLACK
6
CONTINUOUS
10
4.3882905905511809
20
-4.3525796456692909
11
4.3883405905511808
21
-4.3527621653543305
0
LINE
8
BLACK
6
CONTINUOUS
10
4.3883405905511808
20
-4.3527621653543305
11
4.3883320078740153
21
-4.3527877952755905
0
LINE
8
BLACK
6
CONTINUOUS
10
4.3883320078740153
20
-4.3527877952755905
11
4.3883435826771651
21
-4.352845866141732
0
LINE
8
BLACK
6
CONTINUOUS
10
4.3883435826771651
20
-4.352845866141732
11
4.3883435826771651
21
-4.3573453149606296
0
LINE
8
BLACK
6
CONTINUOUS
10
4.3883435826771651
20
-4.3573453149606296
11
4.3883320078740153
21
-4.3574033464566932
0
LINE
8
BLACK
6
CONTINUOUS
10
4.3883320078740153
20
-4.3574033464566932
11
4.3883405905511808
21
-4.3574290157480311
0
LINE
8
BLACK
6
CONTINUOUS
10
4.3883405905511808
20
-4.3574290157480311
11
4.3882905905511809
21
-4.3576114960629919
0
LINE
8
BLACK
6
CONTINUOUS
10
4.3882905905511809
20
-4.3576114960629919
11
4.3882536614173224
21
-4.3577973228346458
0
LINE
8
BLACK
6
CONTINUOUS
10
4.3882536614173224
20
-4.3577973228346458
11
4.3882344881889761
21
-4.3578164566929134
0
LINE
8
BLACK
6
CONTINUOUS
10
4.3882344881889761
20
-4.3578164566929134
11
4.3882188976377954
21
-4.3578735039370073
0
LINE
8
BLACK
6
CONTINUOUS
10
4.3882188976377954
20
-4.3578735039370073
11
4.3874690157480316
21
-4.3593733070866136
0
LINE
8
BLACK
6
CONTINUOUS
10
4.3874690157480316
20
-4.3593733070866136
11
4.3873528740157477
21
-4.3595229133858266
0
LINE
8
BLACK
6
CONTINUOUS
10
4.3873528740157477
20
-4.3595229133858266
11
4.3872477559055119
21
-4.3596802755905513
0
LINE
8
BLACK
6
CONTINUOUS
10
4.3872477559055119
20
-4.3596802755905513
11
4.3864978346456693
21
-4.3604301968503938
0
LINE
8
BLACK
6
CONTINUOUS
10
4.3864978346456693
20
-4.3604301968503938
11
4.3863404724409447
21
-4.3605352755905509
0
LINE
8
BLACK
6
CONTINUOUS
10
4.3863404724409447
20
-4.3605352755905509
11
4.3861908661417326
21
-4.3606514566929135
0
LINE
8
BLACK
6
CONTINUOUS
10
4.3861908661417326
20
-4.3606514566929135
11
4.3846910629921263
21
-4.3614013385826773
0
LINE
8
BLACK
6
CONTINUOUS
10
4.3846910629921263
20
-4.3614013385826773
11
4.3846340157480315
21
-4.361416929133858
0
LINE
8
BLACK
6
CONTINUOUS
10
4.3846340157480315
20
-4.361416929133858
11
4.3846148818897639
21
-4.3614361023622044
0
LINE
8
BLACK
6
CONTINUOUS
10
4.3846148818897639
20
-4.3614361023622044
11
4.38442905511811
21
-4.3614730314960628
0
LINE
8
BLACK
6
CONTINUOUS
10
4.38442905511811
20
-4.3614730314960628
11
4.3842465748031492
21
-4.3615230314960627
0
LINE
8
BLACK
6
CONTINUOUS
10
4.3842465748031492
20
-4.3615230314960627
11
4.3842209055118113
21
-4.3615144488188973
0
LINE
8
BLACK
6
CONTINUOUS
10
4.3842209055118113
20
-4.3615144488188973
11
4.3841628740157477
21
-4.361526023622047
0
LINE
8
BLACK
6
CONTINUOUS
10
4.3841628740157477
20
-4.361526023622047
11
4.3804133464566926
21
-4.361526023622047
0
LINE
8
BLACK
6
CONTINUOUS
10
4.3804133464566926
20
-4.361526023622047
11
4.380355275590551
21
-4.3615144488188973
0
LINE
8
BLACK
6
CONTINUOUS
10
4.380355275590551
20
-4.3615144488188973
11
4.3803296456692911
21
-4.3615230314960627
0
LINE
8
BLACK
6
CONTINUOUS
10
4.3803296456692911
20
-4.3615230314960627
11
4.3801471259842515
21
-4.3614730314960628
0
LINE
8
BLACK
6
CONTINUOUS
10
4.3801471259842515
20
-4.3614730314960628
11
4.3799613385826772
21
-4.3614361023622044
0
LINE
8
BLACK
6
CONTINUOUS
10
4.3799613385826772
20
-4.3614361023622044
11
4.3799421653543309
21
-4.361416929133858
0
LINE
8
BLACK
6
CONTINUOUS
10
4.3799421653543309
20
-4.361416929133858
11
4.3798851574803148
21
-4.3614013385826773
0
LINE
8
BLACK
6
CONTINUOUS
10
4.3798851574803148
20
-4.3614013385826773
11
4.3783853149606298
21
-4.3606514566929135
0
LINE
8
BLACK
6
CONTINUOUS
10
4.3783853149606298
20
-4.3606514566929135
11
4.3782356692913389
21
-4.3605353149606296
0
LINE
8
BLACK
6
CONTINUOUS
10
4.3782356692913389
20
-4.3605353149606296
11
4.3780783070866143
21
-4.360430157480315
0
LINE
8
BLACK
6
CONTINUOUS
10
4.3780783070866143
20
-4.360430157480315
11
4.3773284251968505
21
-4.3596802755905513
0
LINE
8
BLACK
6
CONTINUOUS
10
4.3773284251968505
20
-4.3596802755905513
11
4.3772232283464563
21
-4.3595227952755904
0
LINE
8
BLACK
6
CONTINUOUS
10
4.3772232283464563
20
-4.3595227952755904
11
4.3771072047244095
21
-4.3593733464566924
0
LINE
8
BLACK
6
CONTINUOUS
10
4.3771072047244095
20
-4.3593733464566924
11
4.376357283464567
21
-4.3578735433070861
0
LINE
8
BLACK
6
CONTINUOUS
10
4.376357283464567
20
-4.3578735433070861
11
4.3763416535433066
21
-4.3578164566929134
0
LINE
8
BLACK
6
CONTINUOUS
10
4.3763416535433066
20
-4.3578164566929134
11
4.376322519685039
21
-4.3577973228346458
0
LINE
8
BLACK
6
CONTINUOUS
10
4.376322519685039
20
-4.3577973228346458
11
4.376292401574803
21
-4.3576460629921261
0
LINE
8
BLACK
6
CONTINUOUS
10
4.376292401574803
20
-4.3576460629921261
11
4.3721922047244091
21
-4.3612337795275593
0
LINE
8
BLACK
6
CONTINUOUS
10
4.3721922047244091
20
-4.3612337795275593
11
4.3719011417322831
21
-4.3614013779527561
0
LINE
8
BLACK
6
CONTINUOUS
10
4.3719011417322831
20
-4.3614013779527561
11
4.3718664566929135
21
-4.3614361023622044
0
LINE
8
BLACK
6
CONTINUOUS
10
4.3718664566929135
20
-4.3614361023622044
11
4.371840905511811
21
-4.3614361023622044
0
LINE
8
BLACK
6
CONTINUOUS
10
4.371840905511811
20
-4.3614361023622044
11
4.3717928346456691
21
-4.3614637795275586
0
LINE
8
BLACK
6
CONTINUOUS
10
4.3717928346456691
20
-4.3614637795275586
11
4.3713778740157476
21
-4.3614361023622044
0
LINE
8
BLACK
6
CONTINUOUS
10
4.3713778740157476
20
-4.3614361023622044
11
4.370962440944882
21
-4.3614361023622044
0
LINE
8
BLACK
6
CONTINUOUS
10
4.370962440944882
20
-4.3614361023622044
11
4.3709327165354326
21
-4.3614063779527559
0
LINE
8
BLACK
6
CONTINUOUS
10
4.3709327165354326
20
-4.3614063779527559
11
4.3708909055118106
21
-4.3614036220472441
0
LINE
8
BLACK
6
CONTINUOUS
10
4.3708909055118106
20
-4.3614036220472441
11
4.3706173622047242
21
-4.3610910236220475
0
LINE
8
BLACK
6
CONTINUOUS
10
4.3706173622047242
20
-4.3610910236220475
11
4.3703232677165351
21
-4.3607969291338584
0
LINE
8
BLACK
6
CONTINUOUS
10
4.3703232677165351
20
-4.3607969291338584
11
4.3703124409448817
21
-4.3607425590551179
0
LINE
8
BLACK
6
CONTINUOUS
10
4.3703124409448817
20
-4.3607425590551179
11
4.3702955905511809
21
-4.360723307086614
0
LINE
8
BLACK
6
CONTINUOUS
10
4.3702955905511809
20
-4.360723307086614
11
4.3702988582677165
21
-4.3606742125984255
0
LINE
8
BLACK
6
CONTINUOUS
10
4.3702988582677165
20
-4.3606742125984255
11
4.3702333464566925
21
-4.3603449212598422
0
LINE
8
BLACK
6
CONTINUOUS
10
4.3702333464566925
20
-4.3603449212598422
11
4.3702333464566925
21
-4.3505961417322832
0
LINE
8
BLACK
6
CONTINUOUS
10
4.3702333464566925
20
-4.3505961417322832
11
4.3703232677165351
21
-4.3501441338582678
0
LINE
8
BLACK
6
CONTINUOUS
10
4.3703232677165351
20
-4.3501441338582678
11
4.370962440944882
21
-4.349504960629921
0
LINE
8
BLACK
6
CONTINUOUS
10
4.370962440944882
20
-4.349504960629921
11
4.3718664566929135
21
-4.349504960629921
0
LINE
8
BLACK
6
CONTINUOUS
10
4.3718664566929135
20
-4.349504960629921
11
4.3725056299212595
21
-4.3501441338582678
0
LINE
8
BLACK
6
CONTINUOUS
10
4.3876144881889765
20
-4.3345068503937005
11
4.3882536614173224
21
-4.3351460236220474
0
LINE
8
BLACK
6
CONTINUOUS
10
4.3882536614173224
20
-4.3351460236220474
11
4.3883435826771651
21
-4.3355980314960627
0
LINE
8
BLACK
6
CONTINUOUS
10
4.3883435826771651
20
-4.3355980314960627
11
4.3883435826771651
21
-4.3453468110236217
0
LINE
8
BLACK
6
CONTINUOUS
10
4.3883435826771651
20
-4.3453468110236217
11
4.3882536614173224
21
-4.345798818897638
0
LINE
8
BLACK
6
CONTINUOUS
10
4.3882536614173224
20
-4.345798818897638
11
4.3876144881889765
21
-4.3464379921259839
0
LINE
8
BLACK
6
CONTINUOUS
10
4.3876144881889765
20
-4.3464379921259839
11
4.3867104724409449
21
-4.3464379921259839
0
LINE
8
BLACK
6
CONTINUOUS
10
4.3867104724409449
20
-4.3464379921259839
11
4.3860712992125981
21
-4.345798818897638
0
LINE
8
BLACK
6
CONTINUOUS
10
4.3860712992125981
20
-4.345798818897638
11
4.3859813779527554
21
-4.3453468110236217
0
LINE
8
BLACK
6
CONTINUOUS
10
4.3859813779527554
20
-4.3453468110236217
11
4.3859813779527554
21
-4.3384494488188974
0
LINE
8
BLACK
6
CONTINUOUS
10
4.3859813779527554
20
-4.3384494488188974
11
4.3789987795275591
21
-4.3454320866141734
0
LINE
8
BLACK
6
CONTINUOUS
10
4.3789987795275591
20
-4.3454320866141734
11
4.3789495669291334
21
-4.3454649212598424
0
LINE
8
BLACK
6
CONTINUOUS
10
4.3789495669291334
20
-4.3454649212598424
11
4.3789374803149608
21
-4.345489173228346
0
LINE
8
BLACK
6
CONTINUOUS
10
4.3789374803149608
20
-4.345489173228346
11
4.3787728346456696
21
-4.3455830314960631
0
LINE
8
BLACK
6
CONTINUOUS
10
4.3787728346456696
20
-4.3455830314960631
11
4.3786155905511812
21
-4.3456881102362201
0
LINE
8
BLACK
6
CONTINUOUS
10
4.3786155905511812
20
-4.3456881102362201
11
4.3785885826771649
21
-4.3456881102362201
0
LINE
8
BLACK
6
CONTINUOUS
10
4.3785885826771649
20
-4.3456881102362201
11
4.378537125984252
21
-4.345717440944882
0
LINE
8
BLACK
6
CONTINUOUS
10
4.378537125984252
20
-4.345717440944882
11
4.3762874015748032
21
-4.3464673228346458
0
LINE
8
BLACK
6
CONTINUOUS
10
4.3762874015748032
20
-4.3464673228346458
11
4.3760994881889763
21
-4.3464909842519681
0
LINE
8
BLACK
6
CONTINUOUS
10
4.3760994881889763
20
-4.3464909842519681
11
4.3759138976377949
21
-4.3465279133858266
0
LINE
8
BLACK
6
CONTINUOUS
10
4.3759138976377949
20
-4.3465279133858266
11
4.3744140944881886
21
-4.3465279133858266
0
LINE
8
BLACK
6
CONTINUOUS
10
4.3744140944881886
20
-4.3465279133858266
11
4.3743560236220471
21
-4.3465163385826768
0
LINE
8
BLACK
6
CONTINUOUS
10
4.3743560236220471
20
-4.3465163385826768
11
4.3743303937007871
21
-4.3465249212598422
0
LINE
8
BLACK
6
CONTINUOUS
10
4.3743303937007871
20
-4.3465249212598422
11
4.3741478740157476
21
-4.3464749212598424
0
LINE
8
BLACK
6
CONTINUOUS
10
4.3741478740157476
20
-4.3464749212598424
11
4.3739620866141733
21
-4.3464379921259839
0
LINE
8
BLACK
6
CONTINUOUS
10
4.3739620866141733
20
-4.3464379921259839
11
4.373942913385827
21
-4.3464188188976376
0
LINE
8
BLACK
6
CONTINUOUS
10
4.373942913385827
20
-4.3464188188976376
11
4.3738859055118109
21
-4.3464032283464569
0
LINE
8
BLACK
6
CONTINUOUS
10
4.3738859055118109
20
-4.3464032283464569
11
4.3723860629921258
21
-4.3456533464566931
0
LINE
8
BLACK
6
CONTINUOUS
10
4.3723860629921258
20
-4.3456533464566931
11
4.372236417322835
21
-4.3455372047244092
0
LINE
8
BLACK
6
CONTINUOUS
10
4.372236417322835
20
-4.3455372047244092
11
4.3720790551181103
21
-4.3454320472440946
0
LINE
8
BLACK
6
CONTINUOUS
10
4.3720790551181103
20
-4.3454320472440946
11
4.3713291732283466
21
-4.3446821653543308
0
LINE
8
BLACK
6
CONTINUOUS
10
4.3713291732283466
20
-4.3446821653543308
11
4.3712239763779523
21
-4.3445246850393699
0
LINE
8
BLACK
6
CONTINUOUS
10
4.3712239763779523
20
-4.3445246850393699
11
4.3711079527559056
21
-4.3443752362204719
0
LINE
8
BLACK
6
CONTINUOUS
10
4.3711079527559056
20
-4.3443752362204719
11
4.3703580314960631
21
-4.3428754330708657
0
LINE
8
BLACK
6
CONTINUOUS
10
4.3703580314960631
20
-4.3428754330708657
11
4.3703424015748027
21
-4.342818346456693
0
LINE
8
BLACK
6
CONTINUOUS
10
4.3703424015748027
20
-4.342818346456693
11
4.3703232677165351
21
-4.3427992125984254
0
LINE
8
BLACK
6
CONTINUOUS
10
4.3703232677165351
20
-4.3427992125984254
11
4.3702862992125979
21
-4.3426134251968502
0
LINE
8
BLACK
6
CONTINUOUS
10
4.3702862992125979
20
-4.3426134251968502
11
4.3702363385826768
21
-4.3424309055118107
0
LINE
8
BLACK
6
CONTINUOUS
10
4.3702363385826768
20
-4.3424309055118107
11
4.3702448818897635
21
-4.3424052362204719
0
LINE
8
BLACK
6
CONTINUOUS
10
4.3702448818897635
20
-4.3424052362204719
11
4.3702333464566925
21
-4.3423472047244092
0
LINE
8
BLACK
6
CONTINUOUS
10
4.3702333464566925
20
-4.3423472047244092
11
4.3702333464566925
21
-4.338597677165354
0
LINE
8
BLACK
6
CONTINUOUS
10
4.3702333464566925
20
-4.338597677165354
11
4.3702448818897635
21
-4.3385396062992125
0
LINE
8
BLACK
6
CONTINUOUS
10
4.3702448818897635
20
-4.3385396062992125
11
4.3702363385826768
21
-4.3385139763779526
0
LINE
8
BLACK
6
CONTINUOUS
10
4.3702363385826768
20
-4.3385139763779526
11
4.3702862992125979
21
-4.3383314173228342
0
LINE
8
BLACK
6
CONTINUOUS
10
4.3702862992125979
20
-4.3383314173228342
11
4.3703232677165351
21
-4.3381456692913387
0
LINE
8
BLACK
6
CONTINUOUS
10
4.3703232677165351
20
-4.3381456692913387
11
4.3703424015748027
21
-4.3381264960629924
0
LINE
8
BLACK
6
CONTINUOUS
10
4.3703424015748027
20
-4.3381264960629924
11
4.3703580314960631
21
-4.3380694488188976
0
LINE
8
BLACK
6
CONTINUOUS
10
4.3703580314960631
20
-4.3380694488188976
11
4.3711079527559056
21
-4.3365696456692913
0
LINE
8
BLACK
6
CONTINUOUS
10
4.3711079527559056
20
-4.3365696456692913
11
4.3712239763779523
21
-4.3364201574803145
0
LINE
8
BLACK
6
CONTINUOUS
10
4.3712239763779523
20
-4.3364201574803145
11
4.3713291732283466
21
-4.3362627165354333
0
LINE
8
BLACK
6
CONTINUOUS
10
4.3713291732283466
20
-4.3362627165354333
11
4.3720790551181103
21
-4.3355128346456695
0
LINE
8
BLACK
6
CONTINUOUS
10
4.3720790551181103
20
-4.3355128346456695
11
4.3724622440944882
21
-4.3352567716535431
0
LINE
8
BLACK
6
CONTINUOUS
10
4.3724622440944882
20
-4.3352567716535431
11
4.3733661811023623
21
-4.3352567322834643
0
LINE
8
BLACK
6
CONTINUOUS
10
4.3733661811023623
20
-4.3352567322834643
11
4.3740054330708658
21
-4.3358959842519686
0
LINE
8
BLACK
6
CONTINUOUS
10
4.3740054330708658
20
-4.3358959842519686
11
4.3740054724409445
21
-4.336799881889764
0
LINE
8
BLACK
6
CONTINUOUS
10
4.3740054724409445
20
-4.336799881889764
11
4.3737494488188977
21
-4.3371831102362206
0
LINE
8
BLACK
6
CONTINUOUS
10
4.3737494488188977
20
-4.3371831102362206
11
4.3731350393700783
21
-4.3377975196850391
0
LINE
8
BLACK
6
CONTINUOUS
10
4.3731350393700783
20
-4.3377975196850391
11
4.3725955511811021
21
-4.3388765354330712
0
LINE
8
BLACK
6
CONTINUOUS
10
4.3725955511811021
20
-4.3388765354330712
11
4.3725955511811021
21
-4.3420683464566929
0
LINE
8
BLACK
6
CONTINUOUS
10
4.3725955511811021
20
-4.3420683464566929
11
4.3731350393700783
21
-4.3431473228346453
0
LINE
8
BLACK
6
CONTINUOUS
10
4.3731350393700783
20
-4.3431473228346453
11
4.3736139370078737
21
-4.3436262204724407
0
LINE
8
BLACK
6
CONTINUOUS
10
4.3736139370078737
20
-4.3436262204724407
11
4.374692913385827
21
-4.3441657086614169
0
LINE
8
BLACK
6
CONTINUOUS
10
4.374692913385827
20
-4.3441657086614169
11
4.3757221653543308
21
-4.3441657086614169
0
LINE
8
BLACK
6
CONTINUOUS
10
4.3757221653543308
20
-4.3441657086614169
11
4.3775256299212595
21
-4.3435645669291336
0
LINE
8
BLACK
6
CONTINUOUS
10
4.3775256299212595
20
-4.3435645669291336
11
4.3863273228346458
21
-4.3347628740157482
0
LINE
8
BLACK
6
CONTINUOUS
10
4.3863273228346458
20
-4.3347628740157482
11
4.3867103543307087
21
-4.334506929133858
0
LINE
8
BLACK
6
CONTINUOUS
10
4.3867103543307087
20
-4.334506929133858
11
4.3867104724409449
21
-4.3345068503937005
0
LINE
8
BLACK
6
CONTINUOUS
10
4.3867104724409449
20
-4.3345068503937005
11
4.3867105118110237
21
-4.3345068503937005
0
LINE
8
BLACK
6
CONTINUOUS
10
4.3867105118110237
20
-4.3345068503937005
11
4.3876144488188977
21
-4.3345068110236218
0
LINE
8
BLACK
6
CONTINUOUS
10
4.3876144488188977
20
-4.3345068110236218
11
4.3876144881889765
21
-4.3345068503937005
0
LINE
8
BLACK
6
CONTINUOUS
10
4.3805553149606302
20
-4.3194470472440942
11
4.3806998031496063
21
-4.3194540944881892
0
LINE
8
BLACK
6
CONTINUOUS
10
4.3806998031496063
20
-4.3194540944881892
11
4.3836994094488189
21
-4.3202040157480317
0
LINE
8
BLACK
6
CONTINUOUS
10
4.3836994094488189
20
-4.3202040157480317
11
4.3838163385826769
21
-4.3202592519685039
0
LINE
8
BLACK
6
CONTINUOUS
10
4.3838163385826769
20
-4.3202592519685039
11
4.3839411417322838
21
-4.3202934251968506
0
LINE
8
BLACK
6
CONTINUOUS
10
4.3839411417322838
20
-4.3202934251968506
11
4.3854409448818901
21
-4.3210433070866143
0
LINE
8
BLACK
6
CONTINUOUS
10
4.3854409448818901
20
-4.3210433070866143
11
4.3855904330708659
21
-4.3211593307086611
0
LINE
8
BLACK
6
CONTINUOUS
10
4.3855904330708659
20
-4.3211593307086611
11
4.3857479133858268
21
-4.3212645669291341
0
LINE
8
BLACK
6
CONTINUOUS
10
4.3857479133858268
20
-4.3212645669291341
11
4.3872477559055119
21
-4.3227643307086616
0
LINE
8
BLACK
6
CONTINUOUS
10
4.3872477559055119
20
-4.3227643307086616
11
4.3872806299212597
21
-4.3228135433070864
0
LINE
8
BLACK
6
CONTINUOUS
10
4.3872806299212597
20
-4.3228135433070864
11
4.3873048425196846
21
-4.3228256692913387
0
LINE
8
BLACK
6
CONTINUOUS
10
4.3873048425196846
20
-4.3228256692913387
11
4.3873986220472441
21
-4.3229901574803149
0
LINE
8
BLACK
6
CONTINUOUS
10
4.3873986220472441
20
-4.3229901574803149
11
4.3875037795275587
21
-4.3231475590551183
0
LINE
8
BLACK
6
CONTINUOUS
10
4.3875037795275587
20
-4.3231475590551183
11
4.3875037795275587
21
-4.3231745669291337
0
LINE
8
BLACK
6
CONTINUOUS
10
4.3875037795275587
20
-4.3231745669291337
11
4.3875331102362205
21
-4.3232260236220474
0
LINE
8
BLACK
6
CONTINUOUS
10
4.3875331102362205
20
-4.3232260236220474
11
4.3882829921259843
21
-4.325475787401575
0
LINE
8
BLACK
6
CONTINUOUS
10
4.3882829921259843
20
-4.325475787401575
11
4.3883066141732279
21
-4.3256635826771657
0
LINE
8
BLACK
6
CONTINUOUS
10
4.3883066141732279
20
-4.3256635826771657
11
4.3883435826771651
21
-4.3258492519685037
0
LINE
8
BLACK
6
CONTINUOUS
10
4.3883435826771651
20
-4.3258492519685037
11
4.3883435826771651
21
-4.3273490944881887
0
LINE
8
BLACK
6
CONTINUOUS
10
4.3883435826771651
20
-4.3273490944881887
11
4.3883066535433066
21
-4.3275346850393701
0
LINE
8
BLACK
6
CONTINUOUS
10
4.3883066535433066
20
-4.3275346850393701
11
4.3882829921259843
21
-4.327722598425197
0
LINE
8
BLACK
6
CONTINUOUS
10
4.3882829921259843
20
-4.327722598425197
11
4.3875331102362205
21
-4.3299722834645671
0
LINE
8
BLACK
6
CONTINUOUS
10
4.3875331102362205
20
-4.3299722834645671
11
4.3875038188976374
21
-4.3300236220472437
0
LINE
8
BLACK
6
CONTINUOUS
10
4.3875038188976374
20
-4.3300236220472437
11
4.3875038188976374
21
-4.3300507480314963
0
LINE
8
BLACK
6
CONTINUOUS
10
4.3875038188976374
20
-4.3300507480314963
11
4.3873985433070866
21
-4.3302082283464562
0
LINE
8
BLACK
6
CONTINUOUS
10
4.3873985433070866
20
-4.3302082283464562
11
4.3873048425196846
21
-4.3303726377952758
0
LINE
8
BLACK
6
CONTINUOUS
10
4.3873048425196846
20
-4.3303726377952758
11
4.3872805905511809
21
-4.3303847244094484
0
LINE
8
BLACK
6
CONTINUOUS
10
4.3872805905511809
20
-4.3303847244094484
11
4.3872477559055119
21
-4.3304339370078742
0
LINE
8
BLACK
6
CONTINUOUS
10
4.3872477559055119
20
-4.3304339370078742
11
4.3864978346456693
21
-4.3311838582677167
0
LINE
8
BLACK
6
CONTINUOUS
10
4.3864978346456693
20
-4.3311838582677167
11
4.3861146456692914
21
-4.3314398818897635
0
LINE
8
BLACK
6
CONTINUOUS
10
4.3861146456692914
20
-4.3314398818897635
11
4.3852107086614174
21
-4.3314398818897635
0
LINE
8
BLACK
6
CONTINUOUS
10
4.3852107086614174
20
-4.3314398818897635
11
4.3845714960629918
21
-4.3308006692913388
0
LINE
8
BLACK
6
CONTINUOUS
10
4.3845714960629918
20
-4.3308006692913388
11
4.3845714960629918
21
-4.3298967322834647
0
LINE
8
BLACK
6
CONTINUOUS
10
4.3845714960629918
20
-4.3298967322834647
11
4.3848275196850395
21
-4.3295135433070868
0
LINE
8
BLACK
6
CONTINUOUS
10
4.3848275196850395
20
-4.3295135433070868
11
4.3853801968503934
21
-4.3289608267716533
0
LINE
8
BLACK
6
CONTINUOUS
10
4.3853801968503934
20
-4.3289608267716533
11
4.3859813779527554
21
-4.3271573622047246
0
LINE
8
BLACK
6
CONTINUOUS
10
4.3859813779527554
20
-4.3271573622047246
11
4.3859813779527554
21
-4.3260409448818899
0
LINE
8
BLACK
6
CONTINUOUS
10
4.3859813779527554
20
-4.3260409448818899
11
4.3853801968503934
21
-4.3242374803149604
0
LINE
8
BLACK
6
CONTINUOUS
10
4.3853801968503934
20
-4.3242374803149604
11
4.3842131496062988
21
-4.3230704330708658
0
LINE
8
BLACK
6
CONTINUOUS
10
4.3842131496062988
20
-4.3230704330708658
11
4.3830006692913388
21
-4.3224641732283464
0
LINE
8
BLACK
6
CONTINUOUS
10
4.3830006692913388
20
-4.3224641732283464
11
4.3802679921259839
21
-4.3217810236220471
0
LINE
8
BLACK
6
CONTINUOUS
10
4.3802679921259839
20
-4.3217810236220471
11
4.3783089763779524
21
-4.3217810236220471
0
LINE
8
BLACK
6
CONTINUOUS
10
4.3783089763779524
20
-4.3217810236220471
11
4.3755762204724409
21
-4.3224642125984252
0
LINE
8
BLACK
6
CONTINUOUS
10
4.3755762204724409
20
-4.3224642125984252
11
4.3743638188976375
21
-4.3230703937007871
0
LINE
8
BLACK
6
CONTINUOUS
10
4.3743638188976375
20
-4.3230703937007871
11
4.3731966535433067
21
-4.3242375196850391
0
LINE
8
BLACK
6
CONTINUOUS
10
4.3731966535433067
20
-4.3242375196850391
11
4.3725955511811021
21
-4.3260408661417324
0
LINE
8
BLACK
6
CONTINUOUS
10
4.3725955511811021
20
-4.3260408661417324
11
4.3725955511811021
21
-4.3271574409448821
0
LINE
8
BLACK
6
CONTINUOUS
10
4.3725955511811021
20
-4.3271574409448821
11
4.3731966535433067
21
-4.328960708661417
0
LINE
8
BLACK
6
CONTINUOUS
10
4.3731966535433067
20
-4.328960708661417
11
4.3737494488188977
21
-4.3295135433070868
0
LINE
8
BLACK
6
CONTINUOUS
10
4.3737494488188977
20
-4.3295135433070868
11
4.3740054724409445
21
-4.3298967716535435
0
LINE
8
BLACK
6
CONTINUOUS
10
4.3740054724409445
20
-4.3298967716535435
11
4.3740054330708658
21
-4.3308006692913388
0
LINE
8
BLACK
6
CONTINUOUS
10
4.3740054330708658
20
-4.3308006692913388
11
4.3733661811023623
21
-4.3314399212598422
0
LINE
8
BLACK
6
CONTINUOUS
10
4.3733661811023623
20
-4.3314399212598422
11
4.3724622440944882
21
-4.3314398818897635
0
LINE
8
BLACK
6
CONTINUOUS
10
4.3724622440944882
20
-4.3314398818897635
11
4.3720790551181103
21
-4.3311838188976379
0
LINE
8
BLACK
6
CONTINUOUS
10
4.3720790551181103
20
-4.3311838188976379
11
4.3713291732283466
21
-4.3304339370078742
0
LINE
8
BLACK
6
CONTINUOUS
10
4.3713291732283466
20
-4.3304339370078742
11
4.37129625984252
21
-4.3303846850393697
0
LINE
8
BLACK
6
CONTINUOUS
10
4.37129625984252
20
-4.3303846850393697
11
4.3712721259842517
21
-4.3303726377952758
0
LINE
8
BLACK
6
CONTINUOUS
10
4.3712721259842517
20
-4.3303726377952758
11
4.3711785039370081
21
-4.3302083858267713
0
LINE
8
BLACK
6
CONTINUOUS
10
4.3711785039370081
20
-4.3302083858267713
11
4.3710731496062989
21
-4.3300507086614175
0
LINE
8
BLACK
6
CONTINUOUS
10
4.3710731496062989
20
-4.3300507086614175
11
4.3710731496062989
21
-4.3300235826771649
0
LINE
8
BLACK
6
CONTINUOUS
10
4.3710731496062989
20
-4.3300235826771649
11
4.3710438976377954
21
-4.3299722834645671
0
LINE
8
BLACK
6
CONTINUOUS
10
4.3710438976377954
20
-4.3299722834645671
11
4.3702939763779529
21
-4.327722598425197
0
LINE
8
BLACK
6
CONTINUOUS
10
4.3702939763779529
20
-4.327722598425197
11
4.3702703149606297
21
-4.3275349606299214
0
LINE
8
BLACK
6
CONTINUOUS
10
4.3702703149606297
20
-4.3275349606299214
11
4.3702333464566925
21
-4.3273490944881887
0
LINE
8
BLACK
6
CONTINUOUS
10
4.3702333464566925
20
-4.3273490944881887
11
4.3702333464566925
21
-4.3258492519685037
0
LINE
8
BLACK
6
CONTINUOUS
10
4.3702333464566925
20
-4.3258492519685037
11
4.3702703149606297
21
-4.3256633464566931
0
LINE
8
BLACK
6
CONTINUOUS
10
4.3702703149606297
20
-4.3256633464566931
11
4.3702939763779529
21
-4.3254757480314963
0
LINE
8
BLACK
6
CONTINUOUS
10
4.3702939763779529
20
-4.3254757480314963
11
4.3710438976377954
21
-4.3232260236220474
0
LINE
8
BLACK
6
CONTINUOUS
10
4.3710438976377954
20
-4.3232260236220474
11
4.3710731889763776
21
-4.3231746062992125
0
LINE
8
BLACK
6
CONTINUOUS
10
4.3710731889763776
20
-4.3231746062992125
11
4.3710731889763776
21
-4.3231475590551183
0
LINE
8
BLACK
6
CONTINUOUS
10
4.3710731889763776
20
-4.3231475590551183
11
4.3711783464566931
21
-4.3229901181102361
0
LINE
8
BLACK
6
CONTINUOUS
10
4.3711783464566931
20
-4.3229901181102361
11
4.3712721259842517
21
-4.3228256692913387
0
LINE
8
BLACK
6
CONTINUOUS
10
4.3712721259842517
20
-4.3228256692913387
11
4.3712963385826766
21
-4.3228135433070864
0
LINE
8
BLACK
6
CONTINUOUS
10
4.3712963385826766
20
-4.3228135433070864
11
4.3713292125984253
21
-4.3227643700787404
0
LINE
8
BLACK
6
CONTINUOUS
10
4.3713292125984253
20
-4.3227643700787404
11
4.3728289763779529
21
-4.3212645669291341
0
LINE
8
BLACK
6
CONTINUOUS
10
4.3728289763779529
20
-4.3212645669291341
11
4.3729863385826775
21
-4.3211594094488186
0
LINE
8
BLACK
6
CONTINUOUS
10
4.3729863385826775
20
-4.3211594094488186
11
4.3731359842519684
21
-4.3210433070866143
0
LINE
8
BLACK
6
CONTINUOUS
10
4.3731359842519684
20
-4.3210433070866143
11
4.3746357874015747
21
-4.3202934251968506
0
LINE
8
BLACK
6
CONTINUOUS
10
4.3746357874015747
20
-4.3202934251968506
11
4.3747605511811019
21
-4.3202592519685039
0
LINE
8
BLACK
6
CONTINUOUS
10
4.3747605511811019
20
-4.3202592519685039
11
4.3748775196850396
21
-4.3202040157480317
0
LINE
8
BLACK
6
CONTINUOUS
10
4.3748775196850396
20
-4.3202040157480317
11
4.3778771653543309
21
-4.3194540944881892
0
LINE
8
BLACK
6
CONTINUOUS
10
4.3778771653543309
20
-4.3194540944881892
11
4.3780216141732282
21
-4.3194470472440942
0
LINE
8
BLACK
6
CONTINUOUS
10
4.3780216141732282
20
-4.3194470472440942
11
4.3781636220472437
21
-4.3194188188976375
0
LINE
8
BLACK
6
CONTINUOUS
10
4.3781636220472437
20
-4.3194188188976375
11
4.3804133464566926
21
-4.3194188188976375
0
LINE
8
BLACK
6
CONTINUOUS
10
4.3804133464566926
20
-4.3194188188976375
11
4.3805553149606302
21
-4.3194470472440942
0
LINE
8
BLACK
6
CONTINUOUS
10
4.3965013385826772
20
-4.3071577165354329
11
4.3975666929133856
21
-4.3082230708661413
0
LINE
8
BLACK
6
CONTINUOUS
10
4.3975666929133856
20
-4.3082230708661413
11
4.3977165354330712
21
-4.3089763779527557
0
LINE
8
BLACK
6
CONTINUOUS
10
4.3977165354330712
20
-4.3089763779527557
11
4.3977165354330712
21
-4.3719685039370075
0
LINE
8
BLACK
6
CONTINUOUS
10
4.3977165354330712
20
-4.3719685039370075
11
4.3975666929133856
21
-4.3727218110236219
0
LINE
8
BLACK
6
CONTINUOUS
10
4.3975666929133856
20
-4.3727218110236219
11
4.3965013385826772
21
-4.3737871653543303
0
LINE
8
BLACK
6
CONTINUOUS
10
4.3965013385826772
20
-4.3737871653543303
11
4.3957480314960629
21
-4.3739370078740158
0
LINE
8
BLACK
6
CONTINUOUS
10
4.3957480314960629
20
-4.3739370078740158
11
4.3642519685039369
21
-4.3739370078740158
0
LINE
8
BLACK
6
CONTINUOUS
10
4.3642519685039369
20
-4.3739370078740158
11
4.3634986614173226
21
-4.3737871653543303
0
LINE
8
BLACK
6
CONTINUOUS
10
4.3634986614173226
20
-4.3737871653543303
11
4.3624333070866141
21
-4.3727218110236219
0
LINE
8
BLACK
6
CONTINUOUS
10
4.3624333070866141
20
-4.3727218110236219
11
4.3622834645669286
21
-4.3719685039370075
0
LINE
8
BLACK
6
CONTINUOUS
10
4.3622834645669286
20
-4.3719685039370075
11
4.3622834645669286
21
-4.3089763779527557
0
LINE
8
BLACK
6
CONTINUOUS
10
4.3622834645669286
20
-4.3089763779527557
11
4.3624333070866141
21
-4.3082230708661413
0
LINE
8
BLACK
6
CONTINUOUS
10
4.3624333070866141
20
-4.3082230708661413
11
4.3634986614173226
21
-4.3071577165354329
0
LINE
8
BLACK
6
CONTINUOUS
10
4.3634986614173226
20
-4.3071577165354329
11
4.3642519685039369
21
-4.3070078740157482
0
LINE
8
BLACK
6
CONTINUOUS
10
4.3642519685039369
20
-4.3070078740157482
11
4.3957480314960629
21
-4.3070078740157482
0
LINE
8
BLACK
6
CONTINUOUS
10
4.3957480314960629
20
-4.3070078740157482
11
4.3965013385826772
21
-4.3071577165354329
0
LINE
8
BLACK
6
CONTINUOUS
10
4.3662204724409444
20
-4.310944881889764
11
4.3662204724409444
21
-4.3700000000000001
0
LINE
8
BLACK
6
CONTINUOUS
10
4.3662204724409444
20
-4.3700000000000001
11
4.3937795275590554
21
-4.3700000000000001
0
LINE
8
BLACK
6
CONTINUOUS
10
4.3937795275590554
20
-4.3700000000000001
11
4.3937795275590554
21
-4.310944881889764
0
LINE
8
BLACK
6
CONTINUOUS
10
4.3937795275590554
20
-4.310944881889764
11
4.3662204724409444
21
-4.310944881889764
0
LINE
8
BLACK
6
CONTINUOUS
10
4.3182216535433069
20
-4.3497040551181101
11
4.3182473228346456
21
-4.3496955118110234
0
LINE
8
BLACK
6
CONTINUOUS
10
4.3182473228346456
20
-4.3496955118110234
11
4.3184298425196852
21
-4.3497454724409446
0
LINE
8
BLACK
6
CONTINUOUS
10
4.3184298425196852
20
-4.3497454724409446
11
4.3186156299212595
21
-4.3497824409448818
0
LINE
8
BLACK
6
CONTINUOUS
10
4.3186156299212595
20
-4.3497824409448818
11
4.318634763779527
21
-4.3498015748031493
0
LINE
8
BLACK
6
CONTINUOUS
10
4.318634763779527
20
-4.3498015748031493
11
4.3186918503937006
21
-4.3498172047244097
0
LINE
8
BLACK
6
CONTINUOUS
10
4.3186918503937006
20
-4.3498172047244097
11
4.3201916535433069
21
-4.3505671259842522
0
LINE
8
BLACK
6
CONTINUOUS
10
4.3201916535433069
20
-4.3505671259842522
11
4.3203411023622049
21
-4.350683149606299
0
LINE
8
BLACK
6
CONTINUOUS
10
4.3203411023622049
20
-4.350683149606299
11
4.3204985826771649
21
-4.3507883464566932
0
LINE
8
BLACK
6
CONTINUOUS
10
4.3204985826771649
20
-4.3507883464566932
11
4.3212484645669287
21
-4.351538228346457
0
LINE
8
BLACK
6
CONTINUOUS
10
4.3212484645669287
20
-4.351538228346457
11
4.3213535433070867
21
-4.3516954724409445
0
LINE
8
BLACK
6
CONTINUOUS
10
4.3213535433070867
20
-4.3516954724409445
11
4.3214697637795272
21
-4.3518452362204725
0
LINE
8
BLACK
6
CONTINUOUS
10
4.3214697637795272
20
-4.3518452362204725
11
4.322219645669291
21
-4.3533450393700788
0
LINE
8
BLACK
6
CONTINUOUS
10
4.322219645669291
20
-4.3533450393700788
11
4.3222352362204726
21
-4.353402047244094
0
LINE
8
BLACK
6
CONTINUOUS
10
4.3222352362204726
20
-4.353402047244094
11
4.3222544094488189
21
-4.3534212204724412
0
LINE
8
BLACK
6
CONTINUOUS
10
4.3222544094488189
20
-4.3534212204724412
11
4.3222913385826773
21
-4.3536070078740154
0
LINE
8
BLACK
6
CONTINUOUS
10
4.3222913385826773
20
-4.3536070078740154
11
4.3223413385826772
21
-4.353789527559055
0
LINE
8
BLACK
6
CONTINUOUS
10
4.3223413385826772
20
-4.353789527559055
11
4.3223327559055118
21
-4.353815157480315
0
LINE
8
BLACK
6
CONTINUOUS
10
4.3223327559055118
20
-4.353815157480315
11
4.3223443307086615
21
-4.3538732283464565
0
LINE
8
BLACK
6
CONTINUOUS
10
4.3223443307086615
20
-4.3538732283464565
11
4.3223443307086615
21
-4.3568728740157479
0
LINE
8
BLACK
6
CONTINUOUS
10
4.3223443307086615
20
-4.3568728740157479
11
4.3223327559055118
21
-4.3569309055118106
0
LINE
8
BLACK
6
CONTINUOUS
10
4.3223327559055118
20
-4.3569309055118106
11
4.3223413385826772
21
-4.3569565748031494
0
LINE
8
BLACK
6
CONTINUOUS
10
4.3223413385826772
20
-4.3569565748031494
11
4.3222913385826773
21
-4.3571390551181102
0
LINE
8
BLACK
6
CONTINUOUS
10
4.3222913385826773
20
-4.3571390551181102
11
4.3222544094488189
21
-4.3573248818897641
0
LINE
8
BLACK
6
CONTINUOUS
10
4.3222544094488189
20
-4.3573248818897641
11
4.3222352362204726
21
-4.3573440157480317
0
LINE
8
BLACK
6
CONTINUOUS
10
4.3222352362204726
20
-4.3573440157480317
11
4.322219645669291
21
-4.3574010629921256
0
LINE
8
BLACK
6
CONTINUOUS
10
4.322219645669291
20
-4.3574010629921256
11
4.3217611023622045
21
-4.358318070866142
0
LINE
8
BLACK
6
CONTINUOUS
10
4.3217611023622045
20
-4.358318070866142
11
4.3229279527559052
21
-4.3580263779527559
0
LINE
8
BLACK
6
CONTINUOUS
10
4.3229279527559052
20
-4.3580263779527559
11
4.3249101968503938
21
-4.3567049212598423
0
LINE
8
BLACK
6
CONTINUOUS
10
4.3249101968503938
20
-4.3567049212598423
11
4.3254418503937009
21
-4.3561732677165352
0
LINE
8
BLACK
6
CONTINUOUS
10
4.3254418503937009
20
-4.3561732677165352
11
4.3259813779527558
21
-4.3550942519685041
0
LINE
8
BLACK
6
CONTINUOUS
10
4.3259813779527558
20
-4.3550942519685041
11
4.3259813779527558
21
-4.3523734251968502
0
LINE
8
BLACK
6
CONTINUOUS
10
4.3259813779527558
20
-4.3523734251968502
11
4.3260712992125985
21
-4.3519214173228349
0
LINE
8
BLACK
6
CONTINUOUS
10
4.3260712992125985
20
-4.3519214173228349
11
4.3267104724409444
21
-4.351282244094488
0
LINE
8
BLACK
6
CONTINUOUS
10
4.3267104724409444
20
-4.351282244094488
11
4.327614488188976
21
-4.351282244094488
0
LINE
8
BLACK
6
CONTINUOUS
10
4.327614488188976
20
-4.351282244094488
11
4.3282536614173228
21
-4.3519214173228349
0
LINE
8
BLACK
6
CONTINUOUS
10
4.3282536614173228
20
-4.3519214173228349
11
4.3283435826771655
21
-4.3523734251968502
0
LINE
8
BLACK
6
CONTINUOUS
10
4.3283435826771655
20
-4.3523734251968502
11
4.3283435826771655
21
-4.3553730708661416
0
LINE
8
BLACK
6
CONTINUOUS
10
4.3283435826771655
20
-4.3553730708661416
11
4.3283320078740157
21
-4.3554311023622043
0
LINE
8
BLACK
6
CONTINUOUS
10
4.3283320078740157
20
-4.3554311023622043
11
4.3283405905511811
21
-4.3554567716535431
0
LINE
8
BLACK
6
CONTINUOUS
10
4.3283405905511811
20
-4.3554567716535431
11
4.3282905905511813
21
-4.3556392519685039
0
LINE
8
BLACK
6
CONTINUOUS
10
4.3282905905511813
20
-4.3556392519685039
11
4.3282536614173228
21
-4.3558250787401578
0
LINE
8
BLACK
6
CONTINUOUS
10
4.3282536614173228
20
-4.3558250787401578
11
4.3282344881889765
21
-4.3558442125984254
0
LINE
8
BLACK
6
CONTINUOUS
10
4.3282344881889765
20
-4.3558442125984254
11
4.3282188976377949
21
-4.3559012598425193
0
LINE
8
BLACK
6
CONTINUOUS
10
4.3282188976377949
20
-4.3559012598425193
11
4.3274690157480311
21
-4.3574010629921256
0
LINE
8
BLACK
6
CONTINUOUS
10
4.3274690157480311
20
-4.3574010629921256
11
4.3273528740157481
21
-4.3575506692913386
0
LINE
8
BLACK
6
CONTINUOUS
10
4.3273528740157481
20
-4.3575506692913386
11
4.3272477559055114
21
-4.3577080314960632
0
LINE
8
BLACK
6
CONTINUOUS
10
4.3272477559055114
20
-4.3577080314960632
11
4.3264978346456688
21
-4.3584579527559058
0
LINE
8
BLACK
6
CONTINUOUS
10
4.3264978346456688
20
-4.3584579527559058
11
4.3264007086614171
21
-4.3585228346456688
0
LINE
8
BLACK
6
CONTINUOUS
10
4.3264007086614171
20
-4.3585228346456688
11
4.3263178346456694
21
-4.3586055511811024
0
LINE
8
BLACK
6
CONTINUOUS
10
4.3263178346456694
20
-4.3586055511811024
11
4.3240681102362206
21
-4.3601053543307087
0
LINE
8
BLACK
6
CONTINUOUS
10
4.3240681102362206
20
-4.3601053543307087
11
4.3238813385826766
21
-4.3601824409448815
0
LINE
8
BLACK
6
CONTINUOUS
10
4.3238813385826766
20
-4.3601824409448815
11
4.3236994094488184
21
-4.3602684251968507
0
LINE
8
BLACK
6
CONTINUOUS
10
4.3236994094488184
20
-4.3602684251968507
11
4.3206998031496058
21
-4.3610183070866144
0
LINE
8
BLACK
6
CONTINUOUS
10
4.3206998031496058
20
-4.3610183070866144
11
4.3205553149606297
21
-4.3610253149606297
0
LINE
8
BLACK
6
CONTINUOUS
10
4.3205553149606297
20
-4.3610253149606297
11
4.3204133464566929
21
-4.3610535826771653
0
LINE
8
BLACK
6
CONTINUOUS
10
4.3204133464566929
20
-4.3610535826771653
11
4.314414094488189
21
-4.3610535826771653
0
LINE
8
BLACK
6
CONTINUOUS
10
4.314414094488189
20
-4.3610535826771653
11
4.3143560236220475
21
-4.3610420078740155
0
LINE
8
BLACK
6
CONTINUOUS
10
4.3143560236220475
20
-4.3610420078740155
11
4.3143303937007875
21
-4.3610505905511809
0
LINE
8
BLACK
6
CONTINUOUS
10
4.3143303937007875
20
-4.3610505905511809
11
4.314147874015748
21
-4.3610005905511811
0
LINE
8
BLACK
6
CONTINUOUS
10
4.314147874015748
20
-4.3610005905511811
11
4.3139620866141728
21
-4.3609636614173226
0
LINE
8
BLACK
6
CONTINUOUS
10
4.3139620866141728
20
-4.3609636614173226
11
4.3139429133858265
21
-4.3609444881889763
0
LINE
8
BLACK
6
CONTINUOUS
10
4.3139429133858265
20
-4.3609444881889763
11
4.3138859055118113
21
-4.3609288976377956
0
LINE
8
BLACK
6
CONTINUOUS
10
4.3138859055118113
20
-4.3609288976377956
11
4.3123860629921262
21
-4.3601790157480318
0
LINE
8
BLACK
6
CONTINUOUS
10
4.3123860629921262
20
-4.3601790157480318
11
4.3122364173228345
21
-4.3600628740157479
0
LINE
8
BLACK
6
CONTINUOUS
10
4.3122364173228345
20
-4.3600628740157479
11
4.3120790551181098
21
-4.3599577165354333
0
LINE
8
BLACK
6
CONTINUOUS
10
4.3120790551181098
20
-4.3599577165354333
11
4.3113291732283461
21
-4.3592078346456695
0
LINE
8
BLACK
6
CONTINUOUS
10
4.3113291732283461
20
-4.3592078346456695
11
4.3112239763779527
21
-4.3590503543307086
0
LINE
8
BLACK
6
CONTINUOUS
10
4.3112239763779527
20
-4.3590503543307086
11
4.3111079527559051
21
-4.3589009055118106
0
LINE
8
BLACK
6
CONTINUOUS
10
4.3111079527559051
20
-4.3589009055118106
11
4.3103580314960626
21
-4.3574011023622043
0
LINE
8
BLACK
6
CONTINUOUS
10
4.3103580314960626
20
-4.3574011023622043
11
4.3103424015748031
21
-4.3573440157480317
0
LINE
8
BLACK
6
CONTINUOUS
10
4.3103424015748031
20
-4.3573440157480317
11
4.3103232677165355
21
-4.3573248818897641
0
LINE
8
BLACK
6
CONTINUOUS
10
4.3103232677165355
20
-4.3573248818897641
11
4.3102862992125983
21
-4.3571390944881889
0
LINE
8
BLACK
6
CONTINUOUS
10
4.3102862992125983
20
-4.3571390944881889
11
4.3102363385826772
21
-4.3569565748031494
0
LINE
8
BLACK
6
CONTINUOUS
10
4.3102363385826772
20
-4.3569565748031494
11
4.3102448818897638
21
-4.3569309055118106
0
LINE
8
BLACK
6
CONTINUOUS
10
4.3102448818897638
20
-4.3569309055118106
11
4.3102333464566929
21
-4.3568728740157479
0
LINE
8
BLACK
6
CONTINUOUS
10
4.3102333464566929
20
-4.3568728740157479
11
4.3102333464566929
21
-4.3538732283464565
0
LINE
8
BLACK
6
CONTINUOUS
10
4.3102333464566929
20
-4.3538732283464565
11
4.3102448818897638
21
-4.353815157480315
0
LINE
8
BLACK
6
CONTINUOUS
10
4.3102448818897638
20
-4.353815157480315
11
4.3102363385826772
21
-4.353789527559055
0
LINE
8
BLACK
6
CONTINUOUS
10
4.3102363385826772
20
-4.353789527559055
11
4.3102862992125983
21
-4.3536069685039367
0
LINE
8
BLACK
6
CONTINUOUS
10
4.3102862992125983
20
-4.3536069685039367
11
4.3103232677165355
21
-4.3534212204724412
0
LINE
8
BLACK
6
CONTINUOUS
10
4.3103232677165355
20
-4.3534212204724412
11
4.3103424015748031
21
-4.353402047244094
0
LINE
8
BLACK
6
CONTINUOUS
10
4.3103424015748031
20
-4.353402047244094
11
4.3103580314960626
21
-4.353345
0
LINE
8
BLACK
6
CONTINUOUS
10
4.3103580314960626
20
-4.353345
11
4.3111079527559051
21
-4.3518451968503937
0
LINE
8
BLACK
6
CONTINUOUS
10
4.3111079527559051
20
-4.3518451968503937
11
4.3112241732283465
21
-4.3516954330708657
0
LINE
8
BLACK
6
CONTINUOUS
10
4.3112241732283465
20
-4.3516954330708657
11
4.3113292125984248
21
-4.3515382677165357
0
LINE
8
BLACK
6
CONTINUOUS
10
4.3113292125984248
20
-4.3515382677165357
11
4.3120790944881886
21
-4.3507883464566932
0
LINE
8
BLACK
6
CONTINUOUS
10
4.3120790944881886
20
-4.3507883464566932
11
4.312236811023622
21
-4.3506829527559052
0
LINE
8
BLACK
6
CONTINUOUS
10
4.312236811023622
20
-4.3506829527559052
11
4.3123860629921262
21
-4.3505671259842522
0
LINE
8
BLACK
6
CONTINUOUS
10
4.3123860629921262
20
-4.3505671259842522
11
4.3138859055118113
21
-4.3498172047244097
0
LINE
8
BLACK
6
CONTINUOUS
10
4.3138859055118113
20
-4.3498172047244097
11
4.3139429133858265
21
-4.3498015748031493
0
LINE
8
BLACK
6
CONTINUOUS
10
4.3139429133858265
20
-4.3498015748031493
11
4.3139620866141728
21
-4.3497824409448818
0
LINE
8
BLACK
6
CONTINUOUS
10
4.3139620866141728
20
-4.3497824409448818
11
4.3141475590551179
21
-4.3497455118110233
0
LINE
8
BLACK
6
CONTINUOUS
10
4.3141475590551179
20
-4.3497455118110233
11
4.3143303937007875
21
-4.3496954724409447
0
LINE
8
BLACK
6
CONTINUOUS
10
4.3143303937007875
20
-4.3496954724409447
11
4.314356102362205
21
-4.3497040157480313
0
LINE
8
BLACK
6
CONTINUOUS
10
4.314356102362205
20
-4.3497040157480313
11
4.314414094488189
21
-4.3496925196850391
0
LINE
8
BLACK
6
CONTINUOUS
10
4.314414094488189
20
-4.3496925196850391
11
4.3181636220472441
21
-4.3496925196850391
0
LINE
8
BLACK
6
CONTINUOUS
10
4.3181636220472441
20
-4.3496925196850391
11
4.3182216535433069
21
-4.3497040551181101
0
LINE
8
BLACK
6
CONTINUOUS
10
4.3136138976377953
20
-4.3525942125984249
11
4.3131350393700787
21
-4.3530730314960628
0
LINE
8
BLACK
6
CONTINUOUS
10
4.3131350393700787
20
-4.3530730314960628
11
4.3125955511811025
21
-4.3541520866141727
0
LINE
8
BLACK
6
CONTINUOUS
10
4.3125955511811025
20
-4.3541520866141727
11
4.3125955511811025
21
-4.3565940157480316
0
LINE
8
BLACK
6
CONTINUOUS
10
4.3125955511811025
20
-4.3565940157480316
11
4.3131350393700787
21
-4.357672992125984
0
LINE
8
BLACK
6
CONTINUOUS
10
4.3131350393700787
20
-4.357672992125984
11
4.3136139370078741
21
-4.3581518897637794
0
LINE
8
BLACK
6
CONTINUOUS
10
4.3136139370078741
20
-4.3581518897637794
11
4.3146929133858265
21
-4.3586913779527556
0
LINE
8
BLACK
6
CONTINUOUS
10
4.3146929133858265
20
-4.3586913779527556
11
4.3178848031496058
21
-4.3586913779527556
0
LINE
8
BLACK
6
CONTINUOUS
10
4.3178848031496058
20
-4.3586913779527556
11
4.3189638188976378
21
-4.3581518503937007
0
LINE
8
BLACK
6
CONTINUOUS
10
4.3189638188976378
20
-4.3581518503937007
11
4.319442598425197
21
-4.3576730708661415
0
LINE
8
BLACK
6
CONTINUOUS
10
4.319442598425197
20
-4.3576730708661415
11
4.3199821259842519
21
-4.3565940551181104
0
LINE
8
BLACK
6
CONTINUOUS
10
4.3199821259842519
20
-4.3565940551181104
11
4.3199821259842519
21
-4.3541520078740152
0
LINE
8
BLACK
6
CONTINUOUS
10
4.3199821259842519
20
-4.3541520078740152
11
4.3194426771653545
21
-4.3530731102362203
0
LINE
8
BLACK
6
CONTINUOUS
10
4.3194426771653545
20
-4.3530731102362203
11
4.3189637401574803
21
-4.3525942125984249
0
LINE
8
BLACK
6
CONTINUOUS
10
4.3189637401574803
20
-4.3525942125984249
11
4.3178847637795279
21
-4.3520547244094487
0
LINE
8
BLACK
6
CONTINUOUS
10
4.3178847637795279
20
-4.3520547244094487
11
4.3146929527559053
21
-4.3520547244094487
0
LINE
8
BLACK
6
CONTINUOUS
10
4.3146929527559053
20
-4.3520547244094487
11
4.3136138976377953
21
-4.3525942125984249
0
LINE
8
BLACK
6
CONTINUOUS
10
4.3168061811023621
20
-4.3351016929133861
11
4.3170920472440946
21
-4.335959212598425
0
LINE
8
BLACK
6
CONTINUOUS
10
4.3170920472440946
20
-4.335959212598425
11
4.3169703149606296
21
-4.3364037007874012
0
LINE
8
BLACK
6
CONTINUOUS
10
4.3169703149606296
20
-4.3364037007874012
11
4.316220393700787
21
-4.3379035433070863
0
LINE
8
BLACK
6
CONTINUOUS
10
4.316220393700787
20
-4.3379035433070863
11
4.316104251968504
21
-4.3380531102362205
0
LINE
8
BLACK
6
CONTINUOUS
10
4.316104251968504
20
-4.3380531102362205
11
4.3159991338582673
21
-4.3382105118110239
0
LINE
8
BLACK
6
CONTINUOUS
10
4.3159991338582673
20
-4.3382105118110239
11
4.3150157480314961
21
-4.3391938582677163
0
LINE
8
BLACK
6
CONTINUOUS
10
4.3150157480314961
20
-4.3391938582677163
11
4.3259813779527558
21
-4.3391938582677163
0
LINE
8
BLACK
6
CONTINUOUS
10
4.3259813779527558
20
-4.3391938582677163
11
4.3259813779527558
21
-4.3358755118110235
0
LINE
8
BLACK
6
CONTINUOUS
10
4.3259813779527558
20
-4.3358755118110235
11
4.3260712992125985
21
-4.3354235039370081
0
LINE
8
BLACK
6
CONTINUOUS
10
4.3260712992125985
20
-4.3354235039370081
11
4.3267104724409444
21
-4.3347843307086613
0
LINE
8
BLACK
6
CONTINUOUS
10
4.3267104724409444
20
-4.3347843307086613
11
4.327614488188976
21
-4.3347843307086613
0
LINE
8
BLACK
6
CONTINUOUS
10
4.327614488188976
20
-4.3347843307086613
11
4.3282536614173228
21
-4.3354235039370081
0
LINE
8
BLACK
6
CONTINUOUS
10
4.3282536614173228
20
-4.3354235039370081
11
4.3283435826771655
21
-4.3358755118110235
0
LINE
8
BLACK
6
CONTINUOUS
10
4.3283435826771655
20
-4.3358755118110235
11
4.3283435826771655
21
-4.34487437007874
0
LINE
8
BLACK
6
CONTINUOUS
10
4.3283435826771655
20
-4.34487437007874
11
4.3282536614173228
21
-4.3453263779527562
0
LINE
8
BLACK
6
CONTINUOUS
10
4.3282536614173228
20
-4.3453263779527562
11
4.327614488188976
21
-4.3459655511811022
0
LINE
8
BLACK
6
CONTINUOUS
10
4.327614488188976
20
-4.3459655511811022
11
4.3267104724409444
21
-4.3459655511811022
0
LINE
8
BLACK
6
CONTINUOUS
10
4.3267104724409444
20
-4.3459655511811022
11
4.3260712992125985
21
-4.3453263779527562
0
LINE
8
BLACK
6
CONTINUOUS
10
4.3260712992125985
20
-4.3453263779527562
11
4.3259813779527558
21
-4.34487437007874
0
LINE
8
BLACK
6
CONTINUOUS
10
4.3259813779527558
20
-4.34487437007874
11
4.3259813779527558
21
-4.3415560629921259
0
LINE
8
BLACK
6
CONTINUOUS
10
4.3259813779527558
20
-4.3415560629921259
11
4.3114144488188977
21
-4.3415560629921259
0
LINE
8
BLACK
6
CONTINUOUS
10
4.3114144488188977
20
-4.3415560629921259
11
4.3109624409448815
21
-4.3414661417322833
0
LINE
8
BLACK
6
CONTINUOUS
10
4.3109624409448815
20
-4.3414661417322833
11
4.3108764566929132
21
-4.341380157480315
0
LINE
8
BLACK
6
CONTINUOUS
10
4.3108764566929132
20
-4.341380157480315
11
4.3107572834645671
21
-4.3413563385826768
0
LINE
8
BLACK
6
CONTINUOUS
10
4.3107572834645671
20
-4.3413563385826768
11
4.3105664960629921
21
-4.341070196850394
0
LINE
8
BLACK
6
CONTINUOUS
10
4.3105664960629921
20
-4.341070196850394
11
4.3103232677165355
21
-4.3408269685039373
0
LINE
8
BLACK
6
CONTINUOUS
10
4.3103232677165355
20
-4.3408269685039373
11
4.3103232677165355
21
-4.3407053543307086
0
LINE
8
BLACK
6
CONTINUOUS
10
4.3103232677165355
20
-4.3407053543307086
11
4.3102557874015748
21
-4.3406041732283462
0
LINE
8
BLACK
6
CONTINUOUS
10
4.3102557874015748
20
-4.3406041732283462
11
4.3103232677165355
21
-4.3402667716535435
0
LINE
8
BLACK
6
CONTINUOUS
10
4.3103232677165355
20
-4.3402667716535435
11
4.3103232677165355
21
-4.3399229527559058
0
LINE
8
BLACK
6
CONTINUOUS
10
4.3103232677165355
20
-4.3399229527559058
11
4.310409212598425
21
-4.3398369685039366
0
LINE
8
BLACK
6
CONTINUOUS
10
4.310409212598425
20
-4.3398369685039366
11
4.310433070866142
21
-4.3397177952755905
0
LINE
8
BLACK
6
CONTINUOUS
10
4.310433070866142
20
-4.3397177952755905
11
4.3107592913385826
21
-4.3393922440944879
0
LINE
8
BLACK
6
CONTINUOUS
10
4.3107592913385826
20
-4.3393922440944879
11
4.3129117716535434
21
-4.3379571653543305
0
LINE
8
BLACK
6
CONTINUOUS
10
4.3129117716535434
20
-4.3379571653543305
11
4.3141932677165356
21
-4.3366756692913384
0
LINE
8
BLACK
6
CONTINUOUS
10
4.3141932677165356
20
-4.3366756692913384
11
4.3148574803149602
21
-4.335347283464567
0
LINE
8
BLACK
6
CONTINUOUS
10
4.3148574803149602
20
-4.335347283464567
11
4.315140078740157
21
-4.3349832283464567
0
LINE
8
BLACK
6
CONTINUOUS
10
4.315140078740157
20
-4.3349832283464567
11
4.3159975984251968
21
-4.3346973622047242
0
LINE
8
BLACK
6
CONTINUOUS
10
4.3159975984251968
20
-4.3346973622047242
11
4.3168061811023621
21
-4.3351016929133861
0
LINE
8
BLACK
6
CONTINUOUS
10
4.327614488188976
20
-4.3197862204724409
11
4.3282536614173228
21
-4.3204253937007877
0
LINE
8
BLACK
6
CONTINUOUS
10
4.3282536614173228
20
-4.3204253937007877
11
4.3282536614173228
21
-4.3213294094488184
0
LINE
8
BLACK
6
CONTINUOUS
10
4.3282536614173228
20
-4.3213294094488184
11
4.327614488188976
21
-4.3219685826771652
0
LINE
8
BLACK
6
CONTINUOUS
10
4.327614488188976
20
-4.3219685826771652
11
4.3271624803149606
21
-4.3220585039370079
0
LINE
8
BLACK
6
CONTINUOUS
10
4.3271624803149606
20
-4.3220585039370079
11
4.3208445275590552
21
-4.3220585039370079
0
LINE
8
BLACK
6
CONTINUOUS
10
4.3208445275590552
20
-4.3220585039370079
11
4.3208445275590552
21
-4.3240119685039371
0
LINE
8
BLACK
6
CONTINUOUS
10
4.3208445275590552
20
-4.3240119685039371
11
4.3278397637795276
21
-4.3289086614173229
0
LINE
8
BLACK
6
CONTINUOUS
10
4.3278397637795276
20
-4.3289086614173229
11
4.3281585039370079
21
-4.3292415354330709
0
LINE
8
BLACK
6
CONTINUOUS
10
4.3281585039370079
20
-4.3292415354330709
11
4.3283155905511812
21
-4.330131692913386
0
LINE
8
BLACK
6
CONTINUOUS
10
4.3283155905511812
20
-4.330131692913386
11
4.3277972047244093
21
-4.3308722834645668
0
LINE
8
BLACK
6
CONTINUOUS
10
4.3277972047244093
20
-4.3308722834645668
11
4.3269070078740155
21
-4.3310293700787401
0
LINE
8
BLACK
6
CONTINUOUS
10
4.3269070078740155
20
-4.3310293700787401
11
4.3264851574803149
21
-4.3308438582677162
0
LINE
8
BLACK
6
CONTINUOUS
10
4.3264851574803149
20
-4.3308438582677162
11
4.3208412204724409
21
-4.3268931102362203
0
LINE
8
BLACK
6
CONTINUOUS
10
4.3208412204724409
20
-4.3268931102362203
11
4.3208329921259843
21
-4.3269346062992122
0
LINE
8
BLACK
6
CONTINUOUS
10
4.3208329921259843
20
-4.3269346062992122
11
4.3208415748031497
21
-4.3269603543307085
0
LINE
8
BLACK
6
CONTINUOUS
10
4.3208415748031497
20
-4.3269603543307085
11
4.3207914960629923
21
-4.3271431496062993
0
LINE
8
BLACK
6
CONTINUOUS
10
4.3207914960629923
20
-4.3271431496062993
11
4.3207546062992126
21
-4.3273286614173223
0
LINE
8
BLACK
6
CONTINUOUS
10
4.3207546062992126
20
-4.3273286614173223
11
4.3207354330708663
21
-4.3273477952755908
0
LINE
8
BLACK
6
CONTINUOUS
10
4.3207354330708663
20
-4.3273477952755908
11
4.3207198425196847
21
-4.3274048425196847
0
LINE
8
BLACK
6
CONTINUOUS
10
4.3207198425196847
20
-4.3274048425196847
11
4.3199699212598421
21
-4.3289046850393698
0
LINE
8
BLACK
6
CONTINUOUS
10
4.3199699212598421
20
-4.3289046850393698
11
4.3198539370078741
21
-4.3290540551181103
0
LINE
8
BLACK
6
CONTINUOUS
10
4.3198539370078741
20
-4.3290540551181103
11
4.3197487007874011
21
-4.3292116141732286
0
LINE
8
BLACK
6
CONTINUOUS
10
4.3197487007874011
20
-4.3292116141732286
11
4.3189987795275586
21
-4.3299614960629924
0
LINE
8
BLACK
6
CONTINUOUS
10
4.3189987795275586
20
-4.3299614960629924
11
4.3188415748031499
21
-4.330066496062992
0
LINE
8
BLACK
6
CONTINUOUS
10
4.3188415748031499
20
-4.330066496062992
11
4.3186918503937006
21
-4.3301827559055113
0
LINE
8
BLACK
6
CONTINUOUS
10
4.3186918503937006
20
-4.3301827559055113
11
4.3171919685039368
21
-4.3309326771653538
0
LINE
8
BLACK
6
CONTINUOUS
10
4.3171919685039368
20
-4.3309326771653538
11
4.317134921259842
21
-4.3309482677165354
0
LINE
8
BLACK
6
CONTINUOUS
10
4.317134921259842
20
-4.3309482677165354
11
4.3171157874015744
21
-4.3309674409448817
0
LINE
8
BLACK
6
CONTINUOUS
10
4.3171157874015744
20
-4.3309674409448817
11
4.3169299606299214
21
-4.3310043700787402
0
LINE
8
BLACK
6
CONTINUOUS
10
4.3169299606299214
20
-4.3310043700787402
11
4.3167474803149606
21
-4.3310543700787401
0
LINE
8
BLACK
6
CONTINUOUS
10
4.3167474803149606
20
-4.3310543700787401
11
4.3167218110236218
21
-4.3310457874015746
0
LINE
8
BLACK
6
CONTINUOUS
10
4.3167218110236218
20
-4.3310457874015746
11
4.3166637795275591
21
-4.3310573622047244
0
LINE
8
BLACK
6
CONTINUOUS
10
4.3166637795275591
20
-4.3310573622047244
11
4.314414094488189
21
-4.3310573622047244
0
LINE
8
BLACK
6
CONTINUOUS
10
4.314414094488189
20
-4.3310573622047244
11
4.314356102362205
21
-4.3310458267716534
0
LINE
8
BLACK
6
CONTINUOUS
10
4.314356102362205
20
-4.3310458267716534
11
4.3143303937007875
21
-4.3310544094488188
0
LINE
8
BLACK
6
CONTINUOUS
10
4.3143303937007875
20
-4.3310544094488188
11
4.3141475590551179
21
-4.3310043307086614
0
LINE
8
BLACK
6
CONTINUOUS
10
4.3141475590551179
20
-4.3310043307086614
11
4.3139620866141728
21
-4.3309674409448817
0
LINE
8
BLACK
6
CONTINUOUS
10
4.3139620866141728
20
-4.3309674409448817
11
4.3139429133858265
21
-4.3309482677165354
0
LINE
8
BLACK
6
CONTINUOUS
10
4.3139429133858265
20
-4.3309482677165354
11
4.3138859055118113
21
-4.3309326771653538
0
LINE
8
BLACK
6
CONTINUOUS
10
4.3138859055118113
20
-4.3309326771653538
11
4.3123860629921262
21
-4.3301827559055113
0
LINE
8
BLACK
6
CONTINUOUS
10
4.3123860629921262
20
-4.3301827559055113
11
4.312236811023622
21
-4.3300668897637795
0
LINE
8
BLACK
6
CONTINUOUS
10
4.312236811023622
20
-4.3300668897637795
11
4.3120790944881886
21
-4.3299615354330712
0
LINE
8
BLACK
6
CONTINUOUS
10
4.3120790944881886
20
-4.3299615354330712
11
4.3113292125984248
21
-4.3292116141732286
0
LINE
8
BLACK
6
CONTINUOUS
10
4.3113292125984248
20
-4.3292116141732286
11
4.3112241732283465
21
-4.329054409448819
0
LINE
8
BLACK
6
CONTINUOUS
10
4.3112241732283465
20
-4.329054409448819
11
4.3111079527559051
21
-4.3289046850393698
0
LINE
8
BLACK
6
CONTINUOUS
10
4.3111079527559051
20
-4.3289046850393698
11
4.3103580314960626
21
-4.3274048818897635
0
LINE
8
BLACK
6
CONTINUOUS
10
4.3103580314960626
20
-4.3274048818897635
11
4.3103424015748031
21
-4.3273477952755908
0
LINE
8
BLACK
6
CONTINUOUS
10
4.3103424015748031
20
-4.3273477952755908
11
4.3103232677165355
21
-4.3273286614173223
0
LINE
8
BLACK
6
CONTINUOUS
10
4.3103232677165355
20
-4.3273286614173223
11
4.3102862992125983
21
-4.327142874015748
0
LINE
8
BLACK
6
CONTINUOUS
10
4.3102862992125983
20
-4.327142874015748
11
4.3102363385826772
21
-4.3269603543307085
0
LINE
8
BLACK
6
CONTINUOUS
10
4.3102363385826772
20
-4.3269603543307085
11
4.3102448818897638
21
-4.3269346850393697
0
LINE
8
BLACK
6
CONTINUOUS
10
4.3102448818897638
20
-4.3269346850393697
11
4.3102333464566929
21
-4.326876653543307
0
LINE
8
BLACK
6
CONTINUOUS
10
4.3102333464566929
20
-4.326876653543307
11
4.3102333464566929
21
-4.320877401574803
0
LINE
8
BLACK
6
CONTINUOUS
10
4.3102333464566929
20
-4.320877401574803
11
4.3103232677165355
21
-4.3204253937007877
0
LINE
8
BLACK
6
CONTINUOUS
10
4.3103232677165355
20
-4.3204253937007877
11
4.3109624409448815
21
-4.3197862204724409
0
LINE
8
BLACK
6
CONTINUOUS
10
4.3109624409448815
20
-4.3197862204724409
11
4.3114144488188977
21
-4.3196962992125982
0
LINE
8
BLACK
6
CONTINUOUS
10
4.3114144488188977
20
-4.3196962992125982
11
4.3271624803149606
21
-4.3196962992125982
0
LINE
8
BLACK
6
CONTINUOUS
10
4.3271624803149606
20
-4.3196962992125982
11
4.327614488188976
21
-4.3197862204724409
0
LINE
8
BLACK
6
CONTINUOUS
10
4.3125955511811025
20
-4.3265977952755907
11
4.3131350393700787
21
-4.3276768110236219
0
LINE
8
BLACK
6
CONTINUOUS
10
4.3131350393700787
20
-4.3276768110236219
11
4.3136138976377953
21
-4.3281556299212598
0
LINE
8
BLACK
6
CONTINUOUS
10
4.3136138976377953
20
-4.3281556299212598
11
4.3146929527559053
21
-4.3286951574803147
0
LINE
8
BLACK
6
CONTINUOUS
10
4.3146929527559053
20
-4.3286951574803147
11
4.3163849606299207
21
-4.3286951574803147
0
LINE
8
BLACK
6
CONTINUOUS
10
4.3163849606299207
20
-4.3286951574803147
11
4.3174639763779528
21
-4.3281556299212598
0
LINE
8
BLACK
6
CONTINUOUS
10
4.3174639763779528
20
-4.3281556299212598
11
4.3179427559055119
21
-4.3276768110236219
0
LINE
8
BLACK
6
CONTINUOUS
10
4.3179427559055119
20
-4.3276768110236219
11
4.3184823228346456
21
-4.326597755905512
0
LINE
8
BLACK
6
CONTINUOUS
10
4.3184823228346456
20
-4.326597755905512
11
4.3184823228346456
21
-4.3220585039370079
0
LINE
8
BLACK
6
CONTINUOUS
10
4.3184823228346456
20
-4.3220585039370079
11
4.3125955511811025
21
-4.3220585039370079
0
LINE
8
BLACK
6
CONTINUOUS
10
4.3125955511811025
20
-4.3220585039370079
11
4.3125955511811025
21
-4.3265977952755907
0
LINE
8
BLACK
6
CONTINUOUS
10
4.3369934645669295
20
-4.3066852755905511
11
4.3380588188976379
21
-4.3077506299212596
0
LINE
8
BLACK
6
CONTINUOUS
10
4.3380588188976379
20
-4.3077506299212596
11
4.3382086614173225
21
-4.3085039370078739
0
LINE
8
BLACK
6
CONTINUOUS
10
4.3382086614173225
20
-4.3085039370078739
11
4.3382086614173225
21
-4.3714960629921258
0
LINE
8
BLACK
6
CONTINUOUS
10
4.3382086614173225
20
-4.3714960629921258
11
4.3380588188976379
21
-4.3722493700787401
0
LINE
8
BLACK
6
CONTINUOUS
10
4.3380588188976379
20
-4.3722493700787401
11
4.3369934645669295
21
-4.3733147244094486
0
LINE
8
BLACK
6
CONTINUOUS
10
4.3369934645669295
20
-4.3733147244094486
11
4.3362401574803151
21
-4.3734645669291341
0
LINE
8
BLACK
6
CONTINUOUS
10
4.3362401574803151
20
-4.3734645669291341
11
4.3037598425196846
21
-4.3734645669291341
0
LINE
8
BLACK
6
CONTINUOUS
10
4.3037598425196846
20
-4.3734645669291341
11
4.3030065354330711
21
-4.3733147244094486
0
LINE
8
BLACK
6
CONTINUOUS
10
4.3030065354330711
20
-4.3733147244094486
11
4.3019411811023618
21
-4.3722493700787401
0
LINE
8
BLACK
6
CONTINUOUS
10
4.3019411811023618
20
-4.3722493700787401
11
4.3017913385826771
21
-4.3714960629921258
0
LINE
8
BLACK
6
CONTINUOUS
10
4.3017913385826771
20
-4.3714960629921258
11
4.3017913385826771
21
-4.3085039370078739
0
LINE
8
BLACK
6
CONTINUOUS
10
4.3017913385826771
20
-4.3085039370078739
11
4.3019411811023618
21
-4.3077506299212596
0
LINE
8
BLACK
6
CONTINUOUS
10
4.3019411811023618
20
-4.3077506299212596
11
4.3030065354330711
21
-4.3066852755905511
0
LINE
8
BLACK
6
CONTINUOUS
10
4.3030065354330711
20
-4.3066852755905511
11
4.3037598425196846
21
-4.3065354330708656
0
LINE
8
BLACK
6
CONTINUOUS
10
4.3037598425196846
20
-4.3065354330708656
11
4.3362401574803151
21
-4.3065354330708656
0
LINE
8
BLACK
6
CONTINUOUS
10
4.3362401574803151
20
-4.3065354330708656
11
4.3369934645669295
21
-4.3066852755905511
0
LINE
8
BLACK
6
CONTINUOUS
10
4.3057283464566929
20
-4.3104724409448814
11
4.3057283464566929
21
-4.3695275590551184
0
LINE
8
BLACK
6
CONTINUOUS
10
4.3057283464566929
20
-4.3695275590551184
11
4.3342716535433068
21
-4.3695275590551184
0
LINE
8
BLACK
6
CONTINUOUS
10
4.3342716535433068
20
-4.3695275590551184
11
4.3342716535433068
21
-4.3104724409448814
0
LINE
8
BLACK
6
CONTINUOUS
10
4.3342716535433068
20
-4.3104724409448814
11
4.3057283464566929
21
-4.3104724409448814
0
LINE
8
BLACK
6
CONTINUOUS
10
3.5784700787401573
20
-4.3288275590551182
11
3.5784957480314961
21
-4.3288190157480315
0
LINE
8
BLACK
6
CONTINUOUS
10
3.5784957480314961
20
-4.3288190157480315
11
3.5786782677165352
21
-4.3288689763779526
0
LINE
8
BLACK
6
CONTINUOUS
10
3.5786782677165352
20
-4.3288689763779526
11
3.5788640551181103
21
-4.3289059448818898
0
LINE
8
BLACK
6
CONTINUOUS
10
3.5788640551181103
20
-4.3289059448818898
11
3.5788831889763779
21
-4.3289250787401574
0
LINE
8
BLACK
6
CONTINUOUS
10
3.5788831889763779
20
-4.3289250787401574
11
3.5789402755905511
21
-4.3289407086614169
0
LINE
8
BLACK
6
CONTINUOUS
10
3.5789402755905511
20
-4.3289407086614169
11
3.5804400787401574
21
-4.3296906299212594
0
LINE
8
BLACK
6
CONTINUOUS
10
3.5804400787401574
20
-4.3296906299212594
11
3.5805895275590549
21
-4.3298066535433071
0
LINE
8
BLACK
6
CONTINUOUS
10
3.5805895275590549
20
-4.3298066535433071
11
3.5807470078740158
21
-4.3299118503937004
0
LINE
8
BLACK
6
CONTINUOUS
10
3.5807470078740158
20
-4.3299118503937004
11
3.5814968897637796
21
-4.3306617322834642
0
LINE
8
BLACK
6
CONTINUOUS
10
3.5814968897637796
20
-4.3306617322834642
11
3.5817529527559056
21
-4.3310449212598421
0
LINE
8
BLACK
6
CONTINUOUS
10
3.5817529527559056
20
-4.3310449212598421
11
3.5817529921259843
21
-4.3319488582677161
0
LINE
8
BLACK
6
CONTINUOUS
10
3.5817529921259843
20
-4.3319488582677161
11
3.5811137401574804
21
-4.3325881102362205
0
LINE
8
BLACK
6
CONTINUOUS
10
3.5811137401574804
20
-4.3325881102362205
11
3.5802098425196851
21
-4.3325881496062992
0
LINE
8
BLACK
6
CONTINUOUS
10
3.5802098425196851
20
-4.3325881496062992
11
3.5798266141732284
21
-4.3323321259842515
0
LINE
8
BLACK
6
CONTINUOUS
10
3.5798266141732284
20
-4.3323321259842515
11
3.5792121653543307
21
-4.331717716535433
0
LINE
8
BLACK
6
CONTINUOUS
10
3.5792121653543307
20
-4.331717716535433
11
3.5781331889763779
21
-4.3311782283464568
0
LINE
8
BLACK
6
CONTINUOUS
10
3.5781331889763779
20
-4.3311782283464568
11
3.5749413779527557
21
-4.3311782283464568
0
LINE
8
BLACK
6
CONTINUOUS
10
3.5749413779527557
20
-4.3311782283464568
11
3.573862283464567
21
-4.3317177559055118
0
LINE
8
BLACK
6
CONTINUOUS
10
3.573862283464567
20
-4.3317177559055118
11
3.5733834645669291
21
-4.3321965748031497
0
LINE
8
BLACK
6
CONTINUOUS
10
3.5733834645669291
20
-4.3321965748031497
11
3.5728440157480312
21
-4.3332755511811021
0
LINE
8
BLACK
6
CONTINUOUS
10
3.5728440157480312
20
-4.3332755511811021
11
3.5728440157480312
21
-4.3343048425196846
0
LINE
8
BLACK
6
CONTINUOUS
10
3.5728440157480312
20
-4.3343048425196846
11
3.5734451181102362
21
-4.3361083070866142
0
LINE
8
BLACK
6
CONTINUOUS
10
3.5734451181102362
20
-4.3361083070866142
11
3.5822468503937008
21
-4.3449099999999996
0
LINE
8
BLACK
6
CONTINUOUS
10
3.5822468503937008
20
-4.3449099999999996
11
3.5825027559055118
21
-4.3452930314960625
0
LINE
8
BLACK
6
CONTINUOUS
10
3.5825027559055118
20
-4.3452930314960625
11
3.5825028740157481
21
-4.3452931496062988
0
LINE
8
BLACK
6
CONTINUOUS
10
3.5825028740157481
20
-4.3452931496062988
11
3.5825028740157481
21
-4.3452931889763775
0
LINE
8
BLACK
6
CONTINUOUS
10
3.5825028740157481
20
-4.3452931889763775
11
3.5825029133858268
21
-4.3461971259842516
0
LINE
8
BLACK
6
CONTINUOUS
10
3.5825029133858268
20
-4.3461971259842516
11
3.5825028740157481
21
-4.3461971259842516
0
LINE
8
BLACK
6
CONTINUOUS
10
3.5825028740157481
20
-4.3461971259842516
11
3.5825028740157481
21
-4.3461971653543303
0
LINE
8
BLACK
6
CONTINUOUS
10
3.5825028740157481
20
-4.3461971653543303
11
3.5818637007874017
21
-4.3468363385826772
0
LINE
8
BLACK
6
CONTINUOUS
10
3.5818637007874017
20
-4.3468363385826772
11
3.5814116929133859
21
-4.3469262598425198
0
LINE
8
BLACK
6
CONTINUOUS
10
3.5814116929133859
20
-4.3469262598425198
11
3.5716629133858269
21
-4.3469262598425198
0
LINE
8
BLACK
6
CONTINUOUS
10
3.5716629133858269
20
-4.3469262598425198
11
3.5712109055118111
21
-4.3468363385826772
0
LINE
8
BLACK
6
CONTINUOUS
10
3.5712109055118111
20
-4.3468363385826772
11
3.5705717322834647
21
-4.3461971653543303
0
LINE
8
BLACK
6
CONTINUOUS
10
3.5705717322834647
20
-4.3461971653543303
11
3.5705717322834647
21
-4.3452931496062988
0
LINE
8
BLACK
6
CONTINUOUS
10
3.5705717322834647
20
-4.3452931496062988
11
3.5712109055118111
21
-4.3446539763779528
0
LINE
8
BLACK
6
CONTINUOUS
10
3.5712109055118111
20
-4.3446539763779528
11
3.5716629133858269
21
-4.3445640551181102
0
LINE
8
BLACK
6
CONTINUOUS
10
3.5716629133858269
20
-4.3445640551181102
11
3.5785602755905512
21
-4.3445640551181102
0
LINE
8
BLACK
6
CONTINUOUS
10
3.5785602755905512
20
-4.3445640551181102
11
3.5715776377952757
21
-4.337581456692913
0
LINE
8
BLACK
6
CONTINUOUS
10
3.5715776377952757
20
-4.337581456692913
11
3.5715447637795275
21
-4.3375322440944881
0
LINE
8
BLACK
6
CONTINUOUS
10
3.5715447637795275
20
-4.3375322440944881
11
3.5715205511811021
21
-4.3375201574803146
0
LINE
8
BLACK
6
CONTINUOUS
10
3.5715205511811021
20
-4.3375201574803146
11
3.5714266535433068
21
-4.3373555118110234
0
LINE
8
BLACK
6
CONTINUOUS
10
3.5714266535433068
20
-4.3373555118110234
11
3.5713216141732285
21
-4.337198267716535
0
LINE
8
BLACK
6
CONTINUOUS
10
3.5713216141732285
20
-4.337198267716535
11
3.5713216141732285
21
-4.3371712204724409
0
LINE
8
BLACK
6
CONTINUOUS
10
3.5713216141732285
20
-4.3371712204724409
11
3.5712922834645671
21
-4.3371198031496059
0
LINE
8
BLACK
6
CONTINUOUS
10
3.5712922834645671
20
-4.3371198031496059
11
3.5705424015748028
21
-4.3348700787401571
0
LINE
8
BLACK
6
CONTINUOUS
10
3.5705424015748028
20
-4.3348700787401571
11
3.5705187007874013
21
-4.334682165354331
0
LINE
8
BLACK
6
CONTINUOUS
10
3.5705187007874013
20
-4.334682165354331
11
3.5704818110236221
21
-4.3344965748031496
0
LINE
8
BLACK
6
CONTINUOUS
10
3.5704818110236221
20
-4.3344965748031496
11
3.5704818110236221
21
-4.3329967716535434
0
LINE
8
BLACK
6
CONTINUOUS
10
3.5704818110236221
20
-4.3329967716535434
11
3.570493346456693
21
-4.3329387401574806
0
LINE
8
BLACK
6
CONTINUOUS
10
3.570493346456693
20
-4.3329387401574806
11
3.5704848031496064
21
-4.3329131102362206
0
LINE
8
BLACK
6
CONTINUOUS
10
3.5704848031496064
20
-4.3329131102362206
11
3.5705347244094487
21
-4.3327306299212598
0
LINE
8
BLACK
6
CONTINUOUS
10
3.5705347244094487
20
-4.3327306299212598
11
3.5705717322834647
21
-4.3325447637795271
0
LINE
8
BLACK
6
CONTINUOUS
10
3.5705717322834647
20
-4.3325447637795271
11
3.5705908661417323
21
-4.3325255905511808
0
LINE
8
BLACK
6
CONTINUOUS
10
3.5705908661417323
20
-4.3325255905511808
11
3.5706064960629922
21
-4.3324685826771656
0
LINE
8
BLACK
6
CONTINUOUS
10
3.5706064960629922
20
-4.3324685826771656
11
3.571356377952756
21
-4.3309687401574806
0
LINE
8
BLACK
6
CONTINUOUS
10
3.571356377952756
20
-4.3309687401574806
11
3.5714723228346457
21
-4.3308193307086613
0
LINE
8
BLACK
6
CONTINUOUS
10
3.5714723228346457
20
-4.3308193307086613
11
3.5715776377952757
21
-4.3306617322834642
0
LINE
8
BLACK
6
CONTINUOUS
10
3.5715776377952757
20
-4.3306617322834642
11
3.5723275590551182
21
-4.3299118503937004
0
LINE
8
BLACK
6
CONTINUOUS
10
3.5723275590551182
20
-4.3299118503937004
11
3.5724849999999999
21
-4.3298066535433071
0
LINE
8
BLACK
6
CONTINUOUS
10
3.5724849999999999
20
-4.3298066535433071
11
3.5726344881889762
21
-4.3296906299212594
0
LINE
8
BLACK
6
CONTINUOUS
10
3.5726344881889762
20
-4.3296906299212594
11
3.5741343307086613
21
-4.3289407086614169
0
LINE
8
BLACK
6
CONTINUOUS
10
3.5741343307086613
20
-4.3289407086614169
11
3.5741913385826769
21
-4.3289250787401574
0
LINE
8
BLACK
6
CONTINUOUS
10
3.5741913385826769
20
-4.3289250787401574
11
3.5742105118110237
21
-4.3289059448818898
0
LINE
8
BLACK
6
CONTINUOUS
10
3.5742105118110237
20
-4.3289059448818898
11
3.5743959842519684
21
-4.3288690157480314
0
LINE
8
BLACK
6
CONTINUOUS
10
3.5743959842519684
20
-4.3288690157480314
11
3.5745788188976375
21
-4.3288189763779528
0
LINE
8
BLACK
6
CONTINUOUS
10
3.5745788188976375
20
-4.3288189763779528
11
3.574604527559055
21
-4.3288275196850394
0
LINE
8
BLACK
6
CONTINUOUS
10
3.574604527559055
20
-4.3288275196850394
11
3.5746625196850395
21
-4.3288160236220472
0
LINE
8
BLACK
6
CONTINUOUS
10
3.5746625196850395
20
-4.3288160236220472
11
3.5784120472440946
21
-4.3288160236220472
0
LINE
8
BLACK
6
CONTINUOUS
10
3.5784120472440946
20
-4.3288160236220472
11
3.5784700787401573
21
-4.3288275590551182
0
LINE
8
BLACK
6
CONTINUOUS
10
3.5934681889763778
20
-4.3288275590551182
11
3.5934938582677165
21
-4.3288190157480315
0
LINE
8
BLACK
6
CONTINUOUS
10
3.5934938582677165
20
-4.3288190157480315
11
3.5936763779527556
21
-4.3288689763779526
0
LINE
8
BLACK
6
CONTINUOUS
10
3.5936763779527556
20
-4.3288689763779526
11
3.5938621653543308
21
-4.3289059448818898
0
LINE
8
BLACK
6
CONTINUOUS
10
3.5938621653543308
20
-4.3289059448818898
11
3.5938812992125984
21
-4.3289250787401574
0
LINE
8
BLACK
6
CONTINUOUS
10
3.5938812992125984
20
-4.3289250787401574
11
3.5939383858267715
21
-4.3289407086614169
0
LINE
8
BLACK
6
CONTINUOUS
10
3.5939383858267715
20
-4.3289407086614169
11
3.5954381889763778
21
-4.3296906299212594
0
LINE
8
BLACK
6
CONTINUOUS
10
3.5954381889763778
20
-4.3296906299212594
11
3.5955876377952753
21
-4.3298066535433071
0
LINE
8
BLACK
6
CONTINUOUS
10
3.5955876377952753
20
-4.3298066535433071
11
3.5957451181102362
21
-4.3299118503937004
0
LINE
8
BLACK
6
CONTINUOUS
10
3.5957451181102362
20
-4.3299118503937004
11
3.596495
21
-4.3306617322834642
0
LINE
8
BLACK
6
CONTINUOUS
10
3.596495
20
-4.3306617322834642
11
3.596751062992126
21
-4.3310449212598421
0
LINE
8
BLACK
6
CONTINUOUS
10
3.596751062992126
20
-4.3310449212598421
11
3.5967511023622047
21
-4.3319488582677161
0
LINE
8
BLACK
6
CONTINUOUS
10
3.5967511023622047
20
-4.3319488582677161
11
3.5961118503937008
21
-4.3325881102362205
0
LINE
8
BLACK
6
CONTINUOUS
10
3.5961118503937008
20
-4.3325881102362205
11
3.5952079527559055
21
-4.3325881496062992
0
LINE
8
BLACK
6
CONTINUOUS
10
3.5952079527559055
20
-4.3325881496062992
11
3.5948247244094489
21
-4.3323321259842515
0
LINE
8
BLACK
6
CONTINUOUS
10
3.5948247244094489
20
-4.3323321259842515
11
3.5942102755905512
21
-4.331717716535433
0
LINE
8
BLACK
6
CONTINUOUS
10
3.5942102755905512
20
-4.331717716535433
11
3.5931312992125983
21
-4.3311782283464568
0
LINE
8
BLACK
6
CONTINUOUS
10
3.5931312992125983
20
-4.3311782283464568
11
3.5899394881889761
21
-4.3311782283464568
0
LINE
8
BLACK
6
CONTINUOUS
10
3.5899394881889761
20
-4.3311782283464568
11
3.5888603937007875
21
-4.3317177559055118
0
LINE
8
BLACK
6
CONTINUOUS
10
3.5888603937007875
20
-4.3317177559055118
11
3.5883815748031496
21
-4.3321965748031497
0
LINE
8
BLACK
6
CONTINUOUS
10
3.5883815748031496
20
-4.3321965748031497
11
3.5878421259842517
21
-4.3332755511811021
0
LINE
8
BLACK
6
CONTINUOUS
10
3.5878421259842517
20
-4.3332755511811021
11
3.5878421259842517
21
-4.3343048425196846
0
LINE
8
BLACK
6
CONTINUOUS
10
3.5878421259842517
20
-4.3343048425196846
11
3.5884432283464567
21
-4.3361083070866142
0
LINE
8
BLACK
6
CONTINUOUS
10
3.5884432283464567
20
-4.3361083070866142
11
3.5972449606299213
21
-4.3449099999999996
0
LINE
8
BLACK
6
CONTINUOUS
10
3.5972449606299213
20
-4.3449099999999996
11
3.5975008661417323
21
-4.3452930314960625
0
LINE
8
BLACK
6
CONTINUOUS
10
3.5975008661417323
20
-4.3452930314960625
11
3.5975009842519685
21
-4.3452931496062988
0
LINE
8
BLACK
6
CONTINUOUS
10
3.5975009842519685
20
-4.3452931496062988
11
3.5975009842519685
21
-4.3452931889763775
0
LINE
8
BLACK
6
CONTINUOUS
10
3.5975009842519685
20
-4.3452931889763775
11
3.5975010236220473
21
-4.3461971259842516
0
LINE
8
BLACK
6
CONTINUOUS
10
3.5975010236220473
20
-4.3461971259842516
11
3.5975009842519685
21
-4.3461971259842516
0
LINE
8
BLACK
6
CONTINUOUS
10
3.5975009842519685
20
-4.3461971259842516
11
3.5975009842519685
21
-4.3461971653543303
0
LINE
8
BLACK
6
CONTINUOUS
10
3.5975009842519685
20
-4.3461971653543303
11
3.5968618110236221
21
-4.3468363385826772
0
LINE
8
BLACK
6
CONTINUOUS
10
3.5968618110236221
20
-4.3468363385826772
11
3.5964098031496063
21
-4.3469262598425198
0
LINE
8
BLACK
6
CONTINUOUS
10
3.5964098031496063
20
-4.3469262598425198
11
3.5866610236220473
21
-4.3469262598425198
0
LINE
8
BLACK
6
CONTINUOUS
10
3.5866610236220473
20
-4.3469262598425198
11
3.5862090157480315
21
-4.3468363385826772
0
LINE
8
BLACK
6
CONTINUOUS
10
3.5862090157480315
20
-4.3468363385826772
11
3.5855698425196851
21
-4.3461971653543303
0
LINE
8
BLACK
6
CONTINUOUS
10
3.5855698425196851
20
-4.3461971653543303
11
3.5855698425196851
21
-4.3452931496062988
0
LINE
8
BLACK
6
CONTINUOUS
10
3.5855698425196851
20
-4.3452931496062988
11
3.5862090157480315
21
-4.3446539763779528
0
LINE
8
BLACK
6
CONTINUOUS
10
3.5862090157480315
20
-4.3446539763779528
11
3.5866610236220473
21
-4.3445640551181102
0
LINE
8
BLACK
6
CONTINUOUS
10
3.5866610236220473
20
-4.3445640551181102
11
3.5935583858267717
21
-4.3445640551181102
0
LINE
8
BLACK
6
CONTINUOUS
10
3.5935583858267717
20
-4.3445640551181102
11
3.5865757480314961
21
-4.337581456692913
0
LINE
8
BLACK
6
CONTINUOUS
10
3.5865757480314961
20
-4.337581456692913
11
3.5865428740157479
21
-4.3375322440944881
0
LINE
8
BLACK
6
CONTINUOUS
10
3.5865428740157479
20
-4.3375322440944881
11
3.5865186614173226
21
-4.3375201574803146
0
LINE
8
BLACK
6
CONTINUOUS
10
3.5865186614173226
20
-4.3375201574803146
11
3.5864247637795277
21
-4.3373555118110234
0
LINE
8
BLACK
6
CONTINUOUS
10
3.5864247637795277
20
-4.3373555118110234
11
3.5863197244094489
21
-4.337198267716535
0
LINE
8
BLACK
6
CONTINUOUS
10
3.5863197244094489
20
-4.337198267716535
11
3.5863197244094489
21
-4.3371712204724409
0
LINE
8
BLACK
6
CONTINUOUS
10
3.5863197244094489
20
-4.3371712204724409
11
3.5862903937007875
21
-4.3371198031496059
0
LINE
8
BLACK
6
CONTINUOUS
10
3.5862903937007875
20
-4.3371198031496059
11
3.5855405118110237
21
-4.3348700787401571
0
LINE
8
BLACK
6
CONTINUOUS
10
3.5855405118110237
20
-4.3348700787401571
11
3.5855168110236222
21
-4.334682165354331
0
LINE
8
BLACK
6
CONTINUOUS
10
3.5855168110236222
20
-4.334682165354331
11
3.5854799212598425
21
-4.3344965748031496
0
LINE
8
BLACK
6
CONTINUOUS
10
3.5854799212598425
20
-4.3344965748031496
11
3.5854799212598425
21
-4.3329967716535434
0
LINE
8
BLACK
6
CONTINUOUS
10
3.5854799212598425
20
-4.3329967716535434
11
3.5854914566929135
21
-4.3329387401574806
0
LINE
8
BLACK
6
CONTINUOUS
10
3.5854914566929135
20
-4.3329387401574806
11
3.5854829133858268
21
-4.3329131102362206
0
LINE
8
BLACK
6
CONTINUOUS
10
3.5854829133858268
20
-4.3329131102362206
11
3.5855328346456692
21
-4.3327306299212598
0
LINE
8
BLACK
6
CONTINUOUS
10
3.5855328346456692
20
-4.3327306299212598
11
3.5855698425196851
21
-4.3325447637795271
0
LINE
8
BLACK
6
CONTINUOUS
10
3.5855698425196851
20
-4.3325447637795271
11
3.5855889763779527
21
-4.3325255905511808
0
LINE
8
BLACK
6
CONTINUOUS
10
3.5855889763779527
20
-4.3325255905511808
11
3.5856046062992126
21
-4.3324685826771656
0
LINE
8
BLACK
6
CONTINUOUS
10
3.5856046062992126
20
-4.3324685826771656
11
3.5863544881889764
21
-4.3309687401574806
0
LINE
8
BLACK
6
CONTINUOUS
10
3.5863544881889764
20
-4.3309687401574806
11
3.5864704330708661
21
-4.3308193307086613
0
LINE
8
BLACK
6
CONTINUOUS
10
3.5864704330708661
20
-4.3308193307086613
11
3.5865757480314961
21
-4.3306617322834642
0
LINE
8
BLACK
6
CONTINUOUS
10
3.5865757480314961
20
-4.3306617322834642
11
3.5873256692913387
21
-4.3299118503937004
0
LINE
8
BLACK
6
CONTINUOUS
10
3.5873256692913387
20
-4.3299118503937004
11
3.5874831102362204
21
-4.3298066535433071
0
LINE
8
BLACK
6
CONTINUOUS
10
3.5874831102362204
20
-4.3298066535433071
11
3.5876325984251967
21
-4.3296906299212594
0
LINE
8
BLACK
6
CONTINUOUS
10
3.5876325984251967
20
-4.3296906299212594
11
3.5891324409448817
21
-4.3289407086614169
0
LINE
8
BLACK
6
CONTINUOUS
10
3.5891324409448817
20
-4.3289407086614169
11
3.5891894488188973
21
-4.3289250787401574
0
LINE
8
BLACK
6
CONTINUOUS
10
3.5891894488188973
20
-4.3289250787401574
11
3.5892086220472441
21
-4.3289059448818898
0
LINE
8
BLACK
6
CONTINUOUS
10
3.5892086220472441
20
-4.3289059448818898
11
3.5893940944881888
21
-4.3288690157480314
0
LINE
8
BLACK
6
CONTINUOUS
10
3.5893940944881888
20
-4.3288690157480314
11
3.5895769291338584
21
-4.3288189763779528
0
LINE
8
BLACK
6
CONTINUOUS
10
3.5895769291338584
20
-4.3288189763779528
11
3.5896026377952754
21
-4.3288275196850394
0
LINE
8
BLACK
6
CONTINUOUS
10
3.5896026377952754
20
-4.3288275196850394
11
3.5896606299212599
21
-4.3288160236220472
0
LINE
8
BLACK
6
CONTINUOUS
10
3.5896606299212599
20
-4.3288160236220472
11
3.593410157480315
21
-4.3288160236220472
0
LINE
8
BLACK
6
CONTINUOUS
10
3.593410157480315
20
-4.3288160236220472
11
3.5934681889763778
21
-4.3288275590551182
0
LINE
8
BLACK
6
CONTINUOUS
10
3.6063444488188976
20
-4.3288529921259844
11
3.6065320866141732
21
-4.3288766535433068
0
LINE
8
BLACK
6
CONTINUOUS
10
3.6065320866141732
20
-4.3288766535433068
11
3.6087818110236221
21
-4.3296265748031493
0
LINE
8
BLACK
6
CONTINUOUS
10
3.6087818110236221
20
-4.3296265748031493
11
3.6088331889763778
21
-4.3296558661417324
0
LINE
8
BLACK
6
CONTINUOUS
10
3.6088331889763778
20
-4.3296558661417324
11
3.6088602755905512
21
-4.3296558661417324
0
LINE
8
BLACK
6
CONTINUOUS
10
3.6088602755905512
20
-4.3296558661417324
11
3.6090176771653542
21
-4.329761023622047
0
LINE
8
BLACK
6
CONTINUOUS
10
3.6090176771653542
20
-4.329761023622047
11
3.6091821653543308
21
-4.3298548031496065
0
LINE
8
BLACK
6
CONTINUOUS
10
3.6091821653543308
20
-4.3298548031496065
11
3.6091942519685039
21
-4.3298790157480314
0
LINE
8
BLACK
6
CONTINUOUS
10
3.6091942519685039
20
-4.3298790157480314
11
3.6092434645669291
21
-4.3299118897637792
0
LINE
8
BLACK
6
CONTINUOUS
10
3.6092434645669291
20
-4.3299118897637792
11
3.6107432677165354
21
-4.3314116535433067
0
LINE
8
BLACK
6
CONTINUOUS
10
3.6107432677165354
20
-4.3314116535433067
11
3.6108483858267717
21
-4.3315690157480313
0
LINE
8
BLACK
6
CONTINUOUS
10
3.6108483858267717
20
-4.3315690157480313
11
3.6109645275590552
21
-4.3317186614173231
0
LINE
8
BLACK
6
CONTINUOUS
10
3.6109645275590552
20
-4.3317186614173231
11
3.6117144094488189
21
-4.3332184645669294
0
LINE
8
BLACK
6
CONTINUOUS
10
3.6117144094488189
20
-4.3332184645669294
11
3.6117485433070864
21
-4.3333432283464566
0
LINE
8
BLACK
6
CONTINUOUS
10
3.6117485433070864
20
-4.3333432283464566
11
3.6118038188976378
21
-4.3334601968503934
0
LINE
8
BLACK
6
CONTINUOUS
10
3.6118038188976378
20
-4.3334601968503934
11
3.6125537401574803
21
-4.3364598425196847
0
LINE
8
BLACK
6
CONTINUOUS
10
3.6125537401574803
20
-4.3364598425196847
11
3.6125607480314961
21
-4.3366042913385829
0
LINE
8
BLACK
6
CONTINUOUS
10
3.6125607480314961
20
-4.3366042913385829
11
3.6125890157480316
21
-4.3367462992125985
0
LINE
8
BLACK
6
CONTINUOUS
10
3.6125890157480316
20
-4.3367462992125985
11
3.6125890157480316
21
-4.3389960236220473
0
LINE
8
BLACK
6
CONTINUOUS
10
3.6125890157480316
20
-4.3389960236220473
11
3.6125607480314961
21
-4.3391379921259841
0
LINE
8
BLACK
6
CONTINUOUS
10
3.6125607480314961
20
-4.3391379921259841
11
3.6125537401574803
21
-4.3392824803149601
0
LINE
8
BLACK
6
CONTINUOUS
10
3.6125537401574803
20
-4.3392824803149601
11
3.6118038188976378
21
-4.3422820866141727
0
LINE
8
BLACK
6
CONTINUOUS
10
3.6118038188976378
20
-4.3422820866141727
11
3.6117485433070864
21
-4.3423990157480317
0
LINE
8
BLACK
6
CONTINUOUS
10
3.6117485433070864
20
-4.3423990157480317
11
3.6117144094488189
21
-4.3425238188976376
0
LINE
8
BLACK
6
CONTINUOUS
10
3.6117144094488189
20
-4.3425238188976376
11
3.6109645275590552
21
-4.3440236220472439
0
LINE
8
BLACK
6
CONTINUOUS
10
3.6109645275590552
20
-4.3440236220472439
11
3.6108482677165354
21
-4.3441733464566932
0
LINE
8
BLACK
6
CONTINUOUS
10
3.6108482677165354
20
-4.3441733464566932
11
3.6107432677165354
21
-4.3443305905511806
0
LINE
8
BLACK
6
CONTINUOUS
10
3.6107432677165354
20
-4.3443305905511806
11
3.6092434645669291
21
-4.3458304330708657
0
LINE
8
BLACK
6
CONTINUOUS
10
3.6092434645669291
20
-4.3458304330708657
11
3.6091942519685039
21
-4.3458632677165356
0
LINE
8
BLACK
6
CONTINUOUS
10
3.6091942519685039
20
-4.3458632677165356
11
3.6091821653543308
21
-4.3458875196850393
0
LINE
8
BLACK
6
CONTINUOUS
10
3.6091821653543308
20
-4.3458875196850393
11
3.6090175196850391
21
-4.3459813779527554
0
LINE
8
BLACK
6
CONTINUOUS
10
3.6090175196850391
20
-4.3459813779527554
11
3.6088602755905512
21
-4.3460864566929134
0
LINE
8
BLACK
6
CONTINUOUS
10
3.6088602755905512
20
-4.3460864566929134
11
3.6088332283464566
21
-4.3460864566929134
0
LINE
8
BLACK
6
CONTINUOUS
10
3.6088332283464566
20
-4.3460864566929134
11
3.6087818110236221
21
-4.3461157874015743
0
LINE
8
BLACK
6
CONTINUOUS
10
3.6087818110236221
20
-4.3461157874015743
11
3.6065320866141732
21
-4.3468656692913381
0
LINE
8
BLACK
6
CONTINUOUS
10
3.6065320866141732
20
-4.3468656692913381
11
3.6063441732283463
21
-4.3468893307086613
0
LINE
8
BLACK
6
CONTINUOUS
10
3.6063441732283463
20
-4.3468893307086613
11
3.6061585826771654
21
-4.3469262598425198
0
LINE
8
BLACK
6
CONTINUOUS
10
3.6061585826771654
20
-4.3469262598425198
11
3.6046587401574803
21
-4.3469262598425198
0
LINE
8
BLACK
6
CONTINUOUS
10
3.6046587401574803
20
-4.3469262598425198
11
3.6044731102362202
21
-4.3468893307086613
0
LINE
8
BLACK
6
CONTINUOUS
10
3.6044731102362202
20
-4.3468893307086613
11
3.6042852362204725
21
-4.3468656692913381
0
LINE
8
BLACK
6
CONTINUOUS
10
3.6042852362204725
20
-4.3468656692913381
11
3.6020355511811024
21
-4.3461157874015743
0
LINE
8
BLACK
6
CONTINUOUS
10
3.6020355511811024
20
-4.3461157874015743
11
3.6019841732283462
21
-4.3460864960629921
0
LINE
8
BLACK
6
CONTINUOUS
10
3.6019841732283462
20
-4.3460864960629921
11
3.6019570866141732
21
-4.3460864960629921
0
LINE
8
BLACK
6
CONTINUOUS
10
3.6019570866141732
20
-4.3460864960629921
11
3.6017995669291336
21
-4.3459812204724413
0
LINE
8
BLACK
6
CONTINUOUS
10
3.6017995669291336
20
-4.3459812204724413
11
3.6016351968503937
21
-4.3458875196850393
0
LINE
8
BLACK
6
CONTINUOUS
10
3.6016351968503937
20
-4.3458875196850393
11
3.6016230708661419
21
-4.3458632677165356
0
LINE
8
BLACK
6
CONTINUOUS
10
3.6016230708661419
20
-4.3458632677165356
11
3.6015738976377953
21
-4.3458304330708657
0
LINE
8
BLACK
6
CONTINUOUS
10
3.6015738976377953
20
-4.3458304330708657
11
3.6008239763779528
21
-4.3450805118110232
0
LINE
8
BLACK
6
CONTINUOUS
10
3.6008239763779528
20
-4.3450805118110232
11
3.6005679527559056
21
-4.3446973228346453
0
LINE
8
BLACK
6
CONTINUOUS
10
3.6005679527559056
20
-4.3446973228346453
11
3.6005679527559056
21
-4.3437933858267712
0
LINE
8
BLACK
6
CONTINUOUS
10
3.6005679527559056
20
-4.3437933858267712
11
3.6012071653543307
21
-4.3431541732283465
0
LINE
8
BLACK
6
CONTINUOUS
10
3.6012071653543307
20
-4.3431541732283465
11
3.6021111023622048
21
-4.3431541732283465
0
LINE
8
BLACK
6
CONTINUOUS
10
3.6021111023622048
20
-4.3431541732283465
11
3.6024942913385827
21
-4.3434101968503933
0
LINE
8
BLACK
6
CONTINUOUS
10
3.6024942913385827
20
-4.3434101968503933
11
3.603046968503937
21
-4.3439628740157481
0
LINE
8
BLACK
6
CONTINUOUS
10
3.603046968503937
20
-4.3439628740157481
11
3.6048504724409449
21
-4.3445640551181102
0
LINE
8
BLACK
6
CONTINUOUS
10
3.6048504724409449
20
-4.3445640551181102
11
3.6059668503937008
21
-4.3445640551181102
0
LINE
8
BLACK
6
CONTINUOUS
10
3.6059668503937008
20
-4.3445640551181102
11
3.6077703149606299
21
-4.3439629133858269
0
LINE
8
BLACK
6
CONTINUOUS
10
3.6077703149606299
20
-4.3439629133858269
11
3.6089374015748032
21
-4.342795748031496
0
LINE
8
BLACK
6
CONTINUOUS
10
3.6089374015748032
20
-4.342795748031496
11
3.6095436220472439
21
-4.3415833464566926
0
LINE
8
BLACK
6
CONTINUOUS
10
3.6095436220472439
20
-4.3415833464566926
11
3.610226811023622
21
-4.3388506299212599
0
LINE
8
BLACK
6
CONTINUOUS
10
3.610226811023622
20
-4.3388506299212599
11
3.610226811023622
21
-4.3368916535433071
0
LINE
8
BLACK
6
CONTINUOUS
10
3.610226811023622
20
-4.3368916535433071
11
3.6095435826771651
21
-4.3341588976377956
0
LINE
8
BLACK
6
CONTINUOUS
10
3.6095435826771651
20
-4.3341588976377956
11
3.6089374015748032
21
-4.3329464960629922
0
LINE
8
BLACK
6
CONTINUOUS
10
3.6089374015748032
20
-4.3329464960629922
11
3.6077702755905512
21
-4.3317793307086614
0
LINE
8
BLACK
6
CONTINUOUS
10
3.6077702755905512
20
-4.3317793307086614
11
3.6059669685039371
21
-4.3311782283464568
0
LINE
8
BLACK
6
CONTINUOUS
10
3.6059669685039371
20
-4.3311782283464568
11
3.6048503543307087
21
-4.3311782283464568
0
LINE
8
BLACK
6
CONTINUOUS
10
3.6048503543307087
20
-4.3311782283464568
11
3.6030470472440945
21
-4.3317793307086614
0
LINE
8
BLACK
6
CONTINUOUS
10
3.6030470472440945
20
-4.3317793307086614
11
3.6024942913385827
21
-4.3323321259842515
0
LINE
8
BLACK
6
CONTINUOUS
10
3.6024942913385827
20
-4.3323321259842515
11
3.602111062992126
21
-4.3325881496062992
0
LINE
8
BLACK
6
CONTINUOUS
10
3.602111062992126
20
-4.3325881496062992
11
3.601207125984252
21
-4.3325881102362205
0
LINE
8
BLACK
6
CONTINUOUS
10
3.601207125984252
20
-4.3325881102362205
11
3.6005679133858268
21
-4.3319488582677161
0
LINE
8
BLACK
6
CONTINUOUS
10
3.6005679133858268
20
-4.3319488582677161
11
3.6005679527559056
21
-4.3310449212598421
0
LINE
8
BLACK
6
CONTINUOUS
10
3.6005679527559056
20
-4.3310449212598421
11
3.6008239763779528
21
-4.3306617322834642
0
LINE
8
BLACK
6
CONTINUOUS
10
3.6008239763779528
20
-4.3306617322834642
11
3.6015738976377953
21
-4.3299118503937004
0
LINE
8
BLACK
6
CONTINUOUS
10
3.6015738976377953
20
-4.3299118503937004
11
3.6016230314960631
21
-4.3298789763779526
0
LINE
8
BLACK
6
CONTINUOUS
10
3.6016230314960631
20
-4.3298789763779526
11
3.6016351574803149
21
-4.3298548031496065
0
LINE
8
BLACK
6
CONTINUOUS
10
3.6016351574803149
20
-4.3298548031496065
11
3.6017995275590549
21
-4.3297610629921257
0
LINE
8
BLACK
6
CONTINUOUS
10
3.6017995275590549
20
-4.3297610629921257
11
3.601957125984252
21
-4.3296558267716536
0
LINE
8
BLACK
6
CONTINUOUS
10
3.601957125984252
20
-4.3296558267716536
11
3.6019842125984249
21
-4.3296558267716536
0
LINE
8
BLACK
6
CONTINUOUS
10
3.6019842125984249
20
-4.3296558267716536
11
3.6020355511811024
21
-4.3296265748031493
0
LINE
8
BLACK
6
CONTINUOUS
10
3.6020355511811024
20
-4.3296265748031493
11
3.6042852362204725
21
-4.3288766535433068
0
LINE
8
BLACK
6
CONTINUOUS
10
3.6042852362204725
20
-4.3288766535433068
11
3.6044728346456694
21
-4.3288529921259844
0
LINE
8
BLACK
6
CONTINUOUS
10
3.6044728346456694
20
-4.3288529921259844
11
3.6046587401574803
21
-4.3288160236220472
0
LINE
8
BLACK
6
CONTINUOUS
10
3.6046587401574803
20
-4.3288160236220472
11
3.6061585826771654
21
-4.3288160236220472
0
LINE
8
BLACK
6
CONTINUOUS
10
3.6061585826771654
20
-4.3288160236220472
11
3.6063444488188976
21
-4.3288529921259844
0
LINE
8
BLACK
6
CONTINUOUS
10
3.623784803149606
20
-4.321015984251968
11
3.6248501574803149
21
-4.3220813385826773
0
LINE
8
BLACK
6
CONTINUOUS
10
3.6248501574803149
20
-4.3220813385826773
11
3.625
21
-4.3228346456692917
0
LINE
8
BLACK
6
CONTINUOUS
10
3.625
20
-4.3228346456692917
11
3.625
21
-4.3543307086614176
0
LINE
8
BLACK
6
CONTINUOUS
10
3.625
20
-4.3543307086614176
11
3.6248501574803149
21
-4.3550840157480311
0
LINE
8
BLACK
6
CONTINUOUS
10
3.6248501574803149
20
-4.3550840157480311
11
3.623784803149606
21
-4.3561493700787404
0
LINE
8
BLACK
6
CONTINUOUS
10
3.623784803149606
20
-4.3561493700787404
11
3.6230314960629921
21
-4.356299212598425
0
LINE
8
BLACK
6
CONTINUOUS
10
3.6230314960629921
20
-4.356299212598425
11
3.5600393700787403
21
-4.356299212598425
0
LINE
8
BLACK
6
CONTINUOUS
10
3.5600393700787403
20
-4.356299212598425
11
3.5592860629921259
21
-4.3561493700787404
0
LINE
8
BLACK
6
CONTINUOUS
10
3.5592860629921259
20
-4.3561493700787404
11
3.558220708661417
21
-4.3550840157480311
0
LINE
8
BLACK
6
CONTINUOUS
10
3.558220708661417
20
-4.3550840157480311
11
3.5580708661417324
21
-4.3543307086614176
0
LINE
8
BLACK
6
CONTINUOUS
10
3.5580708661417324
20
-4.3543307086614176
11
3.5580708661417324
21
-4.3228346456692917
0
LINE
8
BLACK
6
CONTINUOUS
10
3.5580708661417324
20
-4.3228346456692917
11
3.558220708661417
21
-4.3220813385826773
0
LINE
8
BLACK
6
CONTINUOUS
10
3.558220708661417
20
-4.3220813385826773
11
3.5592860629921259
21
-4.321015984251968
0
LINE
8
BLACK
6
CONTINUOUS
10
3.5592860629921259
20
-4.321015984251968
11
3.5600393700787403
21
-4.3208661417322833
0
LINE
8
BLACK
6
CONTINUOUS
10
3.5600393700787403
20
-4.3208661417322833
11
3.6230314960629921
21
-4.3208661417322833
0
LINE
8
BLACK
6
CONTINUOUS
10
3.6230314960629921
20
-4.3208661417322833
11
3.623784803149606
21
-4.321015984251968
0
LINE
8
BLACK
6
CONTINUOUS
10
3.5620078740157481
20
-4.3248031496062991
11
3.5620078740157481
21
-4.3523622047244093
0
LINE
8
BLACK
6
CONTINUOUS
10
3.5620078740157481
20
-4.3523622047244093
11
3.6210629921259843
21
-4.3523622047244093
0
LINE
8
BLACK
6
CONTINUOUS
10
3.6210629921259843
20
-4.3523622047244093
11
3.6210629921259843
21
-4.3248031496062991
0
LINE
8
BLACK
6
CONTINUOUS
10
3.6210629921259843
20
-4.3248031496062991
11
3.5620078740157481
21
-4.3248031496062991
0
LINE
8
BLACK
6
CONTINUOUS
10
3.787781220472441
20
-4.3246323228346455
11
3.7878711417322832
21
-4.3250843307086617
0
LINE
8
BLACK
6
CONTINUOUS
10
3.7878711417322832
20
-4.3250843307086617
11
3.7878711417322832
21
-4.3322302362204725
0
LINE
8
BLACK
6
CONTINUOUS
10
3.7878711417322832
20
-4.3322302362204725
11
3.7919115354330706
21
-4.3286949212598422
0
LINE
8
BLACK
6
CONTINUOUS
10
3.7919115354330706
20
-4.3286949212598422
11
3.7922025590551178
21
-4.3285272834645667
0
LINE
8
BLACK
6
CONTINUOUS
10
3.7922025590551178
20
-4.3285272834645667
11
3.792237283464567
21
-4.3284925984251972
0
LINE
8
BLACK
6
CONTINUOUS
10
3.792237283464567
20
-4.3284925984251972
11
3.792262834645669
21
-4.3284925984251972
0
LINE
8
BLACK
6
CONTINUOUS
10
3.792262834645669
20
-4.3284925984251972
11
3.7923109055118109
21
-4.3284649212598421
0
LINE
8
BLACK
6
CONTINUOUS
10
3.7923109055118109
20
-4.3284649212598421
11
3.7927261417322833
21
-4.3284925984251972
0
LINE
8
BLACK
6
CONTINUOUS
10
3.7927261417322833
20
-4.3284925984251972
11
3.7931412992125981
21
-4.3284925984251972
0
LINE
8
BLACK
6
CONTINUOUS
10
3.7931412992125981
20
-4.3284925984251972
11
3.7931709448818896
21
-4.3285222440944882
0
LINE
8
BLACK
6
CONTINUOUS
10
3.7931709448818896
20
-4.3285222440944882
11
3.7932128346456691
21
-4.3285250393700787
0
LINE
8
BLACK
6
CONTINUOUS
10
3.7932128346456691
20
-4.3285250393700787
11
3.7934864960629922
21
-4.3288377952755903
0
LINE
8
BLACK
6
CONTINUOUS
10
3.7934864960629922
20
-4.3288377952755903
11
3.793780472440945
21
-4.3291317716535431
0
LINE
8
BLACK
6
CONTINUOUS
10
3.793780472440945
20
-4.3291317716535431
11
3.7937912598425196
21
-4.3291861023622049
0
LINE
8
BLACK
6
CONTINUOUS
10
3.7937912598425196
20
-4.3291861023622049
11
3.7938081496062992
21
-4.3292053937007875
0
LINE
8
BLACK
6
CONTINUOUS
10
3.7938081496062992
20
-4.3292053937007875
11
3.7938048425196849
21
-4.3292544488188973
0
LINE
8
BLACK
6
CONTINUOUS
10
3.7938048425196849
20
-4.3292544488188973
11
3.7938703937007872
21
-4.3295837795275594
0
LINE
8
BLACK
6
CONTINUOUS
10
3.7938703937007872
20
-4.3295837795275594
11
3.7938703937007872
21
-4.331554645669291
0
LINE
8
BLACK
6
CONTINUOUS
10
3.7938703937007872
20
-4.331554645669291
11
3.7944098818897638
21
-4.3326336220472443
0
LINE
8
BLACK
6
CONTINUOUS
10
3.7944098818897638
20
-4.3326336220472443
11
3.7948887795275588
21
-4.3331125196850389
0
LINE
8
BLACK
6
CONTINUOUS
10
3.7948887795275588
20
-4.3331125196850389
11
3.7959677559055116
21
-4.3336520078740159
0
LINE
8
BLACK
6
CONTINUOUS
10
3.7959677559055116
20
-4.3336520078740159
11
3.7991596456692913
21
-4.3336520078740159
0
LINE
8
BLACK
6
CONTINUOUS
10
3.7991596456692913
20
-4.3336520078740159
11
3.8002386614173229
21
-4.3331124803149601
0
LINE
8
BLACK
6
CONTINUOUS
10
3.8002386614173229
20
-4.3331124803149601
11
3.8007174409448816
21
-4.3326337007874018
0
LINE
8
BLACK
6
CONTINUOUS
10
3.8007174409448816
20
-4.3326337007874018
11
3.801256968503937
21
-4.3315546850393698
0
LINE
8
BLACK
6
CONTINUOUS
10
3.801256968503937
20
-4.3315546850393698
11
3.801256968503937
21
-4.3276128346456693
0
LINE
8
BLACK
6
CONTINUOUS
10
3.801256968503937
20
-4.3276128346456693
11
3.8007174409448816
21
-4.3265338188976381
0
LINE
8
BLACK
6
CONTINUOUS
10
3.8007174409448816
20
-4.3265338188976381
11
3.8001031102362206
21
-4.3259194881889762
0
LINE
8
BLACK
6
CONTINUOUS
10
3.8001031102362206
20
-4.3259194881889762
11
3.7998470866141734
21
-4.3255362992125983
0
LINE
8
BLACK
6
CONTINUOUS
10
3.7998470866141734
20
-4.3255362992125983
11
3.7998470866141734
21
-4.3246323622047242
0
LINE
8
BLACK
6
CONTINUOUS
10
3.7998470866141734
20
-4.3246323622047242
11
3.8004862992125985
21
-4.3239931496062995
0
LINE
8
BLACK
6
CONTINUOUS
10
3.8004862992125985
20
-4.3239931496062995
11
3.8013902362204726
21
-4.3239931496062995
0
LINE
8
BLACK
6
CONTINUOUS
10
3.8013902362204726
20
-4.3239931496062995
11
3.8017734251968505
21
-4.3242491732283463
0
LINE
8
BLACK
6
CONTINUOUS
10
3.8017734251968505
20
-4.3242491732283463
11
3.802523346456693
21
-4.3249990944881889
0
LINE
8
BLACK
6
CONTINUOUS
10
3.802523346456693
20
-4.3249990944881889
11
3.8026284645669293
21
-4.3251564173228347
0
LINE
8
BLACK
6
CONTINUOUS
10
3.8026284645669293
20
-4.3251564173228347
11
3.8027446062992123
21
-4.3253060629921256
0
LINE
8
BLACK
6
CONTINUOUS
10
3.8027446062992123
20
-4.3253060629921256
11
3.8034944881889765
21
-4.3268058661417319
0
LINE
8
BLACK
6
CONTINUOUS
10
3.8034944881889765
20
-4.3268058661417319
11
3.8035100787401572
21
-4.326862874015748
0
LINE
8
BLACK
6
CONTINUOUS
10
3.8035100787401572
20
-4.326862874015748
11
3.803529251968504
21
-4.3268820472440943
0
LINE
8
BLACK
6
CONTINUOUS
10
3.803529251968504
20
-4.3268820472440943
11
3.803566181102362
21
-4.3270678346456695
0
LINE
8
BLACK
6
CONTINUOUS
10
3.803566181102362
20
-4.3270678346456695
11
3.8036161811023623
21
-4.3272503543307081
0
LINE
8
BLACK
6
CONTINUOUS
10
3.8036161811023623
20
-4.3272503543307081
11
3.8036075984251969
21
-4.3272759842519681
0
LINE
8
BLACK
6
CONTINUOUS
10
3.8036075984251969
20
-4.3272759842519681
11
3.8036191732283462
21
-4.3273340551181105
0
LINE
8
BLACK
6
CONTINUOUS
10
3.8036191732283462
20
-4.3273340551181105
11
3.8036191732283462
21
-4.3318335039370082
0
LINE
8
BLACK
6
CONTINUOUS
10
3.8036191732283462
20
-4.3318335039370082
11
3.8036075984251969
21
-4.3318915354330709
0
LINE
8
BLACK
6
CONTINUOUS
10
3.8036075984251969
20
-4.3318915354330709
11
3.8036161811023623
21
-4.3319172047244097
0
LINE
8
BLACK
6
CONTINUOUS
10
3.8036161811023623
20
-4.3319172047244097
11
3.803566181102362
21
-4.3320996850393696
0
LINE
8
BLACK
6
CONTINUOUS
10
3.803566181102362
20
-4.3320996850393696
11
3.803529251968504
21
-4.3322855118110235
0
LINE
8
BLACK
6
CONTINUOUS
10
3.803529251968504
20
-4.3322855118110235
11
3.8035100787401572
21
-4.3323046456692911
0
LINE
8
BLACK
6
CONTINUOUS
10
3.8035100787401572
20
-4.3323046456692911
11
3.8034944881889765
21
-4.3323616929133859
0
LINE
8
BLACK
6
CONTINUOUS
10
3.8034944881889765
20
-4.3323616929133859
11
3.8027446062992123
21
-4.3338614960629922
0
LINE
8
BLACK
6
CONTINUOUS
10
3.8027446062992123
20
-4.3338614960629922
11
3.8026284645669293
21
-4.3340111023622043
0
LINE
8
BLACK
6
CONTINUOUS
10
3.8026284645669293
20
-4.3340111023622043
11
3.802523346456693
21
-4.3341684645669289
0
LINE
8
BLACK
6
CONTINUOUS
10
3.802523346456693
20
-4.3341684645669289
11
3.8017734251968505
21
-4.3349183858267715
0
LINE
8
BLACK
6
CONTINUOUS
10
3.8017734251968505
20
-4.3349183858267715
11
3.8016160629921258
21
-4.3350234645669294
0
LINE
8
BLACK
6
CONTINUOUS
10
3.8016160629921258
20
-4.3350234645669294
11
3.8014664566929133
21
-4.3351396456692912
0
LINE
8
BLACK
6
CONTINUOUS
10
3.8014664566929133
20
-4.3351396456692912
11
3.799966653543307
21
-4.335889527559055
0
LINE
8
BLACK
6
CONTINUOUS
10
3.799966653543307
20
-4.335889527559055
11
3.7999096062992126
21
-4.3359051181102357
0
LINE
8
BLACK
6
CONTINUOUS
10
3.7999096062992126
20
-4.3359051181102357
11
3.7998904724409446
21
-4.3359242913385829
0
LINE
8
BLACK
6
CONTINUOUS
10
3.7998904724409446
20
-4.3359242913385829
11
3.7997046456692911
21
-4.3359612204724405
0
LINE
8
BLACK
6
CONTINUOUS
10
3.7997046456692911
20
-4.3359612204724405
11
3.7995221653543307
21
-4.3360112204724413
0
LINE
8
BLACK
6
CONTINUOUS
10
3.7995221653543307
20
-4.3360112204724413
11
3.799496496062992
21
-4.3360026377952758
0
LINE
8
BLACK
6
CONTINUOUS
10
3.799496496062992
20
-4.3360026377952758
11
3.7994384645669292
21
-4.3360142125984247
0
LINE
8
BLACK
6
CONTINUOUS
10
3.7994384645669292
20
-4.3360142125984247
11
3.7956889370078741
21
-4.3360142125984247
0
LINE
8
BLACK
6
CONTINUOUS
10
3.7956889370078741
20
-4.3360142125984247
11
3.7956308661417322
21
-4.3360026377952758
0
LINE
8
BLACK
6
CONTINUOUS
10
3.7956308661417322
20
-4.3360026377952758
11
3.7956052362204722
21
-4.3360112204724413
0
LINE
8
BLACK
6
CONTINUOUS
10
3.7956052362204722
20
-4.3360112204724413
11
3.7954227165354331
21
-4.3359612204724405
0
LINE
8
BLACK
6
CONTINUOUS
10
3.7954227165354331
20
-4.3359612204724405
11
3.7952369291338584
21
-4.3359242913385829
0
LINE
8
BLACK
6
CONTINUOUS
10
3.7952369291338584
20
-4.3359242913385829
11
3.7952177559055116
21
-4.3359051181102357
0
LINE
8
BLACK
6
CONTINUOUS
10
3.7952177559055116
20
-4.3359051181102357
11
3.7951607480314959
21
-4.335889527559055
0
LINE
8
BLACK
6
CONTINUOUS
10
3.7951607480314959
20
-4.335889527559055
11
3.7936609055118109
21
-4.3351396456692912
0
LINE
8
BLACK
6
CONTINUOUS
10
3.7936609055118109
20
-4.3351396456692912
11
3.7935112598425196
21
-4.3350235039370082
0
LINE
8
BLACK
6
CONTINUOUS
10
3.7935112598425196
20
-4.3350235039370082
11
3.7933538976377954
21
-4.3349183464566927
0
LINE
8
BLACK
6
CONTINUOUS
10
3.7933538976377954
20
-4.3349183464566927
11
3.7926040157480316
21
-4.3341684645669289
0
LINE
8
BLACK
6
CONTINUOUS
10
3.7926040157480316
20
-4.3341684645669289
11
3.7924988188976378
21
-4.3340109842519681
0
LINE
8
BLACK
6
CONTINUOUS
10
3.7924988188976378
20
-4.3340109842519681
11
3.7923827952755906
21
-4.333861535433071
0
LINE
8
BLACK
6
CONTINUOUS
10
3.7923827952755906
20
-4.333861535433071
11
3.7916328740157481
21
-4.3323617322834647
0
LINE
8
BLACK
6
CONTINUOUS
10
3.7916328740157481
20
-4.3323617322834647
11
3.7916172440944882
21
-4.3323046456692911
0
LINE
8
BLACK
6
CONTINUOUS
10
3.7916172440944882
20
-4.3323046456692911
11
3.7915981102362202
21
-4.3322855118110235
0
LINE
8
BLACK
6
CONTINUOUS
10
3.7915981102362202
20
-4.3322855118110235
11
3.7915679921259842
21
-4.3321342519685038
0
LINE
8
BLACK
6
CONTINUOUS
10
3.7915679921259842
20
-4.3321342519685038
11
3.7874677952755906
21
-4.335721968503937
0
LINE
8
BLACK
6
CONTINUOUS
10
3.7874677952755906
20
-4.335721968503937
11
3.7871767322834646
21
-4.3358895669291337
0
LINE
8
BLACK
6
CONTINUOUS
10
3.7871767322834646
20
-4.3358895669291337
11
3.7871420472440942
21
-4.3359242913385829
0
LINE
8
BLACK
6
CONTINUOUS
10
3.7871420472440942
20
-4.3359242913385829
11
3.7871164960629922
21
-4.3359242913385829
0
LINE
8
BLACK
6
CONTINUOUS
10
3.7871164960629922
20
-4.3359242913385829
11
3.7870684251968503
21
-4.3359519685039372
0
LINE
8
BLACK
6
CONTINUOUS
10
3.7870684251968503
20
-4.3359519685039372
11
3.7866534645669292
21
-4.3359242913385829
0
LINE
8
BLACK
6
CONTINUOUS
10
3.7866534645669292
20
-4.3359242913385829
11
3.7862380314960631
21
-4.3359242913385829
0
LINE
8
BLACK
6
CONTINUOUS
10
3.7862380314960631
20
-4.3359242913385829
11
3.7862083070866142
21
-4.3358945669291336
0
LINE
8
BLACK
6
CONTINUOUS
10
3.7862083070866142
20
-4.3358945669291336
11
3.7861664960629922
21
-4.3358918110236218
0
LINE
8
BLACK
6
CONTINUOUS
10
3.7861664960629922
20
-4.3358918110236218
11
3.7858929527559053
21
-4.3355792125984252
0
LINE
8
BLACK
6
CONTINUOUS
10
3.7858929527559053
20
-4.3355792125984252
11
3.7855988582677162
21
-4.3352851181102361
0
LINE
8
BLACK
6
CONTINUOUS
10
3.7855988582677162
20
-4.3352851181102361
11
3.7855880314960628
21
-4.3352307480314956
0
LINE
8
BLACK
6
CONTINUOUS
10
3.7855880314960628
20
-4.3352307480314956
11
3.785571181102362
21
-4.3352114960629917
0
LINE
8
BLACK
6
CONTINUOUS
10
3.785571181102362
20
-4.3352114960629917
11
3.7855744488188976
21
-4.3351624015748031
0
LINE
8
BLACK
6
CONTINUOUS
10
3.7855744488188976
20
-4.3351624015748031
11
3.7855089370078741
21
-4.3348331102362208
0
LINE
8
BLACK
6
CONTINUOUS
10
3.7855089370078741
20
-4.3348331102362208
11
3.7855089370078741
21
-4.3250843307086617
0
LINE
8
BLACK
6
CONTINUOUS
10
3.7855089370078741
20
-4.3250843307086617
11
3.7855988582677162
21
-4.3246323228346455
0
LINE
8
BLACK
6
CONTINUOUS
10
3.7855988582677162
20
-4.3246323228346455
11
3.7862380314960631
21
-4.3239931496062995
0
LINE
8
BLACK
6
CONTINUOUS
10
3.7862380314960631
20
-4.3239931496062995
11
3.7871420472440942
21
-4.3239931496062995
0
LINE
8
BLACK
6
CONTINUOUS
10
3.7871420472440942
20
-4.3239931496062995
11
3.787781220472441
21
-4.3246323228346455
0
LINE
8
BLACK
6
CONTINUOUS
10
3.787781220472441
20
-4.3096342125984251
11
3.7878711417322832
21
-4.3100862204724413
0
LINE
8
BLACK
6
CONTINUOUS
10
3.7878711417322832
20
-4.3100862204724413
11
3.7878711417322832
21
-4.3172321259842521
0
LINE
8
BLACK
6
CONTINUOUS
10
3.7878711417322832
20
-4.3172321259842521
11
3.7919115354330706
21
-4.3136968110236218
0
LINE
8
BLACK
6
CONTINUOUS
10
3.7919115354330706
20
-4.3136968110236218
11
3.7922025590551178
21
-4.3135291732283463
0
LINE
8
BLACK
6
CONTINUOUS
10
3.7922025590551178
20
-4.3135291732283463
11
3.792237283464567
21
-4.3134944881889759
0
LINE
8
BLACK
6
CONTINUOUS
10
3.792237283464567
20
-4.3134944881889759
11
3.792262834645669
21
-4.3134944881889759
0
LINE
8
BLACK
6
CONTINUOUS
10
3.792262834645669
20
-4.3134944881889759
11
3.7923109055118109
21
-4.3134668110236216
0
LINE
8
BLACK
6
CONTINUOUS
10
3.7923109055118109
20
-4.3134668110236216
11
3.7927261417322833
21
-4.3134944881889759
0
LINE
8
BLACK
6
CONTINUOUS
10
3.7927261417322833
20
-4.3134944881889759
11
3.7931412992125981
21
-4.3134944881889759
0
LINE
8
BLACK
6
CONTINUOUS
10
3.7931412992125981
20
-4.3134944881889759
11
3.7931709448818896
21
-4.3135241338582677
0
LINE
8
BLACK
6
CONTINUOUS
10
3.7931709448818896
20
-4.3135241338582677
11
3.7932128346456691
21
-4.3135269291338583
0
LINE
8
BLACK
6
CONTINUOUS
10
3.7932128346456691
20
-4.3135269291338583
11
3.7934864960629922
21
-4.3138396850393699
0
LINE
8
BLACK
6
CONTINUOUS
10
3.7934864960629922
20
-4.3138396850393699
11
3.793780472440945
21
-4.3141336614173227
0
LINE
8
BLACK
6
CONTINUOUS
10
3.793780472440945
20
-4.3141336614173227
11
3.7937912598425196
21
-4.3141879921259845
0
LINE
8
BLACK
6
CONTINUOUS
10
3.7937912598425196
20
-4.3141879921259845
11
3.7938081496062992
21
-4.3142072834645671
0
LINE
8
BLACK
6
CONTINUOUS
10
3.7938081496062992
20
-4.3142072834645671
11
3.7938048425196849
21
-4.3142563385826769
0
LINE
8
BLACK
6
CONTINUOUS
10
3.7938048425196849
20
-4.3142563385826769
11
3.7938703937007872
21
-4.3145856692913389
0
LINE
8
BLACK
6
CONTINUOUS
10
3.7938703937007872
20
-4.3145856692913389
11
3.7938703937007872
21
-4.3165565354330706
0
LINE
8
BLACK
6
CONTINUOUS
10
3.7938703937007872
20
-4.3165565354330706
11
3.7944098818897638
21
-4.3176355118110239
0
LINE
8
BLACK
6
CONTINUOUS
10
3.7944098818897638
20
-4.3176355118110239
11
3.7948887795275588
21
-4.3181144094488184
0
LINE
8
BLACK
6
CONTINUOUS
10
3.7948887795275588
20
-4.3181144094488184
11
3.7959677559055116
21
-4.3186538976377955
0
LINE
8
BLACK
6
CONTINUOUS
10
3.7959677559055116
20
-4.3186538976377955
11
3.7991596456692913
21
-4.3186538976377955
0
LINE
8
BLACK
6
CONTINUOUS
10
3.7991596456692913
20
-4.3186538976377955
11
3.8002386614173229
21
-4.3181143700787397
0
LINE
8
BLACK
6
CONTINUOUS
10
3.8002386614173229
20
-4.3181143700787397
11
3.8007174409448816
21
-4.3176355905511814
0
LINE
8
BLACK
6
CONTINUOUS
10
3.8007174409448816
20
-4.3176355905511814
11
3.801256968503937
21
-4.3165565748031494
0
LINE
8
BLACK
6
CONTINUOUS
10
3.801256968503937
20
-4.3165565748031494
11
3.801256968503937
21
-4.3126147244094488
0
LINE
8
BLACK
6
CONTINUOUS
10
3.801256968503937
20
-4.3126147244094488
11
3.8007174409448816
21
-4.3115357086614177
0
LINE
8
BLACK
6
CONTINUOUS
10
3.8007174409448816
20
-4.3115357086614177
11
3.8001031102362206
21
-4.3109213779527558
0
LINE
8
BLACK
6
CONTINUOUS
10
3.8001031102362206
20
-4.3109213779527558
11
3.7998470866141734
21
-4.3105381889763779
0
LINE
8
BLACK
6
CONTINUOUS
10
3.7998470866141734
20
-4.3105381889763779
11
3.7998470866141734
21
-4.3096342519685038
0
LINE
8
BLACK
6
CONTINUOUS
10
3.7998470866141734
20
-4.3096342519685038
11
3.8004862992125985
21
-4.3089950393700782
0
LINE
8
BLACK
6
CONTINUOUS
10
3.8004862992125985
20
-4.3089950393700782
11
3.8013902362204726
21
-4.3089950393700782
0
LINE
8
BLACK
6
CONTINUOUS
10
3.8013902362204726
20
-4.3089950393700782
11
3.8017734251968505
21
-4.3092510629921259
0
LINE
8
BLACK
6
CONTINUOUS
10
3.8017734251968505
20
-4.3092510629921259
11
3.802523346456693
21
-4.3100009842519684
0
LINE
8
BLACK
6
CONTINUOUS
10
3.802523346456693
20
-4.3100009842519684
11
3.8026284645669293
21
-4.3101583070866143
0
LINE
8
BLACK
6
CONTINUOUS
10
3.8026284645669293
20
-4.3101583070866143
11
3.8027446062992123
21
-4.3103079527559052
0
LINE
8
BLACK
6
CONTINUOUS
10
3.8027446062992123
20
-4.3103079527559052
11
3.8034944881889765
21
-4.3118077559055115
0
LINE
8
BLACK
6
CONTINUOUS
10
3.8034944881889765
20
-4.3118077559055115
11
3.8035100787401572
21
-4.3118647637795275
0
LINE
8
BLACK
6
CONTINUOUS
10
3.8035100787401572
20
-4.3118647637795275
11
3.803529251968504
21
-4.3118839370078739
0
LINE
8
BLACK
6
CONTINUOUS
10
3.803529251968504
20
-4.3118839370078739
11
3.803566181102362
21
-4.312069724409449
0
LINE
8
BLACK
6
CONTINUOUS
10
3.803566181102362
20
-4.312069724409449
11
3.8036161811023623
21
-4.3122522440944877
0
LINE
8
BLACK
6
CONTINUOUS
10
3.8036161811023623
20
-4.3122522440944877
11
3.8036075984251969
21
-4.3122778740157477
0
LINE
8
BLACK
6
CONTINUOUS
10
3.8036075984251969
20
-4.3122778740157477
11
3.8036191732283462
21
-4.3123359448818901
0
LINE
8
BLACK
6
CONTINUOUS
10
3.8036191732283462
20
-4.3123359448818901
11
3.8036191732283462
21
-4.3168353937007877
0
LINE
8
BLACK
6
CONTINUOUS
10
3.8036191732283462
20
-4.3168353937007877
11
3.8036075984251969
21
-4.3168934251968505
0
LINE
8
BLACK
6
CONTINUOUS
10
3.8036075984251969
20
-4.3168934251968505
11
3.8036161811023623
21
-4.3169190944881892
0
LINE
8
BLACK
6
CONTINUOUS
10
3.8036161811023623
20
-4.3169190944881892
11
3.803566181102362
21
-4.3171015748031492
0
LINE
8
BLACK
6
CONTINUOUS
10
3.803566181102362
20
-4.3171015748031492
11
3.803529251968504
21
-4.3172874015748031
0
LINE
8
BLACK
6
CONTINUOUS
10
3.803529251968504
20
-4.3172874015748031
11
3.8035100787401572
21
-4.3173065354330706
0
LINE
8
BLACK
6
CONTINUOUS
10
3.8035100787401572
20
-4.3173065354330706
11
3.8034944881889765
21
-4.3173635826771655
0
LINE
8
BLACK
6
CONTINUOUS
10
3.8034944881889765
20
-4.3173635826771655
11
3.8027446062992123
21
-4.3188633858267718
0
LINE
8
BLACK
6
CONTINUOUS
10
3.8027446062992123
20
-4.3188633858267718
11
3.8026284645669293
21
-4.3190129921259839
0
LINE
8
BLACK
6
CONTINUOUS
10
3.8026284645669293
20
-4.3190129921259839
11
3.802523346456693
21
-4.3191703543307085
0
LINE
8
BLACK
6
CONTINUOUS
10
3.802523346456693
20
-4.3191703543307085
11
3.8017734251968505
21
-4.319920275590551
0
LINE
8
BLACK
6
CONTINUOUS
10
3.8017734251968505
20
-4.319920275590551
11
3.8016160629921258
21
-4.320025354330709
0
LINE
8
BLACK
6
CONTINUOUS
10
3.8016160629921258
20
-4.320025354330709
11
3.8014664566929133
21
-4.3201415354330708
0
LINE
8
BLACK
6
CONTINUOUS
10
3.8014664566929133
20
-4.3201415354330708
11
3.799966653543307
21
-4.3208914173228345
0
LINE
8
BLACK
6
CONTINUOUS
10
3.799966653543307
20
-4.3208914173228345
11
3.7999096062992126
21
-4.3209070078740153
0
LINE
8
BLACK
6
CONTINUOUS
10
3.7999096062992126
20
-4.3209070078740153
11
3.7998904724409446
21
-4.3209261811023625
0
LINE
8
BLACK
6
CONTINUOUS
10
3.7998904724409446
20
-4.3209261811023625
11
3.7997046456692911
21
-4.32096311023622
0
LINE
8
BLACK
6
CONTINUOUS
10
3.7997046456692911
20
-4.32096311023622
11
3.7995221653543307
21
-4.3210131102362208
0
LINE
8
BLACK
6
CONTINUOUS
10
3.7995221653543307
20
-4.3210131102362208
11
3.799496496062992
21
-4.3210045275590554
0
LINE
8
BLACK
6
CONTINUOUS
10
3.799496496062992
20
-4.3210045275590554
11
3.7994384645669292
21
-4.3210161023622042
0
LINE
8
BLACK
6
CONTINUOUS
10
3.7994384645669292
20
-4.3210161023622042
11
3.7956889370078741
21
-4.3210161023622042
0
LINE
8
BLACK
6
CONTINUOUS
10
3.7956889370078741
20
-4.3210161023622042
11
3.7956308661417322
21
-4.3210045275590554
0
LINE
8
BLACK
6
CONTINUOUS
10
3.7956308661417322
20
-4.3210045275590554
11
3.7956052362204722
21
-4.3210131102362208
0
LINE
8
BLACK
6
CONTINUOUS
10
3.7956052362204722
20
-4.3210131102362208
11
3.7954227165354331
21
-4.32096311023622
0
LINE
8
BLACK
6
CONTINUOUS
10
3.7954227165354331
20
-4.32096311023622
11
3.7952369291338584
21
-4.3209261811023625
0
LINE
8
BLACK
6
CONTINUOUS
10
3.7952369291338584
20
-4.3209261811023625
11
3.7952177559055116
21
-4.3209070078740153
0
LINE
8
BLACK
6
CONTINUOUS
10
3.7952177559055116
20
-4.3209070078740153
11
3.7951607480314959
21
-4.3208914173228345
0
LINE
8
BLACK
6
CONTINUOUS
10
3.7951607480314959
20
-4.3208914173228345
11
3.7936609055118109
21
-4.3201415354330708
0
LINE
8
BLACK
6
CONTINUOUS
10
3.7936609055118109
20
-4.3201415354330708
11
3.7935112598425196
21
-4.3200253937007869
0
LINE
8
BLACK
6
CONTINUOUS
10
3.7935112598425196
20
-4.3200253937007869
11
3.7933538976377954
21
-4.3199202362204723
0
LINE
8
BLACK
6
CONTINUOUS
10
3.7933538976377954
20
-4.3199202362204723
11
3.7926040157480316
21
-4.3191703543307085
0
LINE
8
BLACK
6
CONTINUOUS
10
3.7926040157480316
20
-4.3191703543307085
11
3.7924988188976378
21
-4.3190128740157476
0
LINE
8
BLACK
6
CONTINUOUS
10
3.7924988188976378
20
-4.3190128740157476
11
3.7923827952755906
21
-4.3188634251968505
0
LINE
8
BLACK
6
CONTINUOUS
10
3.7923827952755906
20
-4.3188634251968505
11
3.7916328740157481
21
-4.3173636220472442
0
LINE
8
BLACK
6
CONTINUOUS
10
3.7916328740157481
20
-4.3173636220472442
11
3.7916172440944882
21
-4.3173065354330706
0
LINE
8
BLACK
6
CONTINUOUS
10
3.7916172440944882
20
-4.3173065354330706
11
3.7915981102362202
21
-4.3172874015748031
0
LINE
8
BLACK
6
CONTINUOUS
10
3.7915981102362202
20
-4.3172874015748031
11
3.7915679921259842
21
-4.3171361417322833
0
LINE
8
BLACK
6
CONTINUOUS
10
3.7915679921259842
20
-4.3171361417322833
11
3.7874677952755906
21
-4.3207238582677165
0
LINE
8
BLACK
6
CONTINUOUS
10
3.7874677952755906
20
-4.3207238582677165
11
3.7871767322834646
21
-4.3208914566929133
0
LINE
8
BLACK
6
CONTINUOUS
10
3.7871767322834646
20
-4.3208914566929133
11
3.7871420472440942
21
-4.3209261811023625
0
LINE
8
BLACK
6
CONTINUOUS
10
3.7871420472440942
20
-4.3209261811023625
11
3.7871164960629922
21
-4.3209261811023625
0
LINE
8
BLACK
6
CONTINUOUS
10
3.7871164960629922
20
-4.3209261811023625
11
3.7870684251968503
21
-4.3209538582677167
0
LINE
8
BLACK
6
CONTINUOUS
10
3.7870684251968503
20
-4.3209538582677167
11
3.7866534645669292
21
-4.3209261811023625
0
LINE
8
BLACK
6
CONTINUOUS
10
3.7866534645669292
20
-4.3209261811023625
11
3.7862380314960631
21
-4.3209261811023625
0
LINE
8
BLACK
6
CONTINUOUS
10
3.7862380314960631
20
-4.3209261811023625
11
3.7862083070866142
21
-4.3208964566929131
0
LINE
8
BLACK
6
CONTINUOUS
10
3.7862083070866142
20
-4.3208964566929131
11
3.7861664960629922
21
-4.3208937007874013
0
LINE
8
BLACK
6
CONTINUOUS
10
3.7861664960629922
20
-4.3208937007874013
11
3.7858929527559053
21
-4.3205811023622047
0
LINE
8
BLACK
6
CONTINUOUS
10
3.7858929527559053
20
-4.3205811023622047
11
3.7855988582677162
21
-4.3202870078740157
0
LINE
8
BLACK
6
CONTINUOUS
10
3.7855988582677162
20
-4.3202870078740157
11
3.7855880314960628
21
-4.3202326377952751
0
LINE
8
BLACK
6
CONTINUOUS
10
3.7855880314960628
20
-4.3202326377952751
11
3.785571181102362
21
-4.3202133858267713
0
LINE
8
BLACK
6
CONTINUOUS
10
3.785571181102362
20
-4.3202133858267713
11
3.7855744488188976
21
-4.3201642913385827
0
LINE
8
BLACK
6
CONTINUOUS
10
3.7855744488188976
20
-4.3201642913385827
11
3.7855089370078741
21
-4.3198350000000003
0
LINE
8
BLACK
6
CONTINUOUS
10
3.7855089370078741
20
-4.3198350000000003
11
3.7855089370078741
21
-4.3100862204724413
0
LINE
8
BLACK
6
CONTINUOUS
10
3.7855089370078741
20
-4.3100862204724413
11
3.7855988582677162
21
-4.3096342125984251
0
LINE
8
BLACK
6
CONTINUOUS
10
3.7855988582677162
20
-4.3096342125984251
11
3.7862380314960631
21
-4.3089950393700782
0
LINE
8
BLACK
6
CONTINUOUS
10
3.7862380314960631
20
-4.3089950393700782
11
3.7871420472440942
21
-4.3089950393700782
0
LINE
8
BLACK
6
CONTINUOUS
10
3.7871420472440942
20
-4.3089950393700782
11
3.787781220472441
21
-4.3096342125984251
0
LINE
8
BLACK
6
CONTINUOUS
10
3.7958309055118109
20
-4.2939352362204719
11
3.7959753937007874
21
-4.2939422834645669
0
LINE
8
BLACK
6
CONTINUOUS
10
3.7959753937007874
20
-4.2939422834645669
11
3.798975
21
-4.2946922047244094
0
LINE
8
BLACK
6
CONTINUOUS
10
3.798975
20
-4.2946922047244094
11
3.7990919291338581
21
-4.2947474409448816
0
LINE
8
BLACK
6
CONTINUOUS
10
3.7990919291338581
20
-4.2947474409448816
11
3.7992167322834645
21
-4.2947816141732282
0
LINE
8
BLACK
6
CONTINUOUS
10
3.7992167322834645
20
-4.2947816141732282
11
3.8007165354330708
21
-4.295531496062992
0
LINE
8
BLACK
6
CONTINUOUS
10
3.8007165354330708
20
-4.295531496062992
11
3.8008660236220471
21
-4.2956475196850397
0
LINE
8
BLACK
6
CONTINUOUS
10
3.8008660236220471
20
-4.2956475196850397
11
3.8010235039370079
21
-4.2957527559055118
0
LINE
8
BLACK
6
CONTINUOUS
10
3.8010235039370079
20
-4.2957527559055118
11
3.802523346456693
21
-4.2972525196850393
0
LINE
8
BLACK
6
CONTINUOUS
10
3.802523346456693
20
-4.2972525196850393
11
3.8025562204724408
21
-4.2973017322834641
0
LINE
8
BLACK
6
CONTINUOUS
10
3.8025562204724408
20
-4.2973017322834641
11
3.8025804330708661
21
-4.2973138582677164
0
LINE
8
BLACK
6
CONTINUOUS
10
3.8025804330708661
20
-4.2973138582677164
11
3.8026742125984252
21
-4.2974783464566926
0
LINE
8
BLACK
6
CONTINUOUS
10
3.8026742125984252
20
-4.2974783464566926
11
3.8027793700787402
21
-4.297635748031496
0
LINE
8
BLACK
6
CONTINUOUS
10
3.8027793700787402
20
-4.297635748031496
11
3.8027793700787402
21
-4.2976627559055114
0
LINE
8
BLACK
6
CONTINUOUS
10
3.8027793700787402
20
-4.2976627559055114
11
3.8028087007874016
21
-4.2977142125984251
0
LINE
8
BLACK
6
CONTINUOUS
10
3.8028087007874016
20
-4.2977142125984251
11
3.8035585826771654
21
-4.2999639763779527
0
LINE
8
BLACK
6
CONTINUOUS
10
3.8035585826771654
20
-4.2999639763779527
11
3.8035822047244094
21
-4.3001517716535433
0
LINE
8
BLACK
6
CONTINUOUS
10
3.8035822047244094
20
-4.3001517716535433
11
3.8036191732283462
21
-4.3003374409448814
0
LINE
8
BLACK
6
CONTINUOUS
10
3.8036191732283462
20
-4.3003374409448814
11
3.8036191732283462
21
-4.3018372834645664
0
LINE
8
BLACK
6
CONTINUOUS
10
3.8036191732283462
20
-4.3018372834645664
11
3.8035822440944882
21
-4.3020228740157478
0
LINE
8
BLACK
6
CONTINUOUS
10
3.8035822440944882
20
-4.3020228740157478
11
3.8035585826771654
21
-4.3022107874015747
0
LINE
8
BLACK
6
CONTINUOUS
10
3.8035585826771654
20
-4.3022107874015747
11
3.8028087007874016
21
-4.3044604724409448
0
LINE
8
BLACK
6
CONTINUOUS
10
3.8028087007874016
20
-4.3044604724409448
11
3.802779409448819
21
-4.3045118110236222
0
LINE
8
BLACK
6
CONTINUOUS
10
3.802779409448819
20
-4.3045118110236222
11
3.802779409448819
21
-4.3045389370078739
0
LINE
8
BLACK
6
CONTINUOUS
10
3.802779409448819
20
-4.3045389370078739
11
3.8026741338582677
21
-4.3046964173228348
0
LINE
8
BLACK
6
CONTINUOUS
10
3.8026741338582677
20
-4.3046964173228348
11
3.8025804330708661
21
-4.3048608267716535
0
LINE
8
BLACK
6
CONTINUOUS
10
3.8025804330708661
20
-4.3048608267716535
11
3.802556181102362
21
-4.304872913385827
0
LINE
8
BLACK
6
CONTINUOUS
10
3.802556181102362
20
-4.304872913385827
11
3.802523346456693
21
-4.3049221259842518
0
LINE
8
BLACK
6
CONTINUOUS
10
3.802523346456693
20
-4.3049221259842518
11
3.8017734251968505
21
-4.3056720472440944
0
LINE
8
BLACK
6
CONTINUOUS
10
3.8017734251968505
20
-4.3056720472440944
11
3.8013902362204726
21
-4.305928070866142
0
LINE
8
BLACK
6
CONTINUOUS
10
3.8013902362204726
20
-4.305928070866142
11
3.8004862992125985
21
-4.305928070866142
0
LINE
8
BLACK
6
CONTINUOUS
10
3.8004862992125985
20
-4.305928070866142
11
3.7998470866141734
21
-4.3052888582677165
0
LINE
8
BLACK
6
CONTINUOUS
10
3.7998470866141734
20
-4.3052888582677165
11
3.7998470866141734
21
-4.3043849212598424
0
LINE
8
BLACK
6
CONTINUOUS
10
3.7998470866141734
20
-4.3043849212598424
11
3.8001031102362206
21
-4.3040017322834645
0
LINE
8
BLACK
6
CONTINUOUS
10
3.8001031102362206
20
-4.3040017322834645
11
3.8006557874015745
21
-4.303449015748031
0
LINE
8
BLACK
6
CONTINUOUS
10
3.8006557874015745
20
-4.303449015748031
11
3.801256968503937
21
-4.3016455511811023
0
LINE
8
BLACK
6
CONTINUOUS
10
3.801256968503937
20
-4.3016455511811023
11
3.801256968503937
21
-4.3005291338582676
0
LINE
8
BLACK
6
CONTINUOUS
10
3.801256968503937
20
-4.3005291338582676
11
3.8006557874015745
21
-4.2987256692913389
0
LINE
8
BLACK
6
CONTINUOUS
10
3.8006557874015745
20
-4.2987256692913389
11
3.7994887401574804
21
-4.2975586220472444
0
LINE
8
BLACK
6
CONTINUOUS
10
3.7994887401574804
20
-4.2975586220472444
11
3.7982762598425195
21
-4.2969523622047241
0
LINE
8
BLACK
6
CONTINUOUS
10
3.7982762598425195
20
-4.2969523622047241
11
3.7955435826771651
21
-4.2962692125984248
0
LINE
8
BLACK
6
CONTINUOUS
10
3.7955435826771651
20
-4.2962692125984248
11
3.7935845669291339
21
-4.2962692125984248
0
LINE
8
BLACK
6
CONTINUOUS
10
3.7935845669291339
20
-4.2962692125984248
11
3.790851811023622
21
-4.2969524015748028
0
LINE
8
BLACK
6
CONTINUOUS
10
3.790851811023622
20
-4.2969524015748028
11
3.7896394094488186
21
-4.2975585826771656
0
LINE
8
BLACK
6
CONTINUOUS
10
3.7896394094488186
20
-4.2975585826771656
11
3.7884722440944882
21
-4.2987257086614168
0
LINE
8
BLACK
6
CONTINUOUS
10
3.7884722440944882
20
-4.2987257086614168
11
3.7878711417322832
21
-4.3005290551181101
0
LINE
8
BLACK
6
CONTINUOUS
10
3.7878711417322832
20
-4.3005290551181101
11
3.7878711417322832
21
-4.3016456299212598
0
LINE
8
BLACK
6
CONTINUOUS
10
3.7878711417322832
20
-4.3016456299212598
11
3.7884722440944882
21
-4.3034488976377956
0
LINE
8
BLACK
6
CONTINUOUS
10
3.7884722440944882
20
-4.3034488976377956
11
3.7890250393700788
21
-4.3040017322834645
0
LINE
8
BLACK
6
CONTINUOUS
10
3.7890250393700788
20
-4.3040017322834645
11
3.7892810629921261
21
-4.3043849606299212
0
LINE
8
BLACK
6
CONTINUOUS
10
3.7892810629921261
20
-4.3043849606299212
11
3.7892810236220473
21
-4.3052888582677165
0
LINE
8
BLACK
6
CONTINUOUS
10
3.7892810236220473
20
-4.3052888582677165
11
3.7886417716535434
21
-4.3059281102362208
0
LINE
8
BLACK
6
CONTINUOUS
10
3.7886417716535434
20
-4.3059281102362208
11
3.7877378346456694
21
-4.305928070866142
0
LINE
8
BLACK
6
CONTINUOUS
10
3.7877378346456694
20
-4.305928070866142
11
3.787354645669291
21
-4.3056720078740156
0
LINE
8
BLACK
6
CONTINUOUS
10
3.787354645669291
20
-4.3056720078740156
11
3.7866047637795273
21
-4.3049221259842518
0
LINE
8
BLACK
6
CONTINUOUS
10
3.7866047637795273
20
-4.3049221259842518
11
3.7865718503937007
21
-4.3048728740157483
0
LINE
8
BLACK
6
CONTINUOUS
10
3.7865718503937007
20
-4.3048728740157483
11
3.7865477165354329
21
-4.3048608267716535
0
LINE
8
BLACK
6
CONTINUOUS
10
3.7865477165354329
20
-4.3048608267716535
11
3.7864540944881888
21
-4.3046965748031498
0
LINE
8
BLACK
6
CONTINUOUS
10
3.7864540944881888
20
-4.3046965748031498
11
3.78634874015748
21
-4.3045388976377952
0
LINE
8
BLACK
6
CONTINUOUS
10
3.78634874015748
20
-4.3045388976377952
11
3.78634874015748
21
-4.3045117716535435
0
LINE
8
BLACK
6
CONTINUOUS
10
3.78634874015748
20
-4.3045117716535435
11
3.7863194881889761
21
-4.3044604724409448
0
LINE
8
BLACK
6
CONTINUOUS
10
3.7863194881889761
20
-4.3044604724409448
11
3.7855695669291336
21
-4.3022107874015747
0
LINE
8
BLACK
6
CONTINUOUS
10
3.7855695669291336
20
-4.3022107874015747
11
3.7855459055118108
21
-4.3020231496062991
0
LINE
8
BLACK
6
CONTINUOUS
10
3.7855459055118108
20
-4.3020231496062991
11
3.7855089370078741
21
-4.3018372834645664
0
LINE
8
BLACK
6
CONTINUOUS
10
3.7855089370078741
20
-4.3018372834645664
11
3.7855089370078741
21
-4.3003374409448814
0
LINE
8
BLACK
6
CONTINUOUS
10
3.7855089370078741
20
-4.3003374409448814
11
3.7855459055118108
21
-4.3001515354330708
0
LINE
8
BLACK
6
CONTINUOUS
10
3.7855459055118108
20
-4.3001515354330708
11
3.7855695669291336
21
-4.2999639370078739
0
LINE
8
BLACK
6
CONTINUOUS
10
3.7855695669291336
20
-4.2999639370078739
11
3.7863194881889761
21
-4.2977142125984251
0
LINE
8
BLACK
6
CONTINUOUS
10
3.7863194881889761
20
-4.2977142125984251
11
3.7863487795275588
21
-4.2976627952755901
0
LINE
8
BLACK
6
CONTINUOUS
10
3.7863487795275588
20
-4.2976627952755901
11
3.7863487795275588
21
-4.297635748031496
0
LINE
8
BLACK
6
CONTINUOUS
10
3.7863487795275588
20
-4.297635748031496
11
3.7864539370078738
21
-4.2974783070866138
0
LINE
8
BLACK
6
CONTINUOUS
10
3.7864539370078738
20
-4.2974783070866138
11
3.7865477165354329
21
-4.2973138582677164
0
LINE
8
BLACK
6
CONTINUOUS
10
3.7865477165354329
20
-4.2973138582677164
11
3.7865719291338582
21
-4.2973017322834641
0
LINE
8
BLACK
6
CONTINUOUS
10
3.7865719291338582
20
-4.2973017322834641
11
3.786604803149606
21
-4.297252559055118
0
LINE
8
BLACK
6
CONTINUOUS
10
3.786604803149606
20
-4.297252559055118
11
3.7881045669291336
21
-4.2957527559055118
0
LINE
8
BLACK
6
CONTINUOUS
10
3.7881045669291336
20
-4.2957527559055118
11
3.7882619291338582
21
-4.2956475984251972
0
LINE
8
BLACK
6
CONTINUOUS
10
3.7882619291338582
20
-4.2956475984251972
11
3.7884115748031495
21
-4.295531496062992
0
LINE
8
BLACK
6
CONTINUOUS
10
3.7884115748031495
20
-4.295531496062992
11
3.7899113779527558
21
-4.2947816141732282
0
LINE
8
BLACK
6
CONTINUOUS
10
3.7899113779527558
20
-4.2947816141732282
11
3.7900361417322834
21
-4.2947474409448816
0
LINE
8
BLACK
6
CONTINUOUS
10
3.7900361417322834
20
-4.2947474409448816
11
3.7901531102362203
21
-4.2946922047244094
0
LINE
8
BLACK
6
CONTINUOUS
10
3.7901531102362203
20
-4.2946922047244094
11
3.7931527559055116
21
-4.2939422834645669
0
LINE
8
BLACK
6
CONTINUOUS
10
3.7931527559055116
20
-4.2939422834645669
11
3.7932972047244093
21
-4.2939352362204719
0
LINE
8
BLACK
6
CONTINUOUS
10
3.7932972047244093
20
-4.2939352362204719
11
3.7934392125984253
21
-4.293907007874016
0
LINE
8
BLACK
6
CONTINUOUS
10
3.7934392125984253
20
-4.293907007874016
11
3.7956889370078741
21
-4.293907007874016
0
LINE
8
BLACK
6
CONTINUOUS
10
3.7956889370078741
20
-4.293907007874016
11
3.7958309055118109
21
-4.2939352362204719
0
LINE
8
BLACK
6
CONTINUOUS
10
3.8117769291338583
20
-4.2816459055118106
11
3.8128422834645668
21
-4.2827112598425199
0
LINE
8
BLACK
6
CONTINUOUS
10
3.8128422834645668
20
-4.2827112598425199
11
3.8129921259842519
21
-4.2834645669291334
0
LINE
8
BLACK
6
CONTINUOUS
10
3.8129921259842519
20
-4.2834645669291334
11
3.8129921259842519
21
-4.3464566929133861
0
LINE
8
BLACK
6
CONTINUOUS
10
3.8129921259842519
20
-4.3464566929133861
11
3.8128422834645668
21
-4.3472099999999996
0
LINE
8
BLACK
6
CONTINUOUS
10
3.8128422834645668
20
-4.3472099999999996
11
3.8117769291338583
21
-4.3482753543307089
0
LINE
8
BLACK
6
CONTINUOUS
10
3.8117769291338583
20
-4.3482753543307089
11
3.811023622047244
21
-4.3484251968503935
0
LINE
8
BLACK
6
CONTINUOUS
10
3.811023622047244
20
-4.3484251968503935
11
3.7795275590551181
21
-4.3484251968503935
0
LINE
8
BLACK
6
CONTINUOUS
10
3.7795275590551181
20
-4.3484251968503935
11
3.7787742519685037
21
-4.3482753543307089
0
LINE
8
BLACK
6
CONTINUOUS
10
3.7787742519685037
20
-4.3482753543307089
11
3.7777088976377953
21
-4.3472099999999996
0
LINE
8
BLACK
6
CONTINUOUS
10
3.7777088976377953
20
-4.3472099999999996
11
3.7775590551181102
21
-4.3464566929133861
0
LINE
8
BLACK
6
CONTINUOUS
10
3.7775590551181102
20
-4.3464566929133861
11
3.7775590551181102
21
-4.2834645669291334
0
LINE
8
BLACK
6
CONTINUOUS
10
3.7775590551181102
20
-4.2834645669291334
11
3.7777088976377953
21
-4.2827112598425199
0
LINE
8
BLACK
6
CONTINUOUS
10
3.7777088976377953
20
-4.2827112598425199
11
3.7787742519685037
21
-4.2816459055118106
0
LINE
8
BLACK
6
CONTINUOUS
10
3.7787742519685037
20
-4.2816459055118106
11
3.7795275590551181
21
-4.2814960629921259
0
LINE
8
BLACK
6
CONTINUOUS
10
3.7795275590551181
20
-4.2814960629921259
11
3.811023622047244
21
-4.2814960629921259
0
LINE
8
BLACK
6
CONTINUOUS
10
3.811023622047244
20
-4.2814960629921259
11
3.8117769291338583
21
-4.2816459055118106
0
LINE
8
BLACK
6
CONTINUOUS
10
3.7814960629921259
20
-4.2854330708661417
11
3.7814960629921259
21
-4.3444881889763778
0
LINE
8
BLACK
6
CONTINUOUS
10
3.7814960629921259
20
-4.3444881889763778
11
3.8090551181102361
21
-4.3444881889763778
0
LINE
8
BLACK
6
CONTINUOUS
10
3.8090551181102361
20
-4.3444881889763778
11
3.8090551181102361
21
-4.2854330708661417
0
LINE
8
BLACK
6
CONTINUOUS
10
3.8090551181102361
20
-4.2854330708661417
11
3.7814960629921259
21
-4.2854330708661417
0
LINE
8
BLACK
6
CONTINUOUS
10
3.8704583858267716
20
-4.3246323228346455
11
3.8705483070866142
21
-4.3250843307086617
0
LINE
8
BLACK
6
CONTINUOUS
10
3.8705483070866142
20
-4.3250843307086617
11
3.8705483070866142
21
-4.3337918110236222
0
LINE
8
BLACK
6
CONTINUOUS
10
3.8705483070866142
20
-4.3337918110236222
11
3.884649960629921
21
-4.3277482677165358
0
LINE
8
BLACK
6
CONTINUOUS
10
3.884649960629921
20
-4.3277482677165358
11
3.8851008661417321
21
-4.3276528346456695
0
LINE
8
BLACK
6
CONTINUOUS
10
3.8851008661417321
20
-4.3276528346456695
11
3.885940118110236
21
-4.3279885433070868
0
LINE
8
BLACK
6
CONTINUOUS
10
3.885940118110236
20
-4.3279885433070868
11
3.8862962204724409
21
-4.3288194881889765
0
LINE
8
BLACK
6
CONTINUOUS
10
3.8862962204724409
20
-4.3288194881889765
11
3.8859605118110236
21
-4.3296587401574804
0
LINE
8
BLACK
6
CONTINUOUS
10
3.8859605118110236
20
-4.3296587401574804
11
3.8855804724409446
21
-4.3299194488188979
0
LINE
8
BLACK
6
CONTINUOUS
10
3.8855804724409446
20
-4.3299194488188979
11
3.8698324803149604
21
-4.3366686220472443
0
LINE
8
BLACK
6
CONTINUOUS
10
3.8698324803149604
20
-4.3366686220472443
11
3.8698227165354329
21
-4.3366706692913386
0
LINE
8
BLACK
6
CONTINUOUS
10
3.8698227165354329
20
-4.3366706692913386
11
3.8698192125984252
21
-4.3366742125984254
0
LINE
8
BLACK
6
CONTINUOUS
10
3.8698192125984252
20
-4.3366742125984254
11
3.8698060629921258
21
-4.3366742125984254
0
LINE
8
BLACK
6
CONTINUOUS
10
3.8698060629921258
20
-4.3366742125984254
11
3.8693815748031497
21
-4.3367640551181097
0
LINE
8
BLACK
6
CONTINUOUS
10
3.8693815748031497
20
-4.3367640551181097
11
3.8691569685039369
21
-4.3366742125984254
0
LINE
8
BLACK
6
CONTINUOUS
10
3.8691569685039369
20
-4.3366742125984254
11
3.8689151968503936
21
-4.3366742125984254
0
LINE
8
BLACK
6
CONTINUOUS
10
3.8689151968503936
20
-4.3366742125984254
11
3.8687539763779526
21
-4.336512992125984
0
LINE
8
BLACK
6
CONTINUOUS
10
3.8687539763779526
20
-4.336512992125984
11
3.8685423228346454
21
-4.3364283464566924
0
LINE
8
BLACK
6
CONTINUOUS
10
3.8685423228346454
20
-4.3364283464566924
11
3.8684470472440946
21
-4.336206062992126
0
LINE
8
BLACK
6
CONTINUOUS
10
3.8684470472440946
20
-4.336206062992126
11
3.8682760236220473
21
-4.3360350393700786
0
LINE
8
BLACK
6
CONTINUOUS
10
3.8682760236220473
20
-4.3360350393700786
11
3.8681913385826769
21
-4.3356094881889762
0
LINE
8
BLACK
6
CONTINUOUS
10
3.8681913385826769
20
-4.3356094881889762
11
3.8681861811023621
21
-4.3355974015748027
0
LINE
8
BLACK
6
CONTINUOUS
10
3.8681861811023621
20
-4.3355974015748027
11
3.8681880314960631
21
-4.3355927559055116
0
LINE
8
BLACK
6
CONTINUOUS
10
3.8681880314960631
20
-4.3355927559055116
11
3.8681861023622046
21
-4.3355830314960633
0
LINE
8
BLACK
6
CONTINUOUS
10
3.8681861023622046
20
-4.3355830314960633
11
3.8681861023622046
21
-4.3250843307086617
0
LINE
8
BLACK
6
CONTINUOUS
10
3.8681861023622046
20
-4.3250843307086617
11
3.8682760236220473
21
-4.3246323228346455
0
LINE
8
BLACK
6
CONTINUOUS
10
3.8682760236220473
20
-4.3246323228346455
11
3.8689151968503936
21
-4.3239931496062995
0
LINE
8
BLACK
6
CONTINUOUS
10
3.8689151968503936
20
-4.3239931496062995
11
3.8698192125984252
21
-4.3239931496062995
0
LINE
8
BLACK
6
CONTINUOUS
10
3.8698192125984252
20
-4.3239931496062995
11
3.8704583858267716
21
-4.3246323228346455
0
LINE
8
BLACK
6
CONTINUOUS
10
3.8855672440944882
20
-4.3089950393700782
11
3.8862064173228346
21
-4.3096342125984251
0
LINE
8
BLACK
6
CONTINUOUS
10
3.8862064173228346
20
-4.3096342125984251
11
3.8862963385826772
21
-4.3100862204724413
0
LINE
8
BLACK
6
CONTINUOUS
10
3.8862963385826772
20
-4.3100862204724413
11
3.8862963385826772
21
-4.3198350000000003
0
LINE
8
BLACK
6
CONTINUOUS
10
3.8862963385826772
20
-4.3198350000000003
11
3.8862064173228346
21
-4.3202870078740157
0
LINE
8
BLACK
6
CONTINUOUS
10
3.8862064173228346
20
-4.3202870078740157
11
3.8855672440944882
21
-4.3209261811023625
0
LINE
8
BLACK
6
CONTINUOUS
10
3.8855672440944882
20
-4.3209261811023625
11
3.8846632283464566
21
-4.3209261811023625
0
LINE
8
BLACK
6
CONTINUOUS
10
3.8846632283464566
20
-4.3209261811023625
11
3.8840240551181102
21
-4.3202870078740157
0
LINE
8
BLACK
6
CONTINUOUS
10
3.8840240551181102
20
-4.3202870078740157
11
3.8839341338582676
21
-4.3198350000000003
0
LINE
8
BLACK
6
CONTINUOUS
10
3.8839341338582676
20
-4.3198350000000003
11
3.8839341338582676
21
-4.3129376377952751
0
LINE
8
BLACK
6
CONTINUOUS
10
3.8839341338582676
20
-4.3129376377952751
11
3.8769515354330708
21
-4.319920275590551
0
LINE
8
BLACK
6
CONTINUOUS
10
3.8769515354330708
20
-4.319920275590551
11
3.8769023228346455
21
-4.3199531102362201
0
LINE
8
BLACK
6
CONTINUOUS
10
3.8769023228346455
20
-4.3199531102362201
11
3.8768902362204725
21
-4.3199773622047246
0
LINE
8
BLACK
6
CONTINUOUS
10
3.8768902362204725
20
-4.3199773622047246
11
3.8767255905511808
21
-4.3200712204724407
0
LINE
8
BLACK
6
CONTINUOUS
10
3.8767255905511808
20
-4.3200712204724407
11
3.8765683464566929
21
-4.3201762992125987
0
LINE
8
BLACK
6
CONTINUOUS
10
3.8765683464566929
20
-4.3201762992125987
11
3.876541338582677
21
-4.3201762992125987
0
LINE
8
BLACK
6
CONTINUOUS
10
3.876541338582677
20
-4.3201762992125987
11
3.8764898818897637
21
-4.3202056299212597
0
LINE
8
BLACK
6
CONTINUOUS
10
3.8764898818897637
20
-4.3202056299212597
11
3.8742401574803149
21
-4.3209555118110234
0
LINE
8
BLACK
6
CONTINUOUS
10
3.8742401574803149
20
-4.3209555118110234
11
3.874052244094488
21
-4.3209791732283467
0
LINE
8
BLACK
6
CONTINUOUS
10
3.874052244094488
20
-4.3209791732283467
11
3.8738666535433071
21
-4.3210161023622042
0
LINE
8
BLACK
6
CONTINUOUS
10
3.8738666535433071
20
-4.3210161023622042
11
3.8723668503937008
21
-4.3210161023622042
0
LINE
8
BLACK
6
CONTINUOUS
10
3.8723668503937008
20
-4.3210161023622042
11
3.8723087795275588
21
-4.3210045275590554
0
LINE
8
BLACK
6
CONTINUOUS
10
3.8723087795275588
20
-4.3210045275590554
11
3.8722831496062993
21
-4.3210131102362208
0
LINE
8
BLACK
6
CONTINUOUS
10
3.8722831496062993
20
-4.3210131102362208
11
3.8721006299212597
21
-4.32096311023622
0
LINE
8
BLACK
6
CONTINUOUS
10
3.8721006299212597
20
-4.32096311023622
11
3.871914842519685
21
-4.3209261811023625
0
LINE
8
BLACK
6
CONTINUOUS
10
3.871914842519685
20
-4.3209261811023625
11
3.8718956692913387
21
-4.3209070078740153
0
LINE
8
BLACK
6
CONTINUOUS
10
3.8718956692913387
20
-4.3209070078740153
11
3.8718386614173226
21
-4.3208914173228345
0
LINE
8
BLACK
6
CONTINUOUS
10
3.8718386614173226
20
-4.3208914173228345
11
3.8703388188976375
21
-4.3201415354330708
0
LINE
8
BLACK
6
CONTINUOUS
10
3.8703388188976375
20
-4.3201415354330708
11
3.8701891732283462
21
-4.3200253937007869
0
LINE
8
BLACK
6
CONTINUOUS
10
3.8701891732283462
20
-4.3200253937007869
11
3.870031811023622
21
-4.3199202362204723
0
LINE
8
BLACK
6
CONTINUOUS
10
3.870031811023622
20
-4.3199202362204723
11
3.8692819291338583
21
-4.3191703543307085
0
LINE
8
BLACK
6
CONTINUOUS
10
3.8692819291338583
20
-4.3191703543307085
11
3.8691767322834645
21
-4.3190128740157476
0
LINE
8
BLACK
6
CONTINUOUS
10
3.8691767322834645
20
-4.3190128740157476
11
3.8690607086614173
21
-4.3188634251968505
0
LINE
8
BLACK
6
CONTINUOUS
10
3.8690607086614173
20
-4.3188634251968505
11
3.8683107874015747
21
-4.3173636220472442
0
LINE
8
BLACK
6
CONTINUOUS
10
3.8683107874015747
20
-4.3173636220472442
11
3.8682951574803148
21
-4.3173065354330706
0
LINE
8
BLACK
6
CONTINUOUS
10
3.8682951574803148
20
-4.3173065354330706
11
3.8682760236220473
21
-4.3172874015748031
0
LINE
8
BLACK
6
CONTINUOUS
10
3.8682760236220473
20
-4.3172874015748031
11
3.8682390551181101
21
-4.3171016141732279
0
LINE
8
BLACK
6
CONTINUOUS
10
3.8682390551181101
20
-4.3171016141732279
11
3.8681890944881889
21
-4.3169190944881892
0
LINE
8
BLACK
6
CONTINUOUS
10
3.8681890944881889
20
-4.3169190944881892
11
3.8681976377952756
21
-4.3168934251968505
0
LINE
8
BLACK
6
CONTINUOUS
10
3.8681976377952756
20
-4.3168934251968505
11
3.8681861023622046
21
-4.3168353937007877
0
LINE
8
BLACK
6
CONTINUOUS
10
3.8681861023622046
20
-4.3168353937007877
11
3.8681861023622046
21
-4.3130858661417326
0
LINE
8
BLACK
6
CONTINUOUS
10
3.8681861023622046
20
-4.3130858661417326
11
3.8681976377952756
21
-4.3130277952755902
0
LINE
8
BLACK
6
CONTINUOUS
10
3.8681976377952756
20
-4.3130277952755902
11
3.8681890944881889
21
-4.3130021653543302
0
LINE
8
BLACK
6
CONTINUOUS
10
3.8681890944881889
20
-4.3130021653543302
11
3.8682390551181101
21
-4.3128196062992128
0
LINE
8
BLACK
6
CONTINUOUS
10
3.8682390551181101
20
-4.3128196062992128
11
3.8682760236220473
21
-4.3126338582677164
0
LINE
8
BLACK
6
CONTINUOUS
10
3.8682760236220473
20
-4.3126338582677164
11
3.8682951574803148
21
-4.3126146850393701
0
LINE
8
BLACK
6
CONTINUOUS
10
3.8682951574803148
20
-4.3126146850393701
11
3.8683107874015747
21
-4.3125576377952752
0
LINE
8
BLACK
6
CONTINUOUS
10
3.8683107874015747
20
-4.3125576377952752
11
3.8690607086614173
21
-4.3110578346456689
0
LINE
8
BLACK
6
CONTINUOUS
10
3.8690607086614173
20
-4.3110578346456689
11
3.8691767322834645
21
-4.3109083464566931
0
LINE
8
BLACK
6
CONTINUOUS
10
3.8691767322834645
20
-4.3109083464566931
11
3.8692819291338583
21
-4.3107509055118109
0
LINE
8
BLACK
6
CONTINUOUS
10
3.8692819291338583
20
-4.3107509055118109
11
3.870031811023622
21
-4.3100010236220472
0
LINE
8
BLACK
6
CONTINUOUS
10
3.870031811023622
20
-4.3100010236220472
11
3.8704149999999999
21
-4.3097449606299207
0
LINE
8
BLACK
6
CONTINUOUS
10
3.8704149999999999
20
-4.3097449606299207
11
3.871318937007874
21
-4.309744921259842
0
LINE
8
BLACK
6
CONTINUOUS
10
3.871318937007874
20
-4.309744921259842
11
3.8719581889763779
21
-4.3103841732283463
0
LINE
8
BLACK
6
CONTINUOUS
10
3.8719581889763779
20
-4.3103841732283463
11
3.8719582283464566
21
-4.3112880708661416
0
LINE
8
BLACK
6
CONTINUOUS
10
3.8719582283464566
20
-4.3112880708661416
11
3.8717022047244094
21
-4.3116712992125983
0
LINE
8
BLACK
6
CONTINUOUS
10
3.8717022047244094
20
-4.3116712992125983
11
3.8710877952755904
21
-4.3122857086614168
0
LINE
8
BLACK
6
CONTINUOUS
10
3.8710877952755904
20
-4.3122857086614168
11
3.8705483070866142
21
-4.3133647244094488
0
LINE
8
BLACK
6
CONTINUOUS
10
3.8705483070866142
20
-4.3133647244094488
11
3.8705483070866142
21
-4.3165565354330706
0
LINE
8
BLACK
6
CONTINUOUS
10
3.8705483070866142
20
-4.3165565354330706
11
3.8710877952755904
21
-4.3176355118110239
0
LINE
8
BLACK
6
CONTINUOUS
10
3.8710877952755904
20
-4.3176355118110239
11
3.8715666929133858
21
-4.3181144094488184
0
LINE
8
BLACK
6
CONTINUOUS
10
3.8715666929133858
20
-4.3181144094488184
11
3.8726456692913387
21
-4.3186538976377955
0
LINE
8
BLACK
6
CONTINUOUS
10
3.8726456692913387
20
-4.3186538976377955
11
3.8736749212598425
21
-4.3186538976377955
0
LINE
8
BLACK
6
CONTINUOUS
10
3.8736749212598425
20
-4.3186538976377955
11
3.8754783858267716
21
-4.3180527559055113
0
LINE
8
BLACK
6
CONTINUOUS
10
3.8754783858267716
20
-4.3180527559055113
11
3.8842800787401575
21
-4.3092510629921259
0
LINE
8
BLACK
6
CONTINUOUS
10
3.8842800787401575
20
-4.3092510629921259
11
3.8846631102362204
21
-4.3089951181102357
0
LINE
8
BLACK
6
CONTINUOUS
10
3.8846631102362204
20
-4.3089951181102357
11
3.8846632283464566
21
-4.3089950393700782
0
LINE
8
BLACK
6
CONTINUOUS
10
3.8846632283464566
20
-4.3089950393700782
11
3.8846632677165354
21
-4.3089950393700782
0
LINE
8
BLACK
6
CONTINUOUS
10
3.8846632677165354
20
-4.3089950393700782
11
3.8855672047244094
21
-4.3089949999999995
0
LINE
8
BLACK
6
CONTINUOUS
10
3.8855672047244094
20
-4.3089949999999995
11
3.8855672440944882
21
-4.3089950393700782
0
LINE
8
BLACK
6
CONTINUOUS
10
3.8785080708661415
20
-4.2939352362204719
11
3.878652559055118
21
-4.2939422834645669
0
LINE
8
BLACK
6
CONTINUOUS
10
3.878652559055118
20
-4.2939422834645669
11
3.8816521653543306
21
-4.2946922047244094
0
LINE
8
BLACK
6
CONTINUOUS
10
3.8816521653543306
20
-4.2946922047244094
11
3.8817690944881891
21
-4.2947474409448816
0
LINE
8
BLACK
6
CONTINUOUS
10
3.8817690944881891
20
-4.2947474409448816
11
3.881893897637795
21
-4.2947816141732282
0
LINE
8
BLACK
6
CONTINUOUS
10
3.881893897637795
20
-4.2947816141732282
11
3.8833937007874013
21
-4.295531496062992
0
LINE
8
BLACK
6
CONTINUOUS
10
3.8833937007874013
20
-4.295531496062992
11
3.8835431889763781
21
-4.2956475196850397
0
LINE
8
BLACK
6
CONTINUOUS
10
3.8835431889763781
20
-4.2956475196850397
11
3.8837006692913385
21
-4.2957527559055118
0
LINE
8
BLACK
6
CONTINUOUS
10
3.8837006692913385
20
-4.2957527559055118
11
3.8852005118110235
21
-4.2972525196850393
0
LINE
8
BLACK
6
CONTINUOUS
10
3.8852005118110235
20
-4.2972525196850393
11
3.8852333858267714
21
-4.2973017322834641
0
LINE
8
BLACK
6
CONTINUOUS
10
3.8852333858267714
20
-4.2973017322834641
11
3.8852575984251967
21
-4.2973138582677164
0
LINE
8
BLACK
6
CONTINUOUS
10
3.8852575984251967
20
-4.2973138582677164
11
3.8853513779527558
21
-4.2974783464566926
0
LINE
8
BLACK
6
CONTINUOUS
10
3.8853513779527558
20
-4.2974783464566926
11
3.8854565354330708
21
-4.297635748031496
0
LINE
8
BLACK
6
CONTINUOUS
10
3.8854565354330708
20
-4.297635748031496
11
3.8854565354330708
21
-4.2976627559055114
0
LINE
8
BLACK
6
CONTINUOUS
10
3.8854565354330708
20
-4.2976627559055114
11
3.8854858661417322
21
-4.2977142125984251
0
LINE
8
BLACK
6
CONTINUOUS
10
3.8854858661417322
20
-4.2977142125984251
11
3.886235748031496
21
-4.2999639763779527
0
LINE
8
BLACK
6
CONTINUOUS
10
3.886235748031496
20
-4.2999639763779527
11
3.88625937007874
21
-4.3001517716535433
0
LINE
8
BLACK
6
CONTINUOUS
10
3.88625937007874
20
-4.3001517716535433
11
3.8862963385826772
21
-4.3003374409448814
0
LINE
8
BLACK
6
CONTINUOUS
10
3.8862963385826772
20
-4.3003374409448814
11
3.8862963385826772
21
-4.3018372834645664
0
LINE
8
BLACK
6
CONTINUOUS
10
3.8862963385826772
20
-4.3018372834645664
11
3.8862594094488188
21
-4.3020228740157478
0
LINE
8
BLACK
6
CONTINUOUS
10
3.8862594094488188
20
-4.3020228740157478
11
3.886235748031496
21
-4.3022107874015747
0
LINE
8
BLACK
6
CONTINUOUS
10
3.886235748031496
20
-4.3022107874015747
11
3.8854858661417322
21
-4.3044604724409448
0
LINE
8
BLACK
6
CONTINUOUS
10
3.8854858661417322
20
-4.3044604724409448
11
3.8854565748031495
21
-4.3045118110236222
0
LINE
8
BLACK
6
CONTINUOUS
10
3.8854565748031495
20
-4.3045118110236222
11
3.8854565748031495
21
-4.3045389370078739
0
LINE
8
BLACK
6
CONTINUOUS
10
3.8854565748031495
20
-4.3045389370078739
11
3.8853512992125983
21
-4.3046964173228348
0
LINE
8
BLACK
6
CONTINUOUS
10
3.8853512992125983
20
-4.3046964173228348
11
3.8852575984251967
21
-4.3048608267716535
0
LINE
8
BLACK
6
CONTINUOUS
10
3.8852575984251967
20
-4.3048608267716535
11
3.8852333464566926
21
-4.304872913385827
0
LINE
8
BLACK
6
CONTINUOUS
10
3.8852333464566926
20
-4.304872913385827
11
3.8852005118110235
21
-4.3049221259842518
0
LINE
8
BLACK
6
CONTINUOUS
10
3.8852005118110235
20
-4.3049221259842518
11
3.884450590551181
21
-4.3056720472440944
0
LINE
8
BLACK
6
CONTINUOUS
10
3.884450590551181
20
-4.3056720472440944
11
3.8840674015748031
21
-4.305928070866142
0
LINE
8
BLACK
6
CONTINUOUS
10
3.8840674015748031
20
-4.305928070866142
11
3.8831634645669291
21
-4.305928070866142
0
LINE
8
BLACK
6
CONTINUOUS
10
3.8831634645669291
20
-4.305928070866142
11
3.8825242519685039
21
-4.3052888582677165
0
LINE
8
BLACK
6
CONTINUOUS
10
3.8825242519685039
20
-4.3052888582677165
11
3.8825242519685039
21
-4.3043849212598424
0
LINE
8
BLACK
6
CONTINUOUS
10
3.8825242519685039
20
-4.3043849212598424
11
3.8827802755905512
21
-4.3040017322834645
0
LINE
8
BLACK
6
CONTINUOUS
10
3.8827802755905512
20
-4.3040017322834645
11
3.8833329527559055
21
-4.303449015748031
0
LINE
8
BLACK
6
CONTINUOUS
10
3.8833329527559055
20
-4.303449015748031
11
3.8839341338582676
21
-4.3016455511811023
0
LINE
8
BLACK
6
CONTINUOUS
10
3.8839341338582676
20
-4.3016455511811023
11
3.8839341338582676
21
-4.3005291338582676
0
LINE
8
BLACK
6
CONTINUOUS
10
3.8839341338582676
20
-4.3005291338582676
11
3.8833329527559055
21
-4.2987256692913389
0
LINE
8
BLACK
6
CONTINUOUS
10
3.8833329527559055
20
-4.2987256692913389
11
3.882165905511811
21
-4.2975586220472444
0
LINE
8
BLACK
6
CONTINUOUS
10
3.882165905511811
20
-4.2975586220472444
11
3.8809534251968505
21
-4.2969523622047241
0
LINE
8
BLACK
6
CONTINUOUS
10
3.8809534251968505
20
-4.2969523622047241
11
3.8782207480314961
21
-4.2962692125984248
0
LINE
8
BLACK
6
CONTINUOUS
10
3.8782207480314961
20
-4.2962692125984248
11
3.8762617322834645
21
-4.2962692125984248
0
LINE
8
BLACK
6
CONTINUOUS
10
3.8762617322834645
20
-4.2962692125984248
11
3.8735289763779526
21
-4.2969524015748028
0
LINE
8
BLACK
6
CONTINUOUS
10
3.8735289763779526
20
-4.2969524015748028
11
3.8723165748031496
21
-4.2975585826771656
0
LINE
8
BLACK
6
CONTINUOUS
10
3.8723165748031496
20
-4.2975585826771656
11
3.8711494094488188
21
-4.2987257086614168
0
LINE
8
BLACK
6
CONTINUOUS
10
3.8711494094488188
20
-4.2987257086614168
11
3.8705483070866142
21
-4.3005290551181101
0
LINE
8
BLACK
6
CONTINUOUS
10
3.8705483070866142
20
-4.3005290551181101
11
3.8705483070866142
21
-4.3016456299212598
0
LINE
8
BLACK
6
CONTINUOUS
10
3.8705483070866142
20
-4.3016456299212598
11
3.8711494094488188
21
-4.3034488976377956
0
LINE
8
BLACK
6
CONTINUOUS
10
3.8711494094488188
20
-4.3034488976377956
11
3.8717022047244094
21
-4.3040017322834645
0
LINE
8
BLACK
6
CONTINUOUS
10
3.8717022047244094
20
-4.3040017322834645
11
3.8719582283464566
21
-4.3043849606299212
0
LINE
8
BLACK
6
CONTINUOUS
10
3.8719582283464566
20
-4.3043849606299212
11
3.8719581889763779
21
-4.3052888582677165
0
LINE
8
BLACK
6
CONTINUOUS
10
3.8719581889763779
20
-4.3052888582677165
11
3.871318937007874
21
-4.3059281102362208
0
LINE
8
BLACK
6
CONTINUOUS
10
3.871318937007874
20
-4.3059281102362208
11
3.8704149999999999
21
-4.305928070866142
0
LINE
8
BLACK
6
CONTINUOUS
10
3.8704149999999999
20
-4.305928070866142
11
3.870031811023622
21
-4.3056720078740156
0
LINE
8
BLACK
6
CONTINUOUS
10
3.870031811023622
20
-4.3056720078740156
11
3.8692819291338583
21
-4.3049221259842518
0
LINE
8
BLACK
6
CONTINUOUS
10
3.8692819291338583
20
-4.3049221259842518
11
3.8692490157480313
21
-4.3048728740157483
0
LINE
8
BLACK
6
CONTINUOUS
10
3.8692490157480313
20
-4.3048728740157483
11
3.8692248818897639
21
-4.3048608267716535
0
LINE
8
BLACK
6
CONTINUOUS
10
3.8692248818897639
20
-4.3048608267716535
11
3.8691312598425194
21
-4.3046965748031498
0
LINE
8
BLACK
6
CONTINUOUS
10
3.8691312598425194
20
-4.3046965748031498
11
3.869025905511811
21
-4.3045388976377952
0
LINE
8
BLACK
6
CONTINUOUS
10
3.869025905511811
20
-4.3045388976377952
11
3.869025905511811
21
-4.3045117716535435
0
LINE
8
BLACK
6
CONTINUOUS
10
3.869025905511811
20
-4.3045117716535435
11
3.8689966535433071
21
-4.3044604724409448
0
LINE
8
BLACK
6
CONTINUOUS
10
3.8689966535433071
20
-4.3044604724409448
11
3.8682467322834646
21
-4.3022107874015747
0
LINE
8
BLACK
6
CONTINUOUS
10
3.8682467322834646
20
-4.3022107874015747
11
3.8682230708661418
21
-4.3020231496062991
0
LINE
8
BLACK
6
CONTINUOUS
10
3.8682230708661418
20
-4.3020231496062991
11
3.8681861023622046
21
-4.3018372834645664
0
LINE
8
BLACK
6
CONTINUOUS
10
3.8681861023622046
20
-4.3018372834645664
11
3.8681861023622046
21
-4.3003374409448814
0
LINE
8
BLACK
6
CONTINUOUS
10
3.8681861023622046
20
-4.3003374409448814
11
3.8682230708661418
21
-4.3001515354330708
0
LINE
8
BLACK
6
CONTINUOUS
10
3.8682230708661418
20
-4.3001515354330708
11
3.8682467322834646
21
-4.2999639370078739
0
LINE
8
BLACK
6
CONTINUOUS
10
3.8682467322834646
20
-4.2999639370078739
11
3.8689966535433071
21
-4.2977142125984251
0
LINE
8
BLACK
6
CONTINUOUS
10
3.8689966535433071
20
-4.2977142125984251
11
3.8690259448818898
21
-4.2976627952755901
0
LINE
8
BLACK
6
CONTINUOUS
10
3.8690259448818898
20
-4.2976627952755901
11
3.8690259448818898
21
-4.297635748031496
0
LINE
8
BLACK
6
CONTINUOUS
10
3.8690259448818898
20
-4.297635748031496
11
3.8691311023622048
21
-4.2974783070866138
0
LINE
8
BLACK
6
CONTINUOUS
10
3.8691311023622048
20
-4.2974783070866138
11
3.8692248818897639
21
-4.2973138582677164
0
LINE
8
BLACK
6
CONTINUOUS
10
3.8692248818897639
20
-4.2973138582677164
11
3.8692490944881888
21
-4.2973017322834641
0
LINE
8
BLACK
6
CONTINUOUS
10
3.8692490944881888
20
-4.2973017322834641
11
3.869281968503937
21
-4.297252559055118
0
LINE
8
BLACK
6
CONTINUOUS
10
3.869281968503937
20
-4.297252559055118
11
3.8707817322834646
21
-4.2957527559055118
0
LINE
8
BLACK
6
CONTINUOUS
10
3.8707817322834646
20
-4.2957527559055118
11
3.8709390944881887
21
-4.2956475984251972
0
LINE
8
BLACK
6
CONTINUOUS
10
3.8709390944881887
20
-4.2956475984251972
11
3.8710887401574801
21
-4.295531496062992
0
LINE
8
BLACK
6
CONTINUOUS
10
3.8710887401574801
20
-4.295531496062992
11
3.8725885433070864
21
-4.2947816141732282
0
LINE
8
BLACK
6
CONTINUOUS
10
3.8725885433070864
20
-4.2947816141732282
11
3.872713307086614
21
-4.2947474409448816
0
LINE
8
BLACK
6
CONTINUOUS
10
3.872713307086614
20
-4.2947474409448816
11
3.8728302755905513
21
-4.2946922047244094
0
LINE
8
BLACK
6
CONTINUOUS
10
3.8728302755905513
20
-4.2946922047244094
11
3.8758299212598426
21
-4.2939422834645669
0
LINE
8
BLACK
6
CONTINUOUS
10
3.8758299212598426
20
-4.2939422834645669
11
3.8759743700787399
21
-4.2939352362204719
0
LINE
8
BLACK
6
CONTINUOUS
10
3.8759743700787399
20
-4.2939352362204719
11
3.8761163779527559
21
-4.293907007874016
0
LINE
8
BLACK
6
CONTINUOUS
10
3.8761163779527559
20
-4.293907007874016
11
3.8783661023622047
21
-4.293907007874016
0
LINE
8
BLACK
6
CONTINUOUS
10
3.8783661023622047
20
-4.293907007874016
11
3.8785080708661415
21
-4.2939352362204719
0
LINE
8
BLACK
6
CONTINUOUS
10
3.8944540944881889
20
-4.2816459055118106
11
3.8955194488188973
21
-4.2827112598425199
0
LINE
8
BLACK
6
CONTINUOUS
10
3.8955194488188973
20
-4.2827112598425199
11
3.8956692913385824
21
-4.2834645669291334
0
LINE
8
BLACK
6
CONTINUOUS
10
3.8956692913385824
20
-4.2834645669291334
11
3.8956692913385824
21
-4.3464566929133861
0
LINE
8
BLACK
6
CONTINUOUS
10
3.8956692913385824
20
-4.3464566929133861
11
3.8955194488188973
21
-4.3472099999999996
0
LINE
8
BLACK
6
CONTINUOUS
10
3.8955194488188973
20
-4.3472099999999996
11
3.8944540944881889
21
-4.3482753543307089
0
LINE
8
BLACK
6
CONTINUOUS
10
3.8944540944881889
20
-4.3482753543307089
11
3.8937007874015745
21
-4.3484251968503935
0
LINE
8
BLACK
6
CONTINUOUS
10
3.8937007874015745
20
-4.3484251968503935
11
3.8622047244094486
21
-4.3484251968503935
0
LINE
8
BLACK
6
CONTINUOUS
10
3.8622047244094486
20
-4.3484251968503935
11
3.8614514173228347
21
-4.3482753543307089
0
LINE
8
BLACK
6
CONTINUOUS
10
3.8614514173228347
20
-4.3482753543307089
11
3.8603860629921258
21
-4.3472099999999996
0
LINE
8
BLACK
6
CONTINUOUS
10
3.8603860629921258
20
-4.3472099999999996
11
3.8602362204724407
21
-4.3464566929133861
0
LINE
8
BLACK
6
CONTINUOUS
10
3.8602362204724407
20
-4.3464566929133861
11
3.8602362204724407
21
-4.2834645669291334
0
LINE
8
BLACK
6
CONTINUOUS
10
3.8602362204724407
20
-4.2834645669291334
11
3.8603860629921258
21
-4.2827112598425199
0
LINE
8
BLACK
6
CONTINUOUS
10
3.8603860629921258
20
-4.2827112598425199
11
3.8614514173228347
21
-4.2816459055118106
0
LINE
8
BLACK
6
CONTINUOUS
10
3.8614514173228347
20
-4.2816459055118106
11
3.8622047244094486
21
-4.2814960629921259
0
LINE
8
BLACK
6
CONTINUOUS
10
3.8622047244094486
20
-4.2814960629921259
11
3.8937007874015745
21
-4.2814960629921259
0
LINE
8
BLACK
6
CONTINUOUS
10
3.8937007874015745
20
-4.2814960629921259
11
3.8944540944881889
21
-4.2816459055118106
0
LINE
8
BLACK
6
CONTINUOUS
10
3.8641732283464565
20
-4.2854330708661417
11
3.8641732283464565
21
-4.3444881889763778
0
LINE
8
BLACK
6
CONTINUOUS
10
3.8641732283464565
20
-4.3444881889763778
11
3.8917322834645667
21
-4.3444881889763778
0
LINE
8
BLACK
6
CONTINUOUS
10
3.8917322834645667
20
-4.3444881889763778
11
3.8917322834645667
21
-4.2854330708661417
0
LINE
8
BLACK
6
CONTINUOUS
10
3.8917322834645667
20
-4.2854330708661417
11
3.8641732283464565
21
-4.2854330708661417
0
LINE
8
BLACK
6
CONTINUOUS
10
3.5808988188976376
20
-4.2183654724409445
11
3.5809244881889764
21
-4.2183569291338578
0
LINE
8
BLACK
6
CONTINUOUS
10
3.5809244881889764
20
-4.2183569291338578
11
3.5811070078740155
21
-4.2184068897637799
0
LINE
8
BLACK
6
CONTINUOUS
10
3.5811070078740155
20
-4.2184068897637799
11
3.5812927952755906
21
-4.2184438582677162
0
LINE
8
BLACK
6
CONTINUOUS
10
3.5812927952755906
20
-4.2184438582677162
11
3.5813119291338582
21
-4.2184629921259837
0
LINE
8
BLACK
6
CONTINUOUS
10
3.5813119291338582
20
-4.2184629921259837
11
3.5813690157480313
21
-4.2184786220472441
0
LINE
8
BLACK
6
CONTINUOUS
10
3.5813690157480313
20
-4.2184786220472441
11
3.5828688188976376
21
-4.2192285433070866
0
LINE
8
BLACK
6
CONTINUOUS
10
3.5828688188976376
20
-4.2192285433070866
11
3.5830182677165352
21
-4.2193445669291334
0
LINE
8
BLACK
6
CONTINUOUS
10
3.5830182677165352
20
-4.2193445669291334
11
3.5831757480314961
21
-4.2194497637795276
0
LINE
8
BLACK
6
CONTINUOUS
10
3.5831757480314961
20
-4.2194497637795276
11
3.5839256299212598
21
-4.2201996456692914
0
LINE
8
BLACK
6
CONTINUOUS
10
3.5839256299212598
20
-4.2201996456692914
11
3.5840307086614174
21
-4.2203568897637798
0
LINE
8
BLACK
6
CONTINUOUS
10
3.5840307086614174
20
-4.2203568897637798
11
3.5841469291338584
21
-4.2205066535433069
0
LINE
8
BLACK
6
CONTINUOUS
10
3.5841469291338584
20
-4.2205066535433069
11
3.5848968110236221
21
-4.2220064566929132
0
LINE
8
BLACK
6
CONTINUOUS
10
3.5848968110236221
20
-4.2220064566929132
11
3.5849124015748033
21
-4.2220634645669293
0
LINE
8
BLACK
6
CONTINUOUS
10
3.5849124015748033
20
-4.2220634645669293
11
3.5849315748031496
21
-4.2220826377952756
0
LINE
8
BLACK
6
CONTINUOUS
10
3.5849315748031496
20
-4.2220826377952756
11
3.5849685039370076
21
-4.2222684251968499
0
LINE
8
BLACK
6
CONTINUOUS
10
3.5849685039370076
20
-4.2222684251968499
11
3.5850185039370079
21
-4.2224509448818894
0
LINE
8
BLACK
6
CONTINUOUS
10
3.5850185039370079
20
-4.2224509448818894
11
3.5850099212598425
21
-4.2224765748031494
0
LINE
8
BLACK
6
CONTINUOUS
10
3.5850099212598425
20
-4.2224765748031494
11
3.5850214960629923
21
-4.2225346456692909
0
LINE
8
BLACK
6
CONTINUOUS
10
3.5850214960629923
20
-4.2225346456692909
11
3.5850214960629923
21
-4.2255342913385823
0
LINE
8
BLACK
6
CONTINUOUS
10
3.5850214960629923
20
-4.2255342913385823
11
3.5850099212598425
21
-4.2255923228346459
0
LINE
8
BLACK
6
CONTINUOUS
10
3.5850099212598425
20
-4.2255923228346459
11
3.5850185039370079
21
-4.2256179921259838
0
LINE
8
BLACK
6
CONTINUOUS
10
3.5850185039370079
20
-4.2256179921259838
11
3.5849685039370076
21
-4.2258004724409446
0
LINE
8
BLACK
6
CONTINUOUS
10
3.5849685039370076
20
-4.2258004724409446
11
3.5849315748031496
21
-4.2259862992125985
0
LINE
8
BLACK
6
CONTINUOUS
10
3.5849315748031496
20
-4.2259862992125985
11
3.5849124015748033
21
-4.2260054330708661
0
LINE
8
BLACK
6
CONTINUOUS
10
3.5849124015748033
20
-4.2260054330708661
11
3.5848968110236221
21
-4.2260624803149609
0
LINE
8
BLACK
6
CONTINUOUS
10
3.5848968110236221
20
-4.2260624803149609
11
3.5844382677165352
21
-4.2269794881889764
0
LINE
8
BLACK
6
CONTINUOUS
10
3.5844382677165352
20
-4.2269794881889764
11
3.585605118110236
21
-4.2266877952755904
0
LINE
8
BLACK
6
CONTINUOUS
10
3.585605118110236
20
-4.2266877952755904
11
3.5875873622047245
21
-4.2253663385826767
0
LINE
8
BLACK
6
CONTINUOUS
10
3.5875873622047245
20
-4.2253663385826767
11
3.5881190157480316
21
-4.2248346850393697
0
LINE
8
BLACK
6
CONTINUOUS
10
3.5881190157480316
20
-4.2248346850393697
11
3.5886585433070866
21
-4.2237556692913385
0
LINE
8
BLACK
6
CONTINUOUS
10
3.5886585433070866
20
-4.2237556692913385
11
3.5886585433070866
21
-4.2210348425196846
0
LINE
8
BLACK
6
CONTINUOUS
10
3.5886585433070866
20
-4.2210348425196846
11
3.5887484645669292
21
-4.2205828346456693
0
LINE
8
BLACK
6
CONTINUOUS
10
3.5887484645669292
20
-4.2205828346456693
11
3.5893876377952756
21
-4.2199436614173225
0
LINE
8
BLACK
6
CONTINUOUS
10
3.5893876377952756
20
-4.2199436614173225
11
3.5902916535433071
21
-4.2199436614173225
0
LINE
8
BLACK
6
CONTINUOUS
10
3.5902916535433071
20
-4.2199436614173225
11
3.5909308267716535
21
-4.2205828346456693
0
LINE
8
BLACK
6
CONTINUOUS
10
3.5909308267716535
20
-4.2205828346456693
11
3.5910207480314962
21
-4.2210348425196846
0
LINE
8
BLACK
6
CONTINUOUS
10
3.5910207480314962
20
-4.2210348425196846
11
3.5910207480314962
21
-4.224034488188976
0
LINE
8
BLACK
6
CONTINUOUS
10
3.5910207480314962
20
-4.224034488188976
11
3.5910091732283465
21
-4.2240925196850396
0
LINE
8
BLACK
6
CONTINUOUS
10
3.5910091732283465
20
-4.2240925196850396
11
3.5910177559055119
21
-4.2241181889763775
0
LINE
8
BLACK
6
CONTINUOUS
10
3.5910177559055119
20
-4.2241181889763775
11
3.5909677559055115
21
-4.2243006692913383
0
LINE
8
BLACK
6
CONTINUOUS
10
3.5909677559055115
20
-4.2243006692913383
11
3.5909308267716535
21
-4.2244864960629922
0
LINE
8
BLACK
6
CONTINUOUS
10
3.5909308267716535
20
-4.2244864960629922
11
3.5909116535433072
21
-4.2245056299212598
0
LINE
8
BLACK
6
CONTINUOUS
10
3.5909116535433072
20
-4.2245056299212598
11
3.590896062992126
21
-4.2245626771653546
0
LINE
8
BLACK
6
CONTINUOUS
10
3.590896062992126
20
-4.2245626771653546
11
3.5901461811023623
21
-4.2260624803149609
0
LINE
8
BLACK
6
CONTINUOUS
10
3.5901461811023623
20
-4.2260624803149609
11
3.5900300393700788
21
-4.226212086614173
0
LINE
8
BLACK
6
CONTINUOUS
10
3.5900300393700788
20
-4.226212086614173
11
3.5899249212598425
21
-4.2263694488188976
0
LINE
8
BLACK
6
CONTINUOUS
10
3.5899249212598425
20
-4.2263694488188976
11
3.589175
21
-4.2271193700787402
0
LINE
8
BLACK
6
CONTINUOUS
10
3.589175
20
-4.2271193700787402
11
3.5890778740157478
21
-4.2271842519685041
0
LINE
8
BLACK
6
CONTINUOUS
10
3.5890778740157478
20
-4.2271842519685041
11
3.5889949999999997
21
-4.2272669685039368
0
LINE
8
BLACK
6
CONTINUOUS
10
3.5889949999999997
20
-4.2272669685039368
11
3.5867452755905509
21
-4.2287667716535431
0
LINE
8
BLACK
6
CONTINUOUS
10
3.5867452755905509
20
-4.2287667716535431
11
3.5865585039370078
21
-4.2288438582677168
0
LINE
8
BLACK
6
CONTINUOUS
10
3.5865585039370078
20
-4.2288438582677168
11
3.5863765748031495
21
-4.2289298425196851
0
LINE
8
BLACK
6
CONTINUOUS
10
3.5863765748031495
20
-4.2289298425196851
11
3.5833769685039369
21
-4.2296797244094488
0
LINE
8
BLACK
6
CONTINUOUS
10
3.5833769685039369
20
-4.2296797244094488
11
3.5832324803149604
21
-4.2296867322834641
0
LINE
8
BLACK
6
CONTINUOUS
10
3.5832324803149604
20
-4.2296867322834641
11
3.5830905118110237
21
-4.2297149999999997
0
LINE
8
BLACK
6
CONTINUOUS
10
3.5830905118110237
20
-4.2297149999999997
11
3.5770912598425197
21
-4.2297149999999997
0
LINE
8
BLACK
6
CONTINUOUS
10
3.5770912598425197
20
-4.2297149999999997
11
3.5770331889763778
21
-4.2297034251968499
0
LINE
8
BLACK
6
CONTINUOUS
10
3.5770331889763778
20
-4.2297034251968499
11
3.5770075590551182
21
-4.2297120078740154
0
LINE
8
BLACK
6
CONTINUOUS
10
3.5770075590551182
20
-4.2297120078740154
11
3.5768250393700787
21
-4.2296620078740155
0
LINE
8
BLACK
6
CONTINUOUS
10
3.5768250393700787
20
-4.2296620078740155
11
3.576639251968504
21
-4.229625078740157
0
LINE
8
BLACK
6
CONTINUOUS
10
3.576639251968504
20
-4.229625078740157
11
3.5766200787401572
21
-4.2296059055118107
0
LINE
8
BLACK
6
CONTINUOUS
10
3.5766200787401572
20
-4.2296059055118107
11
3.5765630708661416
21
-4.22959031496063
0
LINE
8
BLACK
6
CONTINUOUS
10
3.5765630708661416
20
-4.22959031496063
11
3.5750632283464565
21
-4.2288404330708662
0
LINE
8
BLACK
6
CONTINUOUS
10
3.5750632283464565
20
-4.2288404330708662
11
3.5749135826771652
21
-4.2287242913385823
0
LINE
8
BLACK
6
CONTINUOUS
10
3.5749135826771652
20
-4.2287242913385823
11
3.574756220472441
21
-4.2286191338582677
0
LINE
8
BLACK
6
CONTINUOUS
10
3.574756220472441
20
-4.2286191338582677
11
3.5740063385826772
21
-4.2278692519685039
0
LINE
8
BLACK
6
CONTINUOUS
10
3.5740063385826772
20
-4.2278692519685039
11
3.5739011417322835
21
-4.2277117716535431
0
LINE
8
BLACK
6
CONTINUOUS
10
3.5739011417322835
20
-4.2277117716535431
11
3.5737851181102362
21
-4.2275623228346459
0
LINE
8
BLACK
6
CONTINUOUS
10
3.5737851181102362
20
-4.2275623228346459
11
3.5730351968503937
21
-4.2260625196850397
0
LINE
8
BLACK
6
CONTINUOUS
10
3.5730351968503937
20
-4.2260625196850397
11
3.5730195669291338
21
-4.2260054330708661
0
LINE
8
BLACK
6
CONTINUOUS
10
3.5730195669291338
20
-4.2260054330708661
11
3.5730004330708662
21
-4.2259862992125985
0
LINE
8
BLACK
6
CONTINUOUS
10
3.5730004330708662
20
-4.2259862992125985
11
3.572963464566929
21
-4.2258005118110233
0
LINE
8
BLACK
6
CONTINUOUS
10
3.572963464566929
20
-4.2258005118110233
11
3.5729135039370079
21
-4.2256179921259838
0
LINE
8
BLACK
6
CONTINUOUS
10
3.5729135039370079
20
-4.2256179921259838
11
3.5729220472440946
21
-4.2255923228346459
0
LINE
8
BLACK
6
CONTINUOUS
10
3.5729220472440946
20
-4.2255923228346459
11
3.5729105118110236
21
-4.2255342913385823
0
LINE
8
BLACK
6
CONTINUOUS
10
3.5729105118110236
20
-4.2255342913385823
11
3.5729105118110236
21
-4.2225346456692909
0
LINE
8
BLACK
6
CONTINUOUS
10
3.5729105118110236
20
-4.2225346456692909
11
3.5729220472440946
21
-4.2224765748031494
0
LINE
8
BLACK
6
CONTINUOUS
10
3.5729220472440946
20
-4.2224765748031494
11
3.5729135039370079
21
-4.2224509448818894
0
LINE
8
BLACK
6
CONTINUOUS
10
3.5729135039370079
20
-4.2224509448818894
11
3.572963464566929
21
-4.222268385826772
0
LINE
8
BLACK
6
CONTINUOUS
10
3.572963464566929
20
-4.222268385826772
11
3.5730004330708662
21
-4.2220826377952756
0
LINE
8
BLACK
6
CONTINUOUS
10
3.5730004330708662
20
-4.2220826377952756
11
3.5730195669291338
21
-4.2220634645669293
0
LINE
8
BLACK
6
CONTINUOUS
10
3.5730195669291338
20
-4.2220634645669293
11
3.5730351968503937
21
-4.2220064173228344
0
LINE
8
BLACK
6
CONTINUOUS
10
3.5730351968503937
20
-4.2220064173228344
11
3.5737851181102362
21
-4.2205066141732281
0
LINE
8
BLACK
6
CONTINUOUS
10
3.5737851181102362
20
-4.2205066141732281
11
3.5739013385826772
21
-4.220356850393701
0
LINE
8
BLACK
6
CONTINUOUS
10
3.5739013385826772
20
-4.220356850393701
11
3.574006377952756
21
-4.2201996850393702
0
LINE
8
BLACK
6
CONTINUOUS
10
3.574006377952756
20
-4.2201996850393702
11
3.5747562598425198
21
-4.2194497637795276
0
LINE
8
BLACK
6
CONTINUOUS
10
3.5747562598425198
20
-4.2194497637795276
11
3.5749139763779527
21
-4.2193443700787396
0
LINE
8
BLACK
6
CONTINUOUS
10
3.5749139763779527
20
-4.2193443700787396
11
3.5750632283464565
21
-4.2192285433070866
0
LINE
8
BLACK
6
CONTINUOUS
10
3.5750632283464565
20
-4.2192285433070866
11
3.5765630708661416
21
-4.2184786220472441
0
LINE
8
BLACK
6
CONTINUOUS
10
3.5765630708661416
20
-4.2184786220472441
11
3.5766200787401572
21
-4.2184629921259837
0
LINE
8
BLACK
6
CONTINUOUS
10
3.5766200787401572
20
-4.2184629921259837
11
3.576639251968504
21
-4.2184438582677162
0
LINE
8
BLACK
6
CONTINUOUS
10
3.576639251968504
20
-4.2184438582677162
11
3.5768247244094487
21
-4.2184069291338577
0
LINE
8
BLACK
6
CONTINUOUS
10
3.5768247244094487
20
-4.2184069291338577
11
3.5770075590551182
21
-4.2183568897637791
0
LINE
8
BLACK
6
CONTINUOUS
10
3.5770075590551182
20
-4.2183568897637791
11
3.5770332677165353
21
-4.2183654330708658
0
LINE
8
BLACK
6
CONTINUOUS
10
3.5770332677165353
20
-4.2183654330708658
11
3.5770912598425197
21
-4.2183539370078735
0
LINE
8
BLACK
6
CONTINUOUS
10
3.5770912598425197
20
-4.2183539370078735
11
3.5808407874015749
21
-4.2183539370078735
0
LINE
8
BLACK
6
CONTINUOUS
10
3.5808407874015749
20
-4.2183539370078735
11
3.5808988188976376
21
-4.2183654724409445
0
LINE
8
BLACK
6
CONTINUOUS
10
3.5762910629921261
20
-4.2212556299212594
11
3.5758122047244094
21
-4.2217344488188973
0
LINE
8
BLACK
6
CONTINUOUS
10
3.5758122047244094
20
-4.2217344488188973
11
3.5752727165354328
21
-4.2228135039370081
0
LINE
8
BLACK
6
CONTINUOUS
10
3.5752727165354328
20
-4.2228135039370081
11
3.5752727165354328
21
-4.225255433070866
0
LINE
8
BLACK
6
CONTINUOUS
10
3.5752727165354328
20
-4.225255433070866
11
3.5758122047244094
21
-4.2263344094488184
0
LINE
8
BLACK
6
CONTINUOUS
10
3.5758122047244094
20
-4.2263344094488184
11
3.5762911023622048
21
-4.2268133070866138
0
LINE
8
BLACK
6
CONTINUOUS
10
3.5762911023622048
20
-4.2268133070866138
11
3.5773700787401572
21
-4.22735279527559
0
LINE
8
BLACK
6
CONTINUOUS
10
3.5773700787401572
20
-4.22735279527559
11
3.5805619685039369
21
-4.22735279527559
0
LINE
8
BLACK
6
CONTINUOUS
10
3.5805619685039369
20
-4.22735279527559
11
3.5816409842519685
21
-4.2268132677165351
0
LINE
8
BLACK
6
CONTINUOUS
10
3.5816409842519685
20
-4.2268132677165351
11
3.5821197637795277
21
-4.2263344881889759
0
LINE
8
BLACK
6
CONTINUOUS
10
3.5821197637795277
20
-4.2263344881889759
11
3.5826592913385826
21
-4.2252554724409448
0
LINE
8
BLACK
6
CONTINUOUS
10
3.5826592913385826
20
-4.2252554724409448
11
3.5826592913385826
21
-4.2228134251968505
0
LINE
8
BLACK
6
CONTINUOUS
10
3.5826592913385826
20
-4.2228134251968505
11
3.5821198425196847
21
-4.2217345275590548
0
LINE
8
BLACK
6
CONTINUOUS
10
3.5821198425196847
20
-4.2217345275590548
11
3.581640905511811
21
-4.2212556299212594
0
LINE
8
BLACK
6
CONTINUOUS
10
3.581640905511811
20
-4.2212556299212594
11
3.5805619291338582
21
-4.2207161417322832
0
LINE
8
BLACK
6
CONTINUOUS
10
3.5805619291338582
20
-4.2207161417322832
11
3.577370118110236
21
-4.2207161417322832
0
LINE
8
BLACK
6
CONTINUOUS
10
3.577370118110236
20
-4.2207161417322832
11
3.5762910629921261
21
-4.2212556299212594
0
LINE
8
BLACK
6
CONTINUOUS
10
3.5902916535433071
20
-4.2026958267716532
11
3.5909308267716535
21
-4.203335
0
LINE
8
BLACK
6
CONTINUOUS
10
3.5909308267716535
20
-4.203335
11
3.5910207480314962
21
-4.2037870078740154
0
LINE
8
BLACK
6
CONTINUOUS
10
3.5910207480314962
20
-4.2037870078740154
11
3.5910207480314962
21
-4.2135357874015744
0
LINE
8
BLACK
6
CONTINUOUS
10
3.5910207480314962
20
-4.2135357874015744
11
3.5909308267716535
21
-4.2139877952755906
0
LINE
8
BLACK
6
CONTINUOUS
10
3.5909308267716535
20
-4.2139877952755906
11
3.5902916535433071
21
-4.2146269685039366
0
LINE
8
BLACK
6
CONTINUOUS
10
3.5902916535433071
20
-4.2146269685039366
11
3.5893876377952756
21
-4.2146269685039366
0
LINE
8
BLACK
6
CONTINUOUS
10
3.5893876377952756
20
-4.2146269685039366
11
3.5887484645669292
21
-4.2139877952755906
0
LINE
8
BLACK
6
CONTINUOUS
10
3.5887484645669292
20
-4.2139877952755906
11
3.5886585433070866
21
-4.2135357874015744
0
LINE
8
BLACK
6
CONTINUOUS
10
3.5886585433070866
20
-4.2135357874015744
11
3.5886585433070866
21
-4.2066384251968501
0
LINE
8
BLACK
6
CONTINUOUS
10
3.5886585433070866
20
-4.2066384251968501
11
3.5816759448818898
21
-4.213621062992126
0
LINE
8
BLACK
6
CONTINUOUS
10
3.5816759448818898
20
-4.213621062992126
11
3.5816267322834645
21
-4.2136538976377951
0
LINE
8
BLACK
6
CONTINUOUS
10
3.5816267322834645
20
-4.2136538976377951
11
3.5816146456692914
21
-4.2136781496062987
0
LINE
8
BLACK
6
CONTINUOUS
10
3.5816146456692914
20
-4.2136781496062987
11
3.5814499999999998
21
-4.2137720078740157
0
LINE
8
BLACK
6
CONTINUOUS
10
3.5814499999999998
20
-4.2137720078740157
11
3.5812927559055119
21
-4.2138770866141728
0
LINE
8
BLACK
6
CONTINUOUS
10
3.5812927559055119
20
-4.2138770866141728
11
3.581265748031496
21
-4.2138770866141728
0
LINE
8
BLACK
6
CONTINUOUS
10
3.581265748031496
20
-4.2138770866141728
11
3.5812142913385827
21
-4.2139064173228347
0
LINE
8
BLACK
6
CONTINUOUS
10
3.5812142913385827
20
-4.2139064173228347
11
3.5789645669291339
21
-4.2146562992125984
0
LINE
8
BLACK
6
CONTINUOUS
10
3.5789645669291339
20
-4.2146562992125984
11
3.578776653543307
21
-4.2146799606299208
0
LINE
8
BLACK
6
CONTINUOUS
10
3.578776653543307
20
-4.2146799606299208
11
3.578591062992126
21
-4.2147168897637792
0
LINE
8
BLACK
6
CONTINUOUS
10
3.578591062992126
20
-4.2147168897637792
11
3.5770912598425197
21
-4.2147168897637792
0
LINE
8
BLACK
6
CONTINUOUS
10
3.5770912598425197
20
-4.2147168897637792
11
3.5770331889763778
21
-4.2147053149606295
0
LINE
8
BLACK
6
CONTINUOUS
10
3.5770331889763778
20
-4.2147053149606295
11
3.5770075590551182
21
-4.2147138976377949
0
LINE
8
BLACK
6
CONTINUOUS
10
3.5770075590551182
20
-4.2147138976377949
11
3.5768250393700787
21
-4.214663897637795
0
LINE
8
BLACK
6
CONTINUOUS
10
3.5768250393700787
20
-4.214663897637795
11
3.576639251968504
21
-4.2146269685039366
0
LINE
8
BLACK
6
CONTINUOUS
10
3.576639251968504
20
-4.2146269685039366
11
3.5766200787401572
21
-4.2146077952755903
0
LINE
8
BLACK
6
CONTINUOUS
10
3.5766200787401572
20
-4.2146077952755903
11
3.5765630708661416
21
-4.2145922047244095
0
LINE
8
BLACK
6
CONTINUOUS
10
3.5765630708661416
20
-4.2145922047244095
11
3.5750632283464565
21
-4.2138423228346458
0
LINE
8
BLACK
6
CONTINUOUS
10
3.5750632283464565
20
-4.2138423228346458
11
3.5749135826771652
21
-4.2137261811023619
0
LINE
8
BLACK
6
CONTINUOUS
10
3.5749135826771652
20
-4.2137261811023619
11
3.574756220472441
21
-4.2136210236220473
0
LINE
8
BLACK
6
CONTINUOUS
10
3.574756220472441
20
-4.2136210236220473
11
3.5740063385826772
21
-4.2128711417322835
0
LINE
8
BLACK
6
CONTINUOUS
10
3.5740063385826772
20
-4.2128711417322835
11
3.5739011417322835
21
-4.2127136614173226
0
LINE
8
BLACK
6
CONTINUOUS
10
3.5739011417322835
20
-4.2127136614173226
11
3.5737851181102362
21
-4.2125642125984255
0
LINE
8
BLACK
6
CONTINUOUS
10
3.5737851181102362
20
-4.2125642125984255
11
3.5730351968503937
21
-4.2110644094488192
0
LINE
8
BLACK
6
CONTINUOUS
10
3.5730351968503937
20
-4.2110644094488192
11
3.5730195669291338
21
-4.2110073228346456
0
LINE
8
BLACK
6
CONTINUOUS
10
3.5730195669291338
20
-4.2110073228346456
11
3.5730004330708662
21
-4.2109881889763781
0
LINE
8
BLACK
6
CONTINUOUS
10
3.5730004330708662
20
-4.2109881889763781
11
3.572963464566929
21
-4.2108024015748029
0
LINE
8
BLACK
6
CONTINUOUS
10
3.572963464566929
20
-4.2108024015748029
11
3.5729135039370079
21
-4.2106198818897633
0
LINE
8
BLACK
6
CONTINUOUS
10
3.5729135039370079
20
-4.2106198818897633
11
3.5729220472440946
21
-4.2105942125984255
0
LINE
8
BLACK
6
CONTINUOUS
10
3.5729220472440946
20
-4.2105942125984255
11
3.5729105118110236
21
-4.2105361811023618
0
LINE
8
BLACK
6
CONTINUOUS
10
3.5729105118110236
20
-4.2105361811023618
11
3.5729105118110236
21
-4.2067866535433067
0
LINE
8
BLACK
6
CONTINUOUS
10
3.5729105118110236
20
-4.2067866535433067
11
3.5729220472440946
21
-4.2067285826771652
0
LINE
8
BLACK
6
CONTINUOUS
10
3.5729220472440946
20
-4.2067285826771652
11
3.5729135039370079
21
-4.2067029527559052
0
LINE
8
BLACK
6
CONTINUOUS
10
3.5729135039370079
20
-4.2067029527559052
11
3.572963464566929
21
-4.2065203937007869
0
LINE
8
BLACK
6
CONTINUOUS
10
3.572963464566929
20
-4.2065203937007869
11
3.5730004330708662
21
-4.2063346456692914
0
LINE
8
BLACK
6
CONTINUOUS
10
3.5730004330708662
20
-4.2063346456692914
11
3.5730195669291338
21
-4.2063154724409451
0
LINE
8
BLACK
6
CONTINUOUS
10
3.5730195669291338
20
-4.2063154724409451
11
3.5730351968503937
21
-4.2062584251968502
0
LINE
8
BLACK
6
CONTINUOUS
10
3.5730351968503937
20
-4.2062584251968502
11
3.5737851181102362
21
-4.2047586220472439
0
LINE
8
BLACK
6
CONTINUOUS
10
3.5737851181102362
20
-4.2047586220472439
11
3.5739011417322835
21
-4.2046091338582672
0
LINE
8
BLACK
6
CONTINUOUS
10
3.5739011417322835
20
-4.2046091338582672
11
3.5740063385826772
21
-4.2044516929133859
0
LINE
8
BLACK
6
CONTINUOUS
10
3.5740063385826772
20
-4.2044516929133859
11
3.574756220472441
21
-4.2037018110236222
0
LINE
8
BLACK
6
CONTINUOUS
10
3.574756220472441
20
-4.2037018110236222
11
3.5751394094488189
21
-4.2034457480314957
0
LINE
8
BLACK
6
CONTINUOUS
10
3.5751394094488189
20
-4.2034457480314957
11
3.576043346456693
21
-4.203445708661417
0
LINE
8
BLACK
6
CONTINUOUS
10
3.576043346456693
20
-4.203445708661417
11
3.5766825984251969
21
-4.2040849606299213
0
LINE
8
BLACK
6
CONTINUOUS
10
3.5766825984251969
20
-4.2040849606299213
11
3.5766826377952756
21
-4.2049888582677166
0
LINE
8
BLACK
6
CONTINUOUS
10
3.5766826377952756
20
-4.2049888582677166
11
3.5764266141732284
21
-4.2053720866141733
0
LINE
8
BLACK
6
CONTINUOUS
10
3.5764266141732284
20
-4.2053720866141733
11
3.5758122047244094
21
-4.2059864960629918
0
LINE
8
BLACK
6
CONTINUOUS
10
3.5758122047244094
20
-4.2059864960629918
11
3.5752727165354328
21
-4.2070655118110238
0
LINE
8
BLACK
6
CONTINUOUS
10
3.5752727165354328
20
-4.2070655118110238
11
3.5752727165354328
21
-4.2102573228346456
0
LINE
8
BLACK
6
CONTINUOUS
10
3.5752727165354328
20
-4.2102573228346456
11
3.5758122047244094
21
-4.211336299212598
0
LINE
8
BLACK
6
CONTINUOUS
10
3.5758122047244094
20
-4.211336299212598
11
3.5762911023622048
21
-4.2118151968503934
0
LINE
8
BLACK
6
CONTINUOUS
10
3.5762911023622048
20
-4.2118151968503934
11
3.5773700787401572
21
-4.2123546850393696
0
LINE
8
BLACK
6
CONTINUOUS
10
3.5773700787401572
20
-4.2123546850393696
11
3.5783993307086615
21
-4.2123546850393696
0
LINE
8
BLACK
6
CONTINUOUS
10
3.5783993307086615
20
-4.2123546850393696
11
3.5802027952755906
21
-4.2117535433070863
0
LINE
8
BLACK
6
CONTINUOUS
10
3.5802027952755906
20
-4.2117535433070863
11
3.5890044881889764
21
-4.2029518503937009
0
LINE
8
BLACK
6
CONTINUOUS
10
3.5890044881889764
20
-4.2029518503937009
11
3.5893875196850393
21
-4.2026959055118107
0
LINE
8
BLACK
6
CONTINUOUS
10
3.5893875196850393
20
-4.2026959055118107
11
3.5893876377952756
21
-4.2026958267716532
0
LINE
8
BLACK
6
CONTINUOUS
10
3.5893876377952756
20
-4.2026958267716532
11
3.5893876771653543
21
-4.2026958267716532
0
LINE
8
BLACK
6
CONTINUOUS
10
3.5893876771653543
20
-4.2026958267716532
11
3.5902916141732284
21
-4.2026957874015745
0
LINE
8
BLACK
6
CONTINUOUS
10
3.5902916141732284
20
-4.2026957874015745
11
3.5902916535433071
21
-4.2026958267716532
0
LINE
8
BLACK
6
CONTINUOUS
10
3.5832324803149604
20
-4.1876360236220469
11
3.5833769685039369
21
-4.1876430708661418
0
LINE
8
BLACK
6
CONTINUOUS
10
3.5833769685039369
20
-4.1876430708661418
11
3.5863765748031495
21
-4.1883929921259844
0
LINE
8
BLACK
6
CONTINUOUS
10
3.5863765748031495
20
-4.1883929921259844
11
3.5864935039370076
21
-4.1884482283464566
0
LINE
8
BLACK
6
CONTINUOUS
10
3.5864935039370076
20
-4.1884482283464566
11
3.586618307086614
21
-4.1884824015748032
0
LINE
8
BLACK
6
CONTINUOUS
10
3.586618307086614
20
-4.1884824015748032
11
3.5881181102362203
21
-4.189232283464567
0
LINE
8
BLACK
6
CONTINUOUS
10
3.5881181102362203
20
-4.189232283464567
11
3.5882675984251966
21
-4.1893483070866138
0
LINE
8
BLACK
6
CONTINUOUS
10
3.5882675984251966
20
-4.1893483070866138
11
3.5884250787401575
21
-4.1894535433070867
0
LINE
8
BLACK
6
CONTINUOUS
10
3.5884250787401575
20
-4.1894535433070867
11
3.5899249212598425
21
-4.1909533070866143
0
LINE
8
BLACK
6
CONTINUOUS
10
3.5899249212598425
20
-4.1909533070866143
11
3.5899577952755903
21
-4.1910025196850391
0
LINE
8
BLACK
6
CONTINUOUS
10
3.5899577952755903
20
-4.1910025196850391
11
3.5899820078740157
21
-4.1910146456692914
0
LINE
8
BLACK
6
CONTINUOUS
10
3.5899820078740157
20
-4.1910146456692914
11
3.5900757874015747
21
-4.1911791338582676
0
LINE
8
BLACK
6
CONTINUOUS
10
3.5900757874015747
20
-4.1911791338582676
11
3.5901809448818898
21
-4.1913365354330709
0
LINE
8
BLACK
6
CONTINUOUS
10
3.5901809448818898
20
-4.1913365354330709
11
3.5901809448818898
21
-4.1913635433070864
0
LINE
8
BLACK
6
CONTINUOUS
10
3.5901809448818898
20
-4.1913635433070864
11
3.5902102755905512
21
-4.1914150000000001
0
LINE
8
BLACK
6
CONTINUOUS
10
3.5902102755905512
20
-4.1914150000000001
11
3.5909601574803149
21
-4.1936647637795277
0
LINE
8
BLACK
6
CONTINUOUS
10
3.5909601574803149
20
-4.1936647637795277
11
3.590983779527559
21
-4.1938525590551183
0
LINE
8
BLACK
6
CONTINUOUS
10
3.590983779527559
20
-4.1938525590551183
11
3.5910207480314962
21
-4.1940382283464563
0
LINE
8
BLACK
6
CONTINUOUS
10
3.5910207480314962
20
-4.1940382283464563
11
3.5910207480314962
21
-4.1955380708661414
0
LINE
8
BLACK
6
CONTINUOUS
10
3.5910207480314962
20
-4.1955380708661414
11
3.5909838188976377
21
-4.1957236614173228
0
LINE
8
BLACK
6
CONTINUOUS
10
3.5909838188976377
20
-4.1957236614173228
11
3.5909601574803149
21
-4.1959115748031497
0
LINE
8
BLACK
6
CONTINUOUS
10
3.5909601574803149
20
-4.1959115748031497
11
3.5902102755905512
21
-4.1981612598425198
0
LINE
8
BLACK
6
CONTINUOUS
10
3.5902102755905512
20
-4.1981612598425198
11
3.5901809842519685
21
-4.1982125984251963
0
LINE
8
BLACK
6
CONTINUOUS
10
3.5901809842519685
20
-4.1982125984251963
11
3.5901809842519685
21
-4.1982397244094489
0
LINE
8
BLACK
6
CONTINUOUS
10
3.5901809842519685
20
-4.1982397244094489
11
3.5900757086614172
21
-4.1983972047244089
0
LINE
8
BLACK
6
CONTINUOUS
10
3.5900757086614172
20
-4.1983972047244089
11
3.5899820078740157
21
-4.1985616141732285
0
LINE
8
BLACK
6
CONTINUOUS
10
3.5899820078740157
20
-4.1985616141732285
11
3.5899577559055116
21
-4.1985737007874011
0
LINE
8
BLACK
6
CONTINUOUS
10
3.5899577559055116
20
-4.1985737007874011
11
3.5899249212598425
21
-4.1986229133858268
0
LINE
8
BLACK
6
CONTINUOUS
10
3.5899249212598425
20
-4.1986229133858268
11
3.589175
21
-4.1993728346456694
0
LINE
8
BLACK
6
CONTINUOUS
10
3.589175
20
-4.1993728346456694
11
3.5887918110236221
21
-4.1996288582677161
0
LINE
8
BLACK
6
CONTINUOUS
10
3.5887918110236221
20
-4.1996288582677161
11
3.587887874015748
21
-4.1996288582677161
0
LINE
8
BLACK
6
CONTINUOUS
10
3.587887874015748
20
-4.1996288582677161
11
3.5872486614173229
21
-4.1989896456692914
0
LINE
8
BLACK
6
CONTINUOUS
10
3.5872486614173229
20
-4.1989896456692914
11
3.5872486614173229
21
-4.1980857086614174
0
LINE
8
BLACK
6
CONTINUOUS
10
3.5872486614173229
20
-4.1980857086614174
11
3.5875046850393701
21
-4.1977025196850395
0
LINE
8
BLACK
6
CONTINUOUS
10
3.5875046850393701
20
-4.1977025196850395
11
3.5880573622047245
21
-4.197149803149606
0
LINE
8
BLACK
6
CONTINUOUS
10
3.5880573622047245
20
-4.197149803149606
11
3.5886585433070866
21
-4.1953463385826772
0
LINE
8
BLACK
6
CONTINUOUS
10
3.5886585433070866
20
-4.1953463385826772
11
3.5886585433070866
21
-4.1942299212598426
0
LINE
8
BLACK
6
CONTINUOUS
10
3.5886585433070866
20
-4.1942299212598426
11
3.5880573622047245
21
-4.192426456692913
0
LINE
8
BLACK
6
CONTINUOUS
10
3.5880573622047245
20
-4.192426456692913
11
3.5868903149606299
21
-4.1912594094488185
0
LINE
8
BLACK
6
CONTINUOUS
10
3.5868903149606299
20
-4.1912594094488185
11
3.585677834645669
21
-4.1906531496062991
0
LINE
8
BLACK
6
CONTINUOUS
10
3.585677834645669
20
-4.1906531496062991
11
3.5829451574803151
21
-4.1899699999999998
0
LINE
8
BLACK
6
CONTINUOUS
10
3.5829451574803151
20
-4.1899699999999998
11
3.5809861417322835
21
-4.1899699999999998
0
LINE
8
BLACK
6
CONTINUOUS
10
3.5809861417322835
20
-4.1899699999999998
11
3.5782533858267715
21
-4.1906531889763778
0
LINE
8
BLACK
6
CONTINUOUS
10
3.5782533858267715
20
-4.1906531889763778
11
3.5770409842519686
21
-4.1912593700787397
0
LINE
8
BLACK
6
CONTINUOUS
10
3.5770409842519686
20
-4.1912593700787397
11
3.5758738188976378
21
-4.1924264960629918
0
LINE
8
BLACK
6
CONTINUOUS
10
3.5758738188976378
20
-4.1924264960629918
11
3.5752727165354328
21
-4.1942298425196851
0
LINE
8
BLACK
6
CONTINUOUS
10
3.5752727165354328
20
-4.1942298425196851
11
3.5752727165354328
21
-4.1953464173228348
0
LINE
8
BLACK
6
CONTINUOUS
10
3.5752727165354328
20
-4.1953464173228348
11
3.5758738188976378
21
-4.1971496850393697
0
LINE
8
BLACK
6
CONTINUOUS
10
3.5758738188976378
20
-4.1971496850393697
11
3.5764266141732284
21
-4.1977025196850395
0
LINE
8
BLACK
6
CONTINUOUS
10
3.5764266141732284
20
-4.1977025196850395
11
3.5766826377952756
21
-4.1980857480314961
0
LINE
8
BLACK
6
CONTINUOUS
10
3.5766826377952756
20
-4.1980857480314961
11
3.5766825984251969
21
-4.1989896456692914
0
LINE
8
BLACK
6
CONTINUOUS
10
3.5766825984251969
20
-4.1989896456692914
11
3.576043346456693
21
-4.1996288976377949
0
LINE
8
BLACK
6
CONTINUOUS
10
3.576043346456693
20
-4.1996288976377949
11
3.5751394094488189
21
-4.1996288582677161
0
LINE
8
BLACK
6
CONTINUOUS
10
3.5751394094488189
20
-4.1996288582677161
11
3.574756220472441
21
-4.1993727952755906
0
LINE
8
BLACK
6
CONTINUOUS
10
3.574756220472441
20
-4.1993727952755906
11
3.5740063385826772
21
-4.1986229133858268
0
LINE
8
BLACK
6
CONTINUOUS
10
3.5740063385826772
20
-4.1986229133858268
11
3.5739734251968502
21
-4.1985736614173224
0
LINE
8
BLACK
6
CONTINUOUS
10
3.5739734251968502
20
-4.1985736614173224
11
3.5739492913385824
21
-4.1985616141732285
0
LINE
8
BLACK
6
CONTINUOUS
10
3.5739492913385824
20
-4.1985616141732285
11
3.5738556692913384
21
-4.1983973622047239
0
LINE
8
BLACK
6
CONTINUOUS
10
3.5738556692913384
20
-4.1983973622047239
11
3.57375031496063
21
-4.1982396850393702
0
LINE
8
BLACK
6
CONTINUOUS
10
3.57375031496063
20
-4.1982396850393702
11
3.57375031496063
21
-4.1982125590551176
0
LINE
8
BLACK
6
CONTINUOUS
10
3.57375031496063
20
-4.1982125590551176
11
3.5737210629921261
21
-4.1981612598425198
0
LINE
8
BLACK
6
CONTINUOUS
10
3.5737210629921261
20
-4.1981612598425198
11
3.5729711417322836
21
-4.1959115748031497
0
LINE
8
BLACK
6
CONTINUOUS
10
3.5729711417322836
20
-4.1959115748031497
11
3.5729474803149603
21
-4.195723937007874
0
LINE
8
BLACK
6
CONTINUOUS
10
3.5729474803149603
20
-4.195723937007874
11
3.5729105118110236
21
-4.1955380708661414
0
LINE
8
BLACK
6
CONTINUOUS
10
3.5729105118110236
20
-4.1955380708661414
11
3.5729105118110236
21
-4.1940382283464563
0
LINE
8
BLACK
6
CONTINUOUS
10
3.5729105118110236
20
-4.1940382283464563
11
3.5729474803149603
21
-4.1938523228346458
0
LINE
8
BLACK
6
CONTINUOUS
10
3.5729474803149603
20
-4.1938523228346458
11
3.5729711417322836
21
-4.1936647244094489
0
LINE
8
BLACK
6
CONTINUOUS
10
3.5729711417322836
20
-4.1936647244094489
11
3.5737210629921261
21
-4.1914150000000001
0
LINE
8
BLACK
6
CONTINUOUS
10
3.5737210629921261
20
-4.1914150000000001
11
3.5737503543307088
21
-4.1913635826771651
0
LINE
8
BLACK
6
CONTINUOUS
10
3.5737503543307088
20
-4.1913635826771651
11
3.5737503543307088
21
-4.1913365354330709
0
LINE
8
BLACK
6
CONTINUOUS
10
3.5737503543307088
20
-4.1913365354330709
11
3.5738555118110233
21
-4.1911790944881888
0
LINE
8
BLACK
6
CONTINUOUS
10
3.5738555118110233
20
-4.1911790944881888
11
3.5739492913385824
21
-4.1910146456692914
0
LINE
8
BLACK
6
CONTINUOUS
10
3.5739492913385824
20
-4.1910146456692914
11
3.5739735039370077
21
-4.1910025196850391
0
LINE
8
BLACK
6
CONTINUOUS
10
3.5739735039370077
20
-4.1910025196850391
11
3.574006377952756
21
-4.190953346456693
0
LINE
8
BLACK
6
CONTINUOUS
10
3.574006377952756
20
-4.190953346456693
11
3.5755061417322835
21
-4.1894535433070867
0
LINE
8
BLACK
6
CONTINUOUS
10
3.5755061417322835
20
-4.1894535433070867
11
3.5756635039370077
21
-4.1893483858267713
0
LINE
8
BLACK
6
CONTINUOUS
10
3.5756635039370077
20
-4.1893483858267713
11
3.575813149606299
21
-4.189232283464567
0
LINE
8
BLACK
6
CONTINUOUS
10
3.575813149606299
20
-4.189232283464567
11
3.5773129527559053
21
-4.1884824015748032
0
LINE
8
BLACK
6
CONTINUOUS
10
3.5773129527559053
20
-4.1884824015748032
11
3.577437716535433
21
-4.1884482283464566
0
LINE
8
BLACK
6
CONTINUOUS
10
3.577437716535433
20
-4.1884482283464566
11
3.5775546850393698
21
-4.1883929921259844
0
LINE
8
BLACK
6
CONTINUOUS
10
3.5775546850393698
20
-4.1883929921259844
11
3.5805543307086611
21
-4.1876430708661418
0
LINE
8
BLACK
6
CONTINUOUS
10
3.5805543307086611
20
-4.1876430708661418
11
3.5806987795275589
21
-4.1876360236220469
0
LINE
8
BLACK
6
CONTINUOUS
10
3.5806987795275589
20
-4.1876360236220469
11
3.5808407874015749
21
-4.1876077952755901
0
LINE
8
BLACK
6
CONTINUOUS
10
3.5808407874015749
20
-4.1876077952755901
11
3.5830905118110237
21
-4.1876077952755901
0
LINE
8
BLACK
6
CONTINUOUS
10
3.5830905118110237
20
-4.1876077952755901
11
3.5832324803149604
21
-4.1876360236220469
0
LINE
8
BLACK
6
CONTINUOUS
10
3.5991785039370079
20
-4.1753466929133856
11
3.6002438582677163
21
-4.176412047244094
0
LINE
8
BLACK
6
CONTINUOUS
10
3.6002438582677163
20
-4.176412047244094
11
3.6003937007874014
21
-4.1771653543307083
0
LINE
8
BLACK
6
CONTINUOUS
10
3.6003937007874014
20
-4.1771653543307083
11
3.6003937007874014
21
-4.2401574803149602
0
LINE
8
BLACK
6
CONTINUOUS
10
3.6003937007874014
20
-4.2401574803149602
11
3.6002438582677163
21
-4.2409107874015746
0
LINE
8
BLACK
6
CONTINUOUS
10
3.6002438582677163
20
-4.2409107874015746
11
3.5991785039370079
21
-4.241976141732283
0
LINE
8
BLACK
6
CONTINUOUS
10
3.5991785039370079
20
-4.241976141732283
11
3.5984251968503935
21
-4.2421259842519685
0
LINE
8
BLACK
6
CONTINUOUS
10
3.5984251968503935
20
-4.2421259842519685
11
3.5669291338582676
21
-4.2421259842519685
0
LINE
8
BLACK
6
CONTINUOUS
10
3.5669291338582676
20
-4.2421259842519685
11
3.5661758267716537
21
-4.241976141732283
0
LINE
8
BLACK
6
CONTINUOUS
10
3.5661758267716537
20
-4.241976141732283
11
3.5651104724409448
21
-4.2409107874015746
0
LINE
8
BLACK
6
CONTINUOUS
10
3.5651104724409448
20
-4.2409107874015746
11
3.5649606299212597
21
-4.2401574803149602
0
LINE
8
BLACK
6
CONTINUOUS
10
3.5649606299212597
20
-4.2401574803149602
11
3.5649606299212597
21
-4.1771653543307083
0
LINE
8
BLACK
6
CONTINUOUS
10
3.5649606299212597
20
-4.1771653543307083
11
3.5651104724409448
21
-4.176412047244094
0
LINE
8
BLACK
6
CONTINUOUS
10
3.5651104724409448
20
-4.176412047244094
11
3.5661758267716537
21
-4.1753466929133856
0
LINE
8
BLACK
6
CONTINUOUS
10
3.5661758267716537
20
-4.1753466929133856
11
3.5669291338582676
21
-4.1751968503937009
0
LINE
8
BLACK
6
CONTINUOUS
10
3.5669291338582676
20
-4.1751968503937009
11
3.5984251968503935
21
-4.1751968503937009
0
LINE
8
BLACK
6
CONTINUOUS
10
3.5984251968503935
20
-4.1751968503937009
11
3.5991785039370079
21
-4.1753466929133856
0
LINE
8
BLACK
6
CONTINUOUS
10
3.5688976377952755
20
-4.1791338582677167
11
3.5688976377952755
21
-4.2381889763779528
0
LINE
8
BLACK
6
CONTINUOUS
10
3.5688976377952755
20
-4.2381889763779528
11
3.5964566929133857
21
-4.2381889763779528
0
LINE
8
BLACK
6
CONTINUOUS
10
3.5964566929133857
20
-4.2381889763779528
11
3.5964566929133857
21
-4.1791338582677167
0
LINE
8
BLACK
6
CONTINUOUS
10
3.5964566929133857
20
-4.1791338582677167
11
3.5688976377952755
21
-4.1791338582677167
0
LINE
8
BLACK
6
CONTINUOUS
10
3.6493467716535433
20
-4.2176939370078737
11
3.6499859448818897
21
-4.2183331102362205
0
LINE
8
BLACK
6
CONTINUOUS
10
3.6499859448818897
20
-4.2183331102362205
11
3.6500758661417323
21
-4.2187851181102358
0
LINE
8
BLACK
6
CONTINUOUS
10
3.6500758661417323
20
-4.2187851181102358
11
3.6500758661417323
21
-4.2285338976377949
0
LINE
8
BLACK
6
CONTINUOUS
10
3.6500758661417323
20
-4.2285338976377949
11
3.6499859448818897
21
-4.2289859055118111
0
LINE
8
BLACK
6
CONTINUOUS
10
3.6499859448818897
20
-4.2289859055118111
11
3.6493467716535433
21
-4.229625078740157
0
LINE
8
BLACK
6
CONTINUOUS
10
3.6493467716535433
20
-4.229625078740157
11
3.6484427559055117
21
-4.229625078740157
0
LINE
8
BLACK
6
CONTINUOUS
10
3.6484427559055117
20
-4.229625078740157
11
3.6478035826771653
21
-4.2289859055118111
0
LINE
8
BLACK
6
CONTINUOUS
10
3.6478035826771653
20
-4.2289859055118111
11
3.6477136614173227
21
-4.2285338976377949
0
LINE
8
BLACK
6
CONTINUOUS
10
3.6477136614173227
20
-4.2285338976377949
11
3.6477136614173227
21
-4.2216365354330705
0
LINE
8
BLACK
6
CONTINUOUS
10
3.6477136614173227
20
-4.2216365354330705
11
3.6407310629921259
21
-4.2286191732283465
0
LINE
8
BLACK
6
CONTINUOUS
10
3.6407310629921259
20
-4.2286191732283465
11
3.6406818503937006
21
-4.2286520078740155
0
LINE
8
BLACK
6
CONTINUOUS
10
3.6406818503937006
20
-4.2286520078740155
11
3.6406697637795276
21
-4.2286762598425192
0
LINE
8
BLACK
6
CONTINUOUS
10
3.6406697637795276
20
-4.2286762598425192
11
3.6405051181102359
21
-4.2287701181102362
0
LINE
8
BLACK
6
CONTINUOUS
10
3.6405051181102359
20
-4.2287701181102362
11
3.640347874015748
21
-4.2288751968503933
0
LINE
8
BLACK
6
CONTINUOUS
10
3.640347874015748
20
-4.2288751968503933
11
3.6403208661417321
21
-4.2288751968503933
0
LINE
8
BLACK
6
CONTINUOUS
10
3.6403208661417321
20
-4.2288751968503933
11
3.6402694094488188
21
-4.2289045275590551
0
LINE
8
BLACK
6
CONTINUOUS
10
3.6402694094488188
20
-4.2289045275590551
11
3.63801968503937
21
-4.2296544094488189
0
LINE
8
BLACK
6
CONTINUOUS
10
3.63801968503937
20
-4.2296544094488189
11
3.6378317716535431
21
-4.2296780708661412
0
LINE
8
BLACK
6
CONTINUOUS
10
3.6378317716535431
20
-4.2296780708661412
11
3.6376461811023622
21
-4.2297149999999997
0
LINE
8
BLACK
6
CONTINUOUS
10
3.6376461811023622
20
-4.2297149999999997
11
3.6361463779527559
21
-4.2297149999999997
0
LINE
8
BLACK
6
CONTINUOUS
10
3.6361463779527559
20
-4.2297149999999997
11
3.6360883070866139
21
-4.2297034251968499
0
LINE
8
BLACK
6
CONTINUOUS
10
3.6360883070866139
20
-4.2297034251968499
11
3.6360626771653544
21
-4.2297120078740154
0
LINE
8
BLACK
6
CONTINUOUS
10
3.6360626771653544
20
-4.2297120078740154
11
3.6358801574803148
21
-4.2296620078740155
0
LINE
8
BLACK
6
CONTINUOUS
10
3.6358801574803148
20
-4.2296620078740155
11
3.6356943700787401
21
-4.229625078740157
0
LINE
8
BLACK
6
CONTINUOUS
10
3.6356943700787401
20
-4.229625078740157
11
3.6356751968503938
21
-4.2296059055118107
0
LINE
8
BLACK
6
CONTINUOUS
10
3.6356751968503938
20
-4.2296059055118107
11
3.6356181889763777
21
-4.22959031496063
0
LINE
8
BLACK
6
CONTINUOUS
10
3.6356181889763777
20
-4.22959031496063
11
3.6341183464566926
21
-4.2288404330708662
0
LINE
8
BLACK
6
CONTINUOUS
10
3.6341183464566926
20
-4.2288404330708662
11
3.6339687007874013
21
-4.2287242913385823
0
LINE
8
BLACK
6
CONTINUOUS
10
3.6339687007874013
20
-4.2287242913385823
11
3.6338113385826771
21
-4.2286191338582677
0
LINE
8
BLACK
6
CONTINUOUS
10
3.6338113385826771
20
-4.2286191338582677
11
3.6330614566929134
21
-4.2278692519685039
0
LINE
8
BLACK
6
CONTINUOUS
10
3.6330614566929134
20
-4.2278692519685039
11
3.6329562598425196
21
-4.2277117716535431
0
LINE
8
BLACK
6
CONTINUOUS
10
3.6329562598425196
20
-4.2277117716535431
11
3.6328402362204724
21
-4.2275623228346459
0
LINE
8
BLACK
6
CONTINUOUS
10
3.6328402362204724
20
-4.2275623228346459
11
3.6320903149606298
21
-4.2260625196850397
0
LINE
8
BLACK
6
CONTINUOUS
10
3.6320903149606298
20
-4.2260625196850397
11
3.6320746850393699
21
-4.2260054330708661
0
LINE
8
BLACK
6
CONTINUOUS
10
3.6320746850393699
20
-4.2260054330708661
11
3.6320555511811023
21
-4.2259862992125985
0
LINE
8
BLACK
6
CONTINUOUS
10
3.6320555511811023
20
-4.2259862992125985
11
3.6320185826771652
21
-4.2258005118110233
0
LINE
8
BLACK
6
CONTINUOUS
10
3.6320185826771652
20
-4.2258005118110233
11
3.631968622047244
21
-4.2256179921259838
0
LINE
8
BLACK
6
CONTINUOUS
10
3.631968622047244
20
-4.2256179921259838
11
3.6319771653543307
21
-4.2255923228346459
0
LINE
8
BLACK
6
CONTINUOUS
10
3.6319771653543307
20
-4.2255923228346459
11
3.6319656299212597
21
-4.2255342913385823
0
LINE
8
BLACK
6
CONTINUOUS
10
3.6319656299212597
20
-4.2255342913385823
11
3.6319656299212597
21
-4.2217847637795272
0
LINE
8
BLACK
6
CONTINUOUS
10
3.6319656299212597
20
-4.2217847637795272
11
3.6319771653543307
21
-4.2217266929133856
0
LINE
8
BLACK
6
CONTINUOUS
10
3.6319771653543307
20
-4.2217266929133856
11
3.631968622047244
21
-4.2217010629921257
0
LINE
8
BLACK
6
CONTINUOUS
10
3.631968622047244
20
-4.2217010629921257
11
3.6320185826771652
21
-4.2215185039370073
0
LINE
8
BLACK
6
CONTINUOUS
10
3.6320185826771652
20
-4.2215185039370073
11
3.6320555511811023
21
-4.2213327559055118
0
LINE
8
BLACK
6
CONTINUOUS
10
3.6320555511811023
20
-4.2213327559055118
11
3.6320746850393699
21
-4.2213135826771655
0
LINE
8
BLACK
6
CONTINUOUS
10
3.6320746850393699
20
-4.2213135826771655
11
3.6320903149606298
21
-4.2212565354330707
0
LINE
8
BLACK
6
CONTINUOUS
10
3.6320903149606298
20
-4.2212565354330707
11
3.6328402362204724
21
-4.2197567322834644
0
LINE
8
BLACK
6
CONTINUOUS
10
3.6328402362204724
20
-4.2197567322834644
11
3.6329562598425196
21
-4.2196072440944885
0
LINE
8
BLACK
6
CONTINUOUS
10
3.6329562598425196
20
-4.2196072440944885
11
3.6330614566929134
21
-4.2194498031496064
0
LINE
8
BLACK
6
CONTINUOUS
10
3.6330614566929134
20
-4.2194498031496064
11
3.6338113385826771
21
-4.2186999212598426
0
LINE
8
BLACK
6
CONTINUOUS
10
3.6338113385826771
20
-4.2186999212598426
11
3.634194527559055
21
-4.2184438582677162
0
LINE
8
BLACK
6
CONTINUOUS
10
3.634194527559055
20
-4.2184438582677162
11
3.6350984645669291
21
-4.2184438188976374
0
LINE
8
BLACK
6
CONTINUOUS
10
3.6350984645669291
20
-4.2184438188976374
11
3.635737716535433
21
-4.2190830708661418
0
LINE
8
BLACK
6
CONTINUOUS
10
3.635737716535433
20
-4.2190830708661418
11
3.6357377559055117
21
-4.2199869685039371
0
LINE
8
BLACK
6
CONTINUOUS
10
3.6357377559055117
20
-4.2199869685039371
11
3.6354817322834645
21
-4.2203701968503937
0
LINE
8
BLACK
6
CONTINUOUS
10
3.6354817322834645
20
-4.2203701968503937
11
3.6348673228346455
21
-4.2209846062992122
0
LINE
8
BLACK
6
CONTINUOUS
10
3.6348673228346455
20
-4.2209846062992122
11
3.6343278346456693
21
-4.2220636220472443
0
LINE
8
BLACK
6
CONTINUOUS
10
3.6343278346456693
20
-4.2220636220472443
11
3.6343278346456693
21
-4.225255433070866
0
LINE
8
BLACK
6
CONTINUOUS
10
3.6343278346456693
20
-4.225255433070866
11
3.6348673228346455
21
-4.2263344094488184
0
LINE
8
BLACK
6
CONTINUOUS
10
3.6348673228346455
20
-4.2263344094488184
11
3.6353462204724409
21
-4.2268133070866138
0
LINE
8
BLACK
6
CONTINUOUS
10
3.6353462204724409
20
-4.2268133070866138
11
3.6364251968503938
21
-4.22735279527559
0
LINE
8
BLACK
6
CONTINUOUS
10
3.6364251968503938
20
-4.22735279527559
11
3.6374544488188976
21
-4.22735279527559
0
LINE
8
BLACK
6
CONTINUOUS
10
3.6374544488188976
20
-4.22735279527559
11
3.6392579133858267
21
-4.2267516535433067
0
LINE
8
BLACK
6
CONTINUOUS
10
3.6392579133858267
20
-4.2267516535433067
11
3.6480596062992126
21
-4.2179499606299213
0
LINE
8
BLACK
6
CONTINUOUS
10
3.6480596062992126
20
-4.2179499606299213
11
3.6484426377952754
21
-4.2176940157480312
0
LINE
8
BLACK
6
CONTINUOUS
10
3.6484426377952754
20
-4.2176940157480312
11
3.6484427559055117
21
-4.2176939370078737
0
LINE
8
BLACK
6
CONTINUOUS
10
3.6484427559055117
20
-4.2176939370078737
11
3.6484427952755905
21
-4.2176939370078737
0
LINE
8
BLACK
6
CONTINUOUS
10
3.6484427952755905
20
-4.2176939370078737
11
3.6493467322834645
21
-4.2176938976377949
0
LINE
8
BLACK
6
CONTINUOUS
10
3.6493467322834645
20
-4.2176938976377949
11
3.6493467716535433
21
-4.2176939370078737
0
LINE
8
BLACK
6
CONTINUOUS
10
3.6342379133858267
20
-4.203335
11
3.6343278346456693
21
-4.2037870078740154
0
LINE
8
BLACK
6
CONTINUOUS
10
3.6343278346456693
20
-4.2037870078740154
11
3.6343278346456693
21
-4.2109329133858271
0
LINE
8
BLACK
6
CONTINUOUS
10
3.6343278346456693
20
-4.2109329133858271
11
3.6383682283464567
21
-4.2073975984251968
0
LINE
8
BLACK
6
CONTINUOUS
10
3.6383682283464567
20
-4.2073975984251968
11
3.6386592519685039
21
-4.2072299606299213
0
LINE
8
BLACK
6
CONTINUOUS
10
3.6386592519685039
20
-4.2072299606299213
11
3.6386939763779527
21
-4.2071952755905508
0
LINE
8
BLACK
6
CONTINUOUS
10
3.6386939763779527
20
-4.2071952755905508
11
3.6387195275590551
21
-4.2071952755905508
0
LINE
8
BLACK
6
CONTINUOUS
10
3.6387195275590551
20
-4.2071952755905508
11
3.6387675984251966
21
-4.2071675984251966
0
LINE
8
BLACK
6
CONTINUOUS
10
3.6387675984251966
20
-4.2071675984251966
11
3.6391828346456694
21
-4.2071952755905508
0
LINE
8
BLACK
6
CONTINUOUS
10
3.6391828346456694
20
-4.2071952755905508
11
3.6395979921259842
21
-4.2071952755905508
0
LINE
8
BLACK
6
CONTINUOUS
10
3.6395979921259842
20
-4.2071952755905508
11
3.6396276377952756
21
-4.2072249212598427
0
LINE
8
BLACK
6
CONTINUOUS
10
3.6396276377952756
20
-4.2072249212598427
11
3.6396695275590552
21
-4.2072277165354333
0
LINE
8
BLACK
6
CONTINUOUS
10
3.6396695275590552
20
-4.2072277165354333
11
3.6399431889763778
21
-4.2075404724409449
0
LINE
8
BLACK
6
CONTINUOUS
10
3.6399431889763778
20
-4.2075404724409449
11
3.6402371653543306
21
-4.2078344488188977
0
LINE
8
BLACK
6
CONTINUOUS
10
3.6402371653543306
20
-4.2078344488188977
11
3.6402479527559053
21
-4.2078887795275586
0
LINE
8
BLACK
6
CONTINUOUS
10
3.6402479527559053
20
-4.2078887795275586
11
3.6402648425196849
21
-4.207908070866142
0
LINE
8
BLACK
6
CONTINUOUS
10
3.6402648425196849
20
-4.207908070866142
11
3.640261535433071
21
-4.2079571259842519
0
LINE
8
BLACK
6
CONTINUOUS
10
3.640261535433071
20
-4.2079571259842519
11
3.6403270866141733
21
-4.208286456692913
0
LINE
8
BLACK
6
CONTINUOUS
10
3.6403270866141733
20
-4.208286456692913
11
3.6403270866141733
21
-4.2102573228346456
0
LINE
8
BLACK
6
CONTINUOUS
10
3.6403270866141733
20
-4.2102573228346456
11
3.6408665748031495
21
-4.211336299212598
0
LINE
8
BLACK
6
CONTINUOUS
10
3.6408665748031495
20
-4.211336299212598
11
3.6413454724409449
21
-4.2118151968503934
0
LINE
8
BLACK
6
CONTINUOUS
10
3.6413454724409449
20
-4.2118151968503934
11
3.6424244488188977
21
-4.2123546850393696
0
LINE
8
BLACK
6
CONTINUOUS
10
3.6424244488188977
20
-4.2123546850393696
11
3.645616338582677
21
-4.2123546850393696
0
LINE
8
BLACK
6
CONTINUOUS
10
3.645616338582677
20
-4.2123546850393696
11
3.6466953543307086
21
-4.2118151574803147
0
LINE
8
BLACK
6
CONTINUOUS
10
3.6466953543307086
20
-4.2118151574803147
11
3.6471741338582677
21
-4.2113363779527555
0
LINE
8
BLACK
6
CONTINUOUS
10
3.6471741338582677
20
-4.2113363779527555
11
3.6477136614173227
21
-4.2102573622047244
0
LINE
8
BLACK
6
CONTINUOUS
10
3.6477136614173227
20
-4.2102573622047244
11
3.6477136614173227
21
-4.2063155118110238
0
LINE
8
BLACK
6
CONTINUOUS
10
3.6477136614173227
20
-4.2063155118110238
11
3.6471741338582677
21
-4.2052364960629918
0
LINE
8
BLACK
6
CONTINUOUS
10
3.6471741338582677
20
-4.2052364960629918
11
3.6465598031496063
21
-4.2046221653543308
0
LINE
8
BLACK
6
CONTINUOUS
10
3.6465598031496063
20
-4.2046221653543308
11
3.646303779527559
21
-4.2042389763779529
0
LINE
8
BLACK
6
CONTINUOUS
10
3.646303779527559
20
-4.2042389763779529
11
3.646303779527559
21
-4.2033350393700788
0
LINE
8
BLACK
6
CONTINUOUS
10
3.646303779527559
20
-4.2033350393700788
11
3.6469429921259842
21
-4.2026958267716532
0
LINE
8
BLACK
6
CONTINUOUS
10
3.6469429921259842
20
-4.2026958267716532
11
3.6478469291338582
21
-4.2026958267716532
0
LINE
8
BLACK
6
CONTINUOUS
10
3.6478469291338582
20
-4.2026958267716532
11
3.6482301181102361
21
-4.2029518503937009
0
LINE
8
BLACK
6
CONTINUOUS
10
3.6482301181102361
20
-4.2029518503937009
11
3.6489800393700786
21
-4.2037017716535434
0
LINE
8
BLACK
6
CONTINUOUS
10
3.6489800393700786
20
-4.2037017716535434
11
3.6490851574803149
21
-4.2038590944881893
0
LINE
8
BLACK
6
CONTINUOUS
10
3.6490851574803149
20
-4.2038590944881893
11
3.6492012992125984
21
-4.2040087401574802
0
LINE
8
BLACK
6
CONTINUOUS
10
3.6492012992125984
20
-4.2040087401574802
11
3.6499511811023622
21
-4.2055085433070865
0
LINE
8
BLACK
6
CONTINUOUS
10
3.6499511811023622
20
-4.2055085433070865
11
3.6499667716535433
21
-4.2055655511811025
0
LINE
8
BLACK
6
CONTINUOUS
10
3.6499667716535433
20
-4.2055655511811025
11
3.6499859448818897
21
-4.2055847244094489
0
LINE
8
BLACK
6
CONTINUOUS
10
3.6499859448818897
20
-4.2055847244094489
11
3.6500228740157481
21
-4.2057705118110231
0
LINE
8
BLACK
6
CONTINUOUS
10
3.6500228740157481
20
-4.2057705118110231
11
3.650072874015748
21
-4.2059530314960627
0
LINE
8
BLACK
6
CONTINUOUS
10
3.650072874015748
20
-4.2059530314960627
11
3.6500642913385826
21
-4.2059786614173227
0
LINE
8
BLACK
6
CONTINUOUS
10
3.6500642913385826
20
-4.2059786614173227
11
3.6500758661417323
21
-4.2060367322834642
0
LINE
8
BLACK
6
CONTINUOUS
10
3.6500758661417323
20
-4.2060367322834642
11
3.6500758661417323
21
-4.2105361811023618
0
LINE
8
BLACK
6
CONTINUOUS
10
3.6500758661417323
20
-4.2105361811023618
11
3.6500642913385826
21
-4.2105942125984255
0
LINE
8
BLACK
6
CONTINUOUS
10
3.6500642913385826
20
-4.2105942125984255
11
3.650072874015748
21
-4.2106198818897633
0
LINE
8
BLACK
6
CONTINUOUS
10
3.650072874015748
20
-4.2106198818897633
11
3.6500228740157481
21
-4.2108023622047241
0
LINE
8
BLACK
6
CONTINUOUS
10
3.6500228740157481
20
-4.2108023622047241
11
3.6499859448818897
21
-4.2109881889763781
0
LINE
8
BLACK
6
CONTINUOUS
10
3.6499859448818897
20
-4.2109881889763781
11
3.6499667716535433
21
-4.2110073228346456
0
LINE
8
BLACK
6
CONTINUOUS
10
3.6499667716535433
20
-4.2110073228346456
11
3.6499511811023622
21
-4.2110643700787405
0
LINE
8
BLACK
6
CONTINUOUS
10
3.6499511811023622
20
-4.2110643700787405
11
3.6492012992125984
21
-4.2125641732283468
0
LINE
8
BLACK
6
CONTINUOUS
10
3.6492012992125984
20
-4.2125641732283468
11
3.6490851574803149
21
-4.2127137795275589
0
LINE
8
BLACK
6
CONTINUOUS
10
3.6490851574803149
20
-4.2127137795275589
11
3.6489800393700786
21
-4.2128711417322835
0
LINE
8
BLACK
6
CONTINUOUS
10
3.6489800393700786
20
-4.2128711417322835
11
3.6482301181102361
21
-4.213621062992126
0
LINE
8
BLACK
6
CONTINUOUS
10
3.6482301181102361
20
-4.213621062992126
11
3.6480727559055119
21
-4.2137261417322831
0
LINE
8
BLACK
6
CONTINUOUS
10
3.6480727559055119
20
-4.2137261417322831
11
3.6479231496062989
21
-4.2138423228346458
0
LINE
8
BLACK
6
CONTINUOUS
10
3.6479231496062989
20
-4.2138423228346458
11
3.6464233464566926
21
-4.2145922047244095
0
LINE
8
BLACK
6
CONTINUOUS
10
3.6464233464566926
20
-4.2145922047244095
11
3.6463662992125982
21
-4.2146077952755903
0
LINE
8
BLACK
6
CONTINUOUS
10
3.6463662992125982
20
-4.2146077952755903
11
3.6463471653543307
21
-4.2146269685039366
0
LINE
8
BLACK
6
CONTINUOUS
10
3.6463471653543307
20
-4.2146269685039366
11
3.6461613385826772
21
-4.214663897637795
0
LINE
8
BLACK
6
CONTINUOUS
10
3.6461613385826772
20
-4.214663897637795
11
3.6459788582677164
21
-4.2147138976377949
0
LINE
8
BLACK
6
CONTINUOUS
10
3.6459788582677164
20
-4.2147138976377949
11
3.6459531889763777
21
-4.2147053149606295
0
LINE
8
BLACK
6
CONTINUOUS
10
3.6459531889763777
20
-4.2147053149606295
11
3.6458951574803149
21
-4.2147168897637792
0
LINE
8
BLACK
6
CONTINUOUS
10
3.6458951574803149
20
-4.2147168897637792
11
3.6421456299212598
21
-4.2147168897637792
0
LINE
8
BLACK
6
CONTINUOUS
10
3.6421456299212598
20
-4.2147168897637792
11
3.6420875590551178
21
-4.2147053149606295
0
LINE
8
BLACK
6
CONTINUOUS
10
3.6420875590551178
20
-4.2147053149606295
11
3.6420619291338583
21
-4.2147138976377949
0
LINE
8
BLACK
6
CONTINUOUS
10
3.6420619291338583
20
-4.2147138976377949
11
3.6418794094488187
21
-4.214663897637795
0
LINE
8
BLACK
6
CONTINUOUS
10
3.6418794094488187
20
-4.214663897637795
11
3.641693622047244
21
-4.2146269685039366
0
LINE
8
BLACK
6
CONTINUOUS
10
3.641693622047244
20
-4.2146269685039366
11
3.6416744488188977
21
-4.2146077952755903
0
LINE
8
BLACK
6
CONTINUOUS
10
3.6416744488188977
20
-4.2146077952755903
11
3.6416174409448816
21
-4.2145922047244095
0
LINE
8
BLACK
6
CONTINUOUS
10
3.6416174409448816
20
-4.2145922047244095
11
3.6401175984251966
21
-4.2138423228346458
0
LINE
8
BLACK
6
CONTINUOUS
10
3.6401175984251966
20
-4.2138423228346458
11
3.6399679527559052
21
-4.2137261811023619
0
LINE
8
BLACK
6
CONTINUOUS
10
3.6399679527559052
20
-4.2137261811023619
11
3.6398105905511811
21
-4.2136210236220473
0
LINE
8
BLACK
6
CONTINUOUS
10
3.6398105905511811
20
-4.2136210236220473
11
3.6390607086614173
21
-4.2128711417322835
0
LINE
8
BLACK
6
CONTINUOUS
10
3.6390607086614173
20
-4.2128711417322835
11
3.6389555118110235
21
-4.2127136614173226
0
LINE
8
BLACK
6
CONTINUOUS
10
3.6389555118110235
20
-4.2127136614173226
11
3.6388394881889763
21
-4.2125642125984255
0
LINE
8
BLACK
6
CONTINUOUS
10
3.6388394881889763
20
-4.2125642125984255
11
3.6380895669291338
21
-4.2110644094488192
0
LINE
8
BLACK
6
CONTINUOUS
10
3.6380895669291338
20
-4.2110644094488192
11
3.6380739370078738
21
-4.2110073228346456
0
LINE
8
BLACK
6
CONTINUOUS
10
3.6380739370078738
20
-4.2110073228346456
11
3.6380548031496063
21
-4.2109881889763781
0
LINE
8
BLACK
6
CONTINUOUS
10
3.6380548031496063
20
-4.2109881889763781
11
3.6380246850393698
21
-4.2108369291338583
0
LINE
8
BLACK
6
CONTINUOUS
10
3.6380246850393698
20
-4.2108369291338583
11
3.6339244881889763
21
-4.2144246456692915
0
LINE
8
BLACK
6
CONTINUOUS
10
3.6339244881889763
20
-4.2144246456692915
11
3.6336334251968503
21
-4.2145922440944883
0
LINE
8
BLACK
6
CONTINUOUS
10
3.6336334251968503
20
-4.2145922440944883
11
3.6335987401574803
21
-4.2146269685039366
0
LINE
8
BLACK
6
CONTINUOUS
10
3.6335987401574803
20
-4.2146269685039366
11
3.6335731889763778
21
-4.2146269685039366
0
LINE
8
BLACK
6
CONTINUOUS
10
3.6335731889763778
20
-4.2146269685039366
11
3.6335251181102359
21
-4.2146546456692908
0
LINE
8
BLACK
6
CONTINUOUS
10
3.6335251181102359
20
-4.2146546456692908
11
3.6331101574803149
21
-4.2146269685039366
0
LINE
8
BLACK
6
CONTINUOUS
10
3.6331101574803149
20
-4.2146269685039366
11
3.6326947244094487
21
-4.2146269685039366
0
LINE
8
BLACK
6
CONTINUOUS
10
3.6326947244094487
20
-4.2146269685039366
11
3.6326649999999998
21
-4.2145972440944881
0
LINE
8
BLACK
6
CONTINUOUS
10
3.6326649999999998
20
-4.2145972440944881
11
3.6326231889763778
21
-4.2145944881889763
0
LINE
8
BLACK
6
CONTINUOUS
10
3.6326231889763778
20
-4.2145944881889763
11
3.6323496456692914
21
-4.2142818897637797
0
LINE
8
BLACK
6
CONTINUOUS
10
3.6323496456692914
20
-4.2142818897637797
11
3.6320555511811023
21
-4.2139877952755906
0
LINE
8
BLACK
6
CONTINUOUS
10
3.6320555511811023
20
-4.2139877952755906
11
3.6320447244094489
21
-4.2139334251968501
0
LINE
8
BLACK
6
CONTINUOUS
10
3.6320447244094489
20
-4.2139334251968501
11
3.6320278740157481
21
-4.2139141732283463
0
LINE
8
BLACK
6
CONTINUOUS
10
3.6320278740157481
20
-4.2139141732283463
11
3.6320311417322833
21
-4.2138650787401577
0
LINE
8
BLACK
6
CONTINUOUS
10
3.6320311417322833
20
-4.2138650787401577
11
3.6319656299212597
21
-4.2135357874015744
0
LINE
8
BLACK
6
CONTINUOUS
10
3.6319656299212597
20
-4.2135357874015744
11
3.6319656299212597
21
-4.2037870078740154
0
LINE
8
BLACK
6
CONTINUOUS
10
3.6319656299212597
20
-4.2037870078740154
11
3.6320555511811023
21
-4.203335
0
LINE
8
BLACK
6
CONTINUOUS
10
3.6320555511811023
20
-4.203335
11
3.6326947244094487
21
-4.2026958267716532
0
LINE
8
BLACK
6
CONTINUOUS
10
3.6326947244094487
20
-4.2026958267716532
11
3.6335987401574803
21
-4.2026958267716532
0
LINE
8
BLACK
6
CONTINUOUS
10
3.6335987401574803
20
-4.2026958267716532
11
3.6342379133858267
21
-4.203335
0
LINE
8
BLACK
6
CONTINUOUS
10
3.6422875984251966
20
-4.1876360236220469
11
3.6424320866141731
21
-4.1876430708661418
0
LINE
8
BLACK
6
CONTINUOUS
10
3.6424320866141731
20
-4.1876430708661418
11
3.6454316929133856
21
-4.1883929921259844
0
LINE
8
BLACK
6
CONTINUOUS
10
3.6454316929133856
20
-4.1883929921259844
11
3.6455486220472442
21
-4.1884482283464566
0
LINE
8
BLACK
6
CONTINUOUS
10
3.6455486220472442
20
-4.1884482283464566
11
3.6456734251968501
21
-4.1884824015748032
0
LINE
8
BLACK
6
CONTINUOUS
10
3.6456734251968501
20
-4.1884824015748032
11
3.6471732283464564
21
-4.189232283464567
0
LINE
8
BLACK
6
CONTINUOUS
10
3.6471732283464564
20
-4.189232283464567
11
3.6473227165354332
21
-4.1893483070866138
0
LINE
8
BLACK
6
CONTINUOUS
10
3.6473227165354332
20
-4.1893483070866138
11
3.6474801968503936
21
-4.1894535433070867
0
LINE
8
BLACK
6
CONTINUOUS
10
3.6474801968503936
20
-4.1894535433070867
11
3.6489800393700786
21
-4.1909533070866143
0
LINE
8
BLACK
6
CONTINUOUS
10
3.6489800393700786
20
-4.1909533070866143
11
3.6490129133858269
21
-4.1910025196850391
0
LINE
8
BLACK
6
CONTINUOUS
10
3.6490129133858269
20
-4.1910025196850391
11
3.6490371259842518
21
-4.1910146456692914
0
LINE
8
BLACK
6
CONTINUOUS
10
3.6490371259842518
20
-4.1910146456692914
11
3.6491309055118109
21
-4.1911791338582676
0
LINE
8
BLACK
6
CONTINUOUS
10
3.6491309055118109
20
-4.1911791338582676
11
3.6492360629921259
21
-4.1913365354330709
0
LINE
8
BLACK
6
CONTINUOUS
10
3.6492360629921259
20
-4.1913365354330709
11
3.6492360629921259
21
-4.1913635433070864
0
LINE
8
BLACK
6
CONTINUOUS
10
3.6492360629921259
20
-4.1913635433070864
11
3.6492653937007873
21
-4.1914150000000001
0
LINE
8
BLACK
6
CONTINUOUS
10
3.6492653937007873
20
-4.1914150000000001
11
3.6500152755905511
21
-4.1936647637795277
0
LINE
8
BLACK
6
CONTINUOUS
10
3.6500152755905511
20
-4.1936647637795277
11
3.6500388976377951
21
-4.1938525590551183
0
LINE
8
BLACK
6
CONTINUOUS
10
3.6500388976377951
20
-4.1938525590551183
11
3.6500758661417323
21
-4.1940382283464563
0
LINE
8
BLACK
6
CONTINUOUS
10
3.6500758661417323
20
-4.1940382283464563
11
3.6500758661417323
21
-4.1955380708661414
0
LINE
8
BLACK
6
CONTINUOUS
10
3.6500758661417323
20
-4.1955380708661414
11
3.6500389370078739
21
-4.1957236614173228
0
LINE
8
BLACK
6
CONTINUOUS
10
3.6500389370078739
20
-4.1957236614173228
11
3.6500152755905511
21
-4.1959115748031497
0
LINE
8
BLACK
6
CONTINUOUS
10
3.6500152755905511
20
-4.1959115748031497
11
3.6492653937007873
21
-4.1981612598425198
0
LINE
8
BLACK
6
CONTINUOUS
10
3.6492653937007873
20
-4.1981612598425198
11
3.6492361023622046
21
-4.1982125984251963
0
LINE
8
BLACK
6
CONTINUOUS
10
3.6492361023622046
20
-4.1982125984251963
11
3.6492361023622046
21
-4.1982397244094489
0
LINE
8
BLACK
6
CONTINUOUS
10
3.6492361023622046
20
-4.1982397244094489
11
3.6491308267716533
21
-4.1983972047244089
0
LINE
8
BLACK
6
CONTINUOUS
10
3.6491308267716533
20
-4.1983972047244089
11
3.6490371259842518
21
-4.1985616141732285
0
LINE
8
BLACK
6
CONTINUOUS
10
3.6490371259842518
20
-4.1985616141732285
11
3.6490128740157481
21
-4.1985737007874011
0
LINE
8
BLACK
6
CONTINUOUS
10
3.6490128740157481
20
-4.1985737007874011
11
3.6489800393700786
21
-4.1986229133858268
0
LINE
8
BLACK
6
CONTINUOUS
10
3.6489800393700786
20
-4.1986229133858268
11
3.6482301181102361
21
-4.1993728346456694
0
LINE
8
BLACK
6
CONTINUOUS
10
3.6482301181102361
20
-4.1993728346456694
11
3.6478469291338582
21
-4.1996288582677161
0
LINE
8
BLACK
6
CONTINUOUS
10
3.6478469291338582
20
-4.1996288582677161
11
3.6469429921259842
21
-4.1996288582677161
0
LINE
8
BLACK
6
CONTINUOUS
10
3.6469429921259842
20
-4.1996288582677161
11
3.646303779527559
21
-4.1989896456692914
0
LINE
8
BLACK
6
CONTINUOUS
10
3.646303779527559
20
-4.1989896456692914
11
3.646303779527559
21
-4.1980857086614174
0
LINE
8
BLACK
6
CONTINUOUS
10
3.646303779527559
20
-4.1980857086614174
11
3.6465598031496063
21
-4.1977025196850395
0
LINE
8
BLACK
6
CONTINUOUS
10
3.6465598031496063
20
-4.1977025196850395
11
3.6471124803149606
21
-4.197149803149606
0
LINE
8
BLACK
6
CONTINUOUS
10
3.6471124803149606
20
-4.197149803149606
11
3.6477136614173227
21
-4.1953463385826772
0
LINE
8
BLACK
6
CONTINUOUS
10
3.6477136614173227
20
-4.1953463385826772
11
3.6477136614173227
21
-4.1942299212598426
0
LINE
8
BLACK
6
CONTINUOUS
10
3.6477136614173227
20
-4.1942299212598426
11
3.6471124803149606
21
-4.192426456692913
0
LINE
8
BLACK
6
CONTINUOUS
10
3.6471124803149606
20
-4.192426456692913
11
3.645945433070866
21
-4.1912594094488185
0
LINE
8
BLACK
6
CONTINUOUS
10
3.645945433070866
20
-4.1912594094488185
11
3.6447329527559056
21
-4.1906531496062991
0
LINE
8
BLACK
6
CONTINUOUS
10
3.6447329527559056
20
-4.1906531496062991
11
3.6420002755905512
21
-4.1899699999999998
0
LINE
8
BLACK
6
CONTINUOUS
10
3.6420002755905512
20
-4.1899699999999998
11
3.6400412598425196
21
-4.1899699999999998
0
LINE
8
BLACK
6
CONTINUOUS
10
3.6400412598425196
20
-4.1899699999999998
11
3.6373085039370077
21
-4.1906531889763778
0
LINE
8
BLACK
6
CONTINUOUS
10
3.6373085039370077
20
-4.1906531889763778
11
3.6360961023622047
21
-4.1912593700787397
0
LINE
8
BLACK
6
CONTINUOUS
10
3.6360961023622047
20
-4.1912593700787397
11
3.6349289370078739
21
-4.1924264960629918
0
LINE
8
BLACK
6
CONTINUOUS
10
3.6349289370078739
20
-4.1924264960629918
11
3.6343278346456693
21
-4.1942298425196851
0
LINE
8
BLACK
6
CONTINUOUS
10
3.6343278346456693
20
-4.1942298425196851
11
3.6343278346456693
21
-4.1953464173228348
0
LINE
8
BLACK
6
CONTINUOUS
10
3.6343278346456693
20
-4.1953464173228348
11
3.6349289370078739
21
-4.1971496850393697
0
LINE
8
BLACK
6
CONTINUOUS
10
3.6349289370078739
20
-4.1971496850393697
11
3.6354817322834645
21
-4.1977025196850395
0
LINE
8
BLACK
6
CONTINUOUS
10
3.6354817322834645
20
-4.1977025196850395
11
3.6357377559055117
21
-4.1980857480314961
0
LINE
8
BLACK
6
CONTINUOUS
10
3.6357377559055117
20
-4.1980857480314961
11
3.635737716535433
21
-4.1989896456692914
0
LINE
8
BLACK
6
CONTINUOUS
10
3.635737716535433
20
-4.1989896456692914
11
3.6350984645669291
21
-4.1996288976377949
0
LINE
8
BLACK
6
CONTINUOUS
10
3.6350984645669291
20
-4.1996288976377949
11
3.634194527559055
21
-4.1996288582677161
0
LINE
8
BLACK
6
CONTINUOUS
10
3.634194527559055
20
-4.1996288582677161
11
3.6338113385826771
21
-4.1993727952755906
0
LINE
8
BLACK
6
CONTINUOUS
10
3.6338113385826771
20
-4.1993727952755906
11
3.6330614566929134
21
-4.1986229133858268
0
LINE
8
BLACK
6
CONTINUOUS
10
3.6330614566929134
20
-4.1986229133858268
11
3.6330285433070864
21
-4.1985736614173224
0
LINE
8
BLACK
6
CONTINUOUS
10
3.6330285433070864
20
-4.1985736614173224
11
3.633004409448819
21
-4.1985616141732285
0
LINE
8
BLACK
6
CONTINUOUS
10
3.633004409448819
20
-4.1985616141732285
11
3.6329107874015749
21
-4.1983973622047239
0
LINE
8
BLACK
6
CONTINUOUS
10
3.6329107874015749
20
-4.1983973622047239
11
3.6328054330708661
21
-4.1982396850393702
0
LINE
8
BLACK
6
CONTINUOUS
10
3.6328054330708661
20
-4.1982396850393702
11
3.6328054330708661
21
-4.1982125590551176
0
LINE
8
BLACK
6
CONTINUOUS
10
3.6328054330708661
20
-4.1982125590551176
11
3.6327761811023622
21
-4.1981612598425198
0
LINE
8
BLACK
6
CONTINUOUS
10
3.6327761811023622
20
-4.1981612598425198
11
3.6320262598425197
21
-4.1959115748031497
0
LINE
8
BLACK
6
CONTINUOUS
10
3.6320262598425197
20
-4.1959115748031497
11
3.6320025984251969
21
-4.195723937007874
0
LINE
8
BLACK
6
CONTINUOUS
10
3.6320025984251969
20
-4.195723937007874
11
3.6319656299212597
21
-4.1955380708661414
0
LINE
8
BLACK
6
CONTINUOUS
10
3.6319656299212597
20
-4.1955380708661414
11
3.6319656299212597
21
-4.1940382283464563
0
LINE
8
BLACK
6
CONTINUOUS
10
3.6319656299212597
20
-4.1940382283464563
11
3.6320025984251969
21
-4.1938523228346458
0
LINE
8
BLACK
6
CONTINUOUS
10
3.6320025984251969
20
-4.1938523228346458
11
3.6320262598425197
21
-4.1936647244094489
0
LINE
8
BLACK
6
CONTINUOUS
10
3.6320262598425197
20
-4.1936647244094489
11
3.6327761811023622
21
-4.1914150000000001
0
LINE
8
BLACK
6
CONTINUOUS
10
3.6327761811023622
20
-4.1914150000000001
11
3.6328054724409449
21
-4.1913635826771651
0
LINE
8
BLACK
6
CONTINUOUS
10
3.6328054724409449
20
-4.1913635826771651
11
3.6328054724409449
21
-4.1913365354330709
0
LINE
8
BLACK
6
CONTINUOUS
10
3.6328054724409449
20
-4.1913365354330709
11
3.6329106299212599
21
-4.1911790944881888
0
LINE
8
BLACK
6
CONTINUOUS
10
3.6329106299212599
20
-4.1911790944881888
11
3.633004409448819
21
-4.1910146456692914
0
LINE
8
BLACK
6
CONTINUOUS
10
3.633004409448819
20
-4.1910146456692914
11
3.6330286220472439
21
-4.1910025196850391
0
LINE
8
BLACK
6
CONTINUOUS
10
3.6330286220472439
20
-4.1910025196850391
11
3.6330614960629921
21
-4.190953346456693
0
LINE
8
BLACK
6
CONTINUOUS
10
3.6330614960629921
20
-4.190953346456693
11
3.6345612598425197
21
-4.1894535433070867
0
LINE
8
BLACK
6
CONTINUOUS
10
3.6345612598425197
20
-4.1894535433070867
11
3.6347186220472438
21
-4.1893483858267713
0
LINE
8
BLACK
6
CONTINUOUS
10
3.6347186220472438
20
-4.1893483858267713
11
3.6348682677165352
21
-4.189232283464567
0
LINE
8
BLACK
6
CONTINUOUS
10
3.6348682677165352
20
-4.189232283464567
11
3.6363680708661414
21
-4.1884824015748032
0
LINE
8
BLACK
6
CONTINUOUS
10
3.6363680708661414
20
-4.1884824015748032
11
3.6364928346456691
21
-4.1884482283464566
0
LINE
8
BLACK
6
CONTINUOUS
10
3.6364928346456691
20
-4.1884482283464566
11
3.6366098031496064
21
-4.1883929921259844
0
LINE
8
BLACK
6
CONTINUOUS
10
3.6366098031496064
20
-4.1883929921259844
11
3.6396094488188977
21
-4.1876430708661418
0
LINE
8
BLACK
6
CONTINUOUS
10
3.6396094488188977
20
-4.1876430708661418
11
3.639753897637795
21
-4.1876360236220469
0
LINE
8
BLACK
6
CONTINUOUS
10
3.639753897637795
20
-4.1876360236220469
11
3.639895905511811
21
-4.1876077952755901
0
LINE
8
BLACK
6
CONTINUOUS
10
3.639895905511811
20
-4.1876077952755901
11
3.6421456299212598
21
-4.1876077952755901
0
LINE
8
BLACK
6
CONTINUOUS
10
3.6421456299212598
20
-4.1876077952755901
11
3.6422875984251966
21
-4.1876360236220469
0
LINE
8
BLACK
6
CONTINUOUS
10
3.658233622047244
20
-4.1753466929133856
11
3.6592989763779529
21
-4.176412047244094
0
LINE
8
BLACK
6
CONTINUOUS
10
3.6592989763779529
20
-4.176412047244094
11
3.6594488188976375
21
-4.1771653543307083
0
LINE
8
BLACK
6
CONTINUOUS
10
3.6594488188976375
20
-4.1771653543307083
11
3.6594488188976375
21
-4.2401574803149602
0
LINE
8
BLACK
6
CONTINUOUS
10
3.6594488188976375
20
-4.2401574803149602
11
3.6592989763779529
21
-4.2409107874015746
0
LINE
8
BLACK
6
CONTINUOUS
10
3.6592989763779529
20
-4.2409107874015746
11
3.658233622047244
21
-4.241976141732283
0
LINE
8
BLACK
6
CONTINUOUS
10
3.658233622047244
20
-4.241976141732283
11
3.6574803149606296
21
-4.2421259842519685
0
LINE
8
BLACK
6
CONTINUOUS
10
3.6574803149606296
20
-4.2421259842519685
11
3.6259842519685037
21
-4.2421259842519685
0
LINE
8
BLACK
6
CONTINUOUS
10
3.6259842519685037
20
-4.2421259842519685
11
3.6252309448818898
21
-4.241976141732283
0
LINE
8
BLACK
6
CONTINUOUS
10
3.6252309448818898
20
-4.241976141732283
11
3.6241655905511809
21
-4.2409107874015746
0
LINE
8
BLACK
6
CONTINUOUS
10
3.6241655905511809
20
-4.2409107874015746
11
3.6240157480314958
21
-4.2401574803149602
0
LINE
8
BLACK
6
CONTINUOUS
10
3.6240157480314958
20
-4.2401574803149602
11
3.6240157480314958
21
-4.1771653543307083
0
LINE
8
BLACK
6
CONTINUOUS
10
3.6240157480314958
20
-4.1771653543307083
11
3.6241655905511809
21
-4.176412047244094
0
LINE
8
BLACK
6
CONTINUOUS
10
3.6241655905511809
20
-4.176412047244094
11
3.6252309448818898
21
-4.1753466929133856
0
LINE
8
BLACK
6
CONTINUOUS
10
3.6252309448818898
20
-4.1753466929133856
11
3.6259842519685037
21
-4.1751968503937009
0
LINE
8
BLACK
6
CONTINUOUS
10
3.6259842519685037
20
-4.1751968503937009
11
3.6574803149606296
21
-4.1751968503937009
0
LINE
8
BLACK
6
CONTINUOUS
10
3.6574803149606296
20
-4.1751968503937009
11
3.658233622047244
21
-4.1753466929133856
0
LINE
8
BLACK
6
CONTINUOUS
10
3.6279527559055116
20
-4.1791338582677167
11
3.6279527559055116
21
-4.2381889763779528
0
LINE
8
BLACK
6
CONTINUOUS
10
3.6279527559055116
20
-4.2381889763779528
11
3.6555118110236218
21
-4.2381889763779528
0
LINE
8
BLACK
6
CONTINUOUS
10
3.6555118110236218
20
-4.2381889763779528
11
3.6555118110236218
21
-4.1791338582677167
0
LINE
8
BLACK
6
CONTINUOUS
10
3.6555118110236218
20
-4.1791338582677167
11
3.6279527559055116
21
-4.1791338582677167
0
LINE
8
BLACK
6
CONTINUOUS
10
3.4323127559055115
20
-4.06160342519685
11
3.4324326377952756
21
-4.0622060629921259
0
LINE
8
BLACK
6
CONTINUOUS
10
3.4324326377952756
20
-4.0622060629921259
11
3.4324326377952756
21
-4.0709215354330706
0
LINE
8
BLACK
6
CONTINUOUS
10
3.4324326377952756
20
-4.0709215354330706
11
3.4373198818897639
21
-4.0666451968503941
0
LINE
8
BLACK
6
CONTINUOUS
10
3.4373198818897639
20
-4.0666451968503941
11
3.4377079133858266
21
-4.0664217322834642
0
LINE
8
BLACK
6
CONTINUOUS
10
3.4377079133858266
20
-4.0664217322834642
11
3.4377542519685038
21
-4.0663754330708661
0
LINE
8
BLACK
6
CONTINUOUS
10
3.4377542519685038
20
-4.0663754330708661
11
3.437788346456693
21
-4.0663754330708661
0
LINE
8
BLACK
6
CONTINUOUS
10
3.437788346456693
20
-4.0663754330708661
11
3.4378523622047243
21
-4.0663385826771652
0
LINE
8
BLACK
6
CONTINUOUS
10
3.4378523622047243
20
-4.0663385826771652
11
3.4384052362204724
21
-4.0663754330708661
0
LINE
8
BLACK
6
CONTINUOUS
10
3.4384052362204724
20
-4.0663754330708661
11
3.4389595275590552
21
-4.0663754330708661
0
LINE
8
BLACK
6
CONTINUOUS
10
3.4389595275590552
20
-4.0663754330708661
11
3.4389990944881887
21
-4.0664150000000001
0
LINE
8
BLACK
6
CONTINUOUS
10
3.4389990944881887
20
-4.0664150000000001
11
3.4390549999999998
21
-4.0664187401574798
0
LINE
8
BLACK
6
CONTINUOUS
10
3.4390549999999998
20
-4.0664187401574798
11
3.439420118110236
21
-4.0668360236220469
0
LINE
8
BLACK
6
CONTINUOUS
10
3.439420118110236
20
-4.0668360236220469
11
3.4398118110236218
21
-4.0672277165354327
0
LINE
8
BLACK
6
CONTINUOUS
10
3.4398118110236218
20
-4.0672277165354327
11
3.439826181102362
21
-4.0673001181102357
0
LINE
8
BLACK
6
CONTINUOUS
10
3.439826181102362
20
-4.0673001181102357
11
3.4398486614173227
21
-4.0673257874015745
0
LINE
8
BLACK
6
CONTINUOUS
10
3.4398486614173227
20
-4.0673257874015745
11
3.4398442913385825
21
-4.0673910629921259
0
LINE
8
BLACK
6
CONTINUOUS
10
3.4398442913385825
20
-4.0673910629921259
11
3.4399316929133859
21
-4.0678303543307086
0
LINE
8
BLACK
6
CONTINUOUS
10
3.4399316929133859
20
-4.0678303543307086
11
3.4399316929133859
21
-4.0702707086614174
0
LINE
8
BLACK
6
CONTINUOUS
10
3.4399316929133859
20
-4.0702707086614174
11
3.4405885433070864
21
-4.0715844488188973
0
LINE
8
BLACK
6
CONTINUOUS
10
3.4405885433070864
20
-4.0715844488188973
11
3.4411644488188977
21
-4.072160354330709
0
LINE
8
BLACK
6
CONTINUOUS
10
3.4411644488188977
20
-4.072160354330709
11
3.442478188976378
21
-4.0728172440944883
0
LINE
8
BLACK
6
CONTINUOUS
10
3.442478188976378
20
-4.0728172440944883
11
3.4464215748031495
21
-4.0728172440944883
0
LINE
8
BLACK
6
CONTINUOUS
10
3.4464215748031495
20
-4.0728172440944883
11
3.4477352362204723
21
-4.072160354330709
0
LINE
8
BLACK
6
CONTINUOUS
10
3.4477352362204723
20
-4.072160354330709
11
3.4483112598425194
21
-4.0715844094488185
0
LINE
8
BLACK
6
CONTINUOUS
10
3.4483112598425194
20
-4.0715844094488185
11
3.4489680708661417
21
-4.0702707874015749
0
LINE
8
BLACK
6
CONTINUOUS
10
3.4489680708661417
20
-4.0702707874015749
11
3.4489680708661417
21
-4.0653899212598423
0
LINE
8
BLACK
6
CONTINUOUS
10
3.4489680708661417
20
-4.0653899212598423
11
3.4483112598425194
21
-4.0640763385826775
0
LINE
8
BLACK
6
CONTINUOUS
10
3.4483112598425194
20
-4.0640763385826775
11
3.4475545669291336
21
-4.0633196062992125
0
LINE
8
BLACK
6
CONTINUOUS
10
3.4475545669291336
20
-4.0633196062992125
11
3.4472131889763777
21
-4.0628087007874019
0
LINE
8
BLACK
6
CONTINUOUS
10
3.4472131889763777
20
-4.0628087007874019
11
3.4472131889763777
21
-4.06160342519685
0
LINE
8
BLACK
6
CONTINUOUS
10
3.4472131889763777
20
-4.06160342519685
11
3.4480654724409447
21
-4.0607511417322835
0
LINE
8
BLACK
6
CONTINUOUS
10
3.4480654724409447
20
-4.0607511417322835
11
3.4492707480314961
21
-4.0607511417322835
0
LINE
8
BLACK
6
CONTINUOUS
10
3.4492707480314961
20
-4.0607511417322835
11
3.4497816535433068
21
-4.0610925196850394
0
LINE
8
BLACK
6
CONTINUOUS
10
3.4497816535433068
20
-4.0610925196850394
11
3.4507190551181099
21
-4.0620298818897638
0
LINE
8
BLACK
6
CONTINUOUS
10
3.4507190551181099
20
-4.0620298818897638
11
3.4508594488188975
21
-4.0622400000000001
0
LINE
8
BLACK
6
CONTINUOUS
10
3.4508594488188975
20
-4.0622400000000001
11
3.4510140551181103
21
-4.0624392125984254
0
LINE
8
BLACK
6
CONTINUOUS
10
3.4510140551181103
20
-4.0624392125984254
11
3.4519514173228347
21
-4.0643139370078742
0
LINE
8
BLACK
6
CONTINUOUS
10
3.4519514173228347
20
-4.0643139370078742
11
3.4519722440944882
21
-4.0643900393700783
0
LINE
8
BLACK
6
CONTINUOUS
10
3.4519722440944882
20
-4.0643900393700783
11
3.4519977952755903
21
-4.0644155905511807
0
LINE
8
BLACK
6
CONTINUOUS
10
3.4519977952755903
20
-4.0644155905511807
11
3.4520470078740155
21
-4.0646631102362205
0
LINE
8
BLACK
6
CONTINUOUS
10
3.4520470078740155
20
-4.0646631102362205
11
3.4521137007874017
21
-4.0649065748031497
0
LINE
8
BLACK
6
CONTINUOUS
10
3.4521137007874017
20
-4.0649065748031497
11
3.4521022440944882
21
-4.0649408267716538
0
LINE
8
BLACK
6
CONTINUOUS
10
3.4521022440944882
20
-4.0649408267716538
11
3.4521176771653543
21
-4.0650182283464567
0
LINE
8
BLACK
6
CONTINUOUS
10
3.4521176771653543
20
-4.0650182283464567
11
3.4521176771653543
21
-4.0706425196850393
0
LINE
8
BLACK
6
CONTINUOUS
10
3.4521176771653543
20
-4.0706425196850393
11
3.4521022440944882
21
-4.0707198818897634
0
LINE
8
BLACK
6
CONTINUOUS
10
3.4521022440944882
20
-4.0707198818897634
11
3.4521137007874017
21
-4.0707541732283463
0
LINE
8
BLACK
6
CONTINUOUS
10
3.4521137007874017
20
-4.0707541732283463
11
3.4520470078740155
21
-4.0709975984251967
0
LINE
8
BLACK
6
CONTINUOUS
10
3.4520470078740155
20
-4.0709975984251967
11
3.4519977952755903
21
-4.0712451574803152
0
LINE
8
BLACK
6
CONTINUOUS
10
3.4519977952755903
20
-4.0712451574803152
11
3.4519722440944882
21
-4.0712706692913381
0
LINE
8
BLACK
6
CONTINUOUS
10
3.4519722440944882
20
-4.0712706692913381
11
3.4519514173228347
21
-4.0713468110236217
0
LINE
8
BLACK
6
CONTINUOUS
10
3.4519514173228347
20
-4.0713468110236217
11
3.4510140551181103
21
-4.0732215354330705
0
LINE
8
BLACK
6
CONTINUOUS
10
3.4510140551181103
20
-4.0732215354330705
11
3.4508594488188975
21
-4.0734207086614171
0
LINE
8
BLACK
6
CONTINUOUS
10
3.4508594488188975
20
-4.0734207086614171
11
3.4507190551181099
21
-4.0736308661417322
0
LINE
8
BLACK
6
CONTINUOUS
10
3.4507190551181099
20
-4.0736308661417322
11
3.4497816535433068
21
-4.0745682283464566
0
LINE
8
BLACK
6
CONTINUOUS
10
3.4497816535433068
20
-4.0745682283464566
11
3.4495717322834647
21
-4.0747084251968504
0
LINE
8
BLACK
6
CONTINUOUS
10
3.4495717322834647
20
-4.0747084251968504
11
3.4493724015748031
21
-4.0748631889763782
0
LINE
8
BLACK
6
CONTINUOUS
10
3.4493724015748031
20
-4.0748631889763782
11
3.4474976377952755
21
-4.0758005905511814
0
LINE
8
BLACK
6
CONTINUOUS
10
3.4474976377952755
20
-4.0758005905511814
11
3.4474214960629919
21
-4.0758214173228344
0
LINE
8
BLACK
6
CONTINUOUS
10
3.4474214960629919
20
-4.0758214173228344
11
3.4473959842519686
21
-4.0758469685039369
0
LINE
8
BLACK
6
CONTINUOUS
10
3.4473959842519686
20
-4.0758469685039369
11
3.4471484251968505
21
-4.0758961811023617
0
LINE
8
BLACK
6
CONTINUOUS
10
3.4471484251968505
20
-4.0758961811023617
11
3.4469050000000001
21
-4.0759628740157483
0
LINE
8
BLACK
6
CONTINUOUS
10
3.4469050000000001
20
-4.0759628740157483
11
3.4468707086614172
21
-4.0759514173228348
0
LINE
8
BLACK
6
CONTINUOUS
10
3.4468707086614172
20
-4.0759514173228348
11
3.4467933464566927
21
-4.0759668503937005
0
LINE
8
BLACK
6
CONTINUOUS
10
3.4467933464566927
20
-4.0759668503937005
11
3.4421064173228344
21
-4.0759668503937005
0
LINE
8
BLACK
6
CONTINUOUS
10
3.4421064173228344
20
-4.0759668503937005
11
3.4420290157480316
21
-4.0759514173228348
0
LINE
8
BLACK
6
CONTINUOUS
10
3.4420290157480316
20
-4.0759514173228348
11
3.4419947637795274
21
-4.0759628740157483
0
LINE
8
BLACK
6
CONTINUOUS
10
3.4419947637795274
20
-4.0759628740157483
11
3.4417512992125983
21
-4.0758961811023617
0
LINE
8
BLACK
6
CONTINUOUS
10
3.4417512992125983
20
-4.0758961811023617
11
3.4415037795275589
21
-4.0758469685039369
0
LINE
8
BLACK
6
CONTINUOUS
10
3.4415037795275589
20
-4.0758469685039369
11
3.4414782283464564
21
-4.0758214173228344
0
LINE
8
BLACK
6
CONTINUOUS
10
3.4414782283464564
20
-4.0758214173228344
11
3.441402125984252
21
-4.0758005905511814
0
LINE
8
BLACK
6
CONTINUOUS
10
3.441402125984252
20
-4.0758005905511814
11
3.4395273622047244
21
-4.0748631889763782
0
LINE
8
BLACK
6
CONTINUOUS
10
3.4395273622047244
20
-4.0748631889763782
11
3.4393277559055115
21
-4.0747082677165354
0
LINE
8
BLACK
6
CONTINUOUS
10
3.4393277559055115
20
-4.0747082677165354
11
3.4391181102362203
21
-4.0745681889763778
0
LINE
8
BLACK
6
CONTINUOUS
10
3.4391181102362203
20
-4.0745681889763778
11
3.4381807480314959
21
-4.0736308267716534
0
LINE
8
BLACK
6
CONTINUOUS
10
3.4381807480314959
20
-4.0736308267716534
11
3.4380406299212596
21
-4.0734211417322834
0
LINE
8
BLACK
6
CONTINUOUS
10
3.4380406299212596
20
-4.0734211417322834
11
3.4378857480314959
21
-4.0732215748031493
0
LINE
8
BLACK
6
CONTINUOUS
10
3.4378857480314959
20
-4.0732215748031493
11
3.4369483464566928
21
-4.0713468110236217
0
LINE
8
BLACK
6
CONTINUOUS
10
3.4369483464566928
20
-4.0713468110236217
11
3.4369274803149605
21
-4.0712706692913381
0
LINE
8
BLACK
6
CONTINUOUS
10
3.4369274803149605
20
-4.0712706692913381
11
3.4369019685039368
21
-4.0712451574803152
0
LINE
8
BLACK
6
CONTINUOUS
10
3.4369019685039368
20
-4.0712451574803152
11
3.4368936220472439
21
-4.071203228346457
0
LINE
8
BLACK
6
CONTINUOUS
10
3.4368936220472439
20
-4.071203228346457
11
3.4318948425196849
21
-4.075577204724409
0
LINE
8
BLACK
6
CONTINUOUS
10
3.4318948425196849
20
-4.075577204724409
11
3.431506771653543
21
-4.0758006299212601
0
LINE
8
BLACK
6
CONTINUOUS
10
3.431506771653543
20
-4.0758006299212601
11
3.431460472440945
21
-4.0758469685039369
0
LINE
8
BLACK
6
CONTINUOUS
10
3.431460472440945
20
-4.0758469685039369
11
3.4314263779527558
21
-4.0758469685039369
0
LINE
8
BLACK
6
CONTINUOUS
10
3.4314263779527558
20
-4.0758469685039369
11
3.4313623622047245
21
-4.0758838188976378
0
LINE
8
BLACK
6
CONTINUOUS
10
3.4313623622047245
20
-4.0758838188976378
11
3.4308094881889764
21
-4.0758469685039369
0
LINE
8
BLACK
6
CONTINUOUS
10
3.4308094881889764
20
-4.0758469685039369
11
3.4302551968503936
21
-4.0758469685039369
0
LINE
8
BLACK
6
CONTINUOUS
10
3.4302551968503936
20
-4.0758469685039369
11
3.4302155905511809
21
-4.0758073622047242
0
LINE
8
BLACK
6
CONTINUOUS
10
3.4302155905511809
20
-4.0758073622047242
11
3.4301597244094486
21
-4.0758036614173223
0
LINE
8
BLACK
6
CONTINUOUS
10
3.4301597244094486
20
-4.0758036614173223
11
3.4297946850393699
21
-4.0753864566929137
0
LINE
8
BLACK
6
CONTINUOUS
10
3.4297946850393699
20
-4.0753864566929137
11
3.4294029133858266
21
-4.0749946850393703
0
LINE
8
BLACK
6
CONTINUOUS
10
3.4294029133858266
20
-4.0749946850393703
11
3.4293884645669293
21
-4.0749222047244089
0
LINE
8
BLACK
6
CONTINUOUS
10
3.4293884645669293
20
-4.0749222047244089
11
3.4293660629921261
21
-4.0748965748031498
0
LINE
8
BLACK
6
CONTINUOUS
10
3.4293660629921261
20
-4.0748965748031498
11
3.4293703937007871
21
-4.0748312992125983
0
LINE
8
BLACK
6
CONTINUOUS
10
3.4293703937007871
20
-4.0748312992125983
11
3.429283031496063
21
-4.0743920472440944
0
LINE
8
BLACK
6
CONTINUOUS
10
3.429283031496063
20
-4.0743920472440944
11
3.429283031496063
21
-4.0622060629921259
0
LINE
8
BLACK
6
CONTINUOUS
10
3.429283031496063
20
-4.0622060629921259
11
3.4294029133858266
21
-4.06160342519685
0
LINE
8
BLACK
6
CONTINUOUS
10
3.4294029133858266
20
-4.06160342519685
11
3.4302551968503936
21
-4.0607511417322835
0
LINE
8
BLACK
6
CONTINUOUS
10
3.4302551968503936
20
-4.0607511417322835
11
3.431460472440945
21
-4.0607511417322835
0
LINE
8
BLACK
6
CONTINUOUS
10
3.431460472440945
20
-4.0607511417322835
11
3.4323127559055115
21
-4.06160342519685
0
LINE
8
BLACK
6
CONTINUOUS
10
3.4511455118110237
20
-4.0466903937007874
11
3.4519977952755903
21
-4.047542677165354
0
LINE
8
BLACK
6
CONTINUOUS
10
3.4519977952755903
20
-4.047542677165354
11
3.4521176771653543
21
-4.0481453149606299
0
LINE
8
BLACK
6
CONTINUOUS
10
3.4521176771653543
20
-4.0481453149606299
11
3.4521176771653543
21
-4.0575191338582677
0
LINE
8
BLACK
6
CONTINUOUS
10
3.4521176771653543
20
-4.0575191338582677
11
3.4519977952755903
21
-4.0581217716535436
0
LINE
8
BLACK
6
CONTINUOUS
10
3.4519977952755903
20
-4.0581217716535436
11
3.4511455118110237
21
-4.0589740551181102
0
LINE
8
BLACK
6
CONTINUOUS
10
3.4511455118110237
20
-4.0589740551181102
11
3.4499402362204723
21
-4.0589740551181102
0
LINE
8
BLACK
6
CONTINUOUS
10
3.4499402362204723
20
-4.0589740551181102
11
3.4490879527559053
21
-4.0581217716535436
0
LINE
8
BLACK
6
CONTINUOUS
10
3.4490879527559053
20
-4.0581217716535436
11
3.4489680708661417
21
-4.0575191338582677
0
LINE
8
BLACK
6
CONTINUOUS
10
3.4489680708661417
20
-4.0575191338582677
11
3.4489680708661417
21
-4.049720118110236
0
LINE
8
BLACK
6
CONTINUOUS
10
3.4489680708661417
20
-4.049720118110236
11
3.4308578346456691
21
-4.049720118110236
0
LINE
8
BLACK
6
CONTINUOUS
10
3.4308578346456691
20
-4.049720118110236
11
3.4302551968503936
21
-4.0496002362204724
0
LINE
8
BLACK
6
CONTINUOUS
10
3.4302551968503936
20
-4.0496002362204724
11
3.4294029133858266
21
-4.0487479527559058
0
LINE
8
BLACK
6
CONTINUOUS
10
3.4294029133858266
20
-4.0487479527559058
11
3.4294029133858266
21
-4.047542677165354
0
LINE
8
BLACK
6
CONTINUOUS
10
3.4294029133858266
20
-4.047542677165354
11
3.4302551968503936
21
-4.0466903937007874
0
LINE
8
BLACK
6
CONTINUOUS
10
3.4302551968503936
20
-4.0466903937007874
11
3.4308578346456691
21
-4.0465705118110238
0
LINE
8
BLACK
6
CONTINUOUS
10
3.4308578346456691
20
-4.0465705118110238
11
3.4505428740157478
21
-4.0465705118110238
0
LINE
8
BLACK
6
CONTINUOUS
10
3.4505428740157478
20
-4.0465705118110238
11
3.4511455118110237
21
-4.0466903937007874
0
LINE
8
BLACK
6
CONTINUOUS
10
3.4659753543307086
20
-4.0196112598425193
11
3.4670407086614174
21
-4.0206766141732286
0
LINE
8
BLACK
6
CONTINUOUS
10
3.4670407086614174
20
-4.0206766141732286
11
3.4671905511811021
21
-4.0214299212598421
0
LINE
8
BLACK
6
CONTINUOUS
10
3.4671905511811021
20
-4.0214299212598421
11
3.4671905511811021
21
-4.1001700787401578
0
LINE
8
BLACK
6
CONTINUOUS
10
3.4671905511811021
20
-4.1001700787401578
11
3.4670407086614174
21
-4.1009233858267713
0
LINE
8
BLACK
6
CONTINUOUS
10
3.4670407086614174
20
-4.1009233858267713
11
3.4659753543307086
21
-4.1019887401574806
0
LINE
8
BLACK
6
CONTINUOUS
10
3.4659753543307086
20
-4.1019887401574806
11
3.4652220472440942
21
-4.1021385826771652
0
LINE
8
BLACK
6
CONTINUOUS
10
3.4652220472440942
20
-4.1021385826771652
11
3.4179779527559053
21
-4.1021385826771652
0
LINE
8
BLACK
6
CONTINUOUS
10
3.4179779527559053
20
-4.1021385826771652
11
3.4172246456692914
21
-4.1019887401574806
0
LINE
8
BLACK
6
CONTINUOUS
10
3.4172246456692914
20
-4.1019887401574806
11
3.4161592913385825
21
-4.1009233858267713
0
LINE
8
BLACK
6
CONTINUOUS
10
3.4161592913385825
20
-4.1009233858267713
11
3.4160094488188975
21
-4.1001700787401578
0
LINE
8
BLACK
6
CONTINUOUS
10
3.4160094488188975
20
-4.1001700787401578
11
3.4160094488188975
21
-4.0214299212598421
0
LINE
8
BLACK
6
CONTINUOUS
10
3.4160094488188975
20
-4.0214299212598421
11
3.4161592913385825
21
-4.0206766141732286
0
LINE
8
BLACK
6
CONTINUOUS
10
3.4161592913385825
20
-4.0206766141732286
11
3.4172246456692914
21
-4.0196112598425193
0
LINE
8
BLACK
6
CONTINUOUS
10
3.4172246456692914
20
-4.0196112598425193
11
3.4179779527559053
21
-4.0194614173228347
0
LINE
8
BLACK
6
CONTINUOUS
10
3.4179779527559053
20
-4.0194614173228347
11
3.4652220472440942
21
-4.0194614173228347
0
LINE
8
BLACK
6
CONTINUOUS
10
3.4652220472440942
20
-4.0194614173228347
11
3.4659753543307086
21
-4.0196112598425193
0
LINE
8
BLACK
6
CONTINUOUS
10
3.4199464566929132
20
-4.0233984251968504
11
3.4199464566929132
21
-4.0982015748031495
0
LINE
8
BLACK
6
CONTINUOUS
10
3.4199464566929132
20
-4.0982015748031495
11
3.4632535433070863
21
-4.0982015748031495
0
LINE
8
BLACK
6
CONTINUOUS
10
3.4632535433070863
20
-4.0982015748031495
11
3.4632535433070863
21
-4.0233984251968504
0
LINE
8
BLACK
6
CONTINUOUS
10
3.4632535433070863
20
-4.0233984251968504
11
3.4199464566929132
21
-4.0233984251968504
0
LINE
8
BLACK
6
CONTINUOUS
10
3.4281138976377954
20
-3.9351267716535432
11
3.4281395669291337
21
-3.9351182283464565
0
LINE
8
BLACK
6
CONTINUOUS
10
3.4281395669291337
20
-3.9351182283464565
11
3.4283220866141733
21
-3.9351681889763777
0
LINE
8
BLACK
6
CONTINUOUS
10
3.4283220866141733
20
-3.9351681889763777
11
3.428507874015748
21
-3.9352051574803149
0
LINE
8
BLACK
6
CONTINUOUS
10
3.428507874015748
20
-3.9352051574803149
11
3.4285270078740155
21
-3.9352242913385824
0
LINE
8
BLACK
6
CONTINUOUS
10
3.4285270078740155
20
-3.9352242913385824
11
3.4285840944881887
21
-3.9352399212598423
0
LINE
8
BLACK
6
CONTINUOUS
10
3.4285840944881887
20
-3.9352399212598423
11
3.430083897637795
21
-3.9359898425196849
0
LINE
8
BLACK
6
CONTINUOUS
10
3.430083897637795
20
-3.9359898425196849
11
3.4302336220472438
21
-3.9361060629921258
0
LINE
8
BLACK
6
CONTINUOUS
10
3.4302336220472438
20
-3.9361060629921258
11
3.4303908267716534
21
-3.9362111023622046
0
LINE
8
BLACK
6
CONTINUOUS
10
3.4303908267716534
20
-3.9362111023622046
11
3.4311407480314959
21
-3.9369609842519684
0
LINE
8
BLACK
6
CONTINUOUS
10
3.4311407480314959
20
-3.9369609842519684
11
3.4312461023622047
21
-3.9371187007874013
0
LINE
8
BLACK
6
CONTINUOUS
10
3.4312461023622047
20
-3.9371187007874013
11
3.4313619685039369
21
-3.9372679527559056
0
LINE
8
BLACK
6
CONTINUOUS
10
3.4313619685039369
20
-3.9372679527559056
11
3.4321118897637795
21
-3.9387677952755906
0
LINE
8
BLACK
6
CONTINUOUS
10
3.4321118897637795
20
-3.9387677952755906
11
3.4321274803149606
21
-3.9388248031496063
0
LINE
8
BLACK
6
CONTINUOUS
10
3.4321274803149606
20
-3.9388248031496063
11
3.4321466535433069
21
-3.9388439763779526
0
LINE
8
BLACK
6
CONTINUOUS
10
3.4321466535433069
20
-3.9388439763779526
11
3.4321835433070866
21
-3.9390294488188977
0
LINE
8
BLACK
6
CONTINUOUS
10
3.4321835433070866
20
-3.9390294488188977
11
3.432233622047244
21
-3.9392122834645669
0
LINE
8
BLACK
6
CONTINUOUS
10
3.432233622047244
20
-3.9392122834645669
11
3.4322250393700786
21
-3.9392379921259844
0
LINE
8
BLACK
6
CONTINUOUS
10
3.4322250393700786
20
-3.9392379921259844
11
3.4322365748031496
21
-3.9392959842519684
0
LINE
8
BLACK
6
CONTINUOUS
10
3.4322365748031496
20
-3.9392959842519684
11
3.4322365748031496
21
-3.9400458661417321
0
LINE
8
BLACK
6
CONTINUOUS
10
3.4322365748031496
20
-3.9400458661417321
11
3.4322250393700786
21
-3.9401038188976378
0
LINE
8
BLACK
6
CONTINUOUS
10
3.4322250393700786
20
-3.9401038188976378
11
3.432233622047244
21
-3.9401295669291336
0
LINE
8
BLACK
6
CONTINUOUS
10
3.432233622047244
20
-3.9401295669291336
11
3.4321835433070866
21
-3.9403123622047245
0
LINE
8
BLACK
6
CONTINUOUS
10
3.4321835433070866
20
-3.9403123622047245
11
3.4321466535433069
21
-3.9404978740157479
0
LINE
8
BLACK
6
CONTINUOUS
10
3.4321466535433069
20
-3.9404978740157479
11
3.4321274803149606
21
-3.9405170078740155
0
LINE
8
BLACK
6
CONTINUOUS
10
3.4321274803149606
20
-3.9405170078740155
11
3.4321118897637795
21
-3.9405740551181103
0
LINE
8
BLACK
6
CONTINUOUS
10
3.4321118897637795
20
-3.9405740551181103
11
3.4313619685039369
21
-3.9420738976377954
0
LINE
8
BLACK
6
CONTINUOUS
10
3.4313619685039369
20
-3.9420738976377954
11
3.431245905511811
21
-3.9422233464566929
0
LINE
8
BLACK
6
CONTINUOUS
10
3.431245905511811
20
-3.9422233464566929
11
3.4311407480314959
21
-3.9423808267716534
0
LINE
8
BLACK
6
CONTINUOUS
10
3.4311407480314959
20
-3.9423808267716534
11
3.4304761023622046
21
-3.9430454724409447
0
LINE
8
BLACK
6
CONTINUOUS
10
3.4304761023622046
20
-3.9430454724409447
11
3.4311407480314959
21
-3.9437101574803148
0
LINE
8
BLACK
6
CONTINUOUS
10
3.4311407480314959
20
-3.9437101574803148
11
3.431245905511811
21
-3.943867598425197
0
LINE
8
BLACK
6
CONTINUOUS
10
3.431245905511811
20
-3.943867598425197
11
3.4313619685039369
21
-3.9440170866141733
0
LINE
8
BLACK
6
CONTINUOUS
10
3.4313619685039369
20
-3.9440170866141733
11
3.4321118897637795
21
-3.9455169291338583
0
LINE
8
BLACK
6
CONTINUOUS
10
3.4321118897637795
20
-3.9455169291338583
11
3.4321274803149606
21
-3.945573937007874
0
LINE
8
BLACK
6
CONTINUOUS
10
3.4321274803149606
20
-3.945573937007874
11
3.4321466535433069
21
-3.9455931102362203
0
LINE
8
BLACK
6
CONTINUOUS
10
3.4321466535433069
20
-3.9455931102362203
11
3.4321835433070866
21
-3.9457785826771654
0
LINE
8
BLACK
6
CONTINUOUS
10
3.4321835433070866
20
-3.9457785826771654
11
3.432233622047244
21
-3.9459614173228346
0
LINE
8
BLACK
6
CONTINUOUS
10
3.432233622047244
20
-3.9459614173228346
11
3.4322250393700786
21
-3.9459871259842521
0
LINE
8
BLACK
6
CONTINUOUS
10
3.4322250393700786
20
-3.9459871259842521
11
3.4322365748031496
21
-3.9460451181102361
0
LINE
8
BLACK
6
CONTINUOUS
10
3.4322365748031496
20
-3.9460451181102361
11
3.4322365748031496
21
-3.9490447637795274
0
LINE
8
BLACK
6
CONTINUOUS
10
3.4322365748031496
20
-3.9490447637795274
11
3.4322250393700786
21
-3.9491027165354331
0
LINE
8
BLACK
6
CONTINUOUS
10
3.4322250393700786
20
-3.9491027165354331
11
3.432233622047244
21
-3.9491284645669289
0
LINE
8
BLACK
6
CONTINUOUS
10
3.432233622047244
20
-3.9491284645669289
11
3.4321835433070866
21
-3.9493112598425197
0
LINE
8
BLACK
6
CONTINUOUS
10
3.4321835433070866
20
-3.9493112598425197
11
3.4321466535433069
21
-3.9494967716535432
0
LINE
8
BLACK
6
CONTINUOUS
10
3.4321466535433069
20
-3.9494967716535432
11
3.4321274803149606
21
-3.9495159055118108
0
LINE
8
BLACK
6
CONTINUOUS
10
3.4321274803149606
20
-3.9495159055118108
11
3.4321118897637795
21
-3.9495729527559056
0
LINE
8
BLACK
6
CONTINUOUS
10
3.4321118897637795
20
-3.9495729527559056
11
3.4313619685039369
21
-3.9510727952755906
0
LINE
8
BLACK
6
CONTINUOUS
10
3.4313619685039369
20
-3.9510727952755906
11
3.431245905511811
21
-3.9512222440944882
0
LINE
8
BLACK
6
CONTINUOUS
10
3.431245905511811
20
-3.9512222440944882
11
3.4311407480314959
21
-3.9513797244094486
0
LINE
8
BLACK
6
CONTINUOUS
10
3.4311407480314959
20
-3.9513797244094486
11
3.4303908661417322
21
-3.9521296456692911
0
LINE
8
BLACK
6
CONTINUOUS
10
3.4303908661417322
20
-3.9521296456692911
11
3.4302332283464567
21
-3.9522349212598424
0
LINE
8
BLACK
6
CONTINUOUS
10
3.4302332283464567
20
-3.9522349212598424
11
3.4300838582677167
21
-3.9523509055118109
0
LINE
8
BLACK
6
CONTINUOUS
10
3.4300838582677167
20
-3.9523509055118109
11
3.4285840551181104
21
-3.9531007874015747
0
LINE
8
BLACK
6
CONTINUOUS
10
3.4285840551181104
20
-3.9531007874015747
11
3.4285270078740155
21
-3.9531163779527558
0
LINE
8
BLACK
6
CONTINUOUS
10
3.4285270078740155
20
-3.9531163779527558
11
3.428507874015748
21
-3.9531355511811022
0
LINE
8
BLACK
6
CONTINUOUS
10
3.428507874015748
20
-3.9531355511811022
11
3.4283220472440945
21
-3.9531724803149606
0
LINE
8
BLACK
6
CONTINUOUS
10
3.4283220472440945
20
-3.9531724803149606
11
3.4281395669291337
21
-3.9532224803149605
0
LINE
8
BLACK
6
CONTINUOUS
10
3.4281395669291337
20
-3.9532224803149605
11
3.4281138976377954
21
-3.9532138976377951
0
LINE
8
BLACK
6
CONTINUOUS
10
3.4281138976377954
20
-3.9532138976377951
11
3.4280558661417322
21
-3.9532254724409448
0
LINE
8
BLACK
6
CONTINUOUS
10
3.4280558661417322
20
-3.9532254724409448
11
3.4250562204724408
21
-3.9532254724409448
0
LINE
8
BLACK
6
CONTINUOUS
10
3.4250562204724408
20
-3.9532254724409448
11
3.4249981496062993
21
-3.9532138976377951
0
LINE
8
BLACK
6
CONTINUOUS
10
3.4249981496062993
20
-3.9532138976377951
11
3.4249725196850394
21
-3.9532224803149605
0
LINE
8
BLACK
6
CONTINUOUS
10
3.4249725196850394
20
-3.9532224803149605
11
3.4247899999999998
21
-3.9531724803149606
0
LINE
8
BLACK
6
CONTINUOUS
10
3.4247899999999998
20
-3.9531724803149606
11
3.4246042125984251
21
-3.9531355511811022
0
LINE
8
BLACK
6
CONTINUOUS
10
3.4246042125984251
20
-3.9531355511811022
11
3.4245850393700787
21
-3.9531163779527558
0
LINE
8
BLACK
6
CONTINUOUS
10
3.4245850393700787
20
-3.9531163779527558
11
3.4245280314960631
21
-3.9531007874015747
0
LINE
8
BLACK
6
CONTINUOUS
10
3.4245280314960631
20
-3.9531007874015747
11
3.4230282283464568
21
-3.9523509055118109
0
LINE
8
BLACK
6
CONTINUOUS
10
3.4230282283464568
20
-3.9523509055118109
11
3.4228785826771655
21
-3.9522347637795274
0
LINE
8
BLACK
6
CONTINUOUS
10
3.4228785826771655
20
-3.9522347637795274
11
3.4227212598425196
21
-3.9521296456692911
0
LINE
8
BLACK
6
CONTINUOUS
10
3.4227212598425196
20
-3.9521296456692911
11
3.4219713385826771
21
-3.9513797244094486
0
LINE
8
BLACK
6
CONTINUOUS
10
3.4219713385826771
20
-3.9513797244094486
11
3.4218662204724408
21
-3.9512223622047244
0
LINE
8
BLACK
6
CONTINUOUS
10
3.4218662204724408
20
-3.9512223622047244
11
3.4217500787401574
21
-3.9510727559055119
0
LINE
8
BLACK
6
CONTINUOUS
10
3.4217500787401574
20
-3.9510727559055119
11
3.4210001968503936
21
-3.9495729527559056
0
LINE
8
BLACK
6
CONTINUOUS
10
3.4210001968503936
20
-3.9495729527559056
11
3.4209845669291337
21
-3.9495159055118108
0
LINE
8
BLACK
6
CONTINUOUS
10
3.4209845669291337
20
-3.9495159055118108
11
3.4209654330708661
21
-3.9494967716535432
0
LINE
8
BLACK
6
CONTINUOUS
10
3.4209654330708661
20
-3.9494967716535432
11
3.4209284645669289
21
-3.9493109448818897
0
LINE
8
BLACK
6
CONTINUOUS
10
3.4209284645669289
20
-3.9493109448818897
11
3.4208785039370078
21
-3.9491284645669289
0
LINE
8
BLACK
6
CONTINUOUS
10
3.4208785039370078
20
-3.9491284645669289
11
3.4208870472440944
21
-3.9491027952755906
0
LINE
8
BLACK
6
CONTINUOUS
10
3.4208870472440944
20
-3.9491027952755906
11
3.4208755118110235
21
-3.9490447637795274
0
LINE
8
BLACK
6
CONTINUOUS
10
3.4208755118110235
20
-3.9490447637795274
11
3.4208755118110235
21
-3.9460451181102361
0
LINE
8
BLACK
6
CONTINUOUS
10
3.4208755118110235
20
-3.9460451181102361
11
3.4208870472440944
21
-3.9459870472440945
0
LINE
8
BLACK
6
CONTINUOUS
10
3.4208870472440944
20
-3.9459870472440945
11
3.4208785039370078
21
-3.9459614173228346
0
LINE
8
BLACK
6
CONTINUOUS
10
3.4208785039370078
20
-3.9459614173228346
11
3.4209284645669289
21
-3.945778897637795
0
LINE
8
BLACK
6
CONTINUOUS
10
3.4209284645669289
20
-3.945778897637795
11
3.4209654330708661
21
-3.9455931102362203
0
LINE
8
BLACK
6
CONTINUOUS
10
3.4209654330708661
20
-3.9455931102362203
11
3.4209845669291337
21
-3.945573937007874
0
LINE
8
BLACK
6
CONTINUOUS
10
3.4209845669291337
20
-3.945573937007874
11
3.4210001968503936
21
-3.9455169291338583
0
LINE
8
BLACK
6
CONTINUOUS
10
3.4210001968503936
20
-3.9455169291338583
11
3.4217500787401574
21
-3.944017125984252
0
LINE
8
BLACK
6
CONTINUOUS
10
3.4217500787401574
20
-3.944017125984252
11
3.4218662204724408
21
-3.9438674803149607
0
LINE
8
BLACK
6
CONTINUOUS
10
3.4218662204724408
20
-3.9438674803149607
11
3.4219713385826771
21
-3.9437101574803148
0
LINE
8
BLACK
6
CONTINUOUS
10
3.4219713385826771
20
-3.9437101574803148
11
3.4226359842519685
21
-3.9430454724409447
0
LINE
8
BLACK
6
CONTINUOUS
10
3.4226359842519685
20
-3.9430454724409447
11
3.4219713385826771
21
-3.9423808267716534
0
LINE
8
BLACK
6
CONTINUOUS
10
3.4219713385826771
20
-3.9423808267716534
11
3.4218662204724408
21
-3.9422234645669292
0
LINE
8
BLACK
6
CONTINUOUS
10
3.4218662204724408
20
-3.9422234645669292
11
3.4217500787401574
21
-3.9420738582677166
0
LINE
8
BLACK
6
CONTINUOUS
10
3.4217500787401574
20
-3.9420738582677166
11
3.4210001968503936
21
-3.9405740551181103
0
LINE
8
BLACK
6
CONTINUOUS
10
3.4210001968503936
20
-3.9405740551181103
11
3.4209845669291337
21
-3.9405170078740155
0
LINE
8
BLACK
6
CONTINUOUS
10
3.4209845669291337
20
-3.9405170078740155
11
3.4209654330708661
21
-3.9404978740157479
0
LINE
8
BLACK
6
CONTINUOUS
10
3.4209654330708661
20
-3.9404978740157479
11
3.4209284645669289
21
-3.9403120472440945
0
LINE
8
BLACK
6
CONTINUOUS
10
3.4209284645669289
20
-3.9403120472440945
11
3.4208785039370078
21
-3.9401295669291336
0
LINE
8
BLACK
6
CONTINUOUS
10
3.4208785039370078
20
-3.9401295669291336
11
3.4208870472440944
21
-3.9401038976377953
0
LINE
8
BLACK
6
CONTINUOUS
10
3.4208870472440944
20
-3.9401038976377953
11
3.4208755118110235
21
-3.9400458661417321
0
LINE
8
BLACK
6
CONTINUOUS
10
3.4208755118110235
20
-3.9400458661417321
11
3.4208755118110235
21
-3.9392959842519684
0
LINE
8
BLACK
6
CONTINUOUS
10
3.4208755118110235
20
-3.9392959842519684
11
3.4208870472440944
21
-3.9392379527559056
0
LINE
8
BLACK
6
CONTINUOUS
10
3.4208870472440944
20
-3.9392379527559056
11
3.4208785039370078
21
-3.9392123228346456
0
LINE
8
BLACK
6
CONTINUOUS
10
3.4208785039370078
20
-3.9392123228346456
11
3.4209284251968501
21
-3.9390298425196848
0
LINE
8
BLACK
6
CONTINUOUS
10
3.4209284251968501
20
-3.9390298425196848
11
3.4209654330708661
21
-3.9388439763779526
0
LINE
8
BLACK
6
CONTINUOUS
10
3.4209654330708661
20
-3.9388439763779526
11
3.4209845669291337
21
-3.9388248031496063
0
LINE
8
BLACK
6
CONTINUOUS
10
3.4209845669291337
20
-3.9388248031496063
11
3.4210001968503936
21
-3.9387677952755906
0
LINE
8
BLACK
6
CONTINUOUS
10
3.4210001968503936
20
-3.9387677952755906
11
3.4217500787401574
21
-3.9372679527559056
0
LINE
8
BLACK
6
CONTINUOUS
10
3.4217500787401574
20
-3.9372679527559056
11
3.4218660236220471
21
-3.9371185433070863
0
LINE
8
BLACK
6
CONTINUOUS
10
3.4218660236220471
20
-3.9371185433070863
11
3.4219713385826771
21
-3.9369609448818896
0
LINE
8
BLACK
6
CONTINUOUS
10
3.4219713385826771
20
-3.9369609448818896
11
3.4227212598425196
21
-3.9362110629921259
0
LINE
8
BLACK
6
CONTINUOUS
10
3.4227212598425196
20
-3.9362110629921259
11
3.4228787007874013
21
-3.9361058661417321
0
LINE
8
BLACK
6
CONTINUOUS
10
3.4228787007874013
20
-3.9361058661417321
11
3.4230281889763781
21
-3.9359898425196849
0
LINE
8
BLACK
6
CONTINUOUS
10
3.4230281889763781
20
-3.9359898425196849
11
3.4245280314960631
21
-3.9352399212598423
0
LINE
8
BLACK
6
CONTINUOUS
10
3.4245280314960631
20
-3.9352399212598423
11
3.4245850393700787
21
-3.9352242913385824
0
LINE
8
BLACK
6
CONTINUOUS
10
3.4245850393700787
20
-3.9352242913385824
11
3.4246042125984251
21
-3.9352051574803149
0
LINE
8
BLACK
6
CONTINUOUS
10
3.4246042125984251
20
-3.9352051574803149
11
3.4247896850393702
21
-3.9351682283464564
0
LINE
8
BLACK
6
CONTINUOUS
10
3.4247896850393702
20
-3.9351682283464564
11
3.4249725196850394
21
-3.9351181889763778
0
LINE
8
BLACK
6
CONTINUOUS
10
3.4249725196850394
20
-3.9351181889763778
11
3.4249982283464564
21
-3.9351267322834644
0
LINE
8
BLACK
6
CONTINUOUS
10
3.4249982283464564
20
-3.9351267322834644
11
3.4250562204724408
21
-3.9351152362204722
0
LINE
8
BLACK
6
CONTINUOUS
10
3.4250562204724408
20
-3.9351152362204722
11
3.4280558661417322
21
-3.9351152362204722
0
LINE
8
BLACK
6
CONTINUOUS
10
3.4280558661417322
20
-3.9351152362204722
11
3.4281138976377954
21
-3.9351267716535432
0
LINE
8
BLACK
6
CONTINUOUS
10
3.4242559842519684
20
-3.9447661023622045
11
3.4237772047244093
21
-3.9452448818897636
0
LINE
8
BLACK
6
CONTINUOUS
10
3.4237772047244093
20
-3.9452448818897636
11
3.4232377165354331
21
-3.9463238976377952
0
LINE
8
BLACK
6
CONTINUOUS
10
3.4232377165354331
20
-3.9463238976377952
11
3.4232377165354331
21
-3.9487659448818895
0
LINE
8
BLACK
6
CONTINUOUS
10
3.4232377165354331
20
-3.9487659448818895
11
3.4237772047244093
21
-3.9498449606299211
0
LINE
8
BLACK
6
CONTINUOUS
10
3.4237772047244093
20
-3.9498449606299211
11
3.4242559842519684
21
-3.9503237401574802
0
LINE
8
BLACK
6
CONTINUOUS
10
3.4242559842519684
20
-3.9503237401574802
11
3.4253350393700788
21
-3.9508632677165352
0
LINE
8
BLACK
6
CONTINUOUS
10
3.4253350393700788
20
-3.9508632677165352
11
3.4277770472440943
21
-3.9508632677165352
0
LINE
8
BLACK
6
CONTINUOUS
10
3.4277770472440943
20
-3.9508632677165352
11
3.4288559842519684
21
-3.950323779527559
0
LINE
8
BLACK
6
CONTINUOUS
10
3.4288559842519684
20
-3.950323779527559
11
3.4293348031496063
21
-3.9498449606299211
0
LINE
8
BLACK
6
CONTINUOUS
10
3.4293348031496063
20
-3.9498449606299211
11
3.42987437007874
21
-3.948765866141732
0
LINE
8
BLACK
6
CONTINUOUS
10
3.42987437007874
20
-3.948765866141732
11
3.42987437007874
21
-3.9463239763779527
0
LINE
8
BLACK
6
CONTINUOUS
10
3.42987437007874
20
-3.9463239763779527
11
3.4293348031496063
21
-3.9452448818897636
0
LINE
8
BLACK
6
CONTINUOUS
10
3.4293348031496063
20
-3.9452448818897636
11
3.4288559842519684
21
-3.9447660629921257
0
LINE
8
BLACK
6
CONTINUOUS
10
3.4288559842519684
20
-3.9447660629921257
11
3.4277770472440943
21
-3.9442266141732283
0
LINE
8
BLACK
6
CONTINUOUS
10
3.4277770472440943
20
-3.9442266141732283
11
3.4253350393700788
21
-3.9442266141732283
0
LINE
8
BLACK
6
CONTINUOUS
10
3.4253350393700788
20
-3.9442266141732283
11
3.4242559842519684
21
-3.9447661023622045
0
LINE
8
BLACK
6
CONTINUOUS
10
3.4242559842519684
20
-3.9380169685039368
11
3.4237771653543305
21
-3.9384957874015747
0
LINE
8
BLACK
6
CONTINUOUS
10
3.4237771653543305
20
-3.9384957874015747
11
3.4232377165354331
21
-3.9395747637795275
0
LINE
8
BLACK
6
CONTINUOUS
10
3.4232377165354331
20
-3.9395747637795275
11
3.4232377165354331
21
-3.9397670472440942
0
LINE
8
BLACK
6
CONTINUOUS
10
3.4232377165354331
20
-3.9397670472440942
11
3.4237772047244093
21
-3.9408460629921258
0
LINE
8
BLACK
6
CONTINUOUS
10
3.4237772047244093
20
-3.9408460629921258
11
3.4242559842519684
21
-3.941324842519685
0
LINE
8
BLACK
6
CONTINUOUS
10
3.4242559842519684
20
-3.941324842519685
11
3.4253350787401575
21
-3.9418644094488187
0
LINE
8
BLACK
6
CONTINUOUS
10
3.4253350787401575
20
-3.9418644094488187
11
3.4277770078740155
21
-3.9418644094488187
0
LINE
8
BLACK
6
CONTINUOUS
10
3.4277770078740155
20
-3.9418644094488187
11
3.4288559842519684
21
-3.9413249212598425
0
LINE
8
BLACK
6
CONTINUOUS
10
3.4288559842519684
20
-3.9413249212598425
11
3.4293348031496063
21
-3.9408460629921258
0
LINE
8
BLACK
6
CONTINUOUS
10
3.4293348031496063
20
-3.9408460629921258
11
3.42987437007874
21
-3.9397669685039367
0
LINE
8
BLACK
6
CONTINUOUS
10
3.42987437007874
20
-3.9397669685039367
11
3.42987437007874
21
-3.9395748031496063
0
LINE
8
BLACK
6
CONTINUOUS
10
3.42987437007874
20
-3.9395748031496063
11
3.429334842519685
21
-3.9384957874015747
0
LINE
8
BLACK
6
CONTINUOUS
10
3.429334842519685
20
-3.9384957874015747
11
3.4288560236220471
21
-3.938016929133858
0
LINE
8
BLACK
6
CONTINUOUS
10
3.4288560236220471
20
-3.938016929133858
11
3.4277770078740155
21
-3.9374774409448818
0
LINE
8
BLACK
6
CONTINUOUS
10
3.4277770078740155
20
-3.9374774409448818
11
3.4253350787401575
21
-3.9374774409448818
0
LINE
8
BLACK
6
CONTINUOUS
10
3.4253350787401575
20
-3.9374774409448818
11
3.4242559842519684
21
-3.9380169685039368
0
LINE
8
BLACK
6
CONTINUOUS
10
3.4438618897637796
20
-3.9351267716535432
11
3.4438875590551179
21
-3.9351182283464565
0
LINE
8
BLACK
6
CONTINUOUS
10
3.4438875590551179
20
-3.9351182283464565
11
3.4440700787401575
21
-3.9351681889763777
0
LINE
8
BLACK
6
CONTINUOUS
10
3.4440700787401575
20
-3.9351681889763777
11
3.4442558661417322
21
-3.9352051574803149
0
LINE
8
BLACK
6
CONTINUOUS
10
3.4442558661417322
20
-3.9352051574803149
11
3.4442749999999998
21
-3.9352242913385824
0
LINE
8
BLACK
6
CONTINUOUS
10
3.4442749999999998
20
-3.9352242913385824
11
3.4443320866141733
21
-3.9352399212598423
0
LINE
8
BLACK
6
CONTINUOUS
10
3.4443320866141733
20
-3.9352399212598423
11
3.4458318897637796
21
-3.9359898425196849
0
LINE
8
BLACK
6
CONTINUOUS
10
3.4458318897637796
20
-3.9359898425196849
11
3.4459813385826772
21
-3.9361058661417321
0
LINE
8
BLACK
6
CONTINUOUS
10
3.4459813385826772
20
-3.9361058661417321
11
3.4461388188976376
21
-3.9362110629921259
0
LINE
8
BLACK
6
CONTINUOUS
10
3.4461388188976376
20
-3.9362110629921259
11
3.4468887007874014
21
-3.9369609448818896
0
LINE
8
BLACK
6
CONTINUOUS
10
3.4468887007874014
20
-3.9369609448818896
11
3.4471447637795274
21
-3.9373441338582675
0
LINE
8
BLACK
6
CONTINUOUS
10
3.4471447637795274
20
-3.9373441338582675
11
3.4471448031496061
21
-3.9382480708661416
0
LINE
8
BLACK
6
CONTINUOUS
10
3.4471448031496061
20
-3.9382480708661416
11
3.4465055511811022
21
-3.9388873228346455
0
LINE
8
BLACK
6
CONTINUOUS
10
3.4465055511811022
20
-3.9388873228346455
11
3.4456016535433069
21
-3.9388873622047242
0
LINE
8
BLACK
6
CONTINUOUS
10
3.4456016535433069
20
-3.9388873622047242
11
3.4452184251968503
21
-3.938631338582677
0
LINE
8
BLACK
6
CONTINUOUS
10
3.4452184251968503
20
-3.938631338582677
11
3.4446039763779526
21
-3.938016929133858
0
LINE
8
BLACK
6
CONTINUOUS
10
3.4446039763779526
20
-3.938016929133858
11
3.4435249999999997
21
-3.9374774409448818
0
LINE
8
BLACK
6
CONTINUOUS
10
3.4435249999999997
20
-3.9374774409448818
11
3.440333188976378
21
-3.9374774409448818
0
LINE
8
BLACK
6
CONTINUOUS
10
3.440333188976378
20
-3.9374774409448818
11
3.4392540944881889
21
-3.9380169685039368
0
LINE
8
BLACK
6
CONTINUOUS
10
3.4392540944881889
20
-3.9380169685039368
11
3.438775275590551
21
-3.9384957874015747
0
LINE
8
BLACK
6
CONTINUOUS
10
3.438775275590551
20
-3.9384957874015747
11
3.4382358267716535
21
-3.9395747637795275
0
LINE
8
BLACK
6
CONTINUOUS
10
3.4382358267716535
20
-3.9395747637795275
11
3.4382358267716535
21
-3.9406040551181101
0
LINE
8
BLACK
6
CONTINUOUS
10
3.4382358267716535
20
-3.9406040551181101
11
3.4388369291338581
21
-3.9424075196850392
0
LINE
8
BLACK
6
CONTINUOUS
10
3.4388369291338581
20
-3.9424075196850392
11
3.4476386614173227
21
-3.9512092125984251
0
LINE
8
BLACK
6
CONTINUOUS
10
3.4476386614173227
20
-3.9512092125984251
11
3.4478945669291337
21
-3.9515922440944879
0
LINE
8
BLACK
6
CONTINUOUS
10
3.4478945669291337
20
-3.9515922440944879
11
3.4478946850393699
21
-3.9515923622047242
0
LINE
8
BLACK
6
CONTINUOUS
10
3.4478946850393699
20
-3.9515923622047242
11
3.4478946850393699
21
-3.951592401574803
0
LINE
8
BLACK
6
CONTINUOUS
10
3.4478946850393699
20
-3.951592401574803
11
3.4478947244094487
21
-3.952496338582677
0
LINE
8
BLACK
6
CONTINUOUS
10
3.4478947244094487
20
-3.952496338582677
11
3.4478946850393699
21
-3.952496338582677
0
LINE
8
BLACK
6
CONTINUOUS
10
3.4478946850393699
20
-3.952496338582677
11
3.4478946850393699
21
-3.9524963779527558
0
LINE
8
BLACK
6
CONTINUOUS
10
3.4478946850393699
20
-3.9524963779527558
11
3.4472555118110235
21
-3.9531355511811022
0
LINE
8
BLACK
6
CONTINUOUS
10
3.4472555118110235
20
-3.9531355511811022
11
3.4468035039370077
21
-3.9532254724409448
0
LINE
8
BLACK
6
CONTINUOUS
10
3.4468035039370077
20
-3.9532254724409448
11
3.4370547244094487
21
-3.9532254724409448
0
LINE
8
BLACK
6
CONTINUOUS
10
3.4370547244094487
20
-3.9532254724409448
11
3.4366027165354329
21
-3.9531355511811022
0
LINE
8
BLACK
6
CONTINUOUS
10
3.4366027165354329
20
-3.9531355511811022
11
3.4359635433070865
21
-3.9524963779527558
0
LINE
8
BLACK
6
CONTINUOUS
10
3.4359635433070865
20
-3.9524963779527558
11
3.4359635433070865
21
-3.9515923622047242
0
LINE
8
BLACK
6
CONTINUOUS
10
3.4359635433070865
20
-3.9515923622047242
11
3.4366027165354329
21
-3.9509531889763778
0
LINE
8
BLACK
6
CONTINUOUS
10
3.4366027165354329
20
-3.9509531889763778
11
3.4370547244094487
21
-3.9508632677165352
0
LINE
8
BLACK
6
CONTINUOUS
10
3.4370547244094487
20
-3.9508632677165352
11
3.4439520866141731
21
-3.9508632677165352
0
LINE
8
BLACK
6
CONTINUOUS
10
3.4439520866141731
20
-3.9508632677165352
11
3.4369694488188975
21
-3.9438806692913384
0
LINE
8
BLACK
6
CONTINUOUS
10
3.4369694488188975
20
-3.9438806692913384
11
3.4369365748031497
21
-3.9438314566929131
0
LINE
8
BLACK
6
CONTINUOUS
10
3.4369365748031497
20
-3.9438314566929131
11
3.4369123622047244
21
-3.9438193700787401
0
LINE
8
BLACK
6
CONTINUOUS
10
3.4369123622047244
20
-3.9438193700787401
11
3.4368184645669291
21
-3.9436547244094489
0
LINE
8
BLACK
6
CONTINUOUS
10
3.4368184645669291
20
-3.9436547244094489
11
3.4367134251968503
21
-3.9434974803149605
0
LINE
8
BLACK
6
CONTINUOUS
10
3.4367134251968503
20
-3.9434974803149605
11
3.4367134251968503
21
-3.9434704330708659
0
LINE
8
BLACK
6
CONTINUOUS
10
3.4367134251968503
20
-3.9434704330708659
11
3.4366840944881889
21
-3.9434190157480313
0
LINE
8
BLACK
6
CONTINUOUS
10
3.4366840944881889
20
-3.9434190157480313
11
3.4359342125984251
21
-3.9411692913385825
0
LINE
8
BLACK
6
CONTINUOUS
10
3.4359342125984251
20
-3.9411692913385825
11
3.4359105118110236
21
-3.9409813779527556
0
LINE
8
BLACK
6
CONTINUOUS
10
3.4359105118110236
20
-3.9409813779527556
11
3.4358736220472439
21
-3.9407957874015747
0
LINE
8
BLACK
6
CONTINUOUS
10
3.4358736220472439
20
-3.9407957874015747
11
3.4358736220472439
21
-3.9392959842519684
0
LINE
8
BLACK
6
CONTINUOUS
10
3.4358736220472439
20
-3.9392959842519684
11
3.4358851574803149
21
-3.9392379527559056
0
LINE
8
BLACK
6
CONTINUOUS
10
3.4358851574803149
20
-3.9392379527559056
11
3.4358766141732282
21
-3.9392123228346456
0
LINE
8
BLACK
6
CONTINUOUS
10
3.4358766141732282
20
-3.9392123228346456
11
3.4359265354330706
21
-3.9390298425196848
0
LINE
8
BLACK
6
CONTINUOUS
10
3.4359265354330706
20
-3.9390298425196848
11
3.4359635433070865
21
-3.9388439763779526
0
LINE
8
BLACK
6
CONTINUOUS
10
3.4359635433070865
20
-3.9388439763779526
11
3.4359826771653541
21
-3.9388248031496063
0
LINE
8
BLACK
6
CONTINUOUS
10
3.4359826771653541
20
-3.9388248031496063
11
3.435998307086614
21
-3.9387677952755906
0
LINE
8
BLACK
6
CONTINUOUS
10
3.435998307086614
20
-3.9387677952755906
11
3.4367481889763778
21
-3.9372679527559056
0
LINE
8
BLACK
6
CONTINUOUS
10
3.4367481889763778
20
-3.9372679527559056
11
3.4368641338582675
21
-3.9371185433070863
0
LINE
8
BLACK
6
CONTINUOUS
10
3.4368641338582675
20
-3.9371185433070863
11
3.4369694488188975
21
-3.9369609448818896
0
LINE
8
BLACK
6
CONTINUOUS
10
3.4369694488188975
20
-3.9369609448818896
11
3.4377193700787401
21
-3.9362110629921259
0
LINE
8
BLACK
6
CONTINUOUS
10
3.4377193700787401
20
-3.9362110629921259
11
3.4378768110236217
21
-3.9361058661417321
0
LINE
8
BLACK
6
CONTINUOUS
10
3.4378768110236217
20
-3.9361058661417321
11
3.4380262992125985
21
-3.9359898425196849
0
LINE
8
BLACK
6
CONTINUOUS
10
3.4380262992125985
20
-3.9359898425196849
11
3.4395261417322835
21
-3.9352399212598423
0
LINE
8
BLACK
6
CONTINUOUS
10
3.4395261417322835
20
-3.9352399212598423
11
3.4395831496062992
21
-3.9352242913385824
0
LINE
8
BLACK
6
CONTINUOUS
10
3.4395831496062992
20
-3.9352242913385824
11
3.4396023228346455
21
-3.9352051574803149
0
LINE
8
BLACK
6
CONTINUOUS
10
3.4396023228346455
20
-3.9352051574803149
11
3.4397877952755906
21
-3.9351682283464564
0
LINE
8
BLACK
6
CONTINUOUS
10
3.4397877952755906
20
-3.9351682283464564
11
3.4399706299212598
21
-3.9351181889763778
0
LINE
8
BLACK
6
CONTINUOUS
10
3.4399706299212598
20
-3.9351181889763778
11
3.4399963385826773
21
-3.9351267322834644
0
LINE
8
BLACK
6
CONTINUOUS
10
3.4399963385826773
20
-3.9351267322834644
11
3.4400543307086613
21
-3.9351152362204722
0
LINE
8
BLACK
6
CONTINUOUS
10
3.4400543307086613
20
-3.9351152362204722
11
3.4438038582677164
21
-3.9351152362204722
0
LINE
8
BLACK
6
CONTINUOUS
10
3.4438038582677164
20
-3.9351152362204722
11
3.4438618897637796
21
-3.9351267716535432
0
LINE
8
BLACK
6
CONTINUOUS
10
3.456738149606299
20
-3.9351522047244094
11
3.4569257874015746
21
-3.9351758661417322
0
LINE
8
BLACK
6
CONTINUOUS
10
3.4569257874015746
20
-3.9351758661417322
11
3.4591755118110235
21
-3.9359257874015747
0
LINE
8
BLACK
6
CONTINUOUS
10
3.4591755118110235
20
-3.9359257874015747
11
3.4592268897637792
21
-3.9359550787401574
0
LINE
8
BLACK
6
CONTINUOUS
10
3.4592268897637792
20
-3.9359550787401574
11
3.4592539763779526
21
-3.9359550787401574
0
LINE
8
BLACK
6
CONTINUOUS
10
3.4592539763779526
20
-3.9359550787401574
11
3.459411377952756
21
-3.9360602362204724
0
LINE
8
BLACK
6
CONTINUOUS
10
3.459411377952756
20
-3.9360602362204724
11
3.4595758661417322
21
-3.9361540157480315
0
LINE
8
BLACK
6
CONTINUOUS
10
3.4595758661417322
20
-3.9361540157480315
11
3.4595879527559052
21
-3.9361782283464568
0
LINE
8
BLACK
6
CONTINUOUS
10
3.4595879527559052
20
-3.9361782283464568
11
3.4596371653543305
21
-3.9362111023622046
0
LINE
8
BLACK
6
CONTINUOUS
10
3.4596371653543305
20
-3.9362111023622046
11
3.4611369685039368
21
-3.9377108661417322
0
LINE
8
BLACK
6
CONTINUOUS
10
3.4611369685039368
20
-3.9377108661417322
11
3.4612420866141731
21
-3.9378682283464568
0
LINE
8
BLACK
6
CONTINUOUS
10
3.4612420866141731
20
-3.9378682283464568
11
3.4613582283464566
21
-3.9380178740157481
0
LINE
8
BLACK
6
CONTINUOUS
10
3.4613582283464566
20
-3.9380178740157481
11
3.4621081102362203
21
-3.9395176771653544
0
LINE
8
BLACK
6
CONTINUOUS
10
3.4621081102362203
20
-3.9395176771653544
11
3.4621422440944882
21
-3.9396424409448816
0
LINE
8
BLACK
6
CONTINUOUS
10
3.4621422440944882
20
-3.9396424409448816
11
3.4621975196850392
21
-3.9397594094488189
0
LINE
8
BLACK
6
CONTINUOUS
10
3.4621975196850392
20
-3.9397594094488189
11
3.4629474409448817
21
-3.9427590551181102
0
LINE
8
BLACK
6
CONTINUOUS
10
3.4629474409448817
20
-3.9427590551181102
11
3.4629544488188975
21
-3.9429035039370079
0
LINE
8
BLACK
6
CONTINUOUS
10
3.4629544488188975
20
-3.9429035039370079
11
3.462982716535433
21
-3.9430455118110235
0
LINE
8
BLACK
6
CONTINUOUS
10
3.462982716535433
20
-3.9430455118110235
11
3.462982716535433
21
-3.9452952362204723
0
LINE
8
BLACK
6
CONTINUOUS
10
3.462982716535433
20
-3.9452952362204723
11
3.4629544488188975
21
-3.9454372047244095
0
LINE
8
BLACK
6
CONTINUOUS
10
3.4629544488188975
20
-3.9454372047244095
11
3.4629474409448817
21
-3.9455816929133856
0
LINE
8
BLACK
6
CONTINUOUS
10
3.4629474409448817
20
-3.9455816929133856
11
3.4621975196850392
21
-3.9485812992125982
0
LINE
8
BLACK
6
CONTINUOUS
10
3.4621975196850392
20
-3.9485812992125982
11
3.4621422440944882
21
-3.9486982283464567
0
LINE
8
BLACK
6
CONTINUOUS
10
3.4621422440944882
20
-3.9486982283464567
11
3.4621081102362203
21
-3.9488230314960631
0
LINE
8
BLACK
6
CONTINUOUS
10
3.4621081102362203
20
-3.9488230314960631
11
3.4613582283464566
21
-3.9503228346456694
0
LINE
8
BLACK
6
CONTINUOUS
10
3.4613582283464566
20
-3.9503228346456694
11
3.4612419685039368
21
-3.9504725590551182
0
LINE
8
BLACK
6
CONTINUOUS
10
3.4612419685039368
20
-3.9504725590551182
11
3.4611369685039368
21
-3.9506298031496061
0
LINE
8
BLACK
6
CONTINUOUS
10
3.4611369685039368
20
-3.9506298031496061
11
3.4596371653543305
21
-3.9521296456692911
0
LINE
8
BLACK
6
CONTINUOUS
10
3.4596371653543305
20
-3.9521296456692911
11
3.4595879527559052
21
-3.9521624803149606
0
LINE
8
BLACK
6
CONTINUOUS
10
3.4595879527559052
20
-3.9521624803149606
11
3.4595758661417322
21
-3.9521867322834643
0
LINE
8
BLACK
6
CONTINUOUS
10
3.4595758661417322
20
-3.9521867322834643
11
3.459411220472441
21
-3.9522805905511809
0
LINE
8
BLACK
6
CONTINUOUS
10
3.459411220472441
20
-3.9522805905511809
11
3.4592539763779526
21
-3.9523856692913384
0
LINE
8
BLACK
6
CONTINUOUS
10
3.4592539763779526
20
-3.9523856692913384
11
3.459226929133858
21
-3.9523856692913384
0
LINE
8
BLACK
6
CONTINUOUS
10
3.459226929133858
20
-3.9523856692913384
11
3.4591755118110235
21
-3.9524149999999998
0
LINE
8
BLACK
6
CONTINUOUS
10
3.4591755118110235
20
-3.9524149999999998
11
3.4569257874015746
21
-3.9531648818897636
0
LINE
8
BLACK
6
CONTINUOUS
10
3.4569257874015746
20
-3.9531648818897636
11
3.4567378740157482
21
-3.9531885433070864
0
LINE
8
BLACK
6
CONTINUOUS
10
3.4567378740157482
20
-3.9531885433070864
11
3.4565522834645668
21
-3.9532254724409448
0
LINE
8
BLACK
6
CONTINUOUS
10
3.4565522834645668
20
-3.9532254724409448
11
3.4550524409448817
21
-3.9532254724409448
0
LINE
8
BLACK
6
CONTINUOUS
10
3.4550524409448817
20
-3.9532254724409448
11
3.454866811023622
21
-3.9531885433070864
0
LINE
8
BLACK
6
CONTINUOUS
10
3.454866811023622
20
-3.9531885433070864
11
3.4546789370078739
21
-3.9531648818897636
0
LINE
8
BLACK
6
CONTINUOUS
10
3.4546789370078739
20
-3.9531648818897636
11
3.4524292519685038
21
-3.9524149999999998
0
LINE
8
BLACK
6
CONTINUOUS
10
3.4524292519685038
20
-3.9524149999999998
11
3.452377874015748
21
-3.9523857086614171
0
LINE
8
BLACK
6
CONTINUOUS
10
3.452377874015748
20
-3.9523857086614171
11
3.4523507874015746
21
-3.9523857086614171
0
LINE
8
BLACK
6
CONTINUOUS
10
3.4523507874015746
20
-3.9523857086614171
11
3.4521932677165355
21
-3.9522804330708659
0
LINE
8
BLACK
6
CONTINUOUS
10
3.4521932677165355
20
-3.9522804330708659
11
3.4520288976377951
21
-3.9521867322834643
0
LINE
8
BLACK
6
CONTINUOUS
10
3.4520288976377951
20
-3.9521867322834643
11
3.4520167716535433
21
-3.9521624803149606
0
LINE
8
BLACK
6
CONTINUOUS
10
3.4520167716535433
20
-3.9521624803149606
11
3.4519675984251967
21
-3.9521296456692911
0
LINE
8
BLACK
6
CONTINUOUS
10
3.4519675984251967
20
-3.9521296456692911
11
3.4512176771653542
21
-3.9513797244094486
0
LINE
8
BLACK
6
CONTINUOUS
10
3.4512176771653542
20
-3.9513797244094486
11
3.450961653543307
21
-3.9509965354330707
0
LINE
8
BLACK
6
CONTINUOUS
10
3.450961653543307
20
-3.9509965354330707
11
3.450961653543307
21
-3.9500925984251967
0
LINE
8
BLACK
6
CONTINUOUS
10
3.450961653543307
20
-3.9500925984251967
11
3.4516008661417321
21
-3.9494533858267715
0
LINE
8
BLACK
6
CONTINUOUS
10
3.4516008661417321
20
-3.9494533858267715
11
3.4525048031496062
21
-3.9494533858267715
0
LINE
8
BLACK
6
CONTINUOUS
10
3.4525048031496062
20
-3.9494533858267715
11
3.4528879921259841
21
-3.9497094094488188
0
LINE
8
BLACK
6
CONTINUOUS
10
3.4528879921259841
20
-3.9497094094488188
11
3.4534406692913384
21
-3.9502620866141731
0
LINE
8
BLACK
6
CONTINUOUS
10
3.4534406692913384
20
-3.9502620866141731
11
3.4552441732283463
21
-3.9508632677165352
0
LINE
8
BLACK
6
CONTINUOUS
10
3.4552441732283463
20
-3.9508632677165352
11
3.4563605511811022
21
-3.9508632677165352
0
LINE
8
BLACK
6
CONTINUOUS
10
3.4563605511811022
20
-3.9508632677165352
11
3.4581640157480313
21
-3.9502621259842519
0
LINE
8
BLACK
6
CONTINUOUS
10
3.4581640157480313
20
-3.9502621259842519
11
3.4593311023622046
21
-3.949094960629921
0
LINE
8
BLACK
6
CONTINUOUS
10
3.4593311023622046
20
-3.949094960629921
11
3.4599373228346457
21
-3.9478825590551181
0
LINE
8
BLACK
6
CONTINUOUS
10
3.4599373228346457
20
-3.9478825590551181
11
3.4606205118110234
21
-3.9451498425196849
0
LINE
8
BLACK
6
CONTINUOUS
10
3.4606205118110234
20
-3.9451498425196849
11
3.4606205118110234
21
-3.9431908661417321
0
LINE
8
BLACK
6
CONTINUOUS
10
3.4606205118110234
20
-3.9431908661417321
11
3.459937283464567
21
-3.9404581102362202
0
LINE
8
BLACK
6
CONTINUOUS
10
3.459937283464567
20
-3.9404581102362202
11
3.4593311023622046
21
-3.9392457086614172
0
LINE
8
BLACK
6
CONTINUOUS
10
3.4593311023622046
20
-3.9392457086614172
11
3.4581639763779526
21
-3.9380785433070864
0
LINE
8
BLACK
6
CONTINUOUS
10
3.4581639763779526
20
-3.9380785433070864
11
3.4563606692913384
21
-3.9374774409448818
0
LINE
8
BLACK
6
CONTINUOUS
10
3.4563606692913384
20
-3.9374774409448818
11
3.4552440551181101
21
-3.9374774409448818
0
LINE
8
BLACK
6
CONTINUOUS
10
3.4552440551181101
20
-3.9374774409448818
11
3.4534407480314959
21
-3.9380785433070864
0
LINE
8
BLACK
6
CONTINUOUS
10
3.4534407480314959
20
-3.9380785433070864
11
3.4528879921259841
21
-3.938631338582677
0
LINE
8
BLACK
6
CONTINUOUS
10
3.4528879921259841
20
-3.938631338582677
11
3.4525047637795274
21
-3.9388873622047242
0
LINE
8
BLACK
6
CONTINUOUS
10
3.4525047637795274
20
-3.9388873622047242
11
3.4516008267716534
21
-3.9388873228346455
0
LINE
8
BLACK
6
CONTINUOUS
10
3.4516008267716534
20
-3.9388873228346455
11
3.4509616141732282
21
-3.9382480708661416
0
LINE
8
BLACK
6
CONTINUOUS
10
3.4509616141732282
20
-3.9382480708661416
11
3.450961653543307
21
-3.9373441338582675
0
LINE
8
BLACK
6
CONTINUOUS
10
3.450961653543307
20
-3.9373441338582675
11
3.4512176771653542
21
-3.9369609448818896
0
LINE
8
BLACK
6
CONTINUOUS
10
3.4512176771653542
20
-3.9369609448818896
11
3.4519675984251967
21
-3.9362110629921259
0
LINE
8
BLACK
6
CONTINUOUS
10
3.4519675984251967
20
-3.9362110629921259
11
3.4520167322834645
21
-3.9361781889763781
0
LINE
8
BLACK
6
CONTINUOUS
10
3.4520167322834645
20
-3.9361781889763781
11
3.4520288582677163
21
-3.9361540157480315
0
LINE
8
BLACK
6
CONTINUOUS
10
3.4520288582677163
20
-3.9361540157480315
11
3.4521932283464567
21
-3.9360602755905512
0
LINE
8
BLACK
6
CONTINUOUS
10
3.4521932283464567
20
-3.9360602755905512
11
3.4523508267716534
21
-3.9359550393700786
0
LINE
8
BLACK
6
CONTINUOUS
10
3.4523508267716534
20
-3.9359550393700786
11
3.4523779133858268
21
-3.9359550393700786
0
LINE
8
BLACK
6
CONTINUOUS
10
3.4523779133858268
20
-3.9359550393700786
11
3.4524292519685038
21
-3.9359257874015747
0
LINE
8
BLACK
6
CONTINUOUS
10
3.4524292519685038
20
-3.9359257874015747
11
3.4546789370078739
21
-3.9351758661417322
0
LINE
8
BLACK
6
CONTINUOUS
10
3.4546789370078739
20
-3.9351758661417322
11
3.4548665354330708
21
-3.9351522047244094
0
LINE
8
BLACK
6
CONTINUOUS
10
3.4548665354330708
20
-3.9351522047244094
11
3.4550524409448817
21
-3.9351152362204722
0
LINE
8
BLACK
6
CONTINUOUS
10
3.4550524409448817
20
-3.9351152362204722
11
3.4565522834645668
21
-3.9351152362204722
0
LINE
8
BLACK
6
CONTINUOUS
10
3.4565522834645668
20
-3.9351152362204722
11
3.456738149606299
21
-3.9351522047244094
0
LINE
8
BLACK
6
CONTINUOUS
10
3.4741785039370079
20
-3.9273151968503934
11
3.4752438582677163
21
-3.9283805511811023
0
LINE
8
BLACK
6
CONTINUOUS
10
3.4752438582677163
20
-3.9283805511811023
11
3.4753937007874014
21
-3.9291338582677167
0
LINE
8
BLACK
6
CONTINUOUS
10
3.4753937007874014
20
-3.9291338582677167
11
3.4753937007874014
21
-3.9606299212598426
0
LINE
8
BLACK
6
CONTINUOUS
10
3.4753937007874014
20
-3.9606299212598426
11
3.4752438582677163
21
-3.9613832283464565
0
LINE
8
BLACK
6
CONTINUOUS
10
3.4752438582677163
20
-3.9613832283464565
11
3.4741785039370079
21
-3.9624485826771654
0
LINE
8
BLACK
6
CONTINUOUS
10
3.4741785039370079
20
-3.9624485826771654
11
3.4734251968503935
21
-3.9625984251968505
0
LINE
8
BLACK
6
CONTINUOUS
10
3.4734251968503935
20
-3.9625984251968505
11
3.4104330708661417
21
-3.9625984251968505
0
LINE
8
BLACK
6
CONTINUOUS
10
3.4104330708661417
20
-3.9625984251968505
11
3.4096797637795273
21
-3.9624485826771654
0
LINE
8
BLACK
6
CONTINUOUS
10
3.4096797637795273
20
-3.9624485826771654
11
3.4086144094488189
21
-3.9613832283464565
0
LINE
8
BLACK
6
CONTINUOUS
10
3.4086144094488189
20
-3.9613832283464565
11
3.4084645669291338
21
-3.9606299212598426
0
LINE
8
BLACK
6
CONTINUOUS
10
3.4084645669291338
20
-3.9606299212598426
11
3.4084645669291338
21
-3.9291338582677167
0
LINE
8
BLACK
6
CONTINUOUS
10
3.4084645669291338
20
-3.9291338582677167
11
3.4086144094488189
21
-3.9283805511811023
0
LINE
8
BLACK
6
CONTINUOUS
10
3.4086144094488189
20
-3.9283805511811023
11
3.4096797637795273
21
-3.9273151968503934
0
LINE
8
BLACK
6
CONTINUOUS
10
3.4096797637795273
20
-3.9273151968503934
11
3.4104330708661417
21
-3.9271653543307088
0
LINE
8
BLACK
6
CONTINUOUS
10
3.4104330708661417
20
-3.9271653543307088
11
3.4734251968503935
21
-3.9271653543307088
0
LINE
8
BLACK
6
CONTINUOUS
10
3.4734251968503935
20
-3.9271653543307088
11
3.4741785039370079
21
-3.9273151968503934
0
LINE
8
BLACK
6
CONTINUOUS
10
3.4124015748031495
20
-3.9311023622047245
11
3.4124015748031495
21
-3.9586614173228347
0
LINE
8
BLACK
6
CONTINUOUS
10
3.4124015748031495
20
-3.9586614173228347
11
3.4714566929133857
21
-3.9586614173228347
0
LINE
8
BLACK
6
CONTINUOUS
10
3.4714566929133857
20
-3.9586614173228347
11
3.4714566929133857
21
-3.9311023622047245
0
LINE
8
BLACK
6
CONTINUOUS
10
3.4714566929133857
20
-3.9311023622047245
11
3.4124015748031495
21
-3.9311023622047245
0
LINE
8
BLACK
6
CONTINUOUS
10
3.5396539763779526
20
-3.805963897637795
11
3.5396796456692914
21
-3.8059553543307088
0
LINE
8
BLACK
6
CONTINUOUS
10
3.5396796456692914
20
-3.8059553543307088
11
3.5398621653543305
21
-3.8060053149606299
0
LINE
8
BLACK
6
CONTINUOUS
10
3.5398621653543305
20
-3.8060053149606299
11
3.5400479527559052
21
-3.8060422834645666
0
LINE
8
BLACK
6
CONTINUOUS
10
3.5400479527559052
20
-3.8060422834645666
11
3.5400670866141732
21
-3.8060614173228347
0
LINE
8
BLACK
6
CONTINUOUS
10
3.5400670866141732
20
-3.8060614173228347
11
3.5401241732283464
21
-3.8060770472440946
0
LINE
8
BLACK
6
CONTINUOUS
10
3.5401241732283464
20
-3.8060770472440946
11
3.5416239763779527
21
-3.8068269685039371
0
LINE
8
BLACK
6
CONTINUOUS
10
3.5416239763779527
20
-3.8068269685039371
11
3.5417734251968502
21
-3.8069429921259843
0
LINE
8
BLACK
6
CONTINUOUS
10
3.5417734251968502
20
-3.8069429921259843
11
3.5419309055118111
21
-3.8070481889763776
0
LINE
8
BLACK
6
CONTINUOUS
10
3.5419309055118111
20
-3.8070481889763776
11
3.5426807874015749
21
-3.8077980708661419
0
LINE
8
BLACK
6
CONTINUOUS
10
3.5426807874015749
20
-3.8077980708661419
11
3.5427858661417324
21
-3.8079553149606298
0
LINE
8
BLACK
6
CONTINUOUS
10
3.5427858661417324
20
-3.8079553149606298
11
3.5429020866141729
21
-3.8081050787401574
0
LINE
8
BLACK
6
CONTINUOUS
10
3.5429020866141729
20
-3.8081050787401574
11
3.5436519685039367
21
-3.8096048818897637
0
LINE
8
BLACK
6
CONTINUOUS
10
3.5436519685039367
20
-3.8096048818897637
11
3.5436675590551179
21
-3.8096618897637793
0
LINE
8
BLACK
6
CONTINUOUS
10
3.5436675590551179
20
-3.8096618897637793
11
3.5436867322834646
21
-3.8096810629921261
0
LINE
8
BLACK
6
CONTINUOUS
10
3.5436867322834646
20
-3.8096810629921261
11
3.5437236614173226
21
-3.8098668503937008
0
LINE
8
BLACK
6
CONTINUOUS
10
3.5437236614173226
20
-3.8098668503937008
11
3.543773661417323
21
-3.8100493700787399
0
LINE
8
BLACK
6
CONTINUOUS
10
3.543773661417323
20
-3.8100493700787399
11
3.5437650787401576
21
-3.8100749999999999
0
LINE
8
BLACK
6
CONTINUOUS
10
3.5437650787401576
20
-3.8100749999999999
11
3.5437766535433068
21
-3.8101330708661418
0
LINE
8
BLACK
6
CONTINUOUS
10
3.5437766535433068
20
-3.8101330708661418
11
3.5437766535433068
21
-3.8131327165354332
0
LINE
8
BLACK
6
CONTINUOUS
10
3.5437766535433068
20
-3.8131327165354332
11
3.5437650787401576
21
-3.8131907480314959
0
LINE
8
BLACK
6
CONTINUOUS
10
3.5437650787401576
20
-3.8131907480314959
11
3.543773661417323
21
-3.8132164173228347
0
LINE
8
BLACK
6
CONTINUOUS
10
3.543773661417323
20
-3.8132164173228347
11
3.5437236614173226
21
-3.813398897637795
0
LINE
8
BLACK
6
CONTINUOUS
10
3.5437236614173226
20
-3.813398897637795
11
3.5436867322834646
21
-3.8135847244094485
0
LINE
8
BLACK
6
CONTINUOUS
10
3.5436867322834646
20
-3.8135847244094485
11
3.5436675590551179
21
-3.8136038582677165
0
LINE
8
BLACK
6
CONTINUOUS
10
3.5436675590551179
20
-3.8136038582677165
11
3.5436519685039367
21
-3.8136609055118109
0
LINE
8
BLACK
6
CONTINUOUS
10
3.5436519685039367
20
-3.8136609055118109
11
3.5429020866141729
21
-3.8151607086614172
0
LINE
8
BLACK
6
CONTINUOUS
10
3.5429020866141729
20
-3.8151607086614172
11
3.5427859448818895
21
-3.8153103149606298
0
LINE
8
BLACK
6
CONTINUOUS
10
3.5427859448818895
20
-3.8153103149606298
11
3.5426808267716536
21
-3.8154676771653544
0
LINE
8
BLACK
6
CONTINUOUS
10
3.5426808267716536
20
-3.8154676771653544
11
3.5419309055118111
21
-3.8162175984251969
0
LINE
8
BLACK
6
CONTINUOUS
10
3.5419309055118111
20
-3.8162175984251969
11
3.5417735433070865
21
-3.8163226771653544
0
LINE
8
BLACK
6
CONTINUOUS
10
3.5417735433070865
20
-3.8163226771653544
11
3.5416239370078739
21
-3.8164388582677162
0
LINE
8
BLACK
6
CONTINUOUS
10
3.5416239370078739
20
-3.8164388582677162
11
3.5401241338582676
21
-3.8171887401574804
0
LINE
8
BLACK
6
CONTINUOUS
10
3.5401241338582676
20
-3.8171887401574804
11
3.5400670866141732
21
-3.8172043307086612
0
LINE
8
BLACK
6
CONTINUOUS
10
3.5400670866141732
20
-3.8172043307086612
11
3.5400479527559052
21
-3.8172235039370079
0
LINE
8
BLACK
6
CONTINUOUS
10
3.5400479527559052
20
-3.8172235039370079
11
3.5398621259842518
21
-3.8172604330708659
0
LINE
8
BLACK
6
CONTINUOUS
10
3.5398621259842518
20
-3.8172604330708659
11
3.5396796456692914
21
-3.8173104330708663
0
LINE
8
BLACK
6
CONTINUOUS
10
3.5396796456692914
20
-3.8173104330708663
11
3.5396539763779526
21
-3.8173018503937008
0
LINE
8
BLACK
6
CONTINUOUS
10
3.5396539763779526
20
-3.8173018503937008
11
3.5395959448818899
21
-3.8173134251968501
0
LINE
8
BLACK
6
CONTINUOUS
10
3.5395959448818899
20
-3.8173134251968501
11
3.5358464173228348
21
-3.8173134251968501
0
LINE
8
BLACK
6
CONTINUOUS
10
3.5358464173228348
20
-3.8173134251968501
11
3.5357883464566928
21
-3.8173018503937008
0
LINE
8
BLACK
6
CONTINUOUS
10
3.5357883464566928
20
-3.8173018503937008
11
3.5357627165354328
21
-3.8173104330708663
0
LINE
8
BLACK
6
CONTINUOUS
10
3.5357627165354328
20
-3.8173104330708663
11
3.5355801968503937
21
-3.8172604330708659
0
LINE
8
BLACK
6
CONTINUOUS
10
3.5355801968503937
20
-3.8172604330708659
11
3.535394409448819
21
-3.8172235039370079
0
LINE
8
BLACK
6
CONTINUOUS
10
3.535394409448819
20
-3.8172235039370079
11
3.5353752362204722
21
-3.8172043307086612
0
LINE
8
BLACK
6
CONTINUOUS
10
3.5353752362204722
20
-3.8172043307086612
11
3.5353182283464566
21
-3.8171887401574804
0
LINE
8
BLACK
6
CONTINUOUS
10
3.5353182283464566
20
-3.8171887401574804
11
3.5338183858267715
21
-3.8164388582677162
0
LINE
8
BLACK
6
CONTINUOUS
10
3.5338183858267715
20
-3.8164388582677162
11
3.5336687401574802
21
-3.8163227165354332
0
LINE
8
BLACK
6
CONTINUOUS
10
3.5336687401574802
20
-3.8163227165354332
11
3.5335113779527556
21
-3.8162175590551182
0
LINE
8
BLACK
6
CONTINUOUS
10
3.5335113779527556
20
-3.8162175590551182
11
3.5327614960629918
21
-3.8154676771653544
0
LINE
8
BLACK
6
CONTINUOUS
10
3.5327614960629918
20
-3.8154676771653544
11
3.5326562992125985
21
-3.8153101968503935
0
LINE
8
BLACK
6
CONTINUOUS
10
3.5326562992125985
20
-3.8153101968503935
11
3.5325402755905513
21
-3.815160748031496
0
LINE
8
BLACK
6
CONTINUOUS
10
3.5325402755905513
20
-3.815160748031496
11
3.5317903543307088
21
-3.8136609448818897
0
LINE
8
BLACK
6
CONTINUOUS
10
3.5317903543307088
20
-3.8136609448818897
11
3.5317747244094488
21
-3.8136038582677165
0
LINE
8
BLACK
6
CONTINUOUS
10
3.5317747244094488
20
-3.8136038582677165
11
3.5317555905511808
21
-3.8135847244094485
0
LINE
8
BLACK
6
CONTINUOUS
10
3.5317555905511808
20
-3.8135847244094485
11
3.5317186220472441
21
-3.8133989370078738
0
LINE
8
BLACK
6
CONTINUOUS
10
3.5317186220472441
20
-3.8133989370078738
11
3.5316686614173229
21
-3.8132164173228347
0
LINE
8
BLACK
6
CONTINUOUS
10
3.5316686614173229
20
-3.8132164173228347
11
3.5316772047244092
21
-3.8131907480314959
0
LINE
8
BLACK
6
CONTINUOUS
10
3.5316772047244092
20
-3.8131907480314959
11
3.5316656692913386
21
-3.8131327165354332
0
LINE
8
BLACK
6
CONTINUOUS
10
3.5316656692913386
20
-3.8131327165354332
11
3.5316656692913386
21
-3.8101330708661418
0
LINE
8
BLACK
6
CONTINUOUS
10
3.5316656692913386
20
-3.8101330708661418
11
3.5316772047244092
21
-3.8100749999999999
0
LINE
8
BLACK
6
CONTINUOUS
10
3.5316772047244092
20
-3.8100749999999999
11
3.5316686614173229
21
-3.8100493700787399
0
LINE
8
BLACK
6
CONTINUOUS
10
3.5316686614173229
20
-3.8100493700787399
11
3.5317186220472441
21
-3.809866811023622
0
LINE
8
BLACK
6
CONTINUOUS
10
3.5317186220472441
20
-3.809866811023622
11
3.5317555905511808
21
-3.8096810629921261
0
LINE
8
BLACK
6
CONTINUOUS
10
3.5317555905511808
20
-3.8096810629921261
11
3.5317747244094488
21
-3.8096618897637793
0
LINE
8
BLACK
6
CONTINUOUS
10
3.5317747244094488
20
-3.8096618897637793
11
3.5317903543307088
21
-3.8096048425196849
0
LINE
8
BLACK
6
CONTINUOUS
10
3.5317903543307088
20
-3.8096048425196849
11
3.5322488188976378
21
-3.8086878346456694
0
LINE
8
BLACK
6
CONTINUOUS
10
3.5322488188976378
20
-3.8086878346456694
11
3.5310820472440945
21
-3.8089795669291338
0
LINE
8
BLACK
6
CONTINUOUS
10
3.5310820472440945
20
-3.8089795669291338
11
3.5290997637795276
21
-3.8103010629921257
0
LINE
8
BLACK
6
CONTINUOUS
10
3.5290997637795276
20
-3.8103010629921257
11
3.5285681102362205
21
-3.8108326771653545
0
LINE
8
BLACK
6
CONTINUOUS
10
3.5285681102362205
20
-3.8108326771653545
11
3.5280286220472439
21
-3.8119117322834644
0
LINE
8
BLACK
6
CONTINUOUS
10
3.5280286220472439
20
-3.8119117322834644
11
3.5280286220472439
21
-3.8146325196850395
0
LINE
8
BLACK
6
CONTINUOUS
10
3.5280286220472439
20
-3.8146325196850395
11
3.5279387007874017
21
-3.8150845275590552
0
LINE
8
BLACK
6
CONTINUOUS
10
3.5279387007874017
20
-3.8150845275590552
11
3.5272995275590548
21
-3.8157237007874016
0
LINE
8
BLACK
6
CONTINUOUS
10
3.5272995275590548
20
-3.8157237007874016
11
3.5263955118110237
21
-3.8157237007874016
0
LINE
8
BLACK
6
CONTINUOUS
10
3.5263955118110237
20
-3.8157237007874016
11
3.5257563385826769
21
-3.8150845275590552
0
LINE
8
BLACK
6
CONTINUOUS
10
3.5257563385826769
20
-3.8150845275590552
11
3.5256664173228347
21
-3.8146325196850395
0
LINE
8
BLACK
6
CONTINUOUS
10
3.5256664173228347
20
-3.8146325196850395
11
3.5256664173228347
21
-3.8116329133858269
0
LINE
8
BLACK
6
CONTINUOUS
10
3.5256664173228347
20
-3.8116329133858269
11
3.5256779527559052
21
-3.8115748425196849
0
LINE
8
BLACK
6
CONTINUOUS
10
3.5256779527559052
20
-3.8115748425196849
11
3.525669409448819
21
-3.8115492125984249
0
LINE
8
BLACK
6
CONTINUOUS
10
3.525669409448819
20
-3.8115492125984249
11
3.5257193700787401
21
-3.8113666929133858
0
LINE
8
BLACK
6
CONTINUOUS
10
3.5257193700787401
20
-3.8113666929133858
11
3.5257563385826769
21
-3.8111809055118111
0
LINE
8
BLACK
6
CONTINUOUS
10
3.5257563385826769
20
-3.8111809055118111
11
3.5257754724409449
21
-3.8111617322834643
0
LINE
8
BLACK
6
CONTINUOUS
10
3.5257754724409449
20
-3.8111617322834643
11
3.5257911023622048
21
-3.8111047244094487
0
LINE
8
BLACK
6
CONTINUOUS
10
3.5257911023622048
20
-3.8111047244094487
11
3.5265410236220474
21
-3.8096048425196849
0
LINE
8
BLACK
6
CONTINUOUS
10
3.5265410236220474
20
-3.8096048425196849
11
3.5266572440944883
21
-3.8094550787401573
0
LINE
8
BLACK
6
CONTINUOUS
10
3.5266572440944883
20
-3.8094550787401573
11
3.5267622834645667
21
-3.8092979133858269
0
LINE
8
BLACK
6
CONTINUOUS
10
3.5267622834645667
20
-3.8092979133858269
11
3.5275121653543304
21
-3.8085479921259844
0
LINE
8
BLACK
6
CONTINUOUS
10
3.5275121653543304
20
-3.8085479921259844
11
3.5276093700787401
21
-3.8084829921259842
0
LINE
8
BLACK
6
CONTINUOUS
10
3.5276093700787401
20
-3.8084829921259842
11
3.5276921653543307
21
-3.8084004330708661
0
LINE
8
BLACK
6
CONTINUOUS
10
3.5276921653543307
20
-3.8084004330708661
11
3.5299418897637795
21
-3.8069006692913385
0
LINE
8
BLACK
6
CONTINUOUS
10
3.5299418897637795
20
-3.8069006692913385
11
3.5301282677165355
21
-3.8068236614173228
0
LINE
8
BLACK
6
CONTINUOUS
10
3.5301282677165355
20
-3.8068236614173228
11
3.5303105905511809
21
-3.8067375590551182
0
LINE
8
BLACK
6
CONTINUOUS
10
3.5303105905511809
20
-3.8067375590551182
11
3.5333102362204722
21
-3.8059876377952757
0
LINE
8
BLACK
6
CONTINUOUS
10
3.5333102362204722
20
-3.8059876377952757
11
3.53345468503937
21
-3.8059805905511812
0
LINE
8
BLACK
6
CONTINUOUS
10
3.53345468503937
20
-3.8059805905511812
11
3.533596692913386
21
-3.8059523622047244
0
LINE
8
BLACK
6
CONTINUOUS
10
3.533596692913386
20
-3.8059523622047244
11
3.5395959448818899
21
-3.8059523622047244
0
LINE
8
BLACK
6
CONTINUOUS
10
3.5395959448818899
20
-3.8059523622047244
11
3.5396539763779526
21
-3.805963897637795
0
LINE
8
BLACK
6
CONTINUOUS
10
3.5350462204724407
20
-3.8088540551181103
11
3.5345673622047244
21
-3.8093328740157482
0
LINE
8
BLACK
6
CONTINUOUS
10
3.5345673622047244
20
-3.8093328740157482
11
3.5340278740157478
21
-3.8104119291338581
0
LINE
8
BLACK
6
CONTINUOUS
10
3.5340278740157478
20
-3.8104119291338581
11
3.5340278740157478
21
-3.8128538582677165
0
LINE
8
BLACK
6
CONTINUOUS
10
3.5340278740157478
20
-3.8128538582677165
11
3.5345673622047244
21
-3.8139328346456693
0
LINE
8
BLACK
6
CONTINUOUS
10
3.5345673622047244
20
-3.8139328346456693
11
3.5350462598425194
21
-3.8144117322834643
0
LINE
8
BLACK
6
CONTINUOUS
10
3.5350462598425194
20
-3.8144117322834643
11
3.5361252362204723
21
-3.814951220472441
0
LINE
8
BLACK
6
CONTINUOUS
10
3.5361252362204723
20
-3.814951220472441
11
3.539317125984252
21
-3.814951220472441
0
LINE
8
BLACK
6
CONTINUOUS
10
3.539317125984252
20
-3.814951220472441
11
3.5403961417322836
21
-3.8144116929133856
0
LINE
8
BLACK
6
CONTINUOUS
10
3.5403961417322836
20
-3.8144116929133856
11
3.5408749212598423
21
-3.8139329133858269
0
LINE
8
BLACK
6
CONTINUOUS
10
3.5408749212598423
20
-3.8139329133858269
11
3.5414144488188977
21
-3.8128538976377953
0
LINE
8
BLACK
6
CONTINUOUS
10
3.5414144488188977
20
-3.8128538976377953
11
3.5414144488188977
21
-3.8104118503937006
0
LINE
8
BLACK
6
CONTINUOUS
10
3.5414144488188977
20
-3.8104118503937006
11
3.5408749999999998
21
-3.8093329527559052
0
LINE
8
BLACK
6
CONTINUOUS
10
3.5408749999999998
20
-3.8093329527559052
11
3.5403960629921261
21
-3.8088540551181103
0
LINE
8
BLACK
6
CONTINUOUS
10
3.5403960629921261
20
-3.8088540551181103
11
3.5393170866141732
21
-3.8083145669291336
0
LINE
8
BLACK
6
CONTINUOUS
10
3.5393170866141732
20
-3.8083145669291336
11
3.536125275590551
21
-3.8083145669291336
0
LINE
8
BLACK
6
CONTINUOUS
10
3.536125275590551
20
-3.8083145669291336
11
3.5350462204724407
21
-3.8088540551181103
0
LINE
8
BLACK
6
CONTINUOUS
10
3.5430475590551178
20
-3.7902942519685037
11
3.5436867322834646
21
-3.7909334251968505
0
LINE
8
BLACK
6
CONTINUOUS
10
3.5436867322834646
20
-3.7909334251968505
11
3.5437766535433068
21
-3.7913854330708658
0
LINE
8
BLACK
6
CONTINUOUS
10
3.5437766535433068
20
-3.7913854330708658
11
3.5437766535433068
21
-3.8011342125984253
0
LINE
8
BLACK
6
CONTINUOUS
10
3.5437766535433068
20
-3.8011342125984253
11
3.5436867322834646
21
-3.8015862204724407
0
LINE
8
BLACK
6
CONTINUOUS
10
3.5436867322834646
20
-3.8015862204724407
11
3.5430475590551178
21
-3.8022253937007875
0
LINE
8
BLACK
6
CONTINUOUS
10
3.5430475590551178
20
-3.8022253937007875
11
3.5421435433070867
21
-3.8022253937007875
0
LINE
8
BLACK
6
CONTINUOUS
10
3.5421435433070867
20
-3.8022253937007875
11
3.5415043700787399
21
-3.8015862204724407
0
LINE
8
BLACK
6
CONTINUOUS
10
3.5415043700787399
20
-3.8015862204724407
11
3.5414144488188977
21
-3.8011342125984253
0
LINE
8
BLACK
6
CONTINUOUS
10
3.5414144488188977
20
-3.8011342125984253
11
3.5414144488188977
21
-3.7942368503937005
0
LINE
8
BLACK
6
CONTINUOUS
10
3.5414144488188977
20
-3.7942368503937005
11
3.5344318503937009
21
-3.8012194881889765
0
LINE
8
BLACK
6
CONTINUOUS
10
3.5344318503937009
20
-3.8012194881889765
11
3.5343826377952756
21
-3.8012523228346455
0
LINE
8
BLACK
6
CONTINUOUS
10
3.5343826377952756
20
-3.8012523228346455
11
3.5343705511811021
21
-3.8012765748031496
0
LINE
8
BLACK
6
CONTINUOUS
10
3.5343705511811021
20
-3.8012765748031496
11
3.5342059055118109
21
-3.8013704330708662
0
LINE
8
BLACK
6
CONTINUOUS
10
3.5342059055118109
20
-3.8013704330708662
11
3.5340486614173225
21
-3.8014755118110237
0
LINE
8
BLACK
6
CONTINUOUS
10
3.5340486614173225
20
-3.8014755118110237
11
3.5340216535433071
21
-3.8014755118110237
0
LINE
8
BLACK
6
CONTINUOUS
10
3.5340216535433071
20
-3.8014755118110237
11
3.5339701968503938
21
-3.8015048425196851
0
LINE
8
BLACK
6
CONTINUOUS
10
3.5339701968503938
20
-3.8015048425196851
11
3.531720472440945
21
-3.8022547244094489
0
LINE
8
BLACK
6
CONTINUOUS
10
3.531720472440945
20
-3.8022547244094489
11
3.5315325590551181
21
-3.8022783858267717
0
LINE
8
BLACK
6
CONTINUOUS
10
3.5315325590551181
20
-3.8022783858267717
11
3.5313469685039371
21
-3.8023153149606297
0
LINE
8
BLACK
6
CONTINUOUS
10
3.5313469685039371
20
-3.8023153149606297
11
3.5298471653543304
21
-3.8023153149606297
0
LINE
8
BLACK
6
CONTINUOUS
10
3.5298471653543304
20
-3.8023153149606297
11
3.5297890944881889
21
-3.8023037401574804
0
LINE
8
BLACK
6
CONTINUOUS
10
3.5297890944881889
20
-3.8023037401574804
11
3.5297634645669289
21
-3.8023123228346454
0
LINE
8
BLACK
6
CONTINUOUS
10
3.5297634645669289
20
-3.8023123228346454
11
3.5295809448818898
21
-3.8022623228346455
0
LINE
8
BLACK
6
CONTINUOUS
10
3.5295809448818898
20
-3.8022623228346455
11
3.5293951574803151
21
-3.8022253937007875
0
LINE
8
BLACK
6
CONTINUOUS
10
3.5293951574803151
20
-3.8022253937007875
11
3.5293759842519683
21
-3.8022062204724407
0
LINE
8
BLACK
6
CONTINUOUS
10
3.5293759842519683
20
-3.8022062204724407
11
3.5293189763779527
21
-3.8021906299212596
0
LINE
8
BLACK
6
CONTINUOUS
10
3.5293189763779527
20
-3.8021906299212596
11
3.5278191338582676
21
-3.8014407480314958
0
LINE
8
BLACK
6
CONTINUOUS
10
3.5278191338582676
20
-3.8014407480314958
11
3.5276694881889763
21
-3.8013246062992123
0
LINE
8
BLACK
6
CONTINUOUS
10
3.5276694881889763
20
-3.8013246062992123
11
3.5275121259842517
21
-3.8012194488188977
0
LINE
8
BLACK
6
CONTINUOUS
10
3.5275121259842517
20
-3.8012194488188977
11
3.5267622440944879
21
-3.800469566929134
0
LINE
8
BLACK
6
CONTINUOUS
10
3.5267622440944879
20
-3.800469566929134
11
3.5266570472440946
21
-3.8003120866141731
0
LINE
8
BLACK
6
CONTINUOUS
10
3.5266570472440946
20
-3.8003120866141731
11
3.5265410236220474
21
-3.8001626377952755
0
LINE
8
BLACK
6
CONTINUOUS
10
3.5265410236220474
20
-3.8001626377952755
11
3.5257911023622048
21
-3.7986628346456692
0
LINE
8
BLACK
6
CONTINUOUS
10
3.5257911023622048
20
-3.7986628346456692
11
3.5257754724409449
21
-3.7986057480314961
0
LINE
8
BLACK
6
CONTINUOUS
10
3.5257754724409449
20
-3.7986057480314961
11
3.5257563385826769
21
-3.7985866141732281
0
LINE
8
BLACK
6
CONTINUOUS
10
3.5257563385826769
20
-3.7985866141732281
11
3.5257193700787401
21
-3.7984008267716534
0
LINE
8
BLACK
6
CONTINUOUS
10
3.5257193700787401
20
-3.7984008267716534
11
3.525669409448819
21
-3.7982183070866142
0
LINE
8
BLACK
6
CONTINUOUS
10
3.525669409448819
20
-3.7982183070866142
11
3.5256779527559052
21
-3.7981926377952755
0
LINE
8
BLACK
6
CONTINUOUS
10
3.5256779527559052
20
-3.7981926377952755
11
3.5256664173228347
21
-3.7981346062992123
0
LINE
8
BLACK
6
CONTINUOUS
10
3.5256664173228347
20
-3.7981346062992123
11
3.5256664173228347
21
-3.7943850787401572
0
LINE
8
BLACK
6
CONTINUOUS
10
3.5256664173228347
20
-3.7943850787401572
11
3.5256779527559052
21
-3.7943270078740157
0
LINE
8
BLACK
6
CONTINUOUS
10
3.5256779527559052
20
-3.7943270078740157
11
3.525669409448819
21
-3.7943013779527557
0
LINE
8
BLACK
6
CONTINUOUS
10
3.525669409448819
20
-3.7943013779527557
11
3.5257193700787401
21
-3.7941188188976378
0
LINE
8
BLACK
6
CONTINUOUS
10
3.5257193700787401
20
-3.7941188188976378
11
3.5257563385826769
21
-3.7939330708661418
0
LINE
8
BLACK
6
CONTINUOUS
10
3.5257563385826769
20
-3.7939330708661418
11
3.5257754724409449
21
-3.7939138976377951
0
LINE
8
BLACK
6
CONTINUOUS
10
3.5257754724409449
20
-3.7939138976377951
11
3.5257911023622048
21
-3.7938568503937007
0
LINE
8
BLACK
6
CONTINUOUS
10
3.5257911023622048
20
-3.7938568503937007
11
3.5265410236220474
21
-3.7923570472440944
0
LINE
8
BLACK
6
CONTINUOUS
10
3.5265410236220474
20
-3.7923570472440944
11
3.5266570472440946
21
-3.7922075590551181
0
LINE
8
BLACK
6
CONTINUOUS
10
3.5266570472440946
20
-3.7922075590551181
11
3.5267622440944879
21
-3.792050118110236
0
LINE
8
BLACK
6
CONTINUOUS
10
3.5267622440944879
20
-3.792050118110236
11
3.5275121259842517
21
-3.7913002362204722
0
LINE
8
BLACK
6
CONTINUOUS
10
3.5275121259842517
20
-3.7913002362204722
11
3.52789531496063
21
-3.7910441732283462
0
LINE
8
BLACK
6
CONTINUOUS
10
3.52789531496063
20
-3.7910441732283462
11
3.5287992519685036
21
-3.7910441338582674
0
LINE
8
BLACK
6
CONTINUOUS
10
3.5287992519685036
20
-3.7910441338582674
11
3.529438503937008
21
-3.7916833858267718
0
LINE
8
BLACK
6
CONTINUOUS
10
3.529438503937008
20
-3.7916833858267718
11
3.5294385433070867
21
-3.7925872834645666
0
LINE
8
BLACK
6
CONTINUOUS
10
3.5294385433070867
20
-3.7925872834645666
11
3.5291825196850395
21
-3.7929705118110237
0
LINE
8
BLACK
6
CONTINUOUS
10
3.5291825196850395
20
-3.7929705118110237
11
3.5285681102362205
21
-3.7935849212598423
0
LINE
8
BLACK
6
CONTINUOUS
10
3.5285681102362205
20
-3.7935849212598423
11
3.5280286220472439
21
-3.7946639370078739
0
LINE
8
BLACK
6
CONTINUOUS
10
3.5280286220472439
20
-3.7946639370078739
11
3.5280286220472439
21
-3.7978557480314961
0
LINE
8
BLACK
6
CONTINUOUS
10
3.5280286220472439
20
-3.7978557480314961
11
3.5285681102362205
21
-3.7989347244094489
0
LINE
8
BLACK
6
CONTINUOUS
10
3.5285681102362205
20
-3.7989347244094489
11
3.5290470078740155
21
-3.7994136220472439
0
LINE
8
BLACK
6
CONTINUOUS
10
3.5290470078740155
20
-3.7994136220472439
11
3.5301259842519683
21
-3.7999531102362205
0
LINE
8
BLACK
6
CONTINUOUS
10
3.5301259842519683
20
-3.7999531102362205
11
3.5311552362204726
21
-3.7999531102362205
0
LINE
8
BLACK
6
CONTINUOUS
10
3.5311552362204726
20
-3.7999531102362205
11
3.5329587007874017
21
-3.7993519685039367
0
LINE
8
BLACK
6
CONTINUOUS
10
3.5329587007874017
20
-3.7993519685039367
11
3.5417603937007871
21
-3.7905502755905509
0
LINE
8
BLACK
6
CONTINUOUS
10
3.5417603937007871
20
-3.7905502755905509
11
3.5421434251968504
21
-3.7902943307086612
0
LINE
8
BLACK
6
CONTINUOUS
10
3.5421434251968504
20
-3.7902943307086612
11
3.5421435433070867
21
-3.7902942519685037
0
LINE
8
BLACK
6
CONTINUOUS
10
3.5421435433070867
20
-3.7902942519685037
11
3.5421435826771654
21
-3.7902942519685037
0
LINE
8
BLACK
6
CONTINUOUS
10
3.5421435826771654
20
-3.7902942519685037
11
3.5430475196850395
21
-3.7902942125984249
0
LINE
8
BLACK
6
CONTINUOUS
10
3.5430475196850395
20
-3.7902942125984249
11
3.5430475590551178
21
-3.7902942519685037
0
LINE
8
BLACK
6
CONTINUOUS
10
3.5359883858267716
20
-3.7752344488188974
11
3.5361328740157481
21
-3.7752414960629919
0
LINE
8
BLACK
6
CONTINUOUS
10
3.5361328740157481
20
-3.7752414960629919
11
3.5391324803149606
21
-3.7759914173228344
0
LINE
8
BLACK
6
CONTINUOUS
10
3.5391324803149606
20
-3.7759914173228344
11
3.5392494094488187
21
-3.776046653543307
0
LINE
8
BLACK
6
CONTINUOUS
10
3.5392494094488187
20
-3.776046653543307
11
3.5393742125984251
21
-3.7760808267716532
0
LINE
8
BLACK
6
CONTINUOUS
10
3.5393742125984251
20
-3.7760808267716532
11
3.5408740157480314
21
-3.7768307086614175
0
LINE
8
BLACK
6
CONTINUOUS
10
3.5408740157480314
20
-3.7768307086614175
11
3.5410235039370077
21
-3.7769467322834647
0
LINE
8
BLACK
6
CONTINUOUS
10
3.5410235039370077
20
-3.7769467322834647
11
3.5411809842519686
21
-3.7770519685039368
0
LINE
8
BLACK
6
CONTINUOUS
10
3.5411809842519686
20
-3.7770519685039368
11
3.5426808267716536
21
-3.7785517322834643
0
LINE
8
BLACK
6
CONTINUOUS
10
3.5426808267716536
20
-3.7785517322834643
11
3.5427137007874014
21
-3.7786009448818896
0
LINE
8
BLACK
6
CONTINUOUS
10
3.5427137007874014
20
-3.7786009448818896
11
3.5427379133858268
21
-3.7786130708661418
0
LINE
8
BLACK
6
CONTINUOUS
10
3.5427379133858268
20
-3.7786130708661418
11
3.5428316929133858
21
-3.778777559055118
0
LINE
8
BLACK
6
CONTINUOUS
10
3.5428316929133858
20
-3.778777559055118
11
3.5429368503937009
21
-3.778934960629921
0
LINE
8
BLACK
6
CONTINUOUS
10
3.5429368503937009
20
-3.778934960629921
11
3.5429368503937009
21
-3.7789619685039368
0
LINE
8
BLACK
6
CONTINUOUS
10
3.5429368503937009
20
-3.7789619685039368
11
3.5429661811023623
21
-3.7790134251968501
0
LINE
8
BLACK
6
CONTINUOUS
10
3.5429661811023623
20
-3.7790134251968501
11
3.543716062992126
21
-3.7812631889763777
0
LINE
8
BLACK
6
CONTINUOUS
10
3.543716062992126
20
-3.7812631889763777
11
3.5437396850393701
21
-3.7814509842519684
0
LINE
8
BLACK
6
CONTINUOUS
10
3.5437396850393701
20
-3.7814509842519684
11
3.5437766535433068
21
-3.7816366535433068
0
LINE
8
BLACK
6
CONTINUOUS
10
3.5437766535433068
20
-3.7816366535433068
11
3.5437766535433068
21
-3.7831364960629918
0
LINE
8
BLACK
6
CONTINUOUS
10
3.5437766535433068
20
-3.7831364960629918
11
3.5437397244094488
21
-3.7833220866141732
0
LINE
8
BLACK
6
CONTINUOUS
10
3.5437397244094488
20
-3.7833220866141732
11
3.543716062992126
21
-3.7835099999999997
0
LINE
8
BLACK
6
CONTINUOUS
10
3.543716062992126
20
-3.7835099999999997
11
3.5429661811023623
21
-3.7857596850393698
0
LINE
8
BLACK
6
CONTINUOUS
10
3.5429661811023623
20
-3.7857596850393698
11
3.5429368897637796
21
-3.7858110236220472
0
LINE
8
BLACK
6
CONTINUOUS
10
3.5429368897637796
20
-3.7858110236220472
11
3.5429368897637796
21
-3.7858381496062989
0
LINE
8
BLACK
6
CONTINUOUS
10
3.5429368897637796
20
-3.7858381496062989
11
3.5428316141732283
21
-3.7859956299212598
0
LINE
8
BLACK
6
CONTINUOUS
10
3.5428316141732283
20
-3.7859956299212598
11
3.5427379133858268
21
-3.7861600393700785
0
LINE
8
BLACK
6
CONTINUOUS
10
3.5427379133858268
20
-3.7861600393700785
11
3.5427136614173227
21
-3.786172125984252
0
LINE
8
BLACK
6
CONTINUOUS
10
3.5427136614173227
20
-3.786172125984252
11
3.5426808267716536
21
-3.7862213385826773
0
LINE
8
BLACK
6
CONTINUOUS
10
3.5426808267716536
20
-3.7862213385826773
11
3.5419309055118111
21
-3.7869712598425198
0
LINE
8
BLACK
6
CONTINUOUS
10
3.5419309055118111
20
-3.7869712598425198
11
3.5415477165354332
21
-3.7872272834645671
0
LINE
8
BLACK
6
CONTINUOUS
10
3.5415477165354332
20
-3.7872272834645671
11
3.5406437795275592
21
-3.7872272834645671
0
LINE
8
BLACK
6
CONTINUOUS
10
3.5406437795275592
20
-3.7872272834645671
11
3.5400045669291336
21
-3.7865880708661415
0
LINE
8
BLACK
6
CONTINUOUS
10
3.5400045669291336
20
-3.7865880708661415
11
3.5400045669291336
21
-3.7856841338582674
0
LINE
8
BLACK
6
CONTINUOUS
10
3.5400045669291336
20
-3.7856841338582674
11
3.5402605905511808
21
-3.7853009448818895
0
LINE
8
BLACK
6
CONTINUOUS
10
3.5402605905511808
20
-3.7853009448818895
11
3.5408132677165352
21
-3.7847482283464564
0
LINE
8
BLACK
6
CONTINUOUS
10
3.5408132677165352
20
-3.7847482283464564
11
3.5414144488188977
21
-3.7829447637795273
0
LINE
8
BLACK
6
CONTINUOUS
10
3.5414144488188977
20
-3.7829447637795273
11
3.5414144488188977
21
-3.7818283464566926
0
LINE
8
BLACK
6
CONTINUOUS
10
3.5414144488188977
20
-3.7818283464566926
11
3.5408132677165352
21
-3.7800248818897635
0
LINE
8
BLACK
6
CONTINUOUS
10
3.5408132677165352
20
-3.7800248818897635
11
3.539646220472441
21
-3.7788578346456694
0
LINE
8
BLACK
6
CONTINUOUS
10
3.539646220472441
20
-3.7788578346456694
11
3.5384337401574801
21
-3.7782515748031495
0
LINE
8
BLACK
6
CONTINUOUS
10
3.5384337401574801
20
-3.7782515748031495
11
3.5357010629921257
21
-3.7775684251968502
0
LINE
8
BLACK
6
CONTINUOUS
10
3.5357010629921257
20
-3.7775684251968502
11
3.5337420472440946
21
-3.7775684251968502
0
LINE
8
BLACK
6
CONTINUOUS
10
3.5337420472440946
20
-3.7775684251968502
11
3.5310092913385827
21
-3.7782516141732283
0
LINE
8
BLACK
6
CONTINUOUS
10
3.5310092913385827
20
-3.7782516141732283
11
3.5297968897637793
21
-3.7788577952755906
0
LINE
8
BLACK
6
CONTINUOUS
10
3.5297968897637793
20
-3.7788577952755906
11
3.5286297244094489
21
-3.7800249212598422
0
LINE
8
BLACK
6
CONTINUOUS
10
3.5286297244094489
20
-3.7800249212598422
11
3.5280286220472439
21
-3.7818282677165351
0
LINE
8
BLACK
6
CONTINUOUS
10
3.5280286220472439
20
-3.7818282677165351
11
3.5280286220472439
21
-3.7829448425196848
0
LINE
8
BLACK
6
CONTINUOUS
10
3.5280286220472439
20
-3.7829448425196848
11
3.5286297244094489
21
-3.7847481102362206
0
LINE
8
BLACK
6
CONTINUOUS
10
3.5286297244094489
20
-3.7847481102362206
11
3.5291825196850395
21
-3.7853009448818895
0
LINE
8
BLACK
6
CONTINUOUS
10
3.5291825196850395
20
-3.7853009448818895
11
3.5294385433070867
21
-3.7856841732283462
0
LINE
8
BLACK
6
CONTINUOUS
10
3.5294385433070867
20
-3.7856841732283462
11
3.529438503937008
21
-3.7865880708661415
0
LINE
8
BLACK
6
CONTINUOUS
10
3.529438503937008
20
-3.7865880708661415
11
3.5287992519685036
21
-3.7872273228346458
0
LINE
8
BLACK
6
CONTINUOUS
10
3.5287992519685036
20
-3.7872273228346458
11
3.52789531496063
21
-3.7872272834645671
0
LINE
8
BLACK
6
CONTINUOUS
10
3.52789531496063
20
-3.7872272834645671
11
3.5275121259842517
21
-3.7869712204724411
0
LINE
8
BLACK
6
CONTINUOUS
10
3.5275121259842517
20
-3.7869712204724411
11
3.5267622440944879
21
-3.7862213385826773
0
LINE
8
BLACK
6
CONTINUOUS
10
3.5267622440944879
20
-3.7862213385826773
11
3.5267293307086613
21
-3.7861720866141733
0
LINE
8
BLACK
6
CONTINUOUS
10
3.5267293307086613
20
-3.7861720866141733
11
3.5267051968503935
21
-3.7861600393700785
0
LINE
8
BLACK
6
CONTINUOUS
10
3.5267051968503935
20
-3.7861600393700785
11
3.5266115748031495
21
-3.7859957874015748
0
LINE
8
BLACK
6
CONTINUOUS
10
3.5266115748031495
20
-3.7859957874015748
11
3.5265062204724407
21
-3.7858381102362202
0
LINE
8
BLACK
6
CONTINUOUS
10
3.5265062204724407
20
-3.7858381102362202
11
3.5265062204724407
21
-3.7858109842519685
0
LINE
8
BLACK
6
CONTINUOUS
10
3.5265062204724407
20
-3.7858109842519685
11
3.5264769685039368
21
-3.7857596850393698
0
LINE
8
BLACK
6
CONTINUOUS
10
3.5264769685039368
20
-3.7857596850393698
11
3.5257270472440942
21
-3.7835099999999997
0
LINE
8
BLACK
6
CONTINUOUS
10
3.5257270472440942
20
-3.7835099999999997
11
3.5257033858267715
21
-3.7833223622047245
0
LINE
8
BLACK
6
CONTINUOUS
10
3.5257033858267715
20
-3.7833223622047245
11
3.5256664173228347
21
-3.7831364960629918
0
LINE
8
BLACK
6
CONTINUOUS
10
3.5256664173228347
20
-3.7831364960629918
11
3.5256664173228347
21
-3.7816366535433068
0
LINE
8
BLACK
6
CONTINUOUS
10
3.5256664173228347
20
-3.7816366535433068
11
3.5257033858267715
21
-3.7814507480314958
0
LINE
8
BLACK
6
CONTINUOUS
10
3.5257033858267715
20
-3.7814507480314958
11
3.5257270472440942
21
-3.7812631496062989
0
LINE
8
BLACK
6
CONTINUOUS
10
3.5257270472440942
20
-3.7812631496062989
11
3.5264769685039368
21
-3.7790134251968501
0
LINE
8
BLACK
6
CONTINUOUS
10
3.5264769685039368
20
-3.7790134251968501
11
3.5265062598425194
21
-3.7789620078740156
0
LINE
8
BLACK
6
CONTINUOUS
10
3.5265062598425194
20
-3.7789620078740156
11
3.5265062598425194
21
-3.778934960629921
0
LINE
8
BLACK
6
CONTINUOUS
10
3.5265062598425194
20
-3.778934960629921
11
3.5266114173228345
21
-3.7787775196850393
0
LINE
8
BLACK
6
CONTINUOUS
10
3.5266114173228345
20
-3.7787775196850393
11
3.5267051968503935
21
-3.7786130708661418
0
LINE
8
BLACK
6
CONTINUOUS
10
3.5267051968503935
20
-3.7786130708661418
11
3.5267294094488189
21
-3.7786009448818896
0
LINE
8
BLACK
6
CONTINUOUS
10
3.5267294094488189
20
-3.7786009448818896
11
3.5267622834645667
21
-3.7785517716535431
0
LINE
8
BLACK
6
CONTINUOUS
10
3.5267622834645667
20
-3.7785517716535431
11
3.5282620472440942
21
-3.7770519685039368
0
LINE
8
BLACK
6
CONTINUOUS
10
3.5282620472440942
20
-3.7770519685039368
11
3.5284194094488188
21
-3.7769468110236222
0
LINE
8
BLACK
6
CONTINUOUS
10
3.5284194094488188
20
-3.7769468110236222
11
3.5285690551181101
21
-3.7768307086614175
0
LINE
8
BLACK
6
CONTINUOUS
10
3.5285690551181101
20
-3.7768307086614175
11
3.5300688582677164
21
-3.7760808267716532
0
LINE
8
BLACK
6
CONTINUOUS
10
3.5300688582677164
20
-3.7760808267716532
11
3.5301936220472441
21
-3.776046653543307
0
LINE
8
BLACK
6
CONTINUOUS
10
3.5301936220472441
20
-3.776046653543307
11
3.5303105905511809
21
-3.7759914173228344
0
LINE
8
BLACK
6
CONTINUOUS
10
3.5303105905511809
20
-3.7759914173228344
11
3.5333102362204722
21
-3.7752414960629919
0
LINE
8
BLACK
6
CONTINUOUS
10
3.5333102362204722
20
-3.7752414960629919
11
3.53345468503937
21
-3.7752344488188974
0
LINE
8
BLACK
6
CONTINUOUS
10
3.53345468503937
20
-3.7752344488188974
11
3.533596692913386
21
-3.775206220472441
0
LINE
8
BLACK
6
CONTINUOUS
10
3.533596692913386
20
-3.775206220472441
11
3.5358464173228348
21
-3.775206220472441
0
LINE
8
BLACK
6
CONTINUOUS
10
3.5358464173228348
20
-3.775206220472441
11
3.5359883858267716
21
-3.7752344488188974
0
LINE
8
BLACK
6
CONTINUOUS
10
3.551934409448819
20
-3.762945118110236
11
3.5529997637795274
21
-3.7640104724409449
0
LINE
8
BLACK
6
CONTINUOUS
10
3.5529997637795274
20
-3.7640104724409449
11
3.5531496062992125
21
-3.7647637795275588
0
LINE
8
BLACK
6
CONTINUOUS
10
3.5531496062992125
20
-3.7647637795275588
11
3.5531496062992125
21
-3.8277559055118111
0
LINE
8
BLACK
6
CONTINUOUS
10
3.5531496062992125
20
-3.8277559055118111
11
3.5529997637795274
21
-3.828509212598425
0
LINE
8
BLACK
6
CONTINUOUS
10
3.5529997637795274
20
-3.828509212598425
11
3.551934409448819
21
-3.8295745669291339
0
LINE
8
BLACK
6
CONTINUOUS
10
3.551934409448819
20
-3.8295745669291339
11
3.5511811023622046
21
-3.829724409448819
0
LINE
8
BLACK
6
CONTINUOUS
10
3.5511811023622046
20
-3.829724409448819
11
3.5196850393700787
21
-3.829724409448819
0
LINE
8
BLACK
6
CONTINUOUS
10
3.5196850393700787
20
-3.829724409448819
11
3.5189317322834643
21
-3.8295745669291339
0
LINE
8
BLACK
6
CONTINUOUS
10
3.5189317322834643
20
-3.8295745669291339
11
3.5178663779527559
21
-3.828509212598425
0
LINE
8
BLACK
6
CONTINUOUS
10
3.5178663779527559
20
-3.828509212598425
11
3.5177165354330708
21
-3.8277559055118111
0
LINE
8
BLACK
6
CONTINUOUS
10
3.5177165354330708
20
-3.8277559055118111
11
3.5177165354330708
21
-3.7647637795275588
0
LINE
8
BLACK
6
CONTINUOUS
10
3.5177165354330708
20
-3.7647637795275588
11
3.5178663779527559
21
-3.7640104724409449
0
LINE
8
BLACK
6
CONTINUOUS
10
3.5178663779527559
20
-3.7640104724409449
11
3.5189317322834643
21
-3.762945118110236
0
LINE
8
BLACK
6
CONTINUOUS
10
3.5189317322834643
20
-3.762945118110236
11
3.5196850393700787
21
-3.7627952755905509
0
LINE
8
BLACK
6
CONTINUOUS
10
3.5196850393700787
20
-3.7627952755905509
11
3.5511811023622046
21
-3.7627952755905509
0
LINE
8
BLACK
6
CONTINUOUS
10
3.5511811023622046
20
-3.7627952755905509
11
3.551934409448819
21
-3.762945118110236
0
LINE
8
BLACK
6
CONTINUOUS
10
3.5216535433070866
20
-3.7667322834645667
11
3.5216535433070866
21
-3.8257874015748032
0
LINE
8
BLACK
6
CONTINUOUS
10
3.5216535433070866
20
-3.8257874015748032
11
3.5492125984251968
21
-3.8257874015748032
0
LINE
8
BLACK
6
CONTINUOUS
10
3.5492125984251968
20
-3.8257874015748032
11
3.5492125984251968
21
-3.7667322834645667
0
LINE
8
BLACK
6
CONTINUOUS
10
3.5492125984251968
20
-3.7667322834645667
11
3.5216535433070866
21
-3.7667322834645667
0
LINE
8
BLACK
6
CONTINUOUS
10
3.6026461023622045
20
-3.7487040551181101
11
3.6026717716535432
21
-3.7486955118110235
0
LINE
8
BLACK
6
CONTINUOUS
10
3.6026717716535432
20
-3.7486955118110235
11
3.6028542913385828
21
-3.7487454724409446
0
LINE
8
BLACK
6
CONTINUOUS
10
3.6028542913385828
20
-3.7487454724409446
11
3.6030400787401575
21
-3.7487824409448818
0
LINE
8
BLACK
6
CONTINUOUS
10
3.6030400787401575
20
-3.7487824409448818
11
3.6030592125984251
21
-3.7488015748031494
0
LINE
8
BLACK
6
CONTINUOUS
10
3.6030592125984251
20
-3.7488015748031494
11
3.6031162992125982
21
-3.7488172047244093
0
LINE
8
BLACK
6
CONTINUOUS
10
3.6031162992125982
20
-3.7488172047244093
11
3.6046161023622045
21
-3.7495671259842518
0
LINE
8
BLACK
6
CONTINUOUS
10
3.6046161023622045
20
-3.7495671259842518
11
3.6047655511811021
21
-3.749683149606299
0
LINE
8
BLACK
6
CONTINUOUS
10
3.6047655511811021
20
-3.749683149606299
11
3.604923031496063
21
-3.7497883464566928
0
LINE
8
BLACK
6
CONTINUOUS
10
3.604923031496063
20
-3.7497883464566928
11
3.6056729133858267
21
-3.7505382283464566
0
LINE
8
BLACK
6
CONTINUOUS
10
3.6056729133858267
20
-3.7505382283464566
11
3.6057779921259843
21
-3.7506954724409449
0
LINE
8
BLACK
6
CONTINUOUS
10
3.6057779921259843
20
-3.7506954724409449
11
3.6058942125984252
21
-3.7508452362204725
0
LINE
8
BLACK
6
CONTINUOUS
10
3.6058942125984252
20
-3.7508452362204725
11
3.606644094488189
21
-3.7523450393700788
0
LINE
8
BLACK
6
CONTINUOUS
10
3.606644094488189
20
-3.7523450393700788
11
3.6066596850393702
21
-3.7524020472440944
0
LINE
8
BLACK
6
CONTINUOUS
10
3.6066596850393702
20
-3.7524020472440944
11
3.6066788582677165
21
-3.7524212204724408
0
LINE
8
BLACK
6
CONTINUOUS
10
3.6066788582677165
20
-3.7524212204724408
11
3.6067157874015745
21
-3.7526070078740155
0
LINE
8
BLACK
6
CONTINUOUS
10
3.6067157874015745
20
-3.7526070078740155
11
3.6067657874015748
21
-3.752789527559055
0
LINE
8
BLACK
6
CONTINUOUS
10
3.6067657874015748
20
-3.752789527559055
11
3.6067572047244094
21
-3.752815157480315
0
LINE
8
BLACK
6
CONTINUOUS
10
3.6067572047244094
20
-3.752815157480315
11
3.6067687795275591
21
-3.7528732283464565
0
LINE
8
BLACK
6
CONTINUOUS
10
3.6067687795275591
20
-3.7528732283464565
11
3.6067687795275591
21
-3.7558728740157479
0
LINE
8
BLACK
6
CONTINUOUS
10
3.6067687795275591
20
-3.7558728740157479
11
3.6067572047244094
21
-3.7559309055118111
0
LINE
8
BLACK
6
CONTINUOUS
10
3.6067572047244094
20
-3.7559309055118111
11
3.6067657874015748
21
-3.7559565748031494
0
LINE
8
BLACK
6
CONTINUOUS
10
3.6067657874015748
20
-3.7559565748031494
11
3.6067157874015745
21
-3.7561390551181102
0
LINE
8
BLACK
6
CONTINUOUS
10
3.6067157874015745
20
-3.7561390551181102
11
3.6066788582677165
21
-3.7563248818897637
0
LINE
8
BLACK
6
CONTINUOUS
10
3.6066788582677165
20
-3.7563248818897637
11
3.6066596850393702
21
-3.7563440157480312
0
LINE
8
BLACK
6
CONTINUOUS
10
3.6066596850393702
20
-3.7563440157480312
11
3.606644094488189
21
-3.7564010629921261
0
LINE
8
BLACK
6
CONTINUOUS
10
3.606644094488189
20
-3.7564010629921261
11
3.6058942125984252
21
-3.7579008661417324
0
LINE
8
BLACK
6
CONTINUOUS
10
3.6058942125984252
20
-3.7579008661417324
11
3.6057780708661418
21
-3.7580504724409449
0
LINE
8
BLACK
6
CONTINUOUS
10
3.6057780708661418
20
-3.7580504724409449
11
3.6056729527559055
21
-3.7582078346456691
0
LINE
8
BLACK
6
CONTINUOUS
10
3.6056729527559055
20
-3.7582078346456691
11
3.604923031496063
21
-3.7589577559055116
0
LINE
8
BLACK
6
CONTINUOUS
10
3.604923031496063
20
-3.7589577559055116
11
3.6047656692913383
21
-3.7590628346456691
0
LINE
8
BLACK
6
CONTINUOUS
10
3.6047656692913383
20
-3.7590628346456691
11
3.6046160629921258
21
-3.7591790157480314
0
LINE
8
BLACK
6
CONTINUOUS
10
3.6046160629921258
20
-3.7591790157480314
11
3.6031162598425195
21
-3.7599288976377951
0
LINE
8
BLACK
6
CONTINUOUS
10
3.6031162598425195
20
-3.7599288976377951
11
3.6030592125984251
21
-3.7599444881889763
0
LINE
8
BLACK
6
CONTINUOUS
10
3.6030592125984251
20
-3.7599444881889763
11
3.6030400787401575
21
-3.7599636614173226
0
LINE
8
BLACK
6
CONTINUOUS
10
3.6030400787401575
20
-3.7599636614173226
11
3.6028542519685041
21
-3.7600005905511811
0
LINE
8
BLACK
6
CONTINUOUS
10
3.6028542519685041
20
-3.7600005905511811
11
3.6026717716535432
21
-3.760050590551181
0
LINE
8
BLACK
6
CONTINUOUS
10
3.6026717716535432
20
-3.760050590551181
11
3.6026461023622045
21
-3.7600420078740155
0
LINE
8
BLACK
6
CONTINUOUS
10
3.6026461023622045
20
-3.7600420078740155
11
3.6025880708661417
21
-3.7600535826771653
0
LINE
8
BLACK
6
CONTINUOUS
10
3.6025880708661417
20
-3.7600535826771653
11
3.5988385433070866
21
-3.7600535826771653
0
LINE
8
BLACK
6
CONTINUOUS
10
3.5988385433070866
20
-3.7600535826771653
11
3.5987804724409447
21
-3.7600420078740155
0
LINE
8
BLACK
6
CONTINUOUS
10
3.5987804724409447
20
-3.7600420078740155
11
3.5987548425196851
21
-3.760050590551181
0
LINE
8
BLACK
6
CONTINUOUS
10
3.5987548425196851
20
-3.760050590551181
11
3.5985723228346456
21
-3.7600005905511811
0
LINE
8
BLACK
6
CONTINUOUS
10
3.5985723228346456
20
-3.7600005905511811
11
3.5983865354330709
21
-3.7599636614173226
0
LINE
8
BLACK
6
CONTINUOUS
10
3.5983865354330709
20
-3.7599636614173226
11
3.5983673622047245
21
-3.7599444881889763
0
LINE
8
BLACK
6
CONTINUOUS
10
3.5983673622047245
20
-3.7599444881889763
11
3.5983103543307084
21
-3.7599288976377951
0
LINE
8
BLACK
6
CONTINUOUS
10
3.5983103543307084
20
-3.7599288976377951
11
3.5968105118110234
21
-3.7591790157480314
0
LINE
8
BLACK
6
CONTINUOUS
10
3.5968105118110234
20
-3.7591790157480314
11
3.5966608661417321
21
-3.7590628740157479
0
LINE
8
BLACK
6
CONTINUOUS
10
3.5966608661417321
20
-3.7590628740157479
11
3.5965035039370079
21
-3.7589577165354329
0
LINE
8
BLACK
6
CONTINUOUS
10
3.5965035039370079
20
-3.7589577165354329
11
3.5957536220472441
21
-3.7582078346456691
0
LINE
8
BLACK
6
CONTINUOUS
10
3.5957536220472441
20
-3.7582078346456691
11
3.5956484251968504
21
-3.7580503543307087
0
LINE
8
BLACK
6
CONTINUOUS
10
3.5956484251968504
20
-3.7580503543307087
11
3.5955324015748031
21
-3.7579009055118111
0
LINE
8
BLACK
6
CONTINUOUS
10
3.5955324015748031
20
-3.7579009055118111
11
3.5947824803149606
21
-3.7564011023622048
0
LINE
8
BLACK
6
CONTINUOUS
10
3.5947824803149606
20
-3.7564011023622048
11
3.5947668503937007
21
-3.7563440157480312
0
LINE
8
BLACK
6
CONTINUOUS
10
3.5947668503937007
20
-3.7563440157480312
11
3.5947477165354331
21
-3.7563248818897637
0
LINE
8
BLACK
6
CONTINUOUS
10
3.5947477165354331
20
-3.7563248818897637
11
3.5947107480314959
21
-3.7561390944881889
0
LINE
8
BLACK
6
CONTINUOUS
10
3.5947107480314959
20
-3.7561390944881889
11
3.5946607874015748
21
-3.7559565748031494
0
LINE
8
BLACK
6
CONTINUOUS
10
3.5946607874015748
20
-3.7559565748031494
11
3.5946693307086615
21
-3.7559309055118111
0
LINE
8
BLACK
6
CONTINUOUS
10
3.5946693307086615
20
-3.7559309055118111
11
3.5946577952755905
21
-3.7558728740157479
0
LINE
8
BLACK
6
CONTINUOUS
10
3.5946577952755905
20
-3.7558728740157479
11
3.5946577952755905
21
-3.7528732283464565
0
LINE
8
BLACK
6
CONTINUOUS
10
3.5946577952755905
20
-3.7528732283464565
11
3.5946693307086615
21
-3.752815157480315
0
LINE
8
BLACK
6
CONTINUOUS
10
3.5946693307086615
20
-3.752815157480315
11
3.5946607874015748
21
-3.752789527559055
0
LINE
8
BLACK
6
CONTINUOUS
10
3.5946607874015748
20
-3.752789527559055
11
3.5947107480314959
21
-3.7526069685039367
0
LINE
8
BLACK
6
CONTINUOUS
10
3.5947107480314959
20
-3.7526069685039367
11
3.5947477165354331
21
-3.7524212204724408
0
LINE
8
BLACK
6
CONTINUOUS
10
3.5947477165354331
20
-3.7524212204724408
11
3.5947668503937007
21
-3.7524020472440944
0
LINE
8
BLACK
6
CONTINUOUS
10
3.5947668503937007
20
-3.7524020472440944
11
3.5947824803149606
21
-3.752345
0
LINE
8
BLACK
6
CONTINUOUS
10
3.5947824803149606
20
-3.752345
11
3.5952409448818896
21
-3.7514279921259841
0
LINE
8
BLACK
6
CONTINUOUS
10
3.5952409448818896
20
-3.7514279921259841
11
3.5940741732283463
21
-3.7517197244094489
0
LINE
8
BLACK
6
CONTINUOUS
10
3.5940741732283463
20
-3.7517197244094489
11
3.5920918897637795
21
-3.7530412204724408
0
LINE
8
BLACK
6
CONTINUOUS
10
3.5920918897637795
20
-3.7530412204724408
11
3.5915602362204724
21
-3.7535728346456692
0
LINE
8
BLACK
6
CONTINUOUS
10
3.5915602362204724
20
-3.7535728346456692
11
3.5910207480314962
21
-3.7546518897637795
0
LINE
8
BLACK
6
CONTINUOUS
10
3.5910207480314962
20
-3.7546518897637795
11
3.5910207480314962
21
-3.7573726771653542
0
LINE
8
BLACK
6
CONTINUOUS
10
3.5910207480314962
20
-3.7573726771653542
11
3.5909308267716535
21
-3.7578246850393699
0
LINE
8
BLACK
6
CONTINUOUS
10
3.5909308267716535
20
-3.7578246850393699
11
3.5902916535433071
21
-3.7584638582677163
0
LINE
8
BLACK
6
CONTINUOUS
10
3.5902916535433071
20
-3.7584638582677163
11
3.5893876377952756
21
-3.7584638582677163
0
LINE
8
BLACK
6
CONTINUOUS
10
3.5893876377952756
20
-3.7584638582677163
11
3.5887484645669292
21
-3.7578246850393699
0
LINE
8
BLACK
6
CONTINUOUS
10
3.5887484645669292
20
-3.7578246850393699
11
3.5886585433070866
21
-3.7573726771653542
0
LINE
8
BLACK
6
CONTINUOUS
10
3.5886585433070866
20
-3.7573726771653542
11
3.5886585433070866
21
-3.7543730708661416
0
LINE
8
BLACK
6
CONTINUOUS
10
3.5886585433070866
20
-3.7543730708661416
11
3.5886700787401575
21
-3.7543150000000001
0
LINE
8
BLACK
6
CONTINUOUS
10
3.5886700787401575
20
-3.7543150000000001
11
3.5886615354330709
21
-3.7542893700787401
0
LINE
8
BLACK
6
CONTINUOUS
10
3.5886615354330709
20
-3.7542893700787401
11
3.588711496062992
21
-3.7541068503937005
0
LINE
8
BLACK
6
CONTINUOUS
10
3.588711496062992
20
-3.7541068503937005
11
3.5887484645669292
21
-3.7539210629921258
0
LINE
8
BLACK
6
CONTINUOUS
10
3.5887484645669292
20
-3.7539210629921258
11
3.5887675984251968
21
-3.7539018897637795
0
LINE
8
BLACK
6
CONTINUOUS
10
3.5887675984251968
20
-3.7539018897637795
11
3.5887832283464567
21
-3.7538448818897638
0
LINE
8
BLACK
6
CONTINUOUS
10
3.5887832283464567
20
-3.7538448818897638
11
3.5895331496062992
21
-3.752345
0
LINE
8
BLACK
6
CONTINUOUS
10
3.5895331496062992
20
-3.752345
11
3.5896493700787402
21
-3.7521952362204725
0
LINE
8
BLACK
6
CONTINUOUS
10
3.5896493700787402
20
-3.7521952362204725
11
3.589754409448819
21
-3.7520380708661416
0
LINE
8
BLACK
6
CONTINUOUS
10
3.589754409448819
20
-3.7520380708661416
11
3.5905042913385827
21
-3.7512881496062991
0
LINE
8
BLACK
6
CONTINUOUS
10
3.5905042913385827
20
-3.7512881496062991
11
3.5906014960629919
21
-3.7512231496062993
0
LINE
8
BLACK
6
CONTINUOUS
10
3.5906014960629919
20
-3.7512231496062993
11
3.5906842913385826
21
-3.7511405905511812
0
LINE
8
BLACK
6
CONTINUOUS
10
3.5906842913385826
20
-3.7511405905511812
11
3.5929340157480314
21
-3.7496408267716537
0
LINE
8
BLACK
6
CONTINUOUS
10
3.5929340157480314
20
-3.7496408267716537
11
3.5931203937007874
21
-3.7495638188976379
0
LINE
8
BLACK
6
CONTINUOUS
10
3.5931203937007874
20
-3.7495638188976379
11
3.5933027165354332
21
-3.7494777165354329
0
LINE
8
BLACK
6
CONTINUOUS
10
3.5933027165354332
20
-3.7494777165354329
11
3.5963023622047245
21
-3.7487277952755904
0
LINE
8
BLACK
6
CONTINUOUS
10
3.5963023622047245
20
-3.7487277952755904
11
3.5964468110236218
21
-3.7487207480314959
0
LINE
8
BLACK
6
CONTINUOUS
10
3.5964468110236218
20
-3.7487207480314959
11
3.5965888188976378
21
-3.7486925196850391
0
LINE
8
BLACK
6
CONTINUOUS
10
3.5965888188976378
20
-3.7486925196850391
11
3.6025880708661417
21
-3.7486925196850391
0
LINE
8
BLACK
6
CONTINUOUS
10
3.6025880708661417
20
-3.7486925196850391
11
3.6026461023622045
21
-3.7487040551181101
0
LINE
8
BLACK
6
CONTINUOUS
10
3.598038346456693
20
-3.751594212598425
11
3.5975594881889763
21
-3.7520730314960629
0
LINE
8
BLACK
6
CONTINUOUS
10
3.5975594881889763
20
-3.7520730314960629
11
3.5970200000000001
21
-3.7531520866141732
0
LINE
8
BLACK
6
CONTINUOUS
10
3.5970200000000001
20
-3.7531520866141732
11
3.5970200000000001
21
-3.7555940157480312
0
LINE
8
BLACK
6
CONTINUOUS
10
3.5970200000000001
20
-3.7555940157480312
11
3.5975594881889763
21
-3.756672992125984
0
LINE
8
BLACK
6
CONTINUOUS
10
3.5975594881889763
20
-3.756672992125984
11
3.5980383858267717
21
-3.7571518897637795
0
LINE
8
BLACK
6
CONTINUOUS
10
3.5980383858267717
20
-3.7571518897637795
11
3.5991173622047241
21
-3.7576913779527557
0
LINE
8
BLACK
6
CONTINUOUS
10
3.5991173622047241
20
-3.7576913779527557
11
3.6023092519685038
21
-3.7576913779527557
0
LINE
8
BLACK
6
CONTINUOUS
10
3.6023092519685038
20
-3.7576913779527557
11
3.6033882677165354
21
-3.7571518503937007
0
LINE
8
BLACK
6
CONTINUOUS
10
3.6033882677165354
20
-3.7571518503937007
11
3.6038670472440946
21
-3.7566730708661416
0
LINE
8
BLACK
6
CONTINUOUS
10
3.6038670472440946
20
-3.7566730708661416
11
3.6044065748031495
21
-3.75559405511811
0
LINE
8
BLACK
6
CONTINUOUS
10
3.6044065748031495
20
-3.75559405511811
11
3.6044065748031495
21
-3.7531520078740157
0
LINE
8
BLACK
6
CONTINUOUS
10
3.6044065748031495
20
-3.7531520078740157
11
3.6038671259842521
21
-3.7520731102362204
0
LINE
8
BLACK
6
CONTINUOUS
10
3.6038671259842521
20
-3.7520731102362204
11
3.6033881889763779
21
-3.751594212598425
0
LINE
8
BLACK
6
CONTINUOUS
10
3.6033881889763779
20
-3.751594212598425
11
3.6023092125984251
21
-3.7510547244094488
0
LINE
8
BLACK
6
CONTINUOUS
10
3.6023092125984251
20
-3.7510547244094488
11
3.5991174015748029
21
-3.7510547244094488
0
LINE
8
BLACK
6
CONTINUOUS
10
3.5991174015748029
20
-3.7510547244094488
11
3.598038346456693
21
-3.751594212598425
0
LINE
8
BLACK
6
CONTINUOUS
10
3.5952313779527558
20
-3.7341016929133857
11
3.5955172440944883
21
-3.734959212598425
0
LINE
8
BLACK
6
CONTINUOUS
10
3.5955172440944883
20
-3.734959212598425
11
3.5953955118110237
21
-3.7354037007874017
0
LINE
8
BLACK
6
CONTINUOUS
10
3.5953955118110237
20
-3.7354037007874017
11
3.5946455905511812
21
-3.7369035433070867
0
LINE
8
BLACK
6
CONTINUOUS
10
3.5946455905511812
20
-3.7369035433070867
11
3.5945294488188977
21
-3.7370531102362206
0
LINE
8
BLACK
6
CONTINUOUS
10
3.5945294488188977
20
-3.7370531102362206
11
3.5944243307086614
21
-3.7372105118110235
0
LINE
8
BLACK
6
CONTINUOUS
10
3.5944243307086614
20
-3.7372105118110235
11
3.5934409448818898
21
-3.7381938582677163
0
LINE
8
BLACK
6
CONTINUOUS
10
3.5934409448818898
20
-3.7381938582677163
11
3.6044065748031495
21
-3.7381938582677163
0
LINE
8
BLACK
6
CONTINUOUS
10
3.6044065748031495
20
-3.7381938582677163
11
3.6044065748031495
21
-3.7348755118110235
0
LINE
8
BLACK
6
CONTINUOUS
10
3.6044065748031495
20
-3.7348755118110235
11
3.6044964960629922
21
-3.7344235039370077
0
LINE
8
BLACK
6
CONTINUOUS
10
3.6044964960629922
20
-3.7344235039370077
11
3.6051356692913386
21
-3.7337843307086613
0
LINE
8
BLACK
6
CONTINUOUS
10
3.6051356692913386
20
-3.7337843307086613
11
3.6060396850393701
21
-3.7337843307086613
0
LINE
8
BLACK
6
CONTINUOUS
10
3.6060396850393701
20
-3.7337843307086613
11
3.6066788582677165
21
-3.7344235039370077
0
LINE
8
BLACK
6
CONTINUOUS
10
3.6066788582677165
20
-3.7344235039370077
11
3.6067687795275591
21
-3.7348755118110235
0
LINE
8
BLACK
6
CONTINUOUS
10
3.6067687795275591
20
-3.7348755118110235
11
3.6067687795275591
21
-3.74387437007874
0
LINE
8
BLACK
6
CONTINUOUS
10
3.6067687795275591
20
-3.74387437007874
11
3.6066788582677165
21
-3.7443263779527558
0
LINE
8
BLACK
6
CONTINUOUS
10
3.6066788582677165
20
-3.7443263779527558
11
3.6060396850393701
21
-3.7449655511811022
0
LINE
8
BLACK
6
CONTINUOUS
10
3.6060396850393701
20
-3.7449655511811022
11
3.6051356692913386
21
-3.7449655511811022
0
LINE
8
BLACK
6
CONTINUOUS
10
3.6051356692913386
20
-3.7449655511811022
11
3.6044964960629922
21
-3.7443263779527558
0
LINE
8
BLACK
6
CONTINUOUS
10
3.6044964960629922
20
-3.7443263779527558
11
3.6044065748031495
21
-3.74387437007874
0
LINE
8
BLACK
6
CONTINUOUS
10
3.6044065748031495
20
-3.74387437007874
11
3.6044065748031495
21
-3.740556062992126
0
LINE
8
BLACK
6
CONTINUOUS
10
3.6044065748031495
20
-3.740556062992126
11
3.5898396456692914
21
-3.740556062992126
0
LINE
8
BLACK
6
CONTINUOUS
10
3.5898396456692914
20
-3.740556062992126
11
3.5893876377952756
21
-3.7404661417322833
0
LINE
8
BLACK
6
CONTINUOUS
10
3.5893876377952756
20
-3.7404661417322833
11
3.5893016535433069
21
-3.740380157480315
0
LINE
8
BLACK
6
CONTINUOUS
10
3.5893016535433069
20
-3.740380157480315
11
3.5891824803149603
21
-3.7403563385826772
0
LINE
8
BLACK
6
CONTINUOUS
10
3.5891824803149603
20
-3.7403563385826772
11
3.5889916929133858
21
-3.7400701968503935
0
LINE
8
BLACK
6
CONTINUOUS
10
3.5889916929133858
20
-3.7400701968503935
11
3.5887484645669292
21
-3.7398269685039369
0
LINE
8
BLACK
6
CONTINUOUS
10
3.5887484645669292
20
-3.7398269685039369
11
3.5887484645669292
21
-3.7397053543307086
0
LINE
8
BLACK
6
CONTINUOUS
10
3.5887484645669292
20
-3.7397053543307086
11
3.5886809842519685
21
-3.7396041732283463
0
LINE
8
BLACK
6
CONTINUOUS
10
3.5886809842519685
20
-3.7396041732283463
11
3.5887484645669292
21
-3.739266771653543
0
LINE
8
BLACK
6
CONTINUOUS
10
3.5887484645669292
20
-3.739266771653543
11
3.5887484645669292
21
-3.7389229527559054
0
LINE
8
BLACK
6
CONTINUOUS
10
3.5887484645669292
20
-3.7389229527559054
11
3.5888344094488187
21
-3.7388369685039371
0
LINE
8
BLACK
6
CONTINUOUS
10
3.5888344094488187
20
-3.7388369685039371
11
3.5888582677165353
21
-3.7387177952755906
0
LINE
8
BLACK
6
CONTINUOUS
10
3.5888582677165353
20
-3.7387177952755906
11
3.5891844881889763
21
-3.7383922440944879
0
LINE
8
BLACK
6
CONTINUOUS
10
3.5891844881889763
20
-3.7383922440944879
11
3.5913369685039371
21
-3.7369571653543305
0
LINE
8
BLACK
6
CONTINUOUS
10
3.5913369685039371
20
-3.7369571653543305
11
3.5926184645669292
21
-3.7356756692913384
0
LINE
8
BLACK
6
CONTINUOUS
10
3.5926184645669292
20
-3.7356756692913384
11
3.5932826771653543
21
-3.734347283464567
0
LINE
8
BLACK
6
CONTINUOUS
10
3.5932826771653543
20
-3.734347283464567
11
3.5935652755905512
21
-3.7339832283464567
0
LINE
8
BLACK
6
CONTINUOUS
10
3.5935652755905512
20
-3.7339832283464567
11
3.5944227952755905
21
-3.7336973622047243
0
LINE
8
BLACK
6
CONTINUOUS
10
3.5944227952755905
20
-3.7336973622047243
11
3.5952313779527558
21
-3.7341016929133857
0
LINE
8
BLACK
6
CONTINUOUS
10
3.6060396850393701
20
-3.7187862204724409
11
3.6066788582677165
21
-3.7194253937007873
0
LINE
8
BLACK
6
CONTINUOUS
10
3.6066788582677165
20
-3.7194253937007873
11
3.6066788582677165
21
-3.7203294094488188
0
LINE
8
BLACK
6
CONTINUOUS
10
3.6066788582677165
20
-3.7203294094488188
11
3.6060396850393701
21
-3.7209685826771652
0
LINE
8
BLACK
6
CONTINUOUS
10
3.6060396850393701
20
-3.7209685826771652
11
3.6055876771653543
21
-3.7210585039370079
0
LINE
8
BLACK
6
CONTINUOUS
10
3.6055876771653543
20
-3.7210585039370079
11
3.5992697244094489
21
-3.7210585039370079
0
LINE
8
BLACK
6
CONTINUOUS
10
3.5992697244094489
20
-3.7210585039370079
11
3.5992697244094489
21
-3.7230119685039371
0
LINE
8
BLACK
6
CONTINUOUS
10
3.5992697244094489
20
-3.7230119685039371
11
3.6062649606299213
21
-3.7279086614173229
0
LINE
8
BLACK
6
CONTINUOUS
10
3.6062649606299213
20
-3.7279086614173229
11
3.6065837007874015
21
-3.7282415354330709
0
LINE
8
BLACK
6
CONTINUOUS
10
3.6065837007874015
20
-3.7282415354330709
11
3.6067407874015749
21
-3.7291316929133855
0
LINE
8
BLACK
6
CONTINUOUS
10
3.6067407874015749
20
-3.7291316929133855
11
3.606222401574803
21
-3.7298722834645668
0
LINE
8
BLACK
6
CONTINUOUS
10
3.606222401574803
20
-3.7298722834645668
11
3.6053322047244092
21
-3.7300293700787401
0
LINE
8
BLACK
6
CONTINUOUS
10
3.6053322047244092
20
-3.7300293700787401
11
3.6049103543307086
21
-3.7298438582677163
0
LINE
8
BLACK
6
CONTINUOUS
10
3.6049103543307086
20
-3.7298438582677163
11
3.5992664173228346
21
-3.7258931102362203
0
LINE
8
BLACK
6
CONTINUOUS
10
3.5992664173228346
20
-3.7258931102362203
11
3.5992581889763779
21
-3.7259346062992127
0
LINE
8
BLACK
6
CONTINUOUS
10
3.5992581889763779
20
-3.7259346062992127
11
3.5992667716535434
21
-3.7259603543307085
0
LINE
8
BLACK
6
CONTINUOUS
10
3.5992667716535434
20
-3.7259603543307085
11
3.5992166929133855
21
-3.7261431496062993
0
LINE
8
BLACK
6
CONTINUOUS
10
3.5992166929133855
20
-3.7261431496062993
11
3.5991798031496063
21
-3.7263286614173228
0
LINE
8
BLACK
6
CONTINUOUS
10
3.5991798031496063
20
-3.7263286614173228
11
3.59916062992126
21
-3.7263477952755903
0
LINE
8
BLACK
6
CONTINUOUS
10
3.59916062992126
20
-3.7263477952755903
11
3.5991450393700788
21
-3.7264048425196847
0
LINE
8
BLACK
6
CONTINUOUS
10
3.5991450393700788
20
-3.7264048425196847
11
3.5983951181102363
21
-3.7279046850393698
0
LINE
8
BLACK
6
CONTINUOUS
10
3.5983951181102363
20
-3.7279046850393698
11
3.5982791338582678
21
-3.7280540551181103
0
LINE
8
BLACK
6
CONTINUOUS
10
3.5982791338582678
20
-3.7280540551181103
11
3.5981738976377953
21
-3.7282116141732282
0
LINE
8
BLACK
6
CONTINUOUS
10
3.5981738976377953
20
-3.7282116141732282
11
3.5974239763779527
21
-3.728961496062992
0
LINE
8
BLACK
6
CONTINUOUS
10
3.5974239763779527
20
-3.728961496062992
11
3.5972667716535431
21
-3.729066496062992
0
LINE
8
BLACK
6
CONTINUOUS
10
3.5972667716535431
20
-3.729066496062992
11
3.5971170472440943
21
-3.7291827559055117
0
LINE
8
BLACK
6
CONTINUOUS
10
3.5971170472440943
20
-3.7291827559055117
11
3.5956171653543305
21
-3.7299326771653543
0
LINE
8
BLACK
6
CONTINUOUS
10
3.5956171653543305
20
-3.7299326771653543
11
3.5955601181102361
21
-3.7299482677165354
0
LINE
8
BLACK
6
CONTINUOUS
10
3.5955601181102361
20
-3.7299482677165354
11
3.5955409842519686
21
-3.7299674409448818
0
LINE
8
BLACK
6
CONTINUOUS
10
3.5955409842519686
20
-3.7299674409448818
11
3.5953551574803151
21
-3.7300043700787402
0
LINE
8
BLACK
6
CONTINUOUS
10
3.5953551574803151
20
-3.7300043700787402
11
3.5951726771653543
21
-3.7300543700787401
0
LINE
8
BLACK
6
CONTINUOUS
10
3.5951726771653543
20
-3.7300543700787401
11
3.5951470078740155
21
-3.7300457874015747
0
LINE
8
BLACK
6
CONTINUOUS
10
3.5951470078740155
20
-3.7300457874015747
11
3.5950889763779528
21
-3.7300573622047244
0
LINE
8
BLACK
6
CONTINUOUS
10
3.5950889763779528
20
-3.7300573622047244
11
3.5928392913385827
21
-3.7300573622047244
0
LINE
8
BLACK
6
CONTINUOUS
10
3.5928392913385827
20
-3.7300573622047244
11
3.5927812992125983
21
-3.7300458267716534
0
LINE
8
BLACK
6
CONTINUOUS
10
3.5927812992125983
20
-3.7300458267716534
11
3.5927555905511812
21
-3.7300544094488188
0
LINE
8
BLACK
6
CONTINUOUS
10
3.5927555905511812
20
-3.7300544094488188
11
3.5925727559055116
21
-3.7300043307086614
0
LINE
8
BLACK
6
CONTINUOUS
10
3.5925727559055116
20
-3.7300043307086614
11
3.5923872834645669
21
-3.7299674409448818
0
LINE
8
BLACK
6
CONTINUOUS
10
3.5923872834645669
20
-3.7299674409448818
11
3.5923681102362206
21
-3.7299482677165354
0
LINE
8
BLACK
6
CONTINUOUS
10
3.5923681102362206
20
-3.7299482677165354
11
3.5923111023622045
21
-3.7299326771653543
0
LINE
8
BLACK
6
CONTINUOUS
10
3.5923111023622045
20
-3.7299326771653543
11
3.5908112598425195
21
-3.7291827559055117
0
LINE
8
BLACK
6
CONTINUOUS
10
3.5908112598425195
20
-3.7291827559055117
11
3.5906620078740157
21
-3.7290668897637795
0
LINE
8
BLACK
6
CONTINUOUS
10
3.5906620078740157
20
-3.7290668897637795
11
3.5905042913385827
21
-3.7289615354330707
0
LINE
8
BLACK
6
CONTINUOUS
10
3.5905042913385827
20
-3.7289615354330707
11
3.589754409448819
21
-3.7282116141732282
0
LINE
8
BLACK
6
CONTINUOUS
10
3.589754409448819
20
-3.7282116141732282
11
3.5896493700787402
21
-3.7280544094488186
0
LINE
8
BLACK
6
CONTINUOUS
10
3.5896493700787402
20
-3.7280544094488186
11
3.5895331496062992
21
-3.7279046850393698
0
LINE
8
BLACK
6
CONTINUOUS
10
3.5895331496062992
20
-3.7279046850393698
11
3.5887832283464567
21
-3.7264048818897635
0
LINE
8
BLACK
6
CONTINUOUS
10
3.5887832283464567
20
-3.7264048818897635
11
3.5887675984251968
21
-3.7263477952755903
0
LINE
8
BLACK
6
CONTINUOUS
10
3.5887675984251968
20
-3.7263477952755903
11
3.5887484645669292
21
-3.7263286614173228
0
LINE
8
BLACK
6
CONTINUOUS
10
3.5887484645669292
20
-3.7263286614173228
11
3.588711496062992
21
-3.7261428740157481
0
LINE
8
BLACK
6
CONTINUOUS
10
3.588711496062992
20
-3.7261428740157481
11
3.5886615354330709
21
-3.7259603543307085
0
LINE
8
BLACK
6
CONTINUOUS
10
3.5886615354330709
20
-3.7259603543307085
11
3.5886700787401575
21
-3.7259346850393702
0
LINE
8
BLACK
6
CONTINUOUS
10
3.5886700787401575
20
-3.7259346850393702
11
3.5886585433070866
21
-3.725876653543307
0
LINE
8
BLACK
6
CONTINUOUS
10
3.5886585433070866
20
-3.725876653543307
11
3.5886585433070866
21
-3.7198774015748031
0
LINE
8
BLACK
6
CONTINUOUS
10
3.5886585433070866
20
-3.7198774015748031
11
3.5887484645669292
21
-3.7194253937007873
0
LINE
8
BLACK
6
CONTINUOUS
10
3.5887484645669292
20
-3.7194253937007873
11
3.5893876377952756
21
-3.7187862204724409
0
LINE
8
BLACK
6
CONTINUOUS
10
3.5893876377952756
20
-3.7187862204724409
11
3.5898396456692914
21
-3.7186962992125983
0
LINE
8
BLACK
6
CONTINUOUS
10
3.5898396456692914
20
-3.7186962992125983
11
3.6055876771653543
21
-3.7186962992125983
0
LINE
8
BLACK
6
CONTINUOUS
10
3.6055876771653543
20
-3.7186962992125983
11
3.6060396850393701
21
-3.7187862204724409
0
LINE
8
BLACK
6
CONTINUOUS
10
3.5910207480314962
20
-3.7255977952755903
11
3.5915602362204724
21
-3.7266768110236219
0
LINE
8
BLACK
6
CONTINUOUS
10
3.5915602362204724
20
-3.7266768110236219
11
3.592039094488189
21
-3.7271556299212598
0
LINE
8
BLACK
6
CONTINUOUS
10
3.592039094488189
20
-3.7271556299212598
11
3.5931181496062989
21
-3.7276951574803148
0
LINE
8
BLACK
6
CONTINUOUS
10
3.5931181496062989
20
-3.7276951574803148
11
3.5948101574803148
21
-3.7276951574803148
0
LINE
8
BLACK
6
CONTINUOUS
10
3.5948101574803148
20
-3.7276951574803148
11
3.5958891732283464
21
-3.7271556299212598
0
LINE
8
BLACK
6
CONTINUOUS
10
3.5958891732283464
20
-3.7271556299212598
11
3.5963679527559056
21
-3.7266768110236219
0
LINE
8
BLACK
6
CONTINUOUS
10
3.5963679527559056
20
-3.7266768110236219
11
3.5969075196850393
21
-3.7255977559055116
0
LINE
8
BLACK
6
CONTINUOUS
10
3.5969075196850393
20
-3.7255977559055116
11
3.5969075196850393
21
-3.7210585039370079
0
LINE
8
BLACK
6
CONTINUOUS
10
3.5969075196850393
20
-3.7210585039370079
11
3.5910207480314962
21
-3.7210585039370079
0
LINE
8
BLACK
6
CONTINUOUS
10
3.5910207480314962
20
-3.7210585039370079
11
3.5910207480314962
21
-3.7255977952755903
0
LINE
8
BLACK
6
CONTINUOUS
10
3.6154186614173227
20
-3.7056852755905512
11
3.6164840157480316
21
-3.7067506299212596
0
LINE
8
BLACK
6
CONTINUOUS
10
3.6164840157480316
20
-3.7067506299212596
11
3.6166338582677167
21
-3.707503937007874
0
LINE
8
BLACK
6
CONTINUOUS
10
3.6166338582677167
20
-3.707503937007874
11
3.6166338582677167
21
-3.7704960629921258
0
LINE
8
BLACK
6
CONTINUOUS
10
3.6166338582677167
20
-3.7704960629921258
11
3.6164840157480316
21
-3.7712493700787402
0
LINE
8
BLACK
6
CONTINUOUS
10
3.6164840157480316
20
-3.7712493700787402
11
3.6154186614173227
21
-3.7723147244094486
0
LINE
8
BLACK
6
CONTINUOUS
10
3.6154186614173227
20
-3.7723147244094486
11
3.6146653543307088
21
-3.7724645669291337
0
LINE
8
BLACK
6
CONTINUOUS
10
3.6146653543307088
20
-3.7724645669291337
11
3.5821850393700787
21
-3.7724645669291337
0
LINE
8
BLACK
6
CONTINUOUS
10
3.5821850393700787
20
-3.7724645669291337
11
3.5814317322834643
21
-3.7723147244094486
0
LINE
8
BLACK
6
CONTINUOUS
10
3.5814317322834643
20
-3.7723147244094486
11
3.5803663779527559
21
-3.7712493700787402
0
LINE
8
BLACK
6
CONTINUOUS
10
3.5803663779527559
20
-3.7712493700787402
11
3.5802165354330708
21
-3.7704960629921258
0
LINE
8
BLACK
6
CONTINUOUS
10
3.5802165354330708
20
-3.7704960629921258
11
3.5802165354330708
21
-3.707503937007874
0
LINE
8
BLACK
6
CONTINUOUS
10
3.5802165354330708
20
-3.707503937007874
11
3.5803663779527559
21
-3.7067506299212596
0
LINE
8
BLACK
6
CONTINUOUS
10
3.5803663779527559
20
-3.7067506299212596
11
3.5814317322834643
21
-3.7056852755905512
0
LINE
8
BLACK
6
CONTINUOUS
10
3.5814317322834643
20
-3.7056852755905512
11
3.5821850393700787
21
-3.7055354330708661
0
LINE
8
BLACK
6
CONTINUOUS
10
3.5821850393700787
20
-3.7055354330708661
11
3.6146653543307088
21
-3.7055354330708661
0
LINE
8
BLACK
6
CONTINUOUS
10
3.6146653543307088
20
-3.7055354330708661
11
3.6154186614173227
21
-3.7056852755905512
0
LINE
8
BLACK
6
CONTINUOUS
10
3.5841535433070866
20
-3.7094724409448818
11
3.5841535433070866
21
-3.7685275590551179
0
LINE
8
BLACK
6
CONTINUOUS
10
3.5841535433070866
20
-3.7685275590551179
11
3.6126968503937009
21
-3.7685275590551179
0
LINE
8
BLACK
6
CONTINUOUS
10
3.6126968503937009
20
-3.7685275590551179
11
3.6126968503937009
21
-3.7094724409448818
0
LINE
8
BLACK
6
CONTINUOUS
10
3.6126968503937009
20
-3.7094724409448818
11
3.5841535433070866
21
-3.7094724409448818
0
LINE
8
BLACK
6
CONTINUOUS
10
3.6578599606299211
20
-3.7486716929133856
11
3.6579498818897638
21
-3.7491237007874014
0
LINE
8
BLACK
6
CONTINUOUS
10
3.6579498818897638
20
-3.7491237007874014
11
3.6579498818897638
21
-3.7578311811023619
0
LINE
8
BLACK
6
CONTINUOUS
10
3.6579498818897638
20
-3.7578311811023619
11
3.6720515354330709
21
-3.7517876377952755
0
LINE
8
BLACK
6
CONTINUOUS
10
3.6720515354330709
20
-3.7517876377952755
11
3.6725024409448817
21
-3.7516922047244092
0
LINE
8
BLACK
6
CONTINUOUS
10
3.6725024409448817
20
-3.7516922047244092
11
3.6733416929133855
21
-3.7520279133858265
0
LINE
8
BLACK
6
CONTINUOUS
10
3.6733416929133855
20
-3.7520279133858265
11
3.6736977952755905
21
-3.7528588582677163
0
LINE
8
BLACK
6
CONTINUOUS
10
3.6736977952755905
20
-3.7528588582677163
11
3.6733620866141732
21
-3.7536981102362206
0
LINE
8
BLACK
6
CONTINUOUS
10
3.6733620866141732
20
-3.7536981102362206
11
3.6729820472440946
21
-3.7539588188976376
0
LINE
8
BLACK
6
CONTINUOUS
10
3.6729820472440946
20
-3.7539588188976376
11
3.6572340551181099
21
-3.7607079921259841
0
LINE
8
BLACK
6
CONTINUOUS
10
3.6572340551181099
20
-3.7607079921259841
11
3.6572242913385824
21
-3.7607100393700787
0
LINE
8
BLACK
6
CONTINUOUS
10
3.6572242913385824
20
-3.7607100393700787
11
3.6572207874015747
21
-3.7607135826771652
0
LINE
8
BLACK
6
CONTINUOUS
10
3.6572207874015747
20
-3.7607135826771652
11
3.6572076377952754
21
-3.7607135826771652
0
LINE
8
BLACK
6
CONTINUOUS
10
3.6572076377952754
20
-3.7607135826771652
11
3.6567831496062992
21
-3.7608034251968503
0
LINE
8
BLACK
6
CONTINUOUS
10
3.6567831496062992
20
-3.7608034251968503
11
3.6565585433070864
21
-3.7607135826771652
0
LINE
8
BLACK
6
CONTINUOUS
10
3.6565585433070864
20
-3.7607135826771652
11
3.6563167716535432
21
-3.7607135826771652
0
LINE
8
BLACK
6
CONTINUOUS
10
3.6563167716535432
20
-3.7607135826771652
11
3.6561555511811021
21
-3.7605523622047241
0
LINE
8
BLACK
6
CONTINUOUS
10
3.6561555511811021
20
-3.7605523622047241
11
3.6559438976377954
21
-3.760467716535433
0
LINE
8
BLACK
6
CONTINUOUS
10
3.6559438976377954
20
-3.760467716535433
11
3.6558486220472441
21
-3.7602454330708661
0
LINE
8
BLACK
6
CONTINUOUS
10
3.6558486220472441
20
-3.7602454330708661
11
3.6556775984251968
21
-3.7600744094488188
0
LINE
8
BLACK
6
CONTINUOUS
10
3.6556775984251968
20
-3.7600744094488188
11
3.6555929133858265
21
-3.7596488582677163
0
LINE
8
BLACK
6
CONTINUOUS
10
3.6555929133858265
20
-3.7596488582677163
11
3.6555877559055117
21
-3.7596367716535433
0
LINE
8
BLACK
6
CONTINUOUS
10
3.6555877559055117
20
-3.7596367716535433
11
3.6555896062992126
21
-3.7596321259842518
0
LINE
8
BLACK
6
CONTINUOUS
10
3.6555896062992126
20
-3.7596321259842518
11
3.6555876771653542
21
-3.759622401574803
0
LINE
8
BLACK
6
CONTINUOUS
10
3.6555876771653542
20
-3.759622401574803
11
3.6555876771653542
21
-3.7491237007874014
0
LINE
8
BLACK
6
CONTINUOUS
10
3.6555876771653542
20
-3.7491237007874014
11
3.6556775984251968
21
-3.7486716929133856
0
LINE
8
BLACK
6
CONTINUOUS
10
3.6556775984251968
20
-3.7486716929133856
11
3.6563167716535432
21
-3.7480325196850393
0
LINE
8
BLACK
6
CONTINUOUS
10
3.6563167716535432
20
-3.7480325196850393
11
3.6572207874015747
21
-3.7480325196850393
0
LINE
8
BLACK
6
CONTINUOUS
10
3.6572207874015747
20
-3.7480325196850393
11
3.6578599606299211
21
-3.7486716929133856
0
LINE
8
BLACK
6
CONTINUOUS
10
3.6621605118110234
20
-3.7341016929133857
11
3.6624463779527558
21
-3.734959212598425
0
LINE
8
BLACK
6
CONTINUOUS
10
3.6624463779527558
20
-3.734959212598425
11
3.6623246456692913
21
-3.7354037007874017
0
LINE
8
BLACK
6
CONTINUOUS
10
3.6623246456692913
20
-3.7354037007874017
11
3.6615747244094488
21
-3.7369035433070867
0
LINE
8
BLACK
6
CONTINUOUS
10
3.6615747244094488
20
-3.7369035433070867
11
3.6614585826771653
21
-3.7370531102362206
0
LINE
8
BLACK
6
CONTINUOUS
10
3.6614585826771653
20
-3.7370531102362206
11
3.661353464566929
21
-3.7372105118110235
0
LINE
8
BLACK
6
CONTINUOUS
10
3.661353464566929
20
-3.7372105118110235
11
3.6603700787401574
21
-3.7381938582677163
0
LINE
8
BLACK
6
CONTINUOUS
10
3.6603700787401574
20
-3.7381938582677163
11
3.6713357086614171
21
-3.7381938582677163
0
LINE
8
BLACK
6
CONTINUOUS
10
3.6713357086614171
20
-3.7381938582677163
11
3.6713357086614171
21
-3.7348755118110235
0
LINE
8
BLACK
6
CONTINUOUS
10
3.6713357086614171
20
-3.7348755118110235
11
3.6714256299212598
21
-3.7344235039370077
0
LINE
8
BLACK
6
CONTINUOUS
10
3.6714256299212598
20
-3.7344235039370077
11
3.6720648031496061
21
-3.7337843307086613
0
LINE
8
BLACK
6
CONTINUOUS
10
3.6720648031496061
20
-3.7337843307086613
11
3.6729688188976377
21
-3.7337843307086613
0
LINE
8
BLACK
6
CONTINUOUS
10
3.6729688188976377
20
-3.7337843307086613
11
3.6736079921259841
21
-3.7344235039370077
0
LINE
8
BLACK
6
CONTINUOUS
10
3.6736079921259841
20
-3.7344235039370077
11
3.6736979133858267
21
-3.7348755118110235
0
LINE
8
BLACK
6
CONTINUOUS
10
3.6736979133858267
20
-3.7348755118110235
11
3.6736979133858267
21
-3.74387437007874
0
LINE
8
BLACK
6
CONTINUOUS
10
3.6736979133858267
20
-3.74387437007874
11
3.6736079921259841
21
-3.7443263779527558
0
LINE
8
BLACK
6
CONTINUOUS
10
3.6736079921259841
20
-3.7443263779527558
11
3.6729688188976377
21
-3.7449655511811022
0
LINE
8
BLACK
6
CONTINUOUS
10
3.6729688188976377
20
-3.7449655511811022
11
3.6720648031496061
21
-3.7449655511811022
0
LINE
8
BLACK
6
CONTINUOUS
10
3.6720648031496061
20
-3.7449655511811022
11
3.6714256299212598
21
-3.7443263779527558
0
LINE
8
BLACK
6
CONTINUOUS
10
3.6714256299212598
20
-3.7443263779527558
11
3.6713357086614171
21
-3.74387437007874
0
LINE
8
BLACK
6
CONTINUOUS
10
3.6713357086614171
20
-3.74387437007874
11
3.6713357086614171
21
-3.740556062992126
0
LINE
8
BLACK
6
CONTINUOUS
10
3.6713357086614171
20
-3.740556062992126
11
3.656768779527559
21
-3.740556062992126
0
LINE
8
BLACK
6
CONTINUOUS
10
3.656768779527559
20
-3.740556062992126
11
3.6563167716535432
21
-3.7404661417322833
0
LINE
8
BLACK
6
CONTINUOUS
10
3.6563167716535432
20
-3.7404661417322833
11
3.6562307874015749
21
-3.740380157480315
0
LINE
8
BLACK
6
CONTINUOUS
10
3.6562307874015749
20
-3.740380157480315
11
3.6561116141732284
21
-3.7403563385826772
0
LINE
8
BLACK
6
CONTINUOUS
10
3.6561116141732284
20
-3.7403563385826772
11
3.6559208267716534
21
-3.7400701968503935
0
LINE
8
BLACK
6
CONTINUOUS
10
3.6559208267716534
20
-3.7400701968503935
11
3.6556775984251968
21
-3.7398269685039369
0
LINE
8
BLACK
6
CONTINUOUS
10
3.6556775984251968
20
-3.7398269685039369
11
3.6556775984251968
21
-3.7397053543307086
0
LINE
8
BLACK
6
CONTINUOUS
10
3.6556775984251968
20
-3.7397053543307086
11
3.6556101181102361
21
-3.7396041732283463
0
LINE
8
BLACK
6
CONTINUOUS
10
3.6556101181102361
20
-3.7396041732283463
11
3.6556775984251968
21
-3.739266771653543
0
LINE
8
BLACK
6
CONTINUOUS
10
3.6556775984251968
20
-3.739266771653543
11
3.6556775984251968
21
-3.7389229527559054
0
LINE
8
BLACK
6
CONTINUOUS
10
3.6556775984251968
20
-3.7389229527559054
11
3.6557635433070867
21
-3.7388369685039371
0
LINE
8
BLACK
6
CONTINUOUS
10
3.6557635433070867
20
-3.7388369685039371
11
3.6557874015748029
21
-3.7387177952755906
0
LINE
8
BLACK
6
CONTINUOUS
10
3.6557874015748029
20
-3.7387177952755906
11
3.6561136220472439
21
-3.7383922440944879
0
LINE
8
BLACK
6
CONTINUOUS
10
3.6561136220472439
20
-3.7383922440944879
11
3.6582661023622047
21
-3.7369571653543305
0
LINE
8
BLACK
6
CONTINUOUS
10
3.6582661023622047
20
-3.7369571653543305
11
3.6595475984251968
21
-3.7356756692913384
0
LINE
8
BLACK
6
CONTINUOUS
10
3.6595475984251968
20
-3.7356756692913384
11
3.6602118110236219
21
-3.734347283464567
0
LINE
8
BLACK
6
CONTINUOUS
10
3.6602118110236219
20
-3.734347283464567
11
3.6604944094488188
21
-3.7339832283464567
0
LINE
8
BLACK
6
CONTINUOUS
10
3.6604944094488188
20
-3.7339832283464567
11
3.6613519291338581
21
-3.7336973622047243
0
LINE
8
BLACK
6
CONTINUOUS
10
3.6613519291338581
20
-3.7336973622047243
11
3.6621605118110234
21
-3.7341016929133857
0
LINE
8
BLACK
6
CONTINUOUS
10
3.6729688188976377
20
-3.7187862204724409
11
3.6736079921259841
21
-3.7194253937007873
0
LINE
8
BLACK
6
CONTINUOUS
10
3.6736079921259841
20
-3.7194253937007873
11
3.6736079921259841
21
-3.7203294094488188
0
LINE
8
BLACK
6
CONTINUOUS
10
3.6736079921259841
20
-3.7203294094488188
11
3.6729688188976377
21
-3.7209685826771652
0
LINE
8
BLACK
6
CONTINUOUS
10
3.6729688188976377
20
-3.7209685826771652
11
3.6725168110236219
21
-3.7210585039370079
0
LINE
8
BLACK
6
CONTINUOUS
10
3.6725168110236219
20
-3.7210585039370079
11
3.6661988582677165
21
-3.7210585039370079
0
LINE
8
BLACK
6
CONTINUOUS
10
3.6661988582677165
20
-3.7210585039370079
11
3.6661988582677165
21
-3.7230119685039371
0
LINE
8
BLACK
6
CONTINUOUS
10
3.6661988582677165
20
-3.7230119685039371
11
3.6731940944881889
21
-3.7279086614173229
0
LINE
8
BLACK
6
CONTINUOUS
10
3.6731940944881889
20
-3.7279086614173229
11
3.6735128346456691
21
-3.7282415354330709
0
LINE
8
BLACK
6
CONTINUOUS
10
3.6735128346456691
20
-3.7282415354330709
11
3.6736699212598425
21
-3.7291316929133855
0
LINE
8
BLACK
6
CONTINUOUS
10
3.6736699212598425
20
-3.7291316929133855
11
3.6731515354330706
21
-3.7298722834645668
0
LINE
8
BLACK
6
CONTINUOUS
10
3.6731515354330706
20
-3.7298722834645668
11
3.6722613385826772
21
-3.7300293700787401
0
LINE
8
BLACK
6
CONTINUOUS
10
3.6722613385826772
20
-3.7300293700787401
11
3.6718394881889762
21
-3.7298438582677163
0
LINE
8
BLACK
6
CONTINUOUS
10
3.6718394881889762
20
-3.7298438582677163
11
3.6661955511811022
21
-3.7258931102362203
0
LINE
8
BLACK
6
CONTINUOUS
10
3.6661955511811022
20
-3.7258931102362203
11
3.6661873228346455
21
-3.7259346062992127
0
LINE
8
BLACK
6
CONTINUOUS
10
3.6661873228346455
20
-3.7259346062992127
11
3.666195905511811
21
-3.7259603543307085
0
LINE
8
BLACK
6
CONTINUOUS
10
3.666195905511811
20
-3.7259603543307085
11
3.6661458267716536
21
-3.7261431496062993
0
LINE
8
BLACK
6
CONTINUOUS
10
3.6661458267716536
20
-3.7261431496062993
11
3.6661089370078739
21
-3.7263286614173228
0
LINE
8
BLACK
6
CONTINUOUS
10
3.6661089370078739
20
-3.7263286614173228
11
3.6660897637795276
21
-3.7263477952755903
0
LINE
8
BLACK
6
CONTINUOUS
10
3.6660897637795276
20
-3.7263477952755903
11
3.6660741732283464
21
-3.7264048425196847
0
LINE
8
BLACK
6
CONTINUOUS
10
3.6660741732283464
20
-3.7264048425196847
11
3.6653242519685039
21
-3.7279046850393698
0
LINE
8
BLACK
6
CONTINUOUS
10
3.6653242519685039
20
-3.7279046850393698
11
3.6652082677165354
21
-3.7280540551181103
0
LINE
8
BLACK
6
CONTINUOUS
10
3.6652082677165354
20
-3.7280540551181103
11
3.6651030314960629
21
-3.7282116141732282
0
LINE
8
BLACK
6
CONTINUOUS
10
3.6651030314960629
20
-3.7282116141732282
11
3.6643531102362203
21
-3.728961496062992
0
LINE
8
BLACK
6
CONTINUOUS
10
3.6643531102362203
20
-3.728961496062992
11
3.6641959055118107
21
-3.729066496062992
0
LINE
8
BLACK
6
CONTINUOUS
10
3.6641959055118107
20
-3.729066496062992
11
3.6640461811023619
21
-3.7291827559055117
0
LINE
8
BLACK
6
CONTINUOUS
10
3.6640461811023619
20
-3.7291827559055117
11
3.6625462992125986
21
-3.7299326771653543
0
LINE
8
BLACK
6
CONTINUOUS
10
3.6625462992125986
20
-3.7299326771653543
11
3.6624892519685037
21
-3.7299482677165354
0
LINE
8
BLACK
6
CONTINUOUS
10
3.6624892519685037
20
-3.7299482677165354
11
3.6624701181102362
21
-3.7299674409448818
0
LINE
8
BLACK
6
CONTINUOUS
10
3.6624701181102362
20
-3.7299674409448818
11
3.6622842913385827
21
-3.7300043700787402
0
LINE
8
BLACK
6
CONTINUOUS
10
3.6622842913385827
20
-3.7300043700787402
11
3.6621018110236219
21
-3.7300543700787401
0
LINE
8
BLACK
6
CONTINUOUS
10
3.6621018110236219
20
-3.7300543700787401
11
3.6620761417322836
21
-3.7300457874015747
0
LINE
8
BLACK
6
CONTINUOUS
10
3.6620761417322836
20
-3.7300457874015747
11
3.6620181102362204
21
-3.7300573622047244
0
LINE
8
BLACK
6
CONTINUOUS
10
3.6620181102362204
20
-3.7300573622047244
11
3.6597684251968503
21
-3.7300573622047244
0
LINE
8
BLACK
6
CONTINUOUS
10
3.6597684251968503
20
-3.7300573622047244
11
3.6597104330708659
21
-3.7300458267716534
0
LINE
8
BLACK
6
CONTINUOUS
10
3.6597104330708659
20
-3.7300458267716534
11
3.6596847244094488
21
-3.7300544094488188
0
LINE
8
BLACK
6
CONTINUOUS
10
3.6596847244094488
20
-3.7300544094488188
11
3.6595018897637797
21
-3.7300043307086614
0
LINE
8
BLACK
6
CONTINUOUS
10
3.6595018897637797
20
-3.7300043307086614
11
3.6593164173228345
21
-3.7299674409448818
0
LINE
8
BLACK
6
CONTINUOUS
10
3.6593164173228345
20
-3.7299674409448818
11
3.6592972440944882
21
-3.7299482677165354
0
LINE
8
BLACK
6
CONTINUOUS
10
3.6592972440944882
20
-3.7299482677165354
11
3.6592402362204726
21
-3.7299326771653543
0
LINE
8
BLACK
6
CONTINUOUS
10
3.6592402362204726
20
-3.7299326771653543
11
3.6577403937007875
21
-3.7291827559055117
0
LINE
8
BLACK
6
CONTINUOUS
10
3.6577403937007875
20
-3.7291827559055117
11
3.6575911417322833
21
-3.7290668897637795
0
LINE
8
BLACK
6
CONTINUOUS
10
3.6575911417322833
20
-3.7290668897637795
11
3.6574334251968503
21
-3.7289615354330707
0
LINE
8
BLACK
6
CONTINUOUS
10
3.6574334251968503
20
-3.7289615354330707
11
3.6566835433070866
21
-3.7282116141732282
0
LINE
8
BLACK
6
CONTINUOUS
10
3.6566835433070866
20
-3.7282116141732282
11
3.6565785039370078
21
-3.7280544094488186
0
LINE
8
BLACK
6
CONTINUOUS
10
3.6565785039370078
20
-3.7280544094488186
11
3.6564622834645668
21
-3.7279046850393698
0
LINE
8
BLACK
6
CONTINUOUS
10
3.6564622834645668
20
-3.7279046850393698
11
3.6557123622047243
21
-3.7264048818897635
0
LINE
8
BLACK
6
CONTINUOUS
10
3.6557123622047243
20
-3.7264048818897635
11
3.6556967322834644
21
-3.7263477952755903
0
LINE
8
BLACK
6
CONTINUOUS
10
3.6556967322834644
20
-3.7263477952755903
11
3.6556775984251968
21
-3.7263286614173228
0
LINE
8
BLACK
6
CONTINUOUS
10
3.6556775984251968
20
-3.7263286614173228
11
3.6556406299212596
21
-3.7261428740157481
0
LINE
8
BLACK
6
CONTINUOUS
10
3.6556406299212596
20
-3.7261428740157481
11
3.6555906692913385
21
-3.7259603543307085
0
LINE
8
BLACK
6
CONTINUOUS
10
3.6555906692913385
20
-3.7259603543307085
11
3.6555992125984251
21
-3.7259346850393702
0
LINE
8
BLACK
6
CONTINUOUS
10
3.6555992125984251
20
-3.7259346850393702
11
3.6555876771653542
21
-3.725876653543307
0
LINE
8
BLACK
6
CONTINUOUS
10
3.6555876771653542
20
-3.725876653543307
11
3.6555876771653542
21
-3.7198774015748031
0
LINE
8
BLACK
6
CONTINUOUS
10
3.6555876771653542
20
-3.7198774015748031
11
3.6556775984251968
21
-3.7194253937007873
0
LINE
8
BLACK
6
CONTINUOUS
10
3.6556775984251968
20
-3.7194253937007873
11
3.6563167716535432
21
-3.7187862204724409
0
LINE
8
BLACK
6
CONTINUOUS
10
3.6563167716535432
20
-3.7187862204724409
11
3.656768779527559
21
-3.7186962992125983
0
LINE
8
BLACK
6
CONTINUOUS
10
3.656768779527559
20
-3.7186962992125983
11
3.6725168110236219
21
-3.7186962992125983
0
LINE
8
BLACK
6
CONTINUOUS
10
3.6725168110236219
20
-3.7186962992125983
11
3.6729688188976377
21
-3.7187862204724409
0
LINE
8
BLACK
6
CONTINUOUS
10
3.6579498818897638
20
-3.7255977952755903
11
3.65848937007874
21
-3.7266768110236219
0
LINE
8
BLACK
6
CONTINUOUS
10
3.65848937007874
20
-3.7266768110236219
11
3.6589682283464566
21
-3.7271556299212598
0
LINE
8
BLACK
6
CONTINUOUS
10
3.6589682283464566
20
-3.7271556299212598
11
3.660047283464567
21
-3.7276951574803148
0
LINE
8
BLACK
6
CONTINUOUS
10
3.660047283464567
20
-3.7276951574803148
11
3.6617392913385824
21
-3.7276951574803148
0
LINE
8
BLACK
6
CONTINUOUS
10
3.6617392913385824
20
-3.7276951574803148
11
3.662818307086614
21
-3.7271556299212598
0
LINE
8
BLACK
6
CONTINUOUS
10
3.662818307086614
20
-3.7271556299212598
11
3.6632970866141732
21
-3.7266768110236219
0
LINE
8
BLACK
6
CONTINUOUS
10
3.6632970866141732
20
-3.7266768110236219
11
3.6638366535433069
21
-3.7255977559055116
0
LINE
8
BLACK
6
CONTINUOUS
10
3.6638366535433069
20
-3.7255977559055116
11
3.6638366535433069
21
-3.7210585039370079
0
LINE
8
BLACK
6
CONTINUOUS
10
3.6638366535433069
20
-3.7210585039370079
11
3.6579498818897638
21
-3.7210585039370079
0
LINE
8
BLACK
6
CONTINUOUS
10
3.6579498818897638
20
-3.7210585039370079
11
3.6579498818897638
21
-3.7255977952755903
0
LINE
8
BLACK
6
CONTINUOUS
10
3.6823477952755903
20
-3.7056852755905512
11
3.6834131496062992
21
-3.7067506299212596
0
LINE
8
BLACK
6
CONTINUOUS
10
3.6834131496062992
20
-3.7067506299212596
11
3.6835629921259843
21
-3.707503937007874
0
LINE
8
BLACK
6
CONTINUOUS
10
3.6835629921259843
20
-3.707503937007874
11
3.6835629921259843
21
-3.7704960629921258
0
LINE
8
BLACK
6
CONTINUOUS
10
3.6835629921259843
20
-3.7704960629921258
11
3.6834131496062992
21
-3.7712493700787402
0
LINE
8
BLACK
6
CONTINUOUS
10
3.6834131496062992
20
-3.7712493700787402
11
3.6823477952755903
21
-3.7723147244094486
0
LINE
8
BLACK
6
CONTINUOUS
10
3.6823477952755903
20
-3.7723147244094486
11
3.6815944881889764
21
-3.7724645669291337
0
LINE
8
BLACK
6
CONTINUOUS
10
3.6815944881889764
20
-3.7724645669291337
11
3.6491141732283463
21
-3.7724645669291337
0
LINE
8
BLACK
6
CONTINUOUS
10
3.6491141732283463
20
-3.7724645669291337
11
3.6483608661417324
21
-3.7723147244094486
0
LINE
8
BLACK
6
CONTINUOUS
10
3.6483608661417324
20
-3.7723147244094486
11
3.6472955118110235
21
-3.7712493700787402
0
LINE
8
BLACK
6
CONTINUOUS
10
3.6472955118110235
20
-3.7712493700787402
11
3.6471456692913384
21
-3.7704960629921258
0
LINE
8
BLACK
6
CONTINUOUS
10
3.6471456692913384
20
-3.7704960629921258
11
3.6471456692913384
21
-3.707503937007874
0
LINE
8
BLACK
6
CONTINUOUS
10
3.6471456692913384
20
-3.707503937007874
11
3.6472955118110235
21
-3.7067506299212596
0
LINE
8
BLACK
6
CONTINUOUS
10
3.6472955118110235
20
-3.7067506299212596
11
3.6483608661417324
21
-3.7056852755905512
0
LINE
8
BLACK
6
CONTINUOUS
10
3.6483608661417324
20
-3.7056852755905512
11
3.6491141732283463
21
-3.7055354330708661
0
LINE
8
BLACK
6
CONTINUOUS
10
3.6491141732283463
20
-3.7055354330708661
11
3.6815944881889764
21
-3.7055354330708661
0
LINE
8
BLACK
6
CONTINUOUS
10
3.6815944881889764
20
-3.7055354330708661
11
3.6823477952755903
21
-3.7056852755905512
0
LINE
8
BLACK
6
CONTINUOUS
10
3.6510826771653542
20
-3.7094724409448818
11
3.6510826771653542
21
-3.7685275590551179
0
LINE
8
BLACK
6
CONTINUOUS
10
3.6510826771653542
20
-3.7685275590551179
11
3.6796259842519685
21
-3.7685275590551179
0
LINE
8
BLACK
6
CONTINUOUS
10
3.6796259842519685
20
-3.7685275590551179
11
3.6796259842519685
21
-3.7094724409448818
0
LINE
8
BLACK
6
CONTINUOUS
10
3.6796259842519685
20
-3.7094724409448818
11
3.6510826771653542
21
-3.7094724409448818
0
LINE
8
BLACK
6
CONTINUOUS
10
3.7353794881889764
20
-3.7486316141732283
11
3.7354051574803151
21
-3.7486230708661417
0
LINE
8
BLACK
6
CONTINUOUS
10
3.7354051574803151
20
-3.7486230708661417
11
3.7355876771653542
21
-3.7486730314960628
0
LINE
8
BLACK
6
CONTINUOUS
10
3.7355876771653542
20
-3.7486730314960628
11
3.7357734645669289
21
-3.74871
0
LINE
8
BLACK
6
CONTINUOUS
10
3.7357734645669289
20
-3.74871
11
3.735792598425197
21
-3.7487291338582676
0
LINE
8
BLACK
6
CONTINUOUS
10
3.735792598425197
20
-3.7487291338582676
11
3.7358496850393701
21
-3.7487447637795275
0
LINE
8
BLACK
6
CONTINUOUS
10
3.7358496850393701
20
-3.7487447637795275
11
3.7373494881889764
21
-3.74949468503937
0
LINE
8
BLACK
6
CONTINUOUS
10
3.7373494881889764
20
-3.74949468503937
11
3.7374989370078739
21
-3.7496107086614172
0
LINE
8
BLACK
6
CONTINUOUS
10
3.7374989370078739
20
-3.7496107086614172
11
3.7376564173228344
21
-3.749715905511811
0
LINE
8
BLACK
6
CONTINUOUS
10
3.7376564173228344
20
-3.749715905511811
11
3.7383210629921257
21
-3.7503805511811024
0
LINE
8
BLACK
6
CONTINUOUS
10
3.7383210629921257
20
-3.7503805511811024
11
3.7389857480314959
21
-3.749715905511811
0
LINE
8
BLACK
6
CONTINUOUS
10
3.7389857480314959
20
-3.749715905511811
11
3.739143188976378
21
-3.7496107086614172
0
LINE
8
BLACK
6
CONTINUOUS
10
3.739143188976378
20
-3.7496107086614172
11
3.7392926771653543
21
-3.74949468503937
0
LINE
8
BLACK
6
CONTINUOUS
10
3.7392926771653543
20
-3.74949468503937
11
3.7407925196850393
21
-3.7487447637795275
0
LINE
8
BLACK
6
CONTINUOUS
10
3.7407925196850393
20
-3.7487447637795275
11
3.740849527559055
21
-3.7487291338582676
0
LINE
8
BLACK
6
CONTINUOUS
10
3.740849527559055
20
-3.7487291338582676
11
3.7408687007874013
21
-3.74871
0
LINE
8
BLACK
6
CONTINUOUS
10
3.7408687007874013
20
-3.74871
11
3.7410541732283464
21
-3.7486730708661415
0
LINE
8
BLACK
6
CONTINUOUS
10
3.7410541732283464
20
-3.7486730708661415
11
3.7412370078740156
21
-3.7486230314960629
0
LINE
8
BLACK
6
CONTINUOUS
10
3.7412370078740156
20
-3.7486230314960629
11
3.7412627165354331
21
-3.7486315748031496
0
LINE
8
BLACK
6
CONTINUOUS
10
3.7412627165354331
20
-3.7486315748031496
11
3.7413207086614171
21
-3.7486200787401573
0
LINE
8
BLACK
6
CONTINUOUS
10
3.7413207086614171
20
-3.7486200787401573
11
3.7443203543307084
21
-3.7486200787401573
0
LINE
8
BLACK
6
CONTINUOUS
10
3.7443203543307084
20
-3.7486200787401573
11
3.7443783858267716
21
-3.7486316141732283
0
LINE
8
BLACK
6
CONTINUOUS
10
3.7443783858267716
20
-3.7486316141732283
11
3.7444040551181104
21
-3.7486230708661417
0
LINE
8
BLACK
6
CONTINUOUS
10
3.7444040551181104
20
-3.7486230708661417
11
3.7445865748031495
21
-3.7486730314960628
0
LINE
8
BLACK
6
CONTINUOUS
10
3.7445865748031495
20
-3.7486730314960628
11
3.7447723622047242
21
-3.74871
0
LINE
8
BLACK
6
CONTINUOUS
10
3.7447723622047242
20
-3.74871
11
3.7447914960629922
21
-3.7487291338582676
0
LINE
8
BLACK
6
CONTINUOUS
10
3.7447914960629922
20
-3.7487291338582676
11
3.7448485826771654
21
-3.7487447637795275
0
LINE
8
BLACK
6
CONTINUOUS
10
3.7448485826771654
20
-3.7487447637795275
11
3.7463483858267717
21
-3.74949468503937
0
LINE
8
BLACK
6
CONTINUOUS
10
3.7463483858267717
20
-3.74949468503937
11
3.7464978346456692
21
-3.7496107086614172
0
LINE
8
BLACK
6
CONTINUOUS
10
3.7464978346456692
20
-3.7496107086614172
11
3.7466553149606296
21
-3.749715905511811
0
LINE
8
BLACK
6
CONTINUOUS
10
3.7466553149606296
20
-3.749715905511811
11
3.7474051968503934
21
-3.7504657874015748
0
LINE
8
BLACK
6
CONTINUOUS
10
3.7474051968503934
20
-3.7504657874015748
11
3.7475102755905509
21
-3.7506230314960627
0
LINE
8
BLACK
6
CONTINUOUS
10
3.7475102755905509
20
-3.7506230314960627
11
3.7476264960629919
21
-3.7507727952755903
0
LINE
8
BLACK
6
CONTINUOUS
10
3.7476264960629919
20
-3.7507727952755903
11
3.7483763779527557
21
-3.7522725984251966
0
LINE
8
BLACK
6
CONTINUOUS
10
3.7483763779527557
20
-3.7522725984251966
11
3.7483919685039369
21
-3.7523296062992126
0
LINE
8
BLACK
6
CONTINUOUS
10
3.7483919685039369
20
-3.7523296062992126
11
3.7484111417322832
21
-3.752348779527559
0
LINE
8
BLACK
6
CONTINUOUS
10
3.7484111417322832
20
-3.752348779527559
11
3.7484480708661416
21
-3.7525345669291337
0
LINE
8
BLACK
6
CONTINUOUS
10
3.7484480708661416
20
-3.7525345669291337
11
3.7484980708661415
21
-3.7527170866141732
0
LINE
8
BLACK
6
CONTINUOUS
10
3.7484980708661415
20
-3.7527170866141732
11
3.7484894881889761
21
-3.7527427165354328
0
LINE
8
BLACK
6
CONTINUOUS
10
3.7484894881889761
20
-3.7527427165354328
11
3.7485010629921258
21
-3.7528007874015747
0
LINE
8
BLACK
6
CONTINUOUS
10
3.7485010629921258
20
-3.7528007874015747
11
3.7485010629921258
21
-3.7558004330708661
0
LINE
8
BLACK
6
CONTINUOUS
10
3.7485010629921258
20
-3.7558004330708661
11
3.7484894881889761
21
-3.7558584645669288
0
LINE
8
BLACK
6
CONTINUOUS
10
3.7484894881889761
20
-3.7558584645669288
11
3.7484980708661415
21
-3.7558841338582676
0
LINE
8
BLACK
6
CONTINUOUS
10
3.7484980708661415
20
-3.7558841338582676
11
3.7484480708661416
21
-3.7560666141732284
0
LINE
8
BLACK
6
CONTINUOUS
10
3.7484480708661416
20
-3.7560666141732284
11
3.7484111417322832
21
-3.7562524409448819
0
LINE
8
BLACK
6
CONTINUOUS
10
3.7484111417322832
20
-3.7562524409448819
11
3.7483919685039369
21
-3.7562715748031494
0
LINE
8
BLACK
6
CONTINUOUS
10
3.7483919685039369
20
-3.7562715748031494
11
3.7483763779527557
21
-3.7563286220472438
0
LINE
8
BLACK
6
CONTINUOUS
10
3.7483763779527557
20
-3.7563286220472438
11
3.7476264960629919
21
-3.7578284251968501
0
LINE
8
BLACK
6
CONTINUOUS
10
3.7476264960629919
20
-3.7578284251968501
11
3.7475103543307084
21
-3.7579780314960627
0
LINE
8
BLACK
6
CONTINUOUS
10
3.7475103543307084
20
-3.7579780314960627
11
3.7474052362204722
21
-3.7581353937007873
0
LINE
8
BLACK
6
CONTINUOUS
10
3.7474052362204722
20
-3.7581353937007873
11
3.7466553149606296
21
-3.7588853149606298
0
LINE
8
BLACK
6
CONTINUOUS
10
3.7466553149606296
20
-3.7588853149606298
11
3.7464979527559055
21
-3.7589903937007874
0
LINE
8
BLACK
6
CONTINUOUS
10
3.7464979527559055
20
-3.7589903937007874
11
3.7463483464566929
21
-3.7591065748031496
0
LINE
8
BLACK
6
CONTINUOUS
10
3.7463483464566929
20
-3.7591065748031496
11
3.7448485433070866
21
-3.7598564566929134
0
LINE
8
BLACK
6
CONTINUOUS
10
3.7448485433070866
20
-3.7598564566929134
11
3.7447914960629922
21
-3.7598720472440945
0
LINE
8
BLACK
6
CONTINUOUS
10
3.7447914960629922
20
-3.7598720472440945
11
3.7447723622047242
21
-3.7598912204724408
0
LINE
8
BLACK
6
CONTINUOUS
10
3.7447723622047242
20
-3.7598912204724408
11
3.7445865354330707
21
-3.7599281496062993
0
LINE
8
BLACK
6
CONTINUOUS
10
3.7445865354330707
20
-3.7599281496062993
11
3.7444040551181104
21
-3.7599781496062992
0
LINE
8
BLACK
6
CONTINUOUS
10
3.7444040551181104
20
-3.7599781496062992
11
3.7443783858267716
21
-3.7599695669291338
0
LINE
8
BLACK
6
CONTINUOUS
10
3.7443783858267716
20
-3.7599695669291338
11
3.7443203543307084
21
-3.7599811417322835
0
LINE
8
BLACK
6
CONTINUOUS
10
3.7443203543307084
20
-3.7599811417322835
11
3.7413207086614171
21
-3.7599811417322835
0
LINE
8
BLACK
6
CONTINUOUS
10
3.7413207086614171
20
-3.7599811417322835
11
3.7412626377952756
21
-3.7599695669291338
0
LINE
8
BLACK
6
CONTINUOUS
10
3.7412626377952756
20
-3.7599695669291338
11
3.7412370078740156
21
-3.7599781496062992
0
LINE
8
BLACK
6
CONTINUOUS
10
3.7412370078740156
20
-3.7599781496062992
11
3.7410544881889765
21
-3.7599281496062993
0
LINE
8
BLACK
6
CONTINUOUS
10
3.7410544881889765
20
-3.7599281496062993
11
3.7408687007874013
21
-3.7598912204724408
0
LINE
8
BLACK
6
CONTINUOUS
10
3.7408687007874013
20
-3.7598912204724408
11
3.740849527559055
21
-3.7598720472440945
0
LINE
8
BLACK
6
CONTINUOUS
10
3.740849527559055
20
-3.7598720472440945
11
3.7407925196850393
21
-3.7598564566929134
0
LINE
8
BLACK
6
CONTINUOUS
10
3.7407925196850393
20
-3.7598564566929134
11
3.739292716535433
21
-3.7591065748031496
0
LINE
8
BLACK
6
CONTINUOUS
10
3.739292716535433
20
-3.7591065748031496
11
3.7391430708661417
21
-3.7589904330708661
0
LINE
8
BLACK
6
CONTINUOUS
10
3.7391430708661417
20
-3.7589904330708661
11
3.7389857480314959
21
-3.7588853149606298
0
LINE
8
BLACK
6
CONTINUOUS
10
3.7389857480314959
20
-3.7588853149606298
11
3.7383210629921257
21
-3.7582206299212597
0
LINE
8
BLACK
6
CONTINUOUS
10
3.7383210629921257
20
-3.7582206299212597
11
3.7376564173228344
21
-3.7588853149606298
0
LINE
8
BLACK
6
CONTINUOUS
10
3.7376564173228344
20
-3.7588853149606298
11
3.7374990551181102
21
-3.7589903937007874
0
LINE
8
BLACK
6
CONTINUOUS
10
3.7374990551181102
20
-3.7589903937007874
11
3.7373494488188976
21
-3.7591065748031496
0
LINE
8
BLACK
6
CONTINUOUS
10
3.7373494488188976
20
-3.7591065748031496
11
3.7358496456692913
21
-3.7598564566929134
0
LINE
8
BLACK
6
CONTINUOUS
10
3.7358496456692913
20
-3.7598564566929134
11
3.735792598425197
21
-3.7598720472440945
0
LINE
8
BLACK
6
CONTINUOUS
10
3.735792598425197
20
-3.7598720472440945
11
3.7357734645669289
21
-3.7598912204724408
0
LINE
8
BLACK
6
CONTINUOUS
10
3.7357734645669289
20
-3.7598912204724408
11
3.7355876377952755
21
-3.7599281496062993
0
LINE
8
BLACK
6
CONTINUOUS
10
3.7355876377952755
20
-3.7599281496062993
11
3.7354051574803151
21
-3.7599781496062992
0
LINE
8
BLACK
6
CONTINUOUS
10
3.7354051574803151
20
-3.7599781496062992
11
3.7353794881889764
21
-3.7599695669291338
0
LINE
8
BLACK
6
CONTINUOUS
10
3.7353794881889764
20
-3.7599695669291338
11
3.7353214566929132
21
-3.7599811417322835
0
LINE
8
BLACK
6
CONTINUOUS
10
3.7353214566929132
20
-3.7599811417322835
11
3.7345715748031494
21
-3.7599811417322835
0
LINE
8
BLACK
6
CONTINUOUS
10
3.7345715748031494
20
-3.7599811417322835
11
3.7345135039370079
21
-3.7599695669291338
0
LINE
8
BLACK
6
CONTINUOUS
10
3.7345135039370079
20
-3.7599695669291338
11
3.7344878740157479
21
-3.7599781496062992
0
LINE
8
BLACK
6
CONTINUOUS
10
3.7344878740157479
20
-3.7599781496062992
11
3.7343053543307088
21
-3.7599281496062993
0
LINE
8
BLACK
6
CONTINUOUS
10
3.7343053543307088
20
-3.7599281496062993
11
3.7341195669291336
21
-3.7598912204724408
0
LINE
8
BLACK
6
CONTINUOUS
10
3.7341195669291336
20
-3.7598912204724408
11
3.7341003937007873
21
-3.7598720472440945
0
LINE
8
BLACK
6
CONTINUOUS
10
3.7341003937007873
20
-3.7598720472440945
11
3.7340433858267716
21
-3.7598564566929134
0
LINE
8
BLACK
6
CONTINUOUS
10
3.7340433858267716
20
-3.7598564566929134
11
3.7325435433070866
21
-3.7591065748031496
0
LINE
8
BLACK
6
CONTINUOUS
10
3.7325435433070866
20
-3.7591065748031496
11
3.7323938976377953
21
-3.7589904330708661
0
LINE
8
BLACK
6
CONTINUOUS
10
3.7323938976377953
20
-3.7589904330708661
11
3.7322365354330707
21
-3.7588852755905511
0
LINE
8
BLACK
6
CONTINUOUS
10
3.7322365354330707
20
-3.7588852755905511
11
3.7314866535433069
21
-3.7581353937007873
0
LINE
8
BLACK
6
CONTINUOUS
10
3.7314866535433069
20
-3.7581353937007873
11
3.7313814566929131
21
-3.7579779133858269
0
LINE
8
BLACK
6
CONTINUOUS
10
3.7313814566929131
20
-3.7579779133858269
11
3.7312654330708659
21
-3.7578284645669289
0
LINE
8
BLACK
6
CONTINUOUS
10
3.7312654330708659
20
-3.7578284645669289
11
3.7305155118110234
21
-3.7563286614173226
0
LINE
8
BLACK
6
CONTINUOUS
10
3.7305155118110234
20
-3.7563286614173226
11
3.7304998818897639
21
-3.7562715748031494
0
LINE
8
BLACK
6
CONTINUOUS
10
3.7304998818897639
20
-3.7562715748031494
11
3.7304807480314959
21
-3.7562524409448819
0
LINE
8
BLACK
6
CONTINUOUS
10
3.7304807480314959
20
-3.7562524409448819
11
3.7304437795275591
21
-3.7560666535433072
0
LINE
8
BLACK
6
CONTINUOUS
10
3.7304437795275591
20
-3.7560666535433072
11
3.7303938188976375
21
-3.7558841338582676
0
LINE
8
BLACK
6
CONTINUOUS
10
3.7303938188976375
20
-3.7558841338582676
11
3.7304023622047242
21
-3.7558584645669288
0
LINE
8
BLACK
6
CONTINUOUS
10
3.7304023622047242
20
-3.7558584645669288
11
3.7303908267716537
21
-3.7558004330708661
0
LINE
8
BLACK
6
CONTINUOUS
10
3.7303908267716537
20
-3.7558004330708661
11
3.7303908267716537
21
-3.7528007874015747
0
LINE
8
BLACK
6
CONTINUOUS
10
3.7303908267716537
20
-3.7528007874015747
11
3.7304023622047242
21
-3.7527427165354328
0
LINE
8
BLACK
6
CONTINUOUS
10
3.7304023622047242
20
-3.7527427165354328
11
3.7303938188976375
21
-3.7527170866141732
0
LINE
8
BLACK
6
CONTINUOUS
10
3.7303938188976375
20
-3.7527170866141732
11
3.7304437795275591
21
-3.7525345275590549
0
LINE
8
BLACK
6
CONTINUOUS
10
3.7304437795275591
20
-3.7525345275590549
11
3.7304807480314959
21
-3.752348779527559
0
LINE
8
BLACK
6
CONTINUOUS
10
3.7304807480314959
20
-3.752348779527559
11
3.7304998818897639
21
-3.7523296062992126
0
LINE
8
BLACK
6
CONTINUOUS
10
3.7304998818897639
20
-3.7523296062992126
11
3.7305155118110234
21
-3.7522725590551178
0
LINE
8
BLACK
6
CONTINUOUS
10
3.7305155118110234
20
-3.7522725590551178
11
3.7312654330708659
21
-3.7507727559055115
0
LINE
8
BLACK
6
CONTINUOUS
10
3.7312654330708659
20
-3.7507727559055115
11
3.7313816535433069
21
-3.7506229921259844
0
LINE
8
BLACK
6
CONTINUOUS
10
3.7313816535433069
20
-3.7506229921259844
11
3.7314866929133856
21
-3.7504658267716535
0
LINE
8
BLACK
6
CONTINUOUS
10
3.7314866929133856
20
-3.7504658267716535
11
3.7322365748031494
21
-3.749715905511811
0
LINE
8
BLACK
6
CONTINUOUS
10
3.7322365748031494
20
-3.749715905511811
11
3.7323942913385828
21
-3.7496105118110234
0
LINE
8
BLACK
6
CONTINUOUS
10
3.7323942913385828
20
-3.7496105118110234
11
3.7325435433070866
21
-3.74949468503937
0
LINE
8
BLACK
6
CONTINUOUS
10
3.7325435433070866
20
-3.74949468503937
11
3.7340433858267716
21
-3.7487447637795275
0
LINE
8
BLACK
6
CONTINUOUS
10
3.7340433858267716
20
-3.7487447637795275
11
3.7341003937007873
21
-3.7487291338582676
0
LINE
8
BLACK
6
CONTINUOUS
10
3.7341003937007873
20
-3.7487291338582676
11
3.7341195669291336
21
-3.74871
0
LINE
8
BLACK
6
CONTINUOUS
10
3.7341195669291336
20
-3.74871
11
3.7343050393700787
21
-3.7486730708661415
0
LINE
8
BLACK
6
CONTINUOUS
10
3.7343050393700787
20
-3.7486730708661415
11
3.7344878740157479
21
-3.7486230314960629
0
LINE
8
BLACK
6
CONTINUOUS
10
3.7344878740157479
20
-3.7486230314960629
11
3.7345135826771654
21
-3.7486315748031496
0
LINE
8
BLACK
6
CONTINUOUS
10
3.7345135826771654
20
-3.7486315748031496
11
3.7345715748031494
21
-3.7486200787401573
0
LINE
8
BLACK
6
CONTINUOUS
10
3.7345715748031494
20
-3.7486200787401573
11
3.7353214566929132
21
-3.7486200787401573
0
LINE
8
BLACK
6
CONTINUOUS
10
3.7353214566929132
20
-3.7486200787401573
11
3.7353794881889764
21
-3.7486316141732283
0
LINE
8
BLACK
6
CONTINUOUS
10
3.7337713779527557
20
-3.7515217716535432
11
3.7332925196850395
21
-3.7520005905511811
0
LINE
8
BLACK
6
CONTINUOUS
10
3.7332925196850395
20
-3.7520005905511811
11
3.7327530314960629
21
-3.7530796456692914
0
LINE
8
BLACK
6
CONTINUOUS
10
3.7327530314960629
20
-3.7530796456692914
11
3.7327530314960629
21
-3.7555215748031494
0
LINE
8
BLACK
6
CONTINUOUS
10
3.7327530314960629
20
-3.7555215748031494
11
3.7332925196850395
21
-3.7566005511811023
0
LINE
8
BLACK
6
CONTINUOUS
10
3.7332925196850395
20
-3.7566005511811023
11
3.7337714173228345
21
-3.7570794488188977
0
LINE
8
BLACK
6
CONTINUOUS
10
3.7337714173228345
20
-3.7570794488188977
11
3.7348503937007873
21
-3.7576189370078739
0
LINE
8
BLACK
6
CONTINUOUS
10
3.7348503937007873
20
-3.7576189370078739
11
3.7350426377952757
21
-3.7576189370078739
0
LINE
8
BLACK
6
CONTINUOUS
10
3.7350426377952757
20
-3.7576189370078739
11
3.7361216535433068
21
-3.7570794094488189
0
LINE
8
BLACK
6
CONTINUOUS
10
3.7361216535433068
20
-3.7570794094488189
11
3.736600433070866
21
-3.7566006299212598
0
LINE
8
BLACK
6
CONTINUOUS
10
3.736600433070866
20
-3.7566006299212598
11
3.7371400000000001
21
-3.7555215354330707
0
LINE
8
BLACK
6
CONTINUOUS
10
3.7371400000000001
20
-3.7555215354330707
11
3.7371400000000001
21
-3.7530796456692914
0
LINE
8
BLACK
6
CONTINUOUS
10
3.7371400000000001
20
-3.7530796456692914
11
3.7366004724409447
21
-3.7520006299212598
0
LINE
8
BLACK
6
CONTINUOUS
10
3.7366004724409447
20
-3.7520006299212598
11
3.7361215748031493
21
-3.7515217716535432
0
LINE
8
BLACK
6
CONTINUOUS
10
3.7361215748031493
20
-3.7515217716535432
11
3.7350425984251969
21
-3.750982283464567
0
LINE
8
BLACK
6
CONTINUOUS
10
3.7350425984251969
20
-3.750982283464567
11
3.7348504330708661
21
-3.750982283464567
0
LINE
8
BLACK
6
CONTINUOUS
10
3.7348504330708661
20
-3.750982283464567
11
3.7337713779527557
21
-3.7515217716535432
0
LINE
8
BLACK
6
CONTINUOUS
10
3.7405204724409447
20
-3.7515218110236219
11
3.7400416535433072
21
-3.7520006299212598
0
LINE
8
BLACK
6
CONTINUOUS
10
3.7400416535433072
20
-3.7520006299212598
11
3.7395022047244093
21
-3.7530795669291339
0
LINE
8
BLACK
6
CONTINUOUS
10
3.7395022047244093
20
-3.7530795669291339
11
3.7395022047244093
21
-3.7555216141732282
0
LINE
8
BLACK
6
CONTINUOUS
10
3.7395022047244093
20
-3.7555216141732282
11
3.740041692913386
21
-3.7566006299212598
0
LINE
8
BLACK
6
CONTINUOUS
10
3.740041692913386
20
-3.7566006299212598
11
3.7405204724409447
21
-3.7570794094488189
0
LINE
8
BLACK
6
CONTINUOUS
10
3.7405204724409447
20
-3.7570794094488189
11
3.741599527559055
21
-3.7576189370078739
0
LINE
8
BLACK
6
CONTINUOUS
10
3.741599527559055
20
-3.7576189370078739
11
3.7440415354330709
21
-3.7576189370078739
0
LINE
8
BLACK
6
CONTINUOUS
10
3.7440415354330709
20
-3.7576189370078739
11
3.7451205511811021
21
-3.7570794094488189
0
LINE
8
BLACK
6
CONTINUOUS
10
3.7451205511811021
20
-3.7570794094488189
11
3.7455993307086612
21
-3.7566006299212598
0
LINE
8
BLACK
6
CONTINUOUS
10
3.7455993307086612
20
-3.7566006299212598
11
3.7461388582677166
21
-3.7555216141732282
0
LINE
8
BLACK
6
CONTINUOUS
10
3.7461388582677166
20
-3.7555216141732282
11
3.7461388582677166
21
-3.7530795669291339
0
LINE
8
BLACK
6
CONTINUOUS
10
3.7461388582677166
20
-3.7530795669291339
11
3.7455994094488188
21
-3.7520006692913386
0
LINE
8
BLACK
6
CONTINUOUS
10
3.7455994094488188
20
-3.7520006692913386
11
3.7451204724409446
21
-3.7515217716535432
0
LINE
8
BLACK
6
CONTINUOUS
10
3.7451204724409446
20
-3.7515217716535432
11
3.7440414960629922
21
-3.750982283464567
0
LINE
8
BLACK
6
CONTINUOUS
10
3.7440414960629922
20
-3.750982283464567
11
3.7415995669291338
21
-3.750982283464567
0
LINE
8
BLACK
6
CONTINUOUS
10
3.7415995669291338
20
-3.750982283464567
11
3.7405204724409447
21
-3.7515218110236219
0
LINE
8
BLACK
6
CONTINUOUS
10
3.7369636614173229
20
-3.7340292519685039
11
3.7372495275590549
21
-3.7348867716535432
0
LINE
8
BLACK
6
CONTINUOUS
10
3.7372495275590549
20
-3.7348867716535432
11
3.7371277952755904
21
-3.7353312598425195
0
LINE
8
BLACK
6
CONTINUOUS
10
3.7371277952755904
20
-3.7353312598425195
11
3.7363778740157478
21
-3.7368311023622045
0
LINE
8
BLACK
6
CONTINUOUS
10
3.7363778740157478
20
-3.7368311023622045
11
3.7362617322834644
21
-3.7369806692913383
0
LINE
8
BLACK
6
CONTINUOUS
10
3.7362617322834644
20
-3.7369806692913383
11
3.7361566141732281
21
-3.7371380708661417
0
LINE
8
BLACK
6
CONTINUOUS
10
3.7361566141732281
20
-3.7371380708661417
11
3.7351732283464565
21
-3.7381214173228345
0
LINE
8
BLACK
6
CONTINUOUS
10
3.7351732283464565
20
-3.7381214173228345
11
3.7461388582677166
21
-3.7381214173228345
0
LINE
8
BLACK
6
CONTINUOUS
10
3.7461388582677166
20
-3.7381214173228345
11
3.7461388582677166
21
-3.7348030708661417
0
LINE
8
BLACK
6
CONTINUOUS
10
3.7461388582677166
20
-3.7348030708661417
11
3.7462287795275588
21
-3.7343510629921259
0
LINE
8
BLACK
6
CONTINUOUS
10
3.7462287795275588
20
-3.7343510629921259
11
3.7468679527559052
21
-3.7337118897637795
0
LINE
8
BLACK
6
CONTINUOUS
10
3.7468679527559052
20
-3.7337118897637795
11
3.7477719685039368
21
-3.7337118897637795
0
LINE
8
BLACK
6
CONTINUOUS
10
3.7477719685039368
20
-3.7337118897637795
11
3.7484111417322832
21
-3.7343510629921259
0
LINE
8
BLACK
6
CONTINUOUS
10
3.7484111417322832
20
-3.7343510629921259
11
3.7485010629921258
21
-3.7348030708661417
0
LINE
8
BLACK
6
CONTINUOUS
10
3.7485010629921258
20
-3.7348030708661417
11
3.7485010629921258
21
-3.7438019291338582
0
LINE
8
BLACK
6
CONTINUOUS
10
3.7485010629921258
20
-3.7438019291338582
11
3.7484111417322832
21
-3.744253937007874
0
LINE
8
BLACK
6
CONTINUOUS
10
3.7484111417322832
20
-3.744253937007874
11
3.7477719685039368
21
-3.7448931102362204
0
LINE
8
BLACK
6
CONTINUOUS
10
3.7477719685039368
20
-3.7448931102362204
11
3.7468679527559052
21
-3.7448931102362204
0
LINE
8
BLACK
6
CONTINUOUS
10
3.7468679527559052
20
-3.7448931102362204
11
3.7462287795275588
21
-3.744253937007874
0
LINE
8
BLACK
6
CONTINUOUS
10
3.7462287795275588
20
-3.744253937007874
11
3.7461388582677166
21
-3.7438019291338582
0
LINE
8
BLACK
6
CONTINUOUS
10
3.7461388582677166
20
-3.7438019291338582
11
3.7461388582677166
21
-3.7404836220472442
0
LINE
8
BLACK
6
CONTINUOUS
10
3.7461388582677166
20
-3.7404836220472442
11
3.731571929133858
21
-3.7404836220472442
0
LINE
8
BLACK
6
CONTINUOUS
10
3.731571929133858
20
-3.7404836220472442
11
3.7311199212598423
21
-3.7403937007874015
0
LINE
8
BLACK
6
CONTINUOUS
10
3.7311199212598423
20
-3.7403937007874015
11
3.731033937007874
21
-3.7403077165354328
0
LINE
8
BLACK
6
CONTINUOUS
10
3.731033937007874
20
-3.7403077165354328
11
3.7309147637795275
21
-3.740283897637795
0
LINE
8
BLACK
6
CONTINUOUS
10
3.7309147637795275
20
-3.740283897637795
11
3.7307239763779525
21
-3.7399977559055118
0
LINE
8
BLACK
6
CONTINUOUS
10
3.7307239763779525
20
-3.7399977559055118
11
3.7304807480314959
21
-3.7397545275590551
0
LINE
8
BLACK
6
CONTINUOUS
10
3.7304807480314959
20
-3.7397545275590551
11
3.7304807480314959
21
-3.7396329133858268
0
LINE
8
BLACK
6
CONTINUOUS
10
3.7304807480314959
20
-3.7396329133858268
11
3.7304132677165351
21
-3.7395317322834645
0
LINE
8
BLACK
6
CONTINUOUS
10
3.7304132677165351
20
-3.7395317322834645
11
3.7304807480314959
21
-3.7391943307086613
0
LINE
8
BLACK
6
CONTINUOUS
10
3.7304807480314959
20
-3.7391943307086613
11
3.7304807480314959
21
-3.7388505118110236
0
LINE
8
BLACK
6
CONTINUOUS
10
3.7304807480314959
20
-3.7388505118110236
11
3.7305666929133858
21
-3.7387645275590549
0
LINE
8
BLACK
6
CONTINUOUS
10
3.7305666929133858
20
-3.7387645275590549
11
3.7305905511811024
21
-3.7386453543307088
0
LINE
8
BLACK
6
CONTINUOUS
10
3.7305905511811024
20
-3.7386453543307088
11
3.7309167716535434
21
-3.7383198031496061
0
LINE
8
BLACK
6
CONTINUOUS
10
3.7309167716535434
20
-3.7383198031496061
11
3.7330692519685038
21
-3.7368847244094487
0
LINE
8
BLACK
6
CONTINUOUS
10
3.7330692519685038
20
-3.7368847244094487
11
3.7343507480314959
21
-3.7356032283464566
0
LINE
8
BLACK
6
CONTINUOUS
10
3.7343507480314959
20
-3.7356032283464566
11
3.735014960629921
21
-3.7342748425196848
0
LINE
8
BLACK
6
CONTINUOUS
10
3.735014960629921
20
-3.7342748425196848
11
3.7352975590551178
21
-3.7339107874015749
0
LINE
8
BLACK
6
CONTINUOUS
10
3.7352975590551178
20
-3.7339107874015749
11
3.7361550787401572
21
-3.7336249212598425
0
LINE
8
BLACK
6
CONTINUOUS
10
3.7361550787401572
20
-3.7336249212598425
11
3.7369636614173229
21
-3.7340292519685039
0
LINE
8
BLACK
6
CONTINUOUS
10
3.7477719685039368
20
-3.7187137795275591
11
3.7484111417322832
21
-3.7193529527559055
0
LINE
8
BLACK
6
CONTINUOUS
10
3.7484111417322832
20
-3.7193529527559055
11
3.7484111417322832
21
-3.7202569685039371
0
LINE
8
BLACK
6
CONTINUOUS
10
3.7484111417322832
20
-3.7202569685039371
11
3.7477719685039368
21
-3.7208961417322834
0
LINE
8
BLACK
6
CONTINUOUS
10
3.7477719685039368
20
-3.7208961417322834
11
3.747319960629921
21
-3.7209860629921261
0
LINE
8
BLACK
6
CONTINUOUS
10
3.747319960629921
20
-3.7209860629921261
11
3.7410020078740156
21
-3.7209860629921261
0
LINE
8
BLACK
6
CONTINUOUS
10
3.7410020078740156
20
-3.7209860629921261
11
3.7410020078740156
21
-3.7229395275590549
0
LINE
8
BLACK
6
CONTINUOUS
10
3.7410020078740156
20
-3.7229395275590549
11
3.747997244094488
21
-3.7278362204724407
0
LINE
8
BLACK
6
CONTINUOUS
10
3.747997244094488
20
-3.7278362204724407
11
3.7483159842519682
21
-3.7281690944881887
0
LINE
8
BLACK
6
CONTINUOUS
10
3.7483159842519682
20
-3.7281690944881887
11
3.7484730708661416
21
-3.7290592519685037
0
LINE
8
BLACK
6
CONTINUOUS
10
3.7484730708661416
20
-3.7290592519685037
11
3.7479546850393701
21
-3.729799842519685
0
LINE
8
BLACK
6
CONTINUOUS
10
3.7479546850393701
20
-3.729799842519685
11
3.7470644881889763
21
-3.7299569291338583
0
LINE
8
BLACK
6
CONTINUOUS
10
3.7470644881889763
20
-3.7299569291338583
11
3.7466426377952753
21
-3.7297714173228345
0
LINE
8
BLACK
6
CONTINUOUS
10
3.7466426377952753
20
-3.7297714173228345
11
3.7409987007874017
21
-3.7258206692913385
0
LINE
8
BLACK
6
CONTINUOUS
10
3.7409987007874017
20
-3.7258206692913385
11
3.7409904724409446
21
-3.7258621653543305
0
LINE
8
BLACK
6
CONTINUOUS
10
3.7409904724409446
20
-3.7258621653543305
11
3.74099905511811
21
-3.7258879133858267
0
LINE
8
BLACK
6
CONTINUOUS
10
3.74099905511811
20
-3.7258879133858267
11
3.7409489763779527
21
-3.7260707086614171
0
LINE
8
BLACK
6
CONTINUOUS
10
3.7409489763779527
20
-3.7260707086614171
11
3.740912086614173
21
-3.726256220472441
0
LINE
8
BLACK
6
CONTINUOUS
10
3.740912086614173
20
-3.726256220472441
11
3.7408929133858266
21
-3.7262753543307086
0
LINE
8
BLACK
6
CONTINUOUS
10
3.7408929133858266
20
-3.7262753543307086
11
3.7408773228346455
21
-3.7263324015748029
0
LINE
8
BLACK
6
CONTINUOUS
10
3.7408773228346455
20
-3.7263324015748029
11
3.7401274015748029
21
-3.727832244094488
0
LINE
8
BLACK
6
CONTINUOUS
10
3.7401274015748029
20
-3.727832244094488
11
3.7400114173228345
21
-3.727981614173228
0
LINE
8
BLACK
6
CONTINUOUS
10
3.7400114173228345
20
-3.727981614173228
11
3.7399061811023619
21
-3.7281391732283464
0
LINE
8
BLACK
6
CONTINUOUS
10
3.7399061811023619
20
-3.7281391732283464
11
3.7391562598425194
21
-3.7288890551181102
0
LINE
8
BLACK
6
CONTINUOUS
10
3.7391562598425194
20
-3.7288890551181102
11
3.7389990551181103
21
-3.7289940551181102
0
LINE
8
BLACK
6
CONTINUOUS
10
3.7389990551181103
20
-3.7289940551181102
11
3.7388493307086614
21
-3.7291103149606299
0
LINE
8
BLACK
6
CONTINUOUS
10
3.7388493307086614
20
-3.7291103149606299
11
3.7373494488188976
21
-3.7298602362204725
0
LINE
8
BLACK
6
CONTINUOUS
10
3.7373494488188976
20
-3.7298602362204725
11
3.7372924015748032
21
-3.7298758267716536
0
LINE
8
BLACK
6
CONTINUOUS
10
3.7372924015748032
20
-3.7298758267716536
11
3.7372732677165352
21
-3.729895
0
LINE
8
BLACK
6
CONTINUOUS
10
3.7372732677165352
20
-3.729895
11
3.7370874409448818
21
-3.7299319291338584
0
LINE
8
BLACK
6
CONTINUOUS
10
3.7370874409448818
20
-3.7299319291338584
11
3.7369049606299214
21
-3.7299819291338583
0
LINE
8
BLACK
6
CONTINUOUS
10
3.7369049606299214
20
-3.7299819291338583
11
3.7368792913385827
21
-3.7299733464566929
0
LINE
8
BLACK
6
CONTINUOUS
10
3.7368792913385827
20
-3.7299733464566929
11
3.7368212598425194
21
-3.7299849212598426
0
LINE
8
BLACK
6
CONTINUOUS
10
3.7368212598425194
20
-3.7299849212598426
11
3.7345715748031494
21
-3.7299849212598426
0
LINE
8
BLACK
6
CONTINUOUS
10
3.7345715748031494
20
-3.7299849212598426
11
3.7345135826771654
21
-3.7299733858267716
0
LINE
8
BLACK
6
CONTINUOUS
10
3.7345135826771654
20
-3.7299733858267716
11
3.7344878740157479
21
-3.729981968503937
0
LINE
8
BLACK
6
CONTINUOUS
10
3.7344878740157479
20
-3.729981968503937
11
3.7343050393700787
21
-3.7299318897637797
0
LINE
8
BLACK
6
CONTINUOUS
10
3.7343050393700787
20
-3.7299318897637797
11
3.7341195669291336
21
-3.729895
0
LINE
8
BLACK
6
CONTINUOUS
10
3.7341195669291336
20
-3.729895
11
3.7341003937007873
21
-3.7298758267716536
0
LINE
8
BLACK
6
CONTINUOUS
10
3.7341003937007873
20
-3.7298758267716536
11
3.7340433858267716
21
-3.7298602362204725
0
LINE
8
BLACK
6
CONTINUOUS
10
3.7340433858267716
20
-3.7298602362204725
11
3.7325435433070866
21
-3.7291103149606299
0
LINE
8
BLACK
6
CONTINUOUS
10
3.7325435433070866
20
-3.7291103149606299
11
3.7323942913385828
21
-3.7289944488188977
0
LINE
8
BLACK
6
CONTINUOUS
10
3.7323942913385828
20
-3.7289944488188977
11
3.7322365748031494
21
-3.7288890944881889
0
LINE
8
BLACK
6
CONTINUOUS
10
3.7322365748031494
20
-3.7288890944881889
11
3.7314866929133856
21
-3.7281391732283464
0
LINE
8
BLACK
6
CONTINUOUS
10
3.7314866929133856
20
-3.7281391732283464
11
3.7313816535433069
21
-3.7279819685039368
0
LINE
8
BLACK
6
CONTINUOUS
10
3.7313816535433069
20
-3.7279819685039368
11
3.7312654330708659
21
-3.727832244094488
0
LINE
8
BLACK
6
CONTINUOUS
10
3.7312654330708659
20
-3.727832244094488
11
3.7305155118110234
21
-3.7263324409448817
0
LINE
8
BLACK
6
CONTINUOUS
10
3.7305155118110234
20
-3.7263324409448817
11
3.7304998818897639
21
-3.7262753543307086
0
LINE
8
BLACK
6
CONTINUOUS
10
3.7304998818897639
20
-3.7262753543307086
11
3.7304807480314959
21
-3.726256220472441
0
LINE
8
BLACK
6
CONTINUOUS
10
3.7304807480314959
20
-3.726256220472441
11
3.7304437795275591
21
-3.7260704330708663
0
LINE
8
BLACK
6
CONTINUOUS
10
3.7304437795275591
20
-3.7260704330708663
11
3.7303938188976375
21
-3.7258879133858267
0
LINE
8
BLACK
6
CONTINUOUS
10
3.7303938188976375
20
-3.7258879133858267
11
3.7304023622047242
21
-3.725862244094488
0
LINE
8
BLACK
6
CONTINUOUS
10
3.7304023622047242
20
-3.725862244094488
11
3.7303908267716537
21
-3.7258042125984252
0
LINE
8
BLACK
6
CONTINUOUS
10
3.7303908267716537
20
-3.7258042125984252
11
3.7303908267716537
21
-3.7198049606299213
0
LINE
8
BLACK
6
CONTINUOUS
10
3.7303908267716537
20
-3.7198049606299213
11
3.7304807480314959
21
-3.7193529527559055
0
LINE
8
BLACK
6
CONTINUOUS
10
3.7304807480314959
20
-3.7193529527559055
11
3.7311199212598423
21
-3.7187137795275591
0
LINE
8
BLACK
6
CONTINUOUS
10
3.7311199212598423
20
-3.7187137795275591
11
3.731571929133858
21
-3.7186238582677165
0
LINE
8
BLACK
6
CONTINUOUS
10
3.731571929133858
20
-3.7186238582677165
11
3.747319960629921
21
-3.7186238582677165
0
LINE
8
BLACK
6
CONTINUOUS
10
3.747319960629921
20
-3.7186238582677165
11
3.7477719685039368
21
-3.7187137795275591
0
LINE
8
BLACK
6
CONTINUOUS
10
3.7327530314960629
20
-3.7255253543307085
11
3.7332925196850395
21
-3.7266043700787401
0
LINE
8
BLACK
6
CONTINUOUS
10
3.7332925196850395
20
-3.7266043700787401
11
3.7337713779527557
21
-3.727083188976378
0
LINE
8
BLACK
6
CONTINUOUS
10
3.7337713779527557
20
-3.727083188976378
11
3.7348504330708661
21
-3.727622716535433
0
LINE
8
BLACK
6
CONTINUOUS
10
3.7348504330708661
20
-3.727622716535433
11
3.736542440944882
21
-3.727622716535433
0
LINE
8
BLACK
6
CONTINUOUS
10
3.736542440944882
20
-3.727622716535433
11
3.7376214566929131
21
-3.727083188976378
0
LINE
8
BLACK
6
CONTINUOUS
10
3.7376214566929131
20
-3.727083188976378
11
3.7381002362204723
21
-3.7266043700787401
0
LINE
8
BLACK
6
CONTINUOUS
10
3.7381002362204723
20
-3.7266043700787401
11
3.7386398031496064
21
-3.7255253149606298
0
LINE
8
BLACK
6
CONTINUOUS
10
3.7386398031496064
20
-3.7255253149606298
11
3.7386398031496064
21
-3.7209860629921261
0
LINE
8
BLACK
6
CONTINUOUS
10
3.7386398031496064
20
-3.7209860629921261
11
3.7327530314960629
21
-3.7209860629921261
0
LINE
8
BLACK
6
CONTINUOUS
10
3.7327530314960629
20
-3.7209860629921261
11
3.7327530314960629
21
-3.7255253543307085
0
LINE
8
BLACK
6
CONTINUOUS
10
3.7571509448818898
20
-3.7056128346456694
11
3.7582162992125983
21
-3.7066781889763778
0
LINE
8
BLACK
6
CONTINUOUS
10
3.7582162992125983
20
-3.7066781889763778
11
3.7583661417322833
21
-3.7074314960629922
0
LINE
8
BLACK
6
CONTINUOUS
10
3.7583661417322833
20
-3.7074314960629922
11
3.7583661417322833
21
-3.770423622047244
0
LINE
8
BLACK
6
CONTINUOUS
10
3.7583661417322833
20
-3.770423622047244
11
3.7582162992125983
21
-3.7711769291338584
0
LINE
8
BLACK
6
CONTINUOUS
10
3.7582162992125983
20
-3.7711769291338584
11
3.7571509448818898
21
-3.7722422834645668
0
LINE
8
BLACK
6
CONTINUOUS
10
3.7571509448818898
20
-3.7722422834645668
11
3.7563976377952755
21
-3.7723921259842519
0
LINE
8
BLACK
6
CONTINUOUS
10
3.7563976377952755
20
-3.7723921259842519
11
3.7239173228346454
21
-3.7723921259842519
0
LINE
8
BLACK
6
CONTINUOUS
10
3.7239173228346454
20
-3.7723921259842519
11
3.7231640157480315
21
-3.7722422834645668
0
LINE
8
BLACK
6
CONTINUOUS
10
3.7231640157480315
20
-3.7722422834645668
11
3.7220986614173226
21
-3.7711769291338584
0
LINE
8
BLACK
6
CONTINUOUS
10
3.7220986614173226
20
-3.7711769291338584
11
3.7219488188976375
21
-3.770423622047244
0
LINE
8
BLACK
6
CONTINUOUS
10
3.7219488188976375
20
-3.770423622047244
11
3.7219488188976375
21
-3.7074314960629922
0
LINE
8
BLACK
6
CONTINUOUS
10
3.7219488188976375
20
-3.7074314960629922
11
3.7220986614173226
21
-3.7066781889763778
0
LINE
8
BLACK
6
CONTINUOUS
10
3.7220986614173226
20
-3.7066781889763778
11
3.7231640157480315
21
-3.7056128346456694
0
LINE
8
BLACK
6
CONTINUOUS
10
3.7231640157480315
20
-3.7056128346456694
11
3.7239173228346454
21
-3.7054629921259843
0
LINE
8
BLACK
6
CONTINUOUS
10
3.7239173228346454
20
-3.7054629921259843
11
3.7563976377952755
21
-3.7054629921259843
0
LINE
8
BLACK
6
CONTINUOUS
10
3.7563976377952755
20
-3.7054629921259843
11
3.7571509448818898
21
-3.7056128346456694
0
LINE
8
BLACK
6
CONTINUOUS
10
3.7258858267716533
20
-3.7094
11
3.7258858267716533
21
-3.7684551181102361
0
LINE
8
BLACK
6
CONTINUOUS
10
3.7258858267716533
20
-3.7684551181102361
11
3.7544291338582676
21
-3.7684551181102361
0
LINE
8
BLACK
6
CONTINUOUS
10
3.7544291338582676
20
-3.7684551181102361
11
3.7544291338582676
21
-3.7094
0
LINE
8
BLACK
6
CONTINUOUS
10
3.7544291338582676
20
-3.7094
11
3.7258858267716533
21
-3.7094
0
LINE
8
BLACK
6
CONTINUOUS
10
3.5379568503937007
20
-3.6651734645669292
11
3.5379568503937007
21
-3.6651735039370079
0
LINE
8
BLACK
6
CONTINUOUS
10
3.5379568503937007
20
-3.6651735039370079
11
3.5380767322834643
21
-3.6657761417322834
0
LINE
8
BLACK
6
CONTINUOUS
10
3.5380767322834643
20
-3.6657761417322834
11
3.5380767322834643
21
-3.6779621259842519
0
LINE
8
BLACK
6
CONTINUOUS
10
3.5380767322834643
20
-3.6779621259842519
11
3.5379568503937007
21
-3.6785647637795273
0
LINE
8
BLACK
6
CONTINUOUS
10
3.5379568503937007
20
-3.6785647637795273
11
3.5371045669291337
21
-3.6794170472440944
0
LINE
8
BLACK
6
CONTINUOUS
10
3.5371045669291337
20
-3.6794170472440944
11
3.5358992913385827
21
-3.6794170472440944
0
LINE
8
BLACK
6
CONTINUOUS
10
3.5358992913385827
20
-3.6794170472440944
11
3.5350470078740157
21
-3.6785647637795273
0
LINE
8
BLACK
6
CONTINUOUS
10
3.5350470078740157
20
-3.6785647637795273
11
3.5349271259842521
21
-3.6779621259842519
0
LINE
8
BLACK
6
CONTINUOUS
10
3.5349271259842521
20
-3.6779621259842519
11
3.5349271259842521
21
-3.6695780314960631
0
LINE
8
BLACK
6
CONTINUOUS
10
3.5349271259842521
20
-3.6695780314960631
11
3.5263668897637794
21
-3.6781382677165353
0
LINE
8
BLACK
6
CONTINUOUS
10
3.5263668897637794
20
-3.6781382677165353
11
3.5263012992125984
21
-3.6781820472440945
0
LINE
8
BLACK
6
CONTINUOUS
10
3.5263012992125984
20
-3.6781820472440945
11
3.5262851574803147
21
-3.6782144094488189
0
LINE
8
BLACK
6
CONTINUOUS
10
3.5262851574803147
20
-3.6782144094488189
11
3.5260657874015746
21
-3.6783394094488187
0
LINE
8
BLACK
6
CONTINUOUS
10
3.5260657874015746
20
-3.6783394094488187
11
3.5258559842519683
21
-3.6784796456692912
0
LINE
8
BLACK
6
CONTINUOUS
10
3.5258559842519683
20
-3.6784796456692912
11
3.5258198425196849
21
-3.6784796456692912
0
LINE
8
BLACK
6
CONTINUOUS
10
3.5258198425196849
20
-3.6784796456692912
11
3.5257513385826771
21
-3.6785187007874014
0
LINE
8
BLACK
6
CONTINUOUS
10
3.5257513385826771
20
-3.6785187007874014
11
3.5229391732283464
21
-3.6794561023622046
0
LINE
8
BLACK
6
CONTINUOUS
10
3.5229391732283464
20
-3.6794561023622046
11
3.5226888582677165
21
-3.6794876377952757
0
LINE
8
BLACK
6
CONTINUOUS
10
3.5226888582677165
20
-3.6794876377952757
11
3.5224411811023622
21
-3.679536929133858
0
LINE
8
BLACK
6
CONTINUOUS
10
3.5224411811023622
20
-3.679536929133858
11
3.5205664173228346
21
-3.679536929133858
0
LINE
8
BLACK
6
CONTINUOUS
10
3.5205664173228346
20
-3.679536929133858
11
3.5204890157480313
21
-3.6795214960629918
0
LINE
8
BLACK
6
CONTINUOUS
10
3.5204890157480313
20
-3.6795214960629918
11
3.5204547637795276
21
-3.6795329527559053
0
LINE
8
BLACK
6
CONTINUOUS
10
3.5204547637795276
20
-3.6795329527559053
11
3.5202112992125985
21
-3.6794662598425196
0
LINE
8
BLACK
6
CONTINUOUS
10
3.5202112992125985
20
-3.6794662598425196
11
3.5199637795275591
21
-3.6794170472440944
0
LINE
8
BLACK
6
CONTINUOUS
10
3.5199637795275591
20
-3.6794170472440944
11
3.5199382283464566
21
-3.6793914960629919
0
LINE
8
BLACK
6
CONTINUOUS
10
3.5199382283464566
20
-3.6793914960629919
11
3.5198621259842517
21
-3.6793706692913384
0
LINE
8
BLACK
6
CONTINUOUS
10
3.5198621259842517
20
-3.6793706692913384
11
3.5179873622047242
21
-3.6784332677165352
0
LINE
8
BLACK
6
CONTINUOUS
10
3.5179873622047242
20
-3.6784332677165352
11
3.5177877559055117
21
-3.6782783464566928
0
LINE
8
BLACK
6
CONTINUOUS
10
3.5177877559055117
20
-3.6782783464566928
11
3.5175781102362205
21
-3.6781382677165353
0
LINE
8
BLACK
6
CONTINUOUS
10
3.5175781102362205
20
-3.6781382677165353
11
3.5166407480314961
21
-3.6772009055118109
0
LINE
8
BLACK
6
CONTINUOUS
10
3.5166407480314961
20
-3.6772009055118109
11
3.5165006299212598
21
-3.6769912204724409
0
LINE
8
BLACK
6
CONTINUOUS
10
3.5165006299212598
20
-3.6769912204724409
11
3.5163457480314961
21
-3.6767916535433072
0
LINE
8
BLACK
6
CONTINUOUS
10
3.5163457480314961
20
-3.6767916535433072
11
3.515408346456693
21
-3.6749168897637796
0
LINE
8
BLACK
6
CONTINUOUS
10
3.515408346456693
20
-3.6749168897637796
11
3.5153874803149607
21
-3.674840748031496
0
LINE
8
BLACK
6
CONTINUOUS
10
3.5153874803149607
20
-3.674840748031496
11
3.515361968503937
21
-3.6748152362204722
0
LINE
8
BLACK
6
CONTINUOUS
10
3.515361968503937
20
-3.6748152362204722
11
3.515312716535433
21
-3.6745676771653542
0
LINE
8
BLACK
6
CONTINUOUS
10
3.515312716535433
20
-3.6745676771653542
11
3.5152460629921261
21
-3.6743242519685038
0
LINE
8
BLACK
6
CONTINUOUS
10
3.5152460629921261
20
-3.6743242519685038
11
3.5152574803149608
21
-3.6742899606299213
0
LINE
8
BLACK
6
CONTINUOUS
10
3.5152574803149608
20
-3.6742899606299213
11
3.5152420866141734
21
-3.6742125984251968
0
LINE
8
BLACK
6
CONTINUOUS
10
3.5152420866141734
20
-3.6742125984251968
11
3.5152420866141734
21
-3.6695256692913385
0
LINE
8
BLACK
6
CONTINUOUS
10
3.5152420866141734
20
-3.6695256692913385
11
3.5152574803149608
21
-3.6694482677165352
0
LINE
8
BLACK
6
CONTINUOUS
10
3.5152574803149608
20
-3.6694482677165352
11
3.5152460629921261
21
-3.6694140157480315
0
LINE
8
BLACK
6
CONTINUOUS
10
3.5152460629921261
20
-3.6694140157480315
11
3.515312716535433
21
-3.6691705511811024
0
LINE
8
BLACK
6
CONTINUOUS
10
3.515312716535433
20
-3.6691705511811024
11
3.515361968503937
21
-3.668923031496063
0
LINE
8
BLACK
6
CONTINUOUS
10
3.515361968503937
20
-3.668923031496063
11
3.5153874803149607
21
-3.6688974803149605
0
LINE
8
BLACK
6
CONTINUOUS
10
3.5153874803149607
20
-3.6688974803149605
11
3.515408346456693
21
-3.6688213779527556
0
LINE
8
BLACK
6
CONTINUOUS
10
3.515408346456693
20
-3.6688213779527556
11
3.5163457480314961
21
-3.6669466141732281
0
LINE
8
BLACK
6
CONTINUOUS
10
3.5163457480314961
20
-3.6669466141732281
11
3.5165006299212598
21
-3.6667470078740156
0
LINE
8
BLACK
6
CONTINUOUS
10
3.5165006299212598
20
-3.6667470078740156
11
3.5166407480314961
21
-3.6665373622047244
0
LINE
8
BLACK
6
CONTINUOUS
10
3.5166407480314961
20
-3.6665373622047244
11
3.5175781102362205
21
-3.6656
0
LINE
8
BLACK
6
CONTINUOUS
10
3.5175781102362205
20
-3.6656
11
3.5180890157480316
21
-3.6652586220472441
0
LINE
8
BLACK
6
CONTINUOUS
10
3.5180890157480316
20
-3.6652586220472441
11
3.5192942913385825
21
-3.6652586220472441
0
LINE
8
BLACK
6
CONTINUOUS
10
3.5192942913385825
20
-3.6652586220472441
11
3.5201465748031495
21
-3.6661109055118111
0
LINE
8
BLACK
6
CONTINUOUS
10
3.5201465748031495
20
-3.6661109055118111
11
3.5201465748031495
21
-3.667316181102362
0
LINE
8
BLACK
6
CONTINUOUS
10
3.5201465748031495
20
-3.667316181102362
11
3.5198051968503936
21
-3.6678270866141731
0
LINE
8
BLACK
6
CONTINUOUS
10
3.5198051968503936
20
-3.6678270866141731
11
3.5190485433070866
21
-3.6685837007874014
0
LINE
8
BLACK
6
CONTINUOUS
10
3.5190485433070866
20
-3.6685837007874014
11
3.5183916929133856
21
-3.6698974409448817
0
LINE
8
BLACK
6
CONTINUOUS
10
3.5183916929133856
20
-3.6698974409448817
11
3.5183916929133856
21
-3.6738407874015748
0
LINE
8
BLACK
6
CONTINUOUS
10
3.5183916929133856
20
-3.6738407874015748
11
3.5190485433070866
21
-3.6751545275590551
0
LINE
8
BLACK
6
CONTINUOUS
10
3.5190485433070866
20
-3.6751545275590551
11
3.5196244488188975
21
-3.675730433070866
0
LINE
8
BLACK
6
CONTINUOUS
10
3.5196244488188975
20
-3.675730433070866
11
3.5209381889763778
21
-3.6763873228346458
0
LINE
8
BLACK
6
CONTINUOUS
10
3.5209381889763778
20
-3.6763873228346458
11
3.5221856692913387
21
-3.6763873228346458
0
LINE
8
BLACK
6
CONTINUOUS
10
3.5221856692913387
20
-3.6763873228346458
11
3.5244026377952755
21
-3.6756483070866142
0
LINE
8
BLACK
6
CONTINUOUS
10
3.5244026377952755
20
-3.6756483070866142
11
3.5353883858267716
21
-3.6646625590551181
0
LINE
8
BLACK
6
CONTINUOUS
10
3.5353883858267716
20
-3.6646625590551181
11
3.5358992913385827
21
-3.6643212204724409
0
LINE
8
BLACK
6
CONTINUOUS
10
3.5358992913385827
20
-3.6643212204724409
11
3.5371046062992124
21
-3.6643212204724409
0
LINE
8
BLACK
6
CONTINUOUS
10
3.5371046062992124
20
-3.6643212204724409
11
3.5379568503937007
21
-3.6651734645669292
0
LINE
8
BLACK
6
CONTINUOUS
10
3.5371045669291337
20
-3.6502604724409449
11
3.5379568503937007
21
-3.6511127559055119
0
LINE
8
BLACK
6
CONTINUOUS
10
3.5379568503937007
20
-3.6511127559055119
11
3.5380767322834643
21
-3.6517153937007873
0
LINE
8
BLACK
6
CONTINUOUS
10
3.5380767322834643
20
-3.6517153937007873
11
3.5380767322834643
21
-3.6610892125984251
0
LINE
8
BLACK
6
CONTINUOUS
10
3.5380767322834643
20
-3.6610892125984251
11
3.5379568503937007
21
-3.6616918503937006
0
LINE
8
BLACK
6
CONTINUOUS
10
3.5379568503937007
20
-3.6616918503937006
11
3.5371045669291337
21
-3.6625441338582676
0
LINE
8
BLACK
6
CONTINUOUS
10
3.5371045669291337
20
-3.6625441338582676
11
3.5358992913385827
21
-3.6625441338582676
0
LINE
8
BLACK
6
CONTINUOUS
10
3.5358992913385827
20
-3.6625441338582676
11
3.5350470078740157
21
-3.6616918503937006
0
LINE
8
BLACK
6
CONTINUOUS
10
3.5350470078740157
20
-3.6616918503937006
11
3.5349271259842521
21
-3.6610892125984251
0
LINE
8
BLACK
6
CONTINUOUS
10
3.5349271259842521
20
-3.6610892125984251
11
3.5349271259842521
21
-3.6532901968503935
0
LINE
8
BLACK
6
CONTINUOUS
10
3.5349271259842521
20
-3.6532901968503935
11
3.5168168897637795
21
-3.6532901968503935
0
LINE
8
BLACK
6
CONTINUOUS
10
3.5168168897637795
20
-3.6532901968503935
11
3.516214251968504
21
-3.6531703149606298
0
LINE
8
BLACK
6
CONTINUOUS
10
3.516214251968504
20
-3.6531703149606298
11
3.515361968503937
21
-3.6523180314960628
0
LINE
8
BLACK
6
CONTINUOUS
10
3.515361968503937
20
-3.6523180314960628
11
3.515361968503937
21
-3.6511127559055119
0
LINE
8
BLACK
6
CONTINUOUS
10
3.515361968503937
20
-3.6511127559055119
11
3.516214251968504
21
-3.6502604724409449
0
LINE
8
BLACK
6
CONTINUOUS
10
3.516214251968504
20
-3.6502604724409449
11
3.5168168897637795
21
-3.6501405905511812
0
LINE
8
BLACK
6
CONTINUOUS
10
3.5168168897637795
20
-3.6501405905511812
11
3.5365019291338582
21
-3.6501405905511812
0
LINE
8
BLACK
6
CONTINUOUS
10
3.5365019291338582
20
-3.6501405905511812
11
3.5371045669291337
21
-3.6502604724409449
0
LINE
8
BLACK
6
CONTINUOUS
10
3.551934409448819
20
-3.6231813385826772
11
3.5529997637795274
21
-3.6242466929133856
0
LINE
8
BLACK
6
CONTINUOUS
10
3.5529997637795274
20
-3.6242466929133856
11
3.5531496062992125
21
-3.625
0
LINE
8
BLACK
6
CONTINUOUS
10
3.5531496062992125
20
-3.625
11
3.5531496062992125
21
-3.7037401574803148
0
LINE
8
BLACK
6
CONTINUOUS
10
3.5531496062992125
20
-3.7037401574803148
11
3.5529997637795274
21
-3.7044934645669292
0
LINE
8
BLACK
6
CONTINUOUS
10
3.5529997637795274
20
-3.7044934645669292
11
3.551934409448819
21
-3.7055588188976376
0
LINE
8
BLACK
6
CONTINUOUS
10
3.551934409448819
20
-3.7055588188976376
11
3.5511811023622046
21
-3.7057086614173227
0
LINE
8
BLACK
6
CONTINUOUS
10
3.5511811023622046
20
-3.7057086614173227
11
3.5039370078740157
21
-3.7057086614173227
0
LINE
8
BLACK
6
CONTINUOUS
10
3.5039370078740157
20
-3.7057086614173227
11
3.5031837007874014
21
-3.7055588188976376
0
LINE
8
BLACK
6
CONTINUOUS
10
3.5031837007874014
20
-3.7055588188976376
11
3.502118346456693
21
-3.7044934645669292
0
LINE
8
BLACK
6
CONTINUOUS
10
3.502118346456693
20
-3.7044934645669292
11
3.5019685039370079
21
-3.7037401574803148
0
LINE
8
BLACK
6
CONTINUOUS
10
3.5019685039370079
20
-3.7037401574803148
11
3.5019685039370079
21
-3.625
0
LINE
8
BLACK
6
CONTINUOUS
10
3.5019685039370079
20
-3.625
11
3.502118346456693
21
-3.6242466929133856
0
LINE
8
BLACK
6
CONTINUOUS
10
3.502118346456693
20
-3.6242466929133856
11
3.5031837007874014
21
-3.6231813385826772
0
LINE
8
BLACK
6
CONTINUOUS
10
3.5031837007874014
20
-3.6231813385826772
11
3.5039370078740157
21
-3.6230314960629921
0
LINE
8
BLACK
6
CONTINUOUS
10
3.5039370078740157
20
-3.6230314960629921
11
3.5511811023622046
21
-3.6230314960629921
0
LINE
8
BLACK
6
CONTINUOUS
10
3.5511811023622046
20
-3.6230314960629921
11
3.551934409448819
21
-3.6231813385826772
0
LINE
8
BLACK
6
CONTINUOUS
10
3.5059055118110236
20
-3.6269685039370079
11
3.5059055118110236
21
-3.701771653543307
0
LINE
8
BLACK
6
CONTINUOUS
10
3.5059055118110236
20
-3.701771653543307
11
3.5492125984251968
21
-3.701771653543307
0
LINE
8
BLACK
6
CONTINUOUS
10
3.5492125984251968
20
-3.701771653543307
11
3.5492125984251968
21
-3.6269685039370079
0
LINE
8
BLACK
6
CONTINUOUS
10
3.5492125984251968
20
-3.6269685039370079
11
3.5059055118110236
21
-3.6269685039370079
0
LINE
8
BLACK
6
CONTINUOUS
10
3.761147716535433
20
-3.6071616929133858
11
3.7612922047244095
21
-3.6071687401574803
0
LINE
8
BLACK
6
CONTINUOUS
10
3.7612922047244095
20
-3.6071687401574803
11
3.7642918503937008
21
-3.6079186614173229
0
LINE
8
BLACK
6
CONTINUOUS
10
3.7642918503937008
20
-3.6079186614173229
11
3.7644087795275589
21
-3.6079738976377951
0
LINE
8
BLACK
6
CONTINUOUS
10
3.7644087795275589
20
-3.6079738976377951
11
3.7645335826771653
21
-3.6080080708661417
0
LINE
8
BLACK
6
CONTINUOUS
10
3.7645335826771653
20
-3.6080080708661417
11
3.7660333858267716
21
-3.6087579527559055
0
LINE
8
BLACK
6
CONTINUOUS
10
3.7660333858267716
20
-3.6087579527559055
11
3.7661829921259842
21
-3.608874094488189
0
LINE
8
BLACK
6
CONTINUOUS
10
3.7661829921259842
20
-3.608874094488189
11
3.7663403543307088
21
-3.6089792125984252
0
LINE
8
BLACK
6
CONTINUOUS
10
3.7663403543307088
20
-3.6089792125984252
11
3.7670902755905509
21
-3.6097291338582678
0
LINE
8
BLACK
6
CONTINUOUS
10
3.7670902755905509
20
-3.6097291338582678
11
3.7671953937007872
21
-3.6098864566929132
0
LINE
8
BLACK
6
CONTINUOUS
10
3.7671953937007872
20
-3.6098864566929132
11
3.7673115354330706
21
-3.6100361023622045
0
LINE
8
BLACK
6
CONTINUOUS
10
3.7673115354330706
20
-3.6100361023622045
11
3.7680614173228344
21
-3.6115359055118108
0
LINE
8
BLACK
6
CONTINUOUS
10
3.7680614173228344
20
-3.6115359055118108
11
3.7680770078740156
21
-3.6115929133858269
0
LINE
8
BLACK
6
CONTINUOUS
10
3.7680770078740156
20
-3.6115929133858269
11
3.7680961811023623
21
-3.6116120866141732
0
LINE
8
BLACK
6
CONTINUOUS
10
3.7680961811023623
20
-3.6116120866141732
11
3.7681331102362203
21
-3.6117978740157479
0
LINE
8
BLACK
6
CONTINUOUS
10
3.7681331102362203
20
-3.6117978740157479
11
3.7681831102362202
21
-3.6119803937007875
0
LINE
8
BLACK
6
CONTINUOUS
10
3.7681831102362202
20
-3.6119803937007875
11
3.7681745275590552
21
-3.612006023622047
0
LINE
8
BLACK
6
CONTINUOUS
10
3.7681745275590552
20
-3.612006023622047
11
3.7681861023622045
21
-3.612064094488189
0
LINE
8
BLACK
6
CONTINUOUS
10
3.7681861023622045
20
-3.612064094488189
11
3.7681861023622045
21
-3.6135638976377953
0
LINE
8
BLACK
6
CONTINUOUS
10
3.7681861023622045
20
-3.6135638976377953
11
3.7681745275590552
21
-3.613621929133858
0
LINE
8
BLACK
6
CONTINUOUS
10
3.7681745275590552
20
-3.613621929133858
11
3.7681831102362202
21
-3.6136475984251968
0
LINE
8
BLACK
6
CONTINUOUS
10
3.7681831102362202
20
-3.6136475984251968
11
3.7681331102362203
21
-3.6138300787401576
0
LINE
8
BLACK
6
CONTINUOUS
10
3.7681331102362203
20
-3.6138300787401576
11
3.7680961811023623
21
-3.6140159055118111
0
LINE
8
BLACK
6
CONTINUOUS
10
3.7680961811023623
20
-3.6140159055118111
11
3.7680770078740156
21
-3.6140350393700786
0
LINE
8
BLACK
6
CONTINUOUS
10
3.7680770078740156
20
-3.6140350393700786
11
3.7680614173228344
21
-3.614092086614173
0
LINE
8
BLACK
6
CONTINUOUS
10
3.7680614173228344
20
-3.614092086614173
11
3.7673115354330706
21
-3.6155919291338581
0
LINE
8
BLACK
6
CONTINUOUS
10
3.7673115354330706
20
-3.6155919291338581
11
3.7671953937007872
21
-3.6157415354330706
0
LINE
8
BLACK
6
CONTINUOUS
10
3.7671953937007872
20
-3.6157415354330706
11
3.7670902362204726
21
-3.615898937007874
0
LINE
8
BLACK
6
CONTINUOUS
10
3.7670902362204726
20
-3.615898937007874
11
3.7663403543307088
21
-3.6166488188976378
0
LINE
8
BLACK
6
CONTINUOUS
10
3.7663403543307088
20
-3.6166488188976378
11
3.7661828740157479
21
-3.6167539763779528
0
LINE
8
BLACK
6
CONTINUOUS
10
3.7661828740157479
20
-3.6167539763779528
11
3.7660334251968504
21
-3.6168700393700788
0
LINE
8
BLACK
6
CONTINUOUS
10
3.7660334251968504
20
-3.6168700393700788
11
3.7645336220472441
21
-3.6176199606299213
0
LINE
8
BLACK
6
CONTINUOUS
10
3.7645336220472441
20
-3.6176199606299213
11
3.7644087401574802
21
-3.6176541338582675
0
LINE
8
BLACK
6
CONTINUOUS
10
3.7644087401574802
20
-3.6176541338582675
11
3.7642918503937008
21
-3.6177093700787402
0
LINE
8
BLACK
6
CONTINUOUS
10
3.7642918503937008
20
-3.6177093700787402
11
3.7612922047244095
21
-3.6184592519685039
0
LINE
8
BLACK
6
CONTINUOUS
10
3.7612922047244095
20
-3.6184592519685039
11
3.761147716535433
21
-3.6184662598425197
0
LINE
8
BLACK
6
CONTINUOUS
10
3.761147716535433
20
-3.6184662598425197
11
3.7610057480314958
21
-3.6184945275590552
0
LINE
8
BLACK
6
CONTINUOUS
10
3.7610057480314958
20
-3.6184945275590552
11
3.7572562204724407
21
-3.6184945275590552
0
LINE
8
BLACK
6
CONTINUOUS
10
3.7572562204724407
20
-3.6184945275590552
11
3.7571142125984252
21
-3.6184662598425197
0
LINE
8
BLACK
6
CONTINUOUS
10
3.7571142125984252
20
-3.6184662598425197
11
3.7569697637795274
21
-3.6184592519685039
0
LINE
8
BLACK
6
CONTINUOUS
10
3.7569697637795274
20
-3.6184592519685039
11
3.7539701574803148
21
-3.6177093700787402
0
LINE
8
BLACK
6
CONTINUOUS
10
3.7539701574803148
20
-3.6177093700787402
11
3.7538532677165355
21
-3.6176541338582675
0
LINE
8
BLACK
6
CONTINUOUS
10
3.7538532677165355
20
-3.6176541338582675
11
3.7537284251968503
21
-3.6176199606299213
0
LINE
8
BLACK
6
CONTINUOUS
10
3.7537284251968503
20
-3.6176199606299213
11
3.7522285826771653
21
-3.6168700393700788
0
LINE
8
BLACK
6
CONTINUOUS
10
3.7522285826771653
20
-3.6168700393700788
11
3.7520793307086615
21
-3.6167541732283466
0
LINE
8
BLACK
6
CONTINUOUS
10
3.7520793307086615
20
-3.6167541732283466
11
3.7519216141732281
21
-3.6166488188976378
0
LINE
8
BLACK
6
CONTINUOUS
10
3.7519216141732281
20
-3.6166488188976378
11
3.7511717322834643
21
-3.6158988976377953
0
LINE
8
BLACK
6
CONTINUOUS
10
3.7511717322834643
20
-3.6158988976377953
11
3.7510666929133856
21
-3.6157416929133857
0
LINE
8
BLACK
6
CONTINUOUS
10
3.7510666929133856
20
-3.6157416929133857
11
3.7509504724409446
21
-3.6155919685039368
0
LINE
8
BLACK
6
CONTINUOUS
10
3.7509504724409446
20
-3.6155919685039368
11
3.7502005511811021
21
-3.614092086614173
0
LINE
8
BLACK
6
CONTINUOUS
10
3.7502005511811021
20
-3.614092086614173
11
3.7501849212598426
21
-3.6140350393700786
0
LINE
8
BLACK
6
CONTINUOUS
10
3.7501849212598426
20
-3.6140350393700786
11
3.7501657874015746
21
-3.6140159055118111
0
LINE
8
BLACK
6
CONTINUOUS
10
3.7501657874015746
20
-3.6140159055118111
11
3.7501288188976378
21
-3.6138300787401576
0
LINE
8
BLACK
6
CONTINUOUS
10
3.7501288188976378
20
-3.6138300787401576
11
3.7500788582677163
21
-3.6136475984251968
0
LINE
8
BLACK
6
CONTINUOUS
10
3.7500788582677163
20
-3.6136475984251968
11
3.7500874015748029
21
-3.613621929133858
0
LINE
8
BLACK
6
CONTINUOUS
10
3.7500874015748029
20
-3.613621929133858
11
3.7500758661417324
21
-3.6135638976377953
0
LINE
8
BLACK
6
CONTINUOUS
10
3.7500758661417324
20
-3.6135638976377953
11
3.7500758661417324
21
-3.612064094488189
0
LINE
8
BLACK
6
CONTINUOUS
10
3.7500758661417324
20
-3.612064094488189
11
3.7500874015748029
21
-3.612006023622047
0
LINE
8
BLACK
6
CONTINUOUS
10
3.7500874015748029
20
-3.612006023622047
11
3.7500788582677163
21
-3.6119803937007875
0
LINE
8
BLACK
6
CONTINUOUS
10
3.7500788582677163
20
-3.6119803937007875
11
3.7501288188976378
21
-3.6117978346456692
0
LINE
8
BLACK
6
CONTINUOUS
10
3.7501288188976378
20
-3.6117978346456692
11
3.7501657874015746
21
-3.6116120866141732
0
LINE
8
BLACK
6
CONTINUOUS
10
3.7501657874015746
20
-3.6116120866141732
11
3.7501849212598426
21
-3.6115929133858269
0
LINE
8
BLACK
6
CONTINUOUS
10
3.7501849212598426
20
-3.6115929133858269
11
3.7502005511811021
21
-3.6115358661417321
0
LINE
8
BLACK
6
CONTINUOUS
10
3.7502005511811021
20
-3.6115358661417321
11
3.7509504724409446
21
-3.6100360629921258
0
LINE
8
BLACK
6
CONTINUOUS
10
3.7509504724409446
20
-3.6100360629921258
11
3.7510664960629923
21
-3.6098865748031495
0
LINE
8
BLACK
6
CONTINUOUS
10
3.7510664960629923
20
-3.6098865748031495
11
3.7511716929133856
21
-3.6097291338582678
0
LINE
8
BLACK
6
CONTINUOUS
10
3.7511716929133856
20
-3.6097291338582678
11
3.7519215748031494
21
-3.608979251968504
0
LINE
8
BLACK
6
CONTINUOUS
10
3.7519215748031494
20
-3.608979251968504
11
3.752078937007874
21
-3.6088740551181102
0
LINE
8
BLACK
6
CONTINUOUS
10
3.752078937007874
20
-3.6088740551181102
11
3.7522285826771653
21
-3.6087579527559055
0
LINE
8
BLACK
6
CONTINUOUS
10
3.7522285826771653
20
-3.6087579527559055
11
3.7537284251968503
21
-3.6080080708661417
0
LINE
8
BLACK
6
CONTINUOUS
10
3.7537284251968503
20
-3.6080080708661417
11
3.753853188976378
21
-3.6079738976377951
0
LINE
8
BLACK
6
CONTINUOUS
10
3.753853188976378
20
-3.6079738976377951
11
3.7539701574803148
21
-3.6079186614173229
0
LINE
8
BLACK
6
CONTINUOUS
10
3.7539701574803148
20
-3.6079186614173229
11
3.7569697637795274
21
-3.6071687401574803
0
LINE
8
BLACK
6
CONTINUOUS
10
3.7569697637795274
20
-3.6071687401574803
11
3.7571142125984252
21
-3.6071616929133858
0
LINE
8
BLACK
6
CONTINUOUS
10
3.7571142125984252
20
-3.6071616929133858
11
3.7572562204724407
21
-3.6071334645669291
0
LINE
8
BLACK
6
CONTINUOUS
10
3.7572562204724407
20
-3.6071334645669291
11
3.7610057480314958
21
-3.6071334645669291
0
LINE
8
BLACK
6
CONTINUOUS
10
3.7610057480314958
20
-3.6071334645669291
11
3.761147716535433
21
-3.6071616929133858
0
LINE
8
BLACK
6
CONTINUOUS
10
3.7546688582677166
20
-3.6101788582677163
11
3.7534564566929132
21
-3.6107850393700787
0
LINE
8
BLACK
6
CONTINUOUS
10
3.7534564566929132
20
-3.6107850393700787
11
3.7529775590551182
21
-3.6112639370078741
0
LINE
8
BLACK
6
CONTINUOUS
10
3.7529775590551182
20
-3.6112639370078741
11
3.7524380708661416
21
-3.6123429527559052
0
LINE
8
BLACK
6
CONTINUOUS
10
3.7524380708661416
20
-3.6123429527559052
11
3.7524380708661416
21
-3.6132850787401574
0
LINE
8
BLACK
6
CONTINUOUS
10
3.7524380708661416
20
-3.6132850787401574
11
3.7529775590551182
21
-3.614364094488189
0
LINE
8
BLACK
6
CONTINUOUS
10
3.7529775590551182
20
-3.614364094488189
11
3.7534564173228344
21
-3.6148429133858269
0
LINE
8
BLACK
6
CONTINUOUS
10
3.7534564173228344
20
-3.6148429133858269
11
3.7546689370078741
21
-3.6154491732283462
0
LINE
8
BLACK
6
CONTINUOUS
10
3.7546689370078741
20
-3.6154491732283462
11
3.7574015748031497
21
-3.6161323228346456
0
LINE
8
BLACK
6
CONTINUOUS
10
3.7574015748031497
20
-3.6161323228346456
11
3.7608603937007872
21
-3.6161323228346456
0
LINE
8
BLACK
6
CONTINUOUS
10
3.7608603937007872
20
-3.6161323228346456
11
3.7635930314960628
21
-3.6154491732283462
0
LINE
8
BLACK
6
CONTINUOUS
10
3.7635930314960628
20
-3.6154491732283462
11
3.7648055118110237
21
-3.6148429133858269
0
LINE
8
BLACK
6
CONTINUOUS
10
3.7648055118110237
20
-3.6148429133858269
11
3.7652844094488187
21
-3.6143640157480315
0
LINE
8
BLACK
6
CONTINUOUS
10
3.7652844094488187
20
-3.6143640157480315
11
3.7658238976377953
21
-3.6132850787401574
0
LINE
8
BLACK
6
CONTINUOUS
10
3.7658238976377953
20
-3.6132850787401574
11
3.7658238976377953
21
-3.6123428740157482
0
LINE
8
BLACK
6
CONTINUOUS
10
3.7658238976377953
20
-3.6123428740157482
11
3.76528437007874
21
-3.6112638582677166
0
LINE
8
BLACK
6
CONTINUOUS
10
3.76528437007874
20
-3.6112638582677166
11
3.7648055905511808
21
-3.6107850787401574
0
LINE
8
BLACK
6
CONTINUOUS
10
3.7648055905511808
20
-3.6107850787401574
11
3.7635931102362203
21
-3.6101788582677163
0
LINE
8
BLACK
6
CONTINUOUS
10
3.7635931102362203
20
-3.6101788582677163
11
3.7608603937007872
21
-3.6094956692913387
0
LINE
8
BLACK
6
CONTINUOUS
10
3.7608603937007872
20
-3.6094956692913387
11
3.7574015748031497
21
-3.6094956692913387
0
LINE
8
BLACK
6
CONTINUOUS
10
3.7574015748031497
20
-3.6094956692913387
11
3.7546688582677166
21
-3.6101788582677163
0
LINE
8
BLACK
6
CONTINUOUS
10
3.7523481496062989
20
-3.5921145275590551
11
3.7524380708661416
21
-3.5925665354330709
0
LINE
8
BLACK
6
CONTINUOUS
10
3.7524380708661416
20
-3.5925665354330709
11
3.7524380708661416
21
-3.5997124409448817
0
LINE
8
BLACK
6
CONTINUOUS
10
3.7524380708661416
20
-3.5997124409448817
11
3.7564784645669289
21
-3.5961771259842519
0
LINE
8
BLACK
6
CONTINUOUS
10
3.7564784645669289
20
-3.5961771259842519
11
3.7567694881889762
21
-3.5960094881889764
0
LINE
8
BLACK
6
CONTINUOUS
10
3.7567694881889762
20
-3.5960094881889764
11
3.7568042125984249
21
-3.5959748031496064
0
LINE
8
BLACK
6
CONTINUOUS
10
3.7568042125984249
20
-3.5959748031496064
11
3.7568297637795274
21
-3.5959748031496064
0
LINE
8
BLACK
6
CONTINUOUS
10
3.7568297637795274
20
-3.5959748031496064
11
3.7568778346456693
21
-3.5959471259842517
0
LINE
8
BLACK
6
CONTINUOUS
10
3.7568778346456693
20
-3.5959471259842517
11
3.7572930708661416
21
-3.5959748031496064
0
LINE
8
BLACK
6
CONTINUOUS
10
3.7572930708661416
20
-3.5959748031496064
11
3.7577082283464565
21
-3.5959748031496064
0
LINE
8
BLACK
6
CONTINUOUS
10
3.7577082283464565
20
-3.5959748031496064
11
3.7577378740157479
21
-3.5960044488188974
0
LINE
8
BLACK
6
CONTINUOUS
10
3.7577378740157479
20
-3.5960044488188974
11
3.7577797637795274
21
-3.5960072440944879
0
LINE
8
BLACK
6
CONTINUOUS
10
3.7577797637795274
20
-3.5960072440944879
11
3.7580534251968505
21
-3.59632
0
LINE
8
BLACK
6
CONTINUOUS
10
3.7580534251968505
20
-3.59632
11
3.7583474015748028
21
-3.5966139763779528
0
LINE
8
BLACK
6
CONTINUOUS
10
3.7583474015748028
20
-3.5966139763779528
11
3.758358188976378
21
-3.5966683070866141
0
LINE
8
BLACK
6
CONTINUOUS
10
3.758358188976378
20
-3.5966683070866141
11
3.7583750787401575
21
-3.5966875984251967
0
LINE
8
BLACK
6
CONTINUOUS
10
3.7583750787401575
20
-3.5966875984251967
11
3.7583717716535432
21
-3.596736653543307
0
LINE
8
BLACK
6
CONTINUOUS
10
3.7583717716535432
20
-3.596736653543307
11
3.7584373228346455
21
-3.5970659842519686
0
LINE
8
BLACK
6
CONTINUOUS
10
3.7584373228346455
20
-3.5970659842519686
11
3.7584373228346455
21
-3.5990368503937007
0
LINE
8
BLACK
6
CONTINUOUS
10
3.7584373228346455
20
-3.5990368503937007
11
3.7589768110236221
21
-3.6001158267716535
0
LINE
8
BLACK
6
CONTINUOUS
10
3.7589768110236221
20
-3.6001158267716535
11
3.7594557086614171
21
-3.6005947244094489
0
LINE
8
BLACK
6
CONTINUOUS
10
3.7594557086614171
20
-3.6005947244094489
11
3.7605346850393699
21
-3.6011342125984251
0
LINE
8
BLACK
6
CONTINUOUS
10
3.7605346850393699
20
-3.6011342125984251
11
3.7637265748031496
21
-3.6011342125984251
0
LINE
8
BLACK
6
CONTINUOUS
10
3.7637265748031496
20
-3.6011342125984251
11
3.7648055905511808
21
-3.6005946850393702
0
LINE
8
BLACK
6
CONTINUOUS
10
3.7648055905511808
20
-3.6005946850393702
11
3.76528437007874
21
-3.600115905511811
0
LINE
8
BLACK
6
CONTINUOUS
10
3.76528437007874
20
-3.600115905511811
11
3.7658238976377953
21
-3.5990368897637794
0
LINE
8
BLACK
6
CONTINUOUS
10
3.7658238976377953
20
-3.5990368897637794
11
3.7658238976377953
21
-3.5950950393700785
0
LINE
8
BLACK
6
CONTINUOUS
10
3.7658238976377953
20
-3.5950950393700785
11
3.76528437007874
21
-3.5940160236220473
0
LINE
8
BLACK
6
CONTINUOUS
10
3.76528437007874
20
-3.5940160236220473
11
3.7646700393700785
21
-3.5934016929133858
0
LINE
8
BLACK
6
CONTINUOUS
10
3.7646700393700785
20
-3.5934016929133858
11
3.7644140157480313
21
-3.5930185039370079
0
LINE
8
BLACK
6
CONTINUOUS
10
3.7644140157480313
20
-3.5930185039370079
11
3.7644140157480313
21
-3.5921145669291339
0
LINE
8
BLACK
6
CONTINUOUS
10
3.7644140157480313
20
-3.5921145669291339
11
3.7650532283464564
21
-3.5914753543307087
0
LINE
8
BLACK
6
CONTINUOUS
10
3.7650532283464564
20
-3.5914753543307087
11
3.7659571653543304
21
-3.5914753543307087
0
LINE
8
BLACK
6
CONTINUOUS
10
3.7659571653543304
20
-3.5914753543307087
11
3.7663403543307088
21
-3.591731377952756
0
LINE
8
BLACK
6
CONTINUOUS
10
3.7663403543307088
20
-3.591731377952756
11
3.7670902755905509
21
-3.5924812992125985
0
LINE
8
BLACK
6
CONTINUOUS
10
3.7670902755905509
20
-3.5924812992125985
11
3.7671953937007872
21
-3.5926386220472439
0
LINE
8
BLACK
6
CONTINUOUS
10
3.7671953937007872
20
-3.5926386220472439
11
3.7673115354330706
21
-3.5927882677165353
0
LINE
8
BLACK
6
CONTINUOUS
10
3.7673115354330706
20
-3.5927882677165353
11
3.7680614173228344
21
-3.5942880708661415
0
LINE
8
BLACK
6
CONTINUOUS
10
3.7680614173228344
20
-3.5942880708661415
11
3.7680770078740156
21
-3.5943450787401572
0
LINE
8
BLACK
6
CONTINUOUS
10
3.7680770078740156
20
-3.5943450787401572
11
3.7680961811023623
21
-3.594364251968504
0
LINE
8
BLACK
6
CONTINUOUS
10
3.7680961811023623
20
-3.594364251968504
11
3.7681331102362203
21
-3.5945500393700787
0
LINE
8
BLACK
6
CONTINUOUS
10
3.7681331102362203
20
-3.5945500393700787
11
3.7681831102362202
21
-3.5947325590551182
0
LINE
8
BLACK
6
CONTINUOUS
10
3.7681831102362202
20
-3.5947325590551182
11
3.7681745275590552
21
-3.5947581889763778
0
LINE
8
BLACK
6
CONTINUOUS
10
3.7681745275590552
20
-3.5947581889763778
11
3.7681861023622045
21
-3.5948162598425197
0
LINE
8
BLACK
6
CONTINUOUS
10
3.7681861023622045
20
-3.5948162598425197
11
3.7681861023622045
21
-3.5993157086614174
0
LINE
8
BLACK
6
CONTINUOUS
10
3.7681861023622045
20
-3.5993157086614174
11
3.7681745275590552
21
-3.5993737401574801
0
LINE
8
BLACK
6
CONTINUOUS
10
3.7681745275590552
20
-3.5993737401574801
11
3.7681831102362202
21
-3.5993994094488189
0
LINE
8
BLACK
6
CONTINUOUS
10
3.7681831102362202
20
-3.5993994094488189
11
3.7681331102362203
21
-3.5995818897637792
0
LINE
8
BLACK
6
CONTINUOUS
10
3.7681331102362203
20
-3.5995818897637792
11
3.7680961811023623
21
-3.5997677165354331
0
LINE
8
BLACK
6
CONTINUOUS
10
3.7680961811023623
20
-3.5997677165354331
11
3.7680770078740156
21
-3.5997868503937007
0
LINE
8
BLACK
6
CONTINUOUS
10
3.7680770078740156
20
-3.5997868503937007
11
3.7680614173228344
21
-3.5998438976377951
0
LINE
8
BLACK
6
CONTINUOUS
10
3.7680614173228344
20
-3.5998438976377951
11
3.7673115354330706
21
-3.6013437007874014
0
LINE
8
BLACK
6
CONTINUOUS
10
3.7673115354330706
20
-3.6013437007874014
11
3.7671953937007872
21
-3.601493307086614
0
LINE
8
BLACK
6
CONTINUOUS
10
3.7671953937007872
20
-3.601493307086614
11
3.7670902755905509
21
-3.6016506692913386
0
LINE
8
BLACK
6
CONTINUOUS
10
3.7670902755905509
20
-3.6016506692913386
11
3.7663403543307088
21
-3.6024005905511811
0
LINE
8
BLACK
6
CONTINUOUS
10
3.7663403543307088
20
-3.6024005905511811
11
3.7661829921259842
21
-3.6025056692913386
0
LINE
8
BLACK
6
CONTINUOUS
10
3.7661829921259842
20
-3.6025056692913386
11
3.7660333858267716
21
-3.6026218503937009
0
LINE
8
BLACK
6
CONTINUOUS
10
3.7660333858267716
20
-3.6026218503937009
11
3.7645335826771653
21
-3.6033717322834646
0
LINE
8
BLACK
6
CONTINUOUS
10
3.7645335826771653
20
-3.6033717322834646
11
3.7644765354330709
21
-3.6033873228346458
0
LINE
8
BLACK
6
CONTINUOUS
10
3.7644765354330709
20
-3.6033873228346458
11
3.7644574015748029
21
-3.6034064960629921
0
LINE
8
BLACK
6
CONTINUOUS
10
3.7644574015748029
20
-3.6034064960629921
11
3.7642715748031494
21
-3.6034434251968501
0
LINE
8
BLACK
6
CONTINUOUS
10
3.7642715748031494
20
-3.6034434251968501
11
3.7640890944881891
21
-3.6034934251968505
0
LINE
8
BLACK
6
CONTINUOUS
10
3.7640890944881891
20
-3.6034934251968505
11
3.7640634251968503
21
-3.603484842519685
0
LINE
8
BLACK
6
CONTINUOUS
10
3.7640634251968503
20
-3.603484842519685
11
3.7640053937007871
21
-3.6034964173228348
0
LINE
8
BLACK
6
CONTINUOUS
10
3.7640053937007871
20
-3.6034964173228348
11
3.760255866141732
21
-3.6034964173228348
0
LINE
8
BLACK
6
CONTINUOUS
10
3.760255866141732
20
-3.6034964173228348
11
3.7601977952755905
21
-3.603484842519685
0
LINE
8
BLACK
6
CONTINUOUS
10
3.7601977952755905
20
-3.603484842519685
11
3.7601721653543305
21
-3.6034934251968505
0
LINE
8
BLACK
6
CONTINUOUS
10
3.7601721653543305
20
-3.6034934251968505
11
3.7599896456692914
21
-3.6034434251968501
0
LINE
8
BLACK
6
CONTINUOUS
10
3.7599896456692914
20
-3.6034434251968501
11
3.7598038582677162
21
-3.6034064960629921
0
LINE
8
BLACK
6
CONTINUOUS
10
3.7598038582677162
20
-3.6034064960629921
11
3.7597846850393699
21
-3.6033873228346458
0
LINE
8
BLACK
6
CONTINUOUS
10
3.7597846850393699
20
-3.6033873228346458
11
3.7597276771653543
21
-3.6033717322834646
0
LINE
8
BLACK
6
CONTINUOUS
10
3.7597276771653543
20
-3.6033717322834646
11
3.7582278346456692
21
-3.6026218503937009
0
LINE
8
BLACK
6
CONTINUOUS
10
3.7582278346456692
20
-3.6026218503937009
11
3.7580781889763779
21
-3.6025057086614174
0
LINE
8
BLACK
6
CONTINUOUS
10
3.7580781889763779
20
-3.6025057086614174
11
3.7579208267716533
21
-3.6024005511811024
0
LINE
8
BLACK
6
CONTINUOUS
10
3.7579208267716533
20
-3.6024005511811024
11
3.7571709448818895
21
-3.6016506692913386
0
LINE
8
BLACK
6
CONTINUOUS
10
3.7571709448818895
20
-3.6016506692913386
11
3.7570657480314962
21
-3.6014931889763777
0
LINE
8
BLACK
6
CONTINUOUS
10
3.7570657480314962
20
-3.6014931889763777
11
3.7569497244094485
21
-3.6013437401574802
0
LINE
8
BLACK
6
CONTINUOUS
10
3.7569497244094485
20
-3.6013437401574802
11
3.756199803149606
21
-3.5998439370078739
0
LINE
8
BLACK
6
CONTINUOUS
10
3.756199803149606
20
-3.5998439370078739
11
3.7561841732283465
21
-3.5997868503937007
0
LINE
8
BLACK
6
CONTINUOUS
10
3.7561841732283465
20
-3.5997868503937007
11
3.7561650393700785
21
-3.5997677165354331
0
LINE
8
BLACK
6
CONTINUOUS
10
3.7561650393700785
20
-3.5997677165354331
11
3.7561349212598425
21
-3.5996164566929134
0
LINE
8
BLACK
6
CONTINUOUS
10
3.7561349212598425
20
-3.5996164566929134
11
3.7520347244094485
21
-3.6032041732283462
0
LINE
8
BLACK
6
CONTINUOUS
10
3.7520347244094485
20
-3.6032041732283462
11
3.751743661417323
21
-3.6033717716535434
0
LINE
8
BLACK
6
CONTINUOUS
10
3.751743661417323
20
-3.6033717716535434
11
3.7517089763779525
21
-3.6034064960629921
0
LINE
8
BLACK
6
CONTINUOUS
10
3.7517089763779525
20
-3.6034064960629921
11
3.7516834251968505
21
-3.6034064960629921
0
LINE
8
BLACK
6
CONTINUOUS
10
3.7516834251968505
20
-3.6034064960629921
11
3.7516353543307086
21
-3.6034341732283464
0
LINE
8
BLACK
6
CONTINUOUS
10
3.7516353543307086
20
-3.6034341732283464
11
3.7512203937007875
21
-3.6034064960629921
0
LINE
8
BLACK
6
CONTINUOUS
10
3.7512203937007875
20
-3.6034064960629921
11
3.750804960629921
21
-3.6034064960629921
0
LINE
8
BLACK
6
CONTINUOUS
10
3.750804960629921
20
-3.6034064960629921
11
3.7507752362204725
21
-3.6033767716535432
0
LINE
8
BLACK
6
CONTINUOUS
10
3.7507752362204725
20
-3.6033767716535432
11
3.7507334251968505
21
-3.6033740157480314
0
LINE
8
BLACK
6
CONTINUOUS
10
3.7507334251968505
20
-3.6033740157480314
11
3.7504598818897636
21
-3.6030614173228344
0
LINE
8
BLACK
6
CONTINUOUS
10
3.7504598818897636
20
-3.6030614173228344
11
3.7501657874015746
21
-3.6027673228346457
0
LINE
8
BLACK
6
CONTINUOUS
10
3.7501657874015746
20
-3.6027673228346457
11
3.7501549606299212
21
-3.6027129527559056
0
LINE
8
BLACK
6
CONTINUOUS
10
3.7501549606299212
20
-3.6027129527559056
11
3.7501381102362203
21
-3.6026937007874014
0
LINE
8
BLACK
6
CONTINUOUS
10
3.7501381102362203
20
-3.6026937007874014
11
3.7501413779527559
21
-3.6026446062992123
0
LINE
8
BLACK
6
CONTINUOUS
10
3.7501413779527559
20
-3.6026446062992123
11
3.7500758661417324
21
-3.60231531496063
0
LINE
8
BLACK
6
CONTINUOUS
10
3.7500758661417324
20
-3.60231531496063
11
3.7500758661417324
21
-3.5925665354330709
0
LINE
8
BLACK
6
CONTINUOUS
10
3.7500758661417324
20
-3.5925665354330709
11
3.7501657874015746
21
-3.5921145275590551
0
LINE
8
BLACK
6
CONTINUOUS
10
3.7501657874015746
20
-3.5921145275590551
11
3.750804960629921
21
-3.5914753543307087
0
LINE
8
BLACK
6
CONTINUOUS
10
3.750804960629921
20
-3.5914753543307087
11
3.7517089763779525
21
-3.5914753543307087
0
LINE
8
BLACK
6
CONTINUOUS
10
3.7517089763779525
20
-3.5914753543307087
11
3.7523481496062989
21
-3.5921145275590551
0
LINE
8
BLACK
6
CONTINUOUS
10
3.7603978346456692
20
-3.5764155511811024
11
3.7605423228346457
21
-3.5764225984251969
0
LINE
8
BLACK
6
CONTINUOUS
10
3.7605423228346457
20
-3.5764225984251969
11
3.7635419291338583
21
-3.5771725196850395
0
LINE
8
BLACK
6
CONTINUOUS
10
3.7635419291338583
20
-3.5771725196850395
11
3.7636588582677164
21
-3.5772277559055117
0
LINE
8
BLACK
6
CONTINUOUS
10
3.7636588582677164
20
-3.5772277559055117
11
3.7637836614173228
21
-3.5772619291338583
0
LINE
8
BLACK
6
CONTINUOUS
10
3.7637836614173228
20
-3.5772619291338583
11
3.7652834645669291
21
-3.5780118110236221
0
LINE
8
BLACK
6
CONTINUOUS
10
3.7652834645669291
20
-3.5780118110236221
11
3.7654329527559054
21
-3.5781278346456693
0
LINE
8
BLACK
6
CONTINUOUS
10
3.7654329527559054
20
-3.5781278346456693
11
3.7655904330708663
21
-3.5782330708661418
0
LINE
8
BLACK
6
CONTINUOUS
10
3.7655904330708663
20
-3.5782330708661418
11
3.7670902755905509
21
-3.5797328346456694
0
LINE
8
BLACK
6
CONTINUOUS
10
3.7670902755905509
20
-3.5797328346456694
11
3.7671231496062991
21
-3.5797820472440942
0
LINE
8
BLACK
6
CONTINUOUS
10
3.7671231496062991
20
-3.5797820472440942
11
3.7671473622047245
21
-3.5797941732283465
0
LINE
8
BLACK
6
CONTINUOUS
10
3.7671473622047245
20
-3.5797941732283465
11
3.7672411417322835
21
-3.5799586614173227
0
LINE
8
BLACK
6
CONTINUOUS
10
3.7672411417322835
20
-3.5799586614173227
11
3.7673462992125986
21
-3.580116062992126
0
LINE
8
BLACK
6
CONTINUOUS
10
3.7673462992125986
20
-3.580116062992126
11
3.7673462992125986
21
-3.5801430708661415
0
LINE
8
BLACK
6
CONTINUOUS
10
3.7673462992125986
20
-3.5801430708661415
11
3.76737562992126
21
-3.5801945275590552
0
LINE
8
BLACK
6
CONTINUOUS
10
3.76737562992126
20
-3.5801945275590552
11
3.7681255118110237
21
-3.5824442913385828
0
LINE
8
BLACK
6
CONTINUOUS
10
3.7681255118110237
20
-3.5824442913385828
11
3.7681491338582678
21
-3.582632086614173
0
LINE
8
BLACK
6
CONTINUOUS
10
3.7681491338582678
20
-3.582632086614173
11
3.7681861023622045
21
-3.5828177559055119
0
LINE
8
BLACK
6
CONTINUOUS
10
3.7681861023622045
20
-3.5828177559055119
11
3.7681861023622045
21
-3.5843175984251969
0
LINE
8
BLACK
6
CONTINUOUS
10
3.7681861023622045
20
-3.5843175984251969
11
3.7681491732283465
21
-3.5845031889763779
0
LINE
8
BLACK
6
CONTINUOUS
10
3.7681491732283465
20
-3.5845031889763779
11
3.7681255118110237
21
-3.5846911023622048
0
LINE
8
BLACK
6
CONTINUOUS
10
3.7681255118110237
20
-3.5846911023622048
11
3.76737562992126
21
-3.5869407874015748
0
LINE
8
BLACK
6
CONTINUOUS
10
3.76737562992126
20
-3.5869407874015748
11
3.7673463385826769
21
-3.5869921259842519
0
LINE
8
BLACK
6
CONTINUOUS
10
3.7673463385826769
20
-3.5869921259842519
11
3.7673463385826769
21
-3.587019251968504
0
LINE
8
BLACK
6
CONTINUOUS
10
3.7673463385826769
20
-3.587019251968504
11
3.767241062992126
21
-3.5871767322834645
0
LINE
8
BLACK
6
CONTINUOUS
10
3.767241062992126
20
-3.5871767322834645
11
3.7671473622047245
21
-3.5873411417322836
0
LINE
8
BLACK
6
CONTINUOUS
10
3.7671473622047245
20
-3.5873411417322836
11
3.7671231102362204
21
-3.5873532283464566
0
LINE
8
BLACK
6
CONTINUOUS
10
3.7671231102362204
20
-3.5873532283464566
11
3.7670902755905509
21
-3.5874024409448819
0
LINE
8
BLACK
6
CONTINUOUS
10
3.7670902755905509
20
-3.5874024409448819
11
3.7663403543307088
21
-3.5881523622047244
0
LINE
8
BLACK
6
CONTINUOUS
10
3.7663403543307088
20
-3.5881523622047244
11
3.7659571653543304
21
-3.5884083858267717
0
LINE
8
BLACK
6
CONTINUOUS
10
3.7659571653543304
20
-3.5884083858267717
11
3.7650532283464564
21
-3.5884083858267717
0
LINE
8
BLACK
6
CONTINUOUS
10
3.7650532283464564
20
-3.5884083858267717
11
3.7644140157480313
21
-3.5877691732283465
0
LINE
8
BLACK
6
CONTINUOUS
10
3.7644140157480313
20
-3.5877691732283465
11
3.7644140157480313
21
-3.5868652362204725
0
LINE
8
BLACK
6
CONTINUOUS
10
3.7644140157480313
20
-3.5868652362204725
11
3.7646700393700785
21
-3.5864820472440946
0
LINE
8
BLACK
6
CONTINUOUS
10
3.7646700393700785
20
-3.5864820472440946
11
3.7652227165354328
21
-3.5859293307086615
0
LINE
8
BLACK
6
CONTINUOUS
10
3.7652227165354328
20
-3.5859293307086615
11
3.7658238976377953
21
-3.5841258661417323
0
LINE
8
BLACK
6
CONTINUOUS
10
3.7658238976377953
20
-3.5841258661417323
11
3.7658238976377953
21
-3.5830094488188977
0
LINE
8
BLACK
6
CONTINUOUS
10
3.7658238976377953
20
-3.5830094488188977
11
3.7652227165354328
21
-3.5812059842519686
0
LINE
8
BLACK
6
CONTINUOUS
10
3.7652227165354328
20
-3.5812059842519686
11
3.7640556692913383
21
-3.580038937007874
0
LINE
8
BLACK
6
CONTINUOUS
10
3.7640556692913383
20
-3.580038937007874
11
3.7628431889763778
21
-3.5794326771653542
0
LINE
8
BLACK
6
CONTINUOUS
10
3.7628431889763778
20
-3.5794326771653542
11
3.7601105118110234
21
-3.5787495275590548
0
LINE
8
BLACK
6
CONTINUOUS
10
3.7601105118110234
20
-3.5787495275590548
11
3.7581514960629923
21
-3.5787495275590548
0
LINE
8
BLACK
6
CONTINUOUS
10
3.7581514960629923
20
-3.5787495275590548
11
3.7554187401574803
21
-3.5794327165354329
0
LINE
8
BLACK
6
CONTINUOUS
10
3.7554187401574803
20
-3.5794327165354329
11
3.7542063385826769
21
-3.5800388976377953
0
LINE
8
BLACK
6
CONTINUOUS
10
3.7542063385826769
20
-3.5800388976377953
11
3.7530391732283466
21
-3.5812060236220473
0
LINE
8
BLACK
6
CONTINUOUS
10
3.7530391732283466
20
-3.5812060236220473
11
3.7524380708661416
21
-3.5830093700787402
0
LINE
8
BLACK
6
CONTINUOUS
10
3.7524380708661416
20
-3.5830093700787402
11
3.7524380708661416
21
-3.5841259448818898
0
LINE
8
BLACK
6
CONTINUOUS
10
3.7524380708661416
20
-3.5841259448818898
11
3.7530391732283466
21
-3.5859292125984252
0
LINE
8
BLACK
6
CONTINUOUS
10
3.7530391732283466
20
-3.5859292125984252
11
3.7535919685039367
21
-3.5864820472440946
0
LINE
8
BLACK
6
CONTINUOUS
10
3.7535919685039367
20
-3.5864820472440946
11
3.753847992125984
21
-3.5868652755905512
0
LINE
8
BLACK
6
CONTINUOUS
10
3.753847992125984
20
-3.5868652755905512
11
3.7538479527559052
21
-3.5877691732283465
0
LINE
8
BLACK
6
CONTINUOUS
10
3.7538479527559052
20
-3.5877691732283465
11
3.7532087007874013
21
-3.5884084251968504
0
LINE
8
BLACK
6
CONTINUOUS
10
3.7532087007874013
20
-3.5884084251968504
11
3.7523047637795273
21
-3.5884083858267717
0
LINE
8
BLACK
6
CONTINUOUS
10
3.7523047637795273
20
-3.5884083858267717
11
3.7519215748031494
21
-3.5881523228346457
0
LINE
8
BLACK
6
CONTINUOUS
10
3.7519215748031494
20
-3.5881523228346457
11
3.7511716929133856
21
-3.5874024409448819
0
LINE
8
BLACK
6
CONTINUOUS
10
3.7511716929133856
20
-3.5874024409448819
11
3.751138779527559
21
-3.5873531889763779
0
LINE
8
BLACK
6
CONTINUOUS
10
3.751138779527559
20
-3.5873531889763779
11
3.7511146456692912
21
-3.5873411417322836
0
LINE
8
BLACK
6
CONTINUOUS
10
3.7511146456692912
20
-3.5873411417322836
11
3.7510210236220471
21
-3.5871768897637795
0
LINE
8
BLACK
6
CONTINUOUS
10
3.7510210236220471
20
-3.5871768897637795
11
3.7509156692913384
21
-3.5870192125984253
0
LINE
8
BLACK
6
CONTINUOUS
10
3.7509156692913384
20
-3.5870192125984253
11
3.7509156692913384
21
-3.5869920866141731
0
LINE
8
BLACK
6
CONTINUOUS
10
3.7509156692913384
20
-3.5869920866141731
11
3.7508864173228345
21
-3.5869407874015748
0
LINE
8
BLACK
6
CONTINUOUS
10
3.7508864173228345
20
-3.5869407874015748
11
3.7501364960629919
21
-3.5846911023622048
0
LINE
8
BLACK
6
CONTINUOUS
10
3.7501364960629919
20
-3.5846911023622048
11
3.7501128346456691
21
-3.5845034645669291
0
LINE
8
BLACK
6
CONTINUOUS
10
3.7501128346456691
20
-3.5845034645669291
11
3.7500758661417324
21
-3.5843175984251969
0
LINE
8
BLACK
6
CONTINUOUS
10
3.7500758661417324
20
-3.5843175984251969
11
3.7500758661417324
21
-3.5828177559055119
0
LINE
8
BLACK
6
CONTINUOUS
10
3.7500758661417324
20
-3.5828177559055119
11
3.7501128346456691
21
-3.5826318503937009
0
LINE
8
BLACK
6
CONTINUOUS
10
3.7501128346456691
20
-3.5826318503937009
11
3.7501364960629919
21
-3.582444251968504
0
LINE
8
BLACK
6
CONTINUOUS
10
3.7501364960629919
20
-3.582444251968504
11
3.7508864173228345
21
-3.5801945275590552
0
LINE
8
BLACK
6
CONTINUOUS
10
3.7508864173228345
20
-3.5801945275590552
11
3.7509157086614171
21
-3.5801431102362202
0
LINE
8
BLACK
6
CONTINUOUS
10
3.7509157086614171
20
-3.5801431102362202
11
3.7509157086614171
21
-3.580116062992126
0
LINE
8
BLACK
6
CONTINUOUS
10
3.7509157086614171
20
-3.580116062992126
11
3.7510208661417321
21
-3.5799586220472439
0
LINE
8
BLACK
6
CONTINUOUS
10
3.7510208661417321
20
-3.5799586220472439
11
3.7511146456692912
21
-3.5797941732283465
0
LINE
8
BLACK
6
CONTINUOUS
10
3.7511146456692912
20
-3.5797941732283465
11
3.7511388582677165
21
-3.5797820472440942
0
LINE
8
BLACK
6
CONTINUOUS
10
3.7511388582677165
20
-3.5797820472440942
11
3.7511717322834643
21
-3.5797328740157481
0
LINE
8
BLACK
6
CONTINUOUS
10
3.7511717322834643
20
-3.5797328740157481
11
3.7526714960629919
21
-3.5782330708661418
0
LINE
8
BLACK
6
CONTINUOUS
10
3.7526714960629919
20
-3.5782330708661418
11
3.7528288582677165
21
-3.5781279133858268
0
LINE
8
BLACK
6
CONTINUOUS
10
3.7528288582677165
20
-3.5781279133858268
11
3.7529785039370078
21
-3.5780118110236221
0
LINE
8
BLACK
6
CONTINUOUS
10
3.7529785039370078
20
-3.5780118110236221
11
3.7544783070866141
21
-3.5772619291338583
0
LINE
8
BLACK
6
CONTINUOUS
10
3.7544783070866141
20
-3.5772619291338583
11
3.7546030708661418
21
-3.5772277559055117
0
LINE
8
BLACK
6
CONTINUOUS
10
3.7546030708661418
20
-3.5772277559055117
11
3.7547200393700786
21
-3.5771725196850395
0
LINE
8
BLACK
6
CONTINUOUS
10
3.7547200393700786
20
-3.5771725196850395
11
3.7577196850393699
21
-3.5764225984251969
0
LINE
8
BLACK
6
CONTINUOUS
10
3.7577196850393699
20
-3.5764225984251969
11
3.7578641338582677
21
-3.5764155511811024
0
LINE
8
BLACK
6
CONTINUOUS
10
3.7578641338582677
20
-3.5764155511811024
11
3.7580061417322832
21
-3.5763873228346457
0
LINE
8
BLACK
6
CONTINUOUS
10
3.7580061417322832
20
-3.5763873228346457
11
3.760255866141732
21
-3.5763873228346457
0
LINE
8
BLACK
6
CONTINUOUS
10
3.760255866141732
20
-3.5763873228346457
11
3.7603978346456692
21
-3.5764155511811024
0
LINE
8
BLACK
6
CONTINUOUS
10
3.7763438582677162
20
-3.5641262204724407
11
3.7774092125984251
21
-3.5651915748031495
0
LINE
8
BLACK
6
CONTINUOUS
10
3.7774092125984251
20
-3.5651915748031495
11
3.7775590551181102
21
-3.5659448818897639
0
LINE
8
BLACK
6
CONTINUOUS
10
3.7775590551181102
20
-3.5659448818897639
11
3.7775590551181102
21
-3.6289370078740157
0
LINE
8
BLACK
6
CONTINUOUS
10
3.7775590551181102
20
-3.6289370078740157
11
3.7774092125984251
21
-3.6296903149606297
0
LINE
8
BLACK
6
CONTINUOUS
10
3.7774092125984251
20
-3.6296903149606297
11
3.7763438582677162
21
-3.6307556692913385
0
LINE
8
BLACK
6
CONTINUOUS
10
3.7763438582677162
20
-3.6307556692913385
11
3.7755905511811023
21
-3.6309055118110236
0
LINE
8
BLACK
6
CONTINUOUS
10
3.7755905511811023
20
-3.6309055118110236
11
3.7440944881889764
21
-3.6309055118110236
0
LINE
8
BLACK
6
CONTINUOUS
10
3.7440944881889764
20
-3.6309055118110236
11
3.743341181102362
21
-3.6307556692913385
0
LINE
8
BLACK
6
CONTINUOUS
10
3.743341181102362
20
-3.6307556692913385
11
3.7422758267716536
21
-3.6296903149606297
0
LINE
8
BLACK
6
CONTINUOUS
10
3.7422758267716536
20
-3.6296903149606297
11
3.7421259842519685
21
-3.6289370078740157
0
LINE
8
BLACK
6
CONTINUOUS
10
3.7421259842519685
20
-3.6289370078740157
11
3.7421259842519685
21
-3.5659448818897639
0
LINE
8
BLACK
6
CONTINUOUS
10
3.7421259842519685
20
-3.5659448818897639
11
3.7422758267716536
21
-3.5651915748031495
0
LINE
8
BLACK
6
CONTINUOUS
10
3.7422758267716536
20
-3.5651915748031495
11
3.743341181102362
21
-3.5641262204724407
0
LINE
8
BLACK
6
CONTINUOUS
10
3.743341181102362
20
-3.5641262204724407
11
3.7440944881889764
21
-3.563976377952756
0
LINE
8
BLACK
6
CONTINUOUS
10
3.7440944881889764
20
-3.563976377952756
11
3.7755905511811023
21
-3.563976377952756
0
LINE
8
BLACK
6
CONTINUOUS
10
3.7755905511811023
20
-3.563976377952756
11
3.7763438582677162
21
-3.5641262204724407
0
LINE
8
BLACK
6
CONTINUOUS
10
3.7460629921259843
20
-3.5679133858267718
11
3.7460629921259843
21
-3.6269685039370079
0
LINE
8
BLACK
6
CONTINUOUS
10
3.7460629921259843
20
-3.6269685039370079
11
3.7736220472440944
21
-3.6269685039370079
0
LINE
8
BLACK
6
CONTINUOUS
10
3.7736220472440944
20
-3.6269685039370079
11
3.7736220472440944
21
-3.5679133858267718
0
LINE
8
BLACK
6
CONTINUOUS
10
3.7736220472440944
20
-3.5679133858267718
11
3.7460629921259843
21
-3.5679133858267718
0
LINE
8
BLACK
6
CONTINUOUS
10
3.4728205905511809
20
-3.5008134251968501
11
3.4729105118110235
21
-3.5012654330708659
0
LINE
8
BLACK
6
CONTINUOUS
10
3.4729105118110235
20
-3.5012654330708659
11
3.4729105118110235
21
-3.5084113385826772
0
LINE
8
BLACK
6
CONTINUOUS
10
3.4729105118110235
20
-3.5084113385826772
11
3.4769509055118109
21
-3.5048760236220473
0
LINE
8
BLACK
6
CONTINUOUS
10
3.4769509055118109
20
-3.5048760236220473
11
3.4772419291338581
21
-3.5047083858267714
0
LINE
8
BLACK
6
CONTINUOUS
10
3.4772419291338581
20
-3.5047083858267714
11
3.4772766535433068
21
-3.5046737007874014
0
LINE
8
BLACK
6
CONTINUOUS
10
3.4772766535433068
20
-3.5046737007874014
11
3.4773022047244093
21
-3.5046737007874014
0
LINE
8
BLACK
6
CONTINUOUS
10
3.4773022047244093
20
-3.5046737007874014
11
3.4773502755905512
21
-3.5046460236220471
0
LINE
8
BLACK
6
CONTINUOUS
10
3.4773502755905512
20
-3.5046460236220471
11
3.4777655118110236
21
-3.5046737007874014
0
LINE
8
BLACK
6
CONTINUOUS
10
3.4777655118110236
20
-3.5046737007874014
11
3.4781806692913384
21
-3.5046737007874014
0
LINE
8
BLACK
6
CONTINUOUS
10
3.4781806692913384
20
-3.5046737007874014
11
3.4782103149606298
21
-3.5047033464566928
0
LINE
8
BLACK
6
CONTINUOUS
10
3.4782103149606298
20
-3.5047033464566928
11
3.4782522047244093
21
-3.5047061417322833
0
LINE
8
BLACK
6
CONTINUOUS
10
3.4782522047244093
20
-3.5047061417322833
11
3.4785258661417324
21
-3.5050188976377954
0
LINE
8
BLACK
6
CONTINUOUS
10
3.4785258661417324
20
-3.5050188976377954
11
3.4788198425196848
21
-3.5053128740157478
0
LINE
8
BLACK
6
CONTINUOUS
10
3.4788198425196848
20
-3.5053128740157478
11
3.4788306299212599
21
-3.5053672047244095
0
LINE
8
BLACK
6
CONTINUOUS
10
3.4788306299212599
20
-3.5053672047244095
11
3.4788475196850395
21
-3.5053864960629921
0
LINE
8
BLACK
6
CONTINUOUS
10
3.4788475196850395
20
-3.5053864960629921
11
3.4788442125984251
21
-3.5054355511811024
0
LINE
8
BLACK
6
CONTINUOUS
10
3.4788442125984251
20
-3.5054355511811024
11
3.4789097637795274
21
-3.5057648818897635
0
LINE
8
BLACK
6
CONTINUOUS
10
3.4789097637795274
20
-3.5057648818897635
11
3.4789097637795274
21
-3.5077357480314961
0
LINE
8
BLACK
6
CONTINUOUS
10
3.4789097637795274
20
-3.5077357480314961
11
3.4794492519685041
21
-3.5088147244094485
0
LINE
8
BLACK
6
CONTINUOUS
10
3.4794492519685041
20
-3.5088147244094485
11
3.479928149606299
21
-3.5092936220472439
0
LINE
8
BLACK
6
CONTINUOUS
10
3.479928149606299
20
-3.5092936220472439
11
3.4810071259842519
21
-3.5098331102362206
0
LINE
8
BLACK
6
CONTINUOUS
10
3.4810071259842519
20
-3.5098331102362206
11
3.4841990157480316
21
-3.5098331102362206
0
LINE
8
BLACK
6
CONTINUOUS
10
3.4841990157480316
20
-3.5098331102362206
11
3.4852780314960627
21
-3.5092935826771652
0
LINE
8
BLACK
6
CONTINUOUS
10
3.4852780314960627
20
-3.5092935826771652
11
3.4857568110236219
21
-3.508814803149606
0
LINE
8
BLACK
6
CONTINUOUS
10
3.4857568110236219
20
-3.508814803149606
11
3.4862963385826773
21
-3.5077357874015749
0
LINE
8
BLACK
6
CONTINUOUS
10
3.4862963385826773
20
-3.5077357874015749
11
3.4862963385826773
21
-3.5037939370078739
0
LINE
8
BLACK
6
CONTINUOUS
10
3.4862963385826773
20
-3.5037939370078739
11
3.4857568110236219
21
-3.5027149212598423
0
LINE
8
BLACK
6
CONTINUOUS
10
3.4857568110236219
20
-3.5027149212598423
11
3.4851424803149604
21
-3.5021005905511808
0
LINE
8
BLACK
6
CONTINUOUS
10
3.4851424803149604
20
-3.5021005905511808
11
3.4848864566929132
21
-3.5017174015748029
0
LINE
8
BLACK
6
CONTINUOUS
10
3.4848864566929132
20
-3.5017174015748029
11
3.4848864566929132
21
-3.5008134645669289
0
LINE
8
BLACK
6
CONTINUOUS
10
3.4848864566929132
20
-3.5008134645669289
11
3.4855256692913383
21
-3.5001742519685037
0
LINE
8
BLACK
6
CONTINUOUS
10
3.4855256692913383
20
-3.5001742519685037
11
3.4864296062992124
21
-3.5001742519685037
0
LINE
8
BLACK
6
CONTINUOUS
10
3.4864296062992124
20
-3.5001742519685037
11
3.4868127952755903
21
-3.500430275590551
0
LINE
8
BLACK
6
CONTINUOUS
10
3.4868127952755903
20
-3.500430275590551
11
3.4875627165354328
21
-3.5011801968503935
0
LINE
8
BLACK
6
CONTINUOUS
10
3.4875627165354328
20
-3.5011801968503935
11
3.4876678346456691
21
-3.5013375196850394
0
LINE
8
BLACK
6
CONTINUOUS
10
3.4876678346456691
20
-3.5013375196850394
11
3.4877839763779526
21
-3.5014871653543307
0
LINE
8
BLACK
6
CONTINUOUS
10
3.4877839763779526
20
-3.5014871653543307
11
3.4885338582677163
21
-3.502986968503937
0
LINE
8
BLACK
6
CONTINUOUS
10
3.4885338582677163
20
-3.502986968503937
11
3.4885494488188975
21
-3.5030439763779526
0
LINE
8
BLACK
6
CONTINUOUS
10
3.4885494488188975
20
-3.5030439763779526
11
3.4885686220472438
21
-3.5030631496062989
0
LINE
8
BLACK
6
CONTINUOUS
10
3.4885686220472438
20
-3.5030631496062989
11
3.4886055511811023
21
-3.5032489370078741
0
LINE
8
BLACK
6
CONTINUOUS
10
3.4886055511811023
20
-3.5032489370078741
11
3.4886555511811022
21
-3.5034314566929132
0
LINE
8
BLACK
6
CONTINUOUS
10
3.4886555511811022
20
-3.5034314566929132
11
3.4886469685039367
21
-3.5034570866141732
0
LINE
8
BLACK
6
CONTINUOUS
10
3.4886469685039367
20
-3.5034570866141732
11
3.4886585433070865
21
-3.5035151574803147
0
LINE
8
BLACK
6
CONTINUOUS
10
3.4886585433070865
20
-3.5035151574803147
11
3.4886585433070865
21
-3.5080146062992124
0
LINE
8
BLACK
6
CONTINUOUS
10
3.4886585433070865
20
-3.5080146062992124
11
3.4886469685039367
21
-3.5080726377952756
0
LINE
8
BLACK
6
CONTINUOUS
10
3.4886469685039367
20
-3.5080726377952756
11
3.4886555511811022
21
-3.5080983070866143
0
LINE
8
BLACK
6
CONTINUOUS
10
3.4886555511811022
20
-3.5080983070866143
11
3.4886055511811023
21
-3.5082807874015747
0
LINE
8
BLACK
6
CONTINUOUS
10
3.4886055511811023
20
-3.5082807874015747
11
3.4885686220472438
21
-3.5084666141732281
0
LINE
8
BLACK
6
CONTINUOUS
10
3.4885686220472438
20
-3.5084666141732281
11
3.4885494488188975
21
-3.5084857480314962
0
LINE
8
BLACK
6
CONTINUOUS
10
3.4885494488188975
20
-3.5084857480314962
11
3.4885338582677163
21
-3.5085427952755905
0
LINE
8
BLACK
6
CONTINUOUS
10
3.4885338582677163
20
-3.5085427952755905
11
3.4877839763779526
21
-3.5100425984251968
0
LINE
8
BLACK
6
CONTINUOUS
10
3.4877839763779526
20
-3.5100425984251968
11
3.4876678346456691
21
-3.5101922047244094
0
LINE
8
BLACK
6
CONTINUOUS
10
3.4876678346456691
20
-3.5101922047244094
11
3.4875627165354328
21
-3.5103495669291336
0
LINE
8
BLACK
6
CONTINUOUS
10
3.4875627165354328
20
-3.5103495669291336
11
3.4868127952755903
21
-3.5110994881889761
0
LINE
8
BLACK
6
CONTINUOUS
10
3.4868127952755903
20
-3.5110994881889761
11
3.4866554330708661
21
-3.5112045669291336
0
LINE
8
BLACK
6
CONTINUOUS
10
3.4866554330708661
20
-3.5112045669291336
11
3.4865058267716535
21
-3.5113207480314959
0
LINE
8
BLACK
6
CONTINUOUS
10
3.4865058267716535
20
-3.5113207480314959
11
3.4850060236220473
21
-3.5120706299212596
0
LINE
8
BLACK
6
CONTINUOUS
10
3.4850060236220473
20
-3.5120706299212596
11
3.4849489763779529
21
-3.5120862204724408
0
LINE
8
BLACK
6
CONTINUOUS
10
3.4849489763779529
20
-3.5120862204724408
11
3.4849298425196849
21
-3.5121053937007871
0
LINE
8
BLACK
6
CONTINUOUS
10
3.4849298425196849
20
-3.5121053937007871
11
3.4847440157480314
21
-3.5121423228346456
0
LINE
8
BLACK
6
CONTINUOUS
10
3.4847440157480314
20
-3.5121423228346456
11
3.4845615354330706
21
-3.5121923228346454
0
LINE
8
BLACK
6
CONTINUOUS
10
3.4845615354330706
20
-3.5121923228346454
11
3.4845358661417323
21
-3.51218374015748
0
LINE
8
BLACK
6
CONTINUOUS
10
3.4845358661417323
20
-3.51218374015748
11
3.4844778346456691
21
-3.5121953149606298
0
LINE
8
BLACK
6
CONTINUOUS
10
3.4844778346456691
20
-3.5121953149606298
11
3.480728307086614
21
-3.5121953149606298
0
LINE
8
BLACK
6
CONTINUOUS
10
3.480728307086614
20
-3.5121953149606298
11
3.4806702362204724
21
-3.51218374015748
0
LINE
8
BLACK
6
CONTINUOUS
10
3.4806702362204724
20
-3.51218374015748
11
3.4806446062992125
21
-3.5121923228346454
0
LINE
8
BLACK
6
CONTINUOUS
10
3.4806446062992125
20
-3.5121923228346454
11
3.4804620866141733
21
-3.5121423228346456
0
LINE
8
BLACK
6
CONTINUOUS
10
3.4804620866141733
20
-3.5121423228346456
11
3.4802762992125982
21
-3.5121053937007871
0
LINE
8
BLACK
6
CONTINUOUS
10
3.4802762992125982
20
-3.5121053937007871
11
3.4802571259842519
21
-3.5120862204724408
0
LINE
8
BLACK
6
CONTINUOUS
10
3.4802571259842519
20
-3.5120862204724408
11
3.4802001181102362
21
-3.5120706299212596
0
LINE
8
BLACK
6
CONTINUOUS
10
3.4802001181102362
20
-3.5120706299212596
11
3.4787002755905512
21
-3.5113207480314959
0
LINE
8
BLACK
6
CONTINUOUS
10
3.4787002755905512
20
-3.5113207480314959
11
3.4785506299212599
21
-3.5112046062992124
0
LINE
8
BLACK
6
CONTINUOUS
10
3.4785506299212599
20
-3.5112046062992124
11
3.4783932677165352
21
-3.5110994488188974
0
LINE
8
BLACK
6
CONTINUOUS
10
3.4783932677165352
20
-3.5110994488188974
11
3.4776433858267715
21
-3.5103495669291336
0
LINE
8
BLACK
6
CONTINUOUS
10
3.4776433858267715
20
-3.5103495669291336
11
3.4775381889763777
21
-3.5101920866141731
0
LINE
8
BLACK
6
CONTINUOUS
10
3.4775381889763777
20
-3.5101920866141731
11
3.4774221653543305
21
-3.5100426377952756
0
LINE
8
BLACK
6
CONTINUOUS
10
3.4774221653543305
20
-3.5100426377952756
11
3.4766722440944879
21
-3.5085428346456693
0
LINE
8
BLACK
6
CONTINUOUS
10
3.4766722440944879
20
-3.5085428346456693
11
3.4766566141732285
21
-3.5084857480314962
0
LINE
8
BLACK
6
CONTINUOUS
10
3.4766566141732285
20
-3.5084857480314962
11
3.4766374803149604
21
-3.5084666141732281
0
LINE
8
BLACK
6
CONTINUOUS
10
3.4766374803149604
20
-3.5084666141732281
11
3.4766073622047244
21
-3.5083153543307084
0
LINE
8
BLACK
6
CONTINUOUS
10
3.4766073622047244
20
-3.5083153543307084
11
3.4725071653543305
21
-3.5119030708661416
0
LINE
8
BLACK
6
CONTINUOUS
10
3.4725071653543305
20
-3.5119030708661416
11
3.4722161023622045
21
-3.5120706692913384
0
LINE
8
BLACK
6
CONTINUOUS
10
3.4722161023622045
20
-3.5120706692913384
11
3.4721814173228345
21
-3.5121053937007871
0
LINE
8
BLACK
6
CONTINUOUS
10
3.4721814173228345
20
-3.5121053937007871
11
3.472155866141732
21
-3.5121053937007871
0
LINE
8
BLACK
6
CONTINUOUS
10
3.472155866141732
20
-3.5121053937007871
11
3.4721077952755905
21
-3.5121330708661418
0
LINE
8
BLACK
6
CONTINUOUS
10
3.4721077952755905
20
-3.5121330708661418
11
3.471692834645669
21
-3.5121053937007871
0
LINE
8
BLACK
6
CONTINUOUS
10
3.471692834645669
20
-3.5121053937007871
11
3.4712774015748029
21
-3.5121053937007871
0
LINE
8
BLACK
6
CONTINUOUS
10
3.4712774015748029
20
-3.5121053937007871
11
3.4712476771653544
21
-3.5120756692913386
0
LINE
8
BLACK
6
CONTINUOUS
10
3.4712476771653544
20
-3.5120756692913386
11
3.471205866141732
21
-3.5120729133858268
0
LINE
8
BLACK
6
CONTINUOUS
10
3.471205866141732
20
-3.5120729133858268
11
3.4709323228346456
21
-3.5117603149606298
0
LINE
8
BLACK
6
CONTINUOUS
10
3.4709323228346456
20
-3.5117603149606298
11
3.4706382283464565
21
-3.5114662204724407
0
LINE
8
BLACK
6
CONTINUOUS
10
3.4706382283464565
20
-3.5114662204724407
11
3.4706274015748031
21
-3.5114118503937006
0
LINE
8
BLACK
6
CONTINUOUS
10
3.4706274015748031
20
-3.5114118503937006
11
3.4706105511811023
21
-3.5113925984251968
0
LINE
8
BLACK
6
CONTINUOUS
10
3.4706105511811023
20
-3.5113925984251968
11
3.4706138188976379
21
-3.5113435039370078
0
LINE
8
BLACK
6
CONTINUOUS
10
3.4706138188976379
20
-3.5113435039370078
11
3.4705483070866139
21
-3.5110142125984249
0
LINE
8
BLACK
6
CONTINUOUS
10
3.4705483070866139
20
-3.5110142125984249
11
3.4705483070866139
21
-3.5012654330708659
0
LINE
8
BLACK
6
CONTINUOUS
10
3.4705483070866139
20
-3.5012654330708659
11
3.4706382283464565
21
-3.5008134251968501
0
LINE
8
BLACK
6
CONTINUOUS
10
3.4706382283464565
20
-3.5008134251968501
11
3.4712774015748029
21
-3.5001742519685037
0
LINE
8
BLACK
6
CONTINUOUS
10
3.4712774015748029
20
-3.5001742519685037
11
3.4721814173228345
21
-3.5001742519685037
0
LINE
8
BLACK
6
CONTINUOUS
10
3.4721814173228345
20
-3.5001742519685037
11
3.4728205905511809
21
-3.5008134251968501
0
LINE
8
BLACK
6
CONTINUOUS
10
3.4771211417322836
20
-3.4862434251968502
11
3.4774070078740156
21
-3.4871009448818895
0
LINE
8
BLACK
6
CONTINUOUS
10
3.4774070078740156
20
-3.4871009448818895
11
3.477285275590551
21
-3.4875454330708662
0
LINE
8
BLACK
6
CONTINUOUS
10
3.477285275590551
20
-3.4875454330708662
11
3.4765353543307085
21
-3.4890452755905512
0
LINE
8
BLACK
6
CONTINUOUS
10
3.4765353543307085
20
-3.4890452755905512
11
3.476419212598425
21
-3.489194842519685
0
LINE
8
BLACK
6
CONTINUOUS
10
3.476419212598425
20
-3.489194842519685
11
3.4763140944881887
21
-3.489352244094488
0
LINE
8
BLACK
6
CONTINUOUS
10
3.4763140944881887
20
-3.489352244094488
11
3.4753307086614171
21
-3.4903355905511808
0
LINE
8
BLACK
6
CONTINUOUS
10
3.4753307086614171
20
-3.4903355905511808
11
3.4862963385826773
21
-3.4903355905511808
0
LINE
8
BLACK
6
CONTINUOUS
10
3.4862963385826773
20
-3.4903355905511808
11
3.4862963385826773
21
-3.487017244094488
0
LINE
8
BLACK
6
CONTINUOUS
10
3.4862963385826773
20
-3.487017244094488
11
3.4863862598425195
21
-3.4865652362204722
0
LINE
8
BLACK
6
CONTINUOUS
10
3.4863862598425195
20
-3.4865652362204722
11
3.4870254330708659
21
-3.4859260629921258
0
LINE
8
BLACK
6
CONTINUOUS
10
3.4870254330708659
20
-3.4859260629921258
11
3.4879294488188974
21
-3.4859260629921258
0
LINE
8
BLACK
6
CONTINUOUS
10
3.4879294488188974
20
-3.4859260629921258
11
3.4885686220472438
21
-3.4865652362204722
0
LINE
8
BLACK
6
CONTINUOUS
10
3.4885686220472438
20
-3.4865652362204722
11
3.4886585433070865
21
-3.487017244094488
0
LINE
8
BLACK
6
CONTINUOUS
10
3.4886585433070865
20
-3.487017244094488
11
3.4886585433070865
21
-3.4960161023622045
0
LINE
8
BLACK
6
CONTINUOUS
10
3.4886585433070865
20
-3.4960161023622045
11
3.4885686220472438
21
-3.4964681102362203
0
LINE
8
BLACK
6
CONTINUOUS
10
3.4885686220472438
20
-3.4964681102362203
11
3.4879294488188974
21
-3.4971072834645667
0
LINE
8
BLACK
6
CONTINUOUS
10
3.4879294488188974
20
-3.4971072834645667
11
3.4870254330708659
21
-3.4971072834645667
0
LINE
8
BLACK
6
CONTINUOUS
10
3.4870254330708659
20
-3.4971072834645667
11
3.4863862598425195
21
-3.4964681102362203
0
LINE
8
BLACK
6
CONTINUOUS
10
3.4863862598425195
20
-3.4964681102362203
11
3.4862963385826773
21
-3.4960161023622045
0
LINE
8
BLACK
6
CONTINUOUS
10
3.4862963385826773
20
-3.4960161023622045
11
3.4862963385826773
21
-3.4926977952755904
0
LINE
8
BLACK
6
CONTINUOUS
10
3.4862963385826773
20
-3.4926977952755904
11
3.4717294094488187
21
-3.4926977952755904
0
LINE
8
BLACK
6
CONTINUOUS
10
3.4717294094488187
20
-3.4926977952755904
11
3.4712774015748029
21
-3.4926078740157478
0
LINE
8
BLACK
6
CONTINUOUS
10
3.4712774015748029
20
-3.4926078740157478
11
3.4711914173228346
21
-3.4925218897637795
0
LINE
8
BLACK
6
CONTINUOUS
10
3.4711914173228346
20
-3.4925218897637795
11
3.4710722440944881
21
-3.4924980708661417
0
LINE
8
BLACK
6
CONTINUOUS
10
3.4710722440944881
20
-3.4924980708661417
11
3.4708814566929131
21
-3.492211929133858
0
LINE
8
BLACK
6
CONTINUOUS
10
3.4708814566929131
20
-3.492211929133858
11
3.4706382283464565
21
-3.4919687007874014
0
LINE
8
BLACK
6
CONTINUOUS
10
3.4706382283464565
20
-3.4919687007874014
11
3.4706382283464565
21
-3.4918470866141731
0
LINE
8
BLACK
6
CONTINUOUS
10
3.4706382283464565
20
-3.4918470866141731
11
3.4705707480314958
21
-3.4917459055118107
0
LINE
8
BLACK
6
CONTINUOUS
10
3.4705707480314958
20
-3.4917459055118107
11
3.4706382283464565
21
-3.491408503937008
0
LINE
8
BLACK
6
CONTINUOUS
10
3.4706382283464565
20
-3.491408503937008
11
3.4706382283464565
21
-3.4910646850393698
0
LINE
8
BLACK
6
CONTINUOUS
10
3.4706382283464565
20
-3.4910646850393698
11
3.4707241732283465
21
-3.4909787007874016
0
LINE
8
BLACK
6
CONTINUOUS
10
3.4707241732283465
20
-3.4909787007874016
11
3.470748031496063
21
-3.490859527559055
0
LINE
8
BLACK
6
CONTINUOUS
10
3.470748031496063
20
-3.490859527559055
11
3.4710742519685041
21
-3.4905339763779528
0
LINE
8
BLACK
6
CONTINUOUS
10
3.4710742519685041
20
-3.4905339763779528
11
3.4732267322834645
21
-3.489098897637795
0
LINE
8
BLACK
6
CONTINUOUS
10
3.4732267322834645
20
-3.489098897637795
11
3.4745082283464566
21
-3.4878174015748029
0
LINE
8
BLACK
6
CONTINUOUS
10
3.4745082283464566
20
-3.4878174015748029
11
3.4751724409448816
21
-3.4864890157480315
0
LINE
8
BLACK
6
CONTINUOUS
10
3.4751724409448816
20
-3.4864890157480315
11
3.4754550393700785
21
-3.4861249606299212
0
LINE
8
BLACK
6
CONTINUOUS
10
3.4754550393700785
20
-3.4861249606299212
11
3.4763125590551178
21
-3.4858390944881887
0
LINE
8
BLACK
6
CONTINUOUS
10
3.4763125590551178
20
-3.4858390944881887
11
3.4771211417322836
21
-3.4862434251968502
0
LINE
8
BLACK
6
CONTINUOUS
10
3.4879294488188974
20
-3.4709279527559054
11
3.4885686220472438
21
-3.4715671259842518
0
LINE
8
BLACK
6
CONTINUOUS
10
3.4885686220472438
20
-3.4715671259842518
11
3.4885686220472438
21
-3.4724711417322833
0
LINE
8
BLACK
6
CONTINUOUS
10
3.4885686220472438
20
-3.4724711417322833
11
3.4879294488188974
21
-3.4731103149606297
0
LINE
8
BLACK
6
CONTINUOUS
10
3.4879294488188974
20
-3.4731103149606297
11
3.4874774409448817
21
-3.4732002362204724
0
LINE
8
BLACK
6
CONTINUOUS
10
3.4874774409448817
20
-3.4732002362204724
11
3.4811594881889762
21
-3.4732002362204724
0
LINE
8
BLACK
6
CONTINUOUS
10
3.4811594881889762
20
-3.4732002362204724
11
3.4811594881889762
21
-3.4751537007874016
0
LINE
8
BLACK
6
CONTINUOUS
10
3.4811594881889762
20
-3.4751537007874016
11
3.4881547244094486
21
-3.4800503937007874
0
LINE
8
BLACK
6
CONTINUOUS
10
3.4881547244094486
20
-3.4800503937007874
11
3.4884734645669289
21
-3.4803832677165354
0
LINE
8
BLACK
6
CONTINUOUS
10
3.4884734645669289
20
-3.4803832677165354
11
3.4886305511811022
21
-3.4812734251968505
0
LINE
8
BLACK
6
CONTINUOUS
10
3.4886305511811022
20
-3.4812734251968505
11
3.4881121653543308
21
-3.4820140157480313
0
LINE
8
BLACK
6
CONTINUOUS
10
3.4881121653543308
20
-3.4820140157480313
11
3.487221968503937
21
-3.4821711023622046
0
LINE
8
BLACK
6
CONTINUOUS
10
3.487221968503937
20
-3.4821711023622046
11
3.4868001181102359
21
-3.4819855905511812
0
LINE
8
BLACK
6
CONTINUOUS
10
3.4868001181102359
20
-3.4819855905511812
11
3.4811561811023619
21
-3.4780348425196848
0
LINE
8
BLACK
6
CONTINUOUS
10
3.4811561811023619
20
-3.4780348425196848
11
3.4811479527559053
21
-3.4780763385826772
0
LINE
8
BLACK
6
CONTINUOUS
10
3.4811479527559053
20
-3.4780763385826772
11
3.4811565354330707
21
-3.478102086614173
0
LINE
8
BLACK
6
CONTINUOUS
10
3.4811565354330707
20
-3.478102086614173
11
3.4811064566929133
21
-3.4782848818897638
0
LINE
8
BLACK
6
CONTINUOUS
10
3.4811064566929133
20
-3.4782848818897638
11
3.4810695669291336
21
-3.4784703937007873
0
LINE
8
BLACK
6
CONTINUOUS
10
3.4810695669291336
20
-3.4784703937007873
11
3.4810503937007873
21
-3.4784895275590548
0
LINE
8
BLACK
6
CONTINUOUS
10
3.4810503937007873
20
-3.4784895275590548
11
3.4810348031496061
21
-3.4785465748031497
0
LINE
8
BLACK
6
CONTINUOUS
10
3.4810348031496061
20
-3.4785465748031497
11
3.4802848818897636
21
-3.4800464173228347
0
LINE
8
BLACK
6
CONTINUOUS
10
3.4802848818897636
20
-3.4800464173228347
11
3.4801688976377951
21
-3.4801957874015748
0
LINE
8
BLACK
6
CONTINUOUS
10
3.4801688976377951
20
-3.4801957874015748
11
3.4800636614173226
21
-3.4803533464566927
0
LINE
8
BLACK
6
CONTINUOUS
10
3.4800636614173226
20
-3.4803533464566927
11
3.4793137401574801
21
-3.4811032283464565
0
LINE
8
BLACK
6
CONTINUOUS
10
3.4793137401574801
20
-3.4811032283464565
11
3.4791565354330709
21
-3.4812082283464565
0
LINE
8
BLACK
6
CONTINUOUS
10
3.4791565354330709
20
-3.4812082283464565
11
3.4790068110236221
21
-3.4813244881889762
0
LINE
8
BLACK
6
CONTINUOUS
10
3.4790068110236221
20
-3.4813244881889762
11
3.4775069291338583
21
-3.4820744094488187
0
LINE
8
BLACK
6
CONTINUOUS
10
3.4775069291338583
20
-3.4820744094488187
11
3.4774498818897639
21
-3.4820899999999999
0
LINE
8
BLACK
6
CONTINUOUS
10
3.4774498818897639
20
-3.4820899999999999
11
3.4774307480314959
21
-3.4821091732283462
0
LINE
8
BLACK
6
CONTINUOUS
10
3.4774307480314959
20
-3.4821091732283462
11
3.4772449212598424
21
-3.4821461023622047
0
LINE
8
BLACK
6
CONTINUOUS
10
3.4772449212598424
20
-3.4821461023622047
11
3.4770624409448816
21
-3.4821961023622046
0
LINE
8
BLACK
6
CONTINUOUS
10
3.4770624409448816
20
-3.4821961023622046
11
3.4770367716535433
21
-3.4821875196850391
0
LINE
8
BLACK
6
CONTINUOUS
10
3.4770367716535433
20
-3.4821875196850391
11
3.4769787401574801
21
-3.4821990944881889
0
LINE
8
BLACK
6
CONTINUOUS
10
3.4769787401574801
20
-3.4821990944881889
11
3.47472905511811
21
-3.4821990944881889
0
LINE
8
BLACK
6
CONTINUOUS
10
3.47472905511811
20
-3.4821990944881889
11
3.474671062992126
21
-3.4821875590551179
0
LINE
8
BLACK
6
CONTINUOUS
10
3.474671062992126
20
-3.4821875590551179
11
3.4746453543307085
21
-3.4821961417322833
0
LINE
8
BLACK
6
CONTINUOUS
10
3.4746453543307085
20
-3.4821961417322833
11
3.4744625196850394
21
-3.4821460629921259
0
LINE
8
BLACK
6
CONTINUOUS
10
3.4744625196850394
20
-3.4821460629921259
11
3.4742770472440943
21
-3.4821091732283462
0
LINE
8
BLACK
6
CONTINUOUS
10
3.4742770472440943
20
-3.4821091732283462
11
3.4742578740157479
21
-3.4820899999999999
0
LINE
8
BLACK
6
CONTINUOUS
10
3.4742578740157479
20
-3.4820899999999999
11
3.4742008661417323
21
-3.4820744094488187
0
LINE
8
BLACK
6
CONTINUOUS
10
3.4742008661417323
20
-3.4820744094488187
11
3.4727010236220472
21
-3.4813244881889762
0
LINE
8
BLACK
6
CONTINUOUS
10
3.4727010236220472
20
-3.4813244881889762
11
3.472551771653543
21
-3.481208622047244
0
LINE
8
BLACK
6
CONTINUOUS
10
3.472551771653543
20
-3.481208622047244
11
3.4723940551181101
21
-3.4811032677165352
0
LINE
8
BLACK
6
CONTINUOUS
10
3.4723940551181101
20
-3.4811032677165352
11
3.4716441732283463
21
-3.4803533464566927
0
LINE
8
BLACK
6
CONTINUOUS
10
3.4716441732283463
20
-3.4803533464566927
11
3.4715391338582675
21
-3.4801961417322835
0
LINE
8
BLACK
6
CONTINUOUS
10
3.4715391338582675
20
-3.4801961417322835
11
3.4714229133858265
21
-3.4800464173228347
0
LINE
8
BLACK
6
CONTINUOUS
10
3.4714229133858265
20
-3.4800464173228347
11
3.470672992125984
21
-3.4785466141732284
0
LINE
8
BLACK
6
CONTINUOUS
10
3.470672992125984
20
-3.4785466141732284
11
3.4706573622047245
21
-3.4784895275590548
0
LINE
8
BLACK
6
CONTINUOUS
10
3.4706573622047245
20
-3.4784895275590548
11
3.4706382283464565
21
-3.4784703937007873
0
LINE
8
BLACK
6
CONTINUOUS
10
3.4706382283464565
20
-3.4784703937007873
11
3.4706012598425198
21
-3.4782846062992125
0
LINE
8
BLACK
6
CONTINUOUS
10
3.4706012598425198
20
-3.4782846062992125
11
3.4705512992125982
21
-3.478102086614173
0
LINE
8
BLACK
6
CONTINUOUS
10
3.4705512992125982
20
-3.478102086614173
11
3.4705598425196849
21
-3.4780764173228347
0
LINE
8
BLACK
6
CONTINUOUS
10
3.4705598425196849
20
-3.4780764173228347
11
3.4705483070866139
21
-3.4780183858267715
0
LINE
8
BLACK
6
CONTINUOUS
10
3.4705483070866139
20
-3.4780183858267715
11
3.4705483070866139
21
-3.4720191338582675
0
LINE
8
BLACK
6
CONTINUOUS
10
3.4705483070866139
20
-3.4720191338582675
11
3.4706382283464565
21
-3.4715671259842518
0
LINE
8
BLACK
6
CONTINUOUS
10
3.4706382283464565
20
-3.4715671259842518
11
3.4712774015748029
21
-3.4709279527559054
0
LINE
8
BLACK
6
CONTINUOUS
10
3.4712774015748029
20
-3.4709279527559054
11
3.4717294094488187
21
-3.4708380314960627
0
LINE
8
BLACK
6
CONTINUOUS
10
3.4717294094488187
20
-3.4708380314960627
11
3.4874774409448817
21
-3.4708380314960627
0
LINE
8
BLACK
6
CONTINUOUS
10
3.4874774409448817
20
-3.4708380314960627
11
3.4879294488188974
21
-3.4709279527559054
0
LINE
8
BLACK
6
CONTINUOUS
10
3.4729105118110235
20
-3.4777395275590552
11
3.4734499999999997
21
-3.4788185433070864
0
LINE
8
BLACK
6
CONTINUOUS
10
3.4734499999999997
20
-3.4788185433070864
11
3.4739288582677164
21
-3.4792973622047243
0
LINE
8
BLACK
6
CONTINUOUS
10
3.4739288582677164
20
-3.4792973622047243
11
3.4750079133858267
21
-3.4798368897637793
0
LINE
8
BLACK
6
CONTINUOUS
10
3.4750079133858267
20
-3.4798368897637793
11
3.4766999212598426
21
-3.4798368897637793
0
LINE
8
BLACK
6
CONTINUOUS
10
3.4766999212598426
20
-3.4798368897637793
11
3.4777789370078738
21
-3.4792973622047243
0
LINE
8
BLACK
6
CONTINUOUS
10
3.4777789370078738
20
-3.4792973622047243
11
3.4782577165354329
21
-3.4788185433070864
0
LINE
8
BLACK
6
CONTINUOUS
10
3.4782577165354329
20
-3.4788185433070864
11
3.4787972834645671
21
-3.4777394881889765
0
LINE
8
BLACK
6
CONTINUOUS
10
3.4787972834645671
20
-3.4777394881889765
11
3.4787972834645671
21
-3.4732002362204724
0
LINE
8
BLACK
6
CONTINUOUS
10
3.4787972834645671
20
-3.4732002362204724
11
3.4729105118110235
21
-3.4732002362204724
0
LINE
8
BLACK
6
CONTINUOUS
10
3.4729105118110235
20
-3.4732002362204724
11
3.4729105118110235
21
-3.4777395275590552
0
LINE
8
BLACK
6
CONTINUOUS
10
3.4973084251968505
20
-3.4578270078740156
11
3.4983737795275589
21
-3.4588923622047245
0
LINE
8
BLACK
6
CONTINUOUS
10
3.4983737795275589
20
-3.4588923622047245
11
3.498523622047244
21
-3.4596456692913384
0
LINE
8
BLACK
6
CONTINUOUS
10
3.498523622047244
20
-3.4596456692913384
11
3.498523622047244
21
-3.5226377952755903
0
LINE
8
BLACK
6
CONTINUOUS
10
3.498523622047244
20
-3.5226377952755903
11
3.4983737795275589
21
-3.5233911023622047
0
LINE
8
BLACK
6
CONTINUOUS
10
3.4983737795275589
20
-3.5233911023622047
11
3.4973084251968505
21
-3.5244564566929135
0
LINE
8
BLACK
6
CONTINUOUS
10
3.4973084251968505
20
-3.5244564566929135
11
3.4965551181102361
21
-3.5246062992125982
0
LINE
8
BLACK
6
CONTINUOUS
10
3.4965551181102361
20
-3.5246062992125982
11
3.464074803149606
21
-3.5246062992125982
0
LINE
8
BLACK
6
CONTINUOUS
10
3.464074803149606
20
-3.5246062992125982
11
3.4633214960629921
21
-3.5244564566929135
0
LINE
8
BLACK
6
CONTINUOUS
10
3.4633214960629921
20
-3.5244564566929135
11
3.4622561417322832
21
-3.5233911023622047
0
LINE
8
BLACK
6
CONTINUOUS
10
3.4622561417322832
20
-3.5233911023622047
11
3.4621062992125982
21
-3.5226377952755903
0
LINE
8
BLACK
6
CONTINUOUS
10
3.4621062992125982
20
-3.5226377952755903
11
3.4621062992125982
21
-3.4596456692913384
0
LINE
8
BLACK
6
CONTINUOUS
10
3.4621062992125982
20
-3.4596456692913384
11
3.4622561417322832
21
-3.4588923622047245
0
LINE
8
BLACK
6
CONTINUOUS
10
3.4622561417322832
20
-3.4588923622047245
11
3.4633214960629921
21
-3.4578270078740156
0
LINE
8
BLACK
6
CONTINUOUS
10
3.4633214960629921
20
-3.4578270078740156
11
3.464074803149606
21
-3.4576771653543306
0
LINE
8
BLACK
6
CONTINUOUS
10
3.464074803149606
20
-3.4576771653543306
11
3.4965551181102361
21
-3.4576771653543306
0
LINE
8
BLACK
6
CONTINUOUS
10
3.4965551181102361
20
-3.4576771653543306
11
3.4973084251968505
21
-3.4578270078740156
0
LINE
8
BLACK
6
CONTINUOUS
10
3.4660433070866139
20
-3.4616141732283463
11
3.4660433070866139
21
-3.5206692913385824
0
LINE
8
BLACK
6
CONTINUOUS
10
3.4660433070866139
20
-3.5206692913385824
11
3.4945866141732282
21
-3.5206692913385824
0
LINE
8
BLACK
6
CONTINUOUS
10
3.4945866141732282
20
-3.5206692913385824
11
3.4945866141732282
21
-3.4616141732283463
0
LINE
8
BLACK
6
CONTINUOUS
10
3.4945866141732282
20
-3.4616141732283463
11
3.4660433070866139
21
-3.4616141732283463
0
LINE
8
BLACK
6
CONTINUOUS
10
3.4879294488188974
20
-3.3820640157480315
11
3.4885686220472438
21
-3.3827031889763779
0
LINE
8
BLACK
6
CONTINUOUS
10
3.4885686220472438
20
-3.3827031889763779
11
3.4886585433070865
21
-3.3831551968503937
0
LINE
8
BLACK
6
CONTINUOUS
10
3.4886585433070865
20
-3.3831551968503937
11
3.4886585433070865
21
-3.3929039763779527
0
LINE
8
BLACK
6
CONTINUOUS
10
3.4886585433070865
20
-3.3929039763779527
11
3.4885686220472438
21
-3.3933559842519685
0
LINE
8
BLACK
6
CONTINUOUS
10
3.4885686220472438
20
-3.3933559842519685
11
3.4879294488188974
21
-3.3939951574803149
0
LINE
8
BLACK
6
CONTINUOUS
10
3.4879294488188974
20
-3.3939951574803149
11
3.4870254330708659
21
-3.3939951574803149
0
LINE
8
BLACK
6
CONTINUOUS
10
3.4870254330708659
20
-3.3939951574803149
11
3.4863862598425195
21
-3.3933559842519685
0
LINE
8
BLACK
6
CONTINUOUS
10
3.4863862598425195
20
-3.3933559842519685
11
3.4862963385826773
21
-3.3929039763779527
0
LINE
8
BLACK
6
CONTINUOUS
10
3.4862963385826773
20
-3.3929039763779527
11
3.4862963385826773
21
-3.3860066141732283
0
LINE
8
BLACK
6
CONTINUOUS
10
3.4862963385826773
20
-3.3860066141732283
11
3.4793137401574801
21
-3.3929892519685039
0
LINE
8
BLACK
6
CONTINUOUS
10
3.4793137401574801
20
-3.3929892519685039
11
3.4792645275590552
21
-3.3930220866141734
0
LINE
8
BLACK
6
CONTINUOUS
10
3.4792645275590552
20
-3.3930220866141734
11
3.4792524409448817
21
-3.393046338582677
0
LINE
8
BLACK
6
CONTINUOUS
10
3.4792524409448817
20
-3.393046338582677
11
3.4790877952755905
21
-3.3931401968503936
0
LINE
8
BLACK
6
CONTINUOUS
10
3.4790877952755905
20
-3.3931401968503936
11
3.4789305511811022
21
-3.3932452755905511
0
LINE
8
BLACK
6
CONTINUOUS
10
3.4789305511811022
20
-3.3932452755905511
11
3.4789035433070867
21
-3.3932452755905511
0
LINE
8
BLACK
6
CONTINUOUS
10
3.4789035433070867
20
-3.3932452755905511
11
3.478852086614173
21
-3.3932746062992125
0
LINE
8
BLACK
6
CONTINUOUS
10
3.478852086614173
20
-3.3932746062992125
11
3.4766023622047242
21
-3.3940244881889763
0
LINE
8
BLACK
6
CONTINUOUS
10
3.4766023622047242
20
-3.3940244881889763
11
3.4764144488188977
21
-3.3940481496062991
0
LINE
8
BLACK
6
CONTINUOUS
10
3.4764144488188977
20
-3.3940481496062991
11
3.4762288582677163
21
-3.3940850787401575
0
LINE
8
BLACK
6
CONTINUOUS
10
3.4762288582677163
20
-3.3940850787401575
11
3.47472905511811
21
-3.3940850787401575
0
LINE
8
BLACK
6
CONTINUOUS
10
3.47472905511811
20
-3.3940850787401575
11
3.4746709842519685
21
-3.3940735039370078
0
LINE
8
BLACK
6
CONTINUOUS
10
3.4746709842519685
20
-3.3940735039370078
11
3.4746453543307085
21
-3.3940820866141732
0
LINE
8
BLACK
6
CONTINUOUS
10
3.4746453543307085
20
-3.3940820866141732
11
3.4744628346456694
21
-3.3940320866141733
0
LINE
8
BLACK
6
CONTINUOUS
10
3.4744628346456694
20
-3.3940320866141733
11
3.4742770472440943
21
-3.3939951574803149
0
LINE
8
BLACK
6
CONTINUOUS
10
3.4742770472440943
20
-3.3939951574803149
11
3.4742578740157479
21
-3.3939759842519686
0
LINE
8
BLACK
6
CONTINUOUS
10
3.4742578740157479
20
-3.3939759842519686
11
3.4742008661417323
21
-3.3939603937007874
0
LINE
8
BLACK
6
CONTINUOUS
10
3.4742008661417323
20
-3.3939603937007874
11
3.4727010236220472
21
-3.3932105118110236
0
LINE
8
BLACK
6
CONTINUOUS
10
3.4727010236220472
20
-3.3932105118110236
11
3.4725513779527559
21
-3.3930943700787402
0
LINE
8
BLACK
6
CONTINUOUS
10
3.4725513779527559
20
-3.3930943700787402
11
3.4723940157480313
21
-3.3929892125984251
0
LINE
8
BLACK
6
CONTINUOUS
10
3.4723940157480313
20
-3.3929892125984251
11
3.4716441338582675
21
-3.3922393307086613
0
LINE
8
BLACK
6
CONTINUOUS
10
3.4716441338582675
20
-3.3922393307086613
11
3.4715389370078737
21
-3.3920818503937009
0
LINE
8
BLACK
6
CONTINUOUS
10
3.4715389370078737
20
-3.3920818503937009
11
3.4714229133858265
21
-3.3919324015748029
0
LINE
8
BLACK
6
CONTINUOUS
10
3.4714229133858265
20
-3.3919324015748029
11
3.470672992125984
21
-3.3904325984251966
0
LINE
8
BLACK
6
CONTINUOUS
10
3.470672992125984
20
-3.3904325984251966
11
3.4706573622047245
21
-3.3903755118110235
0
LINE
8
BLACK
6
CONTINUOUS
10
3.4706573622047245
20
-3.3903755118110235
11
3.4706382283464565
21
-3.3903563779527559
0
LINE
8
BLACK
6
CONTINUOUS
10
3.4706382283464565
20
-3.3903563779527559
11
3.4706012598425198
21
-3.3901705905511812
0
LINE
8
BLACK
6
CONTINUOUS
10
3.4706012598425198
20
-3.3901705905511812
11
3.4705512992125982
21
-3.3899880708661416
0
LINE
8
BLACK
6
CONTINUOUS
10
3.4705512992125982
20
-3.3899880708661416
11
3.4705598425196849
21
-3.3899624015748029
0
LINE
8
BLACK
6
CONTINUOUS
10
3.4705598425196849
20
-3.3899624015748029
11
3.4705483070866139
21
-3.3899043700787401
0
LINE
8
BLACK
6
CONTINUOUS
10
3.4705483070866139
20
-3.3899043700787401
11
3.4705483070866139
21
-3.386154842519685
0
LINE
8
BLACK
6
CONTINUOUS
10
3.4705483070866139
20
-3.386154842519685
11
3.4705598425196849
21
-3.3860967716535431
0
LINE
8
BLACK
6
CONTINUOUS
10
3.4705598425196849
20
-3.3860967716535431
11
3.4705512992125982
21
-3.3860711417322835
0
LINE
8
BLACK
6
CONTINUOUS
10
3.4705512992125982
20
-3.3860711417322835
11
3.4706012598425198
21
-3.3858885826771652
0
LINE
8
BLACK
6
CONTINUOUS
10
3.4706012598425198
20
-3.3858885826771652
11
3.4706382283464565
21
-3.3857028346456692
0
LINE
8
BLACK
6
CONTINUOUS
10
3.4706382283464565
20
-3.3857028346456692
11
3.4706573622047245
21
-3.3856836614173229
0
LINE
8
BLACK
6
CONTINUOUS
10
3.4706573622047245
20
-3.3856836614173229
11
3.470672992125984
21
-3.3856266141732281
0
LINE
8
BLACK
6
CONTINUOUS
10
3.470672992125984
20
-3.3856266141732281
11
3.4714229133858265
21
-3.3841268110236218
0
LINE
8
BLACK
6
CONTINUOUS
10
3.4714229133858265
20
-3.3841268110236218
11
3.4715389370078737
21
-3.3839773228346455
0
LINE
8
BLACK
6
CONTINUOUS
10
3.4715389370078737
20
-3.3839773228346455
11
3.4716441338582675
21
-3.3838198818897638
0
LINE
8
BLACK
6
CONTINUOUS
10
3.4716441338582675
20
-3.3838198818897638
11
3.4723940157480313
21
-3.38307
0
LINE
8
BLACK
6
CONTINUOUS
10
3.4723940157480313
20
-3.38307
11
3.4727772047244092
21
-3.382813937007874
0
LINE
8
BLACK
6
CONTINUOUS
10
3.4727772047244092
20
-3.382813937007874
11
3.4736811417322833
21
-3.3828138976377953
0
LINE
8
BLACK
6
CONTINUOUS
10
3.4736811417322833
20
-3.3828138976377953
11
3.4743203937007872
21
-3.3834531496062992
0
LINE
8
BLACK
6
CONTINUOUS
10
3.4743203937007872
20
-3.3834531496062992
11
3.4743204330708659
21
-3.3843570472440945
0
LINE
8
BLACK
6
CONTINUOUS
10
3.4743204330708659
20
-3.3843570472440945
11
3.4740644094488187
21
-3.3847402755905511
0
LINE
8
BLACK
6
CONTINUOUS
10
3.4740644094488187
20
-3.3847402755905511
11
3.4734499999999997
21
-3.3853546850393701
0
LINE
8
BLACK
6
CONTINUOUS
10
3.4734499999999997
20
-3.3853546850393701
11
3.4729105118110235
21
-3.3864337007874017
0
LINE
8
BLACK
6
CONTINUOUS
10
3.4729105118110235
20
-3.3864337007874017
11
3.4729105118110235
21
-3.3896255118110235
0
LINE
8
BLACK
6
CONTINUOUS
10
3.4729105118110235
20
-3.3896255118110235
11
3.4734499999999997
21
-3.3907044881889763
0
LINE
8
BLACK
6
CONTINUOUS
10
3.4734499999999997
20
-3.3907044881889763
11
3.4739288976377951
21
-3.3911833858267717
0
LINE
8
BLACK
6
CONTINUOUS
10
3.4739288976377951
20
-3.3911833858267717
11
3.475007874015748
21
-3.3917228740157479
0
LINE
8
BLACK
6
CONTINUOUS
10
3.475007874015748
20
-3.3917228740157479
11
3.4760371259842517
21
-3.3917228740157479
0
LINE
8
BLACK
6
CONTINUOUS
10
3.4760371259842517
20
-3.3917228740157479
11
3.4778405905511809
21
-3.3911217322834646
0
LINE
8
BLACK
6
CONTINUOUS
10
3.4778405905511809
20
-3.3911217322834646
11
3.4866422834645667
21
-3.3823200393700787
0
LINE
8
BLACK
6
CONTINUOUS
10
3.4866422834645667
20
-3.3823200393700787
11
3.4870253149606301
21
-3.382064094488189
0
LINE
8
BLACK
6
CONTINUOUS
10
3.4870253149606301
20
-3.382064094488189
11
3.4870254330708659
21
-3.3820640157480315
0
LINE
8
BLACK
6
CONTINUOUS
10
3.4870254330708659
20
-3.3820640157480315
11
3.4870254724409446
21
-3.3820640157480315
0
LINE
8
BLACK
6
CONTINUOUS
10
3.4870254724409446
20
-3.3820640157480315
11
3.4879294094488187
21
-3.3820639763779528
0
LINE
8
BLACK
6
CONTINUOUS
10
3.4879294094488187
20
-3.3820639763779528
11
3.4879294488188974
21
-3.3820640157480315
0
LINE
8
BLACK
6
CONTINUOUS
10
3.4771211417322836
20
-3.3681331889763779
11
3.4774070078740156
21
-3.3689907086614173
0
LINE
8
BLACK
6
CONTINUOUS
10
3.4774070078740156
20
-3.3689907086614173
11
3.477285275590551
21
-3.3694351968503935
0
LINE
8
BLACK
6
CONTINUOUS
10
3.477285275590551
20
-3.3694351968503935
11
3.4765353543307085
21
-3.3709350393700785
0
LINE
8
BLACK
6
CONTINUOUS
10
3.4765353543307085
20
-3.3709350393700785
11
3.476419212598425
21
-3.3710846062992124
0
LINE
8
BLACK
6
CONTINUOUS
10
3.476419212598425
20
-3.3710846062992124
11
3.4763140944881887
21
-3.3712420078740157
0
LINE
8
BLACK
6
CONTINUOUS
10
3.4763140944881887
20
-3.3712420078740157
11
3.4753307086614171
21
-3.3722253543307086
0
LINE
8
BLACK
6
CONTINUOUS
10
3.4753307086614171
20
-3.3722253543307086
11
3.4862963385826773
21
-3.3722253543307086
0
LINE
8
BLACK
6
CONTINUOUS
10
3.4862963385826773
20
-3.3722253543307086
11
3.4862963385826773
21
-3.3689070078740158
0
LINE
8
BLACK
6
CONTINUOUS
10
3.4862963385826773
20
-3.3689070078740158
11
3.4863862598425195
21
-3.368455
0
LINE
8
BLACK
6
CONTINUOUS
10
3.4863862598425195
20
-3.368455
11
3.4870254330708659
21
-3.3678158267716536
0
LINE
8
BLACK
6
CONTINUOUS
10
3.4870254330708659
20
-3.3678158267716536
11
3.4879294488188974
21
-3.3678158267716536
0
LINE
8
BLACK
6
CONTINUOUS
10
3.4879294488188974
20
-3.3678158267716536
11
3.4885686220472438
21
-3.368455
0
LINE
8
BLACK
6
CONTINUOUS
10
3.4885686220472438
20
-3.368455
11
3.4886585433070865
21
-3.3689070078740158
0
LINE
8
BLACK
6
CONTINUOUS
10
3.4886585433070865
20
-3.3689070078740158
11
3.4886585433070865
21
-3.3779058661417323
0
LINE
8
BLACK
6
CONTINUOUS
10
3.4886585433070865
20
-3.3779058661417323
11
3.4885686220472438
21
-3.3783578740157481
0
LINE
8
BLACK
6
CONTINUOUS
10
3.4885686220472438
20
-3.3783578740157481
11
3.4879294488188974
21
-3.3789970472440944
0
LINE
8
BLACK
6
CONTINUOUS
10
3.4879294488188974
20
-3.3789970472440944
11
3.4870254330708659
21
-3.3789970472440944
0
LINE
8
BLACK
6
CONTINUOUS
10
3.4870254330708659
20
-3.3789970472440944
11
3.4863862598425195
21
-3.3783578740157481
0
LINE
8
BLACK
6
CONTINUOUS
10
3.4863862598425195
20
-3.3783578740157481
11
3.4862963385826773
21
-3.3779058661417323
0
LINE
8
BLACK
6
CONTINUOUS
10
3.4862963385826773
20
-3.3779058661417323
11
3.4862963385826773
21
-3.3745875590551182
0
LINE
8
BLACK
6
CONTINUOUS
10
3.4862963385826773
20
-3.3745875590551182
11
3.4717294094488187
21
-3.3745875590551182
0
LINE
8
BLACK
6
CONTINUOUS
10
3.4717294094488187
20
-3.3745875590551182
11
3.4712774015748029
21
-3.3744976377952756
0
LINE
8
BLACK
6
CONTINUOUS
10
3.4712774015748029
20
-3.3744976377952756
11
3.4711914173228346
21
-3.3744116535433069
0
LINE
8
BLACK
6
CONTINUOUS
10
3.4711914173228346
20
-3.3744116535433069
11
3.4710722440944881
21
-3.374387834645669
0
LINE
8
BLACK
6
CONTINUOUS
10
3.4710722440944881
20
-3.374387834645669
11
3.4708814566929131
21
-3.3741016929133858
0
LINE
8
BLACK
6
CONTINUOUS
10
3.4708814566929131
20
-3.3741016929133858
11
3.4706382283464565
21
-3.3738584645669292
0
LINE
8
BLACK
6
CONTINUOUS
10
3.4706382283464565
20
-3.3738584645669292
11
3.4706382283464565
21
-3.3737368503937009
0
LINE
8
BLACK
6
CONTINUOUS
10
3.4706382283464565
20
-3.3737368503937009
11
3.4705707480314958
21
-3.3736356692913385
0
LINE
8
BLACK
6
CONTINUOUS
10
3.4705707480314958
20
-3.3736356692913385
11
3.4706382283464565
21
-3.3732982677165353
0
LINE
8
BLACK
6
CONTINUOUS
10
3.4706382283464565
20
-3.3732982677165353
11
3.4706382283464565
21
-3.3729544488188976
0
LINE
8
BLACK
6
CONTINUOUS
10
3.4706382283464565
20
-3.3729544488188976
11
3.4707241732283465
21
-3.3728684645669289
0
LINE
8
BLACK
6
CONTINUOUS
10
3.4707241732283465
20
-3.3728684645669289
11
3.470748031496063
21
-3.3727492913385828
0
LINE
8
BLACK
6
CONTINUOUS
10
3.470748031496063
20
-3.3727492913385828
11
3.4710742519685041
21
-3.3724237401574801
0
LINE
8
BLACK
6
CONTINUOUS
10
3.4710742519685041
20
-3.3724237401574801
11
3.4732267322834645
21
-3.3709886614173228
0
LINE
8
BLACK
6
CONTINUOUS
10
3.4732267322834645
20
-3.3709886614173228
11
3.4745082283464566
21
-3.3697071653543307
0
LINE
8
BLACK
6
CONTINUOUS
10
3.4745082283464566
20
-3.3697071653543307
11
3.4751724409448816
21
-3.3683787795275588
0
LINE
8
BLACK
6
CONTINUOUS
10
3.4751724409448816
20
-3.3683787795275588
11
3.4754550393700785
21
-3.3680147244094489
0
LINE
8
BLACK
6
CONTINUOUS
10
3.4754550393700785
20
-3.3680147244094489
11
3.4763125590551178
21
-3.3677288582677165
0
LINE
8
BLACK
6
CONTINUOUS
10
3.4763125590551178
20
-3.3677288582677165
11
3.4771211417322836
21
-3.3681331889763779
0
LINE
8
BLACK
6
CONTINUOUS
10
3.4879294488188974
20
-3.3528177165354331
11
3.4885686220472438
21
-3.3534568897637795
0
LINE
8
BLACK
6
CONTINUOUS
10
3.4885686220472438
20
-3.3534568897637795
11
3.4885686220472438
21
-3.3543609055118111
0
LINE
8
BLACK
6
CONTINUOUS
10
3.4885686220472438
20
-3.3543609055118111
11
3.4879294488188974
21
-3.3550000787401575
0
LINE
8
BLACK
6
CONTINUOUS
10
3.4879294488188974
20
-3.3550000787401575
11
3.4874774409448817
21
-3.3550900000000001
0
LINE
8
BLACK
6
CONTINUOUS
10
3.4874774409448817
20
-3.3550900000000001
11
3.4811594881889762
21
-3.3550900000000001
0
LINE
8
BLACK
6
CONTINUOUS
10
3.4811594881889762
20
-3.3550900000000001
11
3.4811594881889762
21
-3.3570434645669289
0
LINE
8
BLACK
6
CONTINUOUS
10
3.4811594881889762
20
-3.3570434645669289
11
3.4881547244094486
21
-3.3619401574803147
0
LINE
8
BLACK
6
CONTINUOUS
10
3.4881547244094486
20
-3.3619401574803147
11
3.4884734645669289
21
-3.3622730314960627
0
LINE
8
BLACK
6
CONTINUOUS
10
3.4884734645669289
20
-3.3622730314960627
11
3.4886305511811022
21
-3.3631631889763778
0
LINE
8
BLACK
6
CONTINUOUS
10
3.4886305511811022
20
-3.3631631889763778
11
3.4881121653543308
21
-3.363903779527559
0
LINE
8
BLACK
6
CONTINUOUS
10
3.4881121653543308
20
-3.363903779527559
11
3.487221968503937
21
-3.3640608661417324
0
LINE
8
BLACK
6
CONTINUOUS
10
3.487221968503937
20
-3.3640608661417324
11
3.4868001181102359
21
-3.3638753543307085
0
LINE
8
BLACK
6
CONTINUOUS
10
3.4868001181102359
20
-3.3638753543307085
11
3.4811561811023619
21
-3.3599246062992125
0
LINE
8
BLACK
6
CONTINUOUS
10
3.4811561811023619
20
-3.3599246062992125
11
3.4811479527559053
21
-3.3599661023622045
0
LINE
8
BLACK
6
CONTINUOUS
10
3.4811479527559053
20
-3.3599661023622045
11
3.4811565354330707
21
-3.3599918503937007
0
LINE
8
BLACK
6
CONTINUOUS
10
3.4811565354330707
20
-3.3599918503937007
11
3.4811064566929133
21
-3.3601746456692911
0
LINE
8
BLACK
6
CONTINUOUS
10
3.4811064566929133
20
-3.3601746456692911
11
3.4810695669291336
21
-3.360360157480315
0
LINE
8
BLACK
6
CONTINUOUS
10
3.4810695669291336
20
-3.360360157480315
11
3.4810503937007873
21
-3.3603792913385826
0
LINE
8
BLACK
6
CONTINUOUS
10
3.4810503937007873
20
-3.3603792913385826
11
3.4810348031496061
21
-3.360436338582677
0
LINE
8
BLACK
6
CONTINUOUS
10
3.4810348031496061
20
-3.360436338582677
11
3.4802848818897636
21
-3.361936181102362
0
LINE
8
BLACK
6
CONTINUOUS
10
3.4802848818897636
20
-3.361936181102362
11
3.4801688976377951
21
-3.3620855511811021
0
LINE
8
BLACK
6
CONTINUOUS
10
3.4801688976377951
20
-3.3620855511811021
11
3.4800636614173226
21
-3.3622431102362205
0
LINE
8
BLACK
6
CONTINUOUS
10
3.4800636614173226
20
-3.3622431102362205
11
3.4793137401574801
21
-3.3629929921259842
0
LINE
8
BLACK
6
CONTINUOUS
10
3.4793137401574801
20
-3.3629929921259842
11
3.4791565354330709
21
-3.3630979921259843
0
LINE
8
BLACK
6
CONTINUOUS
10
3.4791565354330709
20
-3.3630979921259843
11
3.4790068110236221
21
-3.363214251968504
0
LINE
8
BLACK
6
CONTINUOUS
10
3.4790068110236221
20
-3.363214251968504
11
3.4775069291338583
21
-3.3639641732283465
0
LINE
8
BLACK
6
CONTINUOUS
10
3.4775069291338583
20
-3.3639641732283465
11
3.4774498818897639
21
-3.3639797637795277
0
LINE
8
BLACK
6
CONTINUOUS
10
3.4774498818897639
20
-3.3639797637795277
11
3.4774307480314959
21
-3.363998937007874
0
LINE
8
BLACK
6
CONTINUOUS
10
3.4774307480314959
20
-3.363998937007874
11
3.4772449212598424
21
-3.364035866141732
0
LINE
8
BLACK
6
CONTINUOUS
10
3.4772449212598424
20
-3.364035866141732
11
3.4770624409448816
21
-3.3640858661417323
0
LINE
8
BLACK
6
CONTINUOUS
10
3.4770624409448816
20
-3.3640858661417323
11
3.4770367716535433
21
-3.3640772834645669
0
LINE
8
BLACK
6
CONTINUOUS
10
3.4770367716535433
20
-3.3640772834645669
11
3.4769787401574801
21
-3.3640888582677166
0
LINE
8
BLACK
6
CONTINUOUS
10
3.4769787401574801
20
-3.3640888582677166
11
3.47472905511811
21
-3.3640888582677166
0
LINE
8
BLACK
6
CONTINUOUS
10
3.47472905511811
20
-3.3640888582677166
11
3.474671062992126
21
-3.3640773228346457
0
LINE
8
BLACK
6
CONTINUOUS
10
3.474671062992126
20
-3.3640773228346457
11
3.4746453543307085
21
-3.3640859055118111
0
LINE
8
BLACK
6
CONTINUOUS
10
3.4746453543307085
20
-3.3640859055118111
11
3.4744625196850394
21
-3.3640358267716532
0
LINE
8
BLACK
6
CONTINUOUS
10
3.4744625196850394
20
-3.3640358267716532
11
3.4742770472440943
21
-3.363998937007874
0
LINE
8
BLACK
6
CONTINUOUS
10
3.4742770472440943
20
-3.363998937007874
11
3.4742578740157479
21
-3.3639797637795277
0
LINE
8
BLACK
6
CONTINUOUS
10
3.4742578740157479
20
-3.3639797637795277
11
3.4742008661417323
21
-3.3639641732283465
0
LINE
8
BLACK
6
CONTINUOUS
10
3.4742008661417323
20
-3.3639641732283465
11
3.4727010236220472
21
-3.363214251968504
0
LINE
8
BLACK
6
CONTINUOUS
10
3.4727010236220472
20
-3.363214251968504
11
3.472551771653543
21
-3.3630983858267718
0
LINE
8
BLACK
6
CONTINUOUS
10
3.472551771653543
20
-3.3630983858267718
11
3.4723940551181101
21
-3.362993031496063
0
LINE
8
BLACK
6
CONTINUOUS
10
3.4723940551181101
20
-3.362993031496063
11
3.4716441732283463
21
-3.3622431102362205
0
LINE
8
BLACK
6
CONTINUOUS
10
3.4716441732283463
20
-3.3622431102362205
11
3.4715391338582675
21
-3.3620859055118109
0
LINE
8
BLACK
6
CONTINUOUS
10
3.4715391338582675
20
-3.3620859055118109
11
3.4714229133858265
21
-3.361936181102362
0
LINE
8
BLACK
6
CONTINUOUS
10
3.4714229133858265
20
-3.361936181102362
11
3.470672992125984
21
-3.3604363779527557
0
LINE
8
BLACK
6
CONTINUOUS
10
3.470672992125984
20
-3.3604363779527557
11
3.4706573622047245
21
-3.3603792913385826
0
LINE
8
BLACK
6
CONTINUOUS
10
3.4706573622047245
20
-3.3603792913385826
11
3.4706382283464565
21
-3.360360157480315
0
LINE
8
BLACK
6
CONTINUOUS
10
3.4706382283464565
20
-3.360360157480315
11
3.4706012598425198
21
-3.3601743700787399
0
LINE
8
BLACK
6
CONTINUOUS
10
3.4706012598425198
20
-3.3601743700787399
11
3.4705512992125982
21
-3.3599918503937007
0
LINE
8
BLACK
6
CONTINUOUS
10
3.4705512992125982
20
-3.3599918503937007
11
3.4705598425196849
21
-3.359966181102362
0
LINE
8
BLACK
6
CONTINUOUS
10
3.4705598425196849
20
-3.359966181102362
11
3.4705483070866139
21
-3.3599081496062992
0
LINE
8
BLACK
6
CONTINUOUS
10
3.4705483070866139
20
-3.3599081496062992
11
3.4705483070866139
21
-3.3539088976377953
0
LINE
8
BLACK
6
CONTINUOUS
10
3.4705483070866139
20
-3.3539088976377953
11
3.4706382283464565
21
-3.3534568897637795
0
LINE
8
BLACK
6
CONTINUOUS
10
3.4706382283464565
20
-3.3534568897637795
11
3.4712774015748029
21
-3.3528177165354331
0
LINE
8
BLACK
6
CONTINUOUS
10
3.4712774015748029
20
-3.3528177165354331
11
3.4717294094488187
21
-3.3527277952755905
0
LINE
8
BLACK
6
CONTINUOUS
10
3.4717294094488187
20
-3.3527277952755905
11
3.4874774409448817
21
-3.3527277952755905
0
LINE
8
BLACK
6
CONTINUOUS
10
3.4874774409448817
20
-3.3527277952755905
11
3.4879294488188974
21
-3.3528177165354331
0
LINE
8
BLACK
6
CONTINUOUS
10
3.4729105118110235
20
-3.3596292913385826
11
3.4734499999999997
21
-3.3607083070866142
0
LINE
8
BLACK
6
CONTINUOUS
10
3.4734499999999997
20
-3.3607083070866142
11
3.4739288582677164
21
-3.3611871259842521
0
LINE
8
BLACK
6
CONTINUOUS
10
3.4739288582677164
20
-3.3611871259842521
11
3.4750079133858267
21
-3.361726653543307
0
LINE
8
BLACK
6
CONTINUOUS
10
3.4750079133858267
20
-3.361726653543307
11
3.4766999212598426
21
-3.361726653543307
0
LINE
8
BLACK
6
CONTINUOUS
10
3.4766999212598426
20
-3.361726653543307
11
3.4777789370078738
21
-3.3611871259842521
0
LINE
8
BLACK
6
CONTINUOUS
10
3.4777789370078738
20
-3.3611871259842521
11
3.4782577165354329
21
-3.3607083070866142
0
LINE
8
BLACK
6
CONTINUOUS
10
3.4782577165354329
20
-3.3607083070866142
11
3.4787972834645671
21
-3.3596292519685038
0
LINE
8
BLACK
6
CONTINUOUS
10
3.4787972834645671
20
-3.3596292519685038
11
3.4787972834645671
21
-3.3550900000000001
0
LINE
8
BLACK
6
CONTINUOUS
10
3.4787972834645671
20
-3.3550900000000001
11
3.4729105118110235
21
-3.3550900000000001
0
LINE
8
BLACK
6
CONTINUOUS
10
3.4729105118110235
20
-3.3550900000000001
11
3.4729105118110235
21
-3.3596292913385826
0
LINE
8
BLACK
6
CONTINUOUS
10
3.4973084251968505
20
-3.3397167716535434
11
3.4983737795275589
21
-3.3407821259842518
0
LINE
8
BLACK
6
CONTINUOUS
10
3.4983737795275589
20
-3.3407821259842518
11
3.498523622047244
21
-3.3415354330708662
0
LINE
8
BLACK
6
CONTINUOUS
10
3.498523622047244
20
-3.3415354330708662
11
3.498523622047244
21
-3.4045275590551181
0
LINE
8
BLACK
6
CONTINUOUS
10
3.498523622047244
20
-3.4045275590551181
11
3.4983737795275589
21
-3.4052808661417324
0
LINE
8
BLACK
6
CONTINUOUS
10
3.4983737795275589
20
-3.4052808661417324
11
3.4973084251968505
21
-3.4063462204724408
0
LINE
8
BLACK
6
CONTINUOUS
10
3.4973084251968505
20
-3.4063462204724408
11
3.4965551181102361
21
-3.4064960629921259
0
LINE
8
BLACK
6
CONTINUOUS
10
3.4965551181102361
20
-3.4064960629921259
11
3.464074803149606
21
-3.4064960629921259
0
LINE
8
BLACK
6
CONTINUOUS
10
3.464074803149606
20
-3.4064960629921259
11
3.4633214960629921
21
-3.4063462204724408
0
LINE
8
BLACK
6
CONTINUOUS
10
3.4633214960629921
20
-3.4063462204724408
11
3.4622561417322832
21
-3.4052808661417324
0
LINE
8
BLACK
6
CONTINUOUS
10
3.4622561417322832
20
-3.4052808661417324
11
3.4621062992125982
21
-3.4045275590551181
0
LINE
8
BLACK
6
CONTINUOUS
10
3.4621062992125982
20
-3.4045275590551181
11
3.4621062992125982
21
-3.3415354330708662
0
LINE
8
BLACK
6
CONTINUOUS
10
3.4621062992125982
20
-3.3415354330708662
11
3.4622561417322832
21
-3.3407821259842518
0
LINE
8
BLACK
6
CONTINUOUS
10
3.4622561417322832
20
-3.3407821259842518
11
3.4633214960629921
21
-3.3397167716535434
0
LINE
8
BLACK
6
CONTINUOUS
10
3.4633214960629921
20
-3.3397167716535434
11
3.464074803149606
21
-3.3395669291338583
0
LINE
8
BLACK
6
CONTINUOUS
10
3.464074803149606
20
-3.3395669291338583
11
3.4965551181102361
21
-3.3395669291338583
0
LINE
8
BLACK
6
CONTINUOUS
10
3.4965551181102361
20
-3.3395669291338583
11
3.4973084251968505
21
-3.3397167716535434
0
LINE
8
BLACK
6
CONTINUOUS
10
3.4660433070866139
20
-3.3435039370078741
11
3.4660433070866139
21
-3.4025590551181102
0
LINE
8
BLACK
6
CONTINUOUS
10
3.4660433070866139
20
-3.4025590551181102
11
3.4945866141732282
21
-3.4025590551181102
0
LINE
8
BLACK
6
CONTINUOUS
10
3.4945866141732282
20
-3.4025590551181102
11
3.4945866141732282
21
-3.3435039370078741
0
LINE
8
BLACK
6
CONTINUOUS
10
3.4945866141732282
20
-3.3435039370078741
11
3.4660433070866139
21
-3.3435039370078741
0
LINE
8
BLACK
6
CONTINUOUS
10
3.5472061811023621
20
-3.1306998031496063
11
3.5474920472440945
21
-3.1315573228346456
0
LINE
8
BLACK
6
CONTINUOUS
10
3.5474920472440945
20
-3.1315573228346456
11
3.5473703149606299
21
-3.1320018110236219
0
LINE
8
BLACK
6
CONTINUOUS
10
3.5473703149606299
20
-3.1320018110236219
11
3.5466203937007874
21
-3.1335016535433069
0
LINE
8
BLACK
6
CONTINUOUS
10
3.5466203937007874
20
-3.1335016535433069
11
3.5465042519685039
21
-3.1336512204724407
0
LINE
8
BLACK
6
CONTINUOUS
10
3.5465042519685039
20
-3.1336512204724407
11
3.5463991338582677
21
-3.1338086220472441
0
LINE
8
BLACK
6
CONTINUOUS
10
3.5463991338582677
20
-3.1338086220472441
11
3.5454157480314961
21
-3.1347919685039369
0
LINE
8
BLACK
6
CONTINUOUS
10
3.5454157480314961
20
-3.1347919685039369
11
3.5563813779527558
21
-3.1347919685039369
0
LINE
8
BLACK
6
CONTINUOUS
10
3.5563813779527558
20
-3.1347919685039369
11
3.5563813779527558
21
-3.1314736220472441
0
LINE
8
BLACK
6
CONTINUOUS
10
3.5563813779527558
20
-3.1314736220472441
11
3.5564712992125984
21
-3.1310216141732283
0
LINE
8
BLACK
6
CONTINUOUS
10
3.5564712992125984
20
-3.1310216141732283
11
3.5571104724409448
21
-3.1303824409448819
0
LINE
8
BLACK
6
CONTINUOUS
10
3.5571104724409448
20
-3.1303824409448819
11
3.5580144881889764
21
-3.1303824409448819
0
LINE
8
BLACK
6
CONTINUOUS
10
3.5580144881889764
20
-3.1303824409448819
11
3.5586536614173228
21
-3.1310216141732283
0
LINE
8
BLACK
6
CONTINUOUS
10
3.5586536614173228
20
-3.1310216141732283
11
3.5587435826771654
21
-3.1314736220472441
0
LINE
8
BLACK
6
CONTINUOUS
10
3.5587435826771654
20
-3.1314736220472441
11
3.5587435826771654
21
-3.1404724803149606
0
LINE
8
BLACK
6
CONTINUOUS
10
3.5587435826771654
20
-3.1404724803149606
11
3.5586536614173228
21
-3.1409244881889764
0
LINE
8
BLACK
6
CONTINUOUS
10
3.5586536614173228
20
-3.1409244881889764
11
3.5580144881889764
21
-3.1415636614173228
0
LINE
8
BLACK
6
CONTINUOUS
10
3.5580144881889764
20
-3.1415636614173228
11
3.5571104724409448
21
-3.1415636614173228
0
LINE
8
BLACK
6
CONTINUOUS
10
3.5571104724409448
20
-3.1415636614173228
11
3.5564712992125984
21
-3.1409244881889764
0
LINE
8
BLACK
6
CONTINUOUS
10
3.5564712992125984
20
-3.1409244881889764
11
3.5563813779527558
21
-3.1404724803149606
0
LINE
8
BLACK
6
CONTINUOUS
10
3.5563813779527558
20
-3.1404724803149606
11
3.5563813779527558
21
-3.1371541732283466
0
LINE
8
BLACK
6
CONTINUOUS
10
3.5563813779527558
20
-3.1371541732283466
11
3.5418144488188976
21
-3.1371541732283466
0
LINE
8
BLACK
6
CONTINUOUS
10
3.5418144488188976
20
-3.1371541732283466
11
3.5413624409448818
21
-3.1370642519685039
0
LINE
8
BLACK
6
CONTINUOUS
10
3.5413624409448818
20
-3.1370642519685039
11
3.5412764566929131
21
-3.1369782677165352
0
LINE
8
BLACK
6
CONTINUOUS
10
3.5412764566929131
20
-3.1369782677165352
11
3.541157283464567
21
-3.1369544488188974
0
LINE
8
BLACK
6
CONTINUOUS
10
3.541157283464567
20
-3.1369544488188974
11
3.5409664960629921
21
-3.1366683070866141
0
LINE
8
BLACK
6
CONTINUOUS
10
3.5409664960629921
20
-3.1366683070866141
11
3.5407232677165354
21
-3.1364250787401575
0
LINE
8
BLACK
6
CONTINUOUS
10
3.5407232677165354
20
-3.1364250787401575
11
3.5407232677165354
21
-3.1363034645669292
0
LINE
8
BLACK
6
CONTINUOUS
10
3.5407232677165354
20
-3.1363034645669292
11
3.5406557874015747
21
-3.1362022834645669
0
LINE
8
BLACK
6
CONTINUOUS
10
3.5406557874015747
20
-3.1362022834645669
11
3.5407232677165354
21
-3.1358648818897636
0
LINE
8
BLACK
6
CONTINUOUS
10
3.5407232677165354
20
-3.1358648818897636
11
3.5407232677165354
21
-3.135521062992126
0
LINE
8
BLACK
6
CONTINUOUS
10
3.5407232677165354
20
-3.135521062992126
11
3.540809212598425
21
-3.1354350787401573
0
LINE
8
BLACK
6
CONTINUOUS
10
3.540809212598425
20
-3.1354350787401573
11
3.5408330708661415
21
-3.1353159055118112
0
LINE
8
BLACK
6
CONTINUOUS
10
3.5408330708661415
20
-3.1353159055118112
11
3.5411592913385825
21
-3.1349903543307085
0
LINE
8
BLACK
6
CONTINUOUS
10
3.5411592913385825
20
-3.1349903543307085
11
3.5433117716535434
21
-3.1335552755905511
0
LINE
8
BLACK
6
CONTINUOUS
10
3.5433117716535434
20
-3.1335552755905511
11
3.5445932677165355
21
-3.132273779527559
0
LINE
8
BLACK
6
CONTINUOUS
10
3.5445932677165355
20
-3.132273779527559
11
3.5452574803149606
21
-3.1309453937007872
0
LINE
8
BLACK
6
CONTINUOUS
10
3.5452574803149606
20
-3.1309453937007872
11
3.5455400787401574
21
-3.1305813385826773
0
LINE
8
BLACK
6
CONTINUOUS
10
3.5455400787401574
20
-3.1305813385826773
11
3.5463975984251968
21
-3.1302954724409449
0
LINE
8
BLACK
6
CONTINUOUS
10
3.5463975984251968
20
-3.1302954724409449
11
3.5472061811023621
21
-3.1306998031496063
0
LINE
8
BLACK
6
CONTINUOUS
10
3.5472061811023621
20
-3.1157016929133858
11
3.5474920472440945
21
-3.1165592125984252
0
LINE
8
BLACK
6
CONTINUOUS
10
3.5474920472440945
20
-3.1165592125984252
11
3.5473703149606299
21
-3.1170037007874014
0
LINE
8
BLACK
6
CONTINUOUS
10
3.5473703149606299
20
-3.1170037007874014
11
3.5466203937007874
21
-3.1185035433070865
0
LINE
8
BLACK
6
CONTINUOUS
10
3.5466203937007874
20
-3.1185035433070865
11
3.5465042519685039
21
-3.1186531102362203
0
LINE
8
BLACK
6
CONTINUOUS
10
3.5465042519685039
20
-3.1186531102362203
11
3.5463991338582677
21
-3.1188105118110236
0
LINE
8
BLACK
6
CONTINUOUS
10
3.5463991338582677
20
-3.1188105118110236
11
3.5454157480314961
21
-3.1197938582677165
0
LINE
8
BLACK
6
CONTINUOUS
10
3.5454157480314961
20
-3.1197938582677165
11
3.5563813779527558
21
-3.1197938582677165
0
LINE
8
BLACK
6
CONTINUOUS
10
3.5563813779527558
20
-3.1197938582677165
11
3.5563813779527558
21
-3.1164755118110237
0
LINE
8
BLACK
6
CONTINUOUS
10
3.5563813779527558
20
-3.1164755118110237
11
3.5564712992125984
21
-3.1160235039370079
0
LINE
8
BLACK
6
CONTINUOUS
10
3.5564712992125984
20
-3.1160235039370079
11
3.5571104724409448
21
-3.1153843307086615
0
LINE
8
BLACK
6
CONTINUOUS
10
3.5571104724409448
20
-3.1153843307086615
11
3.5580144881889764
21
-3.1153843307086615
0
LINE
8
BLACK
6
CONTINUOUS
10
3.5580144881889764
20
-3.1153843307086615
11
3.5586536614173228
21
-3.1160235039370079
0
LINE
8
BLACK
6
CONTINUOUS
10
3.5586536614173228
20
-3.1160235039370079
11
3.5587435826771654
21
-3.1164755118110237
0
LINE
8
BLACK
6
CONTINUOUS
10
3.5587435826771654
20
-3.1164755118110237
11
3.5587435826771654
21
-3.1254743700787402
0
LINE
8
BLACK
6
CONTINUOUS
10
3.5587435826771654
20
-3.1254743700787402
11
3.5586536614173228
21
-3.125926377952756
0
LINE
8
BLACK
6
CONTINUOUS
10
3.5586536614173228
20
-3.125926377952756
11
3.5580144881889764
21
-3.1265655511811024
0
LINE
8
BLACK
6
CONTINUOUS
10
3.5580144881889764
20
-3.1265655511811024
11
3.5571104724409448
21
-3.1265655511811024
0
LINE
8
BLACK
6
CONTINUOUS
10
3.5571104724409448
20
-3.1265655511811024
11
3.5564712992125984
21
-3.125926377952756
0
LINE
8
BLACK
6
CONTINUOUS
10
3.5564712992125984
20
-3.125926377952756
11
3.5563813779527558
21
-3.1254743700787402
0
LINE
8
BLACK
6
CONTINUOUS
10
3.5563813779527558
20
-3.1254743700787402
11
3.5563813779527558
21
-3.1221560629921261
0
LINE
8
BLACK
6
CONTINUOUS
10
3.5563813779527558
20
-3.1221560629921261
11
3.5418144488188976
21
-3.1221560629921261
0
LINE
8
BLACK
6
CONTINUOUS
10
3.5418144488188976
20
-3.1221560629921261
11
3.5413624409448818
21
-3.1220661417322835
0
LINE
8
BLACK
6
CONTINUOUS
10
3.5413624409448818
20
-3.1220661417322835
11
3.5412764566929131
21
-3.1219801574803148
0
LINE
8
BLACK
6
CONTINUOUS
10
3.5412764566929131
20
-3.1219801574803148
11
3.541157283464567
21
-3.121956338582677
0
LINE
8
BLACK
6
CONTINUOUS
10
3.541157283464567
20
-3.121956338582677
11
3.5409664960629921
21
-3.1216701968503937
0
LINE
8
BLACK
6
CONTINUOUS
10
3.5409664960629921
20
-3.1216701968503937
11
3.5407232677165354
21
-3.1214269685039371
0
LINE
8
BLACK
6
CONTINUOUS
10
3.5407232677165354
20
-3.1214269685039371
11
3.5407232677165354
21
-3.1213053543307088
0
LINE
8
BLACK
6
CONTINUOUS
10
3.5407232677165354
20
-3.1213053543307088
11
3.5406557874015747
21
-3.1212041732283464
0
LINE
8
BLACK
6
CONTINUOUS
10
3.5406557874015747
20
-3.1212041732283464
11
3.5407232677165354
21
-3.1208667716535432
0
LINE
8
BLACK
6
CONTINUOUS
10
3.5407232677165354
20
-3.1208667716535432
11
3.5407232677165354
21
-3.1205229527559055
0
LINE
8
BLACK
6
CONTINUOUS
10
3.5407232677165354
20
-3.1205229527559055
11
3.540809212598425
21
-3.1204369685039368
0
LINE
8
BLACK
6
CONTINUOUS
10
3.540809212598425
20
-3.1204369685039368
11
3.5408330708661415
21
-3.1203177952755903
0
LINE
8
BLACK
6
CONTINUOUS
10
3.5408330708661415
20
-3.1203177952755903
11
3.5411592913385825
21
-3.1199922440944881
0
LINE
8
BLACK
6
CONTINUOUS
10
3.5411592913385825
20
-3.1199922440944881
11
3.5433117716535434
21
-3.1185571653543307
0
LINE
8
BLACK
6
CONTINUOUS
10
3.5433117716535434
20
-3.1185571653543307
11
3.5445932677165355
21
-3.1172756692913386
0
LINE
8
BLACK
6
CONTINUOUS
10
3.5445932677165355
20
-3.1172756692913386
11
3.5452574803149606
21
-3.1159472834645667
0
LINE
8
BLACK
6
CONTINUOUS
10
3.5452574803149606
20
-3.1159472834645667
11
3.5455400787401574
21
-3.1155832283464564
0
LINE
8
BLACK
6
CONTINUOUS
10
3.5455400787401574
20
-3.1155832283464564
11
3.5463975984251968
21
-3.1152973622047244
0
LINE
8
BLACK
6
CONTINUOUS
10
3.5463975984251968
20
-3.1152973622047244
11
3.5472061811023621
21
-3.1157016929133858
0
LINE
8
BLACK
6
CONTINUOUS
10
3.5580144881889764
20
-3.1003862204724411
11
3.5586536614173228
21
-3.1010253937007874
0
LINE
8
BLACK
6
CONTINUOUS
10
3.5586536614173228
20
-3.1010253937007874
11
3.5586536614173228
21
-3.101929409448819
0
LINE
8
BLACK
6
CONTINUOUS
10
3.5586536614173228
20
-3.101929409448819
11
3.5580144881889764
21
-3.1025685826771654
0
LINE
8
BLACK
6
CONTINUOUS
10
3.5580144881889764
20
-3.1025685826771654
11
3.5575624803149606
21
-3.1026585039370076
0
LINE
8
BLACK
6
CONTINUOUS
10
3.5575624803149606
20
-3.1026585039370076
11
3.5512445275590552
21
-3.1026585039370076
0
LINE
8
BLACK
6
CONTINUOUS
10
3.5512445275590552
20
-3.1026585039370076
11
3.5512445275590552
21
-3.1046119685039368
0
LINE
8
BLACK
6
CONTINUOUS
10
3.5512445275590552
20
-3.1046119685039368
11
3.5582397637795276
21
-3.1095086614173226
0
LINE
8
BLACK
6
CONTINUOUS
10
3.5582397637795276
20
-3.1095086614173226
11
3.5585585039370078
21
-3.1098415354330706
0
LINE
8
BLACK
6
CONTINUOUS
10
3.5585585039370078
20
-3.1098415354330706
11
3.5587155905511811
21
-3.1107316929133857
0
LINE
8
BLACK
6
CONTINUOUS
10
3.5587155905511811
20
-3.1107316929133857
11
3.5581972047244093
21
-3.1114722834645669
0
LINE
8
BLACK
6
CONTINUOUS
10
3.5581972047244093
20
-3.1114722834645669
11
3.5573070078740159
21
-3.1116293700787403
0
LINE
8
BLACK
6
CONTINUOUS
10
3.5573070078740159
20
-3.1116293700787403
11
3.5568851574803149
21
-3.1114438582677164
0
LINE
8
BLACK
6
CONTINUOUS
10
3.5568851574803149
20
-3.1114438582677164
11
3.5512412204724408
21
-3.1074931102362204
0
LINE
8
BLACK
6
CONTINUOUS
10
3.5512412204724408
20
-3.1074931102362204
11
3.5512329921259842
21
-3.1075346062992124
0
LINE
8
BLACK
6
CONTINUOUS
10
3.5512329921259842
20
-3.1075346062992124
11
3.5512415748031496
21
-3.1075603543307087
0
LINE
8
BLACK
6
CONTINUOUS
10
3.5512415748031496
20
-3.1075603543307087
11
3.5511914960629922
21
-3.107743149606299
0
LINE
8
BLACK
6
CONTINUOUS
10
3.5511914960629922
20
-3.107743149606299
11
3.5511546062992125
21
-3.1079286614173229
0
LINE
8
BLACK
6
CONTINUOUS
10
3.5511546062992125
20
-3.1079286614173229
11
3.5511354330708662
21
-3.1079477952755905
0
LINE
8
BLACK
6
CONTINUOUS
10
3.5511354330708662
20
-3.1079477952755905
11
3.551119842519685
21
-3.1080048425196849
0
LINE
8
BLACK
6
CONTINUOUS
10
3.551119842519685
20
-3.1080048425196849
11
3.5503699212598425
21
-3.1095046850393699
0
LINE
8
BLACK
6
CONTINUOUS
10
3.5503699212598425
20
-3.1095046850393699
11
3.5502539370078741
21
-3.10965405511811
0
LINE
8
BLACK
6
CONTINUOUS
10
3.5502539370078741
20
-3.10965405511811
11
3.5501487007874015
21
-3.1098116141732284
0
LINE
8
BLACK
6
CONTINUOUS
10
3.5501487007874015
20
-3.1098116141732284
11
3.549398779527559
21
-3.1105614960629921
0
LINE
8
BLACK
6
CONTINUOUS
10
3.549398779527559
20
-3.1105614960629921
11
3.5492415748031494
21
-3.1106664960629922
0
LINE
8
BLACK
6
CONTINUOUS
10
3.5492415748031494
20
-3.1106664960629922
11
3.5490918503937006
21
-3.1107827559055119
0
LINE
8
BLACK
6
CONTINUOUS
10
3.5490918503937006
20
-3.1107827559055119
11
3.5475919685039368
21
-3.1115326771653544
0
LINE
8
BLACK
6
CONTINUOUS
10
3.5475919685039368
20
-3.1115326771653544
11
3.5475349212598424
21
-3.1115482677165351
0
LINE
8
BLACK
6
CONTINUOUS
10
3.5475349212598424
20
-3.1115482677165351
11
3.5475157874015748
21
-3.1115674409448819
0
LINE
8
BLACK
6
CONTINUOUS
10
3.5475157874015748
20
-3.1115674409448819
11
3.5473299606299213
21
-3.1116043700787399
0
LINE
8
BLACK
6
CONTINUOUS
10
3.5473299606299213
20
-3.1116043700787399
11
3.5471474803149605
21
-3.1116543700787402
0
LINE
8
BLACK
6
CONTINUOUS
10
3.5471474803149605
20
-3.1116543700787402
11
3.5471218110236218
21
-3.1116457874015748
0
LINE
8
BLACK
6
CONTINUOUS
10
3.5471218110236218
20
-3.1116457874015748
11
3.547063779527559
21
-3.1116573622047246
0
LINE
8
BLACK
6
CONTINUOUS
10
3.547063779527559
20
-3.1116573622047246
11
3.544814094488189
21
-3.1116573622047246
0
LINE
8
BLACK
6
CONTINUOUS
10
3.544814094488189
20
-3.1116573622047246
11
3.5447561023622045
21
-3.1116458267716536
0
LINE
8
BLACK
6
CONTINUOUS
10
3.5447561023622045
20
-3.1116458267716536
11
3.5447303937007875
21
-3.111654409448819
0
LINE
8
BLACK
6
CONTINUOUS
10
3.5447303937007875
20
-3.111654409448819
11
3.5445475590551179
21
-3.1116043307086612
0
LINE
8
BLACK
6
CONTINUOUS
10
3.5445475590551179
20
-3.1116043307086612
11
3.5443620866141732
21
-3.1115674409448819
0
LINE
8
BLACK
6
CONTINUOUS
10
3.5443620866141732
20
-3.1115674409448819
11
3.5443429133858269
21
-3.1115482677165351
0
LINE
8
BLACK
6
CONTINUOUS
10
3.5443429133858269
20
-3.1115482677165351
11
3.5442859055118108
21
-3.1115326771653544
0
LINE
8
BLACK
6
CONTINUOUS
10
3.5442859055118108
20
-3.1115326771653544
11
3.5427860629921257
21
-3.1107827559055119
0
LINE
8
BLACK
6
CONTINUOUS
10
3.5427860629921257
20
-3.1107827559055119
11
3.5426368110236219
21
-3.1106668897637793
0
LINE
8
BLACK
6
CONTINUOUS
10
3.5426368110236219
20
-3.1106668897637793
11
3.542479094488189
21
-3.1105615354330709
0
LINE
8
BLACK
6
CONTINUOUS
10
3.542479094488189
20
-3.1105615354330709
11
3.5417292125984252
21
-3.1098116141732284
0
LINE
8
BLACK
6
CONTINUOUS
10
3.5417292125984252
20
-3.1098116141732284
11
3.5416241732283464
21
-3.1096544094488188
0
LINE
8
BLACK
6
CONTINUOUS
10
3.5416241732283464
20
-3.1096544094488188
11
3.5415079527559055
21
-3.1095046850393699
0
LINE
8
BLACK
6
CONTINUOUS
10
3.5415079527559055
20
-3.1095046850393699
11
3.5407580314960629
21
-3.1080048818897636
0
LINE
8
BLACK
6
CONTINUOUS
10
3.5407580314960629
20
-3.1080048818897636
11
3.540742401574803
21
-3.1079477952755905
0
LINE
8
BLACK
6
CONTINUOUS
10
3.540742401574803
20
-3.1079477952755905
11
3.5407232677165354
21
-3.1079286614173229
0
LINE
8
BLACK
6
CONTINUOUS
10
3.5407232677165354
20
-3.1079286614173229
11
3.5406862992125983
21
-3.1077428740157478
0
LINE
8
BLACK
6
CONTINUOUS
10
3.5406862992125983
20
-3.1077428740157478
11
3.5406363385826771
21
-3.1075603543307087
0
LINE
8
BLACK
6
CONTINUOUS
10
3.5406363385826771
20
-3.1075603543307087
11
3.5406448818897638
21
-3.1075346850393699
0
LINE
8
BLACK
6
CONTINUOUS
10
3.5406448818897638
20
-3.1075346850393699
11
3.5406333464566928
21
-3.1074766535433072
0
LINE
8
BLACK
6
CONTINUOUS
10
3.5406333464566928
20
-3.1074766535433072
11
3.5406333464566928
21
-3.1014774015748032
0
LINE
8
BLACK
6
CONTINUOUS
10
3.5406333464566928
20
-3.1014774015748032
11
3.5407232677165354
21
-3.1010253937007874
0
LINE
8
BLACK
6
CONTINUOUS
10
3.5407232677165354
20
-3.1010253937007874
11
3.5413624409448818
21
-3.1003862204724411
0
LINE
8
BLACK
6
CONTINUOUS
10
3.5413624409448818
20
-3.1003862204724411
11
3.5418144488188976
21
-3.1002962992125984
0
LINE
8
BLACK
6
CONTINUOUS
10
3.5418144488188976
20
-3.1002962992125984
11
3.5575624803149606
21
-3.1002962992125984
0
LINE
8
BLACK
6
CONTINUOUS
10
3.5575624803149606
20
-3.1002962992125984
11
3.5580144881889764
21
-3.1003862204724411
0
LINE
8
BLACK
6
CONTINUOUS
10
3.5429955511811024
20
-3.1071977952755905
11
3.5435350393700786
21
-3.1082768110236221
0
LINE
8
BLACK
6
CONTINUOUS
10
3.5435350393700786
20
-3.1082768110236221
11
3.5440138976377953
21
-3.10875562992126
0
LINE
8
BLACK
6
CONTINUOUS
10
3.5440138976377953
20
-3.10875562992126
11
3.5450929527559056
21
-3.1092951574803149
0
LINE
8
BLACK
6
CONTINUOUS
10
3.5450929527559056
20
-3.1092951574803149
11
3.5467849606299211
21
-3.1092951574803149
0
LINE
8
BLACK
6
CONTINUOUS
10
3.5467849606299211
20
-3.1092951574803149
11
3.5478639763779527
21
-3.10875562992126
0
LINE
8
BLACK
6
CONTINUOUS
10
3.5478639763779527
20
-3.10875562992126
11
3.5483427559055118
21
-3.1082768110236221
0
LINE
8
BLACK
6
CONTINUOUS
10
3.5483427559055118
20
-3.1082768110236221
11
3.5488823228346456
21
-3.1071977559055117
0
LINE
8
BLACK
6
CONTINUOUS
10
3.5488823228346456
20
-3.1071977559055117
11
3.5488823228346456
21
-3.1026585039370076
0
LINE
8
BLACK
6
CONTINUOUS
10
3.5488823228346456
20
-3.1026585039370076
11
3.5429955511811024
21
-3.1026585039370076
0
LINE
8
BLACK
6
CONTINUOUS
10
3.5429955511811024
20
-3.1026585039370076
11
3.5429955511811024
21
-3.1071977952755905
0
LINE
8
BLACK
6
CONTINUOUS
10
3.567393464566929
20
-3.0872852755905513
11
3.5684588188976378
21
-3.0883506299212597
0
LINE
8
BLACK
6
CONTINUOUS
10
3.5684588188976378
20
-3.0883506299212597
11
3.5686086614173229
21
-3.0891039370078741
0
LINE
8
BLACK
6
CONTINUOUS
10
3.5686086614173229
20
-3.0891039370078741
11
3.5686086614173229
21
-3.152096062992126
0
LINE
8
BLACK
6
CONTINUOUS
10
3.5686086614173229
20
-3.152096062992126
11
3.5684588188976378
21
-3.1528493700787399
0
LINE
8
BLACK
6
CONTINUOUS
10
3.5684588188976378
20
-3.1528493700787399
11
3.567393464566929
21
-3.1539147244094488
0
LINE
8
BLACK
6
CONTINUOUS
10
3.567393464566929
20
-3.1539147244094488
11
3.566640157480315
21
-3.1540645669291338
0
LINE
8
BLACK
6
CONTINUOUS
10
3.566640157480315
20
-3.1540645669291338
11
3.534159842519685
21
-3.1540645669291338
0
LINE
8
BLACK
6
CONTINUOUS
10
3.534159842519685
20
-3.1540645669291338
11
3.5334065354330706
21
-3.1539147244094488
0
LINE
8
BLACK
6
CONTINUOUS
10
3.5334065354330706
20
-3.1539147244094488
11
3.5323411811023622
21
-3.1528493700787399
0
LINE
8
BLACK
6
CONTINUOUS
10
3.5323411811023622
20
-3.1528493700787399
11
3.5321913385826771
21
-3.152096062992126
0
LINE
8
BLACK
6
CONTINUOUS
10
3.5321913385826771
20
-3.152096062992126
11
3.5321913385826771
21
-3.0891039370078741
0
LINE
8
BLACK
6
CONTINUOUS
10
3.5321913385826771
20
-3.0891039370078741
11
3.5323411811023622
21
-3.0883506299212597
0
LINE
8
BLACK
6
CONTINUOUS
10
3.5323411811023622
20
-3.0883506299212597
11
3.5334065354330706
21
-3.0872852755905513
0
LINE
8
BLACK
6
CONTINUOUS
10
3.5334065354330706
20
-3.0872852755905513
11
3.534159842519685
21
-3.0871354330708662
0
LINE
8
BLACK
6
CONTINUOUS
10
3.534159842519685
20
-3.0871354330708662
11
3.566640157480315
21
-3.0871354330708662
0
LINE
8
BLACK
6
CONTINUOUS
10
3.566640157480315
20
-3.0871354330708662
11
3.567393464566929
21
-3.0872852755905513
0
LINE
8
BLACK
6
CONTINUOUS
10
3.5361283464566928
20
-3.091072440944882
11
3.5361283464566928
21
-3.1501275590551181
0
LINE
8
BLACK
6
CONTINUOUS
10
3.5361283464566928
20
-3.1501275590551181
11
3.5646716535433072
21
-3.1501275590551181
0
LINE
8
BLACK
6
CONTINUOUS
10
3.5646716535433072
20
-3.1501275590551181
11
3.5646716535433072
21
-3.091072440944882
0
LINE
8
BLACK
6
CONTINUOUS
10
3.5646716535433072
20
-3.091072440944882
11
3.5361283464566928
21
-3.091072440944882
0
LINE
8
BLACK
6
CONTINUOUS
10
4.3251113385826772
20
-2.8964952362204723
11
4.3252911417322837
21
-2.8973992125984251
0
LINE
8
BLACK
6
CONTINUOUS
10
4.3252911417322837
20
-2.8973992125984251
11
4.3252911417322837
21
-2.9116909842519685
0
LINE
8
BLACK
6
CONTINUOUS
10
4.3252911417322837
20
-2.9116909842519685
11
4.3333719291338584
21
-2.9046203543307088
0
LINE
8
BLACK
6
CONTINUOUS
10
4.3333719291338584
20
-2.9046203543307088
11
4.3339540551181104
21
-2.9042850787401573
0
LINE
8
BLACK
6
CONTINUOUS
10
4.3339540551181104
20
-2.9042850787401573
11
4.3340234645669291
21
-2.9042157086614173
0
LINE
8
BLACK
6
CONTINUOUS
10
4.3340234645669291
20
-2.9042157086614173
11
4.3340745669291341
21
-2.9042157086614173
0
LINE
8
BLACK
6
CONTINUOUS
10
4.3340745669291341
20
-2.9042157086614173
11
4.3341706299212595
21
-2.9041603937007872
0
LINE
8
BLACK
6
CONTINUOUS
10
4.3341706299212595
20
-2.9041603937007872
11
4.3350002755905512
21
-2.9042157086614173
0
LINE
8
BLACK
6
CONTINUOUS
10
4.3350002755905512
20
-2.9042157086614173
11
4.3358314173228347
21
-2.9042157086614173
0
LINE
8
BLACK
6
CONTINUOUS
10
4.3358314173228347
20
-2.9042157086614173
11
4.3358907874015751
21
-2.9042750787401572
0
LINE
8
BLACK
6
CONTINUOUS
10
4.3358907874015751
20
-2.9042750787401572
11
4.3359746062992128
21
-2.9042806692913383
0
LINE
8
BLACK
6
CONTINUOUS
10
4.3359746062992128
20
-2.9042806692913383
11
4.3365222047244094
21
-2.904906496062992
0
LINE
8
BLACK
6
CONTINUOUS
10
4.3365222047244094
20
-2.904906496062992
11
4.337109842519685
21
-2.9054941338582676
0
LINE
8
BLACK
6
CONTINUOUS
10
4.337109842519685
20
-2.9054941338582676
11
4.3371314173228344
21
-2.9056027559055115
0
LINE
8
BLACK
6
CONTINUOUS
10
4.3371314173228344
20
-2.9056027559055115
11
4.3371651574803147
21
-2.9056412992125984
0
LINE
8
BLACK
6
CONTINUOUS
10
4.3371651574803147
20
-2.9056412992125984
11
4.3371585826771657
21
-2.9057393307086614
0
LINE
8
BLACK
6
CONTINUOUS
10
4.3371585826771657
20
-2.9057393307086614
11
4.3372896456692915
21
-2.9063981102362204
0
LINE
8
BLACK
6
CONTINUOUS
10
4.3372896456692915
20
-2.9063981102362204
11
4.3372896456692915
21
-2.9103398425196851
0
LINE
8
BLACK
6
CONTINUOUS
10
4.3372896456692915
20
-2.9103398425196851
11
4.3383686614173227
21
-2.9124979133858266
0
LINE
8
BLACK
6
CONTINUOUS
10
4.3383686614173227
20
-2.9124979133858266
11
4.3393262598425197
21
-2.9134555118110237
0
LINE
8
BLACK
6
CONTINUOUS
10
4.3393262598425197
20
-2.9134555118110237
11
4.3414843700787404
21
-2.9145345669291336
0
LINE
8
BLACK
6
CONTINUOUS
10
4.3414843700787404
20
-2.9145345669291336
11
4.3478680708661415
21
-2.9145345669291336
0
LINE
8
BLACK
6
CONTINUOUS
10
4.3478680708661415
20
-2.9145345669291336
11
4.3500261023622047
21
-2.9134555118110237
0
LINE
8
BLACK
6
CONTINUOUS
10
4.3500261023622047
20
-2.9134555118110237
11
4.3509837795275592
21
-2.9124978740157479
0
LINE
8
BLACK
6
CONTINUOUS
10
4.3509837795275592
20
-2.9124978740157479
11
4.3520627952755904
21
-2.9103398425196851
0
LINE
8
BLACK
6
CONTINUOUS
10
4.3520627952755904
20
-2.9103398425196851
11
4.3520627952755904
21
-2.9024562992125982
0
LINE
8
BLACK
6
CONTINUOUS
10
4.3520627952755904
20
-2.9024562992125982
11
4.3509837795275592
21
-2.9002982677165354
0
LINE
8
BLACK
6
CONTINUOUS
10
4.3509837795275592
20
-2.9002982677165354
11
4.3497550393700788
21
-2.8990695669291338
0
LINE
8
BLACK
6
CONTINUOUS
10
4.3497550393700788
20
-2.8990695669291338
11
4.3492429527559056
21
-2.8983032283464567
0
LINE
8
BLACK
6
CONTINUOUS
10
4.3492429527559056
20
-2.8983032283464567
11
4.3492429527559056
21
-2.8964952755905511
0
LINE
8
BLACK
6
CONTINUOUS
10
4.3492429527559056
20
-2.8964952755905511
11
4.3505213385826771
21
-2.895216811023622
0
LINE
8
BLACK
6
CONTINUOUS
10
4.3505213385826771
20
-2.895216811023622
11
4.3523292913385827
21
-2.895216811023622
0
LINE
8
BLACK
6
CONTINUOUS
10
4.3523292913385827
20
-2.895216811023622
11
4.3530956692913385
21
-2.8957288582677165
0
LINE
8
BLACK
6
CONTINUOUS
10
4.3530956692913385
20
-2.8957288582677165
11
4.3545955118110236
21
-2.8972286614173228
0
LINE
8
BLACK
6
CONTINUOUS
10
4.3545955118110236
20
-2.8972286614173228
11
4.3548058267716536
21
-2.8975433858267716
0
LINE
8
BLACK
6
CONTINUOUS
10
4.3548058267716536
20
-2.8975433858267716
11
4.3550380314960631
21
-2.8978425984251968
0
LINE
8
BLACK
6
CONTINUOUS
10
4.3550380314960631
20
-2.8978425984251968
11
4.3565378346456693
21
-2.9008422834645669
0
LINE
8
BLACK
6
CONTINUOUS
10
4.3565378346456693
20
-2.9008422834645669
11
4.3565690551181104
21
-2.9009563385826773
0
LINE
8
BLACK
6
CONTINUOUS
10
4.3565690551181104
20
-2.9009563385826773
11
4.3566074015748031
21
-2.90099468503937
0
LINE
8
BLACK
6
CONTINUOUS
10
4.3566074015748031
20
-2.90099468503937
11
4.35668125984252
21
-2.9013661023622048
0
LINE
8
BLACK
6
CONTINUOUS
10
4.35668125984252
20
-2.9013661023622048
11
4.3567812598425197
21
-2.901731220472441
0
LINE
8
BLACK
6
CONTINUOUS
10
4.3567812598425197
20
-2.901731220472441
11
4.3567640944881889
21
-2.9017825984251968
0
LINE
8
BLACK
6
CONTINUOUS
10
4.3567640944881889
20
-2.9017825984251968
11
4.3567872047244096
21
-2.9018986614173228
0
LINE
8
BLACK
6
CONTINUOUS
10
4.3567872047244096
20
-2.9018986614173228
11
4.3567872047244096
21
-2.9108975196850393
0
LINE
8
BLACK
6
CONTINUOUS
10
4.3567872047244096
20
-2.9108975196850393
11
4.3567640944881889
21
-2.9110135433070865
0
LINE
8
BLACK
6
CONTINUOUS
10
4.3567640944881889
20
-2.9110135433070865
11
4.3567812598425197
21
-2.911064960629921
0
LINE
8
BLACK
6
CONTINUOUS
10
4.3567812598425197
20
-2.911064960629921
11
4.35668125984252
21
-2.9114300393700785
0
LINE
8
BLACK
6
CONTINUOUS
10
4.35668125984252
20
-2.9114300393700785
11
4.3566074015748031
21
-2.9118014960629921
0
LINE
8
BLACK
6
CONTINUOUS
10
4.3566074015748031
20
-2.9118014960629921
11
4.3565690551181104
21
-2.9118398031496064
0
LINE
8
BLACK
6
CONTINUOUS
10
4.3565690551181104
20
-2.9118398031496064
11
4.3565378346456693
21
-2.9119538976377952
0
LINE
8
BLACK
6
CONTINUOUS
10
4.3565378346456693
20
-2.9119538976377952
11
4.3550380314960631
21
-2.9149535826771653
0
LINE
8
BLACK
6
CONTINUOUS
10
4.3550380314960631
20
-2.9149535826771653
11
4.3548058267716536
21
-2.9152527559055117
0
LINE
8
BLACK
6
CONTINUOUS
10
4.3548058267716536
20
-2.9152527559055117
11
4.3545955118110236
21
-2.9155675196850392
0
LINE
8
BLACK
6
CONTINUOUS
10
4.3545955118110236
20
-2.9155675196850392
11
4.3530956692913385
21
-2.9170673228346455
0
LINE
8
BLACK
6
CONTINUOUS
10
4.3530956692913385
20
-2.9170673228346455
11
4.3527809055118105
21
-2.9172775984251968
0
LINE
8
BLACK
6
CONTINUOUS
10
4.3527809055118105
20
-2.9172775984251968
11
4.3524817716535429
21
-2.9175098031496063
0
LINE
8
BLACK
6
CONTINUOUS
10
4.3524817716535429
20
-2.9175098031496063
11
4.3494821653543303
21
-2.9190096062992126
0
LINE
8
BLACK
6
CONTINUOUS
10
4.3494821653543303
20
-2.9190096062992126
11
4.3493680314960628
21
-2.9190408267716537
0
LINE
8
BLACK
6
CONTINUOUS
10
4.3493680314960628
20
-2.9190408267716537
11
4.3493297244094489
21
-2.9190791732283463
0
LINE
8
BLACK
6
CONTINUOUS
10
4.3493297244094489
20
-2.9190791732283463
11
4.3489583464566932
21
-2.9191530314960628
0
LINE
8
BLACK
6
CONTINUOUS
10
4.3489583464566932
20
-2.9191530314960628
11
4.3485931889763778
21
-2.919253031496063
0
LINE
8
BLACK
6
CONTINUOUS
10
4.3485931889763778
20
-2.919253031496063
11
4.3485417716535428
21
-2.9192358661417321
0
LINE
8
BLACK
6
CONTINUOUS
10
4.3485417716535428
20
-2.9192358661417321
11
4.3484257480314961
21
-2.9192589763779528
0
LINE
8
BLACK
6
CONTINUOUS
10
4.3484257480314961
20
-2.9192589763779528
11
4.3409266929133858
21
-2.9192589763779528
0
LINE
8
BLACK
6
CONTINUOUS
10
4.3409266929133858
20
-2.9192589763779528
11
4.3408106299212594
21
-2.9192358661417321
0
LINE
8
BLACK
6
CONTINUOUS
10
4.3408106299212594
20
-2.9192358661417321
11
4.3407592519685041
21
-2.919253031496063
0
LINE
8
BLACK
6
CONTINUOUS
10
4.3407592519685041
20
-2.919253031496063
11
4.3403941338582674
21
-2.9191530314960628
0
LINE
8
BLACK
6
CONTINUOUS
10
4.3403941338582674
20
-2.9191530314960628
11
4.340022716535433
21
-2.9190791732283463
0
LINE
8
BLACK
6
CONTINUOUS
10
4.340022716535433
20
-2.9190791732283463
11
4.3399843700787404
21
-2.9190408267716537
0
LINE
8
BLACK
6
CONTINUOUS
10
4.3399843700787404
20
-2.9190408267716537
11
4.3398703149606295
21
-2.9190096062992126
0
LINE
8
BLACK
6
CONTINUOUS
10
4.3398703149606295
20
-2.9190096062992126
11
4.3368706299212594
21
-2.9175098031496063
0
LINE
8
BLACK
6
CONTINUOUS
10
4.3368706299212594
20
-2.9175098031496063
11
4.3365714173228342
21
-2.9172775984251968
0
LINE
8
BLACK
6
CONTINUOUS
10
4.3365714173228342
20
-2.9172775984251968
11
4.3362566929133859
21
-2.9170672834645668
0
LINE
8
BLACK
6
CONTINUOUS
10
4.3362566929133859
20
-2.9170672834645668
11
4.3347569291338583
21
-2.9155674803149605
0
LINE
8
BLACK
6
CONTINUOUS
10
4.3347569291338583
20
-2.9155674803149605
11
4.3345467716535433
21
-2.9152529921259842
0
LINE
8
BLACK
6
CONTINUOUS
10
4.3345467716535433
20
-2.9152529921259842
11
4.3343144094488189
21
-2.9149535826771653
0
LINE
8
BLACK
6
CONTINUOUS
10
4.3343144094488189
20
-2.9149535826771653
11
4.3328146062992126
21
-2.911953937007874
0
LINE
8
BLACK
6
CONTINUOUS
10
4.3328146062992126
20
-2.911953937007874
11
4.3327833464566927
21
-2.9118398031496064
0
LINE
8
BLACK
6
CONTINUOUS
10
4.3327833464566927
20
-2.9118398031496064
11
4.3327450393700788
21
-2.9118014960629921
0
LINE
8
BLACK
6
CONTINUOUS
10
4.3327450393700788
20
-2.9118014960629921
11
4.3326848818897634
21
-2.9114991338582676
0
LINE
8
BLACK
6
CONTINUOUS
10
4.3326848818897634
20
-2.9114991338582676
11
4.3244844488188976
21
-2.9186745275590549
0
LINE
8
BLACK
6
CONTINUOUS
10
4.3244844488188976
20
-2.9186745275590549
11
4.3239022834645668
21
-2.9190097637795276
0
LINE
8
BLACK
6
CONTINUOUS
10
4.3239022834645668
20
-2.9190097637795276
11
4.3238329133858269
21
-2.9190791732283463
0
LINE
8
BLACK
6
CONTINUOUS
10
4.3238329133858269
20
-2.9190791732283463
11
4.3237818110236219
21
-2.9190791732283463
0
LINE
8
BLACK
6
CONTINUOUS
10
4.3237818110236219
20
-2.9190791732283463
11
4.3236857480314956
21
-2.9191344881889765
0
LINE
8
BLACK
6
CONTINUOUS
10
4.3236857480314956
20
-2.9191344881889765
11
4.3228561023622047
21
-2.9190791732283463
0
LINE
8
BLACK
6
CONTINUOUS
10
4.3228561023622047
20
-2.9190791732283463
11
4.3220249606299213
21
-2.9190791732283463
0
LINE
8
BLACK
6
CONTINUOUS
10
4.3220249606299213
20
-2.9190791732283463
11
4.3219655511811021
21
-2.9190197637795277
0
LINE
8
BLACK
6
CONTINUOUS
10
4.3219655511811021
20
-2.9190197637795277
11
4.3218817716535431
21
-2.9190142125984253
0
LINE
8
BLACK
6
CONTINUOUS
10
4.3218817716535431
20
-2.9190142125984253
11
4.3213341732283466
21
-2.9183883858267716
0
LINE
8
BLACK
6
CONTINUOUS
10
4.3213341732283466
20
-2.9183883858267716
11
4.320746535433071
21
-2.917800748031496
0
LINE
8
BLACK
6
CONTINUOUS
10
4.320746535433071
20
-2.917800748031496
11
4.320724921259842
21
-2.9176920866141733
0
LINE
8
BLACK
6
CONTINUOUS
10
4.320724921259842
20
-2.9176920866141733
11
4.3206912204724413
21
-2.9176535826771652
0
LINE
8
BLACK
6
CONTINUOUS
10
4.3206912204724413
20
-2.9176535826771652
11
4.3206977559055115
21
-2.9175555118110235
0
LINE
8
BLACK
6
CONTINUOUS
10
4.3206977559055115
20
-2.9175555118110235
11
4.3205667322834644
21
-2.9168967716535432
0
LINE
8
BLACK
6
CONTINUOUS
10
4.3205667322834644
20
-2.9168967716535432
11
4.3205667322834644
21
-2.8973992125984251
0
LINE
8
BLACK
6
CONTINUOUS
10
4.3205667322834644
20
-2.8973992125984251
11
4.320746535433071
21
-2.8964952362204723
0
LINE
8
BLACK
6
CONTINUOUS
10
4.320746535433071
20
-2.8964952362204723
11
4.3220249606299213
21
-2.895216811023622
0
LINE
8
BLACK
6
CONTINUOUS
10
4.3220249606299213
20
-2.895216811023622
11
4.3238329133858269
21
-2.895216811023622
0
LINE
8
BLACK
6
CONTINUOUS
10
4.3238329133858269
20
-2.895216811023622
11
4.3251113385826772
21
-2.8964952362204723
0
LINE
8
BLACK
6
CONTINUOUS
10
4.3485417716535428
20
-2.8650638582677166
11
4.3485931889763778
21
-2.8650467322834645
0
LINE
8
BLACK
6
CONTINUOUS
10
4.3485931889763778
20
-2.8650467322834645
11
4.3489583464566932
21
-2.865146692913386
0
LINE
8
BLACK
6
CONTINUOUS
10
4.3489583464566932
20
-2.865146692913386
11
4.3493297244094489
21
-2.8652205905511812
0
LINE
8
BLACK
6
CONTINUOUS
10
4.3493297244094489
20
-2.8652205905511812
11
4.3493680314960628
21
-2.8652588976377951
0
LINE
8
BLACK
6
CONTINUOUS
10
4.3493680314960628
20
-2.8652588976377951
11
4.3494821653543303
21
-2.8652901574803149
0
LINE
8
BLACK
6
CONTINUOUS
10
4.3494821653543303
20
-2.8652901574803149
11
4.3524817716535429
21
-2.8667899606299212
0
LINE
8
BLACK
6
CONTINUOUS
10
4.3524817716535429
20
-2.8667899606299212
11
4.3527809055118105
21
-2.8670221259842519
0
LINE
8
BLACK
6
CONTINUOUS
10
4.3527809055118105
20
-2.8670221259842519
11
4.3530956692913385
21
-2.8672324409448819
0
LINE
8
BLACK
6
CONTINUOUS
10
4.3530956692913385
20
-2.8672324409448819
11
4.3545955118110236
21
-2.8687322440944882
0
LINE
8
BLACK
6
CONTINUOUS
10
4.3545955118110236
20
-2.8687322440944882
11
4.3548058267716536
21
-2.869046968503937
0
LINE
8
BLACK
6
CONTINUOUS
10
4.3548058267716536
20
-2.869046968503937
11
4.3550380314960631
21
-2.8693461811023622
0
LINE
8
BLACK
6
CONTINUOUS
10
4.3550380314960631
20
-2.8693461811023622
11
4.3565378346456693
21
-2.8723458661417323
0
LINE
8
BLACK
6
CONTINUOUS
10
4.3565378346456693
20
-2.8723458661417323
11
4.3565690551181104
21
-2.8724599212598423
0
LINE
8
BLACK
6
CONTINUOUS
10
4.3565690551181104
20
-2.8724599212598423
11
4.3566074015748031
21
-2.8724982677165354
0
LINE
8
BLACK
6
CONTINUOUS
10
4.3566074015748031
20
-2.8724982677165354
11
4.35668125984252
21
-2.8728696850393698
0
LINE
8
BLACK
6
CONTINUOUS
10
4.35668125984252
20
-2.8728696850393698
11
4.3567812598425197
21
-2.8732348031496064
0
LINE
8
BLACK
6
CONTINUOUS
10
4.3567812598425197
20
-2.8732348031496064
11
4.3567640944881889
21
-2.8732861811023622
0
LINE
8
BLACK
6
CONTINUOUS
10
4.3567640944881889
20
-2.8732861811023622
11
4.3567872047244096
21
-2.8734022440944882
0
LINE
8
BLACK
6
CONTINUOUS
10
4.3567872047244096
20
-2.8734022440944882
11
4.3567872047244096
21
-2.8794014960629921
0
LINE
8
BLACK
6
CONTINUOUS
10
4.3567872047244096
20
-2.8794014960629921
11
4.3567640944881889
21
-2.8795175196850393
0
LINE
8
BLACK
6
CONTINUOUS
10
4.3567640944881889
20
-2.8795175196850393
11
4.3567812598425197
21
-2.8795689370078739
0
LINE
8
BLACK
6
CONTINUOUS
10
4.3567812598425197
20
-2.8795689370078739
11
4.35668125984252
21
-2.8799340944881888
0
LINE
8
BLACK
6
CONTINUOUS
10
4.35668125984252
20
-2.8799340944881888
11
4.3566074015748031
21
-2.8803054724409449
0
LINE
8
BLACK
6
CONTINUOUS
10
4.3566074015748031
20
-2.8803054724409449
11
4.3565690551181104
21
-2.8803437795275588
0
LINE
8
BLACK
6
CONTINUOUS
10
4.3565690551181104
20
-2.8803437795275588
11
4.3565378346456693
21
-2.8804579133858268
0
LINE
8
BLACK
6
CONTINUOUS
10
4.3565378346456693
20
-2.8804579133858268
11
4.3550380314960631
21
-2.8834575196850394
0
LINE
8
BLACK
6
CONTINUOUS
10
4.3550380314960631
20
-2.8834575196850394
11
4.3548059055118111
21
-2.8837565354330708
0
LINE
8
BLACK
6
CONTINUOUS
10
4.3548059055118111
20
-2.8837565354330708
11
4.3545955118110236
21
-2.8840714566929133
0
LINE
8
BLACK
6
CONTINUOUS
10
4.3545955118110236
20
-2.8840714566929133
11
4.3530956692913385
21
-2.8855712598425196
0
LINE
8
BLACK
6
CONTINUOUS
10
4.3530956692913385
20
-2.8855712598425196
11
4.3527809055118105
21
-2.8857815354330709
0
LINE
8
BLACK
6
CONTINUOUS
10
4.3527809055118105
20
-2.8857815354330709
11
4.3524817716535429
21
-2.8860137401574804
0
LINE
8
BLACK
6
CONTINUOUS
10
4.3524817716535429
20
-2.8860137401574804
11
4.3494821653543303
21
-2.8875135433070866
0
LINE
8
BLACK
6
CONTINUOUS
10
4.3494821653543303
20
-2.8875135433070866
11
4.3493680708661415
21
-2.8875447637795273
0
LINE
8
BLACK
6
CONTINUOUS
10
4.3493680708661415
20
-2.8875447637795273
11
4.3493297244094489
21
-2.8875831496062991
0
LINE
8
BLACK
6
CONTINUOUS
10
4.3493297244094489
20
-2.8875831496062991
11
4.3489581889763782
21
-2.8876570078740156
0
LINE
8
BLACK
6
CONTINUOUS
10
4.3489581889763782
20
-2.8876570078740156
11
4.3485932283464566
21
-2.8877570078740158
0
LINE
8
BLACK
6
CONTINUOUS
10
4.3485932283464566
20
-2.8877570078740158
11
4.3485417716535428
21
-2.887739842519685
0
LINE
8
BLACK
6
CONTINUOUS
10
4.3485417716535428
20
-2.887739842519685
11
4.3484257480314961
21
-2.8877629527559057
0
LINE
8
BLACK
6
CONTINUOUS
10
4.3484257480314961
20
-2.8877629527559057
11
4.3229289370078741
21
-2.8877629527559057
0
LINE
8
BLACK
6
CONTINUOUS
10
4.3229289370078741
20
-2.8877629527559057
11
4.3220249606299213
21
-2.8875831496062991
0
LINE
8
BLACK
6
CONTINUOUS
10
4.3220249606299213
20
-2.8875831496062991
11
4.320746535433071
21
-2.8863047244094489
0
LINE
8
BLACK
6
CONTINUOUS
10
4.320746535433071
20
-2.8863047244094489
11
4.320746535433071
21
-2.8844967716535432
0
LINE
8
BLACK
6
CONTINUOUS
10
4.320746535433071
20
-2.8844967716535432
11
4.3220249606299213
21
-2.8832183464566929
0
LINE
8
BLACK
6
CONTINUOUS
10
4.3220249606299213
20
-2.8832183464566929
11
4.3229289370078741
21
-2.8830385433070864
0
LINE
8
BLACK
6
CONTINUOUS
10
4.3229289370078741
20
-2.8830385433070864
11
4.347868149606299
21
-2.8830385433070864
0
LINE
8
BLACK
6
CONTINUOUS
10
4.347868149606299
20
-2.8830385433070864
11
4.3500260629921259
21
-2.8819595275590553
0
LINE
8
BLACK
6
CONTINUOUS
10
4.3500260629921259
20
-2.8819595275590553
11
4.3509837795275592
21
-2.881001811023622
0
LINE
8
BLACK
6
CONTINUOUS
10
4.3509837795275592
20
-2.881001811023622
11
4.3520627952755904
21
-2.8788438188976375
0
LINE
8
BLACK
6
CONTINUOUS
10
4.3520627952755904
20
-2.8788438188976375
11
4.3520627952755904
21
-2.8739598818897636
0
LINE
8
BLACK
6
CONTINUOUS
10
4.3520627952755904
20
-2.8739598818897636
11
4.3509837795275592
21
-2.8718018503937008
0
LINE
8
BLACK
6
CONTINUOUS
10
4.3509837795275592
20
-2.8718018503937008
11
4.3500261023622047
21
-2.870844212598425
0
LINE
8
BLACK
6
CONTINUOUS
10
4.3500261023622047
20
-2.870844212598425
11
4.3478680708661415
21
-2.8697651968503934
0
LINE
8
BLACK
6
CONTINUOUS
10
4.3478680708661415
20
-2.8697651968503934
11
4.3229289370078741
21
-2.8697651968503934
0
LINE
8
BLACK
6
CONTINUOUS
10
4.3229289370078741
20
-2.8697651968503934
11
4.3220249606299213
21
-2.8695853937007874
0
LINE
8
BLACK
6
CONTINUOUS
10
4.3220249606299213
20
-2.8695853937007874
11
4.320746535433071
21
-2.8683069685039371
0
LINE
8
BLACK
6
CONTINUOUS
10
4.320746535433071
20
-2.8683069685039371
11
4.320746535433071
21
-2.8664990157480315
0
LINE
8
BLACK
6
CONTINUOUS
10
4.320746535433071
20
-2.8664990157480315
11
4.3220249606299213
21
-2.8652205905511812
0
LINE
8
BLACK
6
CONTINUOUS
10
4.3220249606299213
20
-2.8652205905511812
11
4.3229289370078741
21
-2.8650407874015746
0
LINE
8
BLACK
6
CONTINUOUS
10
4.3229289370078741
20
-2.8650407874015746
11
4.3484257480314961
21
-2.8650407874015746
0
LINE
8
BLACK
6
CONTINUOUS
10
4.3484257480314961
20
-2.8650407874015746
11
4.3485417716535428
21
-2.8650638582677166
0
LINE
8
BLACK
6
CONTINUOUS
10
4.4136879527559056
20
-2.7576915748031494
11
4.4147533070866141
21
-2.7587569291338583
0
LINE
8
BLACK
6
CONTINUOUS
10
4.4147533070866141
20
-2.7587569291338583
11
4.4149031496062987
21
-2.7595102362204722
0
LINE
8
BLACK
6
CONTINUOUS
10
4.4149031496062987
20
-2.7595102362204722
11
4.4149031496062987
21
-3.0232897637795273
0
LINE
8
BLACK
6
CONTINUOUS
10
4.4149031496062987
20
-3.0232897637795273
11
4.4147533070866141
21
-3.0240430708661417
0
LINE
8
BLACK
6
CONTINUOUS
10
4.4147533070866141
20
-3.0240430708661417
11
4.4136879527559056
21
-3.0251084251968505
0
LINE
8
BLACK
6
CONTINUOUS
10
4.4136879527559056
20
-3.0251084251968505
11
4.4129346456692913
21
-3.0252582677165352
0
LINE
8
BLACK
6
CONTINUOUS
10
4.4129346456692913
20
-3.0252582677165352
11
4.3066354330708663
21
-3.0252582677165352
0
LINE
8
BLACK
6
CONTINUOUS
10
4.3066354330708663
20
-3.0252582677165352
11
4.3058821259842519
21
-3.0251084251968505
0
LINE
8
BLACK
6
CONTINUOUS
10
4.3058821259842519
20
-3.0251084251968505
11
4.3052435039370076
21
-3.0246817322834647
0
LINE
8
BLACK
6
CONTINUOUS
10
4.3052435039370076
20
-3.0246817322834647
11
4.2658734251968502
21
-2.9853116141732281
0
LINE
8
BLACK
6
CONTINUOUS
10
4.2658734251968502
20
-2.9853116141732281
11
4.2654466929133861
21
-2.9846729921259842
0
LINE
8
BLACK
6
CONTINUOUS
10
4.2654466929133861
20
-2.9846729921259842
11
4.2652968503937005
21
-2.9839196850393699
0
LINE
8
BLACK
6
CONTINUOUS
10
4.2652968503937005
20
-2.9839196850393699
11
4.2652968503937005
21
-2.7595102362204722
0
LINE
8
BLACK
6
CONTINUOUS
10
4.2652968503937005
20
-2.7595102362204722
11
4.2654466929133861
21
-2.7587569291338583
0
LINE
8
BLACK
6
CONTINUOUS
10
4.2654466929133861
20
-2.7587569291338583
11
4.2665120472440945
21
-2.7576915748031494
0
LINE
8
BLACK
6
CONTINUOUS
10
4.2665120472440945
20
-2.7576915748031494
11
4.2672653543307089
21
-2.7575417322834643
0
LINE
8
BLACK
6
CONTINUOUS
10
4.2672653543307089
20
-2.7575417322834643
11
4.4129346456692913
21
-2.7575417322834643
0
LINE
8
BLACK
6
CONTINUOUS
10
4.4129346456692913
20
-2.7575417322834643
11
4.4136879527559056
21
-2.7576915748031494
0
LINE
8
BLACK
6
CONTINUOUS
10
4.2692338582677163
20
-2.7614787401574801
11
4.2692338582677163
21
-2.9831042913385826
0
LINE
8
BLACK
6
CONTINUOUS
10
4.2692338582677163
20
-2.9831042913385826
11
4.3074508267716531
21
-3.0213212598425194
0
LINE
8
BLACK
6
CONTINUOUS
10
4.3074508267716531
20
-3.0213212598425194
11
4.410966141732283
21
-3.0213212598425194
0
LINE
8
BLACK
6
CONTINUOUS
10
4.410966141732283
20
-3.0213212598425194
11
4.410966141732283
21
-2.7614787401574801
0
LINE
8
BLACK
6
CONTINUOUS
10
4.410966141732283
20
-2.7614787401574801
11
4.2692338582677163
21
-2.7614787401574801
0
LINE
8
BLACK
6
CONTINUOUS
10
3.8590270866141729
20
-2.8894464173228345
11
3.8592068897637795
21
-2.8903503937007873
0
LINE
8
BLACK
6
CONTINUOUS
10
3.8592068897637795
20
-2.8903503937007873
11
3.8592068897637795
21
-2.9098479527559054
0
LINE
8
BLACK
6
CONTINUOUS
10
3.8592068897637795
20
-2.9098479527559054
11
3.8590270866141729
21
-2.9107519291338582
0
LINE
8
BLACK
6
CONTINUOUS
10
3.8590270866141729
20
-2.9107519291338582
11
3.8577486614173226
21
-2.9120303543307084
0
LINE
8
BLACK
6
CONTINUOUS
10
3.8577486614173226
20
-2.9120303543307084
11
3.855940708661417
21
-2.9120303543307084
0
LINE
8
BLACK
6
CONTINUOUS
10
3.855940708661417
20
-2.9120303543307084
11
3.8546622834645667
21
-2.9107519291338582
0
LINE
8
BLACK
6
CONTINUOUS
10
3.8546622834645667
20
-2.9107519291338582
11
3.8544824803149607
21
-2.9098479527559054
0
LINE
8
BLACK
6
CONTINUOUS
10
3.8544824803149607
20
-2.9098479527559054
11
3.8544824803149607
21
-2.8960532283464566
0
LINE
8
BLACK
6
CONTINUOUS
10
3.8544824803149607
20
-2.8960532283464566
11
3.8405172440944879
21
-2.9100184645669289
0
LINE
8
BLACK
6
CONTINUOUS
10
3.8405172440944879
20
-2.9100184645669289
11
3.8404188976377953
21
-2.9100841338582675
0
LINE
8
BLACK
6
CONTINUOUS
10
3.8404188976377953
20
-2.9100841338582675
11
3.8403946456692912
21
-2.9101327165354332
0
LINE
8
BLACK
6
CONTINUOUS
10
3.8403946456692912
20
-2.9101327165354332
11
3.8400654330708659
21
-2.9103203543307088
0
LINE
8
BLACK
6
CONTINUOUS
10
3.8400654330708659
20
-2.9103203543307088
11
3.8397509055118109
21
-2.9105305511811022
0
LINE
8
BLACK
6
CONTINUOUS
10
3.8397509055118109
20
-2.9105305511811022
11
3.8396966929133858
21
-2.9105305511811022
0
LINE
8
BLACK
6
CONTINUOUS
10
3.8396966929133858
20
-2.9105305511811022
11
3.8395939370078738
21
-2.9105891338582675
0
LINE
8
BLACK
6
CONTINUOUS
10
3.8395939370078738
20
-2.9105891338582675
11
3.8350944881889761
21
-2.9120889370078737
0
LINE
8
BLACK
6
CONTINUOUS
10
3.8350944881889761
20
-2.9120889370078737
11
3.8347188582677165
21
-2.9121362598425198
0
LINE
8
BLACK
6
CONTINUOUS
10
3.8347188582677165
20
-2.9121362598425198
11
3.8343474803149604
21
-2.912210157480315
0
LINE
8
BLACK
6
CONTINUOUS
10
3.8343474803149604
20
-2.912210157480315
11
3.8313478740157478
21
-2.912210157480315
0
LINE
8
BLACK
6
CONTINUOUS
10
3.8313478740157478
20
-2.912210157480315
11
3.8312318110236219
21
-2.9121870472440943
0
LINE
8
BLACK
6
CONTINUOUS
10
3.8312318110236219
20
-2.9121870472440943
11
3.8311804330708661
21
-2.9122042125984251
0
LINE
8
BLACK
6
CONTINUOUS
10
3.8311804330708661
20
-2.9122042125984251
11
3.8308153149606299
21
-2.9121042125984253
0
LINE
8
BLACK
6
CONTINUOUS
10
3.8308153149606299
20
-2.9121042125984253
11
3.830443897637795
21
-2.9120303543307084
0
LINE
8
BLACK
6
CONTINUOUS
10
3.830443897637795
20
-2.9120303543307084
11
3.8304055511811024
21
-2.9119920078740158
0
LINE
8
BLACK
6
CONTINUOUS
10
3.8304055511811024
20
-2.9119920078740158
11
3.8302914960629919
21
-2.9119607874015747
0
LINE
8
BLACK
6
CONTINUOUS
10
3.8302914960629919
20
-2.9119607874015747
11
3.8272918110236218
21
-2.9104609842519684
0
LINE
8
BLACK
6
CONTINUOUS
10
3.8272918110236218
20
-2.9104609842519684
11
3.8269925984251967
21
-2.910228779527559
0
LINE
8
BLACK
6
CONTINUOUS
10
3.8269925984251967
20
-2.910228779527559
11
3.8266778740157479
21
-2.9100184645669289
0
LINE
8
BLACK
6
CONTINUOUS
10
3.8266778740157479
20
-2.9100184645669289
11
3.8251781102362203
21
-2.9085186614173226
0
LINE
8
BLACK
6
CONTINUOUS
10
3.8251781102362203
20
-2.9085186614173226
11
3.8249679527559053
21
-2.9082041732283463
0
LINE
8
BLACK
6
CONTINUOUS
10
3.8249679527559053
20
-2.9082041732283463
11
3.8247355905511808
21
-2.9079047637795274
0
LINE
8
BLACK
6
CONTINUOUS
10
3.8247355905511808
20
-2.9079047637795274
11
3.8232357874015745
21
-2.9049051181102361
0
LINE
8
BLACK
6
CONTINUOUS
10
3.8232357874015745
20
-2.9049051181102361
11
3.8232045275590552
21
-2.9047909842519686
0
LINE
8
BLACK
6
CONTINUOUS
10
3.8232045275590552
20
-2.9047909842519686
11
3.8231662204724408
21
-2.9047526771653542
0
LINE
8
BLACK
6
CONTINUOUS
10
3.8231662204724408
20
-2.9047526771653542
11
3.8230923228346456
21
-2.9043812992125986
0
LINE
8
BLACK
6
CONTINUOUS
10
3.8230923228346456
20
-2.9043812992125986
11
3.8229923622047242
21
-2.9040161417322836
0
LINE
8
BLACK
6
CONTINUOUS
10
3.8229923622047242
20
-2.9040161417322836
11
3.8230094881889762
21
-2.9039647244094486
0
LINE
8
BLACK
6
CONTINUOUS
10
3.8230094881889762
20
-2.9039647244094486
11
3.8229864173228347
21
-2.9038487007874014
0
LINE
8
BLACK
6
CONTINUOUS
10
3.8229864173228347
20
-2.9038487007874014
11
3.8229864173228347
21
-2.8963496456692912
0
LINE
8
BLACK
6
CONTINUOUS
10
3.8229864173228347
20
-2.8963496456692912
11
3.8230094881889762
21
-2.8962335826771652
0
LINE
8
BLACK
6
CONTINUOUS
10
3.8230094881889762
20
-2.8962335826771652
11
3.8229923622047242
21
-2.8961822047244095
0
LINE
8
BLACK
6
CONTINUOUS
10
3.8229923622047242
20
-2.8961822047244095
11
3.8230923228346456
21
-2.8958170078740157
0
LINE
8
BLACK
6
CONTINUOUS
10
3.8230923228346456
20
-2.8958170078740157
11
3.8231662204724408
21
-2.8954456692913384
0
LINE
8
BLACK
6
CONTINUOUS
10
3.8231662204724408
20
-2.8954456692913384
11
3.8232045275590552
21
-2.8954073228346457
0
LINE
8
BLACK
6
CONTINUOUS
10
3.8232045275590552
20
-2.8954073228346457
11
3.8232357874015745
21
-2.8952932283464565
0
LINE
8
BLACK
6
CONTINUOUS
10
3.8232357874015745
20
-2.8952932283464565
11
3.8247355905511808
21
-2.8922936220472439
0
LINE
8
BLACK
6
CONTINUOUS
10
3.8247355905511808
20
-2.8922936220472439
11
3.8249677559055115
21
-2.8919944488188976
0
LINE
8
BLACK
6
CONTINUOUS
10
3.8249677559055115
20
-2.8919944488188976
11
3.8251780708661416
21
-2.8916797244094488
0
LINE
8
BLACK
6
CONTINUOUS
10
3.8251780708661416
20
-2.8916797244094488
11
3.8266778740157479
21
-2.8901798818897637
0
LINE
8
BLACK
6
CONTINUOUS
10
3.8266778740157479
20
-2.8901798818897637
11
3.8274442125984249
21
-2.8896677952755905
0
LINE
8
BLACK
6
CONTINUOUS
10
3.8274442125984249
20
-2.8896677952755905
11
3.8292521653543306
21
-2.8896677952755905
0
LINE
8
BLACK
6
CONTINUOUS
10
3.8292521653543306
20
-2.8896677952755905
11
3.8305306299212596
21
-2.890946181102362
0
LINE
8
BLACK
6
CONTINUOUS
10
3.8305306299212596
20
-2.890946181102362
11
3.8305306299212596
21
-2.8927541732283464
0
LINE
8
BLACK
6
CONTINUOUS
10
3.8305306299212596
20
-2.8927541732283464
11
3.8300185826771651
21
-2.8935205118110234
0
LINE
8
BLACK
6
CONTINUOUS
10
3.8300185826771651
20
-2.8935205118110234
11
3.8287898425196851
21
-2.8947492519685039
0
LINE
8
BLACK
6
CONTINUOUS
10
3.8287898425196851
20
-2.8947492519685039
11
3.8277108267716535
21
-2.8969073228346458
0
LINE
8
BLACK
6
CONTINUOUS
10
3.8277108267716535
20
-2.8969073228346458
11
3.8277108267716535
21
-2.9032910236220473
0
LINE
8
BLACK
6
CONTINUOUS
10
3.8277108267716535
20
-2.9032910236220473
11
3.8287898425196851
21
-2.9054490944881888
0
LINE
8
BLACK
6
CONTINUOUS
10
3.8287898425196851
20
-2.9054490944881888
11
3.8297474409448817
21
-2.9064066929133858
0
LINE
8
BLACK
6
CONTINUOUS
10
3.8297474409448817
20
-2.9064066929133858
11
3.8319055511811024
21
-2.9074857480314962
0
LINE
8
BLACK
6
CONTINUOUS
10
3.8319055511811024
20
-2.9074857480314962
11
3.8339641338582675
21
-2.9074857480314962
0
LINE
8
BLACK
6
CONTINUOUS
10
3.8339641338582675
20
-2.9074857480314962
11
3.8375709448818895
21
-2.9062834645669291
0
LINE
8
BLACK
6
CONTINUOUS
10
3.8375709448818895
20
-2.9062834645669291
11
3.85517437007874
21
-2.8886800393700787
0
LINE
8
BLACK
6
CONTINUOUS
10
3.85517437007874
20
-2.8886800393700787
11
3.855940708661417
21
-2.8881679921259842
0
LINE
8
BLACK
6
CONTINUOUS
10
3.855940708661417
20
-2.8881679921259842
11
3.8577486614173226
21
-2.8881679921259842
0
LINE
8
BLACK
6
CONTINUOUS
10
3.8577486614173226
20
-2.8881679921259842
11
3.8590270866141729
21
-2.8894464173228345
0
LINE
8
BLACK
6
CONTINUOUS
10
3.8509614566929131
20
-2.8580150393700787
11
3.8510128740157481
21
-2.8579979133858266
0
LINE
8
BLACK
6
CONTINUOUS
10
3.8510128740157481
20
-2.8579979133858266
11
3.8513780314960631
21
-2.8580978740157481
0
LINE
8
BLACK
6
CONTINUOUS
10
3.8513780314960631
20
-2.8580978740157481
11
3.8517494094488187
21
-2.8581717716535433
0
LINE
8
BLACK
6
CONTINUOUS
10
3.8517494094488187
20
-2.8581717716535433
11
3.8517877165354331
21
-2.8582100787401572
0
LINE
8
BLACK
6
CONTINUOUS
10
3.8517877165354331
20
-2.8582100787401572
11
3.8519018503937006
21
-2.858241338582677
0
LINE
8
BLACK
6
CONTINUOUS
10
3.8519018503937006
20
-2.858241338582677
11
3.8549014566929132
21
-2.8597411417322833
0
LINE
8
BLACK
6
CONTINUOUS
10
3.8549014566929132
20
-2.8597411417322833
11
3.8552005905511808
21
-2.859973307086614
0
LINE
8
BLACK
6
CONTINUOUS
10
3.8552005905511808
20
-2.859973307086614
11
3.8555153543307084
21
-2.8601836220472441
0
LINE
8
BLACK
6
CONTINUOUS
10
3.8555153543307084
20
-2.8601836220472441
11
3.8570151968503934
21
-2.8616834251968504
0
LINE
8
BLACK
6
CONTINUOUS
10
3.8570151968503934
20
-2.8616834251968504
11
3.8572255118110235
21
-2.8619981496062992
0
LINE
8
BLACK
6
CONTINUOUS
10
3.8572255118110235
20
-2.8619981496062992
11
3.8574577165354329
21
-2.8622973622047243
0
LINE
8
BLACK
6
CONTINUOUS
10
3.8574577165354329
20
-2.8622973622047243
11
3.8589575196850392
21
-2.8652970472440944
0
LINE
8
BLACK
6
CONTINUOUS
10
3.8589575196850392
20
-2.8652970472440944
11
3.8589887401574803
21
-2.8654111023622049
0
LINE
8
BLACK
6
CONTINUOUS
10
3.8589887401574803
20
-2.8654111023622049
11
3.8590270866141729
21
-2.8654494488188975
0
LINE
8
BLACK
6
CONTINUOUS
10
3.8590270866141729
20
-2.8654494488188975
11
3.8591009448818898
21
-2.8658208661417324
0
LINE
8
BLACK
6
CONTINUOUS
10
3.8591009448818898
20
-2.8658208661417324
11
3.8592009448818896
21
-2.8661859842519686
0
LINE
8
BLACK
6
CONTINUOUS
10
3.8592009448818896
20
-2.8661859842519686
11
3.8591837795275588
21
-2.8662373622047244
0
LINE
8
BLACK
6
CONTINUOUS
10
3.8591837795275588
20
-2.8662373622047244
11
3.8592068897637795
21
-2.8663534251968503
0
LINE
8
BLACK
6
CONTINUOUS
10
3.8592068897637795
20
-2.8663534251968503
11
3.8592068897637795
21
-2.8723526771653543
0
LINE
8
BLACK
6
CONTINUOUS
10
3.8592068897637795
20
-2.8723526771653543
11
3.8591837795275588
21
-2.8724687007874015
0
LINE
8
BLACK
6
CONTINUOUS
10
3.8591837795275588
20
-2.8724687007874015
11
3.8592009448818896
21
-2.872520118110236
0
LINE
8
BLACK
6
CONTINUOUS
10
3.8592009448818896
20
-2.872520118110236
11
3.8591009448818898
21
-2.872885275590551
0
LINE
8
BLACK
6
CONTINUOUS
10
3.8591009448818898
20
-2.872885275590551
11
3.8590270866141729
21
-2.8732566535433071
0
LINE
8
BLACK
6
CONTINUOUS
10
3.8590270866141729
20
-2.8732566535433071
11
3.8589887401574803
21
-2.8732949606299214
0
LINE
8
BLACK
6
CONTINUOUS
10
3.8589887401574803
20
-2.8732949606299214
11
3.8589575196850392
21
-2.8734090944881889
0
LINE
8
BLACK
6
CONTINUOUS
10
3.8589575196850392
20
-2.8734090944881889
11
3.8574577165354329
21
-2.8764087007874015
0
LINE
8
BLACK
6
CONTINUOUS
10
3.8574577165354329
20
-2.8764087007874015
11
3.857225590551181
21
-2.8767077165354329
0
LINE
8
BLACK
6
CONTINUOUS
10
3.857225590551181
20
-2.8767077165354329
11
3.8570151968503934
21
-2.8770226377952755
0
LINE
8
BLACK
6
CONTINUOUS
10
3.8570151968503934
20
-2.8770226377952755
11
3.8555153543307084
21
-2.8785224409448817
0
LINE
8
BLACK
6
CONTINUOUS
10
3.8555153543307084
20
-2.8785224409448817
11
3.8552005905511808
21
-2.8787327165354331
0
LINE
8
BLACK
6
CONTINUOUS
10
3.8552005905511808
20
-2.8787327165354331
11
3.8549014566929132
21
-2.8789649212598425
0
LINE
8
BLACK
6
CONTINUOUS
10
3.8549014566929132
20
-2.8789649212598425
11
3.8519018503937006
21
-2.8804647244094488
0
LINE
8
BLACK
6
CONTINUOUS
10
3.8519018503937006
20
-2.8804647244094488
11
3.8517877559055118
21
-2.8804959448818899
0
LINE
8
BLACK
6
CONTINUOUS
10
3.8517877559055118
20
-2.8804959448818899
11
3.8517494094488187
21
-2.8805343307086613
0
LINE
8
BLACK
6
CONTINUOUS
10
3.8517494094488187
20
-2.8805343307086613
11
3.851377874015748
21
-2.8806081889763777
0
LINE
8
BLACK
6
CONTINUOUS
10
3.851377874015748
20
-2.8806081889763777
11
3.8510129133858269
21
-2.8807081889763779
0
LINE
8
BLACK
6
CONTINUOUS
10
3.8510129133858269
20
-2.8807081889763779
11
3.8509614566929131
21
-2.8806910236220471
0
LINE
8
BLACK
6
CONTINUOUS
10
3.8509614566929131
20
-2.8806910236220471
11
3.8508454330708659
21
-2.8807141338582678
0
LINE
8
BLACK
6
CONTINUOUS
10
3.8508454330708659
20
-2.8807141338582678
11
3.8253486220472439
21
-2.8807141338582678
0
LINE
8
BLACK
6
CONTINUOUS
10
3.8253486220472439
20
-2.8807141338582678
11
3.8244446456692911
21
-2.8805343307086613
0
LINE
8
BLACK
6
CONTINUOUS
10
3.8244446456692911
20
-2.8805343307086613
11
3.8231662204724408
21
-2.879255905511811
0
LINE
8
BLACK
6
CONTINUOUS
10
3.8231662204724408
20
-2.879255905511811
11
3.8231662204724408
21
-2.8774479527559054
0
LINE
8
BLACK
6
CONTINUOUS
10
3.8231662204724408
20
-2.8774479527559054
11
3.8244446456692911
21
-2.8761695275590551
0
LINE
8
BLACK
6
CONTINUOUS
10
3.8244446456692911
20
-2.8761695275590551
11
3.8253486220472439
21
-2.8759897244094486
0
LINE
8
BLACK
6
CONTINUOUS
10
3.8253486220472439
20
-2.8759897244094486
11
3.8502878346456693
21
-2.8759897244094486
0
LINE
8
BLACK
6
CONTINUOUS
10
3.8502878346456693
20
-2.8759897244094486
11
3.8524457480314958
21
-2.8749107086614174
0
LINE
8
BLACK
6
CONTINUOUS
10
3.8524457480314958
20
-2.8749107086614174
11
3.8534034645669291
21
-2.8739529921259841
0
LINE
8
BLACK
6
CONTINUOUS
10
3.8534034645669291
20
-2.8739529921259841
11
3.8544824803149607
21
-2.8717950000000001
0
LINE
8
BLACK
6
CONTINUOUS
10
3.8544824803149607
20
-2.8717950000000001
11
3.8544824803149607
21
-2.8669110629921257
0
LINE
8
BLACK
6
CONTINUOUS
10
3.8544824803149607
20
-2.8669110629921257
11
3.8534034645669291
21
-2.864753031496063
0
LINE
8
BLACK
6
CONTINUOUS
10
3.8534034645669291
20
-2.864753031496063
11
3.8524457874015745
21
-2.8637953937007872
0
LINE
8
BLACK
6
CONTINUOUS
10
3.8524457874015745
20
-2.8637953937007872
11
3.8502877559055118
21
-2.862716377952756
0
LINE
8
BLACK
6
CONTINUOUS
10
3.8502877559055118
20
-2.862716377952756
11
3.8253486220472439
21
-2.862716377952756
0
LINE
8
BLACK
6
CONTINUOUS
10
3.8253486220472439
20
-2.862716377952756
11
3.8244446456692911
21
-2.8625365748031495
0
LINE
8
BLACK
6
CONTINUOUS
10
3.8244446456692911
20
-2.8625365748031495
11
3.8231662204724408
21
-2.8612581496062992
0
LINE
8
BLACK
6
CONTINUOUS
10
3.8231662204724408
20
-2.8612581496062992
11
3.8231662204724408
21
-2.8594501968503936
0
LINE
8
BLACK
6
CONTINUOUS
10
3.8231662204724408
20
-2.8594501968503936
11
3.8244446456692911
21
-2.8581717716535433
0
LINE
8
BLACK
6
CONTINUOUS
10
3.8244446456692911
20
-2.8581717716535433
11
3.8253486220472439
21
-2.8579919685039368
0
LINE
8
BLACK
6
CONTINUOUS
10
3.8253486220472439
20
-2.8579919685039368
11
3.8508454330708659
21
-2.8579919685039368
0
LINE
8
BLACK
6
CONTINUOUS
10
3.8508454330708659
20
-2.8579919685039368
11
3.8509614566929131
21
-2.8580150393700787
0
LINE
8
BLACK
6
CONTINUOUS
10
3.9161076377952755
20
-2.7506427559055115
11
3.9171729921259844
21
-2.7517081102362204
0
LINE
8
BLACK
6
CONTINUOUS
10
3.9171729921259844
20
-2.7517081102362204
11
3.917322834645669
21
-2.7524614173228348
0
LINE
8
BLACK
6
CONTINUOUS
10
3.917322834645669
20
-2.7524614173228348
11
3.917322834645669
21
-3.0162409448818899
0
LINE
8
BLACK
6
CONTINUOUS
10
3.917322834645669
20
-3.0162409448818899
11
3.9171729921259844
21
-3.0169942519685038
0
LINE
8
BLACK
6
CONTINUOUS
10
3.9171729921259844
20
-3.0169942519685038
11
3.9161076377952755
21
-3.0180596062992127
0
LINE
8
BLACK
6
CONTINUOUS
10
3.9161076377952755
20
-3.0180596062992127
11
3.9153543307086611
21
-3.0182094488188977
0
LINE
8
BLACK
6
CONTINUOUS
10
3.9153543307086611
20
-3.0182094488188977
11
3.8090551181102361
21
-3.0182094488188977
0
LINE
8
BLACK
6
CONTINUOUS
10
3.8090551181102361
20
-3.0182094488188977
11
3.8083018110236218
21
-3.0180596062992127
0
LINE
8
BLACK
6
CONTINUOUS
10
3.8083018110236218
20
-3.0180596062992127
11
3.8076631889763779
21
-3.0176329133858268
0
LINE
8
BLACK
6
CONTINUOUS
10
3.8076631889763779
20
-3.0176329133858268
11
3.7682931102362205
21
-2.9782627952755907
0
LINE
8
BLACK
6
CONTINUOUS
10
3.7682931102362205
20
-2.9782627952755907
11
3.7678663779527559
21
-2.9776241732283464
0
LINE
8
BLACK
6
CONTINUOUS
10
3.7678663779527559
20
-2.9776241732283464
11
3.7677165354330708
21
-2.976870866141732
0
LINE
8
BLACK
6
CONTINUOUS
10
3.7677165354330708
20
-2.976870866141732
11
3.7677165354330708
21
-2.7524614173228348
0
LINE
8
BLACK
6
CONTINUOUS
10
3.7677165354330708
20
-2.7524614173228348
11
3.7678663779527559
21
-2.7517081102362204
0
LINE
8
BLACK
6
CONTINUOUS
10
3.7678663779527559
20
-2.7517081102362204
11
3.7689317322834643
21
-2.7506427559055115
0
LINE
8
BLACK
6
CONTINUOUS
10
3.7689317322834643
20
-2.7506427559055115
11
3.7696850393700787
21
-2.7504929133858269
0
LINE
8
BLACK
6
CONTINUOUS
10
3.7696850393700787
20
-2.7504929133858269
11
3.9153543307086611
21
-2.7504929133858269
0
LINE
8
BLACK
6
CONTINUOUS
10
3.9153543307086611
20
-2.7504929133858269
11
3.9161076377952755
21
-2.7506427559055115
0
LINE
8
BLACK
6
CONTINUOUS
10
3.7716535433070866
20
-2.7544299212598427
11
3.7716535433070866
21
-2.9760554724409447
0
LINE
8
BLACK
6
CONTINUOUS
10
3.7716535433070866
20
-2.9760554724409447
11
3.8098705118110234
21
-3.014272440944882
0
LINE
8
BLACK
6
CONTINUOUS
10
3.8098705118110234
20
-3.014272440944882
11
3.9133858267716533
21
-3.014272440944882
0
LINE
8
BLACK
6
CONTINUOUS
10
3.9133858267716533
20
-3.014272440944882
11
3.9133858267716533
21
-2.7544299212598427
0
LINE
8
BLACK
6
CONTINUOUS
10
3.9133858267716533
20
-2.7544299212598427
11
3.7716535433070866
21
-2.7544299212598427
0
LINE
8
BLACK
6
CONTINUOUS
10
4.0867127559055119
20
-2.9425520078740157
11
4.0868326377952755
21
-2.9431546456692912
0
LINE
8
BLACK
6
CONTINUOUS
10
4.0868326377952755
20
-2.9431546456692912
11
4.0868326377952755
21
-2.9538897244094486
0
LINE
8
BLACK
6
CONTINUOUS
10
4.0868326377952755
20
-2.9538897244094486
11
4.1043225590551184
21
-2.946394094488189
0
LINE
8
BLACK
6
CONTINUOUS
10
4.1043225590551184
20
-2.946394094488189
11
4.1049237007874018
21
-2.9462668897637796
0
LINE
8
BLACK
6
CONTINUOUS
10
4.1049237007874018
20
-2.9462668897637796
11
4.1060427952755907
21
-2.9467145275590552
0
LINE
8
BLACK
6
CONTINUOUS
10
4.1060427952755907
20
-2.9467145275590552
11
4.1065175590551179
21
-2.9478223622047244
0
LINE
8
BLACK
6
CONTINUOUS
10
4.1065175590551179
20
-2.9478223622047244
11
4.1060699212598424
21
-2.9489414566929133
0
LINE
8
BLACK
6
CONTINUOUS
10
4.1060699212598424
20
-2.9489414566929133
11
4.1055632283464565
21
-2.9492890551181103
0
LINE
8
BLACK
6
CONTINUOUS
10
4.1055632283464565
20
-2.9492890551181103
11
4.0858781889763778
21
-2.957725472440945
0
LINE
8
BLACK
6
CONTINUOUS
10
4.0858781889763778
20
-2.957725472440945
11
4.0858651181102363
21
-2.9577282283464568
0
LINE
8
BLACK
6
CONTINUOUS
10
4.0858651181102363
20
-2.9577282283464568
11
4.0858604724409444
21
-2.9577329133858266
0
LINE
8
BLACK
6
CONTINUOUS
10
4.0858604724409444
20
-2.9577329133858266
11
4.0858430314960632
21
-2.9577329133858266
0
LINE
8
BLACK
6
CONTINUOUS
10
4.0858430314960632
20
-2.9577329133858266
11
4.0852770472440945
21
-2.9578526771653544
0
LINE
8
BLACK
6
CONTINUOUS
10
4.0852770472440945
20
-2.9578526771653544
11
4.0849776377952756
21
-2.9577329133858266
0
LINE
8
BLACK
6
CONTINUOUS
10
4.0849776377952756
20
-2.9577329133858266
11
4.0846551968503935
21
-2.9577329133858266
0
LINE
8
BLACK
6
CONTINUOUS
10
4.0846551968503935
20
-2.9577329133858266
11
4.0844402362204724
21
-2.9575179527559055
0
LINE
8
BLACK
6
CONTINUOUS
10
4.0844402362204724
20
-2.9575179527559055
11
4.0841579527559055
21
-2.9574050393700788
0
LINE
8
BLACK
6
CONTINUOUS
10
4.0841579527559055
20
-2.9574050393700788
11
4.0840309055118107
21
-2.9571086220472442
0
LINE
8
BLACK
6
CONTINUOUS
10
4.0840309055118107
20
-2.9571086220472442
11
4.0838029133858269
21
-2.95688062992126
0
LINE
8
BLACK
6
CONTINUOUS
10
4.0838029133858269
20
-2.95688062992126
11
4.0836900393700786
21
-2.9563133070866141
0
LINE
8
BLACK
6
CONTINUOUS
10
4.0836900393700786
20
-2.9563133070866141
11
4.0836831496062995
21
-2.9562972047244096
0
LINE
8
BLACK
6
CONTINUOUS
10
4.0836831496062995
20
-2.9562972047244096
11
4.0836855905511813
21
-2.9562909842519685
0
LINE
8
BLACK
6
CONTINUOUS
10
4.0836855905511813
20
-2.9562909842519685
11
4.0836830314960633
21
-2.9562779921259841
0
LINE
8
BLACK
6
CONTINUOUS
10
4.0836830314960633
20
-2.9562779921259841
11
4.0836830314960633
21
-2.9431546456692912
0
LINE
8
BLACK
6
CONTINUOUS
10
4.0836830314960633
20
-2.9431546456692912
11
4.0838029133858269
21
-2.9425520078740157
0
LINE
8
BLACK
6
CONTINUOUS
10
4.0838029133858269
20
-2.9425520078740157
11
4.0846551968503935
21
-2.9416997244094487
0
LINE
8
BLACK
6
CONTINUOUS
10
4.0846551968503935
20
-2.9416997244094487
11
4.0858604724409444
21
-2.9416997244094487
0
LINE
8
BLACK
6
CONTINUOUS
10
4.0858604724409444
20
-2.9416997244094487
11
4.0867127559055119
21
-2.9425520078740157
0
LINE
8
BLACK
6
CONTINUOUS
10
4.0867127559055119
20
-2.9238043700787402
11
4.0868326377952755
21
-2.9244070078740156
0
LINE
8
BLACK
6
CONTINUOUS
10
4.0868326377952755
20
-2.9244070078740156
11
4.0868326377952755
21
-2.9331224803149607
0
LINE
8
BLACK
6
CONTINUOUS
10
4.0868326377952755
20
-2.9331224803149607
11
4.0917198818897633
21
-2.9288461417322833
0
LINE
8
BLACK
6
CONTINUOUS
10
4.0917198818897633
20
-2.9288461417322833
11
4.0921079133858269
21
-2.9286226771653543
0
LINE
8
BLACK
6
CONTINUOUS
10
4.0921079133858269
20
-2.9286226771653543
11
4.0921542519685037
21
-2.9285763779527558
0
LINE
8
BLACK
6
CONTINUOUS
10
4.0921542519685037
20
-2.9285763779527558
11
4.0921883464566928
21
-2.9285763779527558
0
LINE
8
BLACK
6
CONTINUOUS
10
4.0921883464566928
20
-2.9285763779527558
11
4.0922523622047242
21
-2.9285395275590549
0
LINE
8
BLACK
6
CONTINUOUS
10
4.0922523622047242
20
-2.9285395275590549
11
4.0928052362204728
21
-2.9285763779527558
0
LINE
8
BLACK
6
CONTINUOUS
10
4.0928052362204728
20
-2.9285763779527558
11
4.0933595275590546
21
-2.9285763779527558
0
LINE
8
BLACK
6
CONTINUOUS
10
4.0933595275590546
20
-2.9285763779527558
11
4.0933990944881886
21
-2.9286159448818898
0
LINE
8
BLACK
6
CONTINUOUS
10
4.0933990944881886
20
-2.9286159448818898
11
4.0934549999999996
21
-2.92861968503937
0
LINE
8
BLACK
6
CONTINUOUS
10
4.0934549999999996
20
-2.92861968503937
11
4.0938201181102363
21
-2.929036968503937
0
LINE
8
BLACK
6
CONTINUOUS
10
4.0938201181102363
20
-2.929036968503937
11
4.0942118110236221
21
-2.9294286614173228
0
LINE
8
BLACK
6
CONTINUOUS
10
4.0942118110236221
20
-2.9294286614173228
11
4.0942261811023624
21
-2.9295010629921259
0
LINE
8
BLACK
6
CONTINUOUS
10
4.0942261811023624
20
-2.9295010629921259
11
4.094248661417323
21
-2.9295267322834646
0
LINE
8
BLACK
6
CONTINUOUS
10
4.094248661417323
20
-2.9295267322834646
11
4.0942442913385824
21
-2.9295920078740156
0
LINE
8
BLACK
6
CONTINUOUS
10
4.0942442913385824
20
-2.9295920078740156
11
4.0943316929133857
21
-2.9300312992125983
0
LINE
8
BLACK
6
CONTINUOUS
10
4.0943316929133857
20
-2.9300312992125983
11
4.0943316929133857
21
-2.9324716535433071
0
LINE
8
BLACK
6
CONTINUOUS
10
4.0943316929133857
20
-2.9324716535433071
11
4.0949885433070863
21
-2.9337853937007874
0
LINE
8
BLACK
6
CONTINUOUS
10
4.0949885433070863
20
-2.9337853937007874
11
4.0955644488188971
21
-2.9343612992125983
0
LINE
8
BLACK
6
CONTINUOUS
10
4.0955644488188971
20
-2.9343612992125983
11
4.0968781889763779
21
-2.935018188976378
0
LINE
8
BLACK
6
CONTINUOUS
10
4.0968781889763779
20
-2.935018188976378
11
4.1008215748031498
21
-2.935018188976378
0
LINE
8
BLACK
6
CONTINUOUS
10
4.1008215748031498
20
-2.935018188976378
11
4.1021352362204722
21
-2.9343612992125983
0
LINE
8
BLACK
6
CONTINUOUS
10
4.1021352362204722
20
-2.9343612992125983
11
4.1027112598425193
21
-2.9337853543307086
0
LINE
8
BLACK
6
CONTINUOUS
10
4.1027112598425193
20
-2.9337853543307086
11
4.103368070866142
21
-2.9324717322834646
0
LINE
8
BLACK
6
CONTINUOUS
10
4.103368070866142
20
-2.9324717322834646
11
4.103368070866142
21
-2.927590866141732
0
LINE
8
BLACK
6
CONTINUOUS
10
4.103368070866142
20
-2.927590866141732
11
4.1027112598425193
21
-2.9262772834645667
0
LINE
8
BLACK
6
CONTINUOUS
10
4.1027112598425193
20
-2.9262772834645667
11
4.101954566929134
21
-2.9255205511811022
0
LINE
8
BLACK
6
CONTINUOUS
10
4.101954566929134
20
-2.9255205511811022
11
4.1016131889763781
21
-2.9250096456692911
0
LINE
8
BLACK
6
CONTINUOUS
10
4.1016131889763781
20
-2.9250096456692911
11
4.1016131889763781
21
-2.9238043700787402
0
LINE
8
BLACK
6
CONTINUOUS
10
4.1016131889763781
20
-2.9238043700787402
11
4.1024654724409446
21
-2.9229520866141732
0
LINE
8
BLACK
6
CONTINUOUS
10
4.1024654724409446
20
-2.9229520866141732
11
4.1036707480314956
21
-2.9229520866141732
0
LINE
8
BLACK
6
CONTINUOUS
10
4.1036707480314956
20
-2.9229520866141732
11
4.1041816535433071
21
-2.9232934645669291
0
LINE
8
BLACK
6
CONTINUOUS
10
4.1041816535433071
20
-2.9232934645669291
11
4.1051190551181103
21
-2.9242308267716535
0
LINE
8
BLACK
6
CONTINUOUS
10
4.1051190551181103
20
-2.9242308267716535
11
4.1052594488188978
21
-2.9244409448818898
0
LINE
8
BLACK
6
CONTINUOUS
10
4.1052594488188978
20
-2.9244409448818898
11
4.1054140551181098
21
-2.9246401574803147
0
LINE
8
BLACK
6
CONTINUOUS
10
4.1054140551181098
20
-2.9246401574803147
11
4.1063514173228342
21
-2.9265148818897635
0
LINE
8
BLACK
6
CONTINUOUS
10
4.1063514173228342
20
-2.9265148818897635
11
4.1063722440944881
21
-2.9265909842519684
0
LINE
8
BLACK
6
CONTINUOUS
10
4.1063722440944881
20
-2.9265909842519684
11
4.1063977952755906
21
-2.9266165354330709
0
LINE
8
BLACK
6
CONTINUOUS
10
4.1063977952755906
20
-2.9266165354330709
11
4.1064470078740154
21
-2.9268640551181102
0
LINE
8
BLACK
6
CONTINUOUS
10
4.1064470078740154
20
-2.9268640551181102
11
4.1065137007874011
21
-2.9271075196850393
0
LINE
8
BLACK
6
CONTINUOUS
10
4.1065137007874011
20
-2.9271075196850393
11
4.1065022440944885
21
-2.9271417716535431
0
LINE
8
BLACK
6
CONTINUOUS
10
4.1065022440944885
20
-2.9271417716535431
11
4.1065176771653542
21
-2.9272191732283463
0
LINE
8
BLACK
6
CONTINUOUS
10
4.1065176771653542
20
-2.9272191732283463
11
4.1065176771653542
21
-2.932843464566929
0
LINE
8
BLACK
6
CONTINUOUS
10
4.1065176771653542
20
-2.932843464566929
11
4.1065022440944885
21
-2.9329208267716536
0
LINE
8
BLACK
6
CONTINUOUS
10
4.1065022440944885
20
-2.9329208267716536
11
4.1065137007874011
21
-2.932955118110236
0
LINE
8
BLACK
6
CONTINUOUS
10
4.1065137007874011
20
-2.932955118110236
11
4.1064470078740154
21
-2.9331985433070864
0
LINE
8
BLACK
6
CONTINUOUS
10
4.1064470078740154
20
-2.9331985433070864
11
4.1063977952755906
21
-2.9334461023622045
0
LINE
8
BLACK
6
CONTINUOUS
10
4.1063977952755906
20
-2.9334461023622045
11
4.1063722440944881
21
-2.9334716141732282
0
LINE
8
BLACK
6
CONTINUOUS
10
4.1063722440944881
20
-2.9334716141732282
11
4.1063514173228342
21
-2.9335477559055119
0
LINE
8
BLACK
6
CONTINUOUS
10
4.1063514173228342
20
-2.9335477559055119
11
4.1054140551181098
21
-2.9354224803149607
0
LINE
8
BLACK
6
CONTINUOUS
10
4.1054140551181098
20
-2.9354224803149607
11
4.1052594488188978
21
-2.9356216535433068
0
LINE
8
BLACK
6
CONTINUOUS
10
4.1052594488188978
20
-2.9356216535433068
11
4.1051190551181103
21
-2.9358318110236219
0
LINE
8
BLACK
6
CONTINUOUS
10
4.1051190551181103
20
-2.9358318110236219
11
4.1041816535433071
21
-2.9367691732283463
0
LINE
8
BLACK
6
CONTINUOUS
10
4.1041816535433071
20
-2.9367691732283463
11
4.1039717322834646
21
-2.9369093700787401
0
LINE
8
BLACK
6
CONTINUOUS
10
4.1039717322834646
20
-2.9369093700787401
11
4.1037724015748029
21
-2.9370641338582675
0
LINE
8
BLACK
6
CONTINUOUS
10
4.1037724015748029
20
-2.9370641338582675
11
4.1018976377952754
21
-2.9380015354330706
0
LINE
8
BLACK
6
CONTINUOUS
10
4.1018976377952754
20
-2.9380015354330706
11
4.1018214960629917
21
-2.9380223622047241
0
LINE
8
BLACK
6
CONTINUOUS
10
4.1018214960629917
20
-2.9380223622047241
11
4.101795984251968
21
-2.9380479133858266
0
LINE
8
BLACK
6
CONTINUOUS
10
4.101795984251968
20
-2.9380479133858266
11
4.1015484251968504
21
-2.9380971259842519
0
LINE
8
BLACK
6
CONTINUOUS
10
4.1015484251968504
20
-2.9380971259842519
11
4.101305
21
-2.9381638188976376
0
LINE
8
BLACK
6
CONTINUOUS
10
4.101305
20
-2.9381638188976376
11
4.1012707086614171
21
-2.9381523622047245
0
LINE
8
BLACK
6
CONTINUOUS
10
4.1012707086614171
20
-2.9381523622047245
11
4.101193346456693
21
-2.9381677952755907
0
LINE
8
BLACK
6
CONTINUOUS
10
4.101193346456693
20
-2.9381677952755907
11
4.0965064173228347
21
-2.9381677952755907
0
LINE
8
BLACK
6
CONTINUOUS
10
4.0965064173228347
20
-2.9381677952755907
11
4.096429015748031
21
-2.9381523622047245
0
LINE
8
BLACK
6
CONTINUOUS
10
4.096429015748031
20
-2.9381523622047245
11
4.0963947637795277
21
-2.9381638188976376
0
LINE
8
BLACK
6
CONTINUOUS
10
4.0963947637795277
20
-2.9381638188976376
11
4.0961512992125986
21
-2.9380971259842519
0
LINE
8
BLACK
6
CONTINUOUS
10
4.0961512992125986
20
-2.9380971259842519
11
4.0959037795275588
21
-2.9380479133858266
0
LINE
8
BLACK
6
CONTINUOUS
10
4.0959037795275588
20
-2.9380479133858266
11
4.0958782283464563
21
-2.9380223622047241
0
LINE
8
BLACK
6
CONTINUOUS
10
4.0958782283464563
20
-2.9380223622047241
11
4.0958021259842523
21
-2.9380015354330706
0
LINE
8
BLACK
6
CONTINUOUS
10
4.0958021259842523
20
-2.9380015354330706
11
4.0939273622047248
21
-2.9370641338582675
0
LINE
8
BLACK
6
CONTINUOUS
10
4.0939273622047248
20
-2.9370641338582675
11
4.0937277559055119
21
-2.9369092125984251
0
LINE
8
BLACK
6
CONTINUOUS
10
4.0937277559055119
20
-2.9369092125984251
11
4.0935181102362206
21
-2.9367691338582675
0
LINE
8
BLACK
6
CONTINUOUS
10
4.0935181102362206
20
-2.9367691338582675
11
4.0925807480314962
21
-2.9358317716535431
0
LINE
8
BLACK
6
CONTINUOUS
10
4.0925807480314962
20
-2.9358317716535431
11
4.0924406299212599
21
-2.9356220866141731
0
LINE
8
BLACK
6
CONTINUOUS
10
4.0924406299212599
20
-2.9356220866141731
11
4.0922857480314958
21
-2.9354225196850394
0
LINE
8
BLACK
6
CONTINUOUS
10
4.0922857480314958
20
-2.9354225196850394
11
4.0913483464566927
21
-2.9335477559055119
0
LINE
8
BLACK
6
CONTINUOUS
10
4.0913483464566927
20
-2.9335477559055119
11
4.0913274803149609
21
-2.9334716141732282
0
LINE
8
BLACK
6
CONTINUOUS
10
4.0913274803149609
20
-2.9334716141732282
11
4.0913019685039371
21
-2.9334461023622045
0
LINE
8
BLACK
6
CONTINUOUS
10
4.0913019685039371
20
-2.9334461023622045
11
4.0912936220472442
21
-2.9334041732283462
0
LINE
8
BLACK
6
CONTINUOUS
10
4.0912936220472442
20
-2.9334041732283462
11
4.0862948425196848
21
-2.9377781496062991
0
LINE
8
BLACK
6
CONTINUOUS
10
4.0862948425196848
20
-2.9377781496062991
11
4.0859067716535433
21
-2.9380015748031494
0
LINE
8
BLACK
6
CONTINUOUS
10
4.0859067716535433
20
-2.9380015748031494
11
4.0858604724409444
21
-2.9380479133858266
0
LINE
8
BLACK
6
CONTINUOUS
10
4.0858604724409444
20
-2.9380479133858266
11
4.0858263779527562
21
-2.9380479133858266
0
LINE
8
BLACK
6
CONTINUOUS
10
4.0858263779527562
20
-2.9380479133858266
11
4.0857623622047239
21
-2.9380847637795275
0
LINE
8
BLACK
6
CONTINUOUS
10
4.0857623622047239
20
-2.9380847637795275
11
4.0852094881889762
21
-2.9380479133858266
0
LINE
8
BLACK
6
CONTINUOUS
10
4.0852094881889762
20
-2.9380479133858266
11
4.0846551968503935
21
-2.9380479133858266
0
LINE
8
BLACK
6
CONTINUOUS
10
4.0846551968503935
20
-2.9380479133858266
11
4.0846155905511807
21
-2.9380083070866143
0
LINE
8
BLACK
6
CONTINUOUS
10
4.0846155905511807
20
-2.9380083070866143
11
4.0845597244094485
21
-2.9380046062992125
0
LINE
8
BLACK
6
CONTINUOUS
10
4.0845597244094485
20
-2.9380046062992125
11
4.0841946850393702
21
-2.9375874015748029
0
LINE
8
BLACK
6
CONTINUOUS
10
4.0841946850393702
20
-2.9375874015748029
11
4.0838029133858269
21
-2.9371956299212596
0
LINE
8
BLACK
6
CONTINUOUS
10
4.0838029133858269
20
-2.9371956299212596
11
4.0837884645669291
21
-2.9371231496062991
0
LINE
8
BLACK
6
CONTINUOUS
10
4.0837884645669291
20
-2.9371231496062991
11
4.083766062992126
21
-2.9370975196850395
0
LINE
8
BLACK
6
CONTINUOUS
10
4.083766062992126
20
-2.9370975196850395
11
4.083770393700787
21
-2.937032244094488
0
LINE
8
BLACK
6
CONTINUOUS
10
4.083770393700787
20
-2.937032244094488
11
4.0836830314960633
21
-2.9365929921259841
0
LINE
8
BLACK
6
CONTINUOUS
10
4.0836830314960633
20
-2.9365929921259841
11
4.0836830314960633
21
-2.9244070078740156
0
LINE
8
BLACK
6
CONTINUOUS
10
4.0836830314960633
20
-2.9244070078740156
11
4.0838029133858269
21
-2.9238043700787402
0
LINE
8
BLACK
6
CONTINUOUS
10
4.0838029133858269
20
-2.9238043700787402
11
4.0846551968503935
21
-2.9229520866141732
0
LINE
8
BLACK
6
CONTINUOUS
10
4.0846551968503935
20
-2.9229520866141732
11
4.0858604724409444
21
-2.9229520866141732
0
LINE
8
BLACK
6
CONTINUOUS
10
4.0858604724409444
20
-2.9229520866141732
11
4.0867127559055119
21
-2.9238043700787402
0
LINE
8
BLACK
6
CONTINUOUS
10
4.0966955905511808
20
-2.9041221653543308
11
4.0968883464566925
21
-2.9041315748031495
0
LINE
8
BLACK
6
CONTINUOUS
10
4.0968883464566925
20
-2.9041315748031495
11
4.1006378740157476
21
-2.9050689370078739
0
LINE
8
BLACK
6
CONTINUOUS
10
4.1006378740157476
20
-2.9050689370078739
11
4.1007938188976381
21
-2.9051425984251966
0
LINE
8
BLACK
6
CONTINUOUS
10
4.1007938188976381
20
-2.9051425984251966
11
4.1009602362204722
21
-2.905188188976378
0
LINE
8
BLACK
6
CONTINUOUS
10
4.1009602362204722
20
-2.905188188976378
11
4.1028349999999998
21
-2.9061255905511811
0
LINE
8
BLACK
6
CONTINUOUS
10
4.1028349999999998
20
-2.9061255905511811
11
4.1030343307086614
21
-2.9062803149606298
0
LINE
8
BLACK
6
CONTINUOUS
10
4.1030343307086614
20
-2.9062803149606298
11
4.103244251968504
21
-2.9064205511811023
0
LINE
8
BLACK
6
CONTINUOUS
10
4.103244251968504
20
-2.9064205511811023
11
4.1051190551181103
21
-2.9082953149606299
0
LINE
8
BLACK
6
CONTINUOUS
10
4.1051190551181103
20
-2.9082953149606299
11
4.1051628740157478
21
-2.9083609055118109
0
LINE
8
BLACK
6
CONTINUOUS
10
4.1051628740157478
20
-2.9083609055118109
11
4.1051951968503939
21
-2.9083770866141734
0
LINE
8
BLACK
6
CONTINUOUS
10
4.1051951968503939
20
-2.9083770866141734
11
4.1053200393700786
21
-2.9085961417322834
0
LINE
8
BLACK
6
CONTINUOUS
10
4.1053200393700786
20
-2.9085961417322834
11
4.1054604330708662
21
-2.908806220472441
0
LINE
8
BLACK
6
CONTINUOUS
10
4.1054604330708662
20
-2.908806220472441
11
4.1054604330708662
21
-2.9088423622047244
0
LINE
8
BLACK
6
CONTINUOUS
10
4.1054604330708662
20
-2.9088423622047244
11
4.1054994881889764
21
-2.908910905511811
0
LINE
8
BLACK
6
CONTINUOUS
10
4.1054994881889764
20
-2.908910905511811
11
4.1064368897637795
21
-2.9117230314960629
0
LINE
8
BLACK
6
CONTINUOUS
10
4.1064368897637795
20
-2.9117230314960629
11
4.1064684251968506
21
-2.9119736220472441
0
LINE
8
BLACK
6
CONTINUOUS
10
4.1064684251968506
20
-2.9119736220472441
11
4.1065176771653542
21
-2.9122210236220472
0
LINE
8
BLACK
6
CONTINUOUS
10
4.1065176771653542
20
-2.9122210236220472
11
4.1065176771653542
21
-2.9140957874015747
0
LINE
8
BLACK
6
CONTINUOUS
10
4.1065176771653542
20
-2.9140957874015747
11
4.1064684251968506
21
-2.9143431889763778
0
LINE
8
BLACK
6
CONTINUOUS
10
4.1064684251968506
20
-2.9143431889763778
11
4.1064368897637795
21
-2.9145937401574802
0
LINE
8
BLACK
6
CONTINUOUS
10
4.1064368897637795
20
-2.9145937401574802
11
4.1054994881889764
21
-2.9174059448818896
0
LINE
8
BLACK
6
CONTINUOUS
10
4.1054994881889764
20
-2.9174059448818896
11
4.1054604330708662
21
-2.9174744488188975
0
LINE
8
BLACK
6
CONTINUOUS
10
4.1054604330708662
20
-2.9174744488188975
11
4.1054604330708662
21
-2.9175106299212596
0
LINE
8
BLACK
6
CONTINUOUS
10
4.1054604330708662
20
-2.9175106299212596
11
4.1053199606299211
21
-2.9177207874015747
0
LINE
8
BLACK
6
CONTINUOUS
10
4.1053199606299211
20
-2.9177207874015747
11
4.1051951968503939
21
-2.9179397244094489
0
LINE
8
BLACK
6
CONTINUOUS
10
4.1051951968503939
20
-2.9179397244094489
11
4.1051629133858265
21
-2.9179558267716534
0
LINE
8
BLACK
6
CONTINUOUS
10
4.1051629133858265
20
-2.9179558267716534
11
4.1051190551181103
21
-2.9180215354330707
0
LINE
8
BLACK
6
CONTINUOUS
10
4.1051190551181103
20
-2.9180215354330707
11
4.1041816535433071
21
-2.9189588976377951
0
LINE
8
BLACK
6
CONTINUOUS
10
4.1041816535433071
20
-2.9189588976377951
11
4.1036707480314956
21
-2.9193002362204723
0
LINE
8
BLACK
6
CONTINUOUS
10
4.1036707480314956
20
-2.9193002362204723
11
4.1024654330708659
21
-2.9193001968503935
0
LINE
8
BLACK
6
CONTINUOUS
10
4.1024654330708659
20
-2.9193001968503935
11
4.1016131889763781
21
-2.9184479527559053
0
LINE
8
BLACK
6
CONTINUOUS
10
4.1016131889763781
20
-2.9184479527559053
11
4.1016132283464568
21
-2.9172426377952756
0
LINE
8
BLACK
6
CONTINUOUS
10
4.1016132283464568
20
-2.9172426377952756
11
4.101954566929134
21
-2.9167317322834645
0
LINE
8
BLACK
6
CONTINUOUS
10
4.101954566929134
20
-2.9167317322834645
11
4.1026290944881891
21
-2.9160572440944881
0
LINE
8
BLACK
6
CONTINUOUS
10
4.1026290944881891
20
-2.9160572440944881
11
4.103368070866142
21
-2.9138402755905513
0
LINE
8
BLACK
6
CONTINUOUS
10
4.103368070866142
20
-2.9138402755905513
11
4.103368070866142
21
-2.9124764960629919
0
LINE
8
BLACK
6
CONTINUOUS
10
4.103368070866142
20
-2.9124764960629919
11
4.1026290944881891
21
-2.9102595669291338
0
LINE
8
BLACK
6
CONTINUOUS
10
4.1026290944881891
20
-2.9102595669291338
11
4.101197834645669
21
-2.9088283858267716
0
LINE
8
BLACK
6
CONTINUOUS
10
4.101197834645669
20
-2.9088283858267716
11
4.0997062598425194
21
-2.9080825984251968
0
LINE
8
BLACK
6
CONTINUOUS
10
4.0997062598425194
20
-2.9080825984251968
11
4.0963125196850392
21
-2.9072341732283462
0
LINE
8
BLACK
6
CONTINUOUS
10
4.0963125196850392
20
-2.9072341732283462
11
4.0938881889763783
21
-2.9072341732283462
0
LINE
8
BLACK
6
CONTINUOUS
10
4.0938881889763783
20
-2.9072341732283462
11
4.0904944094488185
21
-2.9080825984251968
0
LINE
8
BLACK
6
CONTINUOUS
10
4.0904944094488185
20
-2.9080825984251968
11
4.0890028346456688
21
-2.9088283464566929
0
LINE
8
BLACK
6
CONTINUOUS
10
4.0890028346456688
20
-2.9088283464566929
11
4.0875716141732283
21
-2.9102595669291338
0
LINE
8
BLACK
6
CONTINUOUS
10
4.0875716141732283
20
-2.9102595669291338
11
4.0868326377952755
21
-2.9124765354330706
0
LINE
8
BLACK
6
CONTINUOUS
10
4.0868326377952755
20
-2.9124765354330706
11
4.0868326377952755
21
-2.9138402362204725
0
LINE
8
BLACK
6
CONTINUOUS
10
4.0868326377952755
20
-2.9138402362204725
11
4.0875716141732283
21
-2.9160572440944881
0
LINE
8
BLACK
6
CONTINUOUS
10
4.0875716141732283
20
-2.9160572440944881
11
4.0882461417322835
21
-2.9167317716535432
0
LINE
8
BLACK
6
CONTINUOUS
10
4.0882461417322835
20
-2.9167317716535432
11
4.0885875196850394
21
-2.9172426771653543
0
LINE
8
BLACK
6
CONTINUOUS
10
4.0885875196850394
20
-2.9172426771653543
11
4.0885875196850394
21
-2.9184479527559053
0
LINE
8
BLACK
6
CONTINUOUS
10
4.0885875196850394
20
-2.9184479527559053
11
4.087735236220472
21
-2.9193002362204723
0
LINE
8
BLACK
6
CONTINUOUS
10
4.087735236220472
20
-2.9193002362204723
11
4.086529960629921
21
-2.9193002362204723
0
LINE
8
BLACK
6
CONTINUOUS
10
4.086529960629921
20
-2.9193002362204723
11
4.0860190551181104
21
-2.9189588582677164
0
LINE
8
BLACK
6
CONTINUOUS
10
4.0860190551181104
20
-2.9189588582677164
11
4.085081692913386
21
-2.918021496062992
0
LINE
8
BLACK
6
CONTINUOUS
10
4.085081692913386
20
-2.918021496062992
11
4.0850378740157476
21
-2.9179559055118109
0
LINE
8
BLACK
6
CONTINUOUS
10
4.0850378740157476
20
-2.9179559055118109
11
4.0850055511811023
21
-2.9179397637795277
0
LINE
8
BLACK
6
CONTINUOUS
10
4.0850055511811023
20
-2.9179397637795277
11
4.0848805118110239
21
-2.9177203937007872
0
LINE
8
BLACK
6
CONTINUOUS
10
4.0848805118110239
20
-2.9177203937007872
11
4.0847403149606301
21
-2.9175105905511809
0
LINE
8
BLACK
6
CONTINUOUS
10
4.0847403149606301
20
-2.9175105905511809
11
4.0847403149606301
21
-2.9174744488188975
0
LINE
8
BLACK
6
CONTINUOUS
10
4.0847403149606301
20
-2.9174744488188975
11
4.0847012598425199
21
-2.9174059448818896
0
LINE
8
BLACK
6
CONTINUOUS
10
4.0847012598425199
20
-2.9174059448818896
11
4.0837638582677167
21
-2.9145937795275589
0
LINE
8
BLACK
6
CONTINUOUS
10
4.0837638582677167
20
-2.9145937795275589
11
4.0837322834645668
21
-2.9143434645669291
0
LINE
8
BLACK
6
CONTINUOUS
10
4.0837322834645668
20
-2.9143434645669291
11
4.0836830314960633
21
-2.9140957874015747
0
LINE
8
BLACK
6
CONTINUOUS
10
4.0836830314960633
20
-2.9140957874015747
11
4.0836830314960633
21
-2.9122210236220472
0
LINE
8
BLACK
6
CONTINUOUS
10
4.0836830314960633
20
-2.9122210236220472
11
4.0837322834645668
21
-2.9119733070866141
0
LINE
8
BLACK
6
CONTINUOUS
10
4.0837322834645668
20
-2.9119733070866141
11
4.0837638582677167
21
-2.9117230314960629
0
LINE
8
BLACK
6
CONTINUOUS
10
4.0837638582677167
20
-2.9117230314960629
11
4.0847012598425199
21
-2.908910905511811
0
LINE
8
BLACK
6
CONTINUOUS
10
4.0847012598425199
20
-2.908910905511811
11
4.0847403149606301
21
-2.9088423622047244
0
LINE
8
BLACK
6
CONTINUOUS
10
4.0847403149606301
20
-2.9088423622047244
11
4.0847403149606301
21
-2.9088062598425197
0
LINE
8
BLACK
6
CONTINUOUS
10
4.0847403149606301
20
-2.9088062598425197
11
4.0848805118110239
21
-2.9085964173228347
0
LINE
8
BLACK
6
CONTINUOUS
10
4.0848805118110239
20
-2.9085964173228347
11
4.0850055511811023
21
-2.9083770866141734
0
LINE
8
BLACK
6
CONTINUOUS
10
4.0850055511811023
20
-2.9083770866141734
11
4.0850378740157476
21
-2.9083609055118109
0
LINE
8
BLACK
6
CONTINUOUS
10
4.0850378740157476
20
-2.9083609055118109
11
4.085081692913386
21
-2.9082953543307086
0
LINE
8
BLACK
6
CONTINUOUS
10
4.085081692913386
20
-2.9082953543307086
11
4.0869564173228348
21
-2.9064205905511811
0
LINE
8
BLACK
6
CONTINUOUS
10
4.0869564173228348
20
-2.9064205905511811
11
4.0871663385826773
21
-2.906280275590551
0
LINE
8
BLACK
6
CONTINUOUS
10
4.0871663385826773
20
-2.906280275590551
11
4.0873657086614168
21
-2.9061255905511811
0
LINE
8
BLACK
6
CONTINUOUS
10
4.0873657086614168
20
-2.9061255905511811
11
4.0892404724409444
21
-2.905188188976378
0
LINE
8
BLACK
6
CONTINUOUS
10
4.0892404724409444
20
-2.905188188976378
11
4.0894068503937007
21
-2.9051425984251966
0
LINE
8
BLACK
6
CONTINUOUS
10
4.0894068503937007
20
-2.9051425984251966
11
4.0895628346456689
21
-2.9050689370078739
0
LINE
8
BLACK
6
CONTINUOUS
10
4.0895628346456689
20
-2.9050689370078739
11
4.0933123622047241
21
-2.9041315748031495
0
LINE
8
BLACK
6
CONTINUOUS
10
4.0933123622047241
20
-2.9041315748031495
11
4.093505078740157
21
-2.9041221653543308
0
LINE
8
BLACK
6
CONTINUOUS
10
4.093505078740157
20
-2.9041221653543308
11
4.0936942913385828
21
-2.904084566929134
0
LINE
8
BLACK
6
CONTINUOUS
10
4.0936942913385828
20
-2.904084566929134
11
4.0965064173228347
21
-2.904084566929134
0
LINE
8
BLACK
6
CONTINUOUS
10
4.0965064173228347
20
-2.904084566929134
11
4.0966955905511808
21
-2.9041221653543308
0
LINE
8
BLACK
6
CONTINUOUS
10
4.1213596062992126
20
-2.8893112598425197
11
4.122424960629921
21
-2.8903766141732281
0
LINE
8
BLACK
6
CONTINUOUS
10
4.122424960629921
20
-2.8903766141732281
11
4.1225748031496066
21
-2.8911299212598425
0
LINE
8
BLACK
6
CONTINUOUS
10
4.1225748031496066
20
-2.8911299212598425
11
4.1225748031496066
21
-2.9698700787401573
0
LINE
8
BLACK
6
CONTINUOUS
10
4.1225748031496066
20
-2.9698700787401573
11
4.122424960629921
21
-2.9706233858267717
0
LINE
8
BLACK
6
CONTINUOUS
10
4.122424960629921
20
-2.9706233858267717
11
4.1213596062992126
21
-2.9716887401574801
0
LINE
8
BLACK
6
CONTINUOUS
10
4.1213596062992126
20
-2.9716887401574801
11
4.1206062992125982
21
-2.9718385826771652
0
LINE
8
BLACK
6
CONTINUOUS
10
4.1206062992125982
20
-2.9718385826771652
11
4.0713937007874019
21
-2.9718385826771652
0
LINE
8
BLACK
6
CONTINUOUS
10
4.0713937007874019
20
-2.9718385826771652
11
4.0706403937007876
21
-2.9716887401574801
0
LINE
8
BLACK
6
CONTINUOUS
10
4.0706403937007876
20
-2.9716887401574801
11
4.0695750393700783
21
-2.9706233858267717
0
LINE
8
BLACK
6
CONTINUOUS
10
4.0695750393700783
20
-2.9706233858267717
11
4.0694251968503936
21
-2.9698700787401573
0
LINE
8
BLACK
6
CONTINUOUS
10
4.0694251968503936
20
-2.9698700787401573
11
4.0694251968503936
21
-2.8911299212598425
0
LINE
8
BLACK
6
CONTINUOUS
10
4.0694251968503936
20
-2.8911299212598425
11
4.0695750393700783
21
-2.8903766141732281
0
LINE
8
BLACK
6
CONTINUOUS
10
4.0695750393700783
20
-2.8903766141732281
11
4.0706403937007876
21
-2.8893112598425197
0
LINE
8
BLACK
6
CONTINUOUS
10
4.0706403937007876
20
-2.8893112598425197
11
4.0713937007874019
21
-2.8891614173228346
0
LINE
8
BLACK
6
CONTINUOUS
10
4.0713937007874019
20
-2.8891614173228346
11
4.1206062992125982
21
-2.8891614173228346
0
LINE
8
BLACK
6
CONTINUOUS
10
4.1206062992125982
20
-2.8891614173228346
11
4.1213596062992126
21
-2.8893112598425197
0
LINE
8
BLACK
6
CONTINUOUS
10
4.0733622047244094
20
-2.8930984251968503
11
4.0733622047244094
21
-2.9679015748031494
0
LINE
8
BLACK
6
CONTINUOUS
10
4.0733622047244094
20
-2.9679015748031494
11
4.1186377952755908
21
-2.9679015748031494
0
LINE
8
BLACK
6
CONTINUOUS
10
4.1186377952755908
20
-2.9679015748031494
11
4.1186377952755908
21
-2.8930984251968503
0
LINE
8
BLACK
6
CONTINUOUS
10
4.1186377952755908
20
-2.8930984251968503
11
4.0733622047244094
21
-2.8930984251968503
0
LINE
8
BLACK
6
CONTINUOUS
10
3.5491402362204725
20
-2.9365325984251966
11
3.5491744881889762
21
-2.9365212204724407
0
LINE
8
BLACK
6
CONTINUOUS
10
3.5491744881889762
20
-2.9365212204724407
11
3.5494177952755903
21
-2.9365878346456693
0
LINE
8
BLACK
6
CONTINUOUS
10
3.5494177952755903
20
-2.9365878346456693
11
3.5496655118110234
21
-2.9366371259842521
0
LINE
8
BLACK
6
CONTINUOUS
10
3.5496655118110234
20
-2.9366371259842521
11
3.5496910236220471
21
-2.9366626377952754
0
LINE
8
BLACK
6
CONTINUOUS
10
3.5496910236220471
20
-2.9366626377952754
11
3.549767125984252
21
-2.9366835039370076
0
LINE
8
BLACK
6
CONTINUOUS
10
3.549767125984252
20
-2.9366835039370076
11
3.5516418897637796
21
-2.937620866141732
0
LINE
8
BLACK
6
CONTINUOUS
10
3.5516418897637796
20
-2.937620866141732
11
3.5518412598425195
21
-2.9377755905511811
0
LINE
8
BLACK
6
CONTINUOUS
10
3.5518412598425195
20
-2.9377755905511811
11
3.5520512204724408
21
-2.9379158661417324
0
LINE
8
BLACK
6
CONTINUOUS
10
3.5520512204724408
20
-2.9379158661417324
11
3.5528123622047243
21
-2.9386770866141734
0
LINE
8
BLACK
6
CONTINUOUS
10
3.5528123622047243
20
-2.9386770866141734
11
3.5535735826771653
21
-2.9379158661417324
0
LINE
8
BLACK
6
CONTINUOUS
10
3.5535735826771653
20
-2.9379158661417324
11
3.5537837007874016
21
-2.9377754330708661
0
LINE
8
BLACK
6
CONTINUOUS
10
3.5537837007874016
20
-2.9377754330708661
11
3.5539829133858265
21
-2.937620866141732
0
LINE
8
BLACK
6
CONTINUOUS
10
3.5539829133858265
20
-2.937620866141732
11
3.5558576377952753
21
-2.9366835039370076
0
LINE
8
BLACK
6
CONTINUOUS
10
3.5558576377952753
20
-2.9366835039370076
11
3.5559337401574802
21
-2.9366626377952754
0
LINE
8
BLACK
6
CONTINUOUS
10
3.5559337401574802
20
-2.9366626377952754
11
3.5559592913385827
21
-2.9366371259842521
0
LINE
8
BLACK
6
CONTINUOUS
10
3.5559592913385827
20
-2.9366371259842521
11
3.556206811023622
21
-2.9365878740157481
0
LINE
8
BLACK
6
CONTINUOUS
10
3.556206811023622
20
-2.9365878740157481
11
3.5564502755905512
21
-2.9365212204724407
0
LINE
8
BLACK
6
CONTINUOUS
10
3.5564502755905512
20
-2.9365212204724407
11
3.5564845275590549
21
-2.9365326377952754
0
LINE
8
BLACK
6
CONTINUOUS
10
3.5564845275590549
20
-2.9365326377952754
11
3.5565619291338582
21
-2.936517244094488
0
LINE
8
BLACK
6
CONTINUOUS
10
3.5565619291338582
20
-2.936517244094488
11
3.5603114566929133
21
-2.936517244094488
0
LINE
8
BLACK
6
CONTINUOUS
10
3.5603114566929133
20
-2.936517244094488
11
3.5603888188976378
21
-2.9365325984251966
0
LINE
8
BLACK
6
CONTINUOUS
10
3.5603888188976378
20
-2.9365325984251966
11
3.5604230708661415
21
-2.9365212204724407
0
LINE
8
BLACK
6
CONTINUOUS
10
3.5604230708661415
20
-2.9365212204724407
11
3.5606663779527556
21
-2.9365878346456693
0
LINE
8
BLACK
6
CONTINUOUS
10
3.5606663779527556
20
-2.9365878346456693
11
3.5609140944881887
21
-2.9366371259842521
0
LINE
8
BLACK
6
CONTINUOUS
10
3.5609140944881887
20
-2.9366371259842521
11
3.5609396062992125
21
-2.9366626377952754
0
LINE
8
BLACK
6
CONTINUOUS
10
3.5609396062992125
20
-2.9366626377952754
11
3.5610157086614174
21
-2.9366835039370076
0
LINE
8
BLACK
6
CONTINUOUS
10
3.5610157086614174
20
-2.9366835039370076
11
3.5628904724409449
21
-2.937620866141732
0
LINE
8
BLACK
6
CONTINUOUS
10
3.5628904724409449
20
-2.937620866141732
11
3.5630899212598424
21
-2.9377756692913386
0
LINE
8
BLACK
6
CONTINUOUS
10
3.5630899212598424
20
-2.9377756692913386
11
3.5632997637795274
21
-2.9379158661417324
0
LINE
8
BLACK
6
CONTINUOUS
10
3.5632997637795274
20
-2.9379158661417324
11
3.5642371653543305
21
-2.9388532283464568
0
LINE
8
BLACK
6
CONTINUOUS
10
3.5642371653543305
20
-2.9388532283464568
11
3.5643775590551181
21
-2.9390633464566926
0
LINE
8
BLACK
6
CONTINUOUS
10
3.5643775590551181
20
-2.9390633464566926
11
3.5645321653543305
21
-2.939262559055118
0
LINE
8
BLACK
6
CONTINUOUS
10
3.5645321653543305
20
-2.939262559055118
11
3.5654695275590549
21
-2.9411372834645668
0
LINE
8
BLACK
6
CONTINUOUS
10
3.5654695275590549
20
-2.9411372834645668
11
3.5654903543307084
21
-2.9412133858267717
0
LINE
8
BLACK
6
CONTINUOUS
10
3.5654903543307084
20
-2.9412133858267717
11
3.5655159055118109
21
-2.9412389370078738
0
LINE
8
BLACK
6
CONTINUOUS
10
3.5655159055118109
20
-2.9412389370078738
11
3.5655651181102361
21
-2.9414864566929135
0
LINE
8
BLACK
6
CONTINUOUS
10
3.5655651181102361
20
-2.9414864566929135
11
3.5656318110236218
21
-2.9417299212598427
0
LINE
8
BLACK
6
CONTINUOUS
10
3.5656318110236218
20
-2.9417299212598427
11
3.5656203543307088
21
-2.9417641732283464
0
LINE
8
BLACK
6
CONTINUOUS
10
3.5656203543307088
20
-2.9417641732283464
11
3.5656357874015749
21
-2.9418415748031497
0
LINE
8
BLACK
6
CONTINUOUS
10
3.5656357874015749
20
-2.9418415748031497
11
3.5656357874015749
21
-2.9455911023622048
0
LINE
8
BLACK
6
CONTINUOUS
10
3.5656357874015749
20
-2.9455911023622048
11
3.5656203543307088
21
-2.9456684645669289
0
LINE
8
BLACK
6
CONTINUOUS
10
3.5656203543307088
20
-2.9456684645669289
11
3.5656318110236218
21
-2.9457027559055118
0
LINE
8
BLACK
6
CONTINUOUS
10
3.5656318110236218
20
-2.9457027559055118
11
3.5655651181102361
21
-2.9459461811023622
0
LINE
8
BLACK
6
CONTINUOUS
10
3.5655651181102361
20
-2.9459461811023622
11
3.5655159055118109
21
-2.9461937401574803
0
LINE
8
BLACK
6
CONTINUOUS
10
3.5655159055118109
20
-2.9461937401574803
11
3.5654903543307084
21
-2.946219251968504
0
LINE
8
BLACK
6
CONTINUOUS
10
3.5654903543307084
20
-2.946219251968504
11
3.5654695275590549
21
-2.9462953937007872
0
LINE
8
BLACK
6
CONTINUOUS
10
3.5654695275590549
20
-2.9462953937007872
11
3.5645321653543305
21
-2.948170118110236
0
LINE
8
BLACK
6
CONTINUOUS
10
3.5645321653543305
20
-2.948170118110236
11
3.5643775590551181
21
-2.9483692913385826
0
LINE
8
BLACK
6
CONTINUOUS
10
3.5643775590551181
20
-2.9483692913385826
11
3.5642371653543305
21
-2.9485794488188977
0
LINE
8
BLACK
6
CONTINUOUS
10
3.5642371653543305
20
-2.9485794488188977
11
3.5632997637795274
21
-2.9495168110236221
0
LINE
8
BLACK
6
CONTINUOUS
10
3.5632997637795274
20
-2.9495168110236221
11
3.5630898425196849
21
-2.9496570078740159
0
LINE
8
BLACK
6
CONTINUOUS
10
3.5630898425196849
20
-2.9496570078740159
11
3.5628905118110237
21
-2.9498117716535432
0
LINE
8
BLACK
6
CONTINUOUS
10
3.5628905118110237
20
-2.9498117716535432
11
3.5610157480314961
21
-2.9507491732283464
0
LINE
8
BLACK
6
CONTINUOUS
10
3.5610157480314961
20
-2.9507491732283464
11
3.5609396062992125
21
-2.9507699999999999
0
LINE
8
BLACK
6
CONTINUOUS
10
3.5609396062992125
20
-2.9507699999999999
11
3.5609140944881887
21
-2.9507955511811024
0
LINE
8
BLACK
6
CONTINUOUS
10
3.5609140944881887
20
-2.9507955511811024
11
3.5606665354330707
21
-2.9508447637795276
0
LINE
8
BLACK
6
CONTINUOUS
10
3.5606665354330707
20
-2.9508447637795276
11
3.5604231102362203
21
-2.9509114566929133
0
LINE
8
BLACK
6
CONTINUOUS
10
3.5604231102362203
20
-2.9509114566929133
11
3.5603888188976378
21
-2.9508999999999999
0
LINE
8
BLACK
6
CONTINUOUS
10
3.5603888188976378
20
-2.9508999999999999
11
3.5603114566929133
21
-2.950915433070866
0
LINE
8
BLACK
6
CONTINUOUS
10
3.5603114566929133
20
-2.950915433070866
11
3.5565619291338582
21
-2.950915433070866
0
LINE
8
BLACK
6
CONTINUOUS
10
3.5565619291338582
20
-2.950915433070866
11
3.5564845275590549
21
-2.9508999999999999
0
LINE
8
BLACK
6
CONTINUOUS
10
3.5564845275590549
20
-2.9508999999999999
11
3.5564502755905512
21
-2.9509114566929133
0
LINE
8
BLACK
6
CONTINUOUS
10
3.5564502755905512
20
-2.9509114566929133
11
3.556206811023622
21
-2.9508447637795276
0
LINE
8
BLACK
6
CONTINUOUS
10
3.556206811023622
20
-2.9508447637795276
11
3.5559592913385827
21
-2.9507955511811024
0
LINE
8
BLACK
6
CONTINUOUS
10
3.5559592913385827
20
-2.9507955511811024
11
3.5559337401574802
21
-2.9507699999999999
0
LINE
8
BLACK
6
CONTINUOUS
10
3.5559337401574802
20
-2.9507699999999999
11
3.5558576377952753
21
-2.9507491732283464
0
LINE
8
BLACK
6
CONTINUOUS
10
3.5558576377952753
20
-2.9507491732283464
11
3.5539828740157478
21
-2.9498117716535432
0
LINE
8
BLACK
6
CONTINUOUS
10
3.5539828740157478
20
-2.9498117716535432
11
3.5537832677165353
21
-2.9496568503937008
0
LINE
8
BLACK
6
CONTINUOUS
10
3.5537832677165353
20
-2.9496568503937008
11
3.5535736614173228
21
-2.9495168110236221
0
LINE
8
BLACK
6
CONTINUOUS
10
3.5535736614173228
20
-2.9495168110236221
11
3.5528123622047243
21
-2.9487555511811023
0
LINE
8
BLACK
6
CONTINUOUS
10
3.5528123622047243
20
-2.9487555511811023
11
3.5520511811023621
21
-2.9495167716535433
0
LINE
8
BLACK
6
CONTINUOUS
10
3.5520511811023621
20
-2.9495167716535433
11
3.551841496062992
21
-2.9496568503937008
0
LINE
8
BLACK
6
CONTINUOUS
10
3.551841496062992
20
-2.9496568503937008
11
3.5516419291338583
21
-2.9498117716535432
0
LINE
8
BLACK
6
CONTINUOUS
10
3.5516419291338583
20
-2.9498117716535432
11
3.5497671653543308
21
-2.9507491732283464
0
LINE
8
BLACK
6
CONTINUOUS
10
3.5497671653543308
20
-2.9507491732283464
11
3.5496910236220471
21
-2.9507699999999999
0
LINE
8
BLACK
6
CONTINUOUS
10
3.5496910236220471
20
-2.9507699999999999
11
3.5496655118110234
21
-2.9507955511811024
0
LINE
8
BLACK
6
CONTINUOUS
10
3.5496655118110234
20
-2.9507955511811024
11
3.5494179527559053
21
-2.9508447637795276
0
LINE
8
BLACK
6
CONTINUOUS
10
3.5494179527559053
20
-2.9508447637795276
11
3.5491745275590549
21
-2.9509114566929133
0
LINE
8
BLACK
6
CONTINUOUS
10
3.5491745275590549
20
-2.9509114566929133
11
3.5491402362204725
21
-2.9508999999999999
0
LINE
8
BLACK
6
CONTINUOUS
10
3.5491402362204725
20
-2.9508999999999999
11
3.5490628740157479
21
-2.950915433070866
0
LINE
8
BLACK
6
CONTINUOUS
10
3.5490628740157479
20
-2.950915433070866
11
3.5481254724409448
21
-2.950915433070866
0
LINE
8
BLACK
6
CONTINUOUS
10
3.5481254724409448
20
-2.950915433070866
11
3.5480480708661415
21
-2.9508999999999999
0
LINE
8
BLACK
6
CONTINUOUS
10
3.5480480708661415
20
-2.9508999999999999
11
3.5480138188976378
21
-2.9509114566929133
0
LINE
8
BLACK
6
CONTINUOUS
10
3.5480138188976378
20
-2.9509114566929133
11
3.5477703543307086
21
-2.9508447637795276
0
LINE
8
BLACK
6
CONTINUOUS
10
3.5477703543307086
20
-2.9508447637795276
11
3.5475228346456693
21
-2.9507955511811024
0
LINE
8
BLACK
6
CONTINUOUS
10
3.5475228346456693
20
-2.9507955511811024
11
3.5474972834645668
21
-2.9507699999999999
0
LINE
8
BLACK
6
CONTINUOUS
10
3.5474972834645668
20
-2.9507699999999999
11
3.5474211811023619
21
-2.9507491732283464
0
LINE
8
BLACK
6
CONTINUOUS
10
3.5474211811023619
20
-2.9507491732283464
11
3.5455464173228344
21
-2.9498117716535432
0
LINE
8
BLACK
6
CONTINUOUS
10
3.5455464173228344
20
-2.9498117716535432
11
3.5453468110236219
21
-2.9496568503937008
0
LINE
8
BLACK
6
CONTINUOUS
10
3.5453468110236219
20
-2.9496568503937008
11
3.5451371653543307
21
-2.9495167716535433
0
LINE
8
BLACK
6
CONTINUOUS
10
3.5451371653543307
20
-2.9495167716535433
11
3.5441998031496063
21
-2.9485794094488189
0
LINE
8
BLACK
6
CONTINUOUS
10
3.5441998031496063
20
-2.9485794094488189
11
3.54405968503937
21
-2.9483697244094489
0
LINE
8
BLACK
6
CONTINUOUS
10
3.54405968503937
20
-2.9483697244094489
11
3.5439048031496063
21
-2.9481701574803147
0
LINE
8
BLACK
6
CONTINUOUS
10
3.5439048031496063
20
-2.9481701574803147
11
3.5429674015748032
21
-2.9462953937007872
0
LINE
8
BLACK
6
CONTINUOUS
10
3.5429674015748032
20
-2.9462953937007872
11
3.5429465354330709
21
-2.946219251968504
0
LINE
8
BLACK
6
CONTINUOUS
10
3.5429465354330709
20
-2.946219251968504
11
3.5429210236220472
21
-2.9461937401574803
0
LINE
8
BLACK
6
CONTINUOUS
10
3.5429210236220472
20
-2.9461937401574803
11
3.5428717716535432
21
-2.9459461811023622
0
LINE
8
BLACK
6
CONTINUOUS
10
3.5428717716535432
20
-2.9459461811023622
11
3.5428051181102362
21
-2.9457027559055118
0
LINE
8
BLACK
6
CONTINUOUS
10
3.5428051181102362
20
-2.9457027559055118
11
3.542816535433071
21
-2.9456684645669289
0
LINE
8
BLACK
6
CONTINUOUS
10
3.542816535433071
20
-2.9456684645669289
11
3.5428011417322836
21
-2.9455911023622048
0
LINE
8
BLACK
6
CONTINUOUS
10
3.5428011417322836
20
-2.9455911023622048
11
3.5428011417322836
21
-2.9418415748031497
0
LINE
8
BLACK
6
CONTINUOUS
10
3.5428011417322836
20
-2.9418415748031497
11
3.542816535433071
21
-2.9417641732283464
0
LINE
8
BLACK
6
CONTINUOUS
10
3.542816535433071
20
-2.9417641732283464
11
3.5428051181102362
21
-2.9417299212598427
0
LINE
8
BLACK
6
CONTINUOUS
10
3.5428051181102362
20
-2.9417299212598427
11
3.5428717716535432
21
-2.9414864566929135
0
LINE
8
BLACK
6
CONTINUOUS
10
3.5428717716535432
20
-2.9414864566929135
11
3.5429210236220472
21
-2.9412389370078738
0
LINE
8
BLACK
6
CONTINUOUS
10
3.5429210236220472
20
-2.9412389370078738
11
3.5429465354330709
21
-2.9412133858267717
0
LINE
8
BLACK
6
CONTINUOUS
10
3.5429465354330709
20
-2.9412133858267717
11
3.5429674015748032
21
-2.9411372834645668
0
LINE
8
BLACK
6
CONTINUOUS
10
3.5429674015748032
20
-2.9411372834645668
11
3.5439048031496063
21
-2.9392625196850393
0
LINE
8
BLACK
6
CONTINUOUS
10
3.5439048031496063
20
-2.9392625196850393
11
3.544059527559055
21
-2.9390631496062993
0
LINE
8
BLACK
6
CONTINUOUS
10
3.544059527559055
20
-2.9390631496062993
11
3.5441997637795275
21
-2.9388532677165355
0
LINE
8
BLACK
6
CONTINUOUS
10
3.5441997637795275
20
-2.9388532677165355
11
3.5451371259842519
21
-2.9379158661417324
0
LINE
8
BLACK
6
CONTINUOUS
10
3.5451371259842519
20
-2.9379158661417324
11
3.5453472440944882
21
-2.9377754330708661
0
LINE
8
BLACK
6
CONTINUOUS
10
3.5453472440944882
20
-2.9377754330708661
11
3.5455464566929131
21
-2.937620866141732
0
LINE
8
BLACK
6
CONTINUOUS
10
3.5455464566929131
20
-2.937620866141732
11
3.5474211811023619
21
-2.9366835039370076
0
LINE
8
BLACK
6
CONTINUOUS
10
3.5474211811023619
20
-2.9366835039370076
11
3.5474972834645668
21
-2.9366626377952754
0
LINE
8
BLACK
6
CONTINUOUS
10
3.5474972834645668
20
-2.9366626377952754
11
3.5475228346456693
21
-2.9366371259842521
0
LINE
8
BLACK
6
CONTINUOUS
10
3.5475228346456693
20
-2.9366371259842521
11
3.5477703543307086
21
-2.9365878740157481
0
LINE
8
BLACK
6
CONTINUOUS
10
3.5477703543307086
20
-2.9365878740157481
11
3.5480138188976378
21
-2.9365212204724407
0
LINE
8
BLACK
6
CONTINUOUS
10
3.5480138188976378
20
-2.9365212204724407
11
3.5480480708661415
21
-2.9365326377952754
0
LINE
8
BLACK
6
CONTINUOUS
10
3.5480480708661415
20
-2.9365326377952754
11
3.5481254724409448
21
-2.936517244094488
0
LINE
8
BLACK
6
CONTINUOUS
10
3.5481254724409448
20
-2.936517244094488
11
3.5490628740157479
21
-2.936517244094488
0
LINE
8
BLACK
6
CONTINUOUS
10
3.5490628740157479
20
-2.936517244094488
11
3.5491402362204725
21
-2.9365325984251966
0
LINE
8
BLACK
6
CONTINUOUS
10
3.5471835433070864
20
-2.9403236220472442
11
3.5466075984251968
21
-2.9408996456692913
0
LINE
8
BLACK
6
CONTINUOUS
10
3.5466075984251968
20
-2.9408996456692913
11
3.5459507480314958
21
-2.9422133464566929
0
LINE
8
BLACK
6
CONTINUOUS
10
3.5459507480314958
20
-2.9422133464566929
11
3.5459507480314958
21
-2.9452192913385824
0
LINE
8
BLACK
6
CONTINUOUS
10
3.5459507480314958
20
-2.9452192913385824
11
3.5466075984251968
21
-2.9465330314960627
0
LINE
8
BLACK
6
CONTINUOUS
10
3.5466075984251968
20
-2.9465330314960627
11
3.5471835039370077
21
-2.947108937007874
0
LINE
8
BLACK
6
CONTINUOUS
10
3.5471835039370077
20
-2.947108937007874
11
3.548497244094488
21
-2.9477658267716533
0
LINE
8
BLACK
6
CONTINUOUS
10
3.548497244094488
20
-2.9477658267716533
11
3.5486911023622048
21
-2.9477658267716533
0
LINE
8
BLACK
6
CONTINUOUS
10
3.5486911023622048
20
-2.9477658267716533
11
3.5500048031496063
21
-2.947108937007874
0
LINE
8
BLACK
6
CONTINUOUS
10
3.5500048031496063
20
-2.947108937007874
11
3.5505807086614172
21
-2.9465330314960627
0
LINE
8
BLACK
6
CONTINUOUS
10
3.5505807086614172
20
-2.9465330314960627
11
3.5512375984251969
21
-2.9452192913385824
0
LINE
8
BLACK
6
CONTINUOUS
10
3.5512375984251969
20
-2.9452192913385824
11
3.5512375984251969
21
-2.9422133464566929
0
LINE
8
BLACK
6
CONTINUOUS
10
3.5512375984251969
20
-2.9422133464566929
11
3.5505807086614172
21
-2.9408996456692913
0
LINE
8
BLACK
6
CONTINUOUS
10
3.5505807086614172
20
-2.9408996456692913
11
3.5500047244094488
21
-2.9403236220472442
0
LINE
8
BLACK
6
CONTINUOUS
10
3.5500047244094488
20
-2.9403236220472442
11
3.5486911417322835
21
-2.9396668503937007
0
LINE
8
BLACK
6
CONTINUOUS
10
3.5486911417322835
20
-2.9396668503937007
11
3.5484972047244092
21
-2.9396668503937007
0
LINE
8
BLACK
6
CONTINUOUS
10
3.5484972047244092
20
-2.9396668503937007
11
3.5471835433070864
21
-2.9403236220472442
0
LINE
8
BLACK
6
CONTINUOUS
10
3.5556200393700785
20
-2.9403236220472442
11
3.5550440157480314
21
-2.9408996062992125
0
LINE
8
BLACK
6
CONTINUOUS
10
3.5550440157480314
20
-2.9408996062992125
11
3.5543872047244092
21
-2.9422133070866141
0
LINE
8
BLACK
6
CONTINUOUS
10
3.5543872047244092
20
-2.9422133070866141
11
3.5543872047244092
21
-2.9452193700787399
0
LINE
8
BLACK
6
CONTINUOUS
10
3.5543872047244092
20
-2.9452193700787399
11
3.5550439763779527
21
-2.9465329527559057
0
LINE
8
BLACK
6
CONTINUOUS
10
3.5550439763779527
20
-2.9465329527559057
11
3.5556199999999998
21
-2.947108937007874
0
LINE
8
BLACK
6
CONTINUOUS
10
3.5556199999999998
20
-2.947108937007874
11
3.5569337007874013
21
-2.9477658267716533
0
LINE
8
BLACK
6
CONTINUOUS
10
3.5569337007874013
20
-2.9477658267716533
11
3.5599396850393701
21
-2.9477658267716533
0
LINE
8
BLACK
6
CONTINUOUS
10
3.5599396850393701
20
-2.9477658267716533
11
3.5612533464566929
21
-2.947108937007874
0
LINE
8
BLACK
6
CONTINUOUS
10
3.5612533464566929
20
-2.947108937007874
11
3.56182937007874
21
-2.946532992125984
0
LINE
8
BLACK
6
CONTINUOUS
10
3.56182937007874
20
-2.946532992125984
11
3.5624861811023623
21
-2.9452193700787399
0
LINE
8
BLACK
6
CONTINUOUS
10
3.5624861811023623
20
-2.9452193700787399
11
3.5624861811023623
21
-2.9422132677165354
0
LINE
8
BLACK
6
CONTINUOUS
10
3.5624861811023623
20
-2.9422132677165354
11
3.56182937007874
21
-2.94089968503937
0
LINE
8
BLACK
6
CONTINUOUS
10
3.56182937007874
20
-2.94089968503937
11
3.5612533858267716
21
-2.9403236614173229
0
LINE
8
BLACK
6
CONTINUOUS
10
3.5612533858267716
20
-2.9403236614173229
11
3.5599397244094488
21
-2.9396668503937007
0
LINE
8
BLACK
6
CONTINUOUS
10
3.5599397244094488
20
-2.9396668503937007
11
3.5569336614173226
21
-2.9396668503937007
0
LINE
8
BLACK
6
CONTINUOUS
10
3.5569336614173226
20
-2.9396668503937007
11
3.5556200393700785
21
-2.9403236220472442
0
LINE
8
BLACK
6
CONTINUOUS
10
3.5458308661417322
20
-2.9178043700787399
11
3.5459507480314958
21
-2.9184070078740159
0
LINE
8
BLACK
6
CONTINUOUS
10
3.5459507480314958
20
-2.9184070078740159
11
3.5459507480314958
21
-2.9271224803149605
0
LINE
8
BLACK
6
CONTINUOUS
10
3.5459507480314958
20
-2.9271224803149605
11
3.5508379921259841
21
-2.9228461417322835
0
LINE
8
BLACK
6
CONTINUOUS
10
3.5508379921259841
20
-2.9228461417322835
11
3.5512260236220472
21
-2.9226226771653541
0
LINE
8
BLACK
6
CONTINUOUS
10
3.5512260236220472
20
-2.9226226771653541
11
3.5512723622047244
21
-2.922576377952756
0
LINE
8
BLACK
6
CONTINUOUS
10
3.5512723622047244
20
-2.922576377952756
11
3.5513064566929131
21
-2.922576377952756
0
LINE
8
BLACK
6
CONTINUOUS
10
3.5513064566929131
20
-2.922576377952756
11
3.5513704724409449
21
-2.9225395275590551
0
LINE
8
BLACK
6
CONTINUOUS
10
3.5513704724409449
20
-2.9225395275590551
11
3.5519233464566931
21
-2.922576377952756
0
LINE
8
BLACK
6
CONTINUOUS
10
3.5519233464566931
20
-2.922576377952756
11
3.5524776377952754
21
-2.922576377952756
0
LINE
8
BLACK
6
CONTINUOUS
10
3.5524776377952754
20
-2.922576377952756
11
3.5525172047244093
21
-2.9226159448818896
0
LINE
8
BLACK
6
CONTINUOUS
10
3.5525172047244093
20
-2.9226159448818896
11
3.5525731102362204
21
-2.9226196850393702
0
LINE
8
BLACK
6
CONTINUOUS
10
3.5525731102362204
20
-2.9226196850393702
11
3.5529382283464566
21
-2.9230369685039368
0
LINE
8
BLACK
6
CONTINUOUS
10
3.5529382283464566
20
-2.9230369685039368
11
3.5533299212598424
21
-2.9234286614173226
0
LINE
8
BLACK
6
CONTINUOUS
10
3.5533299212598424
20
-2.9234286614173226
11
3.5533442913385827
21
-2.9235010629921261
0
LINE
8
BLACK
6
CONTINUOUS
10
3.5533442913385827
20
-2.9235010629921261
11
3.5533667716535433
21
-2.9235267322834644
0
LINE
8
BLACK
6
CONTINUOUS
10
3.5533667716535433
20
-2.9235267322834644
11
3.5533624015748031
21
-2.9235920078740159
0
LINE
8
BLACK
6
CONTINUOUS
10
3.5533624015748031
20
-2.9235920078740159
11
3.553449803149606
21
-2.9240312992125985
0
LINE
8
BLACK
6
CONTINUOUS
10
3.553449803149606
20
-2.9240312992125985
11
3.553449803149606
21
-2.9264716535433069
0
LINE
8
BLACK
6
CONTINUOUS
10
3.553449803149606
20
-2.9264716535433069
11
3.554106653543307
21
-2.9277853937007872
0
LINE
8
BLACK
6
CONTINUOUS
10
3.554106653543307
20
-2.9277853937007872
11
3.5546825590551179
21
-2.9283612992125985
0
LINE
8
BLACK
6
CONTINUOUS
10
3.5546825590551179
20
-2.9283612992125985
11
3.5559962992125982
21
-2.9290181889763778
0
LINE
8
BLACK
6
CONTINUOUS
10
3.5559962992125982
20
-2.9290181889763778
11
3.5599396850393701
21
-2.9290181889763778
0
LINE
8
BLACK
6
CONTINUOUS
10
3.5599396850393701
20
-2.9290181889763778
11
3.5612533464566929
21
-2.9283612992125985
0
LINE
8
BLACK
6
CONTINUOUS
10
3.5612533464566929
20
-2.9283612992125985
11
3.56182937007874
21
-2.9277853543307084
0
LINE
8
BLACK
6
CONTINUOUS
10
3.56182937007874
20
-2.9277853543307084
11
3.5624861811023623
21
-2.9264717322834644
0
LINE
8
BLACK
6
CONTINUOUS
10
3.5624861811023623
20
-2.9264717322834644
11
3.5624861811023623
21
-2.9215908661417322
0
LINE
8
BLACK
6
CONTINUOUS
10
3.5624861811023623
20
-2.9215908661417322
11
3.56182937007874
21
-2.9202772834645669
0
LINE
8
BLACK
6
CONTINUOUS
10
3.56182937007874
20
-2.9202772834645669
11
3.5610726771653542
21
-2.9195205511811024
0
LINE
8
BLACK
6
CONTINUOUS
10
3.5610726771653542
20
-2.9195205511811024
11
3.5607312992125983
21
-2.9190096456692913
0
LINE
8
BLACK
6
CONTINUOUS
10
3.5607312992125983
20
-2.9190096456692913
11
3.5607312992125983
21
-2.9178043700787399
0
LINE
8
BLACK
6
CONTINUOUS
10
3.5607312992125983
20
-2.9178043700787399
11
3.5615835826771653
21
-2.9169520866141734
0
LINE
8
BLACK
6
CONTINUOUS
10
3.5615835826771653
20
-2.9169520866141734
11
3.5627888582677163
21
-2.9169520866141734
0
LINE
8
BLACK
6
CONTINUOUS
10
3.5627888582677163
20
-2.9169520866141734
11
3.5632997637795274
21
-2.9172934645669293
0
LINE
8
BLACK
6
CONTINUOUS
10
3.5632997637795274
20
-2.9172934645669293
11
3.5642371653543305
21
-2.9182308267716537
0
LINE
8
BLACK
6
CONTINUOUS
10
3.5642371653543305
20
-2.9182308267716537
11
3.5643775590551181
21
-2.9184409448818895
0
LINE
8
BLACK
6
CONTINUOUS
10
3.5643775590551181
20
-2.9184409448818895
11
3.5645321653543305
21
-2.9186401574803149
0
LINE
8
BLACK
6
CONTINUOUS
10
3.5645321653543305
20
-2.9186401574803149
11
3.5654695275590549
21
-2.9205148818897637
0
LINE
8
BLACK
6
CONTINUOUS
10
3.5654695275590549
20
-2.9205148818897637
11
3.5654903543307084
21
-2.9205909842519686
0
LINE
8
BLACK
6
CONTINUOUS
10
3.5654903543307084
20
-2.9205909842519686
11
3.5655159055118109
21
-2.9206165354330706
0
LINE
8
BLACK
6
CONTINUOUS
10
3.5655159055118109
20
-2.9206165354330706
11
3.5655651181102361
21
-2.92086405511811
0
LINE
8
BLACK
6
CONTINUOUS
10
3.5655651181102361
20
-2.92086405511811
11
3.5656318110236218
21
-2.9211075196850391
0
LINE
8
BLACK
6
CONTINUOUS
10
3.5656318110236218
20
-2.9211075196850391
11
3.5656203543307088
21
-2.9211417716535433
0
LINE
8
BLACK
6
CONTINUOUS
10
3.5656203543307088
20
-2.9211417716535433
11
3.5656357874015749
21
-2.9212191732283466
0
LINE
8
BLACK
6
CONTINUOUS
10
3.5656357874015749
20
-2.9212191732283466
11
3.5656357874015749
21
-2.9268434645669292
0
LINE
8
BLACK
6
CONTINUOUS
10
3.5656357874015749
20
-2.9268434645669292
11
3.5656203543307088
21
-2.9269208267716533
0
LINE
8
BLACK
6
CONTINUOUS
10
3.5656203543307088
20
-2.9269208267716533
11
3.5656318110236218
21
-2.9269551181102362
0
LINE
8
BLACK
6
CONTINUOUS
10
3.5656318110236218
20
-2.9269551181102362
11
3.5655651181102361
21
-2.9271985433070866
0
LINE
8
BLACK
6
CONTINUOUS
10
3.5655651181102361
20
-2.9271985433070866
11
3.5655159055118109
21
-2.9274461023622047
0
LINE
8
BLACK
6
CONTINUOUS
10
3.5655159055118109
20
-2.9274461023622047
11
3.5654903543307084
21
-2.9274716141732284
0
LINE
8
BLACK
6
CONTINUOUS
10
3.5654903543307084
20
-2.9274716141732284
11
3.5654695275590549
21
-2.9275477559055116
0
LINE
8
BLACK
6
CONTINUOUS
10
3.5654695275590549
20
-2.9275477559055116
11
3.5645321653543305
21
-2.9294224803149604
0
LINE
8
BLACK
6
CONTINUOUS
10
3.5645321653543305
20
-2.9294224803149604
11
3.5643775590551181
21
-2.9296216535433071
0
LINE
8
BLACK
6
CONTINUOUS
10
3.5643775590551181
20
-2.9296216535433071
11
3.5642371653543305
21
-2.9298318110236221
0
LINE
8
BLACK
6
CONTINUOUS
10
3.5642371653543305
20
-2.9298318110236221
11
3.5632997637795274
21
-2.9307691732283465
0
LINE
8
BLACK
6
CONTINUOUS
10
3.5632997637795274
20
-2.9307691732283465
11
3.5630898425196849
21
-2.9309093700787403
0
LINE
8
BLACK
6
CONTINUOUS
10
3.5630898425196849
20
-2.9309093700787403
11
3.5628905118110237
21
-2.9310641338582677
0
LINE
8
BLACK
6
CONTINUOUS
10
3.5628905118110237
20
-2.9310641338582677
11
3.5610157480314961
21
-2.9320015354330708
0
LINE
8
BLACK
6
CONTINUOUS
10
3.5610157480314961
20
-2.9320015354330708
11
3.5609396062992125
21
-2.9320223622047243
0
LINE
8
BLACK
6
CONTINUOUS
10
3.5609396062992125
20
-2.9320223622047243
11
3.5609140944881887
21
-2.9320479133858268
0
LINE
8
BLACK
6
CONTINUOUS
10
3.5609140944881887
20
-2.9320479133858268
11
3.5606665354330707
21
-2.9320971259842521
0
LINE
8
BLACK
6
CONTINUOUS
10
3.5606665354330707
20
-2.9320971259842521
11
3.5604231102362203
21
-2.9321638188976378
0
LINE
8
BLACK
6
CONTINUOUS
10
3.5604231102362203
20
-2.9321638188976378
11
3.5603888188976378
21
-2.9321523622047243
0
LINE
8
BLACK
6
CONTINUOUS
10
3.5603888188976378
20
-2.9321523622047243
11
3.5603114566929133
21
-2.9321677952755905
0
LINE
8
BLACK
6
CONTINUOUS
10
3.5603114566929133
20
-2.9321677952755905
11
3.555624527559055
21
-2.9321677952755905
0
LINE
8
BLACK
6
CONTINUOUS
10
3.555624527559055
20
-2.9321677952755905
11
3.5555471259842517
21
-2.9321523622047243
0
LINE
8
BLACK
6
CONTINUOUS
10
3.5555471259842517
20
-2.9321523622047243
11
3.555512874015748
21
-2.9321638188976378
0
LINE
8
BLACK
6
CONTINUOUS
10
3.555512874015748
20
-2.9321638188976378
11
3.5552694094488189
21
-2.9320971259842521
0
LINE
8
BLACK
6
CONTINUOUS
10
3.5552694094488189
20
-2.9320971259842521
11
3.5550218897637795
21
-2.9320479133858268
0
LINE
8
BLACK
6
CONTINUOUS
10
3.5550218897637795
20
-2.9320479133858268
11
3.5549963385826771
21
-2.9320223622047243
0
LINE
8
BLACK
6
CONTINUOUS
10
3.5549963385826771
20
-2.9320223622047243
11
3.5549202362204722
21
-2.9320015354330708
0
LINE
8
BLACK
6
CONTINUOUS
10
3.5549202362204722
20
-2.9320015354330708
11
3.5530454724409446
21
-2.9310641338582677
0
LINE
8
BLACK
6
CONTINUOUS
10
3.5530454724409446
20
-2.9310641338582677
11
3.5528458661417321
21
-2.9309092125984253
0
LINE
8
BLACK
6
CONTINUOUS
10
3.5528458661417321
20
-2.9309092125984253
11
3.5526362204724409
21
-2.9307691338582678
0
LINE
8
BLACK
6
CONTINUOUS
10
3.5526362204724409
20
-2.9307691338582678
11
3.5516988582677165
21
-2.9298317716535434
0
LINE
8
BLACK
6
CONTINUOUS
10
3.5516988582677165
20
-2.9298317716535434
11
3.5515587401574802
21
-2.9296220866141733
0
LINE
8
BLACK
6
CONTINUOUS
10
3.5515587401574802
20
-2.9296220866141733
11
3.5514038582677165
21
-2.9294225196850392
0
LINE
8
BLACK
6
CONTINUOUS
10
3.5514038582677165
20
-2.9294225196850392
11
3.5504664566929134
21
-2.9275477559055116
0
LINE
8
BLACK
6
CONTINUOUS
10
3.5504664566929134
20
-2.9275477559055116
11
3.5504455905511811
21
-2.9274716141732284
0
LINE
8
BLACK
6
CONTINUOUS
10
3.5504455905511811
20
-2.9274716141732284
11
3.5504200787401574
21
-2.9274461023622047
0
LINE
8
BLACK
6
CONTINUOUS
10
3.5504200787401574
20
-2.9274461023622047
11
3.5504117322834645
21
-2.9274041732283465
0
LINE
8
BLACK
6
CONTINUOUS
10
3.5504117322834645
20
-2.9274041732283465
11
3.5454129527559055
21
-2.9317781496062993
0
LINE
8
BLACK
6
CONTINUOUS
10
3.5454129527559055
20
-2.9317781496062993
11
3.5450248818897636
21
-2.9320015748031496
0
LINE
8
BLACK
6
CONTINUOUS
10
3.5450248818897636
20
-2.9320015748031496
11
3.5449785826771651
21
-2.9320479133858268
0
LINE
8
BLACK
6
CONTINUOUS
10
3.5449785826771651
20
-2.9320479133858268
11
3.5449444881889765
21
-2.9320479133858268
0
LINE
8
BLACK
6
CONTINUOUS
10
3.5449444881889765
20
-2.9320479133858268
11
3.5448804724409446
21
-2.9320847637795273
0
LINE
8
BLACK
6
CONTINUOUS
10
3.5448804724409446
20
-2.9320847637795273
11
3.544327598425197
21
-2.9320479133858268
0
LINE
8
BLACK
6
CONTINUOUS
10
3.544327598425197
20
-2.9320479133858268
11
3.5437733070866142
21
-2.9320479133858268
0
LINE
8
BLACK
6
CONTINUOUS
10
3.5437733070866142
20
-2.9320479133858268
11
3.5437337007874015
21
-2.9320083070866141
0
LINE
8
BLACK
6
CONTINUOUS
10
3.5437337007874015
20
-2.9320083070866141
11
3.5436778346456692
21
-2.9320046062992127
0
LINE
8
BLACK
6
CONTINUOUS
10
3.5436778346456692
20
-2.9320046062992127
11
3.5433127952755905
21
-2.9315874015748031
0
LINE
8
BLACK
6
CONTINUOUS
10
3.5433127952755905
20
-2.9315874015748031
11
3.5429210236220472
21
-2.9311956299212598
0
LINE
8
BLACK
6
CONTINUOUS
10
3.5429210236220472
20
-2.9311956299212598
11
3.5429065748031494
21
-2.9311231496062993
0
LINE
8
BLACK
6
CONTINUOUS
10
3.5429065748031494
20
-2.9311231496062993
11
3.5428841732283463
21
-2.9310975196850393
0
LINE
8
BLACK
6
CONTINUOUS
10
3.5428841732283463
20
-2.9310975196850393
11
3.5428885039370077
21
-2.9310322440944883
0
LINE
8
BLACK
6
CONTINUOUS
10
3.5428885039370077
20
-2.9310322440944883
11
3.5428011417322836
21
-2.9305929921259843
0
LINE
8
BLACK
6
CONTINUOUS
10
3.5428011417322836
20
-2.9305929921259843
11
3.5428011417322836
21
-2.9184070078740159
0
LINE
8
BLACK
6
CONTINUOUS
10
3.5428011417322836
20
-2.9184070078740159
11
3.5429210236220472
21
-2.9178043700787399
0
LINE
8
BLACK
6
CONTINUOUS
10
3.5429210236220472
20
-2.9178043700787399
11
3.5437733070866142
21
-2.9169520866141734
0
LINE
8
BLACK
6
CONTINUOUS
10
3.5437733070866142
20
-2.9169520866141734
11
3.5449785826771651
21
-2.9169520866141734
0
LINE
8
BLACK
6
CONTINUOUS
10
3.5449785826771651
20
-2.9169520866141734
11
3.5458308661417322
21
-2.9178043700787399
0
LINE
8
BLACK
6
CONTINUOUS
10
3.5558137007874016
20
-2.8981221653543305
11
3.5560064566929133
21
-2.8981315748031498
0
LINE
8
BLACK
6
CONTINUOUS
10
3.5560064566929133
20
-2.8981315748031498
11
3.5597559842519684
21
-2.8990689370078742
0
LINE
8
BLACK
6
CONTINUOUS
10
3.5597559842519684
20
-2.8990689370078742
11
3.5599119291338583
21
-2.8991425984251968
0
LINE
8
BLACK
6
CONTINUOUS
10
3.5599119291338583
20
-2.8991425984251968
11
3.560078346456693
21
-2.8991881889763778
0
LINE
8
BLACK
6
CONTINUOUS
10
3.560078346456693
20
-2.8991881889763778
11
3.5619531102362205
21
-2.9001255905511809
0
LINE
8
BLACK
6
CONTINUOUS
10
3.5619531102362205
20
-2.9001255905511809
11
3.5621524409448817
21
-2.90028031496063
0
LINE
8
BLACK
6
CONTINUOUS
10
3.5621524409448817
20
-2.90028031496063
11
3.5623623622047242
21
-2.9004205511811021
0
LINE
8
BLACK
6
CONTINUOUS
10
3.5623623622047242
20
-2.9004205511811021
11
3.5642371653543305
21
-2.9022953149606296
0
LINE
8
BLACK
6
CONTINUOUS
10
3.5642371653543305
20
-2.9022953149606296
11
3.5642809842519685
21
-2.9023609055118111
0
LINE
8
BLACK
6
CONTINUOUS
10
3.5642809842519685
20
-2.9023609055118111
11
3.5643133070866142
21
-2.9023770866141732
0
LINE
8
BLACK
6
CONTINUOUS
10
3.5643133070866142
20
-2.9023770866141732
11
3.5644381496062993
21
-2.9025961417322832
0
LINE
8
BLACK
6
CONTINUOUS
10
3.5644381496062993
20
-2.9025961417322832
11
3.5645785433070865
21
-2.9028062204724407
0
LINE
8
BLACK
6
CONTINUOUS
10
3.5645785433070865
20
-2.9028062204724407
11
3.5645785433070865
21
-2.9028423622047241
0
LINE
8
BLACK
6
CONTINUOUS
10
3.5645785433070865
20
-2.9028423622047241
11
3.5646175984251967
21
-2.9029109055118107
0
LINE
8
BLACK
6
CONTINUOUS
10
3.5646175984251967
20
-2.9029109055118107
11
3.5655549999999998
21
-2.9057230314960631
0
LINE
8
BLACK
6
CONTINUOUS
10
3.5655549999999998
20
-2.9057230314960631
11
3.5655865354330709
21
-2.9059736220472439
0
LINE
8
BLACK
6
CONTINUOUS
10
3.5655865354330709
20
-2.9059736220472439
11
3.5656357874015749
21
-2.9062210236220474
0
LINE
8
BLACK
6
CONTINUOUS
10
3.5656357874015749
20
-2.9062210236220474
11
3.5656357874015749
21
-2.9080957874015749
0
LINE
8
BLACK
6
CONTINUOUS
10
3.5656357874015749
20
-2.9080957874015749
11
3.5655865354330709
21
-2.908343188976378
0
LINE
8
BLACK
6
CONTINUOUS
10
3.5655865354330709
20
-2.908343188976378
11
3.5655549999999998
21
-2.9085937401574804
0
LINE
8
BLACK
6
CONTINUOUS
10
3.5655549999999998
20
-2.9085937401574804
11
3.5646175984251967
21
-2.9114059448818899
0
LINE
8
BLACK
6
CONTINUOUS
10
3.5646175984251967
20
-2.9114059448818899
11
3.5645785433070865
21
-2.9114744488188977
0
LINE
8
BLACK
6
CONTINUOUS
10
3.5645785433070865
20
-2.9114744488188977
11
3.5645785433070865
21
-2.9115106299212599
0
LINE
8
BLACK
6
CONTINUOUS
10
3.5645785433070865
20
-2.9115106299212599
11
3.5644380708661418
21
-2.9117207874015749
0
LINE
8
BLACK
6
CONTINUOUS
10
3.5644380708661418
20
-2.9117207874015749
11
3.5643133070866142
21
-2.9119397244094487
0
LINE
8
BLACK
6
CONTINUOUS
10
3.5643133070866142
20
-2.9119397244094487
11
3.5642810236220472
21
-2.9119558267716537
0
LINE
8
BLACK
6
CONTINUOUS
10
3.5642810236220472
20
-2.9119558267716537
11
3.5642371653543305
21
-2.912021535433071
0
LINE
8
BLACK
6
CONTINUOUS
10
3.5642371653543305
20
-2.912021535433071
11
3.5632997637795274
21
-2.9129588976377954
0
LINE
8
BLACK
6
CONTINUOUS
10
3.5632997637795274
20
-2.9129588976377954
11
3.5627888582677163
21
-2.9133002362204725
0
LINE
8
BLACK
6
CONTINUOUS
10
3.5627888582677163
20
-2.9133002362204725
11
3.5615835433070866
21
-2.9133001968503938
0
LINE
8
BLACK
6
CONTINUOUS
10
3.5615835433070866
20
-2.9133001968503938
11
3.5607312992125983
21
-2.9124479527559055
0
LINE
8
BLACK
6
CONTINUOUS
10
3.5607312992125983
20
-2.9124479527559055
11
3.5607313385826771
21
-2.9112426377952754
0
LINE
8
BLACK
6
CONTINUOUS
10
3.5607313385826771
20
-2.9112426377952754
11
3.5610726771653542
21
-2.9107317322834647
0
LINE
8
BLACK
6
CONTINUOUS
10
3.5610726771653542
20
-2.9107317322834647
11
3.5617472047244094
21
-2.9100572440944883
0
LINE
8
BLACK
6
CONTINUOUS
10
3.5617472047244094
20
-2.9100572440944883
11
3.5624861811023623
21
-2.907840275590551
0
LINE
8
BLACK
6
CONTINUOUS
10
3.5624861811023623
20
-2.907840275590551
11
3.5624861811023623
21
-2.9064764960629921
0
LINE
8
BLACK
6
CONTINUOUS
10
3.5624861811023623
20
-2.9064764960629921
11
3.5617472047244094
21
-2.904259566929134
0
LINE
8
BLACK
6
CONTINUOUS
10
3.5617472047244094
20
-2.904259566929134
11
3.5603159448818897
21
-2.9028283858267714
0
LINE
8
BLACK
6
CONTINUOUS
10
3.5603159448818897
20
-2.9028283858267714
11
3.5588243700787401
21
-2.902082598425197
0
LINE
8
BLACK
6
CONTINUOUS
10
3.5588243700787401
20
-2.902082598425197
11
3.5554306299212599
21
-2.9012341732283464
0
LINE
8
BLACK
6
CONTINUOUS
10
3.5554306299212599
20
-2.9012341732283464
11
3.5530062992125981
21
-2.9012341732283464
0
LINE
8
BLACK
6
CONTINUOUS
10
3.5530062992125981
20
-2.9012341732283464
11
3.5496125196850392
21
-2.902082598425197
0
LINE
8
BLACK
6
CONTINUOUS
10
3.5496125196850392
20
-2.902082598425197
11
3.5481209448818896
21
-2.9028283464566926
0
LINE
8
BLACK
6
CONTINUOUS
10
3.5481209448818896
20
-2.9028283464566926
11
3.5466897244094486
21
-2.904259566929134
0
LINE
8
BLACK
6
CONTINUOUS
10
3.5466897244094486
20
-2.904259566929134
11
3.5459507480314958
21
-2.9064765354330708
0
LINE
8
BLACK
6
CONTINUOUS
10
3.5459507480314958
20
-2.9064765354330708
11
3.5459507480314958
21
-2.9078402362204723
0
LINE
8
BLACK
6
CONTINUOUS
10
3.5459507480314958
20
-2.9078402362204723
11
3.5466897244094486
21
-2.9100572440944883
0
LINE
8
BLACK
6
CONTINUOUS
10
3.5466897244094486
20
-2.9100572440944883
11
3.5473642519685038
21
-2.910731771653543
0
LINE
8
BLACK
6
CONTINUOUS
10
3.5473642519685038
20
-2.910731771653543
11
3.5477056299212597
21
-2.9112426771653541
0
LINE
8
BLACK
6
CONTINUOUS
10
3.5477056299212597
20
-2.9112426771653541
11
3.5477056299212597
21
-2.9124479527559055
0
LINE
8
BLACK
6
CONTINUOUS
10
3.5477056299212597
20
-2.9124479527559055
11
3.5468533464566927
21
-2.9133002362204725
0
LINE
8
BLACK
6
CONTINUOUS
10
3.5468533464566927
20
-2.9133002362204725
11
3.5456480708661418
21
-2.9133002362204725
0
LINE
8
BLACK
6
CONTINUOUS
10
3.5456480708661418
20
-2.9133002362204725
11
3.5451371653543307
21
-2.9129588582677166
0
LINE
8
BLACK
6
CONTINUOUS
10
3.5451371653543307
20
-2.9129588582677166
11
3.5441998031496063
21
-2.9120214960629922
0
LINE
8
BLACK
6
CONTINUOUS
10
3.5441998031496063
20
-2.9120214960629922
11
3.5441559842519683
21
-2.9119559055118112
0
LINE
8
BLACK
6
CONTINUOUS
10
3.5441559842519683
20
-2.9119559055118112
11
3.5441236614173226
21
-2.9119397637795275
0
LINE
8
BLACK
6
CONTINUOUS
10
3.5441236614173226
20
-2.9119397637795275
11
3.5439986220472441
21
-2.9117203937007874
0
LINE
8
BLACK
6
CONTINUOUS
10
3.5439986220472441
20
-2.9117203937007874
11
3.5438584251968503
21
-2.9115105905511811
0
LINE
8
BLACK
6
CONTINUOUS
10
3.5438584251968503
20
-2.9115105905511811
11
3.5438584251968503
21
-2.9114744488188977
0
LINE
8
BLACK
6
CONTINUOUS
10
3.5438584251968503
20
-2.9114744488188977
11
3.5438193700787401
21
-2.9114059448818899
0
LINE
8
BLACK
6
CONTINUOUS
10
3.5438193700787401
20
-2.9114059448818899
11
3.542881968503937
21
-2.9085937795275592
0
LINE
8
BLACK
6
CONTINUOUS
10
3.542881968503937
20
-2.9085937795275592
11
3.5428503937007871
21
-2.9083434645669293
0
LINE
8
BLACK
6
CONTINUOUS
10
3.5428503937007871
20
-2.9083434645669293
11
3.5428011417322836
21
-2.9080957874015749
0
LINE
8
BLACK
6
CONTINUOUS
10
3.5428011417322836
20
-2.9080957874015749
11
3.5428011417322836
21
-2.9062210236220474
0
LINE
8
BLACK
6
CONTINUOUS
10
3.5428011417322836
20
-2.9062210236220474
11
3.5428503937007871
21
-2.9059733070866143
0
LINE
8
BLACK
6
CONTINUOUS
10
3.5428503937007871
20
-2.9059733070866143
11
3.542881968503937
21
-2.9057230314960631
0
LINE
8
BLACK
6
CONTINUOUS
10
3.542881968503937
20
-2.9057230314960631
11
3.5438193700787401
21
-2.9029109055118107
0
LINE
8
BLACK
6
CONTINUOUS
10
3.5438193700787401
20
-2.9029109055118107
11
3.5438584251968503
21
-2.9028423622047241
0
LINE
8
BLACK
6
CONTINUOUS
10
3.5438584251968503
20
-2.9028423622047241
11
3.5438584251968503
21
-2.9028062598425195
0
LINE
8
BLACK
6
CONTINUOUS
10
3.5438584251968503
20
-2.9028062598425195
11
3.5439986220472441
21
-2.9025964173228345
0
LINE
8
BLACK
6
CONTINUOUS
10
3.5439986220472441
20
-2.9025964173228345
11
3.5441236614173226
21
-2.9023770866141732
0
LINE
8
BLACK
6
CONTINUOUS
10
3.5441236614173226
20
-2.9023770866141732
11
3.5441559842519683
21
-2.9023609055118111
0
LINE
8
BLACK
6
CONTINUOUS
10
3.5441559842519683
20
-2.9023609055118111
11
3.5441998031496063
21
-2.9022953543307084
0
LINE
8
BLACK
6
CONTINUOUS
10
3.5441998031496063
20
-2.9022953543307084
11
3.5460745275590551
21
-2.9004205905511808
0
LINE
8
BLACK
6
CONTINUOUS
10
3.5460745275590551
20
-2.9004205905511808
11
3.5462844488188976
21
-2.9002802755905512
0
LINE
8
BLACK
6
CONTINUOUS
10
3.5462844488188976
20
-2.9002802755905512
11
3.5464838188976375
21
-2.9001255905511809
0
LINE
8
BLACK
6
CONTINUOUS
10
3.5464838188976375
20
-2.9001255905511809
11
3.5483585826771651
21
-2.8991881889763778
0
LINE
8
BLACK
6
CONTINUOUS
10
3.5483585826771651
20
-2.8991881889763778
11
3.5485249606299214
21
-2.8991425984251968
0
LINE
8
BLACK
6
CONTINUOUS
10
3.5485249606299214
20
-2.8991425984251968
11
3.5486809448818897
21
-2.8990689370078742
0
LINE
8
BLACK
6
CONTINUOUS
10
3.5486809448818897
20
-2.8990689370078742
11
3.5524304724409448
21
-2.8981315748031498
0
LINE
8
BLACK
6
CONTINUOUS
10
3.5524304724409448
20
-2.8981315748031498
11
3.5526231889763777
21
-2.8981221653543305
0
LINE
8
BLACK
6
CONTINUOUS
10
3.5526231889763777
20
-2.8981221653543305
11
3.552812401574803
21
-2.8980845669291337
0
LINE
8
BLACK
6
CONTINUOUS
10
3.552812401574803
20
-2.8980845669291337
11
3.555624527559055
21
-2.8980845669291337
0
LINE
8
BLACK
6
CONTINUOUS
10
3.555624527559055
20
-2.8980845669291337
11
3.5558137007874016
21
-2.8981221653543305
0
LINE
8
BLACK
6
CONTINUOUS
10
3.5804777165354329
20
-2.8833112598425195
11
3.5815430708661418
21
-2.8843766141732283
0
LINE
8
BLACK
6
CONTINUOUS
10
3.5815430708661418
20
-2.8843766141732283
11
3.5816929133858268
21
-2.8851299212598422
0
LINE
8
BLACK
6
CONTINUOUS
10
3.5816929133858268
20
-2.8851299212598422
11
3.5816929133858268
21
-2.9638700787401575
0
LINE
8
BLACK
6
CONTINUOUS
10
3.5816929133858268
20
-2.9638700787401575
11
3.5815430708661418
21
-2.9646233858267714
0
LINE
8
BLACK
6
CONTINUOUS
10
3.5815430708661418
20
-2.9646233858267714
11
3.5804777165354329
21
-2.9656887401574803
0
LINE
8
BLACK
6
CONTINUOUS
10
3.5804777165354329
20
-2.9656887401574803
11
3.579724409448819
21
-2.9658385826771654
0
LINE
8
BLACK
6
CONTINUOUS
10
3.579724409448819
20
-2.9658385826771654
11
3.5305118110236218
21
-2.9658385826771654
0
LINE
8
BLACK
6
CONTINUOUS
10
3.5305118110236218
20
-2.9658385826771654
11
3.5297585039370079
21
-2.9656887401574803
0
LINE
8
BLACK
6
CONTINUOUS
10
3.5297585039370079
20
-2.9656887401574803
11
3.528693149606299
21
-2.9646233858267714
0
LINE
8
BLACK
6
CONTINUOUS
10
3.528693149606299
20
-2.9646233858267714
11
3.5285433070866139
21
-2.9638700787401575
0
LINE
8
BLACK
6
CONTINUOUS
10
3.5285433070866139
20
-2.9638700787401575
11
3.5285433070866139
21
-2.8851299212598422
0
LINE
8
BLACK
6
CONTINUOUS
10
3.5285433070866139
20
-2.8851299212598422
11
3.528693149606299
21
-2.8843766141732283
0
LINE
8
BLACK
6
CONTINUOUS
10
3.528693149606299
20
-2.8843766141732283
11
3.5297585039370079
21
-2.8833112598425195
0
LINE
8
BLACK
6
CONTINUOUS
10
3.5297585039370079
20
-2.8833112598425195
11
3.5305118110236218
21
-2.8831614173228344
0
LINE
8
BLACK
6
CONTINUOUS
10
3.5305118110236218
20
-2.8831614173228344
11
3.579724409448819
21
-2.8831614173228344
0
LINE
8
BLACK
6
CONTINUOUS
10
3.579724409448819
20
-2.8831614173228344
11
3.5804777165354329
21
-2.8833112598425195
0
LINE
8
BLACK
6
CONTINUOUS
10
3.5324803149606296
20
-2.8870984251968501
11
3.5324803149606296
21
-2.9619015748031496
0
LINE
8
BLACK
6
CONTINUOUS
10
3.5324803149606296
20
-2.9619015748031496
11
3.5777559055118111
21
-2.9619015748031496
0
LINE
8
BLACK
6
CONTINUOUS
10
3.5777559055118111
20
-2.9619015748031496
11
3.5777559055118111
21
-2.8870984251968501
0
LINE
8
BLACK
6
CONTINUOUS
10
3.5777559055118111
20
-2.8870984251968501
11
3.5324803149606296
21
-2.8870984251968501
0
LINE
8
BLACK
6
CONTINUOUS
10
3.6291759448818897
20
-2.9237428740157481
11
3.6292242519685041
21
-2.9237824015748033
0
LINE
8
BLACK
6
CONTINUOUS
10
3.6292242519685041
20
-2.9237824015748033
11
3.6292866929133858
21
-2.9237824015748033
0
LINE
8
BLACK
6
CONTINUOUS
10
3.6292866929133858
20
-2.9237824015748033
11
3.6295676377952755
21
-2.924063346456693
0
LINE
8
BLACK
6
CONTINUOUS
10
3.6295676377952755
20
-2.924063346456693
11
3.6298755511811023
21
-2.9243152755905513
0
LINE
8
BLACK
6
CONTINUOUS
10
3.6298755511811023
20
-2.9243152755905513
11
3.6298817716535434
21
-2.9243774803149605
0
LINE
8
BLACK
6
CONTINUOUS
10
3.6298817716535434
20
-2.9243774803149605
11
3.6299259448818897
21
-2.9244216535433072
0
LINE
8
BLACK
6
CONTINUOUS
10
3.6299259448818897
20
-2.9244216535433072
11
3.6299259448818897
21
-2.9248193307086612
0
LINE
8
BLACK
6
CONTINUOUS
10
3.6299259448818897
20
-2.9248193307086612
11
3.6299655118110237
21
-2.9252148031496064
0
LINE
8
BLACK
6
CONTINUOUS
10
3.6299655118110237
20
-2.9252148031496064
11
3.6299259448818897
21
-2.9252631102362203
0
LINE
8
BLACK
6
CONTINUOUS
10
3.6299259448818897
20
-2.9252631102362203
11
3.6299259842519684
21
-2.9253255511811025
0
LINE
8
BLACK
6
CONTINUOUS
10
3.6299259842519684
20
-2.9253255511811025
11
3.6296699606299212
21
-2.9257087795275591
0
LINE
8
BLACK
6
CONTINUOUS
10
3.6296699606299212
20
-2.9257087795275591
11
3.6290555511811022
21
-2.9263231889763777
0
LINE
8
BLACK
6
CONTINUOUS
10
3.6290555511811022
20
-2.9263231889763777
11
3.628516062992126
21
-2.9274022047244093
0
LINE
8
BLACK
6
CONTINUOUS
10
3.628516062992126
20
-2.9274022047244093
11
3.628516062992126
21
-2.9305940157480315
0
LINE
8
BLACK
6
CONTINUOUS
10
3.628516062992126
20
-2.9305940157480315
11
3.6290555511811022
21
-2.9316729921259843
0
LINE
8
BLACK
6
CONTINUOUS
10
3.6290555511811022
20
-2.9316729921259843
11
3.6295344488188976
21
-2.9321518897637793
0
LINE
8
BLACK
6
CONTINUOUS
10
3.6295344488188976
20
-2.9321518897637793
11
3.6306134251968505
21
-2.9326913779527559
0
LINE
8
BLACK
6
CONTINUOUS
10
3.6306134251968505
20
-2.9326913779527559
11
3.6338053149606298
21
-2.9326913779527559
0
LINE
8
BLACK
6
CONTINUOUS
10
3.6338053149606298
20
-2.9326913779527559
11
3.6348843307086613
21
-2.9321518503937005
0
LINE
8
BLACK
6
CONTINUOUS
10
3.6348843307086613
20
-2.9321518503937005
11
3.6353631102362205
21
-2.9316730708661418
0
LINE
8
BLACK
6
CONTINUOUS
10
3.6353631102362205
20
-2.9316730708661418
11
3.6359026377952754
21
-2.9305940551181102
0
LINE
8
BLACK
6
CONTINUOUS
10
3.6359026377952754
20
-2.9305940551181102
11
3.6359026377952754
21
-2.9274021259842518
0
LINE
8
BLACK
6
CONTINUOUS
10
3.6359026377952754
20
-2.9274021259842518
11
3.6353631102362205
21
-2.9263231102362206
0
LINE
8
BLACK
6
CONTINUOUS
10
3.6353631102362205
20
-2.9263231102362206
11
3.634748779527559
21
-2.9257087795275591
0
LINE
8
BLACK
6
CONTINUOUS
10
3.634748779527559
20
-2.9257087795275591
11
3.6344927559055118
21
-2.9253255905511812
0
LINE
8
BLACK
6
CONTINUOUS
10
3.6344927559055118
20
-2.9253255905511812
11
3.6344927559055118
21
-2.9244216535433072
0
LINE
8
BLACK
6
CONTINUOUS
10
3.6344927559055118
20
-2.9244216535433072
11
3.6351319685039369
21
-2.923782440944882
0
LINE
8
BLACK
6
CONTINUOUS
10
3.6351319685039369
20
-2.923782440944882
11
3.636035905511811
21
-2.923782440944882
0
LINE
8
BLACK
6
CONTINUOUS
10
3.636035905511811
20
-2.923782440944882
11
3.6364190944881889
21
-2.9240384645669293
0
LINE
8
BLACK
6
CONTINUOUS
10
3.6364190944881889
20
-2.9240384645669293
11
3.6371690157480314
21
-2.9247883858267718
0
LINE
8
BLACK
6
CONTINUOUS
10
3.6371690157480314
20
-2.9247883858267718
11
3.6372741338582677
21
-2.9249457086614172
0
LINE
8
BLACK
6
CONTINUOUS
10
3.6372741338582677
20
-2.9249457086614172
11
3.6373902755905512
21
-2.9250953543307086
0
LINE
8
BLACK
6
CONTINUOUS
10
3.6373902755905512
20
-2.9250953543307086
11
3.6381401574803149
21
-2.9265951574803148
0
LINE
8
BLACK
6
CONTINUOUS
10
3.6381401574803149
20
-2.9265951574803148
11
3.6381557480314961
21
-2.9266521653543305
0
LINE
8
BLACK
6
CONTINUOUS
10
3.6381557480314961
20
-2.9266521653543305
11
3.6381749212598424
21
-2.9266713385826773
0
LINE
8
BLACK
6
CONTINUOUS
10
3.6381749212598424
20
-2.9266713385826773
11
3.6382118503937009
21
-2.926857125984252
0
LINE
8
BLACK
6
CONTINUOUS
10
3.6382118503937009
20
-2.926857125984252
11
3.6382618503937008
21
-2.9270396456692911
0
LINE
8
BLACK
6
CONTINUOUS
10
3.6382618503937008
20
-2.9270396456692911
11
3.6382532677165353
21
-2.9270652755905511
0
LINE
8
BLACK
6
CONTINUOUS
10
3.6382532677165353
20
-2.9270652755905511
11
3.6382648425196851
21
-2.927123346456693
0
LINE
8
BLACK
6
CONTINUOUS
10
3.6382648425196851
20
-2.927123346456693
11
3.6382648425196851
21
-2.9308728740157481
0
LINE
8
BLACK
6
CONTINUOUS
10
3.6382648425196851
20
-2.9308728740157481
11
3.6382532677165353
21
-2.9309309055118109
0
LINE
8
BLACK
6
CONTINUOUS
10
3.6382532677165353
20
-2.9309309055118109
11
3.6382618503937008
21
-2.9309565748031496
0
LINE
8
BLACK
6
CONTINUOUS
10
3.6382618503937008
20
-2.9309565748031496
11
3.6382118503937009
21
-2.93113905511811
0
LINE
8
BLACK
6
CONTINUOUS
10
3.6382118503937009
20
-2.93113905511811
11
3.6381749212598424
21
-2.9313248818897639
0
LINE
8
BLACK
6
CONTINUOUS
10
3.6381749212598424
20
-2.9313248818897639
11
3.6381557480314961
21
-2.9313440157480315
0
LINE
8
BLACK
6
CONTINUOUS
10
3.6381557480314961
20
-2.9313440157480315
11
3.6381401574803149
21
-2.9314010629921259
0
LINE
8
BLACK
6
CONTINUOUS
10
3.6381401574803149
20
-2.9314010629921259
11
3.6373902755905512
21
-2.9329008661417322
0
LINE
8
BLACK
6
CONTINUOUS
10
3.6373902755905512
20
-2.9329008661417322
11
3.6372741338582677
21
-2.9330504724409447
0
LINE
8
BLACK
6
CONTINUOUS
10
3.6372741338582677
20
-2.9330504724409447
11
3.6371690157480314
21
-2.9332078346456694
0
LINE
8
BLACK
6
CONTINUOUS
10
3.6371690157480314
20
-2.9332078346456694
11
3.6364190944881889
21
-2.9339577559055119
0
LINE
8
BLACK
6
CONTINUOUS
10
3.6364190944881889
20
-2.9339577559055119
11
3.6362617322834643
21
-2.9340628346456694
0
LINE
8
BLACK
6
CONTINUOUS
10
3.6362617322834643
20
-2.9340628346456694
11
3.6361121259842517
21
-2.9341790157480316
0
LINE
8
BLACK
6
CONTINUOUS
10
3.6361121259842517
20
-2.9341790157480316
11
3.6346123228346454
21
-2.9349288976377954
0
LINE
8
BLACK
6
CONTINUOUS
10
3.6346123228346454
20
-2.9349288976377954
11
3.634555275590551
21
-2.9349444881889761
0
LINE
8
BLACK
6
CONTINUOUS
10
3.634555275590551
20
-2.9349444881889761
11
3.6345361417322835
21
-2.9349636614173229
0
LINE
8
BLACK
6
CONTINUOUS
10
3.6345361417322835
20
-2.9349636614173229
11
3.63435031496063
21
-2.9350005905511809
0
LINE
8
BLACK
6
CONTINUOUS
10
3.63435031496063
20
-2.9350005905511809
11
3.6341678346456692
21
-2.9350505905511812
0
LINE
8
BLACK
6
CONTINUOUS
10
3.6341678346456692
20
-2.9350505905511812
11
3.6341421653543304
21
-2.9350420078740158
0
LINE
8
BLACK
6
CONTINUOUS
10
3.6341421653543304
20
-2.9350420078740158
11
3.6340841338582677
21
-2.9350535826771651
0
LINE
8
BLACK
6
CONTINUOUS
10
3.6340841338582677
20
-2.9350535826771651
11
3.6303346062992126
21
-2.9350535826771651
0
LINE
8
BLACK
6
CONTINUOUS
10
3.6303346062992126
20
-2.9350535826771651
11
3.6302765354330706
21
-2.9350420078740158
0
LINE
8
BLACK
6
CONTINUOUS
10
3.6302765354330706
20
-2.9350420078740158
11
3.6302509055118111
21
-2.9350505905511812
0
LINE
8
BLACK
6
CONTINUOUS
10
3.6302509055118111
20
-2.9350505905511812
11
3.6300683858267715
21
-2.9350005905511809
0
LINE
8
BLACK
6
CONTINUOUS
10
3.6300683858267715
20
-2.9350005905511809
11
3.6298825984251968
21
-2.9349636614173229
0
LINE
8
BLACK
6
CONTINUOUS
10
3.6298825984251968
20
-2.9349636614173229
11
3.6298634251968505
21
-2.9349444881889761
0
LINE
8
BLACK
6
CONTINUOUS
10
3.6298634251968505
20
-2.9349444881889761
11
3.6298064173228344
21
-2.9349288976377954
0
LINE
8
BLACK
6
CONTINUOUS
10
3.6298064173228344
20
-2.9349288976377954
11
3.6283065748031493
21
-2.9341790157480316
0
LINE
8
BLACK
6
CONTINUOUS
10
3.6283065748031493
20
-2.9341790157480316
11
3.628156929133858
21
-2.9340628740157482
0
LINE
8
BLACK
6
CONTINUOUS
10
3.628156929133858
20
-2.9340628740157482
11
3.6279995669291338
21
-2.9339577165354331
0
LINE
8
BLACK
6
CONTINUOUS
10
3.6279995669291338
20
-2.9339577165354331
11
3.6272496850393701
21
-2.9332078346456694
0
LINE
8
BLACK
6
CONTINUOUS
10
3.6272496850393701
20
-2.9332078346456694
11
3.6271444881889763
21
-2.9330503543307085
0
LINE
8
BLACK
6
CONTINUOUS
10
3.6271444881889763
20
-2.9330503543307085
11
3.6270284645669291
21
-2.9329009055118109
0
LINE
8
BLACK
6
CONTINUOUS
10
3.6270284645669291
20
-2.9329009055118109
11
3.6262785433070865
21
-2.9314011023622046
0
LINE
8
BLACK
6
CONTINUOUS
10
3.6262785433070865
20
-2.9314011023622046
11
3.6262629133858266
21
-2.9313440157480315
0
LINE
8
BLACK
6
CONTINUOUS
10
3.6262629133858266
20
-2.9313440157480315
11
3.6262437795275591
21
-2.9313248818897639
0
LINE
8
BLACK
6
CONTINUOUS
10
3.6262437795275591
20
-2.9313248818897639
11
3.6262068110236219
21
-2.9311390944881888
0
LINE
8
BLACK
6
CONTINUOUS
10
3.6262068110236219
20
-2.9311390944881888
11
3.6261568503937007
21
-2.9309565748031496
0
LINE
8
BLACK
6
CONTINUOUS
10
3.6261568503937007
20
-2.9309565748031496
11
3.6261653937007874
21
-2.9309309055118109
0
LINE
8
BLACK
6
CONTINUOUS
10
3.6261653937007874
20
-2.9309309055118109
11
3.6261538582677164
21
-2.9308728740157481
0
LINE
8
BLACK
6
CONTINUOUS
10
3.6261538582677164
20
-2.9308728740157481
11
3.6261538582677164
21
-2.927123346456693
0
LINE
8
BLACK
6
CONTINUOUS
10
3.6261538582677164
20
-2.927123346456693
11
3.6261653937007874
21
-2.9270652755905511
0
LINE
8
BLACK
6
CONTINUOUS
10
3.6261653937007874
20
-2.9270652755905511
11
3.6261568503937007
21
-2.9270396456692911
0
LINE
8
BLACK
6
CONTINUOUS
10
3.6261568503937007
20
-2.9270396456692911
11
3.6262068110236219
21
-2.9268570866141732
0
LINE
8
BLACK
6
CONTINUOUS
10
3.6262068110236219
20
-2.9268570866141732
11
3.6262437795275591
21
-2.9266713385826773
0
LINE
8
BLACK
6
CONTINUOUS
10
3.6262437795275591
20
-2.9266713385826773
11
3.6262629133858266
21
-2.9266521653543305
0
LINE
8
BLACK
6
CONTINUOUS
10
3.6262629133858266
20
-2.9266521653543305
11
3.6262785433070865
21
-2.9265951181102361
0
LINE
8
BLACK
6
CONTINUOUS
10
3.6262785433070865
20
-2.9265951181102361
11
3.6264253149606298
21
-2.9263015354330708
0
LINE
8
BLACK
6
CONTINUOUS
10
3.6264253149606298
20
-2.9263015354330708
11
3.6225168110236221
21
-2.9266924015748033
0
LINE
8
BLACK
6
CONTINUOUS
10
3.6225168110236221
20
-2.9266924015748033
11
3.6225168110236221
21
-2.933122598425197
0
LINE
8
BLACK
6
CONTINUOUS
10
3.6225168110236221
20
-2.933122598425197
11
3.6224268897637795
21
-2.9335746062992127
0
LINE
8
BLACK
6
CONTINUOUS
10
3.6224268897637795
20
-2.9335746062992127
11
3.6217877165354331
21
-2.9342137795275591
0
LINE
8
BLACK
6
CONTINUOUS
10
3.6217877165354331
20
-2.9342137795275591
11
3.6208837007874015
21
-2.9342137795275591
0
LINE
8
BLACK
6
CONTINUOUS
10
3.6208837007874015
20
-2.9342137795275591
11
3.6202445275590551
21
-2.9335746062992127
0
LINE
8
BLACK
6
CONTINUOUS
10
3.6202445275590551
20
-2.9335746062992127
11
3.6201546062992125
21
-2.933122598425197
0
LINE
8
BLACK
6
CONTINUOUS
10
3.6201546062992125
20
-2.933122598425197
11
3.6201546062992125
21
-2.9256235433070867
0
LINE
8
BLACK
6
CONTINUOUS
10
3.6201546062992125
20
-2.9256235433070867
11
3.6202107874015748
21
-2.9253409448818899
0
LINE
8
BLACK
6
CONTINUOUS
10
3.6202107874015748
20
-2.9253409448818899
11
3.6202049606299211
21
-2.9252823622047242
0
LINE
8
BLACK
6
CONTINUOUS
10
3.6202049606299211
20
-2.9252823622047242
11
3.6202280708661418
21
-2.9252540551181103
0
LINE
8
BLACK
6
CONTINUOUS
10
3.6202280708661418
20
-2.9252540551181103
11
3.6202445275590551
21
-2.925171535433071
0
LINE
8
BLACK
6
CONTINUOUS
10
3.6202445275590551
20
-2.925171535433071
11
3.6205255905511811
21
-2.9248904330708663
0
LINE
8
BLACK
6
CONTINUOUS
10
3.6205255905511811
20
-2.9248904330708663
11
3.6207773622047243
21
-2.9245827559055115
0
LINE
8
BLACK
6
CONTINUOUS
10
3.6207773622047243
20
-2.9245827559055115
11
3.620857834645669
21
-2.9245581889763779
0
LINE
8
BLACK
6
CONTINUOUS
10
3.620857834645669
20
-2.9245581889763779
11
3.6208837007874015
21
-2.9245323622047241
0
LINE
8
BLACK
6
CONTINUOUS
10
3.6208837007874015
20
-2.9245323622047241
11
3.6209425984251968
21
-2.9245323622047241
0
LINE
8
BLACK
6
CONTINUOUS
10
3.6209425984251968
20
-2.9245323622047241
11
3.6212181889763779
21
-2.9244483070866143
0
LINE
8
BLACK
6
CONTINUOUS
10
3.6212181889763779
20
-2.9244483070866143
11
3.6287172440944881
21
-2.9236983858267718
0
LINE
8
BLACK
6
CONTINUOUS
10
3.6287172440944881
20
-2.9236983858267718
11
3.6291759448818897
21
-2.9237428740157481
0
LINE
8
BLACK
6
CONTINUOUS
10
3.6224268897637795
20
-2.9086735826771655
11
3.6225168110236221
21
-2.9091255905511813
0
LINE
8
BLACK
6
CONTINUOUS
10
3.6225168110236221
20
-2.9091255905511813
11
3.6225168110236221
21
-2.9162714960629921
0
LINE
8
BLACK
6
CONTINUOUS
10
3.6225168110236221
20
-2.9162714960629921
11
3.6265572047244095
21
-2.9127361811023622
0
LINE
8
BLACK
6
CONTINUOUS
10
3.6265572047244095
20
-2.9127361811023622
11
3.6268482283464567
21
-2.9125685433070867
0
LINE
8
BLACK
6
CONTINUOUS
10
3.6268482283464567
20
-2.9125685433070867
11
3.6268829527559054
21
-2.9125338582677163
0
LINE
8
BLACK
6
CONTINUOUS
10
3.6268829527559054
20
-2.9125338582677163
11
3.6269085039370079
21
-2.9125338582677163
0
LINE
8
BLACK
6
CONTINUOUS
10
3.6269085039370079
20
-2.9125338582677163
11
3.6269565748031494
21
-2.912506181102362
0
LINE
8
BLACK
6
CONTINUOUS
10
3.6269565748031494
20
-2.912506181102362
11
3.6273718110236222
21
-2.9125338582677163
0
LINE
8
BLACK
6
CONTINUOUS
10
3.6273718110236222
20
-2.9125338582677163
11
3.627786968503937
21
-2.9125338582677163
0
LINE
8
BLACK
6
CONTINUOUS
10
3.627786968503937
20
-2.9125338582677163
11
3.6278166141732284
21
-2.9125635039370077
0
LINE
8
BLACK
6
CONTINUOUS
10
3.6278166141732284
20
-2.9125635039370077
11
3.6278585039370079
21
-2.9125662992125982
0
LINE
8
BLACK
6
CONTINUOUS
10
3.6278585039370079
20
-2.9125662992125982
11
3.6281321653543306
21
-2.9128790551181103
0
LINE
8
BLACK
6
CONTINUOUS
10
3.6281321653543306
20
-2.9128790551181103
11
3.6284261417322834
21
-2.9131730314960631
0
LINE
8
BLACK
6
CONTINUOUS
10
3.6284261417322834
20
-2.9131730314960631
11
3.6284369291338581
21
-2.9132273622047244
0
LINE
8
BLACK
6
CONTINUOUS
10
3.6284369291338581
20
-2.9132273622047244
11
3.6284538188976376
21
-2.913246653543307
0
LINE
8
BLACK
6
CONTINUOUS
10
3.6284538188976376
20
-2.913246653543307
11
3.6284505118110237
21
-2.9132957086614173
0
LINE
8
BLACK
6
CONTINUOUS
10
3.6284505118110237
20
-2.9132957086614173
11
3.628516062992126
21
-2.9136250393700789
0
LINE
8
BLACK
6
CONTINUOUS
10
3.628516062992126
20
-2.9136250393700789
11
3.628516062992126
21
-2.915595905511811
0
LINE
8
BLACK
6
CONTINUOUS
10
3.628516062992126
20
-2.915595905511811
11
3.6290555511811022
21
-2.9166748818897639
0
LINE
8
BLACK
6
CONTINUOUS
10
3.6290555511811022
20
-2.9166748818897639
11
3.6295344488188976
21
-2.9171537795275588
0
LINE
8
BLACK
6
CONTINUOUS
10
3.6295344488188976
20
-2.9171537795275588
11
3.6306134251968505
21
-2.9176932677165355
0
LINE
8
BLACK
6
CONTINUOUS
10
3.6306134251968505
20
-2.9176932677165355
11
3.6338053149606298
21
-2.9176932677165355
0
LINE
8
BLACK
6
CONTINUOUS
10
3.6338053149606298
20
-2.9176932677165355
11
3.6348843307086613
21
-2.9171537401574801
0
LINE
8
BLACK
6
CONTINUOUS
10
3.6348843307086613
20
-2.9171537401574801
11
3.6353631102362205
21
-2.9166749606299214
0
LINE
8
BLACK
6
CONTINUOUS
10
3.6353631102362205
20
-2.9166749606299214
11
3.6359026377952754
21
-2.9155959448818898
0
LINE
8
BLACK
6
CONTINUOUS
10
3.6359026377952754
20
-2.9155959448818898
11
3.6359026377952754
21
-2.9116540944881888
0
LINE
8
BLACK
6
CONTINUOUS
10
3.6359026377952754
20
-2.9116540944881888
11
3.6353631102362205
21
-2.9105750787401572
0
LINE
8
BLACK
6
CONTINUOUS
10
3.6353631102362205
20
-2.9105750787401572
11
3.634748779527559
21
-2.9099607480314962
0
LINE
8
BLACK
6
CONTINUOUS
10
3.634748779527559
20
-2.9099607480314962
11
3.6344927559055118
21
-2.9095775590551178
0
LINE
8
BLACK
6
CONTINUOUS
10
3.6344927559055118
20
-2.9095775590551178
11
3.6344927559055118
21
-2.9086736220472442
0
LINE
8
BLACK
6
CONTINUOUS
10
3.6344927559055118
20
-2.9086736220472442
11
3.6351319685039369
21
-2.9080344094488186
0
LINE
8
BLACK
6
CONTINUOUS
10
3.6351319685039369
20
-2.9080344094488186
11
3.636035905511811
21
-2.9080344094488186
0
LINE
8
BLACK
6
CONTINUOUS
10
3.636035905511811
20
-2.9080344094488186
11
3.6364190944881889
21
-2.9082904330708659
0
LINE
8
BLACK
6
CONTINUOUS
10
3.6364190944881889
20
-2.9082904330708659
11
3.6371690157480314
21
-2.9090403543307084
0
LINE
8
BLACK
6
CONTINUOUS
10
3.6371690157480314
20
-2.9090403543307084
11
3.6372741338582677
21
-2.9091976771653543
0
LINE
8
BLACK
6
CONTINUOUS
10
3.6372741338582677
20
-2.9091976771653543
11
3.6373902755905512
21
-2.9093473228346456
0
LINE
8
BLACK
6
CONTINUOUS
10
3.6373902755905512
20
-2.9093473228346456
11
3.6381401574803149
21
-2.9108471259842519
0
LINE
8
BLACK
6
CONTINUOUS
10
3.6381401574803149
20
-2.9108471259842519
11
3.6381557480314961
21
-2.9109041338582675
0
LINE
8
BLACK
6
CONTINUOUS
10
3.6381557480314961
20
-2.9109041338582675
11
3.6381749212598424
21
-2.9109233070866143
0
LINE
8
BLACK
6
CONTINUOUS
10
3.6381749212598424
20
-2.9109233070866143
11
3.6382118503937009
21
-2.911109094488189
0
LINE
8
BLACK
6
CONTINUOUS
10
3.6382118503937009
20
-2.911109094488189
11
3.6382618503937008
21
-2.9112916141732281
0
LINE
8
BLACK
6
CONTINUOUS
10
3.6382618503937008
20
-2.9112916141732281
11
3.6382532677165353
21
-2.9113172440944881
0
LINE
8
BLACK
6
CONTINUOUS
10
3.6382532677165353
20
-2.9113172440944881
11
3.6382648425196851
21
-2.9113753149606301
0
LINE
8
BLACK
6
CONTINUOUS
10
3.6382648425196851
20
-2.9113753149606301
11
3.6382648425196851
21
-2.9158747637795277
0
LINE
8
BLACK
6
CONTINUOUS
10
3.6382648425196851
20
-2.9158747637795277
11
3.6382532677165353
21
-2.9159327952755905
0
LINE
8
BLACK
6
CONTINUOUS
10
3.6382532677165353
20
-2.9159327952755905
11
3.6382618503937008
21
-2.9159584645669292
0
LINE
8
BLACK
6
CONTINUOUS
10
3.6382618503937008
20
-2.9159584645669292
11
3.6382118503937009
21
-2.9161409448818896
0
LINE
8
BLACK
6
CONTINUOUS
10
3.6382118503937009
20
-2.9161409448818896
11
3.6381749212598424
21
-2.916326771653543
0
LINE
8
BLACK
6
CONTINUOUS
10
3.6381749212598424
20
-2.916326771653543
11
3.6381557480314961
21
-2.9163459055118111
0
LINE
8
BLACK
6
CONTINUOUS
10
3.6381557480314961
20
-2.9163459055118111
11
3.6381401574803149
21
-2.9164029527559054
0
LINE
8
BLACK
6
CONTINUOUS
10
3.6381401574803149
20
-2.9164029527559054
11
3.6373902755905512
21
-2.9179027559055117
0
LINE
8
BLACK
6
CONTINUOUS
10
3.6373902755905512
20
-2.9179027559055117
11
3.6372741338582677
21
-2.9180523622047243
0
LINE
8
BLACK
6
CONTINUOUS
10
3.6372741338582677
20
-2.9180523622047243
11
3.6371690157480314
21
-2.9182097244094489
0
LINE
8
BLACK
6
CONTINUOUS
10
3.6371690157480314
20
-2.9182097244094489
11
3.6364190944881889
21
-2.9189596456692914
0
LINE
8
BLACK
6
CONTINUOUS
10
3.6364190944881889
20
-2.9189596456692914
11
3.6362617322834643
21
-2.919064724409449
0
LINE
8
BLACK
6
CONTINUOUS
10
3.6362617322834643
20
-2.919064724409449
11
3.6361121259842517
21
-2.9191809055118108
0
LINE
8
BLACK
6
CONTINUOUS
10
3.6361121259842517
20
-2.9191809055118108
11
3.6346123228346454
21
-2.9199307874015745
0
LINE
8
BLACK
6
CONTINUOUS
10
3.6346123228346454
20
-2.9199307874015745
11
3.634555275590551
21
-2.9199463779527557
0
LINE
8
BLACK
6
CONTINUOUS
10
3.634555275590551
20
-2.9199463779527557
11
3.6345361417322835
21
-2.9199655511811025
0
LINE
8
BLACK
6
CONTINUOUS
10
3.6345361417322835
20
-2.9199655511811025
11
3.63435031496063
21
-2.9200024803149605
0
LINE
8
BLACK
6
CONTINUOUS
10
3.63435031496063
20
-2.9200024803149605
11
3.6341678346456692
21
-2.9200524803149603
0
LINE
8
BLACK
6
CONTINUOUS
10
3.6341678346456692
20
-2.9200524803149603
11
3.6341421653543304
21
-2.9200438976377954
0
LINE
8
BLACK
6
CONTINUOUS
10
3.6341421653543304
20
-2.9200438976377954
11
3.6340841338582677
21
-2.9200554724409447
0
LINE
8
BLACK
6
CONTINUOUS
10
3.6340841338582677
20
-2.9200554724409447
11
3.6303346062992126
21
-2.9200554724409447
0
LINE
8
BLACK
6
CONTINUOUS
10
3.6303346062992126
20
-2.9200554724409447
11
3.6302765354330706
21
-2.9200438976377954
0
LINE
8
BLACK
6
CONTINUOUS
10
3.6302765354330706
20
-2.9200438976377954
11
3.6302509055118111
21
-2.9200524803149603
0
LINE
8
BLACK
6
CONTINUOUS
10
3.6302509055118111
20
-2.9200524803149603
11
3.6300683858267715
21
-2.9200024803149605
0
LINE
8
BLACK
6
CONTINUOUS
10
3.6300683858267715
20
-2.9200024803149605
11
3.6298825984251968
21
-2.9199655511811025
0
LINE
8
BLACK
6
CONTINUOUS
10
3.6298825984251968
20
-2.9199655511811025
11
3.6298634251968505
21
-2.9199463779527557
0
LINE
8
BLACK
6
CONTINUOUS
10
3.6298634251968505
20
-2.9199463779527557
11
3.6298064173228344
21
-2.9199307874015745
0
LINE
8
BLACK
6
CONTINUOUS
10
3.6298064173228344
20
-2.9199307874015745
11
3.6283065748031493
21
-2.9191809055118108
0
LINE
8
BLACK
6
CONTINUOUS
10
3.6283065748031493
20
-2.9191809055118108
11
3.628156929133858
21
-2.9190647637795273
0
LINE
8
BLACK
6
CONTINUOUS
10
3.628156929133858
20
-2.9190647637795273
11
3.6279995669291338
21
-2.9189596062992127
0
LINE
8
BLACK
6
CONTINUOUS
10
3.6279995669291338
20
-2.9189596062992127
11
3.6272496850393701
21
-2.9182097244094489
0
LINE
8
BLACK
6
CONTINUOUS
10
3.6272496850393701
20
-2.9182097244094489
11
3.6271444881889763
21
-2.918052244094488
0
LINE
8
BLACK
6
CONTINUOUS
10
3.6271444881889763
20
-2.918052244094488
11
3.6270284645669291
21
-2.9179027952755905
0
LINE
8
BLACK
6
CONTINUOUS
10
3.6270284645669291
20
-2.9179027952755905
11
3.6262785433070865
21
-2.9164029921259842
0
LINE
8
BLACK
6
CONTINUOUS
10
3.6262785433070865
20
-2.9164029921259842
11
3.6262629133858266
21
-2.9163459055118111
0
LINE
8
BLACK
6
CONTINUOUS
10
3.6262629133858266
20
-2.9163459055118111
11
3.6262437795275591
21
-2.916326771653543
0
LINE
8
BLACK
6
CONTINUOUS
10
3.6262437795275591
20
-2.916326771653543
11
3.6262136614173226
21
-2.9161755118110237
0
LINE
8
BLACK
6
CONTINUOUS
10
3.6262136614173226
20
-2.9161755118110237
11
3.6221134645669291
21
-2.9197632283464565
0
LINE
8
BLACK
6
CONTINUOUS
10
3.6221134645669291
20
-2.9197632283464565
11
3.6218224015748031
21
-2.9199308267716533
0
LINE
8
BLACK
6
CONTINUOUS
10
3.6218224015748031
20
-2.9199308267716533
11
3.6217877165354331
21
-2.9199655511811025
0
LINE
8
BLACK
6
CONTINUOUS
10
3.6217877165354331
20
-2.9199655511811025
11
3.6217621653543306
21
-2.9199655511811025
0
LINE
8
BLACK
6
CONTINUOUS
10
3.6217621653543306
20
-2.9199655511811025
11
3.6217140944881887
21
-2.9199932283464567
0
LINE
8
BLACK
6
CONTINUOUS
10
3.6217140944881887
20
-2.9199932283464567
11
3.6212991338582676
21
-2.9199655511811025
0
LINE
8
BLACK
6
CONTINUOUS
10
3.6212991338582676
20
-2.9199655511811025
11
3.6208837007874015
21
-2.9199655511811025
0
LINE
8
BLACK
6
CONTINUOUS
10
3.6208837007874015
20
-2.9199655511811025
11
3.6208539763779526
21
-2.9199358267716535
0
LINE
8
BLACK
6
CONTINUOUS
10
3.6208539763779526
20
-2.9199358267716535
11
3.6208121653543306
21
-2.9199330708661417
0
LINE
8
BLACK
6
CONTINUOUS
10
3.6208121653543306
20
-2.9199330708661417
11
3.6205386220472442
21
-2.9196204724409447
0
LINE
8
BLACK
6
CONTINUOUS
10
3.6205386220472442
20
-2.9196204724409447
11
3.6202445275590551
21
-2.9193263779527556
0
LINE
8
BLACK
6
CONTINUOUS
10
3.6202445275590551
20
-2.9193263779527556
11
3.6202337007874017
21
-2.9192720078740155
0
LINE
8
BLACK
6
CONTINUOUS
10
3.6202337007874017
20
-2.9192720078740155
11
3.6202168503937009
21
-2.9192527559055117
0
LINE
8
BLACK
6
CONTINUOUS
10
3.6202168503937009
20
-2.9192527559055117
11
3.620220118110236
21
-2.9192036614173227
0
LINE
8
BLACK
6
CONTINUOUS
10
3.620220118110236
20
-2.9192036614173227
11
3.6201546062992125
21
-2.9188743700787403
0
LINE
8
BLACK
6
CONTINUOUS
10
3.6201546062992125
20
-2.9188743700787403
11
3.6201546062992125
21
-2.9091255905511813
0
LINE
8
BLACK
6
CONTINUOUS
10
3.6201546062992125
20
-2.9091255905511813
11
3.6202445275590551
21
-2.9086735826771655
0
LINE
8
BLACK
6
CONTINUOUS
10
3.6202445275590551
20
-2.9086735826771655
11
3.6208837007874015
21
-2.9080344094488186
0
LINE
8
BLACK
6
CONTINUOUS
10
3.6208837007874015
20
-2.9080344094488186
11
3.6217877165354331
21
-2.9080344094488186
0
LINE
8
BLACK
6
CONTINUOUS
10
3.6217877165354331
20
-2.9080344094488186
11
3.6224268897637795
21
-2.9086735826771655
0
LINE
8
BLACK
6
CONTINUOUS
10
3.6304765748031493
20
-2.8929746062992123
11
3.6306210629921258
21
-2.8929816535433068
0
LINE
8
BLACK
6
CONTINUOUS
10
3.6306210629921258
20
-2.8929816535433068
11
3.6336206692913384
21
-2.8937315748031494
0
LINE
8
BLACK
6
CONTINUOUS
10
3.6336206692913384
20
-2.8937315748031494
11
3.6337375984251969
21
-2.893786811023622
0
LINE
8
BLACK
6
CONTINUOUS
10
3.6337375984251969
20
-2.893786811023622
11
3.6338624015748029
21
-2.8938209842519687
0
LINE
8
BLACK
6
CONTINUOUS
10
3.6338624015748029
20
-2.8938209842519687
11
3.6353622047244092
21
-2.8945708661417324
0
LINE
8
BLACK
6
CONTINUOUS
10
3.6353622047244092
20
-2.8945708661417324
11
3.6355116929133859
21
-2.8946868897637796
0
LINE
8
BLACK
6
CONTINUOUS
10
3.6355116929133859
20
-2.8946868897637796
11
3.6356691732283464
21
-2.8947921259842517
0
LINE
8
BLACK
6
CONTINUOUS
10
3.6356691732283464
20
-2.8947921259842517
11
3.6371690157480314
21
-2.8962918897637793
0
LINE
8
BLACK
6
CONTINUOUS
10
3.6371690157480314
20
-2.8962918897637793
11
3.6372018897637792
21
-2.8963411023622045
0
LINE
8
BLACK
6
CONTINUOUS
10
3.6372018897637792
20
-2.8963411023622045
11
3.6372261023622046
21
-2.8963532283464568
0
LINE
8
BLACK
6
CONTINUOUS
10
3.6372261023622046
20
-2.8963532283464568
11
3.6373198818897636
21
-2.896517716535433
0
LINE
8
BLACK
6
CONTINUOUS
10
3.6373198818897636
20
-2.896517716535433
11
3.6374250393700787
21
-2.8966751181102364
0
LINE
8
BLACK
6
CONTINUOUS
10
3.6374250393700787
20
-2.8966751181102364
11
3.6374250393700787
21
-2.8967021259842518
0
LINE
8
BLACK
6
CONTINUOUS
10
3.6374250393700787
20
-2.8967021259842518
11
3.6374543700787401
21
-2.8967535826771651
0
LINE
8
BLACK
6
CONTINUOUS
10
3.6374543700787401
20
-2.8967535826771651
11
3.6382042519685038
21
-2.8990033464566927
0
LINE
8
BLACK
6
CONTINUOUS
10
3.6382042519685038
20
-2.8990033464566927
11
3.6382278740157479
21
-2.8991911417322833
0
LINE
8
BLACK
6
CONTINUOUS
10
3.6382278740157479
20
-2.8991911417322833
11
3.6382648425196851
21
-2.8993768110236218
0
LINE
8
BLACK
6
CONTINUOUS
10
3.6382648425196851
20
-2.8993768110236218
11
3.6382648425196851
21
-2.9008766535433068
0
LINE
8
BLACK
6
CONTINUOUS
10
3.6382648425196851
20
-2.9008766535433068
11
3.6382279133858266
21
-2.9010622440944882
0
LINE
8
BLACK
6
CONTINUOUS
10
3.6382279133858266
20
-2.9010622440944882
11
3.6382042519685038
21
-2.9012501574803147
0
LINE
8
BLACK
6
CONTINUOUS
10
3.6382042519685038
20
-2.9012501574803147
11
3.6374543700787401
21
-2.9034998425196852
0
LINE
8
BLACK
6
CONTINUOUS
10
3.6374543700787401
20
-2.9034998425196852
11
3.6374250787401574
21
-2.9035511811023622
0
LINE
8
BLACK
6
CONTINUOUS
10
3.6374250787401574
20
-2.9035511811023622
11
3.6374250787401574
21
-2.9035783070866139
0
LINE
8
BLACK
6
CONTINUOUS
10
3.6374250787401574
20
-2.9035783070866139
11
3.6373198031496061
21
-2.9037357874015748
0
LINE
8
BLACK
6
CONTINUOUS
10
3.6373198031496061
20
-2.9037357874015748
11
3.6372261023622046
21
-2.9039001968503935
0
LINE
8
BLACK
6
CONTINUOUS
10
3.6372261023622046
20
-2.9039001968503935
11
3.6372018503937009
21
-2.903912283464567
0
LINE
8
BLACK
6
CONTINUOUS
10
3.6372018503937009
20
-2.903912283464567
11
3.6371690157480314
21
-2.9039614960629923
0
LINE
8
BLACK
6
CONTINUOUS
10
3.6371690157480314
20
-2.9039614960629923
11
3.6364190944881889
21
-2.9047114173228348
0
LINE
8
BLACK
6
CONTINUOUS
10
3.6364190944881889
20
-2.9047114173228348
11
3.636035905511811
21
-2.904967440944882
0
LINE
8
BLACK
6
CONTINUOUS
10
3.636035905511811
20
-2.904967440944882
11
3.6351319685039369
21
-2.904967440944882
0
LINE
8
BLACK
6
CONTINUOUS
10
3.6351319685039369
20
-2.904967440944882
11
3.6344927559055118
21
-2.9043282283464564
0
LINE
8
BLACK
6
CONTINUOUS
10
3.6344927559055118
20
-2.9043282283464564
11
3.6344927559055118
21
-2.9034242913385828
0
LINE
8
BLACK
6
CONTINUOUS
10
3.6344927559055118
20
-2.9034242913385828
11
3.634748779527559
21
-2.9030411023622045
0
LINE
8
BLACK
6
CONTINUOUS
10
3.634748779527559
20
-2.9030411023622045
11
3.6353014566929134
21
-2.9024883858267714
0
LINE
8
BLACK
6
CONTINUOUS
10
3.6353014566929134
20
-2.9024883858267714
11
3.6359026377952754
21
-2.9006849212598427
0
LINE
8
BLACK
6
CONTINUOUS
10
3.6359026377952754
20
-2.9006849212598427
11
3.6359026377952754
21
-2.8995685039370076
0
LINE
8
BLACK
6
CONTINUOUS
10
3.6359026377952754
20
-2.8995685039370076
11
3.6353014566929134
21
-2.8977650393700785
0
LINE
8
BLACK
6
CONTINUOUS
10
3.6353014566929134
20
-2.8977650393700785
11
3.6341344094488188
21
-2.8965979921259843
0
LINE
8
BLACK
6
CONTINUOUS
10
3.6341344094488188
20
-2.8965979921259843
11
3.6329219291338584
21
-2.8959917322834645
0
LINE
8
BLACK
6
CONTINUOUS
10
3.6329219291338584
20
-2.8959917322834645
11
3.6301892519685039
21
-2.8953085826771652
0
LINE
8
BLACK
6
CONTINUOUS
10
3.6301892519685039
20
-2.8953085826771652
11
3.6282302362204724
21
-2.8953085826771652
0
LINE
8
BLACK
6
CONTINUOUS
10
3.6282302362204724
20
-2.8953085826771652
11
3.6254974803149604
21
-2.8959917716535433
0
LINE
8
BLACK
6
CONTINUOUS
10
3.6254974803149604
20
-2.8959917716535433
11
3.6242850787401575
21
-2.8965979527559056
0
LINE
8
BLACK
6
CONTINUOUS
10
3.6242850787401575
20
-2.8965979527559056
11
3.6231179133858267
21
-2.8977650787401572
0
LINE
8
BLACK
6
CONTINUOUS
10
3.6231179133858267
20
-2.8977650787401572
11
3.6225168110236221
21
-2.8995684251968505
0
LINE
8
BLACK
6
CONTINUOUS
10
3.6225168110236221
20
-2.8995684251968505
11
3.6225168110236221
21
-2.9006849999999997
0
LINE
8
BLACK
6
CONTINUOUS
10
3.6225168110236221
20
-2.9006849999999997
11
3.6231179133858267
21
-2.9024882677165356
0
LINE
8
BLACK
6
CONTINUOUS
10
3.6231179133858267
20
-2.9024882677165356
11
3.6236707086614173
21
-2.9030411023622045
0
LINE
8
BLACK
6
CONTINUOUS
10
3.6236707086614173
20
-2.9030411023622045
11
3.6239267322834645
21
-2.9034243307086616
0
LINE
8
BLACK
6
CONTINUOUS
10
3.6239267322834645
20
-2.9034243307086616
11
3.6239266929133858
21
-2.9043282283464564
0
LINE
8
BLACK
6
CONTINUOUS
10
3.6239266929133858
20
-2.9043282283464564
11
3.6232874409448819
21
-2.9049674803149608
0
LINE
8
BLACK
6
CONTINUOUS
10
3.6232874409448819
20
-2.9049674803149608
11
3.6223835039370078
21
-2.904967440944882
0
LINE
8
BLACK
6
CONTINUOUS
10
3.6223835039370078
20
-2.904967440944882
11
3.6220003149606299
21
-2.904711377952756
0
LINE
8
BLACK
6
CONTINUOUS
10
3.6220003149606299
20
-2.904711377952756
11
3.6212504330708661
21
-2.9039614960629923
0
LINE
8
BLACK
6
CONTINUOUS
10
3.6212504330708661
20
-2.9039614960629923
11
3.6212175196850391
21
-2.9039122440944882
0
LINE
8
BLACK
6
CONTINUOUS
10
3.6212175196850391
20
-2.9039122440944882
11
3.6211933858267717
21
-2.9039001968503935
0
LINE
8
BLACK
6
CONTINUOUS
10
3.6211933858267717
20
-2.9039001968503935
11
3.6210997637795277
21
-2.9037359448818898
0
LINE
8
BLACK
6
CONTINUOUS
10
3.6210997637795277
20
-2.9037359448818898
11
3.6209944094488189
21
-2.9035782677165352
0
LINE
8
BLACK
6
CONTINUOUS
10
3.6209944094488189
20
-2.9035782677165352
11
3.6209944094488189
21
-2.9035511417322835
0
LINE
8
BLACK
6
CONTINUOUS
10
3.6209944094488189
20
-2.9035511417322835
11
3.620965157480315
21
-2.9034998425196852
0
LINE
8
BLACK
6
CONTINUOUS
10
3.620965157480315
20
-2.9034998425196852
11
3.6202152362204725
21
-2.9012501574803147
0
LINE
8
BLACK
6
CONTINUOUS
10
3.6202152362204725
20
-2.9012501574803147
11
3.6201915748031497
21
-2.9010625196850395
0
LINE
8
BLACK
6
CONTINUOUS
10
3.6201915748031497
20
-2.9010625196850395
11
3.6201546062992125
21
-2.9008766535433068
0
LINE
8
BLACK
6
CONTINUOUS
10
3.6201546062992125
20
-2.9008766535433068
11
3.6201546062992125
21
-2.8993768110236218
0
LINE
8
BLACK
6
CONTINUOUS
10
3.6201546062992125
20
-2.8993768110236218
11
3.6201915748031497
21
-2.8991909055118108
0
LINE
8
BLACK
6
CONTINUOUS
10
3.6201915748031497
20
-2.8991909055118108
11
3.6202152362204725
21
-2.8990033070866139
0
LINE
8
BLACK
6
CONTINUOUS
10
3.6202152362204725
20
-2.8990033070866139
11
3.620965157480315
21
-2.8967535826771651
0
LINE
8
BLACK
6
CONTINUOUS
10
3.620965157480315
20
-2.8967535826771651
11
3.6209944488188976
21
-2.8967021653543306
0
LINE
8
BLACK
6
CONTINUOUS
10
3.6209944488188976
20
-2.8967021653543306
11
3.6209944488188976
21
-2.8966751181102364
0
LINE
8
BLACK
6
CONTINUOUS
10
3.6209944488188976
20
-2.8966751181102364
11
3.6210996062992127
21
-2.8965176771653542
0
LINE
8
BLACK
6
CONTINUOUS
10
3.6210996062992127
20
-2.8965176771653542
11
3.6211933858267717
21
-2.8963532283464568
0
LINE
8
BLACK
6
CONTINUOUS
10
3.6211933858267717
20
-2.8963532283464568
11
3.6212175984251966
21
-2.8963411023622045
0
LINE
8
BLACK
6
CONTINUOUS
10
3.6212175984251966
20
-2.8963411023622045
11
3.6212504724409449
21
-2.896291929133858
0
LINE
8
BLACK
6
CONTINUOUS
10
3.6212504724409449
20
-2.896291929133858
11
3.6227502362204724
21
-2.8947921259842517
0
LINE
8
BLACK
6
CONTINUOUS
10
3.6227502362204724
20
-2.8947921259842517
11
3.6229075984251966
21
-2.8946869685039371
0
LINE
8
BLACK
6
CONTINUOUS
10
3.6229075984251966
20
-2.8946869685039371
11
3.6230572440944879
21
-2.8945708661417324
0
LINE
8
BLACK
6
CONTINUOUS
10
3.6230572440944879
20
-2.8945708661417324
11
3.6245570472440942
21
-2.8938209842519687
0
LINE
8
BLACK
6
CONTINUOUS
10
3.6245570472440942
20
-2.8938209842519687
11
3.6246818110236219
21
-2.893786811023622
0
LINE
8
BLACK
6
CONTINUOUS
10
3.6246818110236219
20
-2.893786811023622
11
3.6247987795275591
21
-2.8937315748031494
0
LINE
8
BLACK
6
CONTINUOUS
10
3.6247987795275591
20
-2.8937315748031494
11
3.6277984251968505
21
-2.8929816535433068
0
LINE
8
BLACK
6
CONTINUOUS
10
3.6277984251968505
20
-2.8929816535433068
11
3.6279428740157478
21
-2.8929746062992123
0
LINE
8
BLACK
6
CONTINUOUS
10
3.6279428740157478
20
-2.8929746062992123
11
3.6280848818897637
21
-2.892946377952756
0
LINE
8
BLACK
6
CONTINUOUS
10
3.6280848818897637
20
-2.892946377952756
11
3.6303346062992126
21
-2.892946377952756
0
LINE
8
BLACK
6
CONTINUOUS
10
3.6303346062992126
20
-2.892946377952756
11
3.6304765748031493
21
-2.8929746062992123
0
LINE
8
BLACK
6
CONTINUOUS
10
3.6464225984251968
20
-2.880685275590551
11
3.6474879527559056
21
-2.8817506299212599
0
LINE
8
BLACK
6
CONTINUOUS
10
3.6474879527559056
20
-2.8817506299212599
11
3.6476377952755903
21
-2.8825039370078738
0
LINE
8
BLACK
6
CONTINUOUS
10
3.6476377952755903
20
-2.8825039370078738
11
3.6476377952755903
21
-2.9454960629921261
0
LINE
8
BLACK
6
CONTINUOUS
10
3.6476377952755903
20
-2.9454960629921261
11
3.6474879527559056
21
-2.94624937007874
0
LINE
8
BLACK
6
CONTINUOUS
10
3.6474879527559056
20
-2.94624937007874
11
3.6464225984251968
21
-2.9473147244094489
0
LINE
8
BLACK
6
CONTINUOUS
10
3.6464225984251968
20
-2.9473147244094489
11
3.6456692913385824
21
-2.9474645669291339
0
LINE
8
BLACK
6
CONTINUOUS
10
3.6456692913385824
20
-2.9474645669291339
11
3.6141732283464565
21
-2.9474645669291339
0
LINE
8
BLACK
6
CONTINUOUS
10
3.6141732283464565
20
-2.9474645669291339
11
3.6134199212598426
21
-2.9473147244094489
0
LINE
8
BLACK
6
CONTINUOUS
10
3.6134199212598426
20
-2.9473147244094489
11
3.6123545669291337
21
-2.94624937007874
0
LINE
8
BLACK
6
CONTINUOUS
10
3.6123545669291337
20
-2.94624937007874
11
3.6122047244094486
21
-2.9454960629921261
0
LINE
8
BLACK
6
CONTINUOUS
10
3.6122047244094486
20
-2.9454960629921261
11
3.6122047244094486
21
-2.8825039370078738
0
LINE
8
BLACK
6
CONTINUOUS
10
3.6122047244094486
20
-2.8825039370078738
11
3.6123545669291337
21
-2.8817506299212599
0
LINE
8
BLACK
6
CONTINUOUS
10
3.6123545669291337
20
-2.8817506299212599
11
3.6134199212598426
21
-2.880685275590551
0
LINE
8
BLACK
6
CONTINUOUS
10
3.6134199212598426
20
-2.880685275590551
11
3.6141732283464565
21
-2.8805354330708659
0
LINE
8
BLACK
6
CONTINUOUS
10
3.6141732283464565
20
-2.8805354330708659
11
3.6456692913385824
21
-2.8805354330708659
0
LINE
8
BLACK
6
CONTINUOUS
10
3.6456692913385824
20
-2.8805354330708659
11
3.6464225984251968
21
-2.880685275590551
0
LINE
8
BLACK
6
CONTINUOUS
10
3.6161417322834644
20
-2.8844724409448816
11
3.6161417322834644
21
-2.9435275590551182
0
LINE
8
BLACK
6
CONTINUOUS
10
3.6161417322834644
20
-2.9435275590551182
11
3.6437007874015745
21
-2.9435275590551182
0
LINE
8
BLACK
6
CONTINUOUS
10
3.6437007874015745
20
-2.9435275590551182
11
3.6437007874015745
21
-2.8844724409448816
0
LINE
8
BLACK
6
CONTINUOUS
10
3.6437007874015745
20
-2.8844724409448816
11
3.6161417322834644
21
-2.8844724409448816
0
LINE
8
BLACK
6
CONTINUOUS
10
4.1002209055118106
20
-2.7899316141732284
11
4.1002465748031494
21
-2.7899230708661418
0
LINE
8
BLACK
6
CONTINUOUS
10
4.1002465748031494
20
-2.7899230708661418
11
4.1004290944881889
21
-2.7899730314960629
0
LINE
8
BLACK
6
CONTINUOUS
10
4.1004290944881889
20
-2.7899730314960629
11
4.1006148818897641
21
-2.7900100000000001
0
LINE
8
BLACK
6
CONTINUOUS
10
4.1006148818897641
20
-2.7900100000000001
11
4.1006340157480317
21
-2.7900291338582677
0
LINE
8
BLACK
6
CONTINUOUS
10
4.1006340157480317
20
-2.7900291338582677
11
4.1006911023622044
21
-2.7900447637795276
0
LINE
8
BLACK
6
CONTINUOUS
10
4.1006911023622044
20
-2.7900447637795276
11
4.1021909055118106
21
-2.7907946850393701
0
LINE
8
BLACK
6
CONTINUOUS
10
4.1021909055118106
20
-2.7907946850393701
11
4.1023403543307086
21
-2.7909107086614173
0
LINE
8
BLACK
6
CONTINUOUS
10
4.1023403543307086
20
-2.7909107086614173
11
4.1024978346456695
21
-2.7910159055118111
0
LINE
8
BLACK
6
CONTINUOUS
10
4.1024978346456695
20
-2.7910159055118111
11
4.1032477165354333
21
-2.7917657874015749
0
LINE
8
BLACK
6
CONTINUOUS
10
4.1032477165354333
20
-2.7917657874015749
11
4.1033527952755904
21
-2.7919230314960628
0
LINE
8
BLACK
6
CONTINUOUS
10
4.1033527952755904
20
-2.7919230314960628
11
4.1034690157480318
21
-2.7920727952755904
0
LINE
8
BLACK
6
CONTINUOUS
10
4.1034690157480318
20
-2.7920727952755904
11
4.1042188976377956
21
-2.7935725984251967
0
LINE
8
BLACK
6
CONTINUOUS
10
4.1042188976377956
20
-2.7935725984251967
11
4.1042344881889763
21
-2.7936296062992128
0
LINE
8
BLACK
6
CONTINUOUS
10
4.1042344881889763
20
-2.7936296062992128
11
4.1042536614173226
21
-2.7936487795275591
0
LINE
8
BLACK
6
CONTINUOUS
10
4.1042536614173226
20
-2.7936487795275591
11
4.1042905905511811
21
-2.7938345669291338
0
LINE
8
BLACK
6
CONTINUOUS
10
4.1042905905511811
20
-2.7938345669291338
11
4.1043405905511809
21
-2.7940170866141734
0
LINE
8
BLACK
6
CONTINUOUS
10
4.1043405905511809
20
-2.7940170866141734
11
4.1043320078740155
21
-2.7940427165354329
0
LINE
8
BLACK
6
CONTINUOUS
10
4.1043320078740155
20
-2.7940427165354329
11
4.1043435826771653
21
-2.7941007874015749
0
LINE
8
BLACK
6
CONTINUOUS
10
4.1043435826771653
20
-2.7941007874015749
11
4.1043435826771653
21
-2.7971004330708662
0
LINE
8
BLACK
6
CONTINUOUS
10
4.1043435826771653
20
-2.7971004330708662
11
4.1043320078740155
21
-2.797158464566929
0
LINE
8
BLACK
6
CONTINUOUS
10
4.1043320078740155
20
-2.797158464566929
11
4.1043405905511809
21
-2.7971841338582677
0
LINE
8
BLACK
6
CONTINUOUS
10
4.1043405905511809
20
-2.7971841338582677
11
4.1042905905511811
21
-2.7973666141732281
0
LINE
8
BLACK
6
CONTINUOUS
10
4.1042905905511811
20
-2.7973666141732281
11
4.1042536614173226
21
-2.797552440944882
0
LINE
8
BLACK
6
CONTINUOUS
10
4.1042536614173226
20
-2.797552440944882
11
4.1042344881889763
21
-2.7975715748031496
0
LINE
8
BLACK
6
CONTINUOUS
10
4.1042344881889763
20
-2.7975715748031496
11
4.1042188976377956
21
-2.7976286220472439
0
LINE
8
BLACK
6
CONTINUOUS
10
4.1042188976377956
20
-2.7976286220472439
11
4.1034690157480318
21
-2.7991284251968502
0
LINE
8
BLACK
6
CONTINUOUS
10
4.1034690157480318
20
-2.7991284251968502
11
4.1033528740157479
21
-2.7992780314960628
0
LINE
8
BLACK
6
CONTINUOUS
10
4.1033528740157479
20
-2.7992780314960628
11
4.1032477559055121
21
-2.7994353937007874
0
LINE
8
BLACK
6
CONTINUOUS
10
4.1032477559055121
20
-2.7994353937007874
11
4.1024978346456695
21
-2.8001853149606299
0
LINE
8
BLACK
6
CONTINUOUS
10
4.1024978346456695
20
-2.8001853149606299
11
4.1023404724409449
21
-2.8002903937007875
0
LINE
8
BLACK
6
CONTINUOUS
10
4.1023404724409449
20
-2.8002903937007875
11
4.1021908661417319
21
-2.8004065748031497
0
LINE
8
BLACK
6
CONTINUOUS
10
4.1021908661417319
20
-2.8004065748031497
11
4.1006910629921256
21
-2.8011564566929135
0
LINE
8
BLACK
6
CONTINUOUS
10
4.1006910629921256
20
-2.8011564566929135
11
4.1006340157480317
21
-2.8011720472440946
0
LINE
8
BLACK
6
CONTINUOUS
10
4.1006340157480317
20
-2.8011720472440946
11
4.1006148818897641
21
-2.801191220472441
0
LINE
8
BLACK
6
CONTINUOUS
10
4.1006148818897641
20
-2.801191220472441
11
4.1004290551181102
21
-2.801228149606299
0
LINE
8
BLACK
6
CONTINUOUS
10
4.1004290551181102
20
-2.801228149606299
11
4.1002465748031494
21
-2.8012781496062993
0
LINE
8
BLACK
6
CONTINUOUS
10
4.1002465748031494
20
-2.8012781496062993
11
4.1002209055118106
21
-2.8012695669291339
0
LINE
8
BLACK
6
CONTINUOUS
10
4.1002209055118106
20
-2.8012695669291339
11
4.1001628740157479
21
-2.8012811417322836
0
LINE
8
BLACK
6
CONTINUOUS
10
4.1001628740157479
20
-2.8012811417322836
11
4.0964133464566928
21
-2.8012811417322836
0
LINE
8
BLACK
6
CONTINUOUS
10
4.0964133464566928
20
-2.8012811417322836
11
4.0963552755905512
21
-2.8012695669291339
0
LINE
8
BLACK
6
CONTINUOUS
10
4.0963552755905512
20
-2.8012695669291339
11
4.0963296456692913
21
-2.8012781496062993
0
LINE
8
BLACK
6
CONTINUOUS
10
4.0963296456692913
20
-2.8012781496062993
11
4.0961471259842517
21
-2.801228149606299
0
LINE
8
BLACK
6
CONTINUOUS
10
4.0961471259842517
20
-2.801228149606299
11
4.0959613385826774
21
-2.801191220472441
0
LINE
8
BLACK
6
CONTINUOUS
10
4.0959613385826774
20
-2.801191220472441
11
4.0959421653543302
21
-2.8011720472440946
0
LINE
8
BLACK
6
CONTINUOUS
10
4.0959421653543302
20
-2.8011720472440946
11
4.095885157480315
21
-2.8011564566929135
0
LINE
8
BLACK
6
CONTINUOUS
10
4.095885157480315
20
-2.8011564566929135
11
4.09438531496063
21
-2.8004065748031497
0
LINE
8
BLACK
6
CONTINUOUS
10
4.09438531496063
20
-2.8004065748031497
11
4.0942356692913382
21
-2.8002904330708662
0
LINE
8
BLACK
6
CONTINUOUS
10
4.0942356692913382
20
-2.8002904330708662
11
4.0940783070866145
21
-2.8001852755905512
0
LINE
8
BLACK
6
CONTINUOUS
10
4.0940783070866145
20
-2.8001852755905512
11
4.0933284251968507
21
-2.7994353937007874
0
LINE
8
BLACK
6
CONTINUOUS
10
4.0933284251968507
20
-2.7994353937007874
11
4.0932232283464565
21
-2.7992779133858265
0
LINE
8
BLACK
6
CONTINUOUS
10
4.0932232283464565
20
-2.7992779133858265
11
4.0931072047244097
21
-2.799128464566929
0
LINE
8
BLACK
6
CONTINUOUS
10
4.0931072047244097
20
-2.799128464566929
11
4.0923572834645672
21
-2.7976286614173227
0
LINE
8
BLACK
6
CONTINUOUS
10
4.0923572834645672
20
-2.7976286614173227
11
4.0923416535433068
21
-2.7975715748031496
0
LINE
8
BLACK
6
CONTINUOUS
10
4.0923416535433068
20
-2.7975715748031496
11
4.0923225196850392
21
-2.797552440944882
0
LINE
8
BLACK
6
CONTINUOUS
10
4.0923225196850392
20
-2.797552440944882
11
4.092285551181102
21
-2.7973666535433068
0
LINE
8
BLACK
6
CONTINUOUS
10
4.092285551181102
20
-2.7973666535433068
11
4.0922355905511809
21
-2.7971841338582677
0
LINE
8
BLACK
6
CONTINUOUS
10
4.0922355905511809
20
-2.7971841338582677
11
4.0922441338582676
21
-2.797158464566929
0
LINE
8
BLACK
6
CONTINUOUS
10
4.0922441338582676
20
-2.797158464566929
11
4.0922325984251966
21
-2.7971004330708662
0
LINE
8
BLACK
6
CONTINUOUS
10
4.0922325984251966
20
-2.7971004330708662
11
4.0922325984251966
21
-2.7941007874015749
0
LINE
8
BLACK
6
CONTINUOUS
10
4.0922325984251966
20
-2.7941007874015749
11
4.0922441338582676
21
-2.7940427165354329
0
LINE
8
BLACK
6
CONTINUOUS
10
4.0922441338582676
20
-2.7940427165354329
11
4.0922355905511809
21
-2.7940170866141734
0
LINE
8
BLACK
6
CONTINUOUS
10
4.0922355905511809
20
-2.7940170866141734
11
4.092285551181102
21
-2.793834527559055
0
LINE
8
BLACK
6
CONTINUOUS
10
4.092285551181102
20
-2.793834527559055
11
4.0923225196850392
21
-2.7936487795275591
0
LINE
8
BLACK
6
CONTINUOUS
10
4.0923225196850392
20
-2.7936487795275591
11
4.0923416535433068
21
-2.7936296062992128
0
LINE
8
BLACK
6
CONTINUOUS
10
4.0923416535433068
20
-2.7936296062992128
11
4.0923572834645672
21
-2.7935725590551179
0
LINE
8
BLACK
6
CONTINUOUS
10
4.0923572834645672
20
-2.7935725590551179
11
4.0928157480314962
21
-2.7926555511811024
0
LINE
8
BLACK
6
CONTINUOUS
10
4.0928157480314962
20
-2.7926555511811024
11
4.0916489763779529
21
-2.7929472834645668
0
LINE
8
BLACK
6
CONTINUOUS
10
4.0916489763779529
20
-2.7929472834645668
11
4.0896666929133856
21
-2.7942687795275591
0
LINE
8
BLACK
6
CONTINUOUS
10
4.0896666929133856
20
-2.7942687795275591
11
4.0891350393700785
21
-2.7948003937007875
0
LINE
8
BLACK
6
CONTINUOUS
10
4.0891350393700785
20
-2.7948003937007875
11
4.0885955511811023
21
-2.7958794488188974
0
LINE
8
BLACK
6
CONTINUOUS
10
4.0885955511811023
20
-2.7958794488188974
11
4.0885955511811023
21
-2.7986002362204725
0
LINE
8
BLACK
6
CONTINUOUS
10
4.0885955511811023
20
-2.7986002362204725
11
4.0885056299212597
21
-2.7990522440944883
0
LINE
8
BLACK
6
CONTINUOUS
10
4.0885056299212597
20
-2.7990522440944883
11
4.0878664566929137
21
-2.7996914173228347
0
LINE
8
BLACK
6
CONTINUOUS
10
4.0878664566929137
20
-2.7996914173228347
11
4.0869624409448821
21
-2.7996914173228347
0
LINE
8
BLACK
6
CONTINUOUS
10
4.0869624409448821
20
-2.7996914173228347
11
4.0863232677165353
21
-2.7990522440944883
0
LINE
8
BLACK
6
CONTINUOUS
10
4.0863232677165353
20
-2.7990522440944883
11
4.0862333464566927
21
-2.7986002362204725
0
LINE
8
BLACK
6
CONTINUOUS
10
4.0862333464566927
20
-2.7986002362204725
11
4.0862333464566927
21
-2.7956006299212599
0
LINE
8
BLACK
6
CONTINUOUS
10
4.0862333464566927
20
-2.7956006299212599
11
4.0862448818897636
21
-2.7955425590551179
0
LINE
8
BLACK
6
CONTINUOUS
10
4.0862448818897636
20
-2.7955425590551179
11
4.086236338582677
21
-2.7955169291338584
0
LINE
8
BLACK
6
CONTINUOUS
10
4.086236338582677
20
-2.7955169291338584
11
4.0862862992125981
21
-2.7953344094488188
0
LINE
8
BLACK
6
CONTINUOUS
10
4.0862862992125981
20
-2.7953344094488188
11
4.0863232677165353
21
-2.7951486220472441
0
LINE
8
BLACK
6
CONTINUOUS
10
4.0863232677165353
20
-2.7951486220472441
11
4.0863424015748029
21
-2.7951294488188974
0
LINE
8
BLACK
6
CONTINUOUS
10
4.0863424015748029
20
-2.7951294488188974
11
4.0863580314960632
21
-2.7950724409448817
0
LINE
8
BLACK
6
CONTINUOUS
10
4.0863580314960632
20
-2.7950724409448817
11
4.0871079527559058
21
-2.7935725590551179
0
LINE
8
BLACK
6
CONTINUOUS
10
4.0871079527559058
20
-2.7935725590551179
11
4.0872241732283463
21
-2.7934227952755903
0
LINE
8
BLACK
6
CONTINUOUS
10
4.0872241732283463
20
-2.7934227952755903
11
4.0873292125984255
21
-2.7932656299212599
0
LINE
8
BLACK
6
CONTINUOUS
10
4.0873292125984255
20
-2.7932656299212599
11
4.0880790944881893
21
-2.7925157086614174
0
LINE
8
BLACK
6
CONTINUOUS
10
4.0880790944881893
20
-2.7925157086614174
11
4.0881762992125985
21
-2.7924507086614172
0
LINE
8
BLACK
6
CONTINUOUS
10
4.0881762992125985
20
-2.7924507086614172
11
4.0882590944881887
21
-2.7923681496062991
0
LINE
8
BLACK
6
CONTINUOUS
10
4.0882590944881887
20
-2.7923681496062991
11
4.0905088188976375
21
-2.7908683858267715
0
LINE
8
BLACK
6
CONTINUOUS
10
4.0905088188976375
20
-2.7908683858267715
11
4.090695196850394
21
-2.7907913779527558
0
LINE
8
BLACK
6
CONTINUOUS
10
4.090695196850394
20
-2.7907913779527558
11
4.0908775196850389
21
-2.7907052755905513
0
LINE
8
BLACK
6
CONTINUOUS
10
4.0908775196850389
20
-2.7907052755905513
11
4.0938771653543302
21
-2.7899553543307087
0
LINE
8
BLACK
6
CONTINUOUS
10
4.0938771653543302
20
-2.7899553543307087
11
4.0940216141732284
21
-2.7899483070866142
0
LINE
8
BLACK
6
CONTINUOUS
10
4.0940216141732284
20
-2.7899483070866142
11
4.0941636220472439
21
-2.7899200787401575
0
LINE
8
BLACK
6
CONTINUOUS
10
4.0941636220472439
20
-2.7899200787401575
11
4.1001628740157479
21
-2.7899200787401575
0
LINE
8
BLACK
6
CONTINUOUS
10
4.1001628740157479
20
-2.7899200787401575
11
4.1002209055118106
21
-2.7899316141732284
0
LINE
8
BLACK
6
CONTINUOUS
10
4.0956131496062991
20
-2.7928217716535433
11
4.0951342913385824
21
-2.7933005905511812
0
LINE
8
BLACK
6
CONTINUOUS
10
4.0951342913385824
20
-2.7933005905511812
11
4.0945948031496062
21
-2.7943796456692911
0
LINE
8
BLACK
6
CONTINUOUS
10
4.0945948031496062
20
-2.7943796456692911
11
4.0945948031496062
21
-2.7968215748031495
0
LINE
8
BLACK
6
CONTINUOUS
10
4.0945948031496062
20
-2.7968215748031495
11
4.0951342913385824
21
-2.7979005511811024
0
LINE
8
BLACK
6
CONTINUOUS
10
4.0951342913385824
20
-2.7979005511811024
11
4.0956131889763778
21
-2.7983794488188978
0
LINE
8
BLACK
6
CONTINUOUS
10
4.0956131889763778
20
-2.7983794488188978
11
4.0966921653543302
21
-2.798918937007874
0
LINE
8
BLACK
6
CONTINUOUS
10
4.0966921653543302
20
-2.798918937007874
11
4.0998840551181104
21
-2.798918937007874
0
LINE
8
BLACK
6
CONTINUOUS
10
4.0998840551181104
20
-2.798918937007874
11
4.1009630708661415
21
-2.798379409448819
0
LINE
8
BLACK
6
CONTINUOUS
10
4.1009630708661415
20
-2.798379409448819
11
4.1014418503937007
21
-2.7979006299212599
0
LINE
8
BLACK
6
CONTINUOUS
10
4.1014418503937007
20
-2.7979006299212599
11
4.1019813779527556
21
-2.7968216141732283
0
LINE
8
BLACK
6
CONTINUOUS
10
4.1019813779527556
20
-2.7968216141732283
11
4.1019813779527556
21
-2.7943795669291336
0
LINE
8
BLACK
6
CONTINUOUS
10
4.1019813779527556
20
-2.7943795669291336
11
4.1014419291338582
21
-2.7933006692913387
0
LINE
8
BLACK
6
CONTINUOUS
10
4.1014419291338582
20
-2.7933006692913387
11
4.100962992125984
21
-2.7928217716535433
0
LINE
8
BLACK
6
CONTINUOUS
10
4.100962992125984
20
-2.7928217716535433
11
4.0998840157480316
21
-2.7922822834645671
0
LINE
8
BLACK
6
CONTINUOUS
10
4.0998840157480316
20
-2.7922822834645671
11
4.096692204724409
21
-2.7922822834645671
0
LINE
8
BLACK
6
CONTINUOUS
10
4.096692204724409
20
-2.7922822834645671
11
4.0956131496062991
21
-2.7928217716535433
0
LINE
8
BLACK
6
CONTINUOUS
10
4.0885056299212597
20
-2.7749011417322835
11
4.0885955511811023
21
-2.7753531496062993
0
LINE
8
BLACK
6
CONTINUOUS
10
4.0885955511811023
20
-2.7753531496062993
11
4.0885955511811023
21
-2.7824990551181101
0
LINE
8
BLACK
6
CONTINUOUS
10
4.0885955511811023
20
-2.7824990551181101
11
4.0926359448818896
21
-2.7789637401574803
0
LINE
8
BLACK
6
CONTINUOUS
10
4.0926359448818896
20
-2.7789637401574803
11
4.0929269685039369
21
-2.7787961023622048
0
LINE
8
BLACK
6
CONTINUOUS
10
4.0929269685039369
20
-2.7787961023622048
11
4.0929616929133861
21
-2.7787614173228348
0
LINE
8
BLACK
6
CONTINUOUS
10
4.0929616929133861
20
-2.7787614173228348
11
4.0929872440944877
21
-2.7787614173228348
0
LINE
8
BLACK
6
CONTINUOUS
10
4.0929872440944877
20
-2.7787614173228348
11
4.0930353149606296
21
-2.7787337401574801
0
LINE
8
BLACK
6
CONTINUOUS
10
4.0930353149606296
20
-2.7787337401574801
11
4.0934505511811023
21
-2.7787614173228348
0
LINE
8
BLACK
6
CONTINUOUS
10
4.0934505511811023
20
-2.7787614173228348
11
4.0938657086614176
21
-2.7787614173228348
0
LINE
8
BLACK
6
CONTINUOUS
10
4.0938657086614176
20
-2.7787614173228348
11
4.0938953543307086
21
-2.7787910629921257
0
LINE
8
BLACK
6
CONTINUOUS
10
4.0938953543307086
20
-2.7787910629921257
11
4.0939372440944881
21
-2.7787938582677163
0
LINE
8
BLACK
6
CONTINUOUS
10
4.0939372440944881
20
-2.7787938582677163
11
4.0942109055118108
21
-2.7791066141732284
0
LINE
8
BLACK
6
CONTINUOUS
10
4.0942109055118108
20
-2.7791066141732284
11
4.0945048818897636
21
-2.7794005905511812
0
LINE
8
BLACK
6
CONTINUOUS
10
4.0945048818897636
20
-2.7794005905511812
11
4.0945156692913383
21
-2.7794549212598425
0
LINE
8
BLACK
6
CONTINUOUS
10
4.0945156692913383
20
-2.7794549212598425
11
4.0945325590551178
21
-2.7794742125984251
0
LINE
8
BLACK
6
CONTINUOUS
10
4.0945325590551178
20
-2.7794742125984251
11
4.0945292519685035
21
-2.7795232677165354
0
LINE
8
BLACK
6
CONTINUOUS
10
4.0945292519685035
20
-2.7795232677165354
11
4.0945948031496062
21
-2.7798525984251969
0
LINE
8
BLACK
6
CONTINUOUS
10
4.0945948031496062
20
-2.7798525984251969
11
4.0945948031496062
21
-2.7818234645669291
0
LINE
8
BLACK
6
CONTINUOUS
10
4.0945948031496062
20
-2.7818234645669291
11
4.0951342913385824
21
-2.7829024409448819
0
LINE
8
BLACK
6
CONTINUOUS
10
4.0951342913385824
20
-2.7829024409448819
11
4.0956131889763778
21
-2.7833813385826769
0
LINE
8
BLACK
6
CONTINUOUS
10
4.0956131889763778
20
-2.7833813385826769
11
4.0966921653543302
21
-2.7839208267716535
0
LINE
8
BLACK
6
CONTINUOUS
10
4.0966921653543302
20
-2.7839208267716535
11
4.0998840551181104
21
-2.7839208267716535
0
LINE
8
BLACK
6
CONTINUOUS
10
4.0998840551181104
20
-2.7839208267716535
11
4.1009630708661415
21
-2.7833812992125986
0
LINE
8
BLACK
6
CONTINUOUS
10
4.1009630708661415
20
-2.7833812992125986
11
4.1014418503937007
21
-2.7829025196850394
0
LINE
8
BLACK
6
CONTINUOUS
10
4.1014418503937007
20
-2.7829025196850394
11
4.1019813779527556
21
-2.7818235039370078
0
LINE
8
BLACK
6
CONTINUOUS
10
4.1019813779527556
20
-2.7818235039370078
11
4.1019813779527556
21
-2.7778816535433069
0
LINE
8
BLACK
6
CONTINUOUS
10
4.1019813779527556
20
-2.7778816535433069
11
4.1014418503937007
21
-2.7768026377952757
0
LINE
8
BLACK
6
CONTINUOUS
10
4.1014418503937007
20
-2.7768026377952757
11
4.1008275196850397
21
-2.7761883070866142
0
LINE
8
BLACK
6
CONTINUOUS
10
4.1008275196850397
20
-2.7761883070866142
11
4.100571496062992
21
-2.7758051181102363
0
LINE
8
BLACK
6
CONTINUOUS
10
4.100571496062992
20
-2.7758051181102363
11
4.100571496062992
21
-2.7749011811023623
0
LINE
8
BLACK
6
CONTINUOUS
10
4.100571496062992
20
-2.7749011811023623
11
4.1012107086614176
21
-2.7742619685039371
0
LINE
8
BLACK
6
CONTINUOUS
10
4.1012107086614176
20
-2.7742619685039371
11
4.1021146456692916
21
-2.7742619685039371
0
LINE
8
BLACK
6
CONTINUOUS
10
4.1021146456692916
20
-2.7742619685039371
11
4.1024978346456695
21
-2.7745179921259844
0
LINE
8
BLACK
6
CONTINUOUS
10
4.1024978346456695
20
-2.7745179921259844
11
4.1032477559055121
21
-2.7752679133858269
0
LINE
8
BLACK
6
CONTINUOUS
10
4.1032477559055121
20
-2.7752679133858269
11
4.1033528740157479
21
-2.7754252362204723
0
LINE
8
BLACK
6
CONTINUOUS
10
4.1033528740157479
20
-2.7754252362204723
11
4.1034690157480318
21
-2.7755748818897636
0
LINE
8
BLACK
6
CONTINUOUS
10
4.1034690157480318
20
-2.7755748818897636
11
4.1042188976377956
21
-2.7770746850393699
0
LINE
8
BLACK
6
CONTINUOUS
10
4.1042188976377956
20
-2.7770746850393699
11
4.1042344881889763
21
-2.7771316929133856
0
LINE
8
BLACK
6
CONTINUOUS
10
4.1042344881889763
20
-2.7771316929133856
11
4.1042536614173226
21
-2.7771508661417323
0
LINE
8
BLACK
6
CONTINUOUS
10
4.1042536614173226
20
-2.7771508661417323
11
4.1042905905511811
21
-2.7773366535433071
0
LINE
8
BLACK
6
CONTINUOUS
10
4.1042905905511811
20
-2.7773366535433071
11
4.1043405905511809
21
-2.7775191732283462
0
LINE
8
BLACK
6
CONTINUOUS
10
4.1043405905511809
20
-2.7775191732283462
11
4.1043320078740155
21
-2.7775448031496062
0
LINE
8
BLACK
6
CONTINUOUS
10
4.1043320078740155
20
-2.7775448031496062
11
4.1043435826771653
21
-2.7776028740157481
0
LINE
8
BLACK
6
CONTINUOUS
10
4.1043435826771653
20
-2.7776028740157481
11
4.1043435826771653
21
-2.7821023228346458
0
LINE
8
BLACK
6
CONTINUOUS
10
4.1043435826771653
20
-2.7821023228346458
11
4.1043320078740155
21
-2.7821603543307085
0
LINE
8
BLACK
6
CONTINUOUS
10
4.1043320078740155
20
-2.7821603543307085
11
4.1043405905511809
21
-2.7821860236220473
0
LINE
8
BLACK
6
CONTINUOUS
10
4.1043405905511809
20
-2.7821860236220473
11
4.1042905905511811
21
-2.7823685039370076
0
LINE
8
BLACK
6
CONTINUOUS
10
4.1042905905511811
20
-2.7823685039370076
11
4.1042536614173226
21
-2.7825543307086615
0
LINE
8
BLACK
6
CONTINUOUS
10
4.1042536614173226
20
-2.7825543307086615
11
4.1042344881889763
21
-2.7825734645669291
0
LINE
8
BLACK
6
CONTINUOUS
10
4.1042344881889763
20
-2.7825734645669291
11
4.1042188976377956
21
-2.7826305118110235
0
LINE
8
BLACK
6
CONTINUOUS
10
4.1042188976377956
20
-2.7826305118110235
11
4.1034690157480318
21
-2.7841303149606298
0
LINE
8
BLACK
6
CONTINUOUS
10
4.1034690157480318
20
-2.7841303149606298
11
4.1033528740157479
21
-2.7842799212598424
0
LINE
8
BLACK
6
CONTINUOUS
10
4.1033528740157479
20
-2.7842799212598424
11
4.1032477559055121
21
-2.784437283464567
0
LINE
8
BLACK
6
CONTINUOUS
10
4.1032477559055121
20
-2.784437283464567
11
4.1024978346456695
21
-2.7851872047244095
0
LINE
8
BLACK
6
CONTINUOUS
10
4.1024978346456695
20
-2.7851872047244095
11
4.1023404724409449
21
-2.785292283464567
0
LINE
8
BLACK
6
CONTINUOUS
10
4.1023404724409449
20
-2.785292283464567
11
4.1021908661417319
21
-2.7854084645669293
0
LINE
8
BLACK
6
CONTINUOUS
10
4.1021908661417319
20
-2.7854084645669293
11
4.1006910629921256
21
-2.786158346456693
0
LINE
8
BLACK
6
CONTINUOUS
10
4.1006910629921256
20
-2.786158346456693
11
4.1006340157480317
21
-2.7861739370078737
0
LINE
8
BLACK
6
CONTINUOUS
10
4.1006340157480317
20
-2.7861739370078737
11
4.1006148818897641
21
-2.7861931102362205
0
LINE
8
BLACK
6
CONTINUOUS
10
4.1006148818897641
20
-2.7861931102362205
11
4.1004290551181102
21
-2.7862300393700785
0
LINE
8
BLACK
6
CONTINUOUS
10
4.1004290551181102
20
-2.7862300393700785
11
4.1002465748031494
21
-2.7862800393700788
0
LINE
8
BLACK
6
CONTINUOUS
10
4.1002465748031494
20
-2.7862800393700788
11
4.1002209055118106
21
-2.7862714566929134
0
LINE
8
BLACK
6
CONTINUOUS
10
4.1002209055118106
20
-2.7862714566929134
11
4.1001628740157479
21
-2.7862830314960627
0
LINE
8
BLACK
6
CONTINUOUS
10
4.1001628740157479
20
-2.7862830314960627
11
4.0964133464566928
21
-2.7862830314960627
0
LINE
8
BLACK
6
CONTINUOUS
10
4.0964133464566928
20
-2.7862830314960627
11
4.0963552755905512
21
-2.7862714566929134
0
LINE
8
BLACK
6
CONTINUOUS
10
4.0963552755905512
20
-2.7862714566929134
11
4.0963296456692913
21
-2.7862800393700788
0
LINE
8
BLACK
6
CONTINUOUS
10
4.0963296456692913
20
-2.7862800393700788
11
4.0961471259842517
21
-2.7862300393700785
0
LINE
8
BLACK
6
CONTINUOUS
10
4.0961471259842517
20
-2.7862300393700785
11
4.0959613385826774
21
-2.7861931102362205
0
LINE
8
BLACK
6
CONTINUOUS
10
4.0959613385826774
20
-2.7861931102362205
11
4.0959421653543302
21
-2.7861739370078737
0
LINE
8
BLACK
6
CONTINUOUS
10
4.0959421653543302
20
-2.7861739370078737
11
4.095885157480315
21
-2.786158346456693
0
LINE
8
BLACK
6
CONTINUOUS
10
4.095885157480315
20
-2.786158346456693
11
4.09438531496063
21
-2.7854084645669293
0
LINE
8
BLACK
6
CONTINUOUS
10
4.09438531496063
20
-2.7854084645669293
11
4.0942356692913382
21
-2.7852923228346458
0
LINE
8
BLACK
6
CONTINUOUS
10
4.0942356692913382
20
-2.7852923228346458
11
4.0940783070866145
21
-2.7851871653543308
0
LINE
8
BLACK
6
CONTINUOUS
10
4.0940783070866145
20
-2.7851871653543308
11
4.0933284251968507
21
-2.784437283464567
0
LINE
8
BLACK
6
CONTINUOUS
10
4.0933284251968507
20
-2.784437283464567
11
4.0932232283464565
21
-2.7842798031496061
0
LINE
8
BLACK
6
CONTINUOUS
10
4.0932232283464565
20
-2.7842798031496061
11
4.0931072047244097
21
-2.7841303543307085
0
LINE
8
BLACK
6
CONTINUOUS
10
4.0931072047244097
20
-2.7841303543307085
11
4.0923572834645672
21
-2.7826305511811023
0
LINE
8
BLACK
6
CONTINUOUS
10
4.0923572834645672
20
-2.7826305511811023
11
4.0923416535433068
21
-2.7825734645669291
0
LINE
8
BLACK
6
CONTINUOUS
10
4.0923416535433068
20
-2.7825734645669291
11
4.0923225196850392
21
-2.7825543307086615
0
LINE
8
BLACK
6
CONTINUOUS
10
4.0923225196850392
20
-2.7825543307086615
11
4.0922924015748032
21
-2.7824030708661418
0
LINE
8
BLACK
6
CONTINUOUS
10
4.0922924015748032
20
-2.7824030708661418
11
4.0881922047244093
21
-2.7859907874015746
0
LINE
8
BLACK
6
CONTINUOUS
10
4.0881922047244093
20
-2.7859907874015746
11
4.0879011417322833
21
-2.7861583858267718
0
LINE
8
BLACK
6
CONTINUOUS
10
4.0879011417322833
20
-2.7861583858267718
11
4.0878664566929137
21
-2.7861931102362205
0
LINE
8
BLACK
6
CONTINUOUS
10
4.0878664566929137
20
-2.7861931102362205
11
4.0878409055118112
21
-2.7861931102362205
0
LINE
8
BLACK
6
CONTINUOUS
10
4.0878409055118112
20
-2.7861931102362205
11
4.0877928346456693
21
-2.7862207874015747
0
LINE
8
BLACK
6
CONTINUOUS
10
4.0877928346456693
20
-2.7862207874015747
11
4.0873778740157478
21
-2.7861931102362205
0
LINE
8
BLACK
6
CONTINUOUS
10
4.0873778740157478
20
-2.7861931102362205
11
4.0869624409448821
21
-2.7861931102362205
0
LINE
8
BLACK
6
CONTINUOUS
10
4.0869624409448821
20
-2.7861931102362205
11
4.0869327165354328
21
-2.7861633858267716
0
LINE
8
BLACK
6
CONTINUOUS
10
4.0869327165354328
20
-2.7861633858267716
11
4.0868909055118108
21
-2.7861606299212598
0
LINE
8
BLACK
6
CONTINUOUS
10
4.0868909055118108
20
-2.7861606299212598
11
4.0866173622047244
21
-2.7858480314960627
0
LINE
8
BLACK
6
CONTINUOUS
10
4.0866173622047244
20
-2.7858480314960627
11
4.0863232677165353
21
-2.7855539370078741
0
LINE
8
BLACK
6
CONTINUOUS
10
4.0863232677165353
20
-2.7855539370078741
11
4.0863124409448819
21
-2.7854995669291336
0
LINE
8
BLACK
6
CONTINUOUS
10
4.0863124409448819
20
-2.7854995669291336
11
4.0862955905511811
21
-2.7854803149606298
0
LINE
8
BLACK
6
CONTINUOUS
10
4.0862955905511811
20
-2.7854803149606298
11
4.0862988582677167
21
-2.7854312204724407
0
LINE
8
BLACK
6
CONTINUOUS
10
4.0862988582677167
20
-2.7854312204724407
11
4.0862333464566927
21
-2.7851019291338583
0
LINE
8
BLACK
6
CONTINUOUS
10
4.0862333464566927
20
-2.7851019291338583
11
4.0862333464566927
21
-2.7753531496062993
0
LINE
8
BLACK
6
CONTINUOUS
10
4.0862333464566927
20
-2.7753531496062993
11
4.0863232677165353
21
-2.7749011417322835
0
LINE
8
BLACK
6
CONTINUOUS
10
4.0863232677165353
20
-2.7749011417322835
11
4.0869624409448821
21
-2.7742619685039371
0
LINE
8
BLACK
6
CONTINUOUS
10
4.0869624409448821
20
-2.7742619685039371
11
4.0878664566929137
21
-2.7742619685039371
0
LINE
8
BLACK
6
CONTINUOUS
10
4.0878664566929137
20
-2.7742619685039371
11
4.0885056299212597
21
-2.7749011417322835
0
LINE
8
BLACK
6
CONTINUOUS
10
4.0965553149606295
20
-2.7592021653543308
11
4.0966998031496065
21
-2.7592092125984253
0
LINE
8
BLACK
6
CONTINUOUS
10
4.0966998031496065
20
-2.7592092125984253
11
4.0996994094488191
21
-2.7599591338582679
0
LINE
8
BLACK
6
CONTINUOUS
10
4.0996994094488191
20
-2.7599591338582679
11
4.0998163385826771
21
-2.7600143700787401
0
LINE
8
BLACK
6
CONTINUOUS
10
4.0998163385826771
20
-2.7600143700787401
11
4.0999411417322831
21
-2.7600485433070867
0
LINE
8
BLACK
6
CONTINUOUS
10
4.0999411417322831
20
-2.7600485433070867
11
4.1014409448818894
21
-2.7607984251968505
0
LINE
8
BLACK
6
CONTINUOUS
10
4.1014409448818894
20
-2.7607984251968505
11
4.1015904330708661
21
-2.7609144488188977
0
LINE
8
BLACK
6
CONTINUOUS
10
4.1015904330708661
20
-2.7609144488188977
11
4.101747913385827
21
-2.7610196850393702
0
LINE
8
BLACK
6
CONTINUOUS
10
4.101747913385827
20
-2.7610196850393702
11
4.1032477559055121
21
-2.7625194488188978
0
LINE
8
BLACK
6
CONTINUOUS
10
4.1032477559055121
20
-2.7625194488188978
11
4.1032806299212599
21
-2.7625686614173226
0
LINE
8
BLACK
6
CONTINUOUS
10
4.1032806299212599
20
-2.7625686614173226
11
4.1033048425196847
21
-2.7625807874015749
0
LINE
8
BLACK
6
CONTINUOUS
10
4.1033048425196847
20
-2.7625807874015749
11
4.1033986220472443
21
-2.7627452755905511
0
LINE
8
BLACK
6
CONTINUOUS
10
4.1033986220472443
20
-2.7627452755905511
11
4.1035037795275588
21
-2.7629026771653544
0
LINE
8
BLACK
6
CONTINUOUS
10
4.1035037795275588
20
-2.7629026771653544
11
4.1035037795275588
21
-2.7629296850393699
0
LINE
8
BLACK
6
CONTINUOUS
10
4.1035037795275588
20
-2.7629296850393699
11
4.1035331102362207
21
-2.7629811417322836
0
LINE
8
BLACK
6
CONTINUOUS
10
4.1035331102362207
20
-2.7629811417322836
11
4.1042829921259845
21
-2.7652309055118112
0
LINE
8
BLACK
6
CONTINUOUS
10
4.1042829921259845
20
-2.7652309055118112
11
4.1043066141732281
21
-2.7654187007874014
0
LINE
8
BLACK
6
CONTINUOUS
10
4.1043066141732281
20
-2.7654187007874014
11
4.1043435826771653
21
-2.7656043700787403
0
LINE
8
BLACK
6
CONTINUOUS
10
4.1043435826771653
20
-2.7656043700787403
11
4.1043435826771653
21
-2.7671042125984253
0
LINE
8
BLACK
6
CONTINUOUS
10
4.1043435826771653
20
-2.7671042125984253
11
4.1043066535433068
21
-2.7672898031496063
0
LINE
8
BLACK
6
CONTINUOUS
10
4.1043066535433068
20
-2.7672898031496063
11
4.1042829921259845
21
-2.7674777165354332
0
LINE
8
BLACK
6
CONTINUOUS
10
4.1042829921259845
20
-2.7674777165354332
11
4.1035331102362207
21
-2.7697274015748032
0
LINE
8
BLACK
6
CONTINUOUS
10
4.1035331102362207
20
-2.7697274015748032
11
4.1035038188976376
21
-2.7697787401574803
0
LINE
8
BLACK
6
CONTINUOUS
10
4.1035038188976376
20
-2.7697787401574803
11
4.1035038188976376
21
-2.7698058661417324
0
LINE
8
BLACK
6
CONTINUOUS
10
4.1035038188976376
20
-2.7698058661417324
11
4.1033985433070868
21
-2.7699633464566928
0
LINE
8
BLACK
6
CONTINUOUS
10
4.1033985433070868
20
-2.7699633464566928
11
4.1033048425196847
21
-2.770127755905512
0
LINE
8
BLACK
6
CONTINUOUS
10
4.1033048425196847
20
-2.770127755905512
11
4.1032805905511811
21
-2.770139842519685
0
LINE
8
BLACK
6
CONTINUOUS
10
4.1032805905511811
20
-2.770139842519685
11
4.1032477559055121
21
-2.7701890551181103
0
LINE
8
BLACK
6
CONTINUOUS
10
4.1032477559055121
20
-2.7701890551181103
11
4.1024978346456695
21
-2.7709389763779528
0
LINE
8
BLACK
6
CONTINUOUS
10
4.1024978346456695
20
-2.7709389763779528
11
4.1021146456692916
21
-2.7711950000000001
0
LINE
8
BLACK
6
CONTINUOUS
10
4.1021146456692916
20
-2.7711950000000001
11
4.1012107086614176
21
-2.7711950000000001
0
LINE
8
BLACK
6
CONTINUOUS
10
4.1012107086614176
20
-2.7711950000000001
11
4.100571496062992
21
-2.7705557874015749
0
LINE
8
BLACK
6
CONTINUOUS
10
4.100571496062992
20
-2.7705557874015749
11
4.100571496062992
21
-2.7696518503937009
0
LINE
8
BLACK
6
CONTINUOUS
10
4.100571496062992
20
-2.7696518503937009
11
4.1008275196850397
21
-2.769268661417323
0
LINE
8
BLACK
6
CONTINUOUS
10
4.1008275196850397
20
-2.769268661417323
11
4.1013801968503936
21
-2.7687159448818899
0
LINE
8
BLACK
6
CONTINUOUS
10
4.1013801968503936
20
-2.7687159448818899
11
4.1019813779527556
21
-2.7669124803149607
0
LINE
8
BLACK
6
CONTINUOUS
10
4.1019813779527556
20
-2.7669124803149607
11
4.1019813779527556
21
-2.7657960629921261
0
LINE
8
BLACK
6
CONTINUOUS
10
4.1019813779527556
20
-2.7657960629921261
11
4.1013801968503936
21
-2.763992598425197
0
LINE
8
BLACK
6
CONTINUOUS
10
4.1013801968503936
20
-2.763992598425197
11
4.100213149606299
21
-2.7628255511811024
0
LINE
8
BLACK
6
CONTINUOUS
10
4.100213149606299
20
-2.7628255511811024
11
4.0990006692913381
21
-2.7622192913385826
0
LINE
8
BLACK
6
CONTINUOUS
10
4.0990006692913381
20
-2.7622192913385826
11
4.0962679921259841
21
-2.7615361417322832
0
LINE
8
BLACK
6
CONTINUOUS
10
4.0962679921259841
20
-2.7615361417322832
11
4.0943089763779525
21
-2.7615361417322832
0
LINE
8
BLACK
6
CONTINUOUS
10
4.0943089763779525
20
-2.7615361417322832
11
4.0915762204724411
21
-2.7622193307086613
0
LINE
8
BLACK
6
CONTINUOUS
10
4.0915762204724411
20
-2.7622193307086613
11
4.0903638188976377
21
-2.7628255118110236
0
LINE
8
BLACK
6
CONTINUOUS
10
4.0903638188976377
20
-2.7628255118110236
11
4.0891966535433069
21
-2.7639926377952757
0
LINE
8
BLACK
6
CONTINUOUS
10
4.0891966535433069
20
-2.7639926377952757
11
4.0885955511811023
21
-2.7657959842519686
0
LINE
8
BLACK
6
CONTINUOUS
10
4.0885955511811023
20
-2.7657959842519686
11
4.0885955511811023
21
-2.7669125590551182
0
LINE
8
BLACK
6
CONTINUOUS
10
4.0885955511811023
20
-2.7669125590551182
11
4.0891966535433069
21
-2.7687158267716536
0
LINE
8
BLACK
6
CONTINUOUS
10
4.0891966535433069
20
-2.7687158267716536
11
4.0897494488188979
21
-2.769268661417323
0
LINE
8
BLACK
6
CONTINUOUS
10
4.0897494488188979
20
-2.769268661417323
11
4.0900054724409447
21
-2.7696518897637796
0
LINE
8
BLACK
6
CONTINUOUS
10
4.0900054724409447
20
-2.7696518897637796
11
4.0900054330708659
21
-2.7705557874015749
0
LINE
8
BLACK
6
CONTINUOUS
10
4.0900054330708659
20
-2.7705557874015749
11
4.0893661811023625
21
-2.7711950393700788
0
LINE
8
BLACK
6
CONTINUOUS
10
4.0893661811023625
20
-2.7711950393700788
11
4.0884622440944884
21
-2.7711950000000001
0
LINE
8
BLACK
6
CONTINUOUS
10
4.0884622440944884
20
-2.7711950000000001
11
4.0880790551181105
21
-2.7709389370078741
0
LINE
8
BLACK
6
CONTINUOUS
10
4.0880790551181105
20
-2.7709389370078741
11
4.0873291732283468
21
-2.7701890551181103
0
LINE
8
BLACK
6
CONTINUOUS
10
4.0873291732283468
20
-2.7701890551181103
11
4.0872962598425193
21
-2.7701398031496063
0
LINE
8
BLACK
6
CONTINUOUS
10
4.0872962598425193
20
-2.7701398031496063
11
4.0872721259842519
21
-2.770127755905512
0
LINE
8
BLACK
6
CONTINUOUS
10
4.0872721259842519
20
-2.770127755905512
11
4.0871785039370074
21
-2.7699635039370079
0
LINE
8
BLACK
6
CONTINUOUS
10
4.0871785039370074
20
-2.7699635039370079
11
4.0870731496062991
21
-2.7698058267716537
0
LINE
8
BLACK
6
CONTINUOUS
10
4.0870731496062991
20
-2.7698058267716537
11
4.0870731496062991
21
-2.7697787007874015
0
LINE
8
BLACK
6
CONTINUOUS
10
4.0870731496062991
20
-2.7697787007874015
11
4.0870438976377947
21
-2.7697274015748032
0
LINE
8
BLACK
6
CONTINUOUS
10
4.0870438976377947
20
-2.7697274015748032
11
4.0862939763779522
21
-2.7674777165354332
0
LINE
8
BLACK
6
CONTINUOUS
10
4.0862939763779522
20
-2.7674777165354332
11
4.0862703149606299
21
-2.7672900787401575
0
LINE
8
BLACK
6
CONTINUOUS
10
4.0862703149606299
20
-2.7672900787401575
11
4.0862333464566927
21
-2.7671042125984253
0
LINE
8
BLACK
6
CONTINUOUS
10
4.0862333464566927
20
-2.7671042125984253
11
4.0862333464566927
21
-2.7656043700787403
0
LINE
8
BLACK
6
CONTINUOUS
10
4.0862333464566927
20
-2.7656043700787403
11
4.0862703149606299
21
-2.7654184645669289
0
LINE
8
BLACK
6
CONTINUOUS
10
4.0862703149606299
20
-2.7654184645669289
11
4.0862939763779522
21
-2.7652308661417324
0
LINE
8
BLACK
6
CONTINUOUS
10
4.0862939763779522
20
-2.7652308661417324
11
4.0870438976377947
21
-2.7629811417322836
0
LINE
8
BLACK
6
CONTINUOUS
10
4.0870438976377947
20
-2.7629811417322836
11
4.0870731889763778
21
-2.7629297244094486
0
LINE
8
BLACK
6
CONTINUOUS
10
4.0870731889763778
20
-2.7629297244094486
11
4.0870731889763778
21
-2.7629026771653544
0
LINE
8
BLACK
6
CONTINUOUS
10
4.0870731889763778
20
-2.7629026771653544
11
4.0871783464566924
21
-2.7627452362204723
0
LINE
8
BLACK
6
CONTINUOUS
10
4.0871783464566924
20
-2.7627452362204723
11
4.0872721259842519
21
-2.7625807874015749
0
LINE
8
BLACK
6
CONTINUOUS
10
4.0872721259842519
20
-2.7625807874015749
11
4.0872963385826768
21
-2.7625686614173226
0
LINE
8
BLACK
6
CONTINUOUS
10
4.0872963385826768
20
-2.7625686614173226
11
4.0873292125984255
21
-2.7625194881889765
0
LINE
8
BLACK
6
CONTINUOUS
10
4.0873292125984255
20
-2.7625194881889765
11
4.0888289763779531
21
-2.7610196850393702
0
LINE
8
BLACK
6
CONTINUOUS
10
4.0888289763779531
20
-2.7610196850393702
11
4.0889863385826768
21
-2.7609145275590552
0
LINE
8
BLACK
6
CONTINUOUS
10
4.0889863385826768
20
-2.7609145275590552
11
4.0891359842519686
21
-2.7607984251968505
0
LINE
8
BLACK
6
CONTINUOUS
10
4.0891359842519686
20
-2.7607984251968505
11
4.0906357874015749
21
-2.7600485433070867
0
LINE
8
BLACK
6
CONTINUOUS
10
4.0906357874015749
20
-2.7600485433070867
11
4.090760551181102
21
-2.7600143700787401
0
LINE
8
BLACK
6
CONTINUOUS
10
4.090760551181102
20
-2.7600143700787401
11
4.0908775196850389
21
-2.7599591338582679
0
LINE
8
BLACK
6
CONTINUOUS
10
4.0908775196850389
20
-2.7599591338582679
11
4.0938771653543302
21
-2.7592092125984253
0
LINE
8
BLACK
6
CONTINUOUS
10
4.0938771653543302
20
-2.7592092125984253
11
4.0940216141732284
21
-2.7592021653543308
0
LINE
8
BLACK
6
CONTINUOUS
10
4.0940216141732284
20
-2.7592021653543308
11
4.0941636220472439
21
-2.7591739370078741
0
LINE
8
BLACK
6
CONTINUOUS
10
4.0941636220472439
20
-2.7591739370078741
11
4.0964133464566928
21
-2.7591739370078741
0
LINE
8
BLACK
6
CONTINUOUS
10
4.0964133464566928
20
-2.7591739370078741
11
4.0965553149606295
21
-2.7592021653543308
0
LINE
8
BLACK
6
CONTINUOUS
10
4.1125013385826774
20
-2.746912834645669
11
4.1135666929133858
21
-2.7479781889763779
0
LINE
8
BLACK
6
CONTINUOUS
10
4.1135666929133858
20
-2.7479781889763779
11
4.1137165354330705
21
-2.7487314960629923
0
LINE
8
BLACK
6
CONTINUOUS
10
4.1137165354330705
20
-2.7487314960629923
11
4.1137165354330705
21
-2.8117236220472441
0
LINE
8
BLACK
6
CONTINUOUS
10
4.1137165354330705
20
-2.8117236220472441
11
4.1135666929133858
21
-2.8124769291338581
0
LINE
8
BLACK
6
CONTINUOUS
10
4.1135666929133858
20
-2.8124769291338581
11
4.1125013385826774
21
-2.8135422834645669
0
LINE
8
BLACK
6
CONTINUOUS
10
4.1125013385826774
20
-2.8135422834645669
11
4.111748031496063
21
-2.813692125984252
0
LINE
8
BLACK
6
CONTINUOUS
10
4.111748031496063
20
-2.813692125984252
11
4.0802519685039371
21
-2.813692125984252
0
LINE
8
BLACK
6
CONTINUOUS
10
4.0802519685039371
20
-2.813692125984252
11
4.0794986614173228
21
-2.8135422834645669
0
LINE
8
BLACK
6
CONTINUOUS
10
4.0794986614173228
20
-2.8135422834645669
11
4.0784333070866143
21
-2.8124769291338581
0
LINE
8
BLACK
6
CONTINUOUS
10
4.0784333070866143
20
-2.8124769291338581
11
4.0782834645669288
21
-2.8117236220472441
0
LINE
8
BLACK
6
CONTINUOUS
10
4.0782834645669288
20
-2.8117236220472441
11
4.0782834645669288
21
-2.7487314960629923
0
LINE
8
BLACK
6
CONTINUOUS
10
4.0782834645669288
20
-2.7487314960629923
11
4.0784333070866143
21
-2.7479781889763779
0
LINE
8
BLACK
6
CONTINUOUS
10
4.0784333070866143
20
-2.7479781889763779
11
4.0794986614173228
21
-2.746912834645669
0
LINE
8
BLACK
6
CONTINUOUS
10
4.0794986614173228
20
-2.746912834645669
11
4.0802519685039371
21
-2.7467629921259844
0
LINE
8
BLACK
6
CONTINUOUS
10
4.0802519685039371
20
-2.7467629921259844
11
4.111748031496063
21
-2.7467629921259844
0
LINE
8
BLACK
6
CONTINUOUS
10
4.111748031496063
20
-2.7467629921259844
11
4.1125013385826774
21
-2.746912834645669
0
LINE
8
BLACK
6
CONTINUOUS
10
4.0822204724409445
20
-2.7507000000000001
11
4.0822204724409445
21
-2.8097551181102363
0
LINE
8
BLACK
6
CONTINUOUS
10
4.0822204724409445
20
-2.8097551181102363
11
4.1097795275590547
21
-2.8097551181102363
0
LINE
8
BLACK
6
CONTINUOUS
10
4.1097795275590547
20
-2.8097551181102363
11
4.1097795275590547
21
-2.7507000000000001
0
LINE
8
BLACK
6
CONTINUOUS
10
4.1097795275590547
20
-2.7507000000000001
11
4.0822204724409445
21
-2.7507000000000001
0
LINE
8
BLACK
6
CONTINUOUS
10
3.5979327559055116
20
-2.7842448818897636
11
3.5979584251968504
21
-2.7842363385826769
0
LINE
8
BLACK
6
CONTINUOUS
10
3.5979584251968504
20
-2.7842363385826769
11
3.5981409448818895
21
-2.7842862992125985
0
LINE
8
BLACK
6
CONTINUOUS
10
3.5981409448818895
20
-2.7842862992125985
11
3.5983267322834647
21
-2.7843232677165353
0
LINE
8
BLACK
6
CONTINUOUS
10
3.5983267322834647
20
-2.7843232677165353
11
3.5983458661417322
21
-2.7843424015748033
0
LINE
8
BLACK
6
CONTINUOUS
10
3.5983458661417322
20
-2.7843424015748033
11
3.5984029527559054
21
-2.7843580314960628
0
LINE
8
BLACK
6
CONTINUOUS
10
3.5984029527559054
20
-2.7843580314960628
11
3.5999027559055117
21
-2.7851079527559053
0
LINE
8
BLACK
6
CONTINUOUS
10
3.5999027559055117
20
-2.7851079527559053
11
3.6000522047244092
21
-2.7852239763779525
0
LINE
8
BLACK
6
CONTINUOUS
10
3.6000522047244092
20
-2.7852239763779525
11
3.6002096850393701
21
-2.7853291732283463
0
LINE
8
BLACK
6
CONTINUOUS
10
3.6002096850393701
20
-2.7853291732283463
11
3.6009595669291339
21
-2.78607905511811
0
LINE
8
BLACK
6
CONTINUOUS
10
3.6009595669291339
20
-2.78607905511811
11
3.6012156299212599
21
-2.786462244094488
0
LINE
8
BLACK
6
CONTINUOUS
10
3.6012156299212599
20
-2.786462244094488
11
3.6012156692913386
21
-2.787366181102362
0
LINE
8
BLACK
6
CONTINUOUS
10
3.6012156692913386
20
-2.787366181102362
11
3.6005764173228347
21
-2.7880054330708659
0
LINE
8
BLACK
6
CONTINUOUS
10
3.6005764173228347
20
-2.7880054330708659
11
3.5996725196850394
21
-2.7880054724409447
0
LINE
8
BLACK
6
CONTINUOUS
10
3.5996725196850394
20
-2.7880054724409447
11
3.5992892913385828
21
-2.7877494488188974
0
LINE
8
BLACK
6
CONTINUOUS
10
3.5992892913385828
20
-2.7877494488188974
11
3.5986748425196851
21
-2.7871350393700789
0
LINE
8
BLACK
6
CONTINUOUS
10
3.5986748425196851
20
-2.7871350393700789
11
3.5975958661417322
21
-2.7865955511811022
0
LINE
8
BLACK
6
CONTINUOUS
10
3.5975958661417322
20
-2.7865955511811022
11
3.59440405511811
21
-2.7865955511811022
0
LINE
8
BLACK
6
CONTINUOUS
10
3.59440405511811
20
-2.7865955511811022
11
3.5933249606299213
21
-2.7871350787401572
0
LINE
8
BLACK
6
CONTINUOUS
10
3.5933249606299213
20
-2.7871350787401572
11
3.5928461417322834
21
-2.7876138976377951
0
LINE
8
BLACK
6
CONTINUOUS
10
3.5928461417322834
20
-2.7876138976377951
11
3.5923066929133856
21
-2.7886928740157479
0
LINE
8
BLACK
6
CONTINUOUS
10
3.5923066929133856
20
-2.7886928740157479
11
3.5923066929133856
21
-2.7897221653543305
0
LINE
8
BLACK
6
CONTINUOUS
10
3.5923066929133856
20
-2.7897221653543305
11
3.5929077952755906
21
-2.7915256299212596
0
LINE
8
BLACK
6
CONTINUOUS
10
3.5929077952755906
20
-2.7915256299212596
11
3.6017095275590552
21
-2.8003273228346455
0
LINE
8
BLACK
6
CONTINUOUS
10
3.6017095275590552
20
-2.8003273228346455
11
3.6019654330708661
21
-2.8007103543307088
0
LINE
8
BLACK
6
CONTINUOUS
10
3.6019654330708661
20
-2.8007103543307088
11
3.6019655511811024
21
-2.8007104724409446
0
LINE
8
BLACK
6
CONTINUOUS
10
3.6019655511811024
20
-2.8007104724409446
11
3.6019655511811024
21
-2.8007105118110234
0
LINE
8
BLACK
6
CONTINUOUS
10
3.6019655511811024
20
-2.8007105118110234
11
3.6019655905511812
21
-2.8016144488188974
0
LINE
8
BLACK
6
CONTINUOUS
10
3.6019655905511812
20
-2.8016144488188974
11
3.6019655511811024
21
-2.8016144488188974
0
LINE
8
BLACK
6
CONTINUOUS
10
3.6019655511811024
20
-2.8016144488188974
11
3.6019655511811024
21
-2.8016144881889762
0
LINE
8
BLACK
6
CONTINUOUS
10
3.6019655511811024
20
-2.8016144881889762
11
3.601326377952756
21
-2.8022536614173226
0
LINE
8
BLACK
6
CONTINUOUS
10
3.601326377952756
20
-2.8022536614173226
11
3.6008743700787402
21
-2.8023435826771652
0
LINE
8
BLACK
6
CONTINUOUS
10
3.6008743700787402
20
-2.8023435826771652
11
3.5911255905511812
21
-2.8023435826771652
0
LINE
8
BLACK
6
CONTINUOUS
10
3.5911255905511812
20
-2.8023435826771652
11
3.5906735826771654
21
-2.8022536614173226
0
LINE
8
BLACK
6
CONTINUOUS
10
3.5906735826771654
20
-2.8022536614173226
11
3.590034409448819
21
-2.8016144881889762
0
LINE
8
BLACK
6
CONTINUOUS
10
3.590034409448819
20
-2.8016144881889762
11
3.590034409448819
21
-2.8007104724409446
0
LINE
8
BLACK
6
CONTINUOUS
10
3.590034409448819
20
-2.8007104724409446
11
3.5906735826771654
21
-2.8000712992125982
0
LINE
8
BLACK
6
CONTINUOUS
10
3.5906735826771654
20
-2.8000712992125982
11
3.5911255905511812
21
-2.799981377952756
0
LINE
8
BLACK
6
CONTINUOUS
10
3.5911255905511812
20
-2.799981377952756
11
3.5980229527559056
21
-2.799981377952756
0
LINE
8
BLACK
6
CONTINUOUS
10
3.5980229527559056
20
-2.799981377952756
11
3.59104031496063
21
-2.7929987795275588
0
LINE
8
BLACK
6
CONTINUOUS
10
3.59104031496063
20
-2.7929987795275588
11
3.5910074409448818
21
-2.792949566929134
0
LINE
8
BLACK
6
CONTINUOUS
10
3.5910074409448818
20
-2.792949566929134
11
3.5909832283464564
21
-2.7929374803149605
0
LINE
8
BLACK
6
CONTINUOUS
10
3.5909832283464564
20
-2.7929374803149605
11
3.5908893307086611
21
-2.7927728346456693
0
LINE
8
BLACK
6
CONTINUOUS
10
3.5908893307086611
20
-2.7927728346456693
11
3.5907842913385828
21
-2.7926155905511809
0
LINE
8
BLACK
6
CONTINUOUS
10
3.5907842913385828
20
-2.7926155905511809
11
3.5907842913385828
21
-2.7925885433070867
0
LINE
8
BLACK
6
CONTINUOUS
10
3.5907842913385828
20
-2.7925885433070867
11
3.5907549606299214
21
-2.7925371259842517
0
LINE
8
BLACK
6
CONTINUOUS
10
3.5907549606299214
20
-2.7925371259842517
11
3.5900050787401576
21
-2.7902874015748029
0
LINE
8
BLACK
6
CONTINUOUS
10
3.5900050787401576
20
-2.7902874015748029
11
3.5899813779527556
21
-2.7900994881889765
0
LINE
8
BLACK
6
CONTINUOUS
10
3.5899813779527556
20
-2.7900994881889765
11
3.5899444881889764
21
-2.7899138976377951
0
LINE
8
BLACK
6
CONTINUOUS
10
3.5899444881889764
20
-2.7899138976377951
11
3.5899444881889764
21
-2.7884140944881888
0
LINE
8
BLACK
6
CONTINUOUS
10
3.5899444881889764
20
-2.7884140944881888
11
3.5899560236220474
21
-2.788356062992126
0
LINE
8
BLACK
6
CONTINUOUS
10
3.5899560236220474
20
-2.788356062992126
11
3.5899474803149607
21
-2.788330433070866
0
LINE
8
BLACK
6
CONTINUOUS
10
3.5899474803149607
20
-2.788330433070866
11
3.5899974015748031
21
-2.7881479527559057
0
LINE
8
BLACK
6
CONTINUOUS
10
3.5899974015748031
20
-2.7881479527559057
11
3.590034409448819
21
-2.787962086614173
0
LINE
8
BLACK
6
CONTINUOUS
10
3.590034409448819
20
-2.787962086614173
11
3.5900535433070866
21
-2.7879429133858267
0
LINE
8
BLACK
6
CONTINUOUS
10
3.5900535433070866
20
-2.7879429133858267
11
3.5900691732283465
21
-2.787885905511811
0
LINE
8
BLACK
6
CONTINUOUS
10
3.5900691732283465
20
-2.787885905511811
11
3.5908190551181103
21
-2.786386062992126
0
LINE
8
BLACK
6
CONTINUOUS
10
3.5908190551181103
20
-2.786386062992126
11
3.590935
21
-2.7862366535433072
0
LINE
8
BLACK
6
CONTINUOUS
10
3.590935
20
-2.7862366535433072
11
3.59104031496063
21
-2.78607905511811
0
LINE
8
BLACK
6
CONTINUOUS
10
3.59104031496063
20
-2.78607905511811
11
3.5917902362204726
21
-2.7853291732283463
0
LINE
8
BLACK
6
CONTINUOUS
10
3.5917902362204726
20
-2.7853291732283463
11
3.5919476771653542
21
-2.7852239763779525
0
LINE
8
BLACK
6
CONTINUOUS
10
3.5919476771653542
20
-2.7852239763779525
11
3.5920971653543305
21
-2.7851079527559053
0
LINE
8
BLACK
6
CONTINUOUS
10
3.5920971653543305
20
-2.7851079527559053
11
3.5935970078740156
21
-2.7843580314960628
0
LINE
8
BLACK
6
CONTINUOUS
10
3.5935970078740156
20
-2.7843580314960628
11
3.5936540157480312
21
-2.7843424015748033
0
LINE
8
BLACK
6
CONTINUOUS
10
3.5936540157480312
20
-2.7843424015748033
11
3.593673188976378
21
-2.7843232677165353
0
LINE
8
BLACK
6
CONTINUOUS
10
3.593673188976378
20
-2.7843232677165353
11
3.5938586614173227
21
-2.7842863385826773
0
LINE
8
BLACK
6
CONTINUOUS
10
3.5938586614173227
20
-2.7842863385826773
11
3.5940414960629918
21
-2.7842362992125982
0
LINE
8
BLACK
6
CONTINUOUS
10
3.5940414960629918
20
-2.7842362992125982
11
3.5940672047244093
21
-2.7842448425196848
0
LINE
8
BLACK
6
CONTINUOUS
10
3.5940672047244093
20
-2.7842448425196848
11
3.5941251968503938
21
-2.7842333464566931
0
LINE
8
BLACK
6
CONTINUOUS
10
3.5941251968503938
20
-2.7842333464566931
11
3.5978747244094489
21
-2.7842333464566931
0
LINE
8
BLACK
6
CONTINUOUS
10
3.5978747244094489
20
-2.7842333464566931
11
3.5979327559055116
21
-2.7842448818897636
0
LINE
8
BLACK
6
CONTINUOUS
10
3.6108090157480315
20
-2.7842703149606298
11
3.6109966535433071
21
-2.7842939763779526
0
LINE
8
BLACK
6
CONTINUOUS
10
3.6109966535433071
20
-2.7842939763779526
11
3.6132463779527559
21
-2.7850438976377951
0
LINE
8
BLACK
6
CONTINUOUS
10
3.6132463779527559
20
-2.7850438976377951
11
3.6132977559055117
21
-2.7850731889763778
0
LINE
8
BLACK
6
CONTINUOUS
10
3.6132977559055117
20
-2.7850731889763778
11
3.6133248425196851
21
-2.7850731889763778
0
LINE
8
BLACK
6
CONTINUOUS
10
3.6133248425196851
20
-2.7850731889763778
11
3.613482244094488
21
-2.7851783464566928
0
LINE
8
BLACK
6
CONTINUOUS
10
3.613482244094488
20
-2.7851783464566928
11
3.6136467322834647
21
-2.7852721259842519
0
LINE
8
BLACK
6
CONTINUOUS
10
3.6136467322834647
20
-2.7852721259842519
11
3.6136588188976377
21
-2.7852963385826772
0
LINE
8
BLACK
6
CONTINUOUS
10
3.6136588188976377
20
-2.7852963385826772
11
3.613708031496063
21
-2.785329212598425
0
LINE
8
BLACK
6
CONTINUOUS
10
3.613708031496063
20
-2.785329212598425
11
3.6152078346456693
21
-2.7868289763779526
0
LINE
8
BLACK
6
CONTINUOUS
10
3.6152078346456693
20
-2.7868289763779526
11
3.6153129527559056
21
-2.7869863385826772
0
LINE
8
BLACK
6
CONTINUOUS
10
3.6153129527559056
20
-2.7869863385826772
11
3.6154290944881891
21
-2.7871359842519685
0
LINE
8
BLACK
6
CONTINUOUS
10
3.6154290944881891
20
-2.7871359842519685
11
3.6161789763779528
21
-2.7886357874015748
0
LINE
8
BLACK
6
CONTINUOUS
10
3.6161789763779528
20
-2.7886357874015748
11
3.6162131102362203
21
-2.7887605511811024
0
LINE
8
BLACK
6
CONTINUOUS
10
3.6162131102362203
20
-2.7887605511811024
11
3.6162683858267717
21
-2.7888775196850393
0
LINE
8
BLACK
6
CONTINUOUS
10
3.6162683858267717
20
-2.7888775196850393
11
3.6170183070866142
21
-2.7918771653543306
0
LINE
8
BLACK
6
CONTINUOUS
10
3.6170183070866142
20
-2.7918771653543306
11
3.61702531496063
21
-2.7920216141732284
0
LINE
8
BLACK
6
CONTINUOUS
10
3.61702531496063
20
-2.7920216141732284
11
3.6170535826771655
21
-2.7921636220472439
0
LINE
8
BLACK
6
CONTINUOUS
10
3.6170535826771655
20
-2.7921636220472439
11
3.6170535826771655
21
-2.7944133464566927
0
LINE
8
BLACK
6
CONTINUOUS
10
3.6170535826771655
20
-2.7944133464566927
11
3.61702531496063
21
-2.7945553149606299
0
LINE
8
BLACK
6
CONTINUOUS
10
3.61702531496063
20
-2.7945553149606299
11
3.6170183070866142
21
-2.7946998031496064
0
LINE
8
BLACK
6
CONTINUOUS
10
3.6170183070866142
20
-2.7946998031496064
11
3.6162683858267717
21
-2.797699409448819
0
LINE
8
BLACK
6
CONTINUOUS
10
3.6162683858267717
20
-2.797699409448819
11
3.6162131102362203
21
-2.7978163385826771
0
LINE
8
BLACK
6
CONTINUOUS
10
3.6162131102362203
20
-2.7978163385826771
11
3.6161789763779528
21
-2.7979411417322835
0
LINE
8
BLACK
6
CONTINUOUS
10
3.6161789763779528
20
-2.7979411417322835
11
3.6154290944881891
21
-2.7994409448818898
0
LINE
8
BLACK
6
CONTINUOUS
10
3.6154290944881891
20
-2.7994409448818898
11
3.6153128346456693
21
-2.7995906692913386
0
LINE
8
BLACK
6
CONTINUOUS
10
3.6153128346456693
20
-2.7995906692913386
11
3.6152078346456693
21
-2.7997479133858265
0
LINE
8
BLACK
6
CONTINUOUS
10
3.6152078346456693
20
-2.7997479133858265
11
3.613708031496063
21
-2.8012477559055116
0
LINE
8
BLACK
6
CONTINUOUS
10
3.613708031496063
20
-2.8012477559055116
11
3.6136588188976377
21
-2.8012805905511811
0
LINE
8
BLACK
6
CONTINUOUS
10
3.6136588188976377
20
-2.8012805905511811
11
3.6136467322834647
21
-2.8013048425196851
0
LINE
8
BLACK
6
CONTINUOUS
10
3.6136467322834647
20
-2.8013048425196851
11
3.613482086614173
21
-2.8013987007874017
0
LINE
8
BLACK
6
CONTINUOUS
10
3.613482086614173
20
-2.8013987007874017
11
3.6133248425196851
21
-2.8015037795275588
0
LINE
8
BLACK
6
CONTINUOUS
10
3.6133248425196851
20
-2.8015037795275588
11
3.6132977952755905
21
-2.8015037795275588
0
LINE
8
BLACK
6
CONTINUOUS
10
3.6132977952755905
20
-2.8015037795275588
11
3.6132463779527559
21
-2.8015331102362202
0
LINE
8
BLACK
6
CONTINUOUS
10
3.6132463779527559
20
-2.8015331102362202
11
3.6109966535433071
21
-2.802282992125984
0
LINE
8
BLACK
6
CONTINUOUS
10
3.6109966535433071
20
-2.802282992125984
11
3.6108087401574802
21
-2.8023066535433072
0
LINE
8
BLACK
6
CONTINUOUS
10
3.6108087401574802
20
-2.8023066535433072
11
3.6106231496062993
21
-2.8023435826771652
0
LINE
8
BLACK
6
CONTINUOUS
10
3.6106231496062993
20
-2.8023435826771652
11
3.6091233070866142
21
-2.8023435826771652
0
LINE
8
BLACK
6
CONTINUOUS
10
3.6091233070866142
20
-2.8023435826771652
11
3.6089376771653541
21
-2.8023066535433072
0
LINE
8
BLACK
6
CONTINUOUS
10
3.6089376771653541
20
-2.8023066535433072
11
3.6087498031496064
21
-2.802282992125984
0
LINE
8
BLACK
6
CONTINUOUS
10
3.6087498031496064
20
-2.802282992125984
11
3.6065001181102363
21
-2.8015331102362202
0
LINE
8
BLACK
6
CONTINUOUS
10
3.6065001181102363
20
-2.8015331102362202
11
3.6064487401574801
21
-2.8015038188976376
0
LINE
8
BLACK
6
CONTINUOUS
10
3.6064487401574801
20
-2.8015038188976376
11
3.6064216535433071
21
-2.8015038188976376
0
LINE
8
BLACK
6
CONTINUOUS
10
3.6064216535433071
20
-2.8015038188976376
11
3.6062641338582675
21
-2.8013985433070867
0
LINE
8
BLACK
6
CONTINUOUS
10
3.6062641338582675
20
-2.8013985433070867
11
3.6060997637795276
21
-2.8013048425196851
0
LINE
8
BLACK
6
CONTINUOUS
10
3.6060997637795276
20
-2.8013048425196851
11
3.6060876377952753
21
-2.8012805905511811
0
LINE
8
BLACK
6
CONTINUOUS
10
3.6060876377952753
20
-2.8012805905511811
11
3.6060384645669292
21
-2.8012477559055116
0
LINE
8
BLACK
6
CONTINUOUS
10
3.6060384645669292
20
-2.8012477559055116
11
3.6052885433070867
21
-2.800497834645669
0
LINE
8
BLACK
6
CONTINUOUS
10
3.6052885433070867
20
-2.800497834645669
11
3.6050325196850395
21
-2.8001146456692911
0
LINE
8
BLACK
6
CONTINUOUS
10
3.6050325196850395
20
-2.8001146456692911
11
3.6050325196850395
21
-2.7992107086614171
0
LINE
8
BLACK
6
CONTINUOUS
10
3.6050325196850395
20
-2.7992107086614171
11
3.6056717322834646
21
-2.7985714960629919
0
LINE
8
BLACK
6
CONTINUOUS
10
3.6056717322834646
20
-2.7985714960629919
11
3.6065756692913387
21
-2.7985714960629919
0
LINE
8
BLACK
6
CONTINUOUS
10
3.6065756692913387
20
-2.7985714960629919
11
3.6069588582677166
21
-2.7988275196850392
0
LINE
8
BLACK
6
CONTINUOUS
10
3.6069588582677166
20
-2.7988275196850392
11
3.6075115354330709
21
-2.7993801968503935
0
LINE
8
BLACK
6
CONTINUOUS
10
3.6075115354330709
20
-2.7993801968503935
11
3.6093150393700788
21
-2.799981377952756
0
LINE
8
BLACK
6
CONTINUOUS
10
3.6093150393700788
20
-2.799981377952756
11
3.6104314173228347
21
-2.799981377952756
0
LINE
8
BLACK
6
CONTINUOUS
10
3.6104314173228347
20
-2.799981377952756
11
3.6122348818897638
21
-2.7993802362204723
0
LINE
8
BLACK
6
CONTINUOUS
10
3.6122348818897638
20
-2.7993802362204723
11
3.6134019685039371
21
-2.7982130708661415
0
LINE
8
BLACK
6
CONTINUOUS
10
3.6134019685039371
20
-2.7982130708661415
11
3.6140081889763778
21
-2.7970006692913385
0
LINE
8
BLACK
6
CONTINUOUS
10
3.6140081889763778
20
-2.7970006692913385
11
3.6146913779527559
21
-2.7942679527559053
0
LINE
8
BLACK
6
CONTINUOUS
10
3.6146913779527559
20
-2.7942679527559053
11
3.6146913779527559
21
-2.7923089763779525
0
LINE
8
BLACK
6
CONTINUOUS
10
3.6146913779527559
20
-2.7923089763779525
11
3.614008149606299
21
-2.789576220472441
0
LINE
8
BLACK
6
CONTINUOUS
10
3.614008149606299
20
-2.789576220472441
11
3.6134019685039371
21
-2.7883638188976376
0
LINE
8
BLACK
6
CONTINUOUS
10
3.6134019685039371
20
-2.7883638188976376
11
3.6122348425196851
21
-2.7871966535433068
0
LINE
8
BLACK
6
CONTINUOUS
10
3.6122348425196851
20
-2.7871966535433068
11
3.6104315354330709
21
-2.7865955511811022
0
LINE
8
BLACK
6
CONTINUOUS
10
3.6104315354330709
20
-2.7865955511811022
11
3.6093149212598425
21
-2.7865955511811022
0
LINE
8
BLACK
6
CONTINUOUS
10
3.6093149212598425
20
-2.7865955511811022
11
3.6075116141732284
21
-2.7871966535433068
0
LINE
8
BLACK
6
CONTINUOUS
10
3.6075116141732284
20
-2.7871966535433068
11
3.6069588582677166
21
-2.7877494488188974
0
LINE
8
BLACK
6
CONTINUOUS
10
3.6069588582677166
20
-2.7877494488188974
11
3.6065756299212599
21
-2.7880054724409447
0
LINE
8
BLACK
6
CONTINUOUS
10
3.6065756299212599
20
-2.7880054724409447
11
3.6056716929133859
21
-2.7880054330708659
0
LINE
8
BLACK
6
CONTINUOUS
10
3.6056716929133859
20
-2.7880054330708659
11
3.6050324803149607
21
-2.787366181102362
0
LINE
8
BLACK
6
CONTINUOUS
10
3.6050324803149607
20
-2.787366181102362
11
3.6050325196850395
21
-2.786462244094488
0
LINE
8
BLACK
6
CONTINUOUS
10
3.6050325196850395
20
-2.786462244094488
11
3.6052885433070867
21
-2.78607905511811
0
LINE
8
BLACK
6
CONTINUOUS
10
3.6052885433070867
20
-2.78607905511811
11
3.6060384645669292
21
-2.7853291732283463
0
LINE
8
BLACK
6
CONTINUOUS
10
3.6060384645669292
20
-2.7853291732283463
11
3.6060875984251965
21
-2.7852962992125985
0
LINE
8
BLACK
6
CONTINUOUS
10
3.6060875984251965
20
-2.7852962992125985
11
3.6060997244094488
21
-2.7852721259842519
0
LINE
8
BLACK
6
CONTINUOUS
10
3.6060997244094488
20
-2.7852721259842519
11
3.6062640944881887
21
-2.7851783858267716
0
LINE
8
BLACK
6
CONTINUOUS
10
3.6062640944881887
20
-2.7851783858267716
11
3.6064216929133859
21
-2.785073149606299
0
LINE
8
BLACK
6
CONTINUOUS
10
3.6064216929133859
20
-2.785073149606299
11
3.6064487795275588
21
-2.785073149606299
0
LINE
8
BLACK
6
CONTINUOUS
10
3.6064487795275588
20
-2.785073149606299
11
3.6065001181102363
21
-2.7850438976377951
0
LINE
8
BLACK
6
CONTINUOUS
10
3.6065001181102363
20
-2.7850438976377951
11
3.6087498031496064
21
-2.7842939763779526
0
LINE
8
BLACK
6
CONTINUOUS
10
3.6087498031496064
20
-2.7842939763779526
11
3.6089374015748032
21
-2.7842703149606298
0
LINE
8
BLACK
6
CONTINUOUS
10
3.6089374015748032
20
-2.7842703149606298
11
3.6091233070866142
21
-2.7842333464566931
0
LINE
8
BLACK
6
CONTINUOUS
10
3.6091233070866142
20
-2.7842333464566931
11
3.6106231496062993
21
-2.7842333464566931
0
LINE
8
BLACK
6
CONTINUOUS
10
3.6106231496062993
20
-2.7842333464566931
11
3.6108090157480315
21
-2.7842703149606298
0
LINE
8
BLACK
6
CONTINUOUS
10
3.5822690551181102
20
-2.7838907086614171
11
3.582497283464567
21
-2.7842910629921258
0
LINE
8
BLACK
6
CONTINUOUS
10
3.582497283464567
20
-2.7842910629921258
11
3.5862468110236221
21
-2.7955396456692911
0
LINE
8
BLACK
6
CONTINUOUS
10
3.5862468110236221
20
-2.7955396456692911
11
3.5863044488188978
21
-2.7959968897637792
0
LINE
8
BLACK
6
CONTINUOUS
10
3.5863044488188978
20
-2.7959968897637792
11
3.5862175196850394
21
-2.7961707480314959
0
LINE
8
BLACK
6
CONTINUOUS
10
3.5862175196850394
20
-2.7961707480314959
11
3.5862175196850394
21
-2.7963651574803148
0
LINE
8
BLACK
6
CONTINUOUS
10
3.5862175196850394
20
-2.7963651574803148
11
3.5860231102362206
21
-2.7965595669291337
0
LINE
8
BLACK
6
CONTINUOUS
10
3.5860231102362206
20
-2.7965595669291337
11
3.5859001968503934
21
-2.7968053937007875
0
LINE
8
BLACK
6
CONTINUOUS
10
3.5859001968503934
20
-2.7968053937007875
11
3.5857158267716533
21
-2.7968668503937009
0
LINE
8
BLACK
6
CONTINUOUS
10
3.5857158267716533
20
-2.7968668503937009
11
3.585578346456693
21
-2.7970043307086612
0
LINE
8
BLACK
6
CONTINUOUS
10
3.585578346456693
20
-2.7970043307086612
11
3.5851263385826773
21
-2.7970942519685038
0
LINE
8
BLACK
6
CONTINUOUS
10
3.5851263385826773
20
-2.7970942519685038
11
3.5788083858267714
21
-2.7970942519685038
0
LINE
8
BLACK
6
CONTINUOUS
10
3.5788083858267714
20
-2.7970942519685038
11
3.5788083858267714
21
-2.8011624803149604
0
LINE
8
BLACK
6
CONTINUOUS
10
3.5788083858267714
20
-2.8011624803149604
11
3.5787184645669292
21
-2.8016144881889762
0
LINE
8
BLACK
6
CONTINUOUS
10
3.5787184645669292
20
-2.8016144881889762
11
3.5780792913385824
21
-2.8022536614173226
0
LINE
8
BLACK
6
CONTINUOUS
10
3.5780792913385824
20
-2.8022536614173226
11
3.5771752755905513
21
-2.8022536614173226
0
LINE
8
BLACK
6
CONTINUOUS
10
3.5771752755905513
20
-2.8022536614173226
11
3.5765361023622044
21
-2.8016144881889762
0
LINE
8
BLACK
6
CONTINUOUS
10
3.5765361023622044
20
-2.8016144881889762
11
3.5764461811023622
21
-2.8011624803149604
0
LINE
8
BLACK
6
CONTINUOUS
10
3.5764461811023622
20
-2.8011624803149604
11
3.5764461811023622
21
-2.7970942519685038
0
LINE
8
BLACK
6
CONTINUOUS
10
3.5764461811023622
20
-2.7970942519685038
11
3.5753775590551182
21
-2.7970942519685038
0
LINE
8
BLACK
6
CONTINUOUS
10
3.5753775590551182
20
-2.7970942519685038
11
3.5749255511811024
21
-2.7970043307086612
0
LINE
8
BLACK
6
CONTINUOUS
10
3.5749255511811024
20
-2.7970043307086612
11
3.5742863779527556
21
-2.7963651574803148
0
LINE
8
BLACK
6
CONTINUOUS
10
3.5742863779527556
20
-2.7963651574803148
11
3.5742863779527556
21
-2.7954611417322832
0
LINE
8
BLACK
6
CONTINUOUS
10
3.5742863779527556
20
-2.7954611417322832
11
3.5749255511811024
21
-2.7948219685039368
0
LINE
8
BLACK
6
CONTINUOUS
10
3.5749255511811024
20
-2.7948219685039368
11
3.5753775590551182
21
-2.7947320472440946
0
LINE
8
BLACK
6
CONTINUOUS
10
3.5753775590551182
20
-2.7947320472440946
11
3.5764461811023622
21
-2.7947320472440946
0
LINE
8
BLACK
6
CONTINUOUS
10
3.5764461811023622
20
-2.7947320472440946
11
3.5764461811023622
21
-2.7906637795275588
0
LINE
8
BLACK
6
CONTINUOUS
10
3.5764461811023622
20
-2.7906637795275588
11
3.5765361023622044
21
-2.7902117716535431
0
LINE
8
BLACK
6
CONTINUOUS
10
3.5765361023622044
20
-2.7902117716535431
11
3.5771752755905513
21
-2.7895725984251967
0
LINE
8
BLACK
6
CONTINUOUS
10
3.5771752755905513
20
-2.7895725984251967
11
3.5780792913385824
21
-2.7895725984251967
0
LINE
8
BLACK
6
CONTINUOUS
10
3.5780792913385824
20
-2.7895725984251967
11
3.5787184645669292
21
-2.7902117716535431
0
LINE
8
BLACK
6
CONTINUOUS
10
3.5787184645669292
20
-2.7902117716535431
11
3.5788083858267714
21
-2.7906637795275588
0
LINE
8
BLACK
6
CONTINUOUS
10
3.5788083858267714
20
-2.7906637795275588
11
3.5788083858267714
21
-2.7947320472440946
0
LINE
8
BLACK
6
CONTINUOUS
10
3.5788083858267714
20
-2.7947320472440946
11
3.5834876771653543
21
-2.7947320472440946
0
LINE
8
BLACK
6
CONTINUOUS
10
3.5834876771653543
20
-2.7947320472440946
11
3.5802563385826769
21
-2.7850380708661415
0
LINE
8
BLACK
6
CONTINUOUS
10
3.5802563385826769
20
-2.7850380708661415
11
3.5801987007874017
21
-2.7845808267716534
0
LINE
8
BLACK
6
CONTINUOUS
10
3.5801987007874017
20
-2.7845808267716534
11
3.5806029527559056
21
-2.7837723228346456
0
LINE
8
BLACK
6
CONTINUOUS
10
3.5806029527559056
20
-2.7837723228346456
11
3.5814605511811024
21
-2.7834864566929132
0
LINE
8
BLACK
6
CONTINUOUS
10
3.5814605511811024
20
-2.7834864566929132
11
3.5822690551181102
21
-2.7838907086614171
0
LINE
8
BLACK
6
CONTINUOUS
10
3.6282493700787399
20
-2.7764333070866143
11
3.6293147244094488
21
-2.7774986614173227
0
LINE
8
BLACK
6
CONTINUOUS
10
3.6293147244094488
20
-2.7774986614173227
11
3.6294645669291339
21
-2.7782519685039371
0
LINE
8
BLACK
6
CONTINUOUS
10
3.6294645669291339
20
-2.7782519685039371
11
3.6294645669291339
21
-2.809748031496063
0
LINE
8
BLACK
6
CONTINUOUS
10
3.6294645669291339
20
-2.809748031496063
11
3.6293147244094488
21
-2.8105013385826769
0
LINE
8
BLACK
6
CONTINUOUS
10
3.6293147244094488
20
-2.8105013385826769
11
3.6282493700787399
21
-2.8115666929133858
0
LINE
8
BLACK
6
CONTINUOUS
10
3.6282493700787399
20
-2.8115666929133858
11
3.627496062992126
21
-2.8117165354330709
0
LINE
8
BLACK
6
CONTINUOUS
10
3.627496062992126
20
-2.8117165354330709
11
3.5645039370078737
21
-2.8117165354330709
0
LINE
8
BLACK
6
CONTINUOUS
10
3.5645039370078737
20
-2.8117165354330709
11
3.5637506299212598
21
-2.8115666929133858
0
LINE
8
BLACK
6
CONTINUOUS
10
3.5637506299212598
20
-2.8115666929133858
11
3.5626852755905509
21
-2.8105013385826769
0
LINE
8
BLACK
6
CONTINUOUS
10
3.5626852755905509
20
-2.8105013385826769
11
3.5625354330708658
21
-2.809748031496063
0
LINE
8
BLACK
6
CONTINUOUS
10
3.5625354330708658
20
-2.809748031496063
11
3.5625354330708658
21
-2.7782519685039371
0
LINE
8
BLACK
6
CONTINUOUS
10
3.5625354330708658
20
-2.7782519685039371
11
3.5626852755905509
21
-2.7774986614173227
0
LINE
8
BLACK
6
CONTINUOUS
10
3.5626852755905509
20
-2.7774986614173227
11
3.5637506299212598
21
-2.7764333070866143
0
LINE
8
BLACK
6
CONTINUOUS
10
3.5637506299212598
20
-2.7764333070866143
11
3.5645039370078737
21
-2.7762834645669292
0
LINE
8
BLACK
6
CONTINUOUS
10
3.5645039370078737
20
-2.7762834645669292
11
3.627496062992126
21
-2.7762834645669292
0
LINE
8
BLACK
6
CONTINUOUS
10
3.627496062992126
20
-2.7762834645669292
11
3.6282493700787399
21
-2.7764333070866143
0
LINE
8
BLACK
6
CONTINUOUS
10
3.566472440944882
20
-2.7802204724409449
11
3.566472440944882
21
-2.8077795275590551
0
LINE
8
BLACK
6
CONTINUOUS
10
3.566472440944882
20
-2.8077795275590551
11
3.6255275590551181
21
-2.8077795275590551
0
LINE
8
BLACK
6
CONTINUOUS
10
3.6255275590551181
20
-2.8077795275590551
11
3.6255275590551181
21
-2.7802204724409449
0
LINE
8
BLACK
6
CONTINUOUS
10
3.6255275590551181
20
-2.7802204724409449
11
3.566472440944882
21
-2.7802204724409449
0
LINE
8
BLACK
6
CONTINUOUS
10
4.1723865354330707
20
-2.7068249606299211
11
4.1724451574803147
21
-2.7068191338582674
0
LINE
8
BLACK
6
CONTINUOUS
10
4.1724451574803147
20
-2.7068191338582674
11
4.1724734251968503
21
-2.7068422440944881
0
LINE
8
BLACK
6
CONTINUOUS
10
4.1724734251968503
20
-2.7068422440944881
11
4.1725559842519688
21
-2.7068587007874014
0
LINE
8
BLACK
6
CONTINUOUS
10
4.1725559842519688
20
-2.7068587007874014
11
4.1728370472440943
21
-2.7071397637795274
0
LINE
8
BLACK
6
CONTINUOUS
10
4.1728370472440943
20
-2.7071397637795274
11
4.1731447637795274
21
-2.7073915354330707
0
LINE
8
BLACK
6
CONTINUOUS
10
4.1731447637795274
20
-2.7073915354330707
11
4.1731692913385823
21
-2.7074720078740158
0
LINE
8
BLACK
6
CONTINUOUS
10
4.1731692913385823
20
-2.7074720078740158
11
4.1731951574803148
21
-2.7074978740157478
0
LINE
8
BLACK
6
CONTINUOUS
10
4.1731951574803148
20
-2.7074978740157478
11
4.1731951574803148
21
-2.7075567322834644
0
LINE
8
BLACK
6
CONTINUOUS
10
4.1731951574803148
20
-2.7075567322834644
11
4.173279212598425
21
-2.7078323622047242
0
LINE
8
BLACK
6
CONTINUOUS
10
4.173279212598425
20
-2.7078323622047242
11
4.1740291338582676
21
-2.7153314173228345
0
LINE
8
BLACK
6
CONTINUOUS
10
4.1740291338582676
20
-2.7153314173228345
11
4.1739846456692913
21
-2.715790118110236
0
LINE
8
BLACK
6
CONTINUOUS
10
4.1739846456692913
20
-2.715790118110236
11
4.1739450787401573
21
-2.7158384251968504
0
LINE
8
BLACK
6
CONTINUOUS
10
4.1739450787401573
20
-2.7158384251968504
11
4.1739451181102361
21
-2.7159008661417321
0
LINE
8
BLACK
6
CONTINUOUS
10
4.1739451181102361
20
-2.7159008661417321
11
4.1736641338582672
21
-2.7161818110236218
0
LINE
8
BLACK
6
CONTINUOUS
10
4.1736641338582672
20
-2.7161818110236218
11
4.1734122440944885
21
-2.7164897244094486
0
LINE
8
BLACK
6
CONTINUOUS
10
4.1734122440944885
20
-2.7164897244094486
11
4.1733500000000001
21
-2.7164959448818897
0
LINE
8
BLACK
6
CONTINUOUS
10
4.1733500000000001
20
-2.7164959448818897
11
4.1733058661417326
21
-2.716540118110236
0
LINE
8
BLACK
6
CONTINUOUS
10
4.1733058661417326
20
-2.716540118110236
11
4.1729081496062994
21
-2.716540118110236
0
LINE
8
BLACK
6
CONTINUOUS
10
4.1729081496062994
20
-2.716540118110236
11
4.172512716535433
21
-2.71657968503937
0
LINE
8
BLACK
6
CONTINUOUS
10
4.172512716535433
20
-2.71657968503937
11
4.1724643700787398
21
-2.716540118110236
0
LINE
8
BLACK
6
CONTINUOUS
10
4.1724643700787398
20
-2.716540118110236
11
4.1724019685039373
21
-2.7165401574803147
0
LINE
8
BLACK
6
CONTINUOUS
10
4.1724019685039373
20
-2.7165401574803147
11
4.1720187401574806
21
-2.7162841338582675
0
LINE
8
BLACK
6
CONTINUOUS
10
4.1720187401574806
20
-2.7162841338582675
11
4.1714042913385825
21
-2.7156697244094485
0
LINE
8
BLACK
6
CONTINUOUS
10
4.1714042913385825
20
-2.7156697244094485
11
4.1703253149606301
21
-2.7151302362204723
0
LINE
8
BLACK
6
CONTINUOUS
10
4.1703253149606301
20
-2.7151302362204723
11
4.1671335039370074
21
-2.7151302362204723
0
LINE
8
BLACK
6
CONTINUOUS
10
4.1671335039370074
20
-2.7151302362204723
11
4.1660544094488188
21
-2.7156697637795273
0
LINE
8
BLACK
6
CONTINUOUS
10
4.1660544094488188
20
-2.7156697637795273
11
4.1655755905511809
21
-2.7161485826771652
0
LINE
8
BLACK
6
CONTINUOUS
10
4.1655755905511809
20
-2.7161485826771652
11
4.1650361417322834
21
-2.717227559055118
0
LINE
8
BLACK
6
CONTINUOUS
10
4.1650361417322834
20
-2.717227559055118
11
4.1650361417322834
21
-2.7204194881889765
0
LINE
8
BLACK
6
CONTINUOUS
10
4.1650361417322834
20
-2.7204194881889765
11
4.1655756299212596
21
-2.7214985039370077
0
LINE
8
BLACK
6
CONTINUOUS
10
4.1655756299212596
20
-2.7214985039370077
11
4.1660544094488188
21
-2.7219772834645668
0
LINE
8
BLACK
6
CONTINUOUS
10
4.1660544094488188
20
-2.7219772834645668
11
4.1671334645669287
21
-2.7225168110236222
0
LINE
8
BLACK
6
CONTINUOUS
10
4.1671334645669287
20
-2.7225168110236222
11
4.1703253543307088
21
-2.7225168110236222
0
LINE
8
BLACK
6
CONTINUOUS
10
4.1703253543307088
20
-2.7225168110236222
11
4.17140437007874
21
-2.7219772834645668
0
LINE
8
BLACK
6
CONTINUOUS
10
4.17140437007874
20
-2.7219772834645668
11
4.1720187401574806
21
-2.7213629527559053
0
LINE
8
BLACK
6
CONTINUOUS
10
4.1720187401574806
20
-2.7213629527559053
11
4.1724019291338585
21
-2.7211068897637793
0
LINE
8
BLACK
6
CONTINUOUS
10
4.1724019291338585
20
-2.7211068897637793
11
4.1733058661417326
21
-2.7211068897637793
0
LINE
8
BLACK
6
CONTINUOUS
10
4.1733058661417326
20
-2.7211068897637793
11
4.1739451181102361
21
-2.7217461417322832
0
LINE
8
BLACK
6
CONTINUOUS
10
4.1739451181102361
20
-2.7217461417322832
11
4.1739451181102361
21
-2.7226500787401573
0
LINE
8
BLACK
6
CONTINUOUS
10
4.1739451181102361
20
-2.7226500787401573
11
4.1736890551181105
21
-2.7230332677165352
0
LINE
8
BLACK
6
CONTINUOUS
10
4.1736890551181105
20
-2.7230332677165352
11
4.172939133858268
21
-2.7237831889763777
0
LINE
8
BLACK
6
CONTINUOUS
10
4.172939133858268
20
-2.7237831889763777
11
4.1727817716535434
21
-2.7238882677165352
0
LINE
8
BLACK
6
CONTINUOUS
10
4.1727817716535434
20
-2.7238882677165352
11
4.1726321653543303
21
-2.7240044488188975
0
LINE
8
BLACK
6
CONTINUOUS
10
4.1726321653543303
20
-2.7240044488188975
11
4.1711323622047241
21
-2.7247543307086612
0
LINE
8
BLACK
6
CONTINUOUS
10
4.1711323622047241
20
-2.7247543307086612
11
4.1710753149606301
21
-2.7247699212598424
0
LINE
8
BLACK
6
CONTINUOUS
10
4.1710753149606301
20
-2.7247699212598424
11
4.1710561811023625
21
-2.7247890944881887
0
LINE
8
BLACK
6
CONTINUOUS
10
4.1710561811023625
20
-2.7247890944881887
11
4.1708703543307086
21
-2.7248260236220472
0
LINE
8
BLACK
6
CONTINUOUS
10
4.1708703543307086
20
-2.7248260236220472
11
4.1706878740157478
21
-2.7248760236220471
0
LINE
8
BLACK
6
CONTINUOUS
10
4.1706878740157478
20
-2.7248760236220471
11
4.1706622047244091
21
-2.7248674409448816
0
LINE
8
BLACK
6
CONTINUOUS
10
4.1706622047244091
20
-2.7248674409448816
11
4.1706041732283463
21
-2.7248790157480314
0
LINE
8
BLACK
6
CONTINUOUS
10
4.1706041732283463
20
-2.7248790157480314
11
4.1668546456692912
21
-2.7248790157480314
0
LINE
8
BLACK
6
CONTINUOUS
10
4.1668546456692912
20
-2.7248790157480314
11
4.1667965748031497
21
-2.7248674409448816
0
LINE
8
BLACK
6
CONTINUOUS
10
4.1667965748031497
20
-2.7248674409448816
11
4.1667709448818897
21
-2.7248760236220471
0
LINE
8
BLACK
6
CONTINUOUS
10
4.1667709448818897
20
-2.7248760236220471
11
4.1665884251968501
21
-2.7248260236220472
0
LINE
8
BLACK
6
CONTINUOUS
10
4.1665884251968501
20
-2.7248260236220472
11
4.1664026377952759
21
-2.7247890944881887
0
LINE
8
BLACK
6
CONTINUOUS
10
4.1664026377952759
20
-2.7247890944881887
11
4.1663834645669287
21
-2.7247699212598424
0
LINE
8
BLACK
6
CONTINUOUS
10
4.1663834645669287
20
-2.7247699212598424
11
4.1663264566929135
21
-2.7247543307086612
0
LINE
8
BLACK
6
CONTINUOUS
10
4.1663264566929135
20
-2.7247543307086612
11
4.1648266535433072
21
-2.7240044488188975
0
LINE
8
BLACK
6
CONTINUOUS
10
4.1648266535433072
20
-2.7240044488188975
11
4.1646770078740154
21
-2.723888307086614
0
LINE
8
BLACK
6
CONTINUOUS
10
4.1646770078740154
20
-2.723888307086614
11
4.1645196850393704
21
-2.7237831889763777
0
LINE
8
BLACK
6
CONTINUOUS
10
4.1645196850393704
20
-2.7237831889763777
11
4.1637697637795279
21
-2.7230332677165352
0
LINE
8
BLACK
6
CONTINUOUS
10
4.1637697637795279
20
-2.7230332677165352
11
4.1636646456692912
21
-2.722875905511811
0
LINE
8
BLACK
6
CONTINUOUS
10
4.1636646456692912
20
-2.722875905511811
11
4.1635485039370081
21
-2.7227262992125985
0
LINE
8
BLACK
6
CONTINUOUS
10
4.1635485039370081
20
-2.7227262992125985
11
4.1627986220472444
21
-2.7212264960629922
0
LINE
8
BLACK
6
CONTINUOUS
10
4.1627986220472444
20
-2.7212264960629922
11
4.162782992125984
21
-2.7211694488188978
0
LINE
8
BLACK
6
CONTINUOUS
10
4.162782992125984
20
-2.7211694488188978
11
4.1627638582677164
21
-2.7211503149606298
0
LINE
8
BLACK
6
CONTINUOUS
10
4.1627638582677164
20
-2.7211503149606298
11
4.1627268897637792
21
-2.7209644881889763
0
LINE
8
BLACK
6
CONTINUOUS
10
4.1627268897637792
20
-2.7209644881889763
11
4.1626769291338581
21
-2.7207820078740155
0
LINE
8
BLACK
6
CONTINUOUS
10
4.1626769291338581
20
-2.7207820078740155
11
4.1626854724409448
21
-2.7207563385826772
0
LINE
8
BLACK
6
CONTINUOUS
10
4.1626854724409448
20
-2.7207563385826772
11
4.1626739370078738
21
-2.720698307086614
0
LINE
8
BLACK
6
CONTINUOUS
10
4.1626739370078738
20
-2.720698307086614
11
4.1626739370078738
21
-2.7169487795275589
0
LINE
8
BLACK
6
CONTINUOUS
10
4.1626739370078738
20
-2.7169487795275589
11
4.1626854724409448
21
-2.7168907480314961
0
LINE
8
BLACK
6
CONTINUOUS
10
4.1626854724409448
20
-2.7168907480314961
11
4.1626769291338581
21
-2.7168651181102361
0
LINE
8
BLACK
6
CONTINUOUS
10
4.1626769291338581
20
-2.7168651181102361
11
4.1627268503937005
21
-2.7166826377952757
0
LINE
8
BLACK
6
CONTINUOUS
10
4.1627268503937005
20
-2.7166826377952757
11
4.1627638582677164
21
-2.7164967716535431
0
LINE
8
BLACK
6
CONTINUOUS
10
4.1627638582677164
20
-2.7164967716535431
11
4.162782992125984
21
-2.7164775984251968
0
LINE
8
BLACK
6
CONTINUOUS
10
4.162782992125984
20
-2.7164775984251968
11
4.1627986220472444
21
-2.7164205905511811
0
LINE
8
BLACK
6
CONTINUOUS
10
4.1627986220472444
20
-2.7164205905511811
11
4.1635485039370081
21
-2.7149207480314961
0
LINE
8
BLACK
6
CONTINUOUS
10
4.1635485039370081
20
-2.7149207480314961
11
4.1636644488188974
21
-2.7147713385826773
0
LINE
8
BLACK
6
CONTINUOUS
10
4.1636644488188974
20
-2.7147713385826773
11
4.1637697637795279
21
-2.7146137401574801
0
LINE
8
BLACK
6
CONTINUOUS
10
4.1637697637795279
20
-2.7146137401574801
11
4.1645196850393704
21
-2.7138638582677164
0
LINE
8
BLACK
6
CONTINUOUS
10
4.1645196850393704
20
-2.7138638582677164
11
4.1646771259842517
21
-2.7137586614173226
0
LINE
8
BLACK
6
CONTINUOUS
10
4.1646771259842517
20
-2.7137586614173226
11
4.1648266141732284
21
-2.7136426377952754
0
LINE
8
BLACK
6
CONTINUOUS
10
4.1648266141732284
20
-2.7136426377952754
11
4.1663264566929135
21
-2.7128927165354328
0
LINE
8
BLACK
6
CONTINUOUS
10
4.1663264566929135
20
-2.7128927165354328
11
4.1663834645669287
21
-2.7128770866141734
0
LINE
8
BLACK
6
CONTINUOUS
10
4.1663834645669287
20
-2.7128770866141734
11
4.1664026377952759
21
-2.7128579527559054
0
LINE
8
BLACK
6
CONTINUOUS
10
4.1664026377952759
20
-2.7128579527559054
11
4.1665881102362201
21
-2.7128210236220474
0
LINE
8
BLACK
6
CONTINUOUS
10
4.1665881102362201
20
-2.7128210236220474
11
4.1667709448818897
21
-2.7127709842519683
0
LINE
8
BLACK
6
CONTINUOUS
10
4.1667709448818897
20
-2.7127709842519683
11
4.1667966535433072
21
-2.7127795275590549
0
LINE
8
BLACK
6
CONTINUOUS
10
4.1667966535433072
20
-2.7127795275590549
11
4.1668546456692912
21
-2.7127680314960627
0
LINE
8
BLACK
6
CONTINUOUS
10
4.1668546456692912
20
-2.7127680314960627
11
4.1706041732283463
21
-2.7127680314960627
0
LINE
8
BLACK
6
CONTINUOUS
10
4.1706041732283463
20
-2.7127680314960627
11
4.1706622047244091
21
-2.7127795669291337
0
LINE
8
BLACK
6
CONTINUOUS
10
4.1706622047244091
20
-2.7127795669291337
11
4.1706878740157478
21
-2.712771023622047
0
LINE
8
BLACK
6
CONTINUOUS
10
4.1706878740157478
20
-2.712771023622047
11
4.1708703937007874
21
-2.7128209842519686
0
LINE
8
BLACK
6
CONTINUOUS
10
4.1708703937007874
20
-2.7128209842519686
11
4.1710561811023625
21
-2.7128579527559054
0
LINE
8
BLACK
6
CONTINUOUS
10
4.1710561811023625
20
-2.7128579527559054
11
4.1710753149606301
21
-2.7128770866141734
0
LINE
8
BLACK
6
CONTINUOUS
10
4.1710753149606301
20
-2.7128770866141734
11
4.1711324015748028
21
-2.7128927165354328
0
LINE
8
BLACK
6
CONTINUOUS
10
4.1711324015748028
20
-2.7128927165354328
11
4.1714259448818893
21
-2.7130394881889761
0
LINE
8
BLACK
6
CONTINUOUS
10
4.1714259448818893
20
-2.7130394881889761
11
4.1710351181102361
21
-2.7091309842519684
0
LINE
8
BLACK
6
CONTINUOUS
10
4.1710351181102361
20
-2.7091309842519684
11
4.1646049212598424
21
-2.7091309842519684
0
LINE
8
BLACK
6
CONTINUOUS
10
4.1646049212598424
20
-2.7091309842519684
11
4.164152913385827
21
-2.7090410629921258
0
LINE
8
BLACK
6
CONTINUOUS
10
4.164152913385827
20
-2.7090410629921258
11
4.1635137401574802
21
-2.7084018897637794
0
LINE
8
BLACK
6
CONTINUOUS
10
4.1635137401574802
20
-2.7084018897637794
11
4.1635137401574802
21
-2.7074978740157478
0
LINE
8
BLACK
6
CONTINUOUS
10
4.1635137401574802
20
-2.7074978740157478
11
4.164152913385827
21
-2.7068587007874014
0
LINE
8
BLACK
6
CONTINUOUS
10
4.164152913385827
20
-2.7068587007874014
11
4.1646049212598424
21
-2.7067687795275588
0
LINE
8
BLACK
6
CONTINUOUS
10
4.1646049212598424
20
-2.7067687795275588
11
4.1721039763779526
21
-2.7067687795275588
0
LINE
8
BLACK
6
CONTINUOUS
10
4.1721039763779526
20
-2.7067687795275588
11
4.1723865354330707
21
-2.7068249606299211
0
LINE
8
BLACK
6
CONTINUOUS
10
4.1856603149606295
20
-2.7067803149606298
11
4.1856859842519683
21
-2.7067717716535431
0
LINE
8
BLACK
6
CONTINUOUS
10
4.1856859842519683
20
-2.7067717716535431
11
4.1858685039370078
21
-2.7068217322834647
0
LINE
8
BLACK
6
CONTINUOUS
10
4.1858685039370078
20
-2.7068217322834647
11
4.186054291338583
21
-2.7068587007874014
0
LINE
8
BLACK
6
CONTINUOUS
10
4.186054291338583
20
-2.7068587007874014
11
4.1860734251968506
21
-2.7068778346456694
0
LINE
8
BLACK
6
CONTINUOUS
10
4.1860734251968506
20
-2.7068778346456694
11
4.1861305118110232
21
-2.7068934645669289
0
LINE
8
BLACK
6
CONTINUOUS
10
4.1861305118110232
20
-2.7068934645669289
11
4.1876303149606295
21
-2.7076433858267714
0
LINE
8
BLACK
6
CONTINUOUS
10
4.1876303149606295
20
-2.7076433858267714
11
4.1877797637795275
21
-2.7077594094488187
0
LINE
8
BLACK
6
CONTINUOUS
10
4.1877797637795275
20
-2.7077594094488187
11
4.1879372440944884
21
-2.7078646062992124
0
LINE
8
BLACK
6
CONTINUOUS
10
4.1879372440944884
20
-2.7078646062992124
11
4.1886871259842522
21
-2.7086144881889762
0
LINE
8
BLACK
6
CONTINUOUS
10
4.1886871259842522
20
-2.7086144881889762
11
4.1889431889763777
21
-2.7089976771653541
0
LINE
8
BLACK
6
CONTINUOUS
10
4.1889431889763777
20
-2.7089976771653541
11
4.1889432283464565
21
-2.7099016141732282
0
LINE
8
BLACK
6
CONTINUOUS
10
4.1889432283464565
20
-2.7099016141732282
11
4.188303976377953
21
-2.7105408661417321
0
LINE
8
BLACK
6
CONTINUOUS
10
4.188303976377953
20
-2.7105408661417321
11
4.1874000787401577
21
-2.7105409055118108
0
LINE
8
BLACK
6
CONTINUOUS
10
4.1874000787401577
20
-2.7105409055118108
11
4.1870168503937011
21
-2.7102848818897636
0
LINE
8
BLACK
6
CONTINUOUS
10
4.1870168503937011
20
-2.7102848818897636
11
4.1864024015748029
21
-2.7096704724409446
0
LINE
8
BLACK
6
CONTINUOUS
10
4.1864024015748029
20
-2.7096704724409446
11
4.1853234251968505
21
-2.7091309842519684
0
LINE
8
BLACK
6
CONTINUOUS
10
4.1853234251968505
20
-2.7091309842519684
11
4.1821316141732279
21
-2.7091309842519684
0
LINE
8
BLACK
6
CONTINUOUS
10
4.1821316141732279
20
-2.7091309842519684
11
4.1810525196850392
21
-2.7096705118110234
0
LINE
8
BLACK
6
CONTINUOUS
10
4.1810525196850392
20
-2.7096705118110234
11
4.1805737007874013
21
-2.7101493307086613
0
LINE
8
BLACK
6
CONTINUOUS
10
4.1805737007874013
20
-2.7101493307086613
11
4.1800342519685039
21
-2.7112283070866141
0
LINE
8
BLACK
6
CONTINUOUS
10
4.1800342519685039
20
-2.7112283070866141
11
4.1800342519685039
21
-2.7122575984251966
0
LINE
8
BLACK
6
CONTINUOUS
10
4.1800342519685039
20
-2.7122575984251966
11
4.1806353543307084
21
-2.7140610629921258
0
LINE
8
BLACK
6
CONTINUOUS
10
4.1806353543307084
20
-2.7140610629921258
11
4.1894370866141735
21
-2.7228627559055116
0
LINE
8
BLACK
6
CONTINUOUS
10
4.1894370866141735
20
-2.7228627559055116
11
4.189692992125984
21
-2.7232457874015745
0
LINE
8
BLACK
6
CONTINUOUS
10
4.189692992125984
20
-2.7232457874015745
11
4.1896931102362203
21
-2.7232459055118108
0
LINE
8
BLACK
6
CONTINUOUS
10
4.1896931102362203
20
-2.7232459055118108
11
4.1896931102362203
21
-2.7232459448818895
0
LINE
8
BLACK
6
CONTINUOUS
10
4.1896931102362203
20
-2.7232459448818895
11
4.189693149606299
21
-2.7241498818897636
0
LINE
8
BLACK
6
CONTINUOUS
10
4.189693149606299
20
-2.7241498818897636
11
4.1896931102362203
21
-2.7241498818897636
0
LINE
8
BLACK
6
CONTINUOUS
10
4.1896931102362203
20
-2.7241498818897636
11
4.1896931102362203
21
-2.7241499212598423
0
LINE
8
BLACK
6
CONTINUOUS
10
4.1896931102362203
20
-2.7241499212598423
11
4.1890539370078743
21
-2.7247890944881887
0
LINE
8
BLACK
6
CONTINUOUS
10
4.1890539370078743
20
-2.7247890944881887
11
4.1886019291338581
21
-2.7248790157480314
0
LINE
8
BLACK
6
CONTINUOUS
10
4.1886019291338581
20
-2.7248790157480314
11
4.1788531496062991
21
-2.7248790157480314
0
LINE
8
BLACK
6
CONTINUOUS
10
4.1788531496062991
20
-2.7248790157480314
11
4.1784011417322837
21
-2.7247890944881887
0
LINE
8
BLACK
6
CONTINUOUS
10
4.1784011417322837
20
-2.7247890944881887
11
4.1777619685039369
21
-2.7241499212598423
0
LINE
8
BLACK
6
CONTINUOUS
10
4.1777619685039369
20
-2.7241499212598423
11
4.1777619685039369
21
-2.7232459055118108
0
LINE
8
BLACK
6
CONTINUOUS
10
4.1777619685039369
20
-2.7232459055118108
11
4.1784011417322837
21
-2.7226067322834644
0
LINE
8
BLACK
6
CONTINUOUS
10
4.1784011417322837
20
-2.7226067322834644
11
4.1788531496062991
21
-2.7225168110236222
0
LINE
8
BLACK
6
CONTINUOUS
10
4.1788531496062991
20
-2.7225168110236222
11
4.1857505118110234
21
-2.7225168110236222
0
LINE
8
BLACK
6
CONTINUOUS
10
4.1857505118110234
20
-2.7225168110236222
11
4.1787678740157483
21
-2.715534212598425
0
LINE
8
BLACK
6
CONTINUOUS
10
4.1787678740157483
20
-2.715534212598425
11
4.1787349999999996
21
-2.7154850000000001
0
LINE
8
BLACK
6
CONTINUOUS
10
4.1787349999999996
20
-2.7154850000000001
11
4.1787107874015748
21
-2.7154729133858266
0
LINE
8
BLACK
6
CONTINUOUS
10
4.1787107874015748
20
-2.7154729133858266
11
4.1786168897637799
21
-2.7153082677165354
0
LINE
8
BLACK
6
CONTINUOUS
10
4.1786168897637799
20
-2.7153082677165354
11
4.1785118503937007
21
-2.7151510236220471
0
LINE
8
BLACK
6
CONTINUOUS
10
4.1785118503937007
20
-2.7151510236220471
11
4.1785118503937007
21
-2.7151239763779529
0
LINE
8
BLACK
6
CONTINUOUS
10
4.1785118503937007
20
-2.7151239763779529
11
4.1784825196850397
21
-2.7150725590551179
0
LINE
8
BLACK
6
CONTINUOUS
10
4.1784825196850397
20
-2.7150725590551179
11
4.1777326377952759
21
-2.7128228346456691
0
LINE
8
BLACK
6
CONTINUOUS
10
4.1777326377952759
20
-2.7128228346456691
11
4.1777089370078739
21
-2.7126349212598426
0
LINE
8
BLACK
6
CONTINUOUS
10
4.1777089370078739
20
-2.7126349212598426
11
4.1776720472440942
21
-2.7124493307086612
0
LINE
8
BLACK
6
CONTINUOUS
10
4.1776720472440942
20
-2.7124493307086612
11
4.1776720472440942
21
-2.7109495275590549
0
LINE
8
BLACK
6
CONTINUOUS
10
4.1776720472440942
20
-2.7109495275590549
11
4.1776835826771652
21
-2.7108914960629922
0
LINE
8
BLACK
6
CONTINUOUS
10
4.1776835826771652
20
-2.7108914960629922
11
4.1776750393700786
21
-2.7108658661417322
0
LINE
8
BLACK
6
CONTINUOUS
10
4.1776750393700786
20
-2.7108658661417322
11
4.1777249606299209
21
-2.7106833858267714
0
LINE
8
BLACK
6
CONTINUOUS
10
4.1777249606299209
20
-2.7106833858267714
11
4.1777619685039369
21
-2.7104975196850392
0
LINE
8
BLACK
6
CONTINUOUS
10
4.1777619685039369
20
-2.7104975196850392
11
4.1777811023622045
21
-2.7104783464566928
0
LINE
8
BLACK
6
CONTINUOUS
10
4.1777811023622045
20
-2.7104783464566928
11
4.1777967322834648
21
-2.7104213385826772
0
LINE
8
BLACK
6
CONTINUOUS
10
4.1777967322834648
20
-2.7104213385826772
11
4.1785466141732286
21
-2.7089214960629922
0
LINE
8
BLACK
6
CONTINUOUS
10
4.1785466141732286
20
-2.7089214960629922
11
4.1786625590551179
21
-2.7087720866141733
0
LINE
8
BLACK
6
CONTINUOUS
10
4.1786625590551179
20
-2.7087720866141733
11
4.1787678740157483
21
-2.7086144881889762
0
LINE
8
BLACK
6
CONTINUOUS
10
4.1787678740157483
20
-2.7086144881889762
11
4.1795177952755909
21
-2.7078646062992124
0
LINE
8
BLACK
6
CONTINUOUS
10
4.1795177952755909
20
-2.7078646062992124
11
4.1796752362204721
21
-2.7077594094488187
0
LINE
8
BLACK
6
CONTINUOUS
10
4.1796752362204721
20
-2.7077594094488187
11
4.1798247244094489
21
-2.7076433858267714
0
LINE
8
BLACK
6
CONTINUOUS
10
4.1798247244094489
20
-2.7076433858267714
11
4.1813245669291339
21
-2.7068934645669289
0
LINE
8
BLACK
6
CONTINUOUS
10
4.1813245669291339
20
-2.7068934645669289
11
4.1813815748031491
21
-2.7068778346456694
0
LINE
8
BLACK
6
CONTINUOUS
10
4.1813815748031491
20
-2.7068778346456694
11
4.1814007480314963
21
-2.7068587007874014
0
LINE
8
BLACK
6
CONTINUOUS
10
4.1814007480314963
20
-2.7068587007874014
11
4.1815862204724406
21
-2.7068217716535434
0
LINE
8
BLACK
6
CONTINUOUS
10
4.1815862204724406
20
-2.7068217716535434
11
4.1817690551181101
21
-2.7067717322834643
0
LINE
8
BLACK
6
CONTINUOUS
10
4.1817690551181101
20
-2.7067717322834643
11
4.1817947637795276
21
-2.706780275590551
0
LINE
8
BLACK
6
CONTINUOUS
10
4.1817947637795276
20
-2.706780275590551
11
4.1818527559055116
21
-2.7067687795275588
0
LINE
8
BLACK
6
CONTINUOUS
10
4.1818527559055116
20
-2.7067687795275588
11
4.1856022834645668
21
-2.7067687795275588
0
LINE
8
BLACK
6
CONTINUOUS
10
4.1856022834645668
20
-2.7067687795275588
11
4.1856603149606295
21
-2.7067803149606298
0
LINE
8
BLACK
6
CONTINUOUS
10
4.1985365748031498
20
-2.706805748031496
11
4.1987242125984254
21
-2.7068294094488188
0
LINE
8
BLACK
6
CONTINUOUS
10
4.1987242125984254
20
-2.7068294094488188
11
4.2009739370078742
21
-2.7075793307086613
0
LINE
8
BLACK
6
CONTINUOUS
10
4.2009739370078742
20
-2.7075793307086613
11
4.2010253149606296
21
-2.707608622047244
0
LINE
8
BLACK
6
CONTINUOUS
10
4.2010253149606296
20
-2.707608622047244
11
4.2010524015748034
21
-2.707608622047244
0
LINE
8
BLACK
6
CONTINUOUS
10
4.2010524015748034
20
-2.707608622047244
11
4.2012098031496059
21
-2.707713779527559
0
LINE
8
BLACK
6
CONTINUOUS
10
4.2012098031496059
20
-2.707713779527559
11
4.201374291338583
21
-2.7078075590551181
0
LINE
8
BLACK
6
CONTINUOUS
10
4.201374291338583
20
-2.7078075590551181
11
4.2013863779527556
21
-2.7078317716535434
0
LINE
8
BLACK
6
CONTINUOUS
10
4.2013863779527556
20
-2.7078317716535434
11
4.2014355905511813
21
-2.7078646456692912
0
LINE
8
BLACK
6
CONTINUOUS
10
4.2014355905511813
20
-2.7078646456692912
11
4.2029353937007876
21
-2.7093644094488187
0
LINE
8
BLACK
6
CONTINUOUS
10
4.2029353937007876
20
-2.7093644094488187
11
4.2030405118110234
21
-2.7095217716535434
0
LINE
8
BLACK
6
CONTINUOUS
10
4.2030405118110234
20
-2.7095217716535434
11
4.2031566535433074
21
-2.7096714173228347
0
LINE
8
BLACK
6
CONTINUOUS
10
4.2031566535433074
20
-2.7096714173228347
11
4.2039065354330711
21
-2.711171220472441
0
LINE
8
BLACK
6
CONTINUOUS
10
4.2039065354330711
20
-2.711171220472441
11
4.2039406692913381
21
-2.7112959842519686
0
LINE
8
BLACK
6
CONTINUOUS
10
4.2039406692913381
20
-2.7112959842519686
11
4.20399594488189
21
-2.7114129527559054
0
LINE
8
BLACK
6
CONTINUOUS
10
4.20399594488189
20
-2.7114129527559054
11
4.2047458661417325
21
-2.7144125984251968
0
LINE
8
BLACK
6
CONTINUOUS
10
4.2047458661417325
20
-2.7144125984251968
11
4.2047528740157478
21
-2.7145570472440945
0
LINE
8
BLACK
6
CONTINUOUS
10
4.2047528740157478
20
-2.7145570472440945
11
4.2047811417322833
21
-2.71469905511811
0
LINE
8
BLACK
6
CONTINUOUS
10
4.2047811417322833
20
-2.71469905511811
11
4.2047811417322833
21
-2.7169487795275589
0
LINE
8
BLACK
6
CONTINUOUS
10
4.2047811417322833
20
-2.7169487795275589
11
4.2047528740157478
21
-2.7170907480314961
0
LINE
8
BLACK
6
CONTINUOUS
10
4.2047528740157478
20
-2.7170907480314961
11
4.2047458661417325
21
-2.7172352362204726
0
LINE
8
BLACK
6
CONTINUOUS
10
4.2047458661417325
20
-2.7172352362204726
11
4.20399594488189
21
-2.7202348425196852
0
LINE
8
BLACK
6
CONTINUOUS
10
4.20399594488189
20
-2.7202348425196852
11
4.2039406692913381
21
-2.7203517716535432
0
LINE
8
BLACK
6
CONTINUOUS
10
4.2039406692913381
20
-2.7203517716535432
11
4.2039065354330711
21
-2.7204765748031496
0
LINE
8
BLACK
6
CONTINUOUS
10
4.2039065354330711
20
-2.7204765748031496
11
4.2031566535433074
21
-2.7219763779527559
0
LINE
8
BLACK
6
CONTINUOUS
10
4.2031566535433074
20
-2.7219763779527559
11
4.2030403937007872
21
-2.7221261023622048
0
LINE
8
BLACK
6
CONTINUOUS
10
4.2030403937007872
20
-2.7221261023622048
11
4.2029353937007876
21
-2.7222833464566927
0
LINE
8
BLACK
6
CONTINUOUS
10
4.2029353937007876
20
-2.7222833464566927
11
4.2014355905511813
21
-2.7237831889763777
0
LINE
8
BLACK
6
CONTINUOUS
10
4.2014355905511813
20
-2.7237831889763777
11
4.2013863779527556
21
-2.7238160236220472
0
LINE
8
BLACK
6
CONTINUOUS
10
4.2013863779527556
20
-2.7238160236220472
11
4.201374291338583
21
-2.7238402755905513
0
LINE
8
BLACK
6
CONTINUOUS
10
4.201374291338583
20
-2.7238402755905513
11
4.2012096456692909
21
-2.7239341338582674
0
LINE
8
BLACK
6
CONTINUOUS
10
4.2012096456692909
20
-2.7239341338582674
11
4.2010524015748034
21
-2.724039212598425
0
LINE
8
BLACK
6
CONTINUOUS
10
4.2010524015748034
20
-2.724039212598425
11
4.2010253543307083
21
-2.724039212598425
0
LINE
8
BLACK
6
CONTINUOUS
10
4.2010253543307083
20
-2.724039212598425
11
4.2009739370078742
21
-2.7240685433070864
0
LINE
8
BLACK
6
CONTINUOUS
10
4.2009739370078742
20
-2.7240685433070864
11
4.1987242125984254
21
-2.7248184251968501
0
LINE
8
BLACK
6
CONTINUOUS
10
4.1987242125984254
20
-2.7248184251968501
11
4.1985362992125985
21
-2.7248420866141734
0
LINE
8
BLACK
6
CONTINUOUS
10
4.1985362992125985
20
-2.7248420866141734
11
4.1983507086614171
21
-2.7248790157480314
0
LINE
8
BLACK
6
CONTINUOUS
10
4.1983507086614171
20
-2.7248790157480314
11
4.1968508661417321
21
-2.7248790157480314
0
LINE
8
BLACK
6
CONTINUOUS
10
4.1968508661417321
20
-2.7248790157480314
11
4.1966652362204719
21
-2.7248420866141734
0
LINE
8
BLACK
6
CONTINUOUS
10
4.1966652362204719
20
-2.7248420866141734
11
4.1964773622047247
21
-2.7248184251968501
0
LINE
8
BLACK
6
CONTINUOUS
10
4.1964773622047247
20
-2.7248184251968501
11
4.1942276771653546
21
-2.7240685433070864
0
LINE
8
BLACK
6
CONTINUOUS
10
4.1942276771653546
20
-2.7240685433070864
11
4.1941762992125984
21
-2.7240392519685037
0
LINE
8
BLACK
6
CONTINUOUS
10
4.1941762992125984
20
-2.7240392519685037
11
4.1941492125984254
21
-2.7240392519685037
0
LINE
8
BLACK
6
CONTINUOUS
10
4.1941492125984254
20
-2.7240392519685037
11
4.1939916929133858
21
-2.7239339763779529
0
LINE
8
BLACK
6
CONTINUOUS
10
4.1939916929133858
20
-2.7239339763779529
11
4.1938273228346459
21
-2.7238402755905513
0
LINE
8
BLACK
6
CONTINUOUS
10
4.1938273228346459
20
-2.7238402755905513
11
4.1938151968503936
21
-2.7238160236220472
0
LINE
8
BLACK
6
CONTINUOUS
10
4.1938151968503936
20
-2.7238160236220472
11
4.1937660236220475
21
-2.7237831889763777
0
LINE
8
BLACK
6
CONTINUOUS
10
4.1937660236220475
20
-2.7237831889763777
11
4.193016102362205
21
-2.7230332677165352
0
LINE
8
BLACK
6
CONTINUOUS
10
4.193016102362205
20
-2.7230332677165352
11
4.1927600787401573
21
-2.7226500787401573
0
LINE
8
BLACK
6
CONTINUOUS
10
4.1927600787401573
20
-2.7226500787401573
11
4.1927600787401573
21
-2.7217461417322832
0
LINE
8
BLACK
6
CONTINUOUS
10
4.1927600787401573
20
-2.7217461417322832
11
4.1933992913385829
21
-2.7211069291338581
0
LINE
8
BLACK
6
CONTINUOUS
10
4.1933992913385829
20
-2.7211069291338581
11
4.194303228346457
21
-2.7211069291338581
0
LINE
8
BLACK
6
CONTINUOUS
10
4.194303228346457
20
-2.7211069291338581
11
4.1946864173228349
21
-2.7213629527559053
0
LINE
8
BLACK
6
CONTINUOUS
10
4.1946864173228349
20
-2.7213629527559053
11
4.1952390944881888
21
-2.7219156299212597
0
LINE
8
BLACK
6
CONTINUOUS
10
4.1952390944881888
20
-2.7219156299212597
11
4.1970425984251971
21
-2.7225168110236222
0
LINE
8
BLACK
6
CONTINUOUS
10
4.1970425984251971
20
-2.7225168110236222
11
4.198158976377953
21
-2.7225168110236222
0
LINE
8
BLACK
6
CONTINUOUS
10
4.198158976377953
20
-2.7225168110236222
11
4.1999624409448817
21
-2.7219156692913384
0
LINE
8
BLACK
6
CONTINUOUS
10
4.1999624409448817
20
-2.7219156692913384
11
4.201129527559055
21
-2.7207485039370076
0
LINE
8
BLACK
6
CONTINUOUS
10
4.201129527559055
20
-2.7207485039370076
11
4.2017357480314956
21
-2.7195361023622047
0
LINE
8
BLACK
6
CONTINUOUS
10
4.2017357480314956
20
-2.7195361023622047
11
4.2024189370078737
21
-2.7168033858267715
0
LINE
8
BLACK
6
CONTINUOUS
10
4.2024189370078737
20
-2.7168033858267715
11
4.2024189370078737
21
-2.7148444094488187
0
LINE
8
BLACK
6
CONTINUOUS
10
4.2024189370078737
20
-2.7148444094488187
11
4.2017357086614169
21
-2.7121116535433072
0
LINE
8
BLACK
6
CONTINUOUS
10
4.2017357086614169
20
-2.7121116535433072
11
4.201129527559055
21
-2.7108992519685038
0
LINE
8
BLACK
6
CONTINUOUS
10
4.201129527559055
20
-2.7108992519685038
11
4.1999624015748029
21
-2.709732086614173
0
LINE
8
BLACK
6
CONTINUOUS
10
4.1999624015748029
20
-2.709732086614173
11
4.1981590944881892
21
-2.7091309842519684
0
LINE
8
BLACK
6
CONTINUOUS
10
4.1981590944881892
20
-2.7091309842519684
11
4.1970424803149609
21
-2.7091309842519684
0
LINE
8
BLACK
6
CONTINUOUS
10
4.1970424803149609
20
-2.7091309842519684
11
4.1952391732283463
21
-2.709732086614173
0
LINE
8
BLACK
6
CONTINUOUS
10
4.1952391732283463
20
-2.709732086614173
11
4.1946864173228349
21
-2.7102848818897636
0
LINE
8
BLACK
6
CONTINUOUS
10
4.1946864173228349
20
-2.7102848818897636
11
4.1943031889763782
21
-2.7105409055118108
0
LINE
8
BLACK
6
CONTINUOUS
10
4.1943031889763782
20
-2.7105409055118108
11
4.1933992519685042
21
-2.7105408661417321
0
LINE
8
BLACK
6
CONTINUOUS
10
4.1933992519685042
20
-2.7105408661417321
11
4.1927600393700786
21
-2.7099016141732282
0
LINE
8
BLACK
6
CONTINUOUS
10
4.1927600393700786
20
-2.7099016141732282
11
4.1927600787401573
21
-2.7089976771653541
0
LINE
8
BLACK
6
CONTINUOUS
10
4.1927600787401573
20
-2.7089976771653541
11
4.193016102362205
21
-2.7086144881889762
0
LINE
8
BLACK
6
CONTINUOUS
10
4.193016102362205
20
-2.7086144881889762
11
4.1937660236220475
21
-2.7078646062992124
0
LINE
8
BLACK
6
CONTINUOUS
10
4.1937660236220475
20
-2.7078646062992124
11
4.1938151574803149
21
-2.7078317322834646
0
LINE
8
BLACK
6
CONTINUOUS
10
4.1938151574803149
20
-2.7078317322834646
11
4.1938272834645671
21
-2.7078075590551181
0
LINE
8
BLACK
6
CONTINUOUS
10
4.1938272834645671
20
-2.7078075590551181
11
4.1939916535433071
21
-2.7077138188976377
0
LINE
8
BLACK
6
CONTINUOUS
10
4.1939916535433071
20
-2.7077138188976377
11
4.1941492519685042
21
-2.7076085826771652
0
LINE
8
BLACK
6
CONTINUOUS
10
4.1941492519685042
20
-2.7076085826771652
11
4.1941763385826771
21
-2.7076085826771652
0
LINE
8
BLACK
6
CONTINUOUS
10
4.1941763385826771
20
-2.7076085826771652
11
4.1942276771653546
21
-2.7075793307086613
0
LINE
8
BLACK
6
CONTINUOUS
10
4.1942276771653546
20
-2.7075793307086613
11
4.1964773622047247
21
-2.7068294094488188
0
LINE
8
BLACK
6
CONTINUOUS
10
4.1964773622047247
20
-2.7068294094488188
11
4.1966649606299216
21
-2.706805748031496
0
LINE
8
BLACK
6
CONTINUOUS
10
4.1966649606299216
20
-2.706805748031496
11
4.1968508661417321
21
-2.7067687795275588
0
LINE
8
BLACK
6
CONTINUOUS
10
4.1968508661417321
20
-2.7067687795275588
11
4.1983507086614171
21
-2.7067687795275588
0
LINE
8
BLACK
6
CONTINUOUS
10
4.1983507086614171
20
-2.7067687795275588
11
4.1985365748031498
21
-2.706805748031496
0
LINE
8
BLACK
6
CONTINUOUS
10
4.2159769291338582
20
-2.6989687401574805
11
4.2170422834645667
21
-2.7000340944881889
0
LINE
8
BLACK
6
CONTINUOUS
10
4.2170422834645667
20
-2.7000340944881889
11
4.2171921259842522
21
-2.7007874015748032
0
LINE
8
BLACK
6
CONTINUOUS
10
4.2171921259842522
20
-2.7007874015748032
11
4.2171921259842522
21
-2.7322834645669292
0
LINE
8
BLACK
6
CONTINUOUS
10
4.2171921259842522
20
-2.7322834645669292
11
4.2170422834645667
21
-2.7330367716535431
0
LINE
8
BLACK
6
CONTINUOUS
10
4.2170422834645667
20
-2.7330367716535431
11
4.2159769291338582
21
-2.734102125984252
0
LINE
8
BLACK
6
CONTINUOUS
10
4.2159769291338582
20
-2.734102125984252
11
4.2152236220472439
21
-2.734251968503937
0
LINE
8
BLACK
6
CONTINUOUS
10
4.2152236220472439
20
-2.734251968503937
11
4.152231496062992
21
-2.734251968503937
0
LINE
8
BLACK
6
CONTINUOUS
10
4.152231496062992
20
-2.734251968503937
11
4.1514781889763777
21
-2.734102125984252
0
LINE
8
BLACK
6
CONTINUOUS
10
4.1514781889763777
20
-2.734102125984252
11
4.1504128346456692
21
-2.7330367716535431
0
LINE
8
BLACK
6
CONTINUOUS
10
4.1504128346456692
20
-2.7330367716535431
11
4.1502629921259846
21
-2.7322834645669292
0
LINE
8
BLACK
6
CONTINUOUS
10
4.1502629921259846
20
-2.7322834645669292
11
4.1502629921259846
21
-2.7007874015748032
0
LINE
8
BLACK
6
CONTINUOUS
10
4.1502629921259846
20
-2.7007874015748032
11
4.1504128346456692
21
-2.7000340944881889
0
LINE
8
BLACK
6
CONTINUOUS
10
4.1504128346456692
20
-2.7000340944881889
11
4.1514781889763777
21
-2.6989687401574805
0
LINE
8
BLACK
6
CONTINUOUS
10
4.1514781889763777
20
-2.6989687401574805
11
4.152231496062992
21
-2.6988188976377954
0
LINE
8
BLACK
6
CONTINUOUS
10
4.152231496062992
20
-2.6988188976377954
11
4.2152236220472439
21
-2.6988188976377954
0
LINE
8
BLACK
6
CONTINUOUS
10
4.2152236220472439
20
-2.6988188976377954
11
4.2159769291338582
21
-2.6989687401574805
0
LINE
8
BLACK
6
CONTINUOUS
10
4.1542000000000003
20
-2.7027559055118111
11
4.1542000000000003
21
-2.7303149606299213
0
LINE
8
BLACK
6
CONTINUOUS
10
4.1542000000000003
20
-2.7303149606299213
11
4.2132551181102365
21
-2.7303149606299213
0
LINE
8
BLACK
6
CONTINUOUS
10
4.2132551181102365
20
-2.7303149606299213
11
4.2132551181102365
21
-2.7027559055118111
0
LINE
8
BLACK
6
CONTINUOUS
10
4.2132551181102365
20
-2.7027559055118111
11
4.1542000000000003
21
-2.7027559055118111
0
CIRCLE
8
BLACK
10
2.5499999999999998
20
-2.7999999999999998
40
0.0068897637795276
0
CIRCLE
8
BLACK
10
4.9500000000000002
20
-2.7999999999999998
40
0.0068897637795276
0
CIRCLE
8
BLACK
10
4.9500000000000002
20
-5.2000000000000002
40
0.0068897637795276
0
CIRCLE
8
BLACK
10
2.5499999999999998
20
-5.2000000000000002
40
0.0068897637795276
0
CIRCLE
8
BLACK
10
3.9226377952755906
20
-5.2199999999999998
40
0.0068897637795276
0
CIRCLE
8
BLACK
10
3.8726377952755904
20
-5.1609448818897636
40
0.0068897637795276
0
CIRCLE
8
BLACK
10
3.8226377952755906
20
-5.1609448818897636
40
0.0068897637795276
0
CIRCLE
8
BLACK
10
3.7726377952755903
20
-5.2199999999999998
40
0.0068897637795276
0
CIRCLE
8
BLACK
10
3.7226377952755905
20
-5.1609448818897636
40
0.0068897637795276
0
CIRCLE
8
BLACK
10
3.6726377952755906
20
-5.1609448818897636
40
0.0068897637795276
0
CIRCLE
8
BLACK
10
3.6226377952755904
20
-5.2199999999999998
40
0.0068897637795276
0
CIRCLE
8
BLACK
10
3.5143700787401575
20
-5.1215748031496062
40
0.0068897637795276
0
CIRCLE
8
BLACK
10
4.0194881889763776
20
-5.1609448818897636
40
0.0068897637795276
0
CIRCLE
8
BLACK
10
3.2080708661417323
20
-5.2199999999999998
40
0.0068897637795276
0
CIRCLE
8
BLACK
10
3.158070866141732
20
-5.1609448818897636
40
0.0068897637795276
0
CIRCLE
8
BLACK
10
3.1080708661417322
20
-5.1609448818897636
40
0.0068897637795276
0
CIRCLE
8
BLACK
10
3.0580708661417324
20
-5.2199999999999998
40
0.0068897637795276
0
CIRCLE
8
BLACK
10
3.0080708661417321
20
-5.1609448818897636
40
0.0068897637795276
0
CIRCLE
8
BLACK
10
2.9580708661417323
20
-5.1609448818897636
40
0.0068897637795276
0
CIRCLE
8
BLACK
10
2.908070866141732
20
-5.2199999999999998
40
0.0068897637795276
0
CIRCLE
8
BLACK
10
2.7998031496062992
20
-5.1215748031496062
40
0.0068897637795276
0
CIRCLE
8
BLACK
10
3.3049212598425197
20
-5.1609448818897636
40
0.0068897637795276
0
CIRCLE
8
BLACK
10
2.9100393700787399
20
-2.7809448818897637
40
0.0068897637795276
0
CIRCLE
8
BLACK
10
2.9600393700787402
20
-2.8399999999999999
40
0.0068897637795276
0
CIRCLE
8
BLACK
10
3.01003937007874
20
-2.8399999999999999
40
0.0068897637795276
0
CIRCLE
8
BLACK
10
3.0600393700787403
20
-2.7809448818897637
40
0.0068897637795276
0
CIRCLE
8
BLACK
10
3.1100393700787401
20
-2.8399999999999999
40
0.0068897637795276
0
CIRCLE
8
BLACK
10
3.1600393700787399
20
-2.8399999999999999
40
0.0068897637795276
0
CIRCLE
8
BLACK
10
3.2100393700787402
20
-2.7809448818897637
40
0.0068897637795276
0
CIRCLE
8
BLACK
10
3.3183070866141731
20
-2.8793700787401573
40
0.0068897637795276
0
CIRCLE
8
BLACK
10
2.8131889763779525
20
-2.8399999999999999
40
0.0068897637795276
0
CIRCLE
8
BLACK
10
2.5299999999999998
20
-3.6999999999999997
40
0.0068897637795276
0
CIRCLE
8
BLACK
10
2.5890551181102364
20
-3.6499999999999999
40
0.0068897637795276
0
CIRCLE
8
BLACK
10
2.5890551181102364
20
-3.6000000000000001
40
0.0068897637795276
0
CIRCLE
8
BLACK
10
2.5299999999999998
20
-3.5499999999999998
40
0.0068897637795276
0
CIRCLE
8
BLACK
10
2.5890551181102364
20
-3.5
40
0.0068897637795276
0
CIRCLE
8
BLACK
10
2.5890551181102364
20
-3.4499999999999997
40
0.0068897637795276
0
CIRCLE
8
BLACK
10
2.5299999999999998
20
-3.3999999999999999
40
0.0068897637795276
0
CIRCLE
8
BLACK
10
2.6284251968503938
20
-3.291732283464567
40
0.0068897637795276
0
CIRCLE
8
BLACK
10
2.5890551181102364
20
-3.7968503937007871
40
0.0068897637795276
0
CIRCLE
8
BLACK
10
2.5299999999999998
20
-4.5999999999999996
40
0.0068897637795276
0
CIRCLE
8
BLACK
10
2.5890551181102364
20
-4.5499999999999998
40
0.0068897637795276
0
CIRCLE
8
BLACK
10
2.5890551181102364
20
-4.5
40
0.0068897637795276
0
CIRCLE
8
BLACK
10
2.5299999999999998
20
-4.4500000000000002
40
0.0068897637795276
0
CIRCLE
8
BLACK
10
2.5890551181102364
20
-4.3999999999999995
40
0.0068897637795276
0
CIRCLE
8
BLACK
10
2.5890551181102364
20
-4.3499999999999996
40
0.0068897637795276
0
CIRCLE
8
BLACK
10
2.5299999999999998
20
-4.2999999999999998
40
0.0068897637795276
0
CIRCLE
8
BLACK
10
2.6284251968503938
20
-4.1917322834645665
40
0.0068897637795276
0
CIRCLE
8
BLACK
10
2.5890551181102364
20
-4.6968503937007871
40
0.0068897637795276
0
CIRCLE
8
BLACK
10
3.5499999999999998
20
-3.23
40
0.0068897637795276
0
CIRCLE
8
BLACK
10
3.6499999999999999
20
-3.23
40
0.0068897637795276
0
CIRCLE
8
BLACK
10
3.5499999999999998
20
-3.3300000000000001
40
0.0068897637795276
0
CIRCLE
8
BLACK
10
3.6499999999999999
20
-3.3300000000000001
40
0.0068897637795276
0
CIRCLE
8
BLACK
10
3.5499999999999998
20
-3.4299999999999997
40
0.0068897637795276
0
CIRCLE
8
BLACK
10
3.6499999999999999
20
-3.4299999999999997
40
0.0068897637795276
0
CIRCLE
8
BLACK
10
3.5499999999999998
20
-3.5299999999999998
40
0.0068897637795276
0
CIRCLE
8
BLACK
10
3.6499999999999999
20
-3.5299999999999998
40
0.0068897637795276
0
CIRCLE
8
BLACK
10
3.3730314960629921
20
-3.2129921259842518
40
0.0068897637795276
0
CIRCLE
8
BLACK
10
3.3730314960629921
20
-3.1129921259842517
40
0.0068897637795276
0
CIRCLE
8
BLACK
10
3.4700787401574802
20
-4.5850393700787402
40
0.0068897637795276
0
CIRCLE
8
BLACK
10
3.4700787401574802
20
-4.6850393700787398
40
0.0068897637795276
0
CIRCLE
8
BLACK
10
3.6901574803149604
20
-4.3523622047244093
40
0.0068897637795276
0
CIRCLE
8
BLACK
10
3.6901574803149604
20
-4.4523622047244089
40
0.0068897637795276
0
CIRCLE
8
BLACK
10
4.6039370078740154
20
-2.7059055118110233
40
0.0068897637795276
0
CIRCLE
8
BLACK
10
4.7039370078740159
20
-2.7059055118110233
40
0.0068897637795276
0
CIRCLE
8
BLACK
10
4.6039370078740154
20
-2.8059055118110234
40
0.0068897637795276
0
CIRCLE
8
BLACK
10
4.7039370078740159
20
-2.8059055118110234
40
0.0068897637795276
0
CIRCLE
8
BLACK
10
4.6039370078740154
20
-2.9059055118110235
40
0.0068897637795276
0
CIRCLE
8
BLACK
10
4.7039370078740159
20
-2.9059055118110235
40
0.0068897637795276
0
CIRCLE
8
BLACK
10
5.0031606299212594
20
-4.
40
0.0068897637795276
0
CIRCLE
8
BLACK
10
4.37323937007874
20
-4.
40
0.0068897637795276
0
CIRCLE
8
BLACK
10
5.0385937007874011
20
-4.2062992125984255
40
0.0068897637795276
0
CIRCLE
8
BLACK
10
5.0385937007874011
20
-4.0787401574803148
40
0.0068897637795276
0
CIRCLE
8
BLACK
10
5.0385937007874011
20
-3.9216535433070865
40
0.0068897637795276
0
CIRCLE
8
BLACK
10
5.0385937007874011
20
-3.8417322834645669
40
0.0068897637795276
0
CIRCLE
8
BLACK
10
4.3378062992125983
20
-4.245669291338583
40
0.0068897637795276
0
CIRCLE
8
BLACK
10
4.3378062992125983
20
-4.0787401574803148
40
0.0068897637795276
0
CIRCLE
8
BLACK
10
4.3378062992125983
20
-3.9216535433070865
40
0.0068897637795276
0
CIRCLE
8
BLACK
10
4.3378062992125983
20
-3.8417322834645669
40
0.0068897637795276
0
CIRCLE
8
BLACK
10
3.5135748031496061
20
-3.9094488188976375
40
0.0039370078740157
0
CIRCLE
8
BLACK
10
3.5135748031496061
20
-3.954724409448819
40
0.0039370078740157
0
CIRCLE
8
BLACK
10
3.5135748031496061
20
-4.
40
0.0039370078740157
0
CIRCLE
8
BLACK
10
3.5135748031496061
20
-4.0452755905511806
40
0.0039370078740157
0
CIRCLE
8
BLACK
10
3.5135748031496061
20
-4.090551181102362
40
0.0039370078740157
0
CIRCLE
8
BLACK
10
3.5588503937007872
20
-3.8641732283464565
40
0.0039370078740157
0
CIRCLE
8
BLACK
10
3.5588503937007872
20
-3.9094488188976375
40
0.0039370078740157
0
CIRCLE
8
BLACK
10
3.5588503937007872
20
-3.954724409448819
40
0.0039370078740157
0
CIRCLE
8
BLACK
10
3.5588503937007872
20
-4.
40
0.0039370078740157
0
CIRCLE
8
BLACK
10
3.5588503937007872
20
-4.0452755905511806
40
0.0039370078740157
0
CIRCLE
8
BLACK
10
3.5588503937007872
20
-4.090551181102362
40
0.0039370078740157
0
CIRCLE
8
BLACK
10
3.5588503937007872
20
-4.1358267716535435
40
0.0039370078740157
0
CIRCLE
8
BLACK
10
3.6041259842519686
20
-3.8641732283464565
40
0.0039370078740157
0
CIRCLE
8
BLACK
10
3.6041259842519686
20
-3.9094488188976375
40
0.0039370078740157
0
CIRCLE
8
BLACK
10
3.6041259842519686
20
-3.954724409448819
40
0.0039370078740157
0
CIRCLE
8
BLACK
10
3.6041259842519686
20
-4.
40
0.0039370078740157
0
CIRCLE
8
BLACK
10
3.6041259842519686
20
-4.0452755905511806
40
0.0039370078740157
0
CIRCLE
8
BLACK
10
3.6041259842519686
20
-4.090551181102362
40
0.0039370078740157
0
CIRCLE
8
BLACK
10
3.6041259842519686
20
-4.1358267716535435
40
0.0039370078740157
0
CIRCLE
8
BLACK
10
3.6494015748031496
20
-3.8641732283464565
40
0.0039370078740157
0
CIRCLE
8
BLACK
10
3.6494015748031496
20
-3.9094488188976375
40
0.0039370078740157
0
CIRCLE
8
BLACK
10
3.6494015748031496
20
-3.954724409448819
40
0.0039370078740157
0
CIRCLE
8
BLACK
10
3.6494015748031496
20
-4.
40
0.0039370078740157
0
CIRCLE
8
BLACK
10
3.6494015748031496
20
-4.0452755905511806
40
0.0039370078740157
0
CIRCLE
8
BLACK
10
3.6494015748031496
20
-4.090551181102362
40
0.0039370078740157
0
CIRCLE
8
BLACK
10
3.6494015748031496
20
-4.1358267716535435
40
0.0039370078740157
0
CIRCLE
8
BLACK
10
3.6946771653543307
20
-3.8641732283464565
40
0.0039370078740157
0
CIRCLE
8
BLACK
10
3.6946771653543307
20
-3.9094488188976375
40
0.0039370078740157
0
CIRCLE
8
BLACK
10
3.6946771653543307
20
-3.954724409448819
40
0.0039370078740157
0
CIRCLE
8
BLACK
10
3.6946771653543307
20
-4.
40
0.0039370078740157
0
CIRCLE
8
BLACK
10
3.6946771653543307
20
-4.0452755905511806
40
0.0039370078740157
0
CIRCLE
8
BLACK
10
3.6946771653543307
20
-4.090551181102362
40
0.0039370078740157
0
CIRCLE
8
BLACK
10
3.6946771653543307
20
-4.1358267716535435
40
0.0039370078740157
0
CIRCLE
8
BLACK
10
3.7399527559055117
20
-3.8641732283464565
40
0.0039370078740157
0
CIRCLE
8
BLACK
10
3.7399527559055117
20
-3.9094488188976375
40
0.0039370078740157
0
CIRCLE
8
BLACK
10
3.7399527559055117
20
-3.954724409448819
40
0.0039370078740157
0
CIRCLE
8
BLACK
10
3.7399527559055117
20
-4.
40
0.0039370078740157
0
CIRCLE
8
BLACK
10
3.7399527559055117
20
-4.0452755905511806
40
0.0039370078740157
0
CIRCLE
8
BLACK
10
3.7399527559055117
20
-4.090551181102362
40
0.0039370078740157
0
CIRCLE
8
BLACK
10
3.7399527559055117
20
-4.1358267716535435
40
0.0039370078740157
0
CIRCLE
8
BLACK
10
3.7852283464566927
20
-3.9094488188976375
40
0.0039370078740157
0
CIRCLE
8
BLACK
10
3.7852283464566927
20
-3.954724409448819
40
0.0039370078740157
0
CIRCLE
8
BLACK
10
3.7852283464566927
20
-4.
40
0.0039370078740157
0
CIRCLE
8
BLACK
10
3.7852283464566927
20
-4.0452755905511806
40
0.0039370078740157
0
CIRCLE
8
BLACK
10
3.7852283464566927
20
-4.090551181102362
40
0.0039370078740157
  0
ENDSEC
  0
EOF
