  0
SECTION
  2
HEADER
  9
$ANGBASE
  50
0.0
  9
$ANGDIR
  70
1
  9
$MEASUREMENT
  70
0
  0
ENDSEC
  0
SECTION
  2
TABLES
  0
TABLE
  2
LTYPE
  70
4
  0
LTYPE
  5
40F
  2
CONTINUOUS
  70
0
  3
Solid line
  72
65
  73
0
  40
0.0
  0
LTYPE
  5
410
  2
DASHDOT
 70
0
  3
Dash Dot ____ _ ____ _
 72
65
 73
4
 40
2.0
 49
1.25
 49
-0.25
 49
0.25
 49
-0.25
  0
LTYPE
  5
411
  2
DASHED
 70
0
  3
Dashed __ __ __ __ __
 72
65
 73
2
 40
0.75
 49
0.5
 49
-0.25
  0
LTYPE
  5
43B
  2
DOTTED
 70
0
  3
Dotted .  .  .  .
 72
65
 73
2
 40
0.2
 49
0.0
 49
-0.2
  0
ENDTAB
  0
TABLE
  2
STYLE
  70
4
  0
STYLE
  2
KICAD
  70
0
  40
0
  41
1
  42
1
  50
0
  71
0
  3
isocp.shx
  0
STYLE
  2
KICADB
  70
0
  40
0
  41
1
  42
1
  50
0
  71
0
  3
isocp.shx
  0
STYLE
  2
KICADI
  70
0
  40
0
  41
1
  42
1
  50
15
  71
0
  3
isocp.shx
  0
STYLE
  2
KICADBI
  70
0
  40
0
  41
1
  42
1
  50
15
  71
0
  3
isocp.shx
  0
ENDTAB
  0
TABLE
  2
LAYER
  70
1
  0
LAYER
  2
BLACK
  70
0
  62
7
  6
CONTINUOUS
  0
ENDTAB
  0
ENDSEC
  0
SECTION
  2
ENTITIES
0
LINE
8
BLACK
6
CONTINUOUS
10
3.6138794094488187
20
-4.9868985826771652
11
3.616433897637795
21
-4.9886054724409448
0
LINE
8
BLACK
6
CONTINUOUS
10
3.616433897637795
20
-4.9886054724409448
11
3.6181407874015745
21
-4.9911599606299211
0
LINE
8
BLACK
6
CONTINUOUS
10
3.6181407874015745
20
-4.9911599606299211
11
3.6187401574803149
21
-4.9941732283464564
0
LINE
8
BLACK
6
CONTINUOUS
10
3.6187401574803149
20
-4.9941732283464564
11
3.6187401574803149
21
-5.0158267716535434
0
LINE
8
BLACK
6
CONTINUOUS
10
3.6187401574803149
20
-5.0158267716535434
11
3.6181407874015745
21
-5.0188400393700787
0
LINE
8
BLACK
6
CONTINUOUS
10
3.6181407874015745
20
-5.0188400393700787
11
3.616433897637795
21
-5.021394527559055
0
LINE
8
BLACK
6
CONTINUOUS
10
3.616433897637795
20
-5.021394527559055
11
3.6138794094488187
21
-5.0231014173228345
0
LINE
8
BLACK
6
CONTINUOUS
10
3.6138794094488187
20
-5.0231014173228345
11
3.6108661417322834
21
-5.0237007874015749
0
LINE
8
BLACK
6
CONTINUOUS
10
3.6108661417322834
20
-5.0237007874015749
11
3.5951181102362204
21
-5.0237007874015749
0
LINE
8
BLACK
6
CONTINUOUS
10
3.5951181102362204
20
-5.0237007874015749
11
3.5921048425196851
21
-5.0231014173228345
0
LINE
8
BLACK
6
CONTINUOUS
10
3.5921048425196851
20
-5.0231014173228345
11
3.5895503543307088
21
-5.021394527559055
0
LINE
8
BLACK
6
CONTINUOUS
10
3.5895503543307088
20
-5.021394527559055
11
3.5878434645669293
21
-5.0188400393700787
0
LINE
8
BLACK
6
CONTINUOUS
10
3.5878434645669293
20
-5.0188400393700787
11
3.5872440944881889
21
-5.0158267716535434
0
LINE
8
BLACK
6
CONTINUOUS
10
3.5872440944881889
20
-5.0158267716535434
11
3.5872440944881889
21
-4.9941732283464564
0
LINE
8
BLACK
6
CONTINUOUS
10
3.5872440944881889
20
-4.9941732283464564
11
3.5878434645669293
21
-4.9911599606299211
0
LINE
8
BLACK
6
CONTINUOUS
10
3.5878434645669293
20
-4.9911599606299211
11
3.5895503543307088
21
-4.9886054724409448
0
LINE
8
BLACK
6
CONTINUOUS
10
3.5895503543307088
20
-4.9886054724409448
11
3.5921048425196851
21
-4.9868985826771652
0
LINE
8
BLACK
6
CONTINUOUS
10
3.5921048425196851
20
-4.9868985826771652
11
3.5951181102362204
21
-4.9862992125984249
0
LINE
8
BLACK
6
CONTINUOUS
10
3.5951181102362204
20
-4.9862992125984249
11
3.6108661417322834
21
-4.9862992125984249
0
LINE
8
BLACK
6
CONTINUOUS
10
3.6108661417322834
20
-4.9862992125984249
11
3.6138794094488187
21
-4.9868985826771652
0
LINE
8
BLACK
6
CONTINUOUS
10
3.6788400393700789
20
-4.9868985826771652
11
3.6813945275590552
21
-4.9886054724409448
0
LINE
8
BLACK
6
CONTINUOUS
10
3.6813945275590552
20
-4.9886054724409448
11
3.6831014173228347
21
-4.9911599606299211
0
LINE
8
BLACK
6
CONTINUOUS
10
3.6831014173228347
20
-4.9911599606299211
11
3.6837007874015746
21
-4.9941732283464564
0
LINE
8
BLACK
6
CONTINUOUS
10
3.6837007874015746
20
-4.9941732283464564
11
3.6837007874015746
21
-5.0158267716535434
0
LINE
8
BLACK
6
CONTINUOUS
10
3.6837007874015746
20
-5.0158267716535434
11
3.6831014173228347
21
-5.0188400393700787
0
LINE
8
BLACK
6
CONTINUOUS
10
3.6831014173228347
20
-5.0188400393700787
11
3.6813945275590552
21
-5.021394527559055
0
LINE
8
BLACK
6
CONTINUOUS
10
3.6813945275590552
20
-5.021394527559055
11
3.6788400393700789
21
-5.0231014173228345
0
LINE
8
BLACK
6
CONTINUOUS
10
3.6788400393700789
20
-5.0231014173228345
11
3.6758267716535431
21
-5.0237007874015749
0
LINE
8
BLACK
6
CONTINUOUS
10
3.6758267716535431
20
-5.0237007874015749
11
3.6600787401574801
21
-5.0237007874015749
0
LINE
8
BLACK
6
CONTINUOUS
10
3.6600787401574801
20
-5.0237007874015749
11
3.6570654724409448
21
-5.0231014173228345
0
LINE
8
BLACK
6
CONTINUOUS
10
3.6570654724409448
20
-5.0231014173228345
11
3.6545109842519685
21
-5.021394527559055
0
LINE
8
BLACK
6
CONTINUOUS
10
3.6545109842519685
20
-5.021394527559055
11
3.652804094488189
21
-5.0188400393700787
0
LINE
8
BLACK
6
CONTINUOUS
10
3.652804094488189
20
-5.0188400393700787
11
3.6522047244094487
21
-5.0158267716535434
0
LINE
8
BLACK
6
CONTINUOUS
10
3.6522047244094487
20
-5.0158267716535434
11
3.6522047244094487
21
-4.9941732283464564
0
LINE
8
BLACK
6
CONTINUOUS
10
3.6522047244094487
20
-4.9941732283464564
11
3.652804094488189
21
-4.9911599606299211
0
LINE
8
BLACK
6
CONTINUOUS
10
3.652804094488189
20
-4.9911599606299211
11
3.6545109842519685
21
-4.9886054724409448
0
LINE
8
BLACK
6
CONTINUOUS
10
3.6545109842519685
20
-4.9886054724409448
11
3.6570654724409448
21
-4.9868985826771652
0
LINE
8
BLACK
6
CONTINUOUS
10
3.6570654724409448
20
-4.9868985826771652
11
3.6600787401574801
21
-4.9862992125984249
0
LINE
8
BLACK
6
CONTINUOUS
10
3.6600787401574801
20
-4.9862992125984249
11
3.6758267716535431
21
-4.9862992125984249
0
LINE
8
BLACK
6
CONTINUOUS
10
3.6758267716535431
20
-4.9862992125984249
11
3.6788400393700789
21
-4.9868985826771652
0
LINE
8
BLACK
6
CONTINUOUS
10
3.7334069685039371
20
-4.9868985826771652
11
3.7359614566929134
21
-4.9886054724409448
0
LINE
8
BLACK
6
CONTINUOUS
10
3.7359614566929134
20
-4.9886054724409448
11
3.7376683464566929
21
-4.9911599606299211
0
LINE
8
BLACK
6
CONTINUOUS
10
3.7376683464566929
20
-4.9911599606299211
11
3.7382677165354328
21
-4.9941732283464564
0
LINE
8
BLACK
6
CONTINUOUS
10
3.7382677165354328
20
-4.9941732283464564
11
3.7382677165354328
21
-5.0158267716535434
0
LINE
8
BLACK
6
CONTINUOUS
10
3.7382677165354328
20
-5.0158267716535434
11
3.7376683464566929
21
-5.0188400393700787
0
LINE
8
BLACK
6
CONTINUOUS
10
3.7376683464566929
20
-5.0188400393700787
11
3.7359614566929134
21
-5.021394527559055
0
LINE
8
BLACK
6
CONTINUOUS
10
3.7359614566929134
20
-5.021394527559055
11
3.7334069685039371
21
-5.0231014173228345
0
LINE
8
BLACK
6
CONTINUOUS
10
3.7334069685039371
20
-5.0231014173228345
11
3.7303937007874013
21
-5.0237007874015749
0
LINE
8
BLACK
6
CONTINUOUS
10
3.7303937007874013
20
-5.0237007874015749
11
3.7146456692913383
21
-5.0237007874015749
0
LINE
8
BLACK
6
CONTINUOUS
10
3.7146456692913383
20
-5.0237007874015749
11
3.711632401574803
21
-5.0231014173228345
0
LINE
8
BLACK
6
CONTINUOUS
10
3.711632401574803
20
-5.0231014173228345
11
3.7090779133858267
21
-5.021394527559055
0
LINE
8
BLACK
6
CONTINUOUS
10
3.7090779133858267
20
-5.021394527559055
11
3.7073710236220472
21
-5.0188400393700787
0
LINE
8
BLACK
6
CONTINUOUS
10
3.7073710236220472
20
-5.0188400393700787
11
3.7067716535433068
21
-5.0158267716535434
0
LINE
8
BLACK
6
CONTINUOUS
10
3.7067716535433068
20
-5.0158267716535434
11
3.7067716535433068
21
-4.9941732283464564
0
LINE
8
BLACK
6
CONTINUOUS
10
3.7067716535433068
20
-4.9941732283464564
11
3.7073710236220472
21
-4.9911599606299211
0
LINE
8
BLACK
6
CONTINUOUS
10
3.7073710236220472
20
-4.9911599606299211
11
3.7090779133858267
21
-4.9886054724409448
0
LINE
8
BLACK
6
CONTINUOUS
10
3.7090779133858267
20
-4.9886054724409448
11
3.711632401574803
21
-4.9868985826771652
0
LINE
8
BLACK
6
CONTINUOUS
10
3.711632401574803
20
-4.9868985826771652
11
3.7146456692913383
21
-4.9862992125984249
0
LINE
8
BLACK
6
CONTINUOUS
10
3.7146456692913383
20
-4.9862992125984249
11
3.7303937007874013
21
-4.9862992125984249
0
LINE
8
BLACK
6
CONTINUOUS
10
3.7303937007874013
20
-4.9862992125984249
11
3.7334069685039371
21
-4.9868985826771652
0
LINE
8
BLACK
6
CONTINUOUS
10
3.7983675984251968
20
-4.9868985826771652
11
3.8009220866141731
21
-4.9886054724409448
0
LINE
8
BLACK
6
CONTINUOUS
10
3.8009220866141731
20
-4.9886054724409448
11
3.8026289763779526
21
-4.9911599606299211
0
LINE
8
BLACK
6
CONTINUOUS
10
3.8026289763779526
20
-4.9911599606299211
11
3.8032283464566929
21
-4.9941732283464564
0
LINE
8
BLACK
6
CONTINUOUS
10
3.8032283464566929
20
-4.9941732283464564
11
3.8032283464566929
21
-5.0158267716535434
0
LINE
8
BLACK
6
CONTINUOUS
10
3.8032283464566929
20
-5.0158267716535434
11
3.8026289763779526
21
-5.0188400393700787
0
LINE
8
BLACK
6
CONTINUOUS
10
3.8026289763779526
20
-5.0188400393700787
11
3.8009220866141731
21
-5.021394527559055
0
LINE
8
BLACK
6
CONTINUOUS
10
3.8009220866141731
20
-5.021394527559055
11
3.7983675984251968
21
-5.0231014173228345
0
LINE
8
BLACK
6
CONTINUOUS
10
3.7983675984251968
20
-5.0231014173228345
11
3.7953543307086615
21
-5.0237007874015749
0
LINE
8
BLACK
6
CONTINUOUS
10
3.7953543307086615
20
-5.0237007874015749
11
3.7796062992125985
21
-5.0237007874015749
0
LINE
8
BLACK
6
CONTINUOUS
10
3.7796062992125985
20
-5.0237007874015749
11
3.7765930314960627
21
-5.0231014173228345
0
LINE
8
BLACK
6
CONTINUOUS
10
3.7765930314960627
20
-5.0231014173228345
11
3.7740385433070864
21
-5.021394527559055
0
LINE
8
BLACK
6
CONTINUOUS
10
3.7740385433070864
20
-5.021394527559055
11
3.7723316535433069
21
-5.0188400393700787
0
LINE
8
BLACK
6
CONTINUOUS
10
3.7723316535433069
20
-5.0188400393700787
11
3.771732283464567
21
-5.0158267716535434
0
LINE
8
BLACK
6
CONTINUOUS
10
3.771732283464567
20
-5.0158267716535434
11
3.771732283464567
21
-4.9941732283464564
0
LINE
8
BLACK
6
CONTINUOUS
10
3.771732283464567
20
-4.9941732283464564
11
3.7723316535433069
21
-4.9911599606299211
0
LINE
8
BLACK
6
CONTINUOUS
10
3.7723316535433069
20
-4.9911599606299211
11
3.7740385433070864
21
-4.9886054724409448
0
LINE
8
BLACK
6
CONTINUOUS
10
3.7740385433070864
20
-4.9886054724409448
11
3.7765930314960627
21
-4.9868985826771652
0
LINE
8
BLACK
6
CONTINUOUS
10
3.7765930314960627
20
-4.9868985826771652
11
3.7796062992125985
21
-4.9862992125984249
0
LINE
8
BLACK
6
CONTINUOUS
10
3.7796062992125985
20
-4.9862992125984249
11
3.7953543307086615
21
-4.9862992125984249
0
LINE
8
BLACK
6
CONTINUOUS
10
3.7953543307086615
20
-4.9862992125984249
11
3.7983675984251968
21
-4.9868985826771652
0
LINE
8
BLACK
6
CONTINUOUS
10
2.9614069685039368
20
-4.956898582677165
11
2.9639614566929131
21
-4.9586054724409445
0
LINE
8
BLACK
6
CONTINUOUS
10
2.9639614566929131
20
-4.9586054724409445
11
2.9656683464566926
21
-4.9611599606299208
0
LINE
8
BLACK
6
CONTINUOUS
10
2.9656683464566926
20
-4.9611599606299208
11
2.966267716535433
21
-4.964173228346457
0
LINE
8
BLACK
6
CONTINUOUS
10
2.966267716535433
20
-4.964173228346457
11
2.966267716535433
21
-4.9858267716535432
0
LINE
8
BLACK
6
CONTINUOUS
10
2.966267716535433
20
-4.9858267716535432
11
2.9656683464566926
21
-4.9888400393700785
0
LINE
8
BLACK
6
CONTINUOUS
10
2.9656683464566926
20
-4.9888400393700785
11
2.9639614566929131
21
-4.9913945275590548
0
LINE
8
BLACK
6
CONTINUOUS
10
2.9639614566929131
20
-4.9913945275590548
11
2.9614069685039368
21
-4.9931014173228343
0
LINE
8
BLACK
6
CONTINUOUS
10
2.9614069685039368
20
-4.9931014173228343
11
2.9583937007874015
21
-4.9937007874015746
0
LINE
8
BLACK
6
CONTINUOUS
10
2.9583937007874015
20
-4.9937007874015746
11
2.9426456692913385
21
-4.9937007874015746
0
LINE
8
BLACK
6
CONTINUOUS
10
2.9426456692913385
20
-4.9937007874015746
11
2.9396324015748032
21
-4.9931014173228343
0
LINE
8
BLACK
6
CONTINUOUS
10
2.9396324015748032
20
-4.9931014173228343
11
2.9370779133858269
21
-4.9913945275590548
0
LINE
8
BLACK
6
CONTINUOUS
10
2.9370779133858269
20
-4.9913945275590548
11
2.9353710236220474
21
-4.9888400393700785
0
LINE
8
BLACK
6
CONTINUOUS
10
2.9353710236220474
20
-4.9888400393700785
11
2.934771653543307
21
-4.9858267716535432
0
LINE
8
BLACK
6
CONTINUOUS
10
2.934771653543307
20
-4.9858267716535432
11
2.934771653543307
21
-4.964173228346457
0
LINE
8
BLACK
6
CONTINUOUS
10
2.934771653543307
20
-4.964173228346457
11
2.9353710236220474
21
-4.9611599606299208
0
LINE
8
BLACK
6
CONTINUOUS
10
2.9353710236220474
20
-4.9611599606299208
11
2.9370779133858269
21
-4.9586054724409445
0
LINE
8
BLACK
6
CONTINUOUS
10
2.9370779133858269
20
-4.9586054724409445
11
2.9396324015748032
21
-4.956898582677165
0
LINE
8
BLACK
6
CONTINUOUS
10
2.9396324015748032
20
-4.956898582677165
11
2.9426456692913385
21
-4.9562992125984247
0
LINE
8
BLACK
6
CONTINUOUS
10
2.9426456692913385
20
-4.9562992125984247
11
2.9583937007874015
21
-4.9562992125984247
0
LINE
8
BLACK
6
CONTINUOUS
10
2.9583937007874015
20
-4.9562992125984247
11
2.9614069685039368
21
-4.956898582677165
0
LINE
8
BLACK
6
CONTINUOUS
10
3.026367598425197
20
-4.956898582677165
11
3.0289220866141733
21
-4.9586054724409445
0
LINE
8
BLACK
6
CONTINUOUS
10
3.0289220866141733
20
-4.9586054724409445
11
3.0306289763779528
21
-4.9611599606299208
0
LINE
8
BLACK
6
CONTINUOUS
10
3.0306289763779528
20
-4.9611599606299208
11
3.0312283464566927
21
-4.964173228346457
0
LINE
8
BLACK
6
CONTINUOUS
10
3.0312283464566927
20
-4.964173228346457
11
3.0312283464566927
21
-4.9858267716535432
0
LINE
8
BLACK
6
CONTINUOUS
10
3.0312283464566927
20
-4.9858267716535432
11
3.0306289763779528
21
-4.9888400393700785
0
LINE
8
BLACK
6
CONTINUOUS
10
3.0306289763779528
20
-4.9888400393700785
11
3.0289220866141733
21
-4.9913945275590548
0
LINE
8
BLACK
6
CONTINUOUS
10
3.0289220866141733
20
-4.9913945275590548
11
3.026367598425197
21
-4.9931014173228343
0
LINE
8
BLACK
6
CONTINUOUS
10
3.026367598425197
20
-4.9931014173228343
11
3.0233543307086612
21
-4.9937007874015746
0
LINE
8
BLACK
6
CONTINUOUS
10
3.0233543307086612
20
-4.9937007874015746
11
3.0076062992125983
21
-4.9937007874015746
0
LINE
8
BLACK
6
CONTINUOUS
10
3.0076062992125983
20
-4.9937007874015746
11
3.0045930314960629
21
-4.9931014173228343
0
LINE
8
BLACK
6
CONTINUOUS
10
3.0045930314960629
20
-4.9931014173228343
11
3.0020385433070866
21
-4.9913945275590548
0
LINE
8
BLACK
6
CONTINUOUS
10
3.0020385433070866
20
-4.9913945275590548
11
3.0003316535433071
21
-4.9888400393700785
0
LINE
8
BLACK
6
CONTINUOUS
10
3.0003316535433071
20
-4.9888400393700785
11
2.9997322834645668
21
-4.9858267716535432
0
LINE
8
BLACK
6
CONTINUOUS
10
2.9997322834645668
20
-4.9858267716535432
11
2.9997322834645668
21
-4.964173228346457
0
LINE
8
BLACK
6
CONTINUOUS
10
2.9997322834645668
20
-4.964173228346457
11
3.0003316535433071
21
-4.9611599606299208
0
LINE
8
BLACK
6
CONTINUOUS
10
3.0003316535433071
20
-4.9611599606299208
11
3.0020385433070866
21
-4.9586054724409445
0
LINE
8
BLACK
6
CONTINUOUS
10
3.0020385433070866
20
-4.9586054724409445
11
3.0045930314960629
21
-4.956898582677165
0
LINE
8
BLACK
6
CONTINUOUS
10
3.0045930314960629
20
-4.956898582677165
11
3.0076062992125983
21
-4.9562992125984247
0
LINE
8
BLACK
6
CONTINUOUS
10
3.0076062992125983
20
-4.9562992125984247
11
3.0233543307086612
21
-4.9562992125984247
0
LINE
8
BLACK
6
CONTINUOUS
10
3.0233543307086612
20
-4.9562992125984247
11
3.026367598425197
21
-4.956898582677165
0
LINE
8
BLACK
6
CONTINUOUS
10
3.1119069685039369
20
-4.956898582677165
11
3.1144614566929132
21
-4.9586054724409445
0
LINE
8
BLACK
6
CONTINUOUS
10
3.1144614566929132
20
-4.9586054724409445
11
3.1161683464566927
21
-4.9611599606299208
0
LINE
8
BLACK
6
CONTINUOUS
10
3.1161683464566927
20
-4.9611599606299208
11
3.1167677165354331
21
-4.964173228346457
0
LINE
8
BLACK
6
CONTINUOUS
10
3.1167677165354331
20
-4.964173228346457
11
3.1167677165354331
21
-4.9858267716535432
0
LINE
8
BLACK
6
CONTINUOUS
10
3.1167677165354331
20
-4.9858267716535432
11
3.1161683464566927
21
-4.9888400393700785
0
LINE
8
BLACK
6
CONTINUOUS
10
3.1161683464566927
20
-4.9888400393700785
11
3.1144614566929132
21
-4.9913945275590548
0
LINE
8
BLACK
6
CONTINUOUS
10
3.1144614566929132
20
-4.9913945275590548
11
3.1119069685039369
21
-4.9931014173228343
0
LINE
8
BLACK
6
CONTINUOUS
10
3.1119069685039369
20
-4.9931014173228343
11
3.1088937007874016
21
-4.9937007874015746
0
LINE
8
BLACK
6
CONTINUOUS
10
3.1088937007874016
20
-4.9937007874015746
11
3.0931456692913386
21
-4.9937007874015746
0
LINE
8
BLACK
6
CONTINUOUS
10
3.0931456692913386
20
-4.9937007874015746
11
3.0901324015748033
21
-4.9931014173228343
0
LINE
8
BLACK
6
CONTINUOUS
10
3.0901324015748033
20
-4.9931014173228343
11
3.0875779133858265
21
-4.9913945275590548
0
LINE
8
BLACK
6
CONTINUOUS
10
3.0875779133858265
20
-4.9913945275590548
11
3.085871023622047
21
-4.9888400393700785
0
LINE
8
BLACK
6
CONTINUOUS
10
3.085871023622047
20
-4.9888400393700785
11
3.0852716535433071
21
-4.9858267716535432
0
LINE
8
BLACK
6
CONTINUOUS
10
3.0852716535433071
20
-4.9858267716535432
11
3.0852716535433071
21
-4.964173228346457
0
LINE
8
BLACK
6
CONTINUOUS
10
3.0852716535433071
20
-4.964173228346457
11
3.085871023622047
21
-4.9611599606299208
0
LINE
8
BLACK
6
CONTINUOUS
10
3.085871023622047
20
-4.9611599606299208
11
3.0875779133858265
21
-4.9586054724409445
0
LINE
8
BLACK
6
CONTINUOUS
10
3.0875779133858265
20
-4.9586054724409445
11
3.0901324015748033
21
-4.956898582677165
0
LINE
8
BLACK
6
CONTINUOUS
10
3.0901324015748033
20
-4.956898582677165
11
3.0931456692913386
21
-4.9562992125984247
0
LINE
8
BLACK
6
CONTINUOUS
10
3.0931456692913386
20
-4.9562992125984247
11
3.1088937007874016
21
-4.9562992125984247
0
LINE
8
BLACK
6
CONTINUOUS
10
3.1088937007874016
20
-4.9562992125984247
11
3.1119069685039369
21
-4.956898582677165
0
LINE
8
BLACK
6
CONTINUOUS
10
3.1768675984251966
20
-4.956898582677165
11
3.1794220866141734
21
-4.9586054724409445
0
LINE
8
BLACK
6
CONTINUOUS
10
3.1794220866141734
20
-4.9586054724409445
11
3.1811289763779529
21
-4.9611599606299208
0
LINE
8
BLACK
6
CONTINUOUS
10
3.1811289763779529
20
-4.9611599606299208
11
3.1817283464566928
21
-4.964173228346457
0
LINE
8
BLACK
6
CONTINUOUS
10
3.1817283464566928
20
-4.964173228346457
11
3.1817283464566928
21
-4.9858267716535432
0
LINE
8
BLACK
6
CONTINUOUS
10
3.1817283464566928
20
-4.9858267716535432
11
3.1811289763779529
21
-4.9888400393700785
0
LINE
8
BLACK
6
CONTINUOUS
10
3.1811289763779529
20
-4.9888400393700785
11
3.1794220866141734
21
-4.9913945275590548
0
LINE
8
BLACK
6
CONTINUOUS
10
3.1794220866141734
20
-4.9913945275590548
11
3.1768675984251966
21
-4.9931014173228343
0
LINE
8
BLACK
6
CONTINUOUS
10
3.1768675984251966
20
-4.9931014173228343
11
3.1738543307086613
21
-4.9937007874015746
0
LINE
8
BLACK
6
CONTINUOUS
10
3.1738543307086613
20
-4.9937007874015746
11
3.1581062992125983
21
-4.9937007874015746
0
LINE
8
BLACK
6
CONTINUOUS
10
3.1581062992125983
20
-4.9937007874015746
11
3.155093031496063
21
-4.9931014173228343
0
LINE
8
BLACK
6
CONTINUOUS
10
3.155093031496063
20
-4.9931014173228343
11
3.1525385433070867
21
-4.9913945275590548
0
LINE
8
BLACK
6
CONTINUOUS
10
3.1525385433070867
20
-4.9913945275590548
11
3.1508316535433072
21
-4.9888400393700785
0
LINE
8
BLACK
6
CONTINUOUS
10
3.1508316535433072
20
-4.9888400393700785
11
3.1502322834645669
21
-4.9858267716535432
0
LINE
8
BLACK
6
CONTINUOUS
10
3.1502322834645669
20
-4.9858267716535432
11
3.1502322834645669
21
-4.964173228346457
0
LINE
8
BLACK
6
CONTINUOUS
10
3.1502322834645669
20
-4.964173228346457
11
3.1508316535433072
21
-4.9611599606299208
0
LINE
8
BLACK
6
CONTINUOUS
10
3.1508316535433072
20
-4.9611599606299208
11
3.1525385433070867
21
-4.9586054724409445
0
LINE
8
BLACK
6
CONTINUOUS
10
3.1525385433070867
20
-4.9586054724409445
11
3.155093031496063
21
-4.956898582677165
0
LINE
8
BLACK
6
CONTINUOUS
10
3.155093031496063
20
-4.956898582677165
11
3.1581062992125983
21
-4.9562992125984247
0
LINE
8
BLACK
6
CONTINUOUS
10
3.1581062992125983
20
-4.9562992125984247
11
3.1738543307086613
21
-4.9562992125984247
0
LINE
8
BLACK
6
CONTINUOUS
10
3.1738543307086613
20
-4.9562992125984247
11
3.1768675984251966
21
-4.956898582677165
0
LINE
8
BLACK
6
CONTINUOUS
10
3.4641090944881889
20
-4.9031901574803145
11
3.4673022440944883
21
-4.9053237401574803
0
LINE
8
BLACK
6
CONTINUOUS
10
3.4673022440944883
20
-4.9053237401574803
11
3.4694358267716536
21
-4.9085168897637796
0
LINE
8
BLACK
6
CONTINUOUS
10
3.4694358267716536
20
-4.9085168897637796
11
3.4701850393700786
21
-4.9122834645669293
0
LINE
8
BLACK
6
CONTINUOUS
10
3.4701850393700786
20
-4.9122834645669293
11
3.4701850393700786
21
-4.947716535433071
0
LINE
8
BLACK
6
CONTINUOUS
10
3.4701850393700786
20
-4.947716535433071
11
3.4694358267716536
21
-4.9514831102362207
0
LINE
8
BLACK
6
CONTINUOUS
10
3.4694358267716536
20
-4.9514831102362207
11
3.4673022440944883
21
-4.9546762598425191
0
LINE
8
BLACK
6
CONTINUOUS
10
3.4673022440944883
20
-4.9546762598425191
11
3.4641090944881889
21
-4.9568098425196849
0
LINE
8
BLACK
6
CONTINUOUS
10
3.4641090944881889
20
-4.9568098425196849
11
3.4603425196850393
21
-4.9575590551181099
0
LINE
8
BLACK
6
CONTINUOUS
10
3.4603425196850393
20
-4.9575590551181099
11
3.4347519685039369
21
-4.9575590551181099
0
LINE
8
BLACK
6
CONTINUOUS
10
3.4347519685039369
20
-4.9575590551181099
11
3.4309853937007873
21
-4.9568098425196849
0
LINE
8
BLACK
6
CONTINUOUS
10
3.4309853937007873
20
-4.9568098425196849
11
3.4277922440944879
21
-4.9546762598425191
0
LINE
8
BLACK
6
CONTINUOUS
10
3.4277922440944879
20
-4.9546762598425191
11
3.4256586614173226
21
-4.9514831102362207
0
LINE
8
BLACK
6
CONTINUOUS
10
3.4256586614173226
20
-4.9514831102362207
11
3.4249094488188976
21
-4.947716535433071
0
LINE
8
BLACK
6
CONTINUOUS
10
3.4249094488188976
20
-4.947716535433071
11
3.4249094488188976
21
-4.9122834645669293
0
LINE
8
BLACK
6
CONTINUOUS
10
3.4249094488188976
20
-4.9122834645669293
11
3.4256586614173226
21
-4.9085168897637796
0
LINE
8
BLACK
6
CONTINUOUS
10
3.4256586614173226
20
-4.9085168897637796
11
3.4277922440944879
21
-4.9053237401574803
0
LINE
8
BLACK
6
CONTINUOUS
10
3.4277922440944879
20
-4.9053237401574803
11
3.4309853937007873
21
-4.9031901574803145
0
LINE
8
BLACK
6
CONTINUOUS
10
3.4309853937007873
20
-4.9031901574803145
11
3.4347519685039369
21
-4.9024409448818895
0
LINE
8
BLACK
6
CONTINUOUS
10
3.4347519685039369
20
-4.9024409448818895
11
3.4603425196850393
21
-4.9024409448818895
0
LINE
8
BLACK
6
CONTINUOUS
10
3.4603425196850393
20
-4.9024409448818895
11
3.4641090944881889
21
-4.9031901574803145
0
LINE
8
BLACK
6
CONTINUOUS
10
3.5448177559055116
20
-4.9031901574803145
11
3.548010905511811
21
-4.9053237401574803
0
LINE
8
BLACK
6
CONTINUOUS
10
3.548010905511811
20
-4.9053237401574803
11
3.5501444881889763
21
-4.9085168897637796
0
LINE
8
BLACK
6
CONTINUOUS
10
3.5501444881889763
20
-4.9085168897637796
11
3.5508937007874013
21
-4.9122834645669293
0
LINE
8
BLACK
6
CONTINUOUS
10
3.5508937007874013
20
-4.9122834645669293
11
3.5508937007874013
21
-4.947716535433071
0
LINE
8
BLACK
6
CONTINUOUS
10
3.5508937007874013
20
-4.947716535433071
11
3.5501444881889763
21
-4.9514831102362207
0
LINE
8
BLACK
6
CONTINUOUS
10
3.5501444881889763
20
-4.9514831102362207
11
3.548010905511811
21
-4.9546762598425191
0
LINE
8
BLACK
6
CONTINUOUS
10
3.548010905511811
20
-4.9546762598425191
11
3.5448177559055116
21
-4.9568098425196849
0
LINE
8
BLACK
6
CONTINUOUS
10
3.5448177559055116
20
-4.9568098425196849
11
3.5410511811023619
21
-4.9575590551181099
0
LINE
8
BLACK
6
CONTINUOUS
10
3.5410511811023619
20
-4.9575590551181099
11
3.5154606299212596
21
-4.9575590551181099
0
LINE
8
BLACK
6
CONTINUOUS
10
3.5154606299212596
20
-4.9575590551181099
11
3.5116940551181099
21
-4.9568098425196849
0
LINE
8
BLACK
6
CONTINUOUS
10
3.5116940551181099
20
-4.9568098425196849
11
3.508500905511811
21
-4.9546762598425191
0
LINE
8
BLACK
6
CONTINUOUS
10
3.508500905511811
20
-4.9546762598425191
11
3.5063673228346457
21
-4.9514831102362207
0
LINE
8
BLACK
6
CONTINUOUS
10
3.5063673228346457
20
-4.9514831102362207
11
3.5056181102362203
21
-4.947716535433071
0
LINE
8
BLACK
6
CONTINUOUS
10
3.5056181102362203
20
-4.947716535433071
11
3.5056181102362203
21
-4.9122834645669293
0
LINE
8
BLACK
6
CONTINUOUS
10
3.5056181102362203
20
-4.9122834645669293
11
3.5063673228346457
21
-4.9085168897637796
0
LINE
8
BLACK
6
CONTINUOUS
10
3.5063673228346457
20
-4.9085168897637796
11
3.508500905511811
21
-4.9053237401574803
0
LINE
8
BLACK
6
CONTINUOUS
10
3.508500905511811
20
-4.9053237401574803
11
3.5116940551181099
21
-4.9031901574803145
0
LINE
8
BLACK
6
CONTINUOUS
10
3.5116940551181099
20
-4.9031901574803145
11
3.5154606299212596
21
-4.9024409448818895
0
LINE
8
BLACK
6
CONTINUOUS
10
3.5154606299212596
20
-4.9024409448818895
11
3.5410511811023619
21
-4.9024409448818895
0
LINE
8
BLACK
6
CONTINUOUS
10
3.5410511811023619
20
-4.9024409448818895
11
3.5448177559055116
21
-4.9031901574803145
0
LINE
8
BLACK
6
CONTINUOUS
10
3.6134069685039369
20
-4.9118985826771651
11
3.6159614566929132
21
-4.9136054724409446
0
LINE
8
BLACK
6
CONTINUOUS
10
3.6159614566929132
20
-4.9136054724409446
11
3.6176683464566928
21
-4.9161599606299209
0
LINE
8
BLACK
6
CONTINUOUS
10
3.6176683464566928
20
-4.9161599606299209
11
3.6182677165354331
21
-4.9191732283464562
0
LINE
8
BLACK
6
CONTINUOUS
10
3.6182677165354331
20
-4.9191732283464562
11
3.6182677165354331
21
-4.9408267716535432
0
LINE
8
BLACK
6
CONTINUOUS
10
3.6182677165354331
20
-4.9408267716535432
11
3.6176683464566928
21
-4.9438400393700785
0
LINE
8
BLACK
6
CONTINUOUS
10
3.6176683464566928
20
-4.9438400393700785
11
3.6159614566929132
21
-4.9463945275590548
0
LINE
8
BLACK
6
CONTINUOUS
10
3.6159614566929132
20
-4.9463945275590548
11
3.6134069685039369
21
-4.9481014173228344
0
LINE
8
BLACK
6
CONTINUOUS
10
3.6134069685039369
20
-4.9481014173228344
11
3.6103937007874016
21
-4.9487007874015747
0
LINE
8
BLACK
6
CONTINUOUS
10
3.6103937007874016
20
-4.9487007874015747
11
3.5946456692913387
21
-4.9487007874015747
0
LINE
8
BLACK
6
CONTINUOUS
10
3.5946456692913387
20
-4.9487007874015747
11
3.5916324015748029
21
-4.9481014173228344
0
LINE
8
BLACK
6
CONTINUOUS
10
3.5916324015748029
20
-4.9481014173228344
11
3.5890779133858266
21
-4.9463945275590548
0
LINE
8
BLACK
6
CONTINUOUS
10
3.5890779133858266
20
-4.9463945275590548
11
3.5873710236220471
21
-4.9438400393700785
0
LINE
8
BLACK
6
CONTINUOUS
10
3.5873710236220471
20
-4.9438400393700785
11
3.5867716535433072
21
-4.9408267716535432
0
LINE
8
BLACK
6
CONTINUOUS
10
3.5867716535433072
20
-4.9408267716535432
11
3.5867716535433072
21
-4.9191732283464562
0
LINE
8
BLACK
6
CONTINUOUS
10
3.5867716535433072
20
-4.9191732283464562
11
3.5873710236220471
21
-4.9161599606299209
0
LINE
8
BLACK
6
CONTINUOUS
10
3.5873710236220471
20
-4.9161599606299209
11
3.5890779133858266
21
-4.9136054724409446
0
LINE
8
BLACK
6
CONTINUOUS
10
3.5890779133858266
20
-4.9136054724409446
11
3.5916324015748029
21
-4.9118985826771651
0
LINE
8
BLACK
6
CONTINUOUS
10
3.5916324015748029
20
-4.9118985826771651
11
3.5946456692913387
21
-4.9112992125984247
0
LINE
8
BLACK
6
CONTINUOUS
10
3.5946456692913387
20
-4.9112992125984247
11
3.6103937007874016
21
-4.9112992125984247
0
LINE
8
BLACK
6
CONTINUOUS
10
3.6103937007874016
20
-4.9112992125984247
11
3.6134069685039369
21
-4.9118985826771651
0
LINE
8
BLACK
6
CONTINUOUS
10
3.6783675984251967
20
-4.9118985826771651
11
3.680922086614173
21
-4.9136054724409446
0
LINE
8
BLACK
6
CONTINUOUS
10
3.680922086614173
20
-4.9136054724409446
11
3.6826289763779525
21
-4.9161599606299209
0
LINE
8
BLACK
6
CONTINUOUS
10
3.6826289763779525
20
-4.9161599606299209
11
3.6832283464566928
21
-4.9191732283464562
0
LINE
8
BLACK
6
CONTINUOUS
10
3.6832283464566928
20
-4.9191732283464562
11
3.6832283464566928
21
-4.9408267716535432
0
LINE
8
BLACK
6
CONTINUOUS
10
3.6832283464566928
20
-4.9408267716535432
11
3.6826289763779525
21
-4.9438400393700785
0
LINE
8
BLACK
6
CONTINUOUS
10
3.6826289763779525
20
-4.9438400393700785
11
3.680922086614173
21
-4.9463945275590548
0
LINE
8
BLACK
6
CONTINUOUS
10
3.680922086614173
20
-4.9463945275590548
11
3.6783675984251967
21
-4.9481014173228344
0
LINE
8
BLACK
6
CONTINUOUS
10
3.6783675984251967
20
-4.9481014173228344
11
3.6753543307086614
21
-4.9487007874015747
0
LINE
8
BLACK
6
CONTINUOUS
10
3.6753543307086614
20
-4.9487007874015747
11
3.6596062992125984
21
-4.9487007874015747
0
LINE
8
BLACK
6
CONTINUOUS
10
3.6596062992125984
20
-4.9487007874015747
11
3.6565930314960631
21
-4.9481014173228344
0
LINE
8
BLACK
6
CONTINUOUS
10
3.6565930314960631
20
-4.9481014173228344
11
3.6540385433070863
21
-4.9463945275590548
0
LINE
8
BLACK
6
CONTINUOUS
10
3.6540385433070863
20
-4.9463945275590548
11
3.6523316535433068
21
-4.9438400393700785
0
LINE
8
BLACK
6
CONTINUOUS
10
3.6523316535433068
20
-4.9438400393700785
11
3.6517322834645669
21
-4.9408267716535432
0
LINE
8
BLACK
6
CONTINUOUS
10
3.6517322834645669
20
-4.9408267716535432
11
3.6517322834645669
21
-4.9191732283464562
0
LINE
8
BLACK
6
CONTINUOUS
10
3.6517322834645669
20
-4.9191732283464562
11
3.6523316535433068
21
-4.9161599606299209
0
LINE
8
BLACK
6
CONTINUOUS
10
3.6523316535433068
20
-4.9161599606299209
11
3.6540385433070863
21
-4.9136054724409446
0
LINE
8
BLACK
6
CONTINUOUS
10
3.6540385433070863
20
-4.9136054724409446
11
3.6565930314960631
21
-4.9118985826771651
0
LINE
8
BLACK
6
CONTINUOUS
10
3.6565930314960631
20
-4.9118985826771651
11
3.6596062992125984
21
-4.9112992125984247
0
LINE
8
BLACK
6
CONTINUOUS
10
3.6596062992125984
20
-4.9112992125984247
11
3.6753543307086614
21
-4.9112992125984247
0
LINE
8
BLACK
6
CONTINUOUS
10
3.6753543307086614
20
-4.9112992125984247
11
3.6783675984251967
21
-4.9118985826771651
0
LINE
8
BLACK
6
CONTINUOUS
10
3.7334069685039371
20
-4.9118985826771651
11
3.7359614566929134
21
-4.9136054724409446
0
LINE
8
BLACK
6
CONTINUOUS
10
3.7359614566929134
20
-4.9136054724409446
11
3.7376683464566929
21
-4.9161599606299209
0
LINE
8
BLACK
6
CONTINUOUS
10
3.7376683464566929
20
-4.9161599606299209
11
3.7382677165354328
21
-4.9191732283464562
0
LINE
8
BLACK
6
CONTINUOUS
10
3.7382677165354328
20
-4.9191732283464562
11
3.7382677165354328
21
-4.9408267716535432
0
LINE
8
BLACK
6
CONTINUOUS
10
3.7382677165354328
20
-4.9408267716535432
11
3.7376683464566929
21
-4.9438400393700785
0
LINE
8
BLACK
6
CONTINUOUS
10
3.7376683464566929
20
-4.9438400393700785
11
3.7359614566929134
21
-4.9463945275590548
0
LINE
8
BLACK
6
CONTINUOUS
10
3.7359614566929134
20
-4.9463945275590548
11
3.7334069685039371
21
-4.9481014173228344
0
LINE
8
BLACK
6
CONTINUOUS
10
3.7334069685039371
20
-4.9481014173228344
11
3.7303937007874013
21
-4.9487007874015747
0
LINE
8
BLACK
6
CONTINUOUS
10
3.7303937007874013
20
-4.9487007874015747
11
3.7146456692913383
21
-4.9487007874015747
0
LINE
8
BLACK
6
CONTINUOUS
10
3.7146456692913383
20
-4.9487007874015747
11
3.711632401574803
21
-4.9481014173228344
0
LINE
8
BLACK
6
CONTINUOUS
10
3.711632401574803
20
-4.9481014173228344
11
3.7090779133858267
21
-4.9463945275590548
0
LINE
8
BLACK
6
CONTINUOUS
10
3.7090779133858267
20
-4.9463945275590548
11
3.7073710236220472
21
-4.9438400393700785
0
LINE
8
BLACK
6
CONTINUOUS
10
3.7073710236220472
20
-4.9438400393700785
11
3.7067716535433068
21
-4.9408267716535432
0
LINE
8
BLACK
6
CONTINUOUS
10
3.7067716535433068
20
-4.9408267716535432
11
3.7067716535433068
21
-4.9191732283464562
0
LINE
8
BLACK
6
CONTINUOUS
10
3.7067716535433068
20
-4.9191732283464562
11
3.7073710236220472
21
-4.9161599606299209
0
LINE
8
BLACK
6
CONTINUOUS
10
3.7073710236220472
20
-4.9161599606299209
11
3.7090779133858267
21
-4.9136054724409446
0
LINE
8
BLACK
6
CONTINUOUS
10
3.7090779133858267
20
-4.9136054724409446
11
3.711632401574803
21
-4.9118985826771651
0
LINE
8
BLACK
6
CONTINUOUS
10
3.711632401574803
20
-4.9118985826771651
11
3.7146456692913383
21
-4.9112992125984247
0
LINE
8
BLACK
6
CONTINUOUS
10
3.7146456692913383
20
-4.9112992125984247
11
3.7303937007874013
21
-4.9112992125984247
0
LINE
8
BLACK
6
CONTINUOUS
10
3.7303937007874013
20
-4.9112992125984247
11
3.7334069685039371
21
-4.9118985826771651
0
LINE
8
BLACK
6
CONTINUOUS
10
3.7983675984251968
20
-4.9118985826771651
11
3.8009220866141731
21
-4.9136054724409446
0
LINE
8
BLACK
6
CONTINUOUS
10
3.8009220866141731
20
-4.9136054724409446
11
3.8026289763779526
21
-4.9161599606299209
0
LINE
8
BLACK
6
CONTINUOUS
10
3.8026289763779526
20
-4.9161599606299209
11
3.8032283464566929
21
-4.9191732283464562
0
LINE
8
BLACK
6
CONTINUOUS
10
3.8032283464566929
20
-4.9191732283464562
11
3.8032283464566929
21
-4.9408267716535432
0
LINE
8
BLACK
6
CONTINUOUS
10
3.8032283464566929
20
-4.9408267716535432
11
3.8026289763779526
21
-4.9438400393700785
0
LINE
8
BLACK
6
CONTINUOUS
10
3.8026289763779526
20
-4.9438400393700785
11
3.8009220866141731
21
-4.9463945275590548
0
LINE
8
BLACK
6
CONTINUOUS
10
3.8009220866141731
20
-4.9463945275590548
11
3.7983675984251968
21
-4.9481014173228344
0
LINE
8
BLACK
6
CONTINUOUS
10
3.7983675984251968
20
-4.9481014173228344
11
3.7953543307086615
21
-4.9487007874015747
0
LINE
8
BLACK
6
CONTINUOUS
10
3.7953543307086615
20
-4.9487007874015747
11
3.7796062992125985
21
-4.9487007874015747
0
LINE
8
BLACK
6
CONTINUOUS
10
3.7796062992125985
20
-4.9487007874015747
11
3.7765930314960627
21
-4.9481014173228344
0
LINE
8
BLACK
6
CONTINUOUS
10
3.7765930314960627
20
-4.9481014173228344
11
3.7740385433070864
21
-4.9463945275590548
0
LINE
8
BLACK
6
CONTINUOUS
10
3.7740385433070864
20
-4.9463945275590548
11
3.7723316535433069
21
-4.9438400393700785
0
LINE
8
BLACK
6
CONTINUOUS
10
3.7723316535433069
20
-4.9438400393700785
11
3.771732283464567
21
-4.9408267716535432
0
LINE
8
BLACK
6
CONTINUOUS
10
3.771732283464567
20
-4.9408267716535432
11
3.771732283464567
21
-4.9191732283464562
0
LINE
8
BLACK
6
CONTINUOUS
10
3.771732283464567
20
-4.9191732283464562
11
3.7723316535433069
21
-4.9161599606299209
0
LINE
8
BLACK
6
CONTINUOUS
10
3.7723316535433069
20
-4.9161599606299209
11
3.7740385433070864
21
-4.9136054724409446
0
LINE
8
BLACK
6
CONTINUOUS
10
3.7740385433070864
20
-4.9136054724409446
11
3.7765930314960627
21
-4.9118985826771651
0
LINE
8
BLACK
6
CONTINUOUS
10
3.7765930314960627
20
-4.9118985826771651
11
3.7796062992125985
21
-4.9112992125984247
0
LINE
8
BLACK
6
CONTINUOUS
10
3.7796062992125985
20
-4.9112992125984247
11
3.7953543307086615
21
-4.9112992125984247
0
LINE
8
BLACK
6
CONTINUOUS
10
3.7953543307086615
20
-4.9112992125984247
11
3.7983675984251968
21
-4.9118985826771651
0
LINE
8
BLACK
6
CONTINUOUS
10
2.9612324409448818
20
-4.8884695669291336
11
2.9641062598425196
21
-4.8903898031496063
0
LINE
8
BLACK
6
CONTINUOUS
10
2.9641062598425196
20
-4.8903898031496063
11
2.9660264960629918
21
-4.8932636220472441
0
LINE
8
BLACK
6
CONTINUOUS
10
2.9660264960629918
20
-4.8932636220472441
11
2.9667007874015749
21
-4.8966535433070861
0
LINE
8
BLACK
6
CONTINUOUS
10
2.9667007874015749
20
-4.8966535433070861
11
2.9667007874015749
21
-4.9143700787401574
0
LINE
8
BLACK
6
CONTINUOUS
10
2.9667007874015749
20
-4.9143700787401574
11
2.9660264960629918
21
-4.9177599999999995
0
LINE
8
BLACK
6
CONTINUOUS
10
2.9660264960629918
20
-4.9177599999999995
11
2.9641062598425196
21
-4.9206338188976373
0
LINE
8
BLACK
6
CONTINUOUS
10
2.9641062598425196
20
-4.9206338188976373
11
2.9612324409448818
21
-4.92255405511811
0
LINE
8
BLACK
6
CONTINUOUS
10
2.9612324409448818
20
-4.92255405511811
11
2.9578425196850393
21
-4.9232283464566926
0
LINE
8
BLACK
6
CONTINUOUS
10
2.9578425196850393
20
-4.9232283464566926
11
2.9381574803149606
21
-4.9232283464566926
0
LINE
8
BLACK
6
CONTINUOUS
10
2.9381574803149606
20
-4.9232283464566926
11
2.9347675590551181
21
-4.92255405511811
0
LINE
8
BLACK
6
CONTINUOUS
10
2.9347675590551181
20
-4.92255405511811
11
2.9318937401574803
21
-4.9206338188976373
0
LINE
8
BLACK
6
CONTINUOUS
10
2.9318937401574803
20
-4.9206338188976373
11
2.9299735039370076
21
-4.9177599999999995
0
LINE
8
BLACK
6
CONTINUOUS
10
2.9299735039370076
20
-4.9177599999999995
11
2.929299212598425
21
-4.9143700787401574
0
LINE
8
BLACK
6
CONTINUOUS
10
2.929299212598425
20
-4.9143700787401574
11
2.929299212598425
21
-4.8966535433070861
0
LINE
8
BLACK
6
CONTINUOUS
10
2.929299212598425
20
-4.8966535433070861
11
2.9299735039370076
21
-4.8932636220472441
0
LINE
8
BLACK
6
CONTINUOUS
10
2.9299735039370076
20
-4.8932636220472441
11
2.9318937401574803
21
-4.8903898031496063
0
LINE
8
BLACK
6
CONTINUOUS
10
2.9318937401574803
20
-4.8903898031496063
11
2.9347675590551181
21
-4.8884695669291336
0
LINE
8
BLACK
6
CONTINUOUS
10
2.9347675590551181
20
-4.8884695669291336
11
2.9381574803149606
21
-4.8877952755905509
0
LINE
8
BLACK
6
CONTINUOUS
10
2.9381574803149606
20
-4.8877952755905509
11
2.9578425196850393
21
-4.8877952755905509
0
LINE
8
BLACK
6
CONTINUOUS
10
2.9578425196850393
20
-4.8877952755905509
11
2.9612324409448818
21
-4.8884695669291336
0
LINE
8
BLACK
6
CONTINUOUS
10
3.0312324409448816
20
-4.8884695669291336
11
3.0341062598425195
21
-4.8903898031496063
0
LINE
8
BLACK
6
CONTINUOUS
10
3.0341062598425195
20
-4.8903898031496063
11
3.0360264960629921
21
-4.8932636220472441
0
LINE
8
BLACK
6
CONTINUOUS
10
3.0360264960629921
20
-4.8932636220472441
11
3.0367007874015748
21
-4.8966535433070861
0
LINE
8
BLACK
6
CONTINUOUS
10
3.0367007874015748
20
-4.8966535433070861
11
3.0367007874015748
21
-4.9143700787401574
0
LINE
8
BLACK
6
CONTINUOUS
10
3.0367007874015748
20
-4.9143700787401574
11
3.0360264960629921
21
-4.9177599999999995
0
LINE
8
BLACK
6
CONTINUOUS
10
3.0360264960629921
20
-4.9177599999999995
11
3.0341062598425195
21
-4.9206338188976373
0
LINE
8
BLACK
6
CONTINUOUS
10
3.0341062598425195
20
-4.9206338188976373
11
3.0312324409448816
21
-4.92255405511811
0
LINE
8
BLACK
6
CONTINUOUS
10
3.0312324409448816
20
-4.92255405511811
11
3.0278425196850391
21
-4.9232283464566926
0
LINE
8
BLACK
6
CONTINUOUS
10
3.0278425196850391
20
-4.9232283464566926
11
3.0081574803149604
21
-4.9232283464566926
0
LINE
8
BLACK
6
CONTINUOUS
10
3.0081574803149604
20
-4.9232283464566926
11
3.0047675590551179
21
-4.92255405511811
0
LINE
8
BLACK
6
CONTINUOUS
10
3.0047675590551179
20
-4.92255405511811
11
3.0018937401574801
21
-4.9206338188976373
0
LINE
8
BLACK
6
CONTINUOUS
10
3.0018937401574801
20
-4.9206338188976373
11
2.9999735039370079
21
-4.9177599999999995
0
LINE
8
BLACK
6
CONTINUOUS
10
2.9999735039370079
20
-4.9177599999999995
11
2.9992992125984252
21
-4.9143700787401574
0
LINE
8
BLACK
6
CONTINUOUS
10
2.9992992125984252
20
-4.9143700787401574
11
2.9992992125984252
21
-4.8966535433070861
0
LINE
8
BLACK
6
CONTINUOUS
10
2.9992992125984252
20
-4.8966535433070861
11
2.9999735039370079
21
-4.8932636220472441
0
LINE
8
BLACK
6
CONTINUOUS
10
2.9999735039370079
20
-4.8932636220472441
11
3.0018937401574801
21
-4.8903898031496063
0
LINE
8
BLACK
6
CONTINUOUS
10
3.0018937401574801
20
-4.8903898031496063
11
3.0047675590551179
21
-4.8884695669291336
0
LINE
8
BLACK
6
CONTINUOUS
10
3.0047675590551179
20
-4.8884695669291336
11
3.0081574803149604
21
-4.8877952755905509
0
LINE
8
BLACK
6
CONTINUOUS
10
3.0081574803149604
20
-4.8877952755905509
11
3.0278425196850391
21
-4.8877952755905509
0
LINE
8
BLACK
6
CONTINUOUS
10
3.0278425196850391
20
-4.8877952755905509
11
3.0312324409448816
21
-4.8884695669291336
0
LINE
8
BLACK
6
CONTINUOUS
10
3.1117324409448819
20
-4.8884695669291336
11
3.1146062598425197
21
-4.8903898031496063
0
LINE
8
BLACK
6
CONTINUOUS
10
3.1146062598425197
20
-4.8903898031496063
11
3.1165264960629919
21
-4.8932636220472441
0
LINE
8
BLACK
6
CONTINUOUS
10
3.1165264960629919
20
-4.8932636220472441
11
3.1172007874015746
21
-4.8966535433070861
0
LINE
8
BLACK
6
CONTINUOUS
10
3.1172007874015746
20
-4.8966535433070861
11
3.1172007874015746
21
-4.9143700787401574
0
LINE
8
BLACK
6
CONTINUOUS
10
3.1172007874015746
20
-4.9143700787401574
11
3.1165264960629919
21
-4.9177599999999995
0
LINE
8
BLACK
6
CONTINUOUS
10
3.1165264960629919
20
-4.9177599999999995
11
3.1146062598425197
21
-4.9206338188976373
0
LINE
8
BLACK
6
CONTINUOUS
10
3.1146062598425197
20
-4.9206338188976373
11
3.1117324409448819
21
-4.92255405511811
0
LINE
8
BLACK
6
CONTINUOUS
10
3.1117324409448819
20
-4.92255405511811
11
3.1083425196850394
21
-4.9232283464566926
0
LINE
8
BLACK
6
CONTINUOUS
10
3.1083425196850394
20
-4.9232283464566926
11
3.0886574803149607
21
-4.9232283464566926
0
LINE
8
BLACK
6
CONTINUOUS
10
3.0886574803149607
20
-4.9232283464566926
11
3.0852675590551182
21
-4.92255405511811
0
LINE
8
BLACK
6
CONTINUOUS
10
3.0852675590551182
20
-4.92255405511811
11
3.0823937401574804
21
-4.9206338188976373
0
LINE
8
BLACK
6
CONTINUOUS
10
3.0823937401574804
20
-4.9206338188976373
11
3.0804735039370077
21
-4.9177599999999995
0
LINE
8
BLACK
6
CONTINUOUS
10
3.0804735039370077
20
-4.9177599999999995
11
3.079799212598425
21
-4.9143700787401574
0
LINE
8
BLACK
6
CONTINUOUS
10
3.079799212598425
20
-4.9143700787401574
11
3.079799212598425
21
-4.8966535433070861
0
LINE
8
BLACK
6
CONTINUOUS
10
3.079799212598425
20
-4.8966535433070861
11
3.0804735039370077
21
-4.8932636220472441
0
LINE
8
BLACK
6
CONTINUOUS
10
3.0804735039370077
20
-4.8932636220472441
11
3.0823937401574804
21
-4.8903898031496063
0
LINE
8
BLACK
6
CONTINUOUS
10
3.0823937401574804
20
-4.8903898031496063
11
3.0852675590551182
21
-4.8884695669291336
0
LINE
8
BLACK
6
CONTINUOUS
10
3.0852675590551182
20
-4.8884695669291336
11
3.0886574803149607
21
-4.8877952755905509
0
LINE
8
BLACK
6
CONTINUOUS
10
3.0886574803149607
20
-4.8877952755905509
11
3.1083425196850394
21
-4.8877952755905509
0
LINE
8
BLACK
6
CONTINUOUS
10
3.1083425196850394
20
-4.8877952755905509
11
3.1117324409448819
21
-4.8884695669291336
0
LINE
8
BLACK
6
CONTINUOUS
10
3.1817324409448817
20
-4.8884695669291336
11
3.1846062598425195
21
-4.8903898031496063
0
LINE
8
BLACK
6
CONTINUOUS
10
3.1846062598425195
20
-4.8903898031496063
11
3.1865264960629922
21
-4.8932636220472441
0
LINE
8
BLACK
6
CONTINUOUS
10
3.1865264960629922
20
-4.8932636220472441
11
3.1872007874015749
21
-4.8966535433070861
0
LINE
8
BLACK
6
CONTINUOUS
10
3.1872007874015749
20
-4.8966535433070861
11
3.1872007874015749
21
-4.9143700787401574
0
LINE
8
BLACK
6
CONTINUOUS
10
3.1872007874015749
20
-4.9143700787401574
11
3.1865264960629922
21
-4.9177599999999995
0
LINE
8
BLACK
6
CONTINUOUS
10
3.1865264960629922
20
-4.9177599999999995
11
3.1846062598425195
21
-4.9206338188976373
0
LINE
8
BLACK
6
CONTINUOUS
10
3.1846062598425195
20
-4.9206338188976373
11
3.1817324409448817
21
-4.92255405511811
0
LINE
8
BLACK
6
CONTINUOUS
10
3.1817324409448817
20
-4.92255405511811
11
3.1783425196850392
21
-4.9232283464566926
0
LINE
8
BLACK
6
CONTINUOUS
10
3.1783425196850392
20
-4.9232283464566926
11
3.1586574803149605
21
-4.9232283464566926
0
LINE
8
BLACK
6
CONTINUOUS
10
3.1586574803149605
20
-4.9232283464566926
11
3.155267559055118
21
-4.92255405511811
0
LINE
8
BLACK
6
CONTINUOUS
10
3.155267559055118
20
-4.92255405511811
11
3.1523937401574802
21
-4.9206338188976373
0
LINE
8
BLACK
6
CONTINUOUS
10
3.1523937401574802
20
-4.9206338188976373
11
3.150473503937008
21
-4.9177599999999995
0
LINE
8
BLACK
6
CONTINUOUS
10
3.150473503937008
20
-4.9177599999999995
11
3.1497992125984253
21
-4.9143700787401574
0
LINE
8
BLACK
6
CONTINUOUS
10
3.1497992125984253
20
-4.9143700787401574
11
3.1497992125984253
21
-4.8966535433070861
0
LINE
8
BLACK
6
CONTINUOUS
10
3.1497992125984253
20
-4.8966535433070861
11
3.150473503937008
21
-4.8932636220472441
0
LINE
8
BLACK
6
CONTINUOUS
10
3.150473503937008
20
-4.8932636220472441
11
3.1523937401574802
21
-4.8903898031496063
0
LINE
8
BLACK
6
CONTINUOUS
10
3.1523937401574802
20
-4.8903898031496063
11
3.155267559055118
21
-4.8884695669291336
0
LINE
8
BLACK
6
CONTINUOUS
10
3.155267559055118
20
-4.8884695669291336
11
3.1586574803149605
21
-4.8877952755905509
0
LINE
8
BLACK
6
CONTINUOUS
10
3.1586574803149605
20
-4.8877952755905509
11
3.1783425196850392
21
-4.8877952755905509
0
LINE
8
BLACK
6
CONTINUOUS
10
3.1783425196850392
20
-4.8877952755905509
11
3.1817324409448817
21
-4.8884695669291336
0
LINE
8
BLACK
6
CONTINUOUS
10
3.6707324409448816
20
-4.8434695669291337
11
3.6736062598425194
21
-4.8453898031496063
0
LINE
8
BLACK
6
CONTINUOUS
10
3.6736062598425194
20
-4.8453898031496063
11
3.6755264960629921
21
-4.8482636220472441
0
LINE
8
BLACK
6
CONTINUOUS
10
3.6755264960629921
20
-4.8482636220472441
11
3.6762007874015747
21
-4.8516535433070862
0
LINE
8
BLACK
6
CONTINUOUS
10
3.6762007874015747
20
-4.8516535433070862
11
3.6762007874015747
21
-4.8693700787401575
0
LINE
8
BLACK
6
CONTINUOUS
10
3.6762007874015747
20
-4.8693700787401575
11
3.6755264960629921
21
-4.8727599999999995
0
LINE
8
BLACK
6
CONTINUOUS
10
3.6755264960629921
20
-4.8727599999999995
11
3.6736062598425194
21
-4.8756338188976374
0
LINE
8
BLACK
6
CONTINUOUS
10
3.6736062598425194
20
-4.8756338188976374
11
3.6707324409448816
21
-4.87755405511811
0
LINE
8
BLACK
6
CONTINUOUS
10
3.6707324409448816
20
-4.87755405511811
11
3.6673425196850391
21
-4.8782283464566927
0
LINE
8
BLACK
6
CONTINUOUS
10
3.6673425196850391
20
-4.8782283464566927
11
3.6476574803149604
21
-4.8782283464566927
0
LINE
8
BLACK
6
CONTINUOUS
10
3.6476574803149604
20
-4.8782283464566927
11
3.6442675590551179
21
-4.87755405511811
0
LINE
8
BLACK
6
CONTINUOUS
10
3.6442675590551179
20
-4.87755405511811
11
3.6413937401574801
21
-4.8756338188976374
0
LINE
8
BLACK
6
CONTINUOUS
10
3.6413937401574801
20
-4.8756338188976374
11
3.6394735039370079
21
-4.8727599999999995
0
LINE
8
BLACK
6
CONTINUOUS
10
3.6394735039370079
20
-4.8727599999999995
11
3.6387992125984252
21
-4.8693700787401575
0
LINE
8
BLACK
6
CONTINUOUS
10
3.6387992125984252
20
-4.8693700787401575
11
3.6387992125984252
21
-4.8516535433070862
0
LINE
8
BLACK
6
CONTINUOUS
10
3.6387992125984252
20
-4.8516535433070862
11
3.6394735039370079
21
-4.8482636220472441
0
LINE
8
BLACK
6
CONTINUOUS
10
3.6394735039370079
20
-4.8482636220472441
11
3.6413937401574801
21
-4.8453898031496063
0
LINE
8
BLACK
6
CONTINUOUS
10
3.6413937401574801
20
-4.8453898031496063
11
3.6442675590551179
21
-4.8434695669291337
0
LINE
8
BLACK
6
CONTINUOUS
10
3.6442675590551179
20
-4.8434695669291337
11
3.6476574803149604
21
-4.842795275590551
0
LINE
8
BLACK
6
CONTINUOUS
10
3.6476574803149604
20
-4.842795275590551
11
3.6673425196850391
21
-4.842795275590551
0
LINE
8
BLACK
6
CONTINUOUS
10
3.6673425196850391
20
-4.842795275590551
11
3.6707324409448816
21
-4.8434695669291337
0
LINE
8
BLACK
6
CONTINUOUS
10
3.7457324409448818
20
-4.8434695669291337
11
3.7486062598425196
21
-4.8453898031496063
0
LINE
8
BLACK
6
CONTINUOUS
10
3.7486062598425196
20
-4.8453898031496063
11
3.7505264960629918
21
-4.8482636220472441
0
LINE
8
BLACK
6
CONTINUOUS
10
3.7505264960629918
20
-4.8482636220472441
11
3.7512007874015749
21
-4.8516535433070862
0
LINE
8
BLACK
6
CONTINUOUS
10
3.7512007874015749
20
-4.8516535433070862
11
3.7512007874015749
21
-4.8693700787401575
0
LINE
8
BLACK
6
CONTINUOUS
10
3.7512007874015749
20
-4.8693700787401575
11
3.7505264960629918
21
-4.8727599999999995
0
LINE
8
BLACK
6
CONTINUOUS
10
3.7505264960629918
20
-4.8727599999999995
11
3.7486062598425196
21
-4.8756338188976374
0
LINE
8
BLACK
6
CONTINUOUS
10
3.7486062598425196
20
-4.8756338188976374
11
3.7457324409448818
21
-4.87755405511811
0
LINE
8
BLACK
6
CONTINUOUS
10
3.7457324409448818
20
-4.87755405511811
11
3.7423425196850393
21
-4.8782283464566927
0
LINE
8
BLACK
6
CONTINUOUS
10
3.7423425196850393
20
-4.8782283464566927
11
3.7226574803149606
21
-4.8782283464566927
0
LINE
8
BLACK
6
CONTINUOUS
10
3.7226574803149606
20
-4.8782283464566927
11
3.7192675590551181
21
-4.87755405511811
0
LINE
8
BLACK
6
CONTINUOUS
10
3.7192675590551181
20
-4.87755405511811
11
3.7163937401574803
21
-4.8756338188976374
0
LINE
8
BLACK
6
CONTINUOUS
10
3.7163937401574803
20
-4.8756338188976374
11
3.7144735039370076
21
-4.8727599999999995
0
LINE
8
BLACK
6
CONTINUOUS
10
3.7144735039370076
20
-4.8727599999999995
11
3.7137992125984249
21
-4.8693700787401575
0
LINE
8
BLACK
6
CONTINUOUS
10
3.7137992125984249
20
-4.8693700787401575
11
3.7137992125984249
21
-4.8516535433070862
0
LINE
8
BLACK
6
CONTINUOUS
10
3.7137992125984249
20
-4.8516535433070862
11
3.7144735039370076
21
-4.8482636220472441
0
LINE
8
BLACK
6
CONTINUOUS
10
3.7144735039370076
20
-4.8482636220472441
11
3.7163937401574803
21
-4.8453898031496063
0
LINE
8
BLACK
6
CONTINUOUS
10
3.7163937401574803
20
-4.8453898031496063
11
3.7192675590551181
21
-4.8434695669291337
0
LINE
8
BLACK
6
CONTINUOUS
10
3.7192675590551181
20
-4.8434695669291337
11
3.7226574803149606
21
-4.842795275590551
0
LINE
8
BLACK
6
CONTINUOUS
10
3.7226574803149606
20
-4.842795275590551
11
3.7423425196850393
21
-4.842795275590551
0
LINE
8
BLACK
6
CONTINUOUS
10
3.7423425196850393
20
-4.842795275590551
11
3.7457324409448818
21
-4.8434695669291337
0
LINE
8
BLACK
6
CONTINUOUS
10
2.9612324409448818
20
-4.82744594488189
11
2.9641062598425196
21
-4.8293661811023618
0
LINE
8
BLACK
6
CONTINUOUS
10
2.9641062598425196
20
-4.8293661811023618
11
2.9660264960629918
21
-4.8322399999999996
0
LINE
8
BLACK
6
CONTINUOUS
10
2.9660264960629918
20
-4.8322399999999996
11
2.9667007874015749
21
-4.8356299212598426
0
LINE
8
BLACK
6
CONTINUOUS
10
2.9667007874015749
20
-4.8356299212598426
11
2.9667007874015749
21
-4.853346456692913
0
LINE
8
BLACK
6
CONTINUOUS
10
2.9667007874015749
20
-4.853346456692913
11
2.9660264960629918
21
-4.8567363779527559
0
LINE
8
BLACK
6
CONTINUOUS
10
2.9660264960629918
20
-4.8567363779527559
11
2.9641062598425196
21
-4.8596101968503937
0
LINE
8
BLACK
6
CONTINUOUS
10
2.9641062598425196
20
-4.8596101968503937
11
2.9612324409448818
21
-4.8615304330708664
0
LINE
8
BLACK
6
CONTINUOUS
10
2.9612324409448818
20
-4.8615304330708664
11
2.9578425196850393
21
-4.8622047244094491
0
LINE
8
BLACK
6
CONTINUOUS
10
2.9578425196850393
20
-4.8622047244094491
11
2.9381574803149606
21
-4.8622047244094491
0
LINE
8
BLACK
6
CONTINUOUS
10
2.9381574803149606
20
-4.8622047244094491
11
2.9347675590551181
21
-4.8615304330708664
0
LINE
8
BLACK
6
CONTINUOUS
10
2.9347675590551181
20
-4.8615304330708664
11
2.9318937401574803
21
-4.8596101968503937
0
LINE
8
BLACK
6
CONTINUOUS
10
2.9318937401574803
20
-4.8596101968503937
11
2.9299735039370076
21
-4.8567363779527559
0
LINE
8
BLACK
6
CONTINUOUS
10
2.9299735039370076
20
-4.8567363779527559
11
2.929299212598425
21
-4.853346456692913
0
LINE
8
BLACK
6
CONTINUOUS
10
2.929299212598425
20
-4.853346456692913
11
2.929299212598425
21
-4.8356299212598426
0
LINE
8
BLACK
6
CONTINUOUS
10
2.929299212598425
20
-4.8356299212598426
11
2.9299735039370076
21
-4.8322399999999996
0
LINE
8
BLACK
6
CONTINUOUS
10
2.9299735039370076
20
-4.8322399999999996
11
2.9318937401574803
21
-4.8293661811023618
0
LINE
8
BLACK
6
CONTINUOUS
10
2.9318937401574803
20
-4.8293661811023618
11
2.9347675590551181
21
-4.82744594488189
0
LINE
8
BLACK
6
CONTINUOUS
10
2.9347675590551181
20
-4.82744594488189
11
2.9381574803149606
21
-4.8267716535433074
0
LINE
8
BLACK
6
CONTINUOUS
10
2.9381574803149606
20
-4.8267716535433074
11
2.9578425196850393
21
-4.8267716535433074
0
LINE
8
BLACK
6
CONTINUOUS
10
2.9578425196850393
20
-4.8267716535433074
11
2.9612324409448818
21
-4.82744594488189
0
LINE
8
BLACK
6
CONTINUOUS
10
3.0312324409448816
20
-4.82744594488189
11
3.0341062598425195
21
-4.8293661811023618
0
LINE
8
BLACK
6
CONTINUOUS
10
3.0341062598425195
20
-4.8293661811023618
11
3.0360264960629921
21
-4.8322399999999996
0
LINE
8
BLACK
6
CONTINUOUS
10
3.0360264960629921
20
-4.8322399999999996
11
3.0367007874015748
21
-4.8356299212598426
0
LINE
8
BLACK
6
CONTINUOUS
10
3.0367007874015748
20
-4.8356299212598426
11
3.0367007874015748
21
-4.853346456692913
0
LINE
8
BLACK
6
CONTINUOUS
10
3.0367007874015748
20
-4.853346456692913
11
3.0360264960629921
21
-4.8567363779527559
0
LINE
8
BLACK
6
CONTINUOUS
10
3.0360264960629921
20
-4.8567363779527559
11
3.0341062598425195
21
-4.8596101968503937
0
LINE
8
BLACK
6
CONTINUOUS
10
3.0341062598425195
20
-4.8596101968503937
11
3.0312324409448816
21
-4.8615304330708664
0
LINE
8
BLACK
6
CONTINUOUS
10
3.0312324409448816
20
-4.8615304330708664
11
3.0278425196850391
21
-4.8622047244094491
0
LINE
8
BLACK
6
CONTINUOUS
10
3.0278425196850391
20
-4.8622047244094491
11
3.0081574803149604
21
-4.8622047244094491
0
LINE
8
BLACK
6
CONTINUOUS
10
3.0081574803149604
20
-4.8622047244094491
11
3.0047675590551179
21
-4.8615304330708664
0
LINE
8
BLACK
6
CONTINUOUS
10
3.0047675590551179
20
-4.8615304330708664
11
3.0018937401574801
21
-4.8596101968503937
0
LINE
8
BLACK
6
CONTINUOUS
10
3.0018937401574801
20
-4.8596101968503937
11
2.9999735039370079
21
-4.8567363779527559
0
LINE
8
BLACK
6
CONTINUOUS
10
2.9999735039370079
20
-4.8567363779527559
11
2.9992992125984252
21
-4.853346456692913
0
LINE
8
BLACK
6
CONTINUOUS
10
2.9992992125984252
20
-4.853346456692913
11
2.9992992125984252
21
-4.8356299212598426
0
LINE
8
BLACK
6
CONTINUOUS
10
2.9992992125984252
20
-4.8356299212598426
11
2.9999735039370079
21
-4.8322399999999996
0
LINE
8
BLACK
6
CONTINUOUS
10
2.9999735039370079
20
-4.8322399999999996
11
3.0018937401574801
21
-4.8293661811023618
0
LINE
8
BLACK
6
CONTINUOUS
10
3.0018937401574801
20
-4.8293661811023618
11
3.0047675590551179
21
-4.82744594488189
0
LINE
8
BLACK
6
CONTINUOUS
10
3.0047675590551179
20
-4.82744594488189
11
3.0081574803149604
21
-4.8267716535433074
0
LINE
8
BLACK
6
CONTINUOUS
10
3.0081574803149604
20
-4.8267716535433074
11
3.0278425196850391
21
-4.8267716535433074
0
LINE
8
BLACK
6
CONTINUOUS
10
3.0278425196850391
20
-4.8267716535433074
11
3.0312324409448816
21
-4.82744594488189
0
LINE
8
BLACK
6
CONTINUOUS
10
3.1117324409448819
20
-4.82744594488189
11
3.1146062598425197
21
-4.8293661811023618
0
LINE
8
BLACK
6
CONTINUOUS
10
3.1146062598425197
20
-4.8293661811023618
11
3.1165264960629919
21
-4.8322399999999996
0
LINE
8
BLACK
6
CONTINUOUS
10
3.1165264960629919
20
-4.8322399999999996
11
3.1172007874015746
21
-4.8356299212598426
0
LINE
8
BLACK
6
CONTINUOUS
10
3.1172007874015746
20
-4.8356299212598426
11
3.1172007874015746
21
-4.853346456692913
0
LINE
8
BLACK
6
CONTINUOUS
10
3.1172007874015746
20
-4.853346456692913
11
3.1165264960629919
21
-4.8567363779527559
0
LINE
8
BLACK
6
CONTINUOUS
10
3.1165264960629919
20
-4.8567363779527559
11
3.1146062598425197
21
-4.8596101968503937
0
LINE
8
BLACK
6
CONTINUOUS
10
3.1146062598425197
20
-4.8596101968503937
11
3.1117324409448819
21
-4.8615304330708664
0
LINE
8
BLACK
6
CONTINUOUS
10
3.1117324409448819
20
-4.8615304330708664
11
3.1083425196850394
21
-4.8622047244094491
0
LINE
8
BLACK
6
CONTINUOUS
10
3.1083425196850394
20
-4.8622047244094491
11
3.0886574803149607
21
-4.8622047244094491
0
LINE
8
BLACK
6
CONTINUOUS
10
3.0886574803149607
20
-4.8622047244094491
11
3.0852675590551182
21
-4.8615304330708664
0
LINE
8
BLACK
6
CONTINUOUS
10
3.0852675590551182
20
-4.8615304330708664
11
3.0823937401574804
21
-4.8596101968503937
0
LINE
8
BLACK
6
CONTINUOUS
10
3.0823937401574804
20
-4.8596101968503937
11
3.0804735039370077
21
-4.8567363779527559
0
LINE
8
BLACK
6
CONTINUOUS
10
3.0804735039370077
20
-4.8567363779527559
11
3.079799212598425
21
-4.853346456692913
0
LINE
8
BLACK
6
CONTINUOUS
10
3.079799212598425
20
-4.853346456692913
11
3.079799212598425
21
-4.8356299212598426
0
LINE
8
BLACK
6
CONTINUOUS
10
3.079799212598425
20
-4.8356299212598426
11
3.0804735039370077
21
-4.8322399999999996
0
LINE
8
BLACK
6
CONTINUOUS
10
3.0804735039370077
20
-4.8322399999999996
11
3.0823937401574804
21
-4.8293661811023618
0
LINE
8
BLACK
6
CONTINUOUS
10
3.0823937401574804
20
-4.8293661811023618
11
3.0852675590551182
21
-4.82744594488189
0
LINE
8
BLACK
6
CONTINUOUS
10
3.0852675590551182
20
-4.82744594488189
11
3.0886574803149607
21
-4.8267716535433074
0
LINE
8
BLACK
6
CONTINUOUS
10
3.0886574803149607
20
-4.8267716535433074
11
3.1083425196850394
21
-4.8267716535433074
0
LINE
8
BLACK
6
CONTINUOUS
10
3.1083425196850394
20
-4.8267716535433074
11
3.1117324409448819
21
-4.82744594488189
0
LINE
8
BLACK
6
CONTINUOUS
10
3.1817324409448817
20
-4.82744594488189
11
3.1846062598425195
21
-4.8293661811023618
0
LINE
8
BLACK
6
CONTINUOUS
10
3.1846062598425195
20
-4.8293661811023618
11
3.1865264960629922
21
-4.8322399999999996
0
LINE
8
BLACK
6
CONTINUOUS
10
3.1865264960629922
20
-4.8322399999999996
11
3.1872007874015749
21
-4.8356299212598426
0
LINE
8
BLACK
6
CONTINUOUS
10
3.1872007874015749
20
-4.8356299212598426
11
3.1872007874015749
21
-4.853346456692913
0
LINE
8
BLACK
6
CONTINUOUS
10
3.1872007874015749
20
-4.853346456692913
11
3.1865264960629922
21
-4.8567363779527559
0
LINE
8
BLACK
6
CONTINUOUS
10
3.1865264960629922
20
-4.8567363779527559
11
3.1846062598425195
21
-4.8596101968503937
0
LINE
8
BLACK
6
CONTINUOUS
10
3.1846062598425195
20
-4.8596101968503937
11
3.1817324409448817
21
-4.8615304330708664
0
LINE
8
BLACK
6
CONTINUOUS
10
3.1817324409448817
20
-4.8615304330708664
11
3.1783425196850392
21
-4.8622047244094491
0
LINE
8
BLACK
6
CONTINUOUS
10
3.1783425196850392
20
-4.8622047244094491
11
3.1586574803149605
21
-4.8622047244094491
0
LINE
8
BLACK
6
CONTINUOUS
10
3.1586574803149605
20
-4.8622047244094491
11
3.155267559055118
21
-4.8615304330708664
0
LINE
8
BLACK
6
CONTINUOUS
10
3.155267559055118
20
-4.8615304330708664
11
3.1523937401574802
21
-4.8596101968503937
0
LINE
8
BLACK
6
CONTINUOUS
10
3.1523937401574802
20
-4.8596101968503937
11
3.150473503937008
21
-4.8567363779527559
0
LINE
8
BLACK
6
CONTINUOUS
10
3.150473503937008
20
-4.8567363779527559
11
3.1497992125984253
21
-4.853346456692913
0
LINE
8
BLACK
6
CONTINUOUS
10
3.1497992125984253
20
-4.853346456692913
11
3.1497992125984253
21
-4.8356299212598426
0
LINE
8
BLACK
6
CONTINUOUS
10
3.1497992125984253
20
-4.8356299212598426
11
3.150473503937008
21
-4.8322399999999996
0
LINE
8
BLACK
6
CONTINUOUS
10
3.150473503937008
20
-4.8322399999999996
11
3.1523937401574802
21
-4.8293661811023618
0
LINE
8
BLACK
6
CONTINUOUS
10
3.1523937401574802
20
-4.8293661811023618
11
3.155267559055118
21
-4.82744594488189
0
LINE
8
BLACK
6
CONTINUOUS
10
3.155267559055118
20
-4.82744594488189
11
3.1586574803149605
21
-4.8267716535433074
0
LINE
8
BLACK
6
CONTINUOUS
10
3.1586574803149605
20
-4.8267716535433074
11
3.1783425196850392
21
-4.8267716535433074
0
LINE
8
BLACK
6
CONTINUOUS
10
3.1783425196850392
20
-4.8267716535433074
11
3.1817324409448817
21
-4.82744594488189
0
LINE
8
BLACK
6
CONTINUOUS
10
3.6707324409448816
20
-4.7824459448818892
11
3.6736062598425194
21
-4.7843661811023619
0
LINE
8
BLACK
6
CONTINUOUS
10
3.6736062598425194
20
-4.7843661811023619
11
3.6755264960629921
21
-4.7872399999999997
0
LINE
8
BLACK
6
CONTINUOUS
10
3.6755264960629921
20
-4.7872399999999997
11
3.6762007874015747
21
-4.7906299212598427
0
LINE
8
BLACK
6
CONTINUOUS
10
3.6762007874015747
20
-4.7906299212598427
11
3.6762007874015747
21
-4.8083464566929131
0
LINE
8
BLACK
6
CONTINUOUS
10
3.6762007874015747
20
-4.8083464566929131
11
3.6755264960629921
21
-4.811736377952756
0
LINE
8
BLACK
6
CONTINUOUS
10
3.6755264960629921
20
-4.811736377952756
11
3.6736062598425194
21
-4.8146101968503938
0
LINE
8
BLACK
6
CONTINUOUS
10
3.6736062598425194
20
-4.8146101968503938
11
3.6707324409448816
21
-4.8165304330708656
0
LINE
8
BLACK
6
CONTINUOUS
10
3.6707324409448816
20
-4.8165304330708656
11
3.6673425196850391
21
-4.8172047244094491
0
LINE
8
BLACK
6
CONTINUOUS
10
3.6673425196850391
20
-4.8172047244094491
11
3.6476574803149604
21
-4.8172047244094491
0
LINE
8
BLACK
6
CONTINUOUS
10
3.6476574803149604
20
-4.8172047244094491
11
3.6442675590551179
21
-4.8165304330708656
0
LINE
8
BLACK
6
CONTINUOUS
10
3.6442675590551179
20
-4.8165304330708656
11
3.6413937401574801
21
-4.8146101968503938
0
LINE
8
BLACK
6
CONTINUOUS
10
3.6413937401574801
20
-4.8146101968503938
11
3.6394735039370079
21
-4.811736377952756
0
LINE
8
BLACK
6
CONTINUOUS
10
3.6394735039370079
20
-4.811736377952756
11
3.6387992125984252
21
-4.8083464566929131
0
LINE
8
BLACK
6
CONTINUOUS
10
3.6387992125984252
20
-4.8083464566929131
11
3.6387992125984252
21
-4.7906299212598427
0
LINE
8
BLACK
6
CONTINUOUS
10
3.6387992125984252
20
-4.7906299212598427
11
3.6394735039370079
21
-4.7872399999999997
0
LINE
8
BLACK
6
CONTINUOUS
10
3.6394735039370079
20
-4.7872399999999997
11
3.6413937401574801
21
-4.7843661811023619
0
LINE
8
BLACK
6
CONTINUOUS
10
3.6413937401574801
20
-4.7843661811023619
11
3.6442675590551179
21
-4.7824459448818892
0
LINE
8
BLACK
6
CONTINUOUS
10
3.6442675590551179
20
-4.7824459448818892
11
3.6476574803149604
21
-4.7817716535433066
0
LINE
8
BLACK
6
CONTINUOUS
10
3.6476574803149604
20
-4.7817716535433066
11
3.6673425196850391
21
-4.7817716535433066
0
LINE
8
BLACK
6
CONTINUOUS
10
3.6673425196850391
20
-4.7817716535433066
11
3.6707324409448816
21
-4.7824459448818892
0
LINE
8
BLACK
6
CONTINUOUS
10
3.7457324409448818
20
-4.7824459448818892
11
3.7486062598425196
21
-4.7843661811023619
0
LINE
8
BLACK
6
CONTINUOUS
10
3.7486062598425196
20
-4.7843661811023619
11
3.7505264960629918
21
-4.7872399999999997
0
LINE
8
BLACK
6
CONTINUOUS
10
3.7505264960629918
20
-4.7872399999999997
11
3.7512007874015749
21
-4.7906299212598427
0
LINE
8
BLACK
6
CONTINUOUS
10
3.7512007874015749
20
-4.7906299212598427
11
3.7512007874015749
21
-4.8083464566929131
0
LINE
8
BLACK
6
CONTINUOUS
10
3.7512007874015749
20
-4.8083464566929131
11
3.7505264960629918
21
-4.811736377952756
0
LINE
8
BLACK
6
CONTINUOUS
10
3.7505264960629918
20
-4.811736377952756
11
3.7486062598425196
21
-4.8146101968503938
0
LINE
8
BLACK
6
CONTINUOUS
10
3.7486062598425196
20
-4.8146101968503938
11
3.7457324409448818
21
-4.8165304330708656
0
LINE
8
BLACK
6
CONTINUOUS
10
3.7457324409448818
20
-4.8165304330708656
11
3.7423425196850393
21
-4.8172047244094491
0
LINE
8
BLACK
6
CONTINUOUS
10
3.7423425196850393
20
-4.8172047244094491
11
3.7226574803149606
21
-4.8172047244094491
0
LINE
8
BLACK
6
CONTINUOUS
10
3.7226574803149606
20
-4.8172047244094491
11
3.7192675590551181
21
-4.8165304330708656
0
LINE
8
BLACK
6
CONTINUOUS
10
3.7192675590551181
20
-4.8165304330708656
11
3.7163937401574803
21
-4.8146101968503938
0
LINE
8
BLACK
6
CONTINUOUS
10
3.7163937401574803
20
-4.8146101968503938
11
3.7144735039370076
21
-4.811736377952756
0
LINE
8
BLACK
6
CONTINUOUS
10
3.7144735039370076
20
-4.811736377952756
11
3.7137992125984249
21
-4.8083464566929131
0
LINE
8
BLACK
6
CONTINUOUS
10
3.7137992125984249
20
-4.8083464566929131
11
3.7137992125984249
21
-4.7906299212598427
0
LINE
8
BLACK
6
CONTINUOUS
10
3.7137992125984249
20
-4.7906299212598427
11
3.7144735039370076
21
-4.7872399999999997
0
LINE
8
BLACK
6
CONTINUOUS
10
3.7144735039370076
20
-4.7872399999999997
11
3.7163937401574803
21
-4.7843661811023619
0
LINE
8
BLACK
6
CONTINUOUS
10
3.7163937401574803
20
-4.7843661811023619
11
3.7192675590551181
21
-4.7824459448818892
0
LINE
8
BLACK
6
CONTINUOUS
10
3.7192675590551181
20
-4.7824459448818892
11
3.7226574803149606
21
-4.7817716535433066
0
LINE
8
BLACK
6
CONTINUOUS
10
3.7226574803149606
20
-4.7817716535433066
11
3.7423425196850393
21
-4.7817716535433066
0
LINE
8
BLACK
6
CONTINUOUS
10
3.7423425196850393
20
-4.7817716535433066
11
3.7457324409448818
21
-4.7824459448818892
0
LINE
8
BLACK
6
CONTINUOUS
10
2.8612363779527556
20
-4.5404735039370081
11
2.8641101968503935
21
-4.5423937401574799
0
LINE
8
BLACK
6
CONTINUOUS
10
2.8641101968503935
20
-4.5423937401574799
11
2.8660304330708661
21
-4.5452675590551177
0
LINE
8
BLACK
6
CONTINUOUS
10
2.8660304330708661
20
-4.5452675590551177
11
2.8667047244094488
21
-4.5486574803149606
0
LINE
8
BLACK
6
CONTINUOUS
10
2.8667047244094488
20
-4.5486574803149606
11
2.8667047244094488
21
-4.5683425196850393
0
LINE
8
BLACK
6
CONTINUOUS
10
2.8667047244094488
20
-4.5683425196850393
11
2.8660304330708661
21
-4.5717324409448814
0
LINE
8
BLACK
6
CONTINUOUS
10
2.8660304330708661
20
-4.5717324409448814
11
2.8641101968503935
21
-4.5746062598425192
0
LINE
8
BLACK
6
CONTINUOUS
10
2.8641101968503935
20
-4.5746062598425192
11
2.8612363779527556
21
-4.5765264960629919
0
LINE
8
BLACK
6
CONTINUOUS
10
2.8612363779527556
20
-4.5765264960629919
11
2.8578464566929132
21
-4.5772007874015745
0
LINE
8
BLACK
6
CONTINUOUS
10
2.8578464566929132
20
-4.5772007874015745
11
2.8401299212598423
21
-4.5772007874015745
0
LINE
8
BLACK
6
CONTINUOUS
10
2.8401299212598423
20
-4.5772007874015745
11
2.8367399999999998
21
-4.5765264960629919
0
LINE
8
BLACK
6
CONTINUOUS
10
2.8367399999999998
20
-4.5765264960629919
11
2.833866181102362
21
-4.5746062598425192
0
LINE
8
BLACK
6
CONTINUOUS
10
2.833866181102362
20
-4.5746062598425192
11
2.8319459448818898
21
-4.5717324409448814
0
LINE
8
BLACK
6
CONTINUOUS
10
2.8319459448818898
20
-4.5717324409448814
11
2.8312716535433071
21
-4.5683425196850393
0
LINE
8
BLACK
6
CONTINUOUS
10
2.8312716535433071
20
-4.5683425196850393
11
2.8312716535433071
21
-4.5486574803149606
0
LINE
8
BLACK
6
CONTINUOUS
10
2.8312716535433071
20
-4.5486574803149606
11
2.8319459448818898
21
-4.5452675590551177
0
LINE
8
BLACK
6
CONTINUOUS
10
2.8319459448818898
20
-4.5452675590551177
11
2.833866181102362
21
-4.5423937401574799
0
LINE
8
BLACK
6
CONTINUOUS
10
2.833866181102362
20
-4.5423937401574799
11
2.8367399999999998
21
-4.5404735039370081
0
LINE
8
BLACK
6
CONTINUOUS
10
2.8367399999999998
20
-4.5404735039370081
11
2.8401299212598423
21
-4.5397992125984254
0
LINE
8
BLACK
6
CONTINUOUS
10
2.8401299212598423
20
-4.5397992125984254
11
2.8578464566929132
21
-4.5397992125984254
0
LINE
8
BLACK
6
CONTINUOUS
10
2.8578464566929132
20
-4.5397992125984254
11
2.8612363779527556
21
-4.5404735039370081
0
LINE
8
BLACK
6
CONTINUOUS
10
2.9222600000000001
20
-4.5404735039370081
11
2.9251338188976379
21
-4.5423937401574799
0
LINE
8
BLACK
6
CONTINUOUS
10
2.9251338188976379
20
-4.5423937401574799
11
2.9270540551181101
21
-4.5452675590551177
0
LINE
8
BLACK
6
CONTINUOUS
10
2.9270540551181101
20
-4.5452675590551177
11
2.9277283464566928
21
-4.5486574803149606
0
LINE
8
BLACK
6
CONTINUOUS
10
2.9277283464566928
20
-4.5486574803149606
11
2.9277283464566928
21
-4.5683425196850393
0
LINE
8
BLACK
6
CONTINUOUS
10
2.9277283464566928
20
-4.5683425196850393
11
2.9270540551181101
21
-4.5717324409448814
0
LINE
8
BLACK
6
CONTINUOUS
10
2.9270540551181101
20
-4.5717324409448814
11
2.9251338188976379
21
-4.5746062598425192
0
LINE
8
BLACK
6
CONTINUOUS
10
2.9251338188976379
20
-4.5746062598425192
11
2.9222600000000001
21
-4.5765264960629919
0
LINE
8
BLACK
6
CONTINUOUS
10
2.9222600000000001
20
-4.5765264960629919
11
2.9188700787401576
21
-4.5772007874015745
0
LINE
8
BLACK
6
CONTINUOUS
10
2.9188700787401576
20
-4.5772007874015745
11
2.9011535433070867
21
-4.5772007874015745
0
LINE
8
BLACK
6
CONTINUOUS
10
2.9011535433070867
20
-4.5772007874015745
11
2.8977636220472442
21
-4.5765264960629919
0
LINE
8
BLACK
6
CONTINUOUS
10
2.8977636220472442
20
-4.5765264960629919
11
2.8948898031496064
21
-4.5746062598425192
0
LINE
8
BLACK
6
CONTINUOUS
10
2.8948898031496064
20
-4.5746062598425192
11
2.8929695669291338
21
-4.5717324409448814
0
LINE
8
BLACK
6
CONTINUOUS
10
2.8929695669291338
20
-4.5717324409448814
11
2.8922952755905511
21
-4.5683425196850393
0
LINE
8
BLACK
6
CONTINUOUS
10
2.8922952755905511
20
-4.5683425196850393
11
2.8922952755905511
21
-4.5486574803149606
0
LINE
8
BLACK
6
CONTINUOUS
10
2.8922952755905511
20
-4.5486574803149606
11
2.8929695669291338
21
-4.5452675590551177
0
LINE
8
BLACK
6
CONTINUOUS
10
2.8929695669291338
20
-4.5452675590551177
11
2.8948898031496064
21
-4.5423937401574799
0
LINE
8
BLACK
6
CONTINUOUS
10
2.8948898031496064
20
-4.5423937401574799
11
2.8977636220472442
21
-4.5404735039370081
0
LINE
8
BLACK
6
CONTINUOUS
10
2.8977636220472442
20
-4.5404735039370081
11
2.9011535433070867
21
-4.5397992125984254
0
LINE
8
BLACK
6
CONTINUOUS
10
2.9011535433070867
20
-4.5397992125984254
11
2.9188700787401576
21
-4.5397992125984254
0
LINE
8
BLACK
6
CONTINUOUS
10
2.9188700787401576
20
-4.5397992125984254
11
2.9222600000000001
21
-4.5404735039370081
0
LINE
8
BLACK
6
CONTINUOUS
10
2.7933400393700785
20
-4.5408316535433073
11
2.7958945275590552
21
-4.5425385433070868
0
LINE
8
BLACK
6
CONTINUOUS
10
2.7958945275590552
20
-4.5425385433070868
11
2.7976014173228347
21
-4.5450930314960631
0
LINE
8
BLACK
6
CONTINUOUS
10
2.7976014173228347
20
-4.5450930314960631
11
2.7982007874015746
21
-4.5481062992125985
0
LINE
8
BLACK
6
CONTINUOUS
10
2.7982007874015746
20
-4.5481062992125985
11
2.7982007874015746
21
-4.5638543307086614
0
LINE
8
BLACK
6
CONTINUOUS
10
2.7982007874015746
20
-4.5638543307086614
11
2.7976014173228347
21
-4.5668675984251967
0
LINE
8
BLACK
6
CONTINUOUS
10
2.7976014173228347
20
-4.5668675984251967
11
2.7958945275590552
21
-4.569422086614173
0
LINE
8
BLACK
6
CONTINUOUS
10
2.7958945275590552
20
-4.569422086614173
11
2.7933400393700785
21
-4.5711289763779526
0
LINE
8
BLACK
6
CONTINUOUS
10
2.7933400393700785
20
-4.5711289763779526
11
2.7903267716535431
21
-4.5717283464566929
0
LINE
8
BLACK
6
CONTINUOUS
10
2.7903267716535431
20
-4.5717283464566929
11
2.7686732283464566
21
-4.5717283464566929
0
LINE
8
BLACK
6
CONTINUOUS
10
2.7686732283464566
20
-4.5717283464566929
11
2.7656599606299213
21
-4.5711289763779526
0
LINE
8
BLACK
6
CONTINUOUS
10
2.7656599606299213
20
-4.5711289763779526
11
2.763105472440945
21
-4.569422086614173
0
LINE
8
BLACK
6
CONTINUOUS
10
2.763105472440945
20
-4.569422086614173
11
2.7613985826771654
21
-4.5668675984251967
0
LINE
8
BLACK
6
CONTINUOUS
10
2.7613985826771654
20
-4.5668675984251967
11
2.7607992125984251
21
-4.5638543307086614
0
LINE
8
BLACK
6
CONTINUOUS
10
2.7607992125984251
20
-4.5638543307086614
11
2.7607992125984251
21
-4.5481062992125985
0
LINE
8
BLACK
6
CONTINUOUS
10
2.7607992125984251
20
-4.5481062992125985
11
2.7613985826771654
21
-4.5450930314960631
0
LINE
8
BLACK
6
CONTINUOUS
10
2.7613985826771654
20
-4.5450930314960631
11
2.763105472440945
21
-4.5425385433070868
0
LINE
8
BLACK
6
CONTINUOUS
10
2.763105472440945
20
-4.5425385433070868
11
2.7656599606299213
21
-4.5408316535433073
0
LINE
8
BLACK
6
CONTINUOUS
10
2.7656599606299213
20
-4.5408316535433073
11
2.7686732283464566
21
-4.540232283464567
0
LINE
8
BLACK
6
CONTINUOUS
10
2.7686732283464566
20
-4.540232283464567
11
2.7903267716535431
21
-4.540232283464567
0
LINE
8
BLACK
6
CONTINUOUS
10
2.7903267716535431
20
-4.540232283464567
11
2.7933400393700785
21
-4.5408316535433073
0
LINE
8
BLACK
6
CONTINUOUS
10
2.8612363779527556
20
-4.4704735039370078
11
2.8641101968503935
21
-4.4723937401574805
0
LINE
8
BLACK
6
CONTINUOUS
10
2.8641101968503935
20
-4.4723937401574805
11
2.8660304330708661
21
-4.4752675590551183
0
LINE
8
BLACK
6
CONTINUOUS
10
2.8660304330708661
20
-4.4752675590551183
11
2.8667047244094488
21
-4.4786574803149604
0
LINE
8
BLACK
6
CONTINUOUS
10
2.8667047244094488
20
-4.4786574803149604
11
2.8667047244094488
21
-4.4983425196850391
0
LINE
8
BLACK
6
CONTINUOUS
10
2.8667047244094488
20
-4.4983425196850391
11
2.8660304330708661
21
-4.501732440944882
0
LINE
8
BLACK
6
CONTINUOUS
10
2.8660304330708661
20
-4.501732440944882
11
2.8641101968503935
21
-4.5046062598425198
0
LINE
8
BLACK
6
CONTINUOUS
10
2.8641101968503935
20
-4.5046062598425198
11
2.8612363779527556
21
-4.5065264960629916
0
LINE
8
BLACK
6
CONTINUOUS
10
2.8612363779527556
20
-4.5065264960629916
11
2.8578464566929132
21
-4.5072007874015743
0
LINE
8
BLACK
6
CONTINUOUS
10
2.8578464566929132
20
-4.5072007874015743
11
2.8401299212598423
21
-4.5072007874015743
0
LINE
8
BLACK
6
CONTINUOUS
10
2.8401299212598423
20
-4.5072007874015743
11
2.8367399999999998
21
-4.5065264960629916
0
LINE
8
BLACK
6
CONTINUOUS
10
2.8367399999999998
20
-4.5065264960629916
11
2.833866181102362
21
-4.5046062598425198
0
LINE
8
BLACK
6
CONTINUOUS
10
2.833866181102362
20
-4.5046062598425198
11
2.8319459448818898
21
-4.501732440944882
0
LINE
8
BLACK
6
CONTINUOUS
10
2.8319459448818898
20
-4.501732440944882
11
2.8312716535433071
21
-4.4983425196850391
0
LINE
8
BLACK
6
CONTINUOUS
10
2.8312716535433071
20
-4.4983425196850391
11
2.8312716535433071
21
-4.4786574803149604
0
LINE
8
BLACK
6
CONTINUOUS
10
2.8312716535433071
20
-4.4786574803149604
11
2.8319459448818898
21
-4.4752675590551183
0
LINE
8
BLACK
6
CONTINUOUS
10
2.8319459448818898
20
-4.4752675590551183
11
2.833866181102362
21
-4.4723937401574805
0
LINE
8
BLACK
6
CONTINUOUS
10
2.833866181102362
20
-4.4723937401574805
11
2.8367399999999998
21
-4.4704735039370078
0
LINE
8
BLACK
6
CONTINUOUS
10
2.8367399999999998
20
-4.4704735039370078
11
2.8401299212598423
21
-4.4697992125984252
0
LINE
8
BLACK
6
CONTINUOUS
10
2.8401299212598423
20
-4.4697992125984252
11
2.8578464566929132
21
-4.4697992125984252
0
LINE
8
BLACK
6
CONTINUOUS
10
2.8578464566929132
20
-4.4697992125984252
11
2.8612363779527556
21
-4.4704735039370078
0
LINE
8
BLACK
6
CONTINUOUS
10
2.9222600000000001
20
-4.4704735039370078
11
2.9251338188976379
21
-4.4723937401574805
0
LINE
8
BLACK
6
CONTINUOUS
10
2.9251338188976379
20
-4.4723937401574805
11
2.9270540551181101
21
-4.4752675590551183
0
LINE
8
BLACK
6
CONTINUOUS
10
2.9270540551181101
20
-4.4752675590551183
11
2.9277283464566928
21
-4.4786574803149604
0
LINE
8
BLACK
6
CONTINUOUS
10
2.9277283464566928
20
-4.4786574803149604
11
2.9277283464566928
21
-4.4983425196850391
0
LINE
8
BLACK
6
CONTINUOUS
10
2.9277283464566928
20
-4.4983425196850391
11
2.9270540551181101
21
-4.501732440944882
0
LINE
8
BLACK
6
CONTINUOUS
10
2.9270540551181101
20
-4.501732440944882
11
2.9251338188976379
21
-4.5046062598425198
0
LINE
8
BLACK
6
CONTINUOUS
10
2.9251338188976379
20
-4.5046062598425198
11
2.9222600000000001
21
-4.5065264960629916
0
LINE
8
BLACK
6
CONTINUOUS
10
2.9222600000000001
20
-4.5065264960629916
11
2.9188700787401576
21
-4.5072007874015743
0
LINE
8
BLACK
6
CONTINUOUS
10
2.9188700787401576
20
-4.5072007874015743
11
2.9011535433070867
21
-4.5072007874015743
0
LINE
8
BLACK
6
CONTINUOUS
10
2.9011535433070867
20
-4.5072007874015743
11
2.8977636220472442
21
-4.5065264960629916
0
LINE
8
BLACK
6
CONTINUOUS
10
2.8977636220472442
20
-4.5065264960629916
11
2.8948898031496064
21
-4.5046062598425198
0
LINE
8
BLACK
6
CONTINUOUS
10
2.8948898031496064
20
-4.5046062598425198
11
2.8929695669291338
21
-4.501732440944882
0
LINE
8
BLACK
6
CONTINUOUS
10
2.8929695669291338
20
-4.501732440944882
11
2.8922952755905511
21
-4.4983425196850391
0
LINE
8
BLACK
6
CONTINUOUS
10
2.8922952755905511
20
-4.4983425196850391
11
2.8922952755905511
21
-4.4786574803149604
0
LINE
8
BLACK
6
CONTINUOUS
10
2.8922952755905511
20
-4.4786574803149604
11
2.8929695669291338
21
-4.4752675590551183
0
LINE
8
BLACK
6
CONTINUOUS
10
2.8929695669291338
20
-4.4752675590551183
11
2.8948898031496064
21
-4.4723937401574805
0
LINE
8
BLACK
6
CONTINUOUS
10
2.8948898031496064
20
-4.4723937401574805
11
2.8977636220472442
21
-4.4704735039370078
0
LINE
8
BLACK
6
CONTINUOUS
10
2.8977636220472442
20
-4.4704735039370078
11
2.9011535433070867
21
-4.4697992125984252
0
LINE
8
BLACK
6
CONTINUOUS
10
2.9011535433070867
20
-4.4697992125984252
11
2.9188700787401576
21
-4.4697992125984252
0
LINE
8
BLACK
6
CONTINUOUS
10
2.9188700787401576
20
-4.4697992125984252
11
2.9222600000000001
21
-4.4704735039370078
0
LINE
8
BLACK
6
CONTINUOUS
10
2.7933400393700785
20
-4.4758710236220471
11
2.7958945275590552
21
-4.4775779133858267
0
LINE
8
BLACK
6
CONTINUOUS
10
2.7958945275590552
20
-4.4775779133858267
11
2.7976014173228347
21
-4.480132401574803
0
LINE
8
BLACK
6
CONTINUOUS
10
2.7976014173228347
20
-4.480132401574803
11
2.7982007874015746
21
-4.4831456692913383
0
LINE
8
BLACK
6
CONTINUOUS
10
2.7982007874015746
20
-4.4831456692913383
11
2.7982007874015746
21
-4.4988937007874013
0
LINE
8
BLACK
6
CONTINUOUS
10
2.7982007874015746
20
-4.4988937007874013
11
2.7976014173228347
21
-4.5019069685039366
0
LINE
8
BLACK
6
CONTINUOUS
10
2.7976014173228347
20
-4.5019069685039366
11
2.7958945275590552
21
-4.5044614566929129
0
LINE
8
BLACK
6
CONTINUOUS
10
2.7958945275590552
20
-4.5044614566929129
11
2.7933400393700785
21
-4.5061683464566924
0
LINE
8
BLACK
6
CONTINUOUS
10
2.7933400393700785
20
-4.5061683464566924
11
2.7903267716535431
21
-4.5067677165354327
0
LINE
8
BLACK
6
CONTINUOUS
10
2.7903267716535431
20
-4.5067677165354327
11
2.7686732283464566
21
-4.5067677165354327
0
LINE
8
BLACK
6
CONTINUOUS
10
2.7686732283464566
20
-4.5067677165354327
11
2.7656599606299213
21
-4.5061683464566924
0
LINE
8
BLACK
6
CONTINUOUS
10
2.7656599606299213
20
-4.5061683464566924
11
2.763105472440945
21
-4.5044614566929129
0
LINE
8
BLACK
6
CONTINUOUS
10
2.763105472440945
20
-4.5044614566929129
11
2.7613985826771654
21
-4.5019069685039366
0
LINE
8
BLACK
6
CONTINUOUS
10
2.7613985826771654
20
-4.5019069685039366
11
2.7607992125984251
21
-4.4988937007874013
0
LINE
8
BLACK
6
CONTINUOUS
10
2.7607992125984251
20
-4.4988937007874013
11
2.7607992125984251
21
-4.4831456692913383
0
LINE
8
BLACK
6
CONTINUOUS
10
2.7607992125984251
20
-4.4831456692913383
11
2.7613985826771654
21
-4.480132401574803
0
LINE
8
BLACK
6
CONTINUOUS
10
2.7613985826771654
20
-4.480132401574803
11
2.763105472440945
21
-4.4775779133858267
0
LINE
8
BLACK
6
CONTINUOUS
10
2.763105472440945
20
-4.4775779133858267
11
2.7656599606299213
21
-4.4758710236220471
0
LINE
8
BLACK
6
CONTINUOUS
10
2.7656599606299213
20
-4.4758710236220471
11
2.7686732283464566
21
-4.4752716535433068
0
LINE
8
BLACK
6
CONTINUOUS
10
2.7686732283464566
20
-4.4752716535433068
11
2.7903267716535431
21
-4.4752716535433068
0
LINE
8
BLACK
6
CONTINUOUS
10
2.7903267716535431
20
-4.4752716535433068
11
2.7933400393700785
21
-4.4758710236220471
0
LINE
8
BLACK
6
CONTINUOUS
10
3.4864324409448817
20
-4.4712695669291334
11
3.4893062598425195
21
-4.473189803149606
0
LINE
8
BLACK
6
CONTINUOUS
10
3.4893062598425195
20
-4.473189803149606
11
3.4912264960629922
21
-4.4760636220472438
0
LINE
8
BLACK
6
CONTINUOUS
10
3.4912264960629922
20
-4.4760636220472438
11
3.4919007874015748
21
-4.4794535433070868
0
LINE
8
BLACK
6
CONTINUOUS
10
3.4919007874015748
20
-4.4794535433070868
11
3.4919007874015748
21
-4.4971700787401572
0
LINE
8
BLACK
6
CONTINUOUS
10
3.4919007874015748
20
-4.4971700787401572
11
3.4912264960629922
21
-4.5005600000000001
0
LINE
8
BLACK
6
CONTINUOUS
10
3.4912264960629922
20
-4.5005600000000001
11
3.4893062598425195
21
-4.5034338188976379
0
LINE
8
BLACK
6
CONTINUOUS
10
3.4893062598425195
20
-4.5034338188976379
11
3.4864324409448817
21
-4.5053540551181097
0
LINE
8
BLACK
6
CONTINUOUS
10
3.4864324409448817
20
-4.5053540551181097
11
3.4830425196850392
21
-4.5060283464566924
0
LINE
8
BLACK
6
CONTINUOUS
10
3.4830425196850392
20
-4.5060283464566924
11
3.4633574803149605
21
-4.5060283464566924
0
LINE
8
BLACK
6
CONTINUOUS
10
3.4633574803149605
20
-4.5060283464566924
11
3.459967559055118
21
-4.5053540551181097
0
LINE
8
BLACK
6
CONTINUOUS
10
3.459967559055118
20
-4.5053540551181097
11
3.4570937401574802
21
-4.5034338188976379
0
LINE
8
BLACK
6
CONTINUOUS
10
3.4570937401574802
20
-4.5034338188976379
11
3.455173503937008
21
-4.5005600000000001
0
LINE
8
BLACK
6
CONTINUOUS
10
3.455173503937008
20
-4.5005600000000001
11
3.4544992125984253
21
-4.4971700787401572
0
LINE
8
BLACK
6
CONTINUOUS
10
3.4544992125984253
20
-4.4971700787401572
11
3.4544992125984253
21
-4.4794535433070868
0
LINE
8
BLACK
6
CONTINUOUS
10
3.4544992125984253
20
-4.4794535433070868
11
3.455173503937008
21
-4.4760636220472438
0
LINE
8
BLACK
6
CONTINUOUS
10
3.455173503937008
20
-4.4760636220472438
11
3.4570937401574802
21
-4.473189803149606
0
LINE
8
BLACK
6
CONTINUOUS
10
3.4570937401574802
20
-4.473189803149606
11
3.459967559055118
21
-4.4712695669291334
0
LINE
8
BLACK
6
CONTINUOUS
10
3.459967559055118
20
-4.4712695669291334
11
3.4633574803149605
21
-4.4705952755905507
0
LINE
8
BLACK
6
CONTINUOUS
10
3.4633574803149605
20
-4.4705952755905507
11
3.4830425196850392
21
-4.4705952755905507
0
LINE
8
BLACK
6
CONTINUOUS
10
3.4830425196850392
20
-4.4705952755905507
11
3.4864324409448817
21
-4.4712695669291334
0
LINE
8
BLACK
6
CONTINUOUS
10
3.4864324409448817
20
-4.4102459448818898
11
3.4893062598425195
21
-4.4121661811023625
0
LINE
8
BLACK
6
CONTINUOUS
10
3.4893062598425195
20
-4.4121661811023625
11
3.4912264960629922
21
-4.4150400000000003
0
LINE
8
BLACK
6
CONTINUOUS
10
3.4912264960629922
20
-4.4150400000000003
11
3.4919007874015748
21
-4.4184299212598424
0
LINE
8
BLACK
6
CONTINUOUS
10
3.4919007874015748
20
-4.4184299212598424
11
3.4919007874015748
21
-4.4361464566929136
0
LINE
8
BLACK
6
CONTINUOUS
10
3.4919007874015748
20
-4.4361464566929136
11
3.4912264960629922
21
-4.4395363779527557
0
LINE
8
BLACK
6
CONTINUOUS
10
3.4912264960629922
20
-4.4395363779527557
11
3.4893062598425195
21
-4.4424101968503935
0
LINE
8
BLACK
6
CONTINUOUS
10
3.4893062598425195
20
-4.4424101968503935
11
3.4864324409448817
21
-4.4443304330708662
0
LINE
8
BLACK
6
CONTINUOUS
10
3.4864324409448817
20
-4.4443304330708662
11
3.4830425196850392
21
-4.4450047244094488
0
LINE
8
BLACK
6
CONTINUOUS
10
3.4830425196850392
20
-4.4450047244094488
11
3.4633574803149605
21
-4.4450047244094488
0
LINE
8
BLACK
6
CONTINUOUS
10
3.4633574803149605
20
-4.4450047244094488
11
3.459967559055118
21
-4.4443304330708662
0
LINE
8
BLACK
6
CONTINUOUS
10
3.459967559055118
20
-4.4443304330708662
11
3.4570937401574802
21
-4.4424101968503935
0
LINE
8
BLACK
6
CONTINUOUS
10
3.4570937401574802
20
-4.4424101968503935
11
3.455173503937008
21
-4.4395363779527557
0
LINE
8
BLACK
6
CONTINUOUS
10
3.455173503937008
20
-4.4395363779527557
11
3.4544992125984253
21
-4.4361464566929136
0
LINE
8
BLACK
6
CONTINUOUS
10
3.4544992125984253
20
-4.4361464566929136
11
3.4544992125984253
21
-4.4184299212598424
0
LINE
8
BLACK
6
CONTINUOUS
10
3.4544992125984253
20
-4.4184299212598424
11
3.455173503937008
21
-4.4150400000000003
0
LINE
8
BLACK
6
CONTINUOUS
10
3.455173503937008
20
-4.4150400000000003
11
3.4570937401574802
21
-4.4121661811023625
0
LINE
8
BLACK
6
CONTINUOUS
10
3.4570937401574802
20
-4.4121661811023625
11
3.459967559055118
21
-4.4102459448818898
0
LINE
8
BLACK
6
CONTINUOUS
10
3.459967559055118
20
-4.4102459448818898
11
3.4633574803149605
21
-4.4095716535433072
0
LINE
8
BLACK
6
CONTINUOUS
10
3.4633574803149605
20
-4.4095716535433072
11
3.4830425196850392
21
-4.4095716535433072
0
LINE
8
BLACK
6
CONTINUOUS
10
3.4830425196850392
20
-4.4095716535433072
11
3.4864324409448817
21
-4.4102459448818898
0
LINE
8
BLACK
6
CONTINUOUS
10
2.8607363779527559
20
-4.3924735039370075
11
2.8636101968503938
21
-4.3943937401574802
0
LINE
8
BLACK
6
CONTINUOUS
10
2.8636101968503938
20
-4.3943937401574802
11
2.865530433070866
21
-4.397267559055118
0
LINE
8
BLACK
6
CONTINUOUS
10
2.865530433070866
20
-4.397267559055118
11
2.8662047244094486
21
-4.400657480314961
0
LINE
8
BLACK
6
CONTINUOUS
10
2.8662047244094486
20
-4.400657480314961
11
2.8662047244094486
21
-4.4203425196850397
0
LINE
8
BLACK
6
CONTINUOUS
10
2.8662047244094486
20
-4.4203425196850397
11
2.865530433070866
21
-4.4237324409448817
0
LINE
8
BLACK
6
CONTINUOUS
10
2.865530433070866
20
-4.4237324409448817
11
2.8636101968503938
21
-4.4266062598425195
0
LINE
8
BLACK
6
CONTINUOUS
10
2.8636101968503938
20
-4.4266062598425195
11
2.8607363779527559
21
-4.4285264960629922
0
LINE
8
BLACK
6
CONTINUOUS
10
2.8607363779527559
20
-4.4285264960629922
11
2.8573464566929134
21
-4.4292007874015749
0
LINE
8
BLACK
6
CONTINUOUS
10
2.8573464566929134
20
-4.4292007874015749
11
2.8396299212598426
21
-4.4292007874015749
0
LINE
8
BLACK
6
CONTINUOUS
10
2.8396299212598426
20
-4.4292007874015749
11
2.8362400000000001
21
-4.4285264960629922
0
LINE
8
BLACK
6
CONTINUOUS
10
2.8362400000000001
20
-4.4285264960629922
11
2.8333661811023623
21
-4.4266062598425195
0
LINE
8
BLACK
6
CONTINUOUS
10
2.8333661811023623
20
-4.4266062598425195
11
2.8314459448818896
21
-4.4237324409448817
0
LINE
8
BLACK
6
CONTINUOUS
10
2.8314459448818896
20
-4.4237324409448817
11
2.830771653543307
21
-4.4203425196850397
0
LINE
8
BLACK
6
CONTINUOUS
10
2.830771653543307
20
-4.4203425196850397
11
2.830771653543307
21
-4.400657480314961
0
LINE
8
BLACK
6
CONTINUOUS
10
2.830771653543307
20
-4.400657480314961
11
2.8314459448818896
21
-4.397267559055118
0
LINE
8
BLACK
6
CONTINUOUS
10
2.8314459448818896
20
-4.397267559055118
11
2.8333661811023623
21
-4.3943937401574802
0
LINE
8
BLACK
6
CONTINUOUS
10
2.8333661811023623
20
-4.3943937401574802
11
2.8362400000000001
21
-4.3924735039370075
0
LINE
8
BLACK
6
CONTINUOUS
10
2.8362400000000001
20
-4.3924735039370075
11
2.8396299212598426
21
-4.3917992125984249
0
LINE
8
BLACK
6
CONTINUOUS
10
2.8396299212598426
20
-4.3917992125984249
11
2.8573464566929134
21
-4.3917992125984249
0
LINE
8
BLACK
6
CONTINUOUS
10
2.8573464566929134
20
-4.3917992125984249
11
2.8607363779527559
21
-4.3924735039370075
0
LINE
8
BLACK
6
CONTINUOUS
10
2.9217599999999999
20
-4.3924735039370075
11
2.9246338188976377
21
-4.3943937401574802
0
LINE
8
BLACK
6
CONTINUOUS
10
2.9246338188976377
20
-4.3943937401574802
11
2.92655405511811
21
-4.397267559055118
0
LINE
8
BLACK
6
CONTINUOUS
10
2.92655405511811
20
-4.397267559055118
11
2.9272283464566931
21
-4.400657480314961
0
LINE
8
BLACK
6
CONTINUOUS
10
2.9272283464566931
20
-4.400657480314961
11
2.9272283464566931
21
-4.4203425196850397
0
LINE
8
BLACK
6
CONTINUOUS
10
2.9272283464566931
20
-4.4203425196850397
11
2.92655405511811
21
-4.4237324409448817
0
LINE
8
BLACK
6
CONTINUOUS
10
2.92655405511811
20
-4.4237324409448817
11
2.9246338188976377
21
-4.4266062598425195
0
LINE
8
BLACK
6
CONTINUOUS
10
2.9246338188976377
20
-4.4266062598425195
11
2.9217599999999999
21
-4.4285264960629922
0
LINE
8
BLACK
6
CONTINUOUS
10
2.9217599999999999
20
-4.4285264960629922
11
2.9183700787401574
21
-4.4292007874015749
0
LINE
8
BLACK
6
CONTINUOUS
10
2.9183700787401574
20
-4.4292007874015749
11
2.9006535433070866
21
-4.4292007874015749
0
LINE
8
BLACK
6
CONTINUOUS
10
2.9006535433070866
20
-4.4292007874015749
11
2.8972636220472441
21
-4.4285264960629922
0
LINE
8
BLACK
6
CONTINUOUS
10
2.8972636220472441
20
-4.4285264960629922
11
2.8943898031496063
21
-4.4266062598425195
0
LINE
8
BLACK
6
CONTINUOUS
10
2.8943898031496063
20
-4.4266062598425195
11
2.8924695669291336
21
-4.4237324409448817
0
LINE
8
BLACK
6
CONTINUOUS
10
2.8924695669291336
20
-4.4237324409448817
11
2.8917952755905509
21
-4.4203425196850397
0
LINE
8
BLACK
6
CONTINUOUS
10
2.8917952755905509
20
-4.4203425196850397
11
2.8917952755905509
21
-4.400657480314961
0
LINE
8
BLACK
6
CONTINUOUS
10
2.8917952755905509
20
-4.400657480314961
11
2.8924695669291336
21
-4.397267559055118
0
LINE
8
BLACK
6
CONTINUOUS
10
2.8924695669291336
20
-4.397267559055118
11
2.8943898031496063
21
-4.3943937401574802
0
LINE
8
BLACK
6
CONTINUOUS
10
2.8943898031496063
20
-4.3943937401574802
11
2.8972636220472441
21
-4.3924735039370075
0
LINE
8
BLACK
6
CONTINUOUS
10
2.8972636220472441
20
-4.3924735039370075
11
2.9006535433070866
21
-4.3917992125984249
0
LINE
8
BLACK
6
CONTINUOUS
10
2.9006535433070866
20
-4.3917992125984249
11
2.9183700787401574
21
-4.3917992125984249
0
LINE
8
BLACK
6
CONTINUOUS
10
2.9183700787401574
20
-4.3917992125984249
11
2.9217599999999999
21
-4.3924735039370075
0
LINE
8
BLACK
6
CONTINUOUS
10
2.7928400393700787
20
-4.3928316535433067
11
2.795394527559055
21
-4.3945385433070863
0
LINE
8
BLACK
6
CONTINUOUS
10
2.795394527559055
20
-4.3945385433070863
11
2.7971014173228346
21
-4.3970930314960626
0
LINE
8
BLACK
6
CONTINUOUS
10
2.7971014173228346
20
-4.3970930314960626
11
2.7977007874015749
21
-4.4001062992125979
0
LINE
8
BLACK
6
CONTINUOUS
10
2.7977007874015749
20
-4.4001062992125979
11
2.7977007874015749
21
-4.4158543307086617
0
LINE
8
BLACK
6
CONTINUOUS
10
2.7977007874015749
20
-4.4158543307086617
11
2.7971014173228346
21
-4.4188675984251971
0
LINE
8
BLACK
6
CONTINUOUS
10
2.7971014173228346
20
-4.4188675984251971
11
2.795394527559055
21
-4.4214220866141734
0
LINE
8
BLACK
6
CONTINUOUS
10
2.795394527559055
20
-4.4214220866141734
11
2.7928400393700787
21
-4.4231289763779529
0
LINE
8
BLACK
6
CONTINUOUS
10
2.7928400393700787
20
-4.4231289763779529
11
2.7898267716535434
21
-4.4237283464566932
0
LINE
8
BLACK
6
CONTINUOUS
10
2.7898267716535434
20
-4.4237283464566932
11
2.7681732283464568
21
-4.4237283464566932
0
LINE
8
BLACK
6
CONTINUOUS
10
2.7681732283464568
20
-4.4237283464566932
11
2.7651599606299211
21
-4.4231289763779529
0
LINE
8
BLACK
6
CONTINUOUS
10
2.7651599606299211
20
-4.4231289763779529
11
2.7626054724409448
21
-4.4214220866141734
0
LINE
8
BLACK
6
CONTINUOUS
10
2.7626054724409448
20
-4.4214220866141734
11
2.7608985826771653
21
-4.4188675984251971
0
LINE
8
BLACK
6
CONTINUOUS
10
2.7608985826771653
20
-4.4188675984251971
11
2.7602992125984249
21
-4.4158543307086617
0
LINE
8
BLACK
6
CONTINUOUS
10
2.7602992125984249
20
-4.4158543307086617
11
2.7602992125984249
21
-4.4001062992125979
0
LINE
8
BLACK
6
CONTINUOUS
10
2.7602992125984249
20
-4.4001062992125979
11
2.7608985826771653
21
-4.3970930314960626
0
LINE
8
BLACK
6
CONTINUOUS
10
2.7608985826771653
20
-4.3970930314960626
11
2.7626054724409448
21
-4.3945385433070863
0
LINE
8
BLACK
6
CONTINUOUS
10
2.7626054724409448
20
-4.3945385433070863
11
2.7651599606299211
21
-4.3928316535433067
0
LINE
8
BLACK
6
CONTINUOUS
10
2.7651599606299211
20
-4.3928316535433067
11
2.7681732283464568
21
-4.3922322834645664
0
LINE
8
BLACK
6
CONTINUOUS
10
2.7681732283464568
20
-4.3922322834645664
11
2.7898267716535434
21
-4.3922322834645664
0
LINE
8
BLACK
6
CONTINUOUS
10
2.7898267716535434
20
-4.3922322834645664
11
2.7928400393700787
21
-4.3928316535433067
0
LINE
8
BLACK
6
CONTINUOUS
10
2.8607363779527559
20
-4.3224735039370081
11
2.8636101968503938
21
-4.3243937401574799
0
LINE
8
BLACK
6
CONTINUOUS
10
2.8636101968503938
20
-4.3243937401574799
11
2.865530433070866
21
-4.3272675590551177
0
LINE
8
BLACK
6
CONTINUOUS
10
2.865530433070866
20
-4.3272675590551177
11
2.8662047244094486
21
-4.3306574803149607
0
LINE
8
BLACK
6
CONTINUOUS
10
2.8662047244094486
20
-4.3306574803149607
11
2.8662047244094486
21
-4.3503425196850394
0
LINE
8
BLACK
6
CONTINUOUS
10
2.8662047244094486
20
-4.3503425196850394
11
2.865530433070866
21
-4.3537324409448814
0
LINE
8
BLACK
6
CONTINUOUS
10
2.865530433070866
20
-4.3537324409448814
11
2.8636101968503938
21
-4.3566062598425193
0
LINE
8
BLACK
6
CONTINUOUS
10
2.8636101968503938
20
-4.3566062598425193
11
2.8607363779527559
21
-4.3585264960629919
0
LINE
8
BLACK
6
CONTINUOUS
10
2.8607363779527559
20
-4.3585264960629919
11
2.8573464566929134
21
-4.3592007874015746
0
LINE
8
BLACK
6
CONTINUOUS
10
2.8573464566929134
20
-4.3592007874015746
11
2.8396299212598426
21
-4.3592007874015746
0
LINE
8
BLACK
6
CONTINUOUS
10
2.8396299212598426
20
-4.3592007874015746
11
2.8362400000000001
21
-4.3585264960629919
0
LINE
8
BLACK
6
CONTINUOUS
10
2.8362400000000001
20
-4.3585264960629919
11
2.8333661811023623
21
-4.3566062598425193
0
LINE
8
BLACK
6
CONTINUOUS
10
2.8333661811023623
20
-4.3566062598425193
11
2.8314459448818896
21
-4.3537324409448814
0
LINE
8
BLACK
6
CONTINUOUS
10
2.8314459448818896
20
-4.3537324409448814
11
2.830771653543307
21
-4.3503425196850394
0
LINE
8
BLACK
6
CONTINUOUS
10
2.830771653543307
20
-4.3503425196850394
11
2.830771653543307
21
-4.3306574803149607
0
LINE
8
BLACK
6
CONTINUOUS
10
2.830771653543307
20
-4.3306574803149607
11
2.8314459448818896
21
-4.3272675590551177
0
LINE
8
BLACK
6
CONTINUOUS
10
2.8314459448818896
20
-4.3272675590551177
11
2.8333661811023623
21
-4.3243937401574799
0
LINE
8
BLACK
6
CONTINUOUS
10
2.8333661811023623
20
-4.3243937401574799
11
2.8362400000000001
21
-4.3224735039370081
0
LINE
8
BLACK
6
CONTINUOUS
10
2.8362400000000001
20
-4.3224735039370081
11
2.8396299212598426
21
-4.3217992125984255
0
LINE
8
BLACK
6
CONTINUOUS
10
2.8396299212598426
20
-4.3217992125984255
11
2.8573464566929134
21
-4.3217992125984255
0
LINE
8
BLACK
6
CONTINUOUS
10
2.8573464566929134
20
-4.3217992125984255
11
2.8607363779527559
21
-4.3224735039370081
0
LINE
8
BLACK
6
CONTINUOUS
10
2.9217599999999999
20
-4.3224735039370081
11
2.9246338188976377
21
-4.3243937401574799
0
LINE
8
BLACK
6
CONTINUOUS
10
2.9246338188976377
20
-4.3243937401574799
11
2.92655405511811
21
-4.3272675590551177
0
LINE
8
BLACK
6
CONTINUOUS
10
2.92655405511811
20
-4.3272675590551177
11
2.9272283464566931
21
-4.3306574803149607
0
LINE
8
BLACK
6
CONTINUOUS
10
2.9272283464566931
20
-4.3306574803149607
11
2.9272283464566931
21
-4.3503425196850394
0
LINE
8
BLACK
6
CONTINUOUS
10
2.9272283464566931
20
-4.3503425196850394
11
2.92655405511811
21
-4.3537324409448814
0
LINE
8
BLACK
6
CONTINUOUS
10
2.92655405511811
20
-4.3537324409448814
11
2.9246338188976377
21
-4.3566062598425193
0
LINE
8
BLACK
6
CONTINUOUS
10
2.9246338188976377
20
-4.3566062598425193
11
2.9217599999999999
21
-4.3585264960629919
0
LINE
8
BLACK
6
CONTINUOUS
10
2.9217599999999999
20
-4.3585264960629919
11
2.9183700787401574
21
-4.3592007874015746
0
LINE
8
BLACK
6
CONTINUOUS
10
2.9183700787401574
20
-4.3592007874015746
11
2.9006535433070866
21
-4.3592007874015746
0
LINE
8
BLACK
6
CONTINUOUS
10
2.9006535433070866
20
-4.3592007874015746
11
2.8972636220472441
21
-4.3585264960629919
0
LINE
8
BLACK
6
CONTINUOUS
10
2.8972636220472441
20
-4.3585264960629919
11
2.8943898031496063
21
-4.3566062598425193
0
LINE
8
BLACK
6
CONTINUOUS
10
2.8943898031496063
20
-4.3566062598425193
11
2.8924695669291336
21
-4.3537324409448814
0
LINE
8
BLACK
6
CONTINUOUS
10
2.8924695669291336
20
-4.3537324409448814
11
2.8917952755905509
21
-4.3503425196850394
0
LINE
8
BLACK
6
CONTINUOUS
10
2.8917952755905509
20
-4.3503425196850394
11
2.8917952755905509
21
-4.3306574803149607
0
LINE
8
BLACK
6
CONTINUOUS
10
2.8917952755905509
20
-4.3306574803149607
11
2.8924695669291336
21
-4.3272675590551177
0
LINE
8
BLACK
6
CONTINUOUS
10
2.8924695669291336
20
-4.3272675590551177
11
2.8943898031496063
21
-4.3243937401574799
0
LINE
8
BLACK
6
CONTINUOUS
10
2.8943898031496063
20
-4.3243937401574799
11
2.8972636220472441
21
-4.3224735039370081
0
LINE
8
BLACK
6
CONTINUOUS
10
2.8972636220472441
20
-4.3224735039370081
11
2.9006535433070866
21
-4.3217992125984255
0
LINE
8
BLACK
6
CONTINUOUS
10
2.9006535433070866
20
-4.3217992125984255
11
2.9183700787401574
21
-4.3217992125984255
0
LINE
8
BLACK
6
CONTINUOUS
10
2.9183700787401574
20
-4.3217992125984255
11
2.9217599999999999
21
-4.3224735039370081
0
LINE
8
BLACK
6
CONTINUOUS
10
2.7928400393700787
20
-4.3278710236220475
11
2.795394527559055
21
-4.329577913385827
0
LINE
8
BLACK
6
CONTINUOUS
10
2.795394527559055
20
-4.329577913385827
11
2.7971014173228346
21
-4.3321324015748033
0
LINE
8
BLACK
6
CONTINUOUS
10
2.7971014173228346
20
-4.3321324015748033
11
2.7977007874015749
21
-4.3351456692913386
0
LINE
8
BLACK
6
CONTINUOUS
10
2.7977007874015749
20
-4.3351456692913386
11
2.7977007874015749
21
-4.3508937007874016
0
LINE
8
BLACK
6
CONTINUOUS
10
2.7977007874015749
20
-4.3508937007874016
11
2.7971014173228346
21
-4.3539069685039369
0
LINE
8
BLACK
6
CONTINUOUS
10
2.7971014173228346
20
-4.3539069685039369
11
2.795394527559055
21
-4.3564614566929132
0
LINE
8
BLACK
6
CONTINUOUS
10
2.795394527559055
20
-4.3564614566929132
11
2.7928400393700787
21
-4.3581683464566927
0
LINE
8
BLACK
6
CONTINUOUS
10
2.7928400393700787
20
-4.3581683464566927
11
2.7898267716535434
21
-4.358767716535433
0
LINE
8
BLACK
6
CONTINUOUS
10
2.7898267716535434
20
-4.358767716535433
11
2.7681732283464568
21
-4.358767716535433
0
LINE
8
BLACK
6
CONTINUOUS
10
2.7681732283464568
20
-4.358767716535433
11
2.7651599606299211
21
-4.3581683464566927
0
LINE
8
BLACK
6
CONTINUOUS
10
2.7651599606299211
20
-4.3581683464566927
11
2.7626054724409448
21
-4.3564614566929132
0
LINE
8
BLACK
6
CONTINUOUS
10
2.7626054724409448
20
-4.3564614566929132
11
2.7608985826771653
21
-4.3539069685039369
0
LINE
8
BLACK
6
CONTINUOUS
10
2.7608985826771653
20
-4.3539069685039369
11
2.7602992125984249
21
-4.3508937007874016
0
LINE
8
BLACK
6
CONTINUOUS
10
2.7602992125984249
20
-4.3508937007874016
11
2.7602992125984249
21
-4.3351456692913386
0
LINE
8
BLACK
6
CONTINUOUS
10
2.7602992125984249
20
-4.3351456692913386
11
2.7608985826771653
21
-4.3321324015748033
0
LINE
8
BLACK
6
CONTINUOUS
10
2.7608985826771653
20
-4.3321324015748033
11
2.7626054724409448
21
-4.329577913385827
0
LINE
8
BLACK
6
CONTINUOUS
10
2.7626054724409448
20
-4.329577913385827
11
2.7651599606299211
21
-4.3278710236220475
0
LINE
8
BLACK
6
CONTINUOUS
10
2.7651599606299211
20
-4.3278710236220475
11
2.7681732283464568
21
-4.3272716535433071
0
LINE
8
BLACK
6
CONTINUOUS
10
2.7681732283464568
20
-4.3272716535433071
11
2.7898267716535434
21
-4.3272716535433071
0
LINE
8
BLACK
6
CONTINUOUS
10
2.7898267716535434
20
-4.3272716535433071
11
2.7928400393700787
21
-4.3278710236220475
0
LINE
8
BLACK
6
CONTINUOUS
10
3.5050299606299213
20
-4.1615971259842519
11
3.5057962992125984
21
-4.1621092125984251
0
LINE
8
BLACK
6
CONTINUOUS
10
3.5057962992125984
20
-4.1621092125984251
11
3.5063083858267716
21
-4.1628755511811022
0
LINE
8
BLACK
6
CONTINUOUS
10
3.5063083858267716
20
-4.1628755511811022
11
3.5064881889763777
21
-4.163779527559055
0
LINE
8
BLACK
6
CONTINUOUS
10
3.5064881889763777
20
-4.163779527559055
11
3.5064881889763777
21
-4.1905511811023617
0
LINE
8
BLACK
6
CONTINUOUS
10
3.5064881889763777
20
-4.1905511811023617
11
3.5063083858267716
21
-4.1914551574803145
0
LINE
8
BLACK
6
CONTINUOUS
10
3.5063083858267716
20
-4.1914551574803145
11
3.5057962992125984
21
-4.1922214960629924
0
LINE
8
BLACK
6
CONTINUOUS
10
3.5057962992125984
20
-4.1922214960629924
11
3.5050299606299213
21
-4.1927335826771657
0
LINE
8
BLACK
6
CONTINUOUS
10
3.5050299606299213
20
-4.1927335826771657
11
3.5041259842519685
21
-4.1929133858267713
0
LINE
8
BLACK
6
CONTINUOUS
10
3.5041259842519685
20
-4.1929133858267713
11
3.4994015748031497
21
-4.1929133858267713
0
LINE
8
BLACK
6
CONTINUOUS
10
3.4994015748031497
20
-4.1929133858267713
11
3.4984975984251969
21
-4.1927335826771657
0
LINE
8
BLACK
6
CONTINUOUS
10
3.4984975984251969
20
-4.1927335826771657
11
3.4977312598425194
21
-4.1922214960629924
0
LINE
8
BLACK
6
CONTINUOUS
10
3.4977312598425194
20
-4.1922214960629924
11
3.4972191732283462
21
-4.1914551574803145
0
LINE
8
BLACK
6
CONTINUOUS
10
3.4972191732283462
20
-4.1914551574803145
11
3.4970393700787401
21
-4.1905511811023617
0
LINE
8
BLACK
6
CONTINUOUS
10
3.4970393700787401
20
-4.1905511811023617
11
3.4970393700787401
21
-4.163779527559055
0
LINE
8
BLACK
6
CONTINUOUS
10
3.4970393700787401
20
-4.163779527559055
11
3.4972191732283462
21
-4.1628755511811022
0
LINE
8
BLACK
6
CONTINUOUS
10
3.4972191732283462
20
-4.1628755511811022
11
3.4977312598425194
21
-4.1621092125984251
0
LINE
8
BLACK
6
CONTINUOUS
10
3.4977312598425194
20
-4.1621092125984251
11
3.4984975984251969
21
-4.1615971259842519
0
LINE
8
BLACK
6
CONTINUOUS
10
3.4984975984251969
20
-4.1615971259842519
11
3.4994015748031497
21
-4.1614173228346454
0
LINE
8
BLACK
6
CONTINUOUS
10
3.4994015748031497
20
-4.1614173228346454
11
3.5041259842519685
21
-4.1614173228346454
0
LINE
8
BLACK
6
CONTINUOUS
10
3.5041259842519685
20
-4.1614173228346454
11
3.5050299606299213
21
-4.1615971259842519
0
LINE
8
BLACK
6
CONTINUOUS
10
3.524715
20
-4.1615971259842519
11
3.5254813385826771
21
-4.1621092125984251
0
LINE
8
BLACK
6
CONTINUOUS
10
3.5254813385826771
20
-4.1621092125984251
11
3.5259934251968503
21
-4.1628755511811022
0
LINE
8
BLACK
6
CONTINUOUS
10
3.5259934251968503
20
-4.1628755511811022
11
3.5261732283464564
21
-4.163779527559055
0
LINE
8
BLACK
6
CONTINUOUS
10
3.5261732283464564
20
-4.163779527559055
11
3.5261732283464564
21
-4.1905511811023617
0
LINE
8
BLACK
6
CONTINUOUS
10
3.5261732283464564
20
-4.1905511811023617
11
3.5259934251968503
21
-4.1914551574803145
0
LINE
8
BLACK
6
CONTINUOUS
10
3.5259934251968503
20
-4.1914551574803145
11
3.5254813385826771
21
-4.1922214960629924
0
LINE
8
BLACK
6
CONTINUOUS
10
3.5254813385826771
20
-4.1922214960629924
11
3.524715
21
-4.1927335826771657
0
LINE
8
BLACK
6
CONTINUOUS
10
3.524715
20
-4.1927335826771657
11
3.5238110236220472
21
-4.1929133858267713
0
LINE
8
BLACK
6
CONTINUOUS
10
3.5238110236220472
20
-4.1929133858267713
11
3.5190866141732284
21
-4.1929133858267713
0
LINE
8
BLACK
6
CONTINUOUS
10
3.5190866141732284
20
-4.1929133858267713
11
3.5181826377952756
21
-4.1927335826771657
0
LINE
8
BLACK
6
CONTINUOUS
10
3.5181826377952756
20
-4.1927335826771657
11
3.5174162992125981
21
-4.1922214960629924
0
LINE
8
BLACK
6
CONTINUOUS
10
3.5174162992125981
20
-4.1922214960629924
11
3.5169042125984253
21
-4.1914551574803145
0
LINE
8
BLACK
6
CONTINUOUS
10
3.5169042125984253
20
-4.1914551574803145
11
3.5167244094488188
21
-4.1905511811023617
0
LINE
8
BLACK
6
CONTINUOUS
10
3.5167244094488188
20
-4.1905511811023617
11
3.5167244094488188
21
-4.163779527559055
0
LINE
8
BLACK
6
CONTINUOUS
10
3.5167244094488188
20
-4.163779527559055
11
3.5169042125984253
21
-4.1628755511811022
0
LINE
8
BLACK
6
CONTINUOUS
10
3.5169042125984253
20
-4.1628755511811022
11
3.5174162992125981
21
-4.1621092125984251
0
LINE
8
BLACK
6
CONTINUOUS
10
3.5174162992125981
20
-4.1621092125984251
11
3.5181826377952756
21
-4.1615971259842519
0
LINE
8
BLACK
6
CONTINUOUS
10
3.5181826377952756
20
-4.1615971259842519
11
3.5190866141732284
21
-4.1614173228346454
0
LINE
8
BLACK
6
CONTINUOUS
10
3.5190866141732284
20
-4.1614173228346454
11
3.5238110236220472
21
-4.1614173228346454
0
LINE
8
BLACK
6
CONTINUOUS
10
3.5238110236220472
20
-4.1614173228346454
11
3.524715
21
-4.1615971259842519
0
LINE
8
BLACK
6
CONTINUOUS
10
3.5444000393700787
20
-4.1615971259842519
11
3.5451663779527558
21
-4.1621092125984251
0
LINE
8
BLACK
6
CONTINUOUS
10
3.5451663779527558
20
-4.1621092125984251
11
3.545678464566929
21
-4.1628755511811022
0
LINE
8
BLACK
6
CONTINUOUS
10
3.545678464566929
20
-4.1628755511811022
11
3.5458582677165356
21
-4.163779527559055
0
LINE
8
BLACK
6
CONTINUOUS
10
3.5458582677165356
20
-4.163779527559055
11
3.5458582677165356
21
-4.1905511811023617
0
LINE
8
BLACK
6
CONTINUOUS
10
3.5458582677165356
20
-4.1905511811023617
11
3.545678464566929
21
-4.1914551574803145
0
LINE
8
BLACK
6
CONTINUOUS
10
3.545678464566929
20
-4.1914551574803145
11
3.5451663779527558
21
-4.1922214960629924
0
LINE
8
BLACK
6
CONTINUOUS
10
3.5451663779527558
20
-4.1922214960629924
11
3.5444000393700787
21
-4.1927335826771657
0
LINE
8
BLACK
6
CONTINUOUS
10
3.5444000393700787
20
-4.1927335826771657
11
3.5434960629921259
21
-4.1929133858267713
0
LINE
8
BLACK
6
CONTINUOUS
10
3.5434960629921259
20
-4.1929133858267713
11
3.5387716535433071
21
-4.1929133858267713
0
LINE
8
BLACK
6
CONTINUOUS
10
3.5387716535433071
20
-4.1929133858267713
11
3.5378676771653543
21
-4.1927335826771657
0
LINE
8
BLACK
6
CONTINUOUS
10
3.5378676771653543
20
-4.1927335826771657
11
3.5371013385826773
21
-4.1922214960629924
0
LINE
8
BLACK
6
CONTINUOUS
10
3.5371013385826773
20
-4.1922214960629924
11
3.536589251968504
21
-4.1914551574803145
0
LINE
8
BLACK
6
CONTINUOUS
10
3.536589251968504
20
-4.1914551574803145
11
3.5364094488188975
21
-4.1905511811023617
0
LINE
8
BLACK
6
CONTINUOUS
10
3.5364094488188975
20
-4.1905511811023617
11
3.5364094488188975
21
-4.163779527559055
0
LINE
8
BLACK
6
CONTINUOUS
10
3.5364094488188975
20
-4.163779527559055
11
3.536589251968504
21
-4.1628755511811022
0
LINE
8
BLACK
6
CONTINUOUS
10
3.536589251968504
20
-4.1628755511811022
11
3.5371013385826773
21
-4.1621092125984251
0
LINE
8
BLACK
6
CONTINUOUS
10
3.5371013385826773
20
-4.1621092125984251
11
3.5378676771653543
21
-4.1615971259842519
0
LINE
8
BLACK
6
CONTINUOUS
10
3.5378676771653543
20
-4.1615971259842519
11
3.5387716535433071
21
-4.1614173228346454
0
LINE
8
BLACK
6
CONTINUOUS
10
3.5387716535433071
20
-4.1614173228346454
11
3.5434960629921259
21
-4.1614173228346454
0
LINE
8
BLACK
6
CONTINUOUS
10
3.5434960629921259
20
-4.1614173228346454
11
3.5444000393700787
21
-4.1615971259842519
0
LINE
8
BLACK
6
CONTINUOUS
10
3.5640850787401575
20
-4.1615971259842519
11
3.5648514173228345
21
-4.1621092125984251
0
LINE
8
BLACK
6
CONTINUOUS
10
3.5648514173228345
20
-4.1621092125984251
11
3.5653635039370077
21
-4.1628755511811022
0
LINE
8
BLACK
6
CONTINUOUS
10
3.5653635039370077
20
-4.1628755511811022
11
3.5655433070866143
21
-4.163779527559055
0
LINE
8
BLACK
6
CONTINUOUS
10
3.5655433070866143
20
-4.163779527559055
11
3.5655433070866143
21
-4.1905511811023617
0
LINE
8
BLACK
6
CONTINUOUS
10
3.5655433070866143
20
-4.1905511811023617
11
3.5653635039370077
21
-4.1914551574803145
0
LINE
8
BLACK
6
CONTINUOUS
10
3.5653635039370077
20
-4.1914551574803145
11
3.5648514173228345
21
-4.1922214960629924
0
LINE
8
BLACK
6
CONTINUOUS
10
3.5648514173228345
20
-4.1922214960629924
11
3.5640850787401575
21
-4.1927335826771657
0
LINE
8
BLACK
6
CONTINUOUS
10
3.5640850787401575
20
-4.1927335826771657
11
3.5631811023622046
21
-4.1929133858267713
0
LINE
8
BLACK
6
CONTINUOUS
10
3.5631811023622046
20
-4.1929133858267713
11
3.5584566929133858
21
-4.1929133858267713
0
LINE
8
BLACK
6
CONTINUOUS
10
3.5584566929133858
20
-4.1929133858267713
11
3.557552716535433
21
-4.1927335826771657
0
LINE
8
BLACK
6
CONTINUOUS
10
3.557552716535433
20
-4.1927335826771657
11
3.556786377952756
21
-4.1922214960629924
0
LINE
8
BLACK
6
CONTINUOUS
10
3.556786377952756
20
-4.1922214960629924
11
3.5562742913385827
21
-4.1914551574803145
0
LINE
8
BLACK
6
CONTINUOUS
10
3.5562742913385827
20
-4.1914551574803145
11
3.5560944881889762
21
-4.1905511811023617
0
LINE
8
BLACK
6
CONTINUOUS
10
3.5560944881889762
20
-4.1905511811023617
11
3.5560944881889762
21
-4.163779527559055
0
LINE
8
BLACK
6
CONTINUOUS
10
3.5560944881889762
20
-4.163779527559055
11
3.5562742913385827
21
-4.1628755511811022
0
LINE
8
BLACK
6
CONTINUOUS
10
3.5562742913385827
20
-4.1628755511811022
11
3.556786377952756
21
-4.1621092125984251
0
LINE
8
BLACK
6
CONTINUOUS
10
3.556786377952756
20
-4.1621092125984251
11
3.557552716535433
21
-4.1615971259842519
0
LINE
8
BLACK
6
CONTINUOUS
10
3.557552716535433
20
-4.1615971259842519
11
3.5584566929133858
21
-4.1614173228346454
0
LINE
8
BLACK
6
CONTINUOUS
10
3.5584566929133858
20
-4.1614173228346454
11
3.5631811023622046
21
-4.1614173228346454
0
LINE
8
BLACK
6
CONTINUOUS
10
3.5631811023622046
20
-4.1614173228346454
11
3.5640850787401575
21
-4.1615971259842519
0
LINE
8
BLACK
6
CONTINUOUS
10
3.5837701181102362
20
-4.1615971259842519
11
3.5845364566929132
21
-4.1621092125984251
0
LINE
8
BLACK
6
CONTINUOUS
10
3.5845364566929132
20
-4.1621092125984251
11
3.5850485433070864
21
-4.1628755511811022
0
LINE
8
BLACK
6
CONTINUOUS
10
3.5850485433070864
20
-4.1628755511811022
11
3.585228346456693
21
-4.163779527559055
0
LINE
8
BLACK
6
CONTINUOUS
10
3.585228346456693
20
-4.163779527559055
11
3.585228346456693
21
-4.1905511811023617
0
LINE
8
BLACK
6
CONTINUOUS
10
3.585228346456693
20
-4.1905511811023617
11
3.5850485433070864
21
-4.1914551574803145
0
LINE
8
BLACK
6
CONTINUOUS
10
3.5850485433070864
20
-4.1914551574803145
11
3.5845364566929132
21
-4.1922214960629924
0
LINE
8
BLACK
6
CONTINUOUS
10
3.5845364566929132
20
-4.1922214960629924
11
3.5837701181102362
21
-4.1927335826771657
0
LINE
8
BLACK
6
CONTINUOUS
10
3.5837701181102362
20
-4.1927335826771657
11
3.5828661417322833
21
-4.1929133858267713
0
LINE
8
BLACK
6
CONTINUOUS
10
3.5828661417322833
20
-4.1929133858267713
11
3.5781417322834645
21
-4.1929133858267713
0
LINE
8
BLACK
6
CONTINUOUS
10
3.5781417322834645
20
-4.1929133858267713
11
3.5772377559055117
21
-4.1927335826771657
0
LINE
8
BLACK
6
CONTINUOUS
10
3.5772377559055117
20
-4.1927335826771657
11
3.5764714173228347
21
-4.1922214960629924
0
LINE
8
BLACK
6
CONTINUOUS
10
3.5764714173228347
20
-4.1922214960629924
11
3.5759593307086615
21
-4.1914551574803145
0
LINE
8
BLACK
6
CONTINUOUS
10
3.5759593307086615
20
-4.1914551574803145
11
3.5757795275590549
21
-4.1905511811023617
0
LINE
8
BLACK
6
CONTINUOUS
10
3.5757795275590549
20
-4.1905511811023617
11
3.5757795275590549
21
-4.163779527559055
0
LINE
8
BLACK
6
CONTINUOUS
10
3.5757795275590549
20
-4.163779527559055
11
3.5759593307086615
21
-4.1628755511811022
0
LINE
8
BLACK
6
CONTINUOUS
10
3.5759593307086615
20
-4.1628755511811022
11
3.5764714173228347
21
-4.1621092125984251
0
LINE
8
BLACK
6
CONTINUOUS
10
3.5764714173228347
20
-4.1621092125984251
11
3.5772377559055117
21
-4.1615971259842519
0
LINE
8
BLACK
6
CONTINUOUS
10
3.5772377559055117
20
-4.1615971259842519
11
3.5781417322834645
21
-4.1614173228346454
0
LINE
8
BLACK
6
CONTINUOUS
10
3.5781417322834645
20
-4.1614173228346454
11
3.5828661417322833
21
-4.1614173228346454
0
LINE
8
BLACK
6
CONTINUOUS
10
3.5828661417322833
20
-4.1614173228346454
11
3.5837701181102362
21
-4.1615971259842519
0
LINE
8
BLACK
6
CONTINUOUS
10
3.6034551574803149
20
-4.1615971259842519
11
3.6042214960629919
21
-4.1621092125984251
0
LINE
8
BLACK
6
CONTINUOUS
10
3.6042214960629919
20
-4.1621092125984251
11
3.6047335826771651
21
-4.1628755511811022
0
LINE
8
BLACK
6
CONTINUOUS
10
3.6047335826771651
20
-4.1628755511811022
11
3.6049133858267717
21
-4.163779527559055
0
LINE
8
BLACK
6
CONTINUOUS
10
3.6049133858267717
20
-4.163779527559055
11
3.6049133858267717
21
-4.1905511811023617
0
LINE
8
BLACK
6
CONTINUOUS
10
3.6049133858267717
20
-4.1905511811023617
11
3.6047335826771651
21
-4.1914551574803145
0
LINE
8
BLACK
6
CONTINUOUS
10
3.6047335826771651
20
-4.1914551574803145
11
3.6042214960629919
21
-4.1922214960629924
0
LINE
8
BLACK
6
CONTINUOUS
10
3.6042214960629919
20
-4.1922214960629924
11
3.6034551574803149
21
-4.1927335826771657
0
LINE
8
BLACK
6
CONTINUOUS
10
3.6034551574803149
20
-4.1927335826771657
11
3.6025511811023621
21
-4.1929133858267713
0
LINE
8
BLACK
6
CONTINUOUS
10
3.6025511811023621
20
-4.1929133858267713
11
3.5978267716535433
21
-4.1929133858267713
0
LINE
8
BLACK
6
CONTINUOUS
10
3.5978267716535433
20
-4.1929133858267713
11
3.5969227952755904
21
-4.1927335826771657
0
LINE
8
BLACK
6
CONTINUOUS
10
3.5969227952755904
20
-4.1927335826771657
11
3.5961564566929134
21
-4.1922214960629924
0
LINE
8
BLACK
6
CONTINUOUS
10
3.5961564566929134
20
-4.1922214960629924
11
3.5956443700787402
21
-4.1914551574803145
0
LINE
8
BLACK
6
CONTINUOUS
10
3.5956443700787402
20
-4.1914551574803145
11
3.5954645669291336
21
-4.1905511811023617
0
LINE
8
BLACK
6
CONTINUOUS
10
3.5954645669291336
20
-4.1905511811023617
11
3.5954645669291336
21
-4.163779527559055
0
LINE
8
BLACK
6
CONTINUOUS
10
3.5954645669291336
20
-4.163779527559055
11
3.5956443700787402
21
-4.1628755511811022
0
LINE
8
BLACK
6
CONTINUOUS
10
3.5956443700787402
20
-4.1628755511811022
11
3.5961564566929134
21
-4.1621092125984251
0
LINE
8
BLACK
6
CONTINUOUS
10
3.5961564566929134
20
-4.1621092125984251
11
3.5969227952755904
21
-4.1615971259842519
0
LINE
8
BLACK
6
CONTINUOUS
10
3.5969227952755904
20
-4.1615971259842519
11
3.5978267716535433
21
-4.1614173228346454
0
LINE
8
BLACK
6
CONTINUOUS
10
3.5978267716535433
20
-4.1614173228346454
11
3.6025511811023621
21
-4.1614173228346454
0
LINE
8
BLACK
6
CONTINUOUS
10
3.6025511811023621
20
-4.1614173228346454
11
3.6034551574803149
21
-4.1615971259842519
0
LINE
8
BLACK
6
CONTINUOUS
10
3.6231401968503936
20
-4.1615971259842519
11
3.6239065354330706
21
-4.1621092125984251
0
LINE
8
BLACK
6
CONTINUOUS
10
3.6239065354330706
20
-4.1621092125984251
11
3.6244186220472439
21
-4.1628755511811022
0
LINE
8
BLACK
6
CONTINUOUS
10
3.6244186220472439
20
-4.1628755511811022
11
3.6245984251968504
21
-4.163779527559055
0
LINE
8
BLACK
6
CONTINUOUS
10
3.6245984251968504
20
-4.163779527559055
11
3.6245984251968504
21
-4.1905511811023617
0
LINE
8
BLACK
6
CONTINUOUS
10
3.6245984251968504
20
-4.1905511811023617
11
3.6244186220472439
21
-4.1914551574803145
0
LINE
8
BLACK
6
CONTINUOUS
10
3.6244186220472439
20
-4.1914551574803145
11
3.6239065354330706
21
-4.1922214960629924
0
LINE
8
BLACK
6
CONTINUOUS
10
3.6239065354330706
20
-4.1922214960629924
11
3.6231401968503936
21
-4.1927335826771657
0
LINE
8
BLACK
6
CONTINUOUS
10
3.6231401968503936
20
-4.1927335826771657
11
3.6222362204724408
21
-4.1929133858267713
0
LINE
8
BLACK
6
CONTINUOUS
10
3.6222362204724408
20
-4.1929133858267713
11
3.617511811023622
21
-4.1929133858267713
0
LINE
8
BLACK
6
CONTINUOUS
10
3.617511811023622
20
-4.1929133858267713
11
3.6166078346456692
21
-4.1927335826771657
0
LINE
8
BLACK
6
CONTINUOUS
10
3.6166078346456692
20
-4.1927335826771657
11
3.6158414960629921
21
-4.1922214960629924
0
LINE
8
BLACK
6
CONTINUOUS
10
3.6158414960629921
20
-4.1922214960629924
11
3.6153294094488189
21
-4.1914551574803145
0
LINE
8
BLACK
6
CONTINUOUS
10
3.6153294094488189
20
-4.1914551574803145
11
3.6151496062992123
21
-4.1905511811023617
0
LINE
8
BLACK
6
CONTINUOUS
10
3.6151496062992123
20
-4.1905511811023617
11
3.6151496062992123
21
-4.163779527559055
0
LINE
8
BLACK
6
CONTINUOUS
10
3.6151496062992123
20
-4.163779527559055
11
3.6153294094488189
21
-4.1628755511811022
0
LINE
8
BLACK
6
CONTINUOUS
10
3.6153294094488189
20
-4.1628755511811022
11
3.6158414960629921
21
-4.1621092125984251
0
LINE
8
BLACK
6
CONTINUOUS
10
3.6158414960629921
20
-4.1621092125984251
11
3.6166078346456692
21
-4.1615971259842519
0
LINE
8
BLACK
6
CONTINUOUS
10
3.6166078346456692
20
-4.1615971259842519
11
3.617511811023622
21
-4.1614173228346454
0
LINE
8
BLACK
6
CONTINUOUS
10
3.617511811023622
20
-4.1614173228346454
11
3.6222362204724408
21
-4.1614173228346454
0
LINE
8
BLACK
6
CONTINUOUS
10
3.6222362204724408
20
-4.1614173228346454
11
3.6231401968503936
21
-4.1615971259842519
0
LINE
8
BLACK
6
CONTINUOUS
10
3.6428252362204723
20
-4.1615971259842519
11
3.6435915748031493
21
-4.1621092125984251
0
LINE
8
BLACK
6
CONTINUOUS
10
3.6435915748031493
20
-4.1621092125984251
11
3.6441036614173226
21
-4.1628755511811022
0
LINE
8
BLACK
6
CONTINUOUS
10
3.6441036614173226
20
-4.1628755511811022
11
3.6442834645669291
21
-4.163779527559055
0
LINE
8
BLACK
6
CONTINUOUS
10
3.6442834645669291
20
-4.163779527559055
11
3.6442834645669291
21
-4.1905511811023617
0
LINE
8
BLACK
6
CONTINUOUS
10
3.6442834645669291
20
-4.1905511811023617
11
3.6441036614173226
21
-4.1914551574803145
0
LINE
8
BLACK
6
CONTINUOUS
10
3.6441036614173226
20
-4.1914551574803145
11
3.6435915748031493
21
-4.1922214960629924
0
LINE
8
BLACK
6
CONTINUOUS
10
3.6435915748031493
20
-4.1922214960629924
11
3.6428252362204723
21
-4.1927335826771657
0
LINE
8
BLACK
6
CONTINUOUS
10
3.6428252362204723
20
-4.1927335826771657
11
3.6419212598425195
21
-4.1929133858267713
0
LINE
8
BLACK
6
CONTINUOUS
10
3.6419212598425195
20
-4.1929133858267713
11
3.6371968503937007
21
-4.1929133858267713
0
LINE
8
BLACK
6
CONTINUOUS
10
3.6371968503937007
20
-4.1929133858267713
11
3.6362928740157479
21
-4.1927335826771657
0
LINE
8
BLACK
6
CONTINUOUS
10
3.6362928740157479
20
-4.1927335826771657
11
3.6355265354330708
21
-4.1922214960629924
0
LINE
8
BLACK
6
CONTINUOUS
10
3.6355265354330708
20
-4.1922214960629924
11
3.6350144488188976
21
-4.1914551574803145
0
LINE
8
BLACK
6
CONTINUOUS
10
3.6350144488188976
20
-4.1914551574803145
11
3.634834645669291
21
-4.1905511811023617
0
LINE
8
BLACK
6
CONTINUOUS
10
3.634834645669291
20
-4.1905511811023617
11
3.634834645669291
21
-4.163779527559055
0
LINE
8
BLACK
6
CONTINUOUS
10
3.634834645669291
20
-4.163779527559055
11
3.6350144488188976
21
-4.1628755511811022
0
LINE
8
BLACK
6
CONTINUOUS
10
3.6350144488188976
20
-4.1628755511811022
11
3.6355265354330708
21
-4.1621092125984251
0
LINE
8
BLACK
6
CONTINUOUS
10
3.6355265354330708
20
-4.1621092125984251
11
3.6362928740157479
21
-4.1615971259842519
0
LINE
8
BLACK
6
CONTINUOUS
10
3.6362928740157479
20
-4.1615971259842519
11
3.6371968503937007
21
-4.1614173228346454
0
LINE
8
BLACK
6
CONTINUOUS
10
3.6371968503937007
20
-4.1614173228346454
11
3.6419212598425195
21
-4.1614173228346454
0
LINE
8
BLACK
6
CONTINUOUS
10
3.6419212598425195
20
-4.1614173228346454
11
3.6428252362204723
21
-4.1615971259842519
0
LINE
8
BLACK
6
CONTINUOUS
10
3.662510275590551
20
-4.1615971259842519
11
3.6632766141732285
21
-4.1621092125984251
0
LINE
8
BLACK
6
CONTINUOUS
10
3.6632766141732285
20
-4.1621092125984251
11
3.6637887007874017
21
-4.1628755511811022
0
LINE
8
BLACK
6
CONTINUOUS
10
3.6637887007874017
20
-4.1628755511811022
11
3.6639685039370078
21
-4.163779527559055
0
LINE
8
BLACK
6
CONTINUOUS
10
3.6639685039370078
20
-4.163779527559055
11
3.6639685039370078
21
-4.1905511811023617
0
LINE
8
BLACK
6
CONTINUOUS
10
3.6639685039370078
20
-4.1905511811023617
11
3.6637887007874017
21
-4.1914551574803145
0
LINE
8
BLACK
6
CONTINUOUS
10
3.6637887007874017
20
-4.1914551574803145
11
3.6632766141732285
21
-4.1922214960629924
0
LINE
8
BLACK
6
CONTINUOUS
10
3.6632766141732285
20
-4.1922214960629924
11
3.662510275590551
21
-4.1927335826771657
0
LINE
8
BLACK
6
CONTINUOUS
10
3.662510275590551
20
-4.1927335826771657
11
3.6616062992125982
21
-4.1929133858267713
0
LINE
8
BLACK
6
CONTINUOUS
10
3.6616062992125982
20
-4.1929133858267713
11
3.6568818897637794
21
-4.1929133858267713
0
LINE
8
BLACK
6
CONTINUOUS
10
3.6568818897637794
20
-4.1929133858267713
11
3.6559779133858266
21
-4.1927335826771657
0
LINE
8
BLACK
6
CONTINUOUS
10
3.6559779133858266
20
-4.1927335826771657
11
3.6552115748031495
21
-4.1922214960629924
0
LINE
8
BLACK
6
CONTINUOUS
10
3.6552115748031495
20
-4.1922214960629924
11
3.6546994881889763
21
-4.1914551574803145
0
LINE
8
BLACK
6
CONTINUOUS
10
3.6546994881889763
20
-4.1914551574803145
11
3.6545196850393702
21
-4.1905511811023617
0
LINE
8
BLACK
6
CONTINUOUS
10
3.6545196850393702
20
-4.1905511811023617
11
3.6545196850393702
21
-4.163779527559055
0
LINE
8
BLACK
6
CONTINUOUS
10
3.6545196850393702
20
-4.163779527559055
11
3.6546994881889763
21
-4.1628755511811022
0
LINE
8
BLACK
6
CONTINUOUS
10
3.6546994881889763
20
-4.1628755511811022
11
3.6552115748031495
21
-4.1621092125984251
0
LINE
8
BLACK
6
CONTINUOUS
10
3.6552115748031495
20
-4.1621092125984251
11
3.6559779133858266
21
-4.1615971259842519
0
LINE
8
BLACK
6
CONTINUOUS
10
3.6559779133858266
20
-4.1615971259842519
11
3.6568818897637794
21
-4.1614173228346454
0
LINE
8
BLACK
6
CONTINUOUS
10
3.6568818897637794
20
-4.1614173228346454
11
3.6616062992125982
21
-4.1614173228346454
0
LINE
8
BLACK
6
CONTINUOUS
10
3.6616062992125982
20
-4.1614173228346454
11
3.662510275590551
21
-4.1615971259842519
0
LINE
8
BLACK
6
CONTINUOUS
10
3.6821953149606297
20
-4.1615971259842519
11
3.6829616535433072
21
-4.1621092125984251
0
LINE
8
BLACK
6
CONTINUOUS
10
3.6829616535433072
20
-4.1621092125984251
11
3.6834737401574804
21
-4.1628755511811022
0
LINE
8
BLACK
6
CONTINUOUS
10
3.6834737401574804
20
-4.1628755511811022
11
3.6836535433070865
21
-4.163779527559055
0
LINE
8
BLACK
6
CONTINUOUS
10
3.6836535433070865
20
-4.163779527559055
11
3.6836535433070865
21
-4.1905511811023617
0
LINE
8
BLACK
6
CONTINUOUS
10
3.6836535433070865
20
-4.1905511811023617
11
3.6834737401574804
21
-4.1914551574803145
0
LINE
8
BLACK
6
CONTINUOUS
10
3.6834737401574804
20
-4.1914551574803145
11
3.6829616535433072
21
-4.1922214960629924
0
LINE
8
BLACK
6
CONTINUOUS
10
3.6829616535433072
20
-4.1922214960629924
11
3.6821953149606297
21
-4.1927335826771657
0
LINE
8
BLACK
6
CONTINUOUS
10
3.6821953149606297
20
-4.1927335826771657
11
3.6812913385826769
21
-4.1929133858267713
0
LINE
8
BLACK
6
CONTINUOUS
10
3.6812913385826769
20
-4.1929133858267713
11
3.6765669291338581
21
-4.1929133858267713
0
LINE
8
BLACK
6
CONTINUOUS
10
3.6765669291338581
20
-4.1929133858267713
11
3.6756629527559053
21
-4.1927335826771657
0
LINE
8
BLACK
6
CONTINUOUS
10
3.6756629527559053
20
-4.1927335826771657
11
3.6748966141732282
21
-4.1922214960629924
0
LINE
8
BLACK
6
CONTINUOUS
10
3.6748966141732282
20
-4.1922214960629924
11
3.674384527559055
21
-4.1914551574803145
0
LINE
8
BLACK
6
CONTINUOUS
10
3.674384527559055
20
-4.1914551574803145
11
3.6742047244094489
21
-4.1905511811023617
0
LINE
8
BLACK
6
CONTINUOUS
10
3.6742047244094489
20
-4.1905511811023617
11
3.6742047244094489
21
-4.163779527559055
0
LINE
8
BLACK
6
CONTINUOUS
10
3.6742047244094489
20
-4.163779527559055
11
3.674384527559055
21
-4.1628755511811022
0
LINE
8
BLACK
6
CONTINUOUS
10
3.674384527559055
20
-4.1628755511811022
11
3.6748966141732282
21
-4.1621092125984251
0
LINE
8
BLACK
6
CONTINUOUS
10
3.6748966141732282
20
-4.1621092125984251
11
3.6756629527559053
21
-4.1615971259842519
0
LINE
8
BLACK
6
CONTINUOUS
10
3.6756629527559053
20
-4.1615971259842519
11
3.6765669291338581
21
-4.1614173228346454
0
LINE
8
BLACK
6
CONTINUOUS
10
3.6765669291338581
20
-4.1614173228346454
11
3.6812913385826769
21
-4.1614173228346454
0
LINE
8
BLACK
6
CONTINUOUS
10
3.6812913385826769
20
-4.1614173228346454
11
3.6821953149606297
21
-4.1615971259842519
0
LINE
8
BLACK
6
CONTINUOUS
10
3.7018803543307084
20
-4.1615971259842519
11
3.7026466929133859
21
-4.1621092125984251
0
LINE
8
BLACK
6
CONTINUOUS
10
3.7026466929133859
20
-4.1621092125984251
11
3.7031587795275591
21
-4.1628755511811022
0
LINE
8
BLACK
6
CONTINUOUS
10
3.7031587795275591
20
-4.1628755511811022
11
3.7033385826771652
21
-4.163779527559055
0
LINE
8
BLACK
6
CONTINUOUS
10
3.7033385826771652
20
-4.163779527559055
11
3.7033385826771652
21
-4.1905511811023617
0
LINE
8
BLACK
6
CONTINUOUS
10
3.7033385826771652
20
-4.1905511811023617
11
3.7031587795275591
21
-4.1914551574803145
0
LINE
8
BLACK
6
CONTINUOUS
10
3.7031587795275591
20
-4.1914551574803145
11
3.7026466929133859
21
-4.1922214960629924
0
LINE
8
BLACK
6
CONTINUOUS
10
3.7026466929133859
20
-4.1922214960629924
11
3.7018803543307084
21
-4.1927335826771657
0
LINE
8
BLACK
6
CONTINUOUS
10
3.7018803543307084
20
-4.1927335826771657
11
3.700976377952756
21
-4.1929133858267713
0
LINE
8
BLACK
6
CONTINUOUS
10
3.700976377952756
20
-4.1929133858267713
11
3.6962519685039368
21
-4.1929133858267713
0
LINE
8
BLACK
6
CONTINUOUS
10
3.6962519685039368
20
-4.1929133858267713
11
3.695347992125984
21
-4.1927335826771657
0
LINE
8
BLACK
6
CONTINUOUS
10
3.695347992125984
20
-4.1927335826771657
11
3.6945816535433069
21
-4.1922214960629924
0
LINE
8
BLACK
6
CONTINUOUS
10
3.6945816535433069
20
-4.1922214960629924
11
3.6940695669291337
21
-4.1914551574803145
0
LINE
8
BLACK
6
CONTINUOUS
10
3.6940695669291337
20
-4.1914551574803145
11
3.6938897637795276
21
-4.1905511811023617
0
LINE
8
BLACK
6
CONTINUOUS
10
3.6938897637795276
20
-4.1905511811023617
11
3.6938897637795276
21
-4.163779527559055
0
LINE
8
BLACK
6
CONTINUOUS
10
3.6938897637795276
20
-4.163779527559055
11
3.6940695669291337
21
-4.1628755511811022
0
LINE
8
BLACK
6
CONTINUOUS
10
3.6940695669291337
20
-4.1628755511811022
11
3.6945816535433069
21
-4.1621092125984251
0
LINE
8
BLACK
6
CONTINUOUS
10
3.6945816535433069
20
-4.1621092125984251
11
3.695347992125984
21
-4.1615971259842519
0
LINE
8
BLACK
6
CONTINUOUS
10
3.695347992125984
20
-4.1615971259842519
11
3.6962519685039368
21
-4.1614173228346454
0
LINE
8
BLACK
6
CONTINUOUS
10
3.6962519685039368
20
-4.1614173228346454
11
3.700976377952756
21
-4.1614173228346454
0
LINE
8
BLACK
6
CONTINUOUS
10
3.700976377952756
20
-4.1614173228346454
11
3.7018803543307084
21
-4.1615971259842519
0
LINE
8
BLACK
6
CONTINUOUS
10
3.7215653937007875
20
-4.1615971259842519
11
3.7223317322834646
21
-4.1621092125984251
0
LINE
8
BLACK
6
CONTINUOUS
10
3.7223317322834646
20
-4.1621092125984251
11
3.7228438188976378
21
-4.1628755511811022
0
LINE
8
BLACK
6
CONTINUOUS
10
3.7228438188976378
20
-4.1628755511811022
11
3.7230236220472439
21
-4.163779527559055
0
LINE
8
BLACK
6
CONTINUOUS
10
3.7230236220472439
20
-4.163779527559055
11
3.7230236220472439
21
-4.1905511811023617
0
LINE
8
BLACK
6
CONTINUOUS
10
3.7230236220472439
20
-4.1905511811023617
11
3.7228438188976378
21
-4.1914551574803145
0
LINE
8
BLACK
6
CONTINUOUS
10
3.7228438188976378
20
-4.1914551574803145
11
3.7223317322834646
21
-4.1922214960629924
0
LINE
8
BLACK
6
CONTINUOUS
10
3.7223317322834646
20
-4.1922214960629924
11
3.7215653937007875
21
-4.1927335826771657
0
LINE
8
BLACK
6
CONTINUOUS
10
3.7215653937007875
20
-4.1927335826771657
11
3.7206614173228347
21
-4.1929133858267713
0
LINE
8
BLACK
6
CONTINUOUS
10
3.7206614173228347
20
-4.1929133858267713
11
3.7159370078740155
21
-4.1929133858267713
0
LINE
8
BLACK
6
CONTINUOUS
10
3.7159370078740155
20
-4.1929133858267713
11
3.7150330314960631
21
-4.1927335826771657
0
LINE
8
BLACK
6
CONTINUOUS
10
3.7150330314960631
20
-4.1927335826771657
11
3.7142666929133856
21
-4.1922214960629924
0
LINE
8
BLACK
6
CONTINUOUS
10
3.7142666929133856
20
-4.1922214960629924
11
3.7137546062992124
21
-4.1914551574803145
0
LINE
8
BLACK
6
CONTINUOUS
10
3.7137546062992124
20
-4.1914551574803145
11
3.7135748031496063
21
-4.1905511811023617
0
LINE
8
BLACK
6
CONTINUOUS
10
3.7135748031496063
20
-4.1905511811023617
11
3.7135748031496063
21
-4.163779527559055
0
LINE
8
BLACK
6
CONTINUOUS
10
3.7135748031496063
20
-4.163779527559055
11
3.7137546062992124
21
-4.1628755511811022
0
LINE
8
BLACK
6
CONTINUOUS
10
3.7137546062992124
20
-4.1628755511811022
11
3.7142666929133856
21
-4.1621092125984251
0
LINE
8
BLACK
6
CONTINUOUS
10
3.7142666929133856
20
-4.1621092125984251
11
3.7150330314960631
21
-4.1615971259842519
0
LINE
8
BLACK
6
CONTINUOUS
10
3.7150330314960631
20
-4.1615971259842519
11
3.7159370078740155
21
-4.1614173228346454
0
LINE
8
BLACK
6
CONTINUOUS
10
3.7159370078740155
20
-4.1614173228346454
11
3.7206614173228347
21
-4.1614173228346454
0
LINE
8
BLACK
6
CONTINUOUS
10
3.7206614173228347
20
-4.1614173228346454
11
3.7215653937007875
21
-4.1615971259842519
0
LINE
8
BLACK
6
CONTINUOUS
10
3.7412504330708662
20
-4.1615971259842519
11
3.7420167716535433
21
-4.1621092125984251
0
LINE
8
BLACK
6
CONTINUOUS
10
3.7420167716535433
20
-4.1621092125984251
11
3.7425288582677165
21
-4.1628755511811022
0
LINE
8
BLACK
6
CONTINUOUS
10
3.7425288582677165
20
-4.1628755511811022
11
3.7427086614173226
21
-4.163779527559055
0
LINE
8
BLACK
6
CONTINUOUS
10
3.7427086614173226
20
-4.163779527559055
11
3.7427086614173226
21
-4.1905511811023617
0
LINE
8
BLACK
6
CONTINUOUS
10
3.7427086614173226
20
-4.1905511811023617
11
3.7425288582677165
21
-4.1914551574803145
0
LINE
8
BLACK
6
CONTINUOUS
10
3.7425288582677165
20
-4.1914551574803145
11
3.7420167716535433
21
-4.1922214960629924
0
LINE
8
BLACK
6
CONTINUOUS
10
3.7420167716535433
20
-4.1922214960629924
11
3.7412504330708662
21
-4.1927335826771657
0
LINE
8
BLACK
6
CONTINUOUS
10
3.7412504330708662
20
-4.1927335826771657
11
3.7403464566929134
21
-4.1929133858267713
0
LINE
8
BLACK
6
CONTINUOUS
10
3.7403464566929134
20
-4.1929133858267713
11
3.7356220472440942
21
-4.1929133858267713
0
LINE
8
BLACK
6
CONTINUOUS
10
3.7356220472440942
20
-4.1929133858267713
11
3.7347180708661418
21
-4.1927335826771657
0
LINE
8
BLACK
6
CONTINUOUS
10
3.7347180708661418
20
-4.1927335826771657
11
3.7339517322834643
21
-4.1922214960629924
0
LINE
8
BLACK
6
CONTINUOUS
10
3.7339517322834643
20
-4.1922214960629924
11
3.7334396456692911
21
-4.1914551574803145
0
LINE
8
BLACK
6
CONTINUOUS
10
3.7334396456692911
20
-4.1914551574803145
11
3.733259842519685
21
-4.1905511811023617
0
LINE
8
BLACK
6
CONTINUOUS
10
3.733259842519685
20
-4.1905511811023617
11
3.733259842519685
21
-4.163779527559055
0
LINE
8
BLACK
6
CONTINUOUS
10
3.733259842519685
20
-4.163779527559055
11
3.7334396456692911
21
-4.1628755511811022
0
LINE
8
BLACK
6
CONTINUOUS
10
3.7334396456692911
20
-4.1628755511811022
11
3.7339517322834643
21
-4.1621092125984251
0
LINE
8
BLACK
6
CONTINUOUS
10
3.7339517322834643
20
-4.1621092125984251
11
3.7347180708661418
21
-4.1615971259842519
0
LINE
8
BLACK
6
CONTINUOUS
10
3.7347180708661418
20
-4.1615971259842519
11
3.7356220472440942
21
-4.1614173228346454
0
LINE
8
BLACK
6
CONTINUOUS
10
3.7356220472440942
20
-4.1614173228346454
11
3.7403464566929134
21
-4.1614173228346454
0
LINE
8
BLACK
6
CONTINUOUS
10
3.7403464566929134
20
-4.1614173228346454
11
3.7412504330708662
21
-4.1615971259842519
0
LINE
8
BLACK
6
CONTINUOUS
10
3.7609354724409449
20
-4.1615971259842519
11
3.761701811023622
21
-4.1621092125984251
0
LINE
8
BLACK
6
CONTINUOUS
10
3.761701811023622
20
-4.1621092125984251
11
3.7622138976377952
21
-4.1628755511811022
0
LINE
8
BLACK
6
CONTINUOUS
10
3.7622138976377952
20
-4.1628755511811022
11
3.7623937007874013
21
-4.163779527559055
0
LINE
8
BLACK
6
CONTINUOUS
10
3.7623937007874013
20
-4.163779527559055
11
3.7623937007874013
21
-4.1905511811023617
0
LINE
8
BLACK
6
CONTINUOUS
10
3.7623937007874013
20
-4.1905511811023617
11
3.7622138976377952
21
-4.1914551574803145
0
LINE
8
BLACK
6
CONTINUOUS
10
3.7622138976377952
20
-4.1914551574803145
11
3.761701811023622
21
-4.1922214960629924
0
LINE
8
BLACK
6
CONTINUOUS
10
3.761701811023622
20
-4.1922214960629924
11
3.7609354724409449
21
-4.1927335826771657
0
LINE
8
BLACK
6
CONTINUOUS
10
3.7609354724409449
20
-4.1927335826771657
11
3.7600314960629921
21
-4.1929133858267713
0
LINE
8
BLACK
6
CONTINUOUS
10
3.7600314960629921
20
-4.1929133858267713
11
3.7553070866141733
21
-4.1929133858267713
0
LINE
8
BLACK
6
CONTINUOUS
10
3.7553070866141733
20
-4.1929133858267713
11
3.7544031102362205
21
-4.1927335826771657
0
LINE
8
BLACK
6
CONTINUOUS
10
3.7544031102362205
20
-4.1927335826771657
11
3.753636771653543
21
-4.1922214960629924
0
LINE
8
BLACK
6
CONTINUOUS
10
3.753636771653543
20
-4.1922214960629924
11
3.7531246850393698
21
-4.1914551574803145
0
LINE
8
BLACK
6
CONTINUOUS
10
3.7531246850393698
20
-4.1914551574803145
11
3.7529448818897637
21
-4.1905511811023617
0
LINE
8
BLACK
6
CONTINUOUS
10
3.7529448818897637
20
-4.1905511811023617
11
3.7529448818897637
21
-4.163779527559055
0
LINE
8
BLACK
6
CONTINUOUS
10
3.7529448818897637
20
-4.163779527559055
11
3.7531246850393698
21
-4.1628755511811022
0
LINE
8
BLACK
6
CONTINUOUS
10
3.7531246850393698
20
-4.1628755511811022
11
3.753636771653543
21
-4.1621092125984251
0
LINE
8
BLACK
6
CONTINUOUS
10
3.753636771653543
20
-4.1621092125984251
11
3.7544031102362205
21
-4.1615971259842519
0
LINE
8
BLACK
6
CONTINUOUS
10
3.7544031102362205
20
-4.1615971259842519
11
3.7553070866141733
21
-4.1614173228346454
0
LINE
8
BLACK
6
CONTINUOUS
10
3.7553070866141733
20
-4.1614173228346454
11
3.7600314960629921
21
-4.1614173228346454
0
LINE
8
BLACK
6
CONTINUOUS
10
3.7600314960629921
20
-4.1614173228346454
11
3.7609354724409449
21
-4.1615971259842519
0
LINE
8
BLACK
6
CONTINUOUS
10
3.7806205118110237
20
-4.1615971259842519
11
3.7813868503937007
21
-4.1621092125984251
0
LINE
8
BLACK
6
CONTINUOUS
10
3.7813868503937007
20
-4.1621092125984251
11
3.7818989370078739
21
-4.1628755511811022
0
LINE
8
BLACK
6
CONTINUOUS
10
3.7818989370078739
20
-4.1628755511811022
11
3.78207874015748
21
-4.163779527559055
0
LINE
8
BLACK
6
CONTINUOUS
10
3.78207874015748
20
-4.163779527559055
11
3.78207874015748
21
-4.1905511811023617
0
LINE
8
BLACK
6
CONTINUOUS
10
3.78207874015748
20
-4.1905511811023617
11
3.7818989370078739
21
-4.1914551574803145
0
LINE
8
BLACK
6
CONTINUOUS
10
3.7818989370078739
20
-4.1914551574803145
11
3.7813868503937007
21
-4.1922214960629924
0
LINE
8
BLACK
6
CONTINUOUS
10
3.7813868503937007
20
-4.1922214960629924
11
3.7806205118110237
21
-4.1927335826771657
0
LINE
8
BLACK
6
CONTINUOUS
10
3.7806205118110237
20
-4.1927335826771657
11
3.7797165354330708
21
-4.1929133858267713
0
LINE
8
BLACK
6
CONTINUOUS
10
3.7797165354330708
20
-4.1929133858267713
11
3.774992125984252
21
-4.1929133858267713
0
LINE
8
BLACK
6
CONTINUOUS
10
3.774992125984252
20
-4.1929133858267713
11
3.7740881496062992
21
-4.1927335826771657
0
LINE
8
BLACK
6
CONTINUOUS
10
3.7740881496062992
20
-4.1927335826771657
11
3.7733218110236217
21
-4.1922214960629924
0
LINE
8
BLACK
6
CONTINUOUS
10
3.7733218110236217
20
-4.1922214960629924
11
3.772809724409449
21
-4.1914551574803145
0
LINE
8
BLACK
6
CONTINUOUS
10
3.772809724409449
20
-4.1914551574803145
11
3.7726299212598424
21
-4.1905511811023617
0
LINE
8
BLACK
6
CONTINUOUS
10
3.7726299212598424
20
-4.1905511811023617
11
3.7726299212598424
21
-4.163779527559055
0
LINE
8
BLACK
6
CONTINUOUS
10
3.7726299212598424
20
-4.163779527559055
11
3.772809724409449
21
-4.1628755511811022
0
LINE
8
BLACK
6
CONTINUOUS
10
3.772809724409449
20
-4.1628755511811022
11
3.7733218110236217
21
-4.1621092125984251
0
LINE
8
BLACK
6
CONTINUOUS
10
3.7733218110236217
20
-4.1621092125984251
11
3.7740881496062992
21
-4.1615971259842519
0
LINE
8
BLACK
6
CONTINUOUS
10
3.7740881496062992
20
-4.1615971259842519
11
3.774992125984252
21
-4.1614173228346454
0
LINE
8
BLACK
6
CONTINUOUS
10
3.774992125984252
20
-4.1614173228346454
11
3.7797165354330708
21
-4.1614173228346454
0
LINE
8
BLACK
6
CONTINUOUS
10
3.7797165354330708
20
-4.1614173228346454
11
3.7806205118110237
21
-4.1615971259842519
0
LINE
8
BLACK
6
CONTINUOUS
10
3.8003055511811024
20
-4.1615971259842519
11
3.8010718897637794
21
-4.1621092125984251
0
LINE
8
BLACK
6
CONTINUOUS
10
3.8010718897637794
20
-4.1621092125984251
11
3.8015839763779526
21
-4.1628755511811022
0
LINE
8
BLACK
6
CONTINUOUS
10
3.8015839763779526
20
-4.1628755511811022
11
3.8017637795275592
21
-4.163779527559055
0
LINE
8
BLACK
6
CONTINUOUS
10
3.8017637795275592
20
-4.163779527559055
11
3.8017637795275592
21
-4.1905511811023617
0
LINE
8
BLACK
6
CONTINUOUS
10
3.8017637795275592
20
-4.1905511811023617
11
3.8015839763779526
21
-4.1914551574803145
0
LINE
8
BLACK
6
CONTINUOUS
10
3.8015839763779526
20
-4.1914551574803145
11
3.8010718897637794
21
-4.1922214960629924
0
LINE
8
BLACK
6
CONTINUOUS
10
3.8010718897637794
20
-4.1922214960629924
11
3.8003055511811024
21
-4.1927335826771657
0
LINE
8
BLACK
6
CONTINUOUS
10
3.8003055511811024
20
-4.1927335826771657
11
3.7994015748031496
21
-4.1929133858267713
0
LINE
8
BLACK
6
CONTINUOUS
10
3.7994015748031496
20
-4.1929133858267713
11
3.7946771653543308
21
-4.1929133858267713
0
LINE
8
BLACK
6
CONTINUOUS
10
3.7946771653543308
20
-4.1929133858267713
11
3.7937731889763779
21
-4.1927335826771657
0
LINE
8
BLACK
6
CONTINUOUS
10
3.7937731889763779
20
-4.1927335826771657
11
3.7930068503937009
21
-4.1922214960629924
0
LINE
8
BLACK
6
CONTINUOUS
10
3.7930068503937009
20
-4.1922214960629924
11
3.7924947637795277
21
-4.1914551574803145
0
LINE
8
BLACK
6
CONTINUOUS
10
3.7924947637795277
20
-4.1914551574803145
11
3.7923149606299211
21
-4.1905511811023617
0
LINE
8
BLACK
6
CONTINUOUS
10
3.7923149606299211
20
-4.1905511811023617
11
3.7923149606299211
21
-4.163779527559055
0
LINE
8
BLACK
6
CONTINUOUS
10
3.7923149606299211
20
-4.163779527559055
11
3.7924947637795277
21
-4.1628755511811022
0
LINE
8
BLACK
6
CONTINUOUS
10
3.7924947637795277
20
-4.1628755511811022
11
3.7930068503937009
21
-4.1621092125984251
0
LINE
8
BLACK
6
CONTINUOUS
10
3.7930068503937009
20
-4.1621092125984251
11
3.7937731889763779
21
-4.1615971259842519
0
LINE
8
BLACK
6
CONTINUOUS
10
3.7937731889763779
20
-4.1615971259842519
11
3.7946771653543308
21
-4.1614173228346454
0
LINE
8
BLACK
6
CONTINUOUS
10
3.7946771653543308
20
-4.1614173228346454
11
3.7994015748031496
21
-4.1614173228346454
0
LINE
8
BLACK
6
CONTINUOUS
10
3.7994015748031496
20
-4.1614173228346454
11
3.8003055511811024
21
-4.1615971259842519
0
LINE
8
BLACK
6
CONTINUOUS
10
3.486526023622047
20
-4.143093188976378
11
3.4872923622047245
21
-4.1436052755905513
0
LINE
8
BLACK
6
CONTINUOUS
10
3.4872923622047245
20
-4.1436052755905513
11
3.4878044488188977
21
-4.1443716141732283
0
LINE
8
BLACK
6
CONTINUOUS
10
3.4878044488188977
20
-4.1443716141732283
11
3.4879842519685038
21
-4.1452755905511811
0
LINE
8
BLACK
6
CONTINUOUS
10
3.4879842519685038
20
-4.1452755905511811
11
3.4879842519685038
21
-4.1499999999999995
0
LINE
8
BLACK
6
CONTINUOUS
10
3.4879842519685038
20
-4.1499999999999995
11
3.4878044488188977
21
-4.1509039763779523
0
LINE
8
BLACK
6
CONTINUOUS
10
3.4878044488188977
20
-4.1509039763779523
11
3.4872923622047245
21
-4.1516703149606302
0
LINE
8
BLACK
6
CONTINUOUS
10
3.4872923622047245
20
-4.1516703149606302
11
3.486526023622047
21
-4.1521824015748034
0
LINE
8
BLACK
6
CONTINUOUS
10
3.486526023622047
20
-4.1521824015748034
11
3.4856220472440942
21
-4.1523622047244091
0
LINE
8
BLACK
6
CONTINUOUS
10
3.4856220472440942
20
-4.1523622047244091
11
3.4588503937007875
21
-4.1523622047244091
0
LINE
8
BLACK
6
CONTINUOUS
10
3.4588503937007875
20
-4.1523622047244091
11
3.4579464173228347
21
-4.1521824015748034
0
LINE
8
BLACK
6
CONTINUOUS
10
3.4579464173228347
20
-4.1521824015748034
11
3.4571800787401572
21
-4.1516703149606302
0
LINE
8
BLACK
6
CONTINUOUS
10
3.4571800787401572
20
-4.1516703149606302
11
3.456667992125984
21
-4.1509039763779523
0
LINE
8
BLACK
6
CONTINUOUS
10
3.456667992125984
20
-4.1509039763779523
11
3.4564881889763779
21
-4.1499999999999995
0
LINE
8
BLACK
6
CONTINUOUS
10
3.4564881889763779
20
-4.1499999999999995
11
3.4564881889763779
21
-4.1452755905511811
0
LINE
8
BLACK
6
CONTINUOUS
10
3.4564881889763779
20
-4.1452755905511811
11
3.456667992125984
21
-4.1443716141732283
0
LINE
8
BLACK
6
CONTINUOUS
10
3.456667992125984
20
-4.1443716141732283
11
3.4571800787401572
21
-4.1436052755905513
0
LINE
8
BLACK
6
CONTINUOUS
10
3.4571800787401572
20
-4.1436052755905513
11
3.4579464173228347
21
-4.143093188976378
0
LINE
8
BLACK
6
CONTINUOUS
10
3.4579464173228347
20
-4.143093188976378
11
3.4588503937007875
21
-4.1429133858267715
0
LINE
8
BLACK
6
CONTINUOUS
10
3.4588503937007875
20
-4.1429133858267715
11
3.4856220472440942
21
-4.1429133858267715
0
LINE
8
BLACK
6
CONTINUOUS
10
3.4856220472440942
20
-4.1429133858267715
11
3.486526023622047
21
-4.143093188976378
0
LINE
8
BLACK
6
CONTINUOUS
10
3.8408567322834646
20
-4.143093188976378
11
3.8416230708661416
21
-4.1436052755905513
0
LINE
8
BLACK
6
CONTINUOUS
10
3.8416230708661416
20
-4.1436052755905513
11
3.8421351574803149
21
-4.1443716141732283
0
LINE
8
BLACK
6
CONTINUOUS
10
3.8421351574803149
20
-4.1443716141732283
11
3.8423149606299214
21
-4.1452755905511811
0
LINE
8
BLACK
6
CONTINUOUS
10
3.8423149606299214
20
-4.1452755905511811
11
3.8423149606299214
21
-4.1499999999999995
0
LINE
8
BLACK
6
CONTINUOUS
10
3.8423149606299214
20
-4.1499999999999995
11
3.8421351574803149
21
-4.1509039763779523
0
LINE
8
BLACK
6
CONTINUOUS
10
3.8421351574803149
20
-4.1509039763779523
11
3.8416230708661416
21
-4.1516703149606302
0
LINE
8
BLACK
6
CONTINUOUS
10
3.8416230708661416
20
-4.1516703149606302
11
3.8408567322834646
21
-4.1521824015748034
0
LINE
8
BLACK
6
CONTINUOUS
10
3.8408567322834646
20
-4.1521824015748034
11
3.8399527559055118
21
-4.1523622047244091
0
LINE
8
BLACK
6
CONTINUOUS
10
3.8399527559055118
20
-4.1523622047244091
11
3.8131811023622046
21
-4.1523622047244091
0
LINE
8
BLACK
6
CONTINUOUS
10
3.8131811023622046
20
-4.1523622047244091
11
3.8122771259842518
21
-4.1521824015748034
0
LINE
8
BLACK
6
CONTINUOUS
10
3.8122771259842518
20
-4.1521824015748034
11
3.8115107874015748
21
-4.1516703149606302
0
LINE
8
BLACK
6
CONTINUOUS
10
3.8115107874015748
20
-4.1516703149606302
11
3.8109987007874015
21
-4.1509039763779523
0
LINE
8
BLACK
6
CONTINUOUS
10
3.8109987007874015
20
-4.1509039763779523
11
3.810818897637795
21
-4.1499999999999995
0
LINE
8
BLACK
6
CONTINUOUS
10
3.810818897637795
20
-4.1499999999999995
11
3.810818897637795
21
-4.1452755905511811
0
LINE
8
BLACK
6
CONTINUOUS
10
3.810818897637795
20
-4.1452755905511811
11
3.8109987007874015
21
-4.1443716141732283
0
LINE
8
BLACK
6
CONTINUOUS
10
3.8109987007874015
20
-4.1443716141732283
11
3.8115107874015748
21
-4.1436052755905513
0
LINE
8
BLACK
6
CONTINUOUS
10
3.8115107874015748
20
-4.1436052755905513
11
3.8122771259842518
21
-4.143093188976378
0
LINE
8
BLACK
6
CONTINUOUS
10
3.8122771259842518
20
-4.143093188976378
11
3.8131811023622046
21
-4.1429133858267715
0
LINE
8
BLACK
6
CONTINUOUS
10
3.8131811023622046
20
-4.1429133858267715
11
3.8399527559055118
21
-4.1429133858267715
0
LINE
8
BLACK
6
CONTINUOUS
10
3.8399527559055118
20
-4.1429133858267715
11
3.8408567322834646
21
-4.143093188976378
0
LINE
8
BLACK
6
CONTINUOUS
10
4.4321852362204721
20
-4.0802949999999996
11
4.4340861023622047
21
-4.0821958661417321
0
LINE
8
BLACK
6
CONTINUOUS
10
4.4340861023622047
20
-4.0821958661417321
11
4.4351148425196847
21
-4.0846794881889759
0
LINE
8
BLACK
6
CONTINUOUS
10
4.4351148425196847
20
-4.0846794881889759
11
4.4352472440944881
21
-4.0860236220472439
0
LINE
8
BLACK
6
CONTINUOUS
10
4.4352472440944881
20
-4.0860236220472439
11
4.4352472440944881
21
-4.1431102362204726
0
LINE
8
BLACK
6
CONTINUOUS
10
4.4352472440944881
20
-4.1431102362204726
11
4.4351148425196847
21
-4.1444543700787397
0
LINE
8
BLACK
6
CONTINUOUS
10
4.4351148425196847
20
-4.1444543700787397
11
4.4340861023622047
21
-4.1469379921259844
0
LINE
8
BLACK
6
CONTINUOUS
10
4.4340861023622047
20
-4.1469379921259844
11
4.4321852362204721
21
-4.148838858267716
0
LINE
8
BLACK
6
CONTINUOUS
10
4.4321852362204721
20
-4.148838858267716
11
4.4297016141732284
21
-4.1498675984251969
0
LINE
8
BLACK
6
CONTINUOUS
10
4.4297016141732284
20
-4.1498675984251969
11
4.4270133464566932
21
-4.1498675984251969
0
LINE
8
BLACK
6
CONTINUOUS
10
4.4270133464566932
20
-4.1498675984251969
11
4.4245297244094486
21
-4.148838858267716
0
LINE
8
BLACK
6
CONTINUOUS
10
4.4245297244094486
20
-4.148838858267716
11
4.422628858267716
21
-4.1469379921259844
0
LINE
8
BLACK
6
CONTINUOUS
10
4.422628858267716
20
-4.1469379921259844
11
4.421600118110236
21
-4.1444543700787397
0
LINE
8
BLACK
6
CONTINUOUS
10
4.421600118110236
20
-4.1444543700787397
11
4.4214677165354326
21
-4.1431102362204726
0
LINE
8
BLACK
6
CONTINUOUS
10
4.4214677165354326
20
-4.1431102362204726
11
4.4214677165354326
21
-4.0860236220472439
0
LINE
8
BLACK
6
CONTINUOUS
10
4.4214677165354326
20
-4.0860236220472439
11
4.421600118110236
21
-4.0846794881889759
0
LINE
8
BLACK
6
CONTINUOUS
10
4.421600118110236
20
-4.0846794881889759
11
4.422628858267716
21
-4.0821958661417321
0
LINE
8
BLACK
6
CONTINUOUS
10
4.422628858267716
20
-4.0821958661417321
11
4.4245297244094486
21
-4.0802949999999996
0
LINE
8
BLACK
6
CONTINUOUS
10
4.4245297244094486
20
-4.0802949999999996
11
4.4270133464566932
21
-4.0792662598425196
0
LINE
8
BLACK
6
CONTINUOUS
10
4.4270133464566932
20
-4.0792662598425196
11
4.4297016141732284
21
-4.0792662598425196
0
LINE
8
BLACK
6
CONTINUOUS
10
4.4297016141732284
20
-4.0792662598425196
11
4.4321852362204721
21
-4.0802949999999996
0
LINE
8
BLACK
6
CONTINUOUS
10
4.463681299212598
20
-4.0802949999999996
11
4.4655821653543306
21
-4.0821958661417321
0
LINE
8
BLACK
6
CONTINUOUS
10
4.4655821653543306
20
-4.0821958661417321
11
4.4666109055118106
21
-4.0846794881889759
0
LINE
8
BLACK
6
CONTINUOUS
10
4.4666109055118106
20
-4.0846794881889759
11
4.466743307086614
21
-4.0860236220472439
0
LINE
8
BLACK
6
CONTINUOUS
10
4.466743307086614
20
-4.0860236220472439
11
4.466743307086614
21
-4.1431102362204726
0
LINE
8
BLACK
6
CONTINUOUS
10
4.466743307086614
20
-4.1431102362204726
11
4.4666109055118106
21
-4.1444543700787397
0
LINE
8
BLACK
6
CONTINUOUS
10
4.4666109055118106
20
-4.1444543700787397
11
4.4655821653543306
21
-4.1469379921259844
0
LINE
8
BLACK
6
CONTINUOUS
10
4.4655821653543306
20
-4.1469379921259844
11
4.463681299212598
21
-4.148838858267716
0
LINE
8
BLACK
6
CONTINUOUS
10
4.463681299212598
20
-4.148838858267716
11
4.4611976771653543
21
-4.1498675984251969
0
LINE
8
BLACK
6
CONTINUOUS
10
4.4611976771653543
20
-4.1498675984251969
11
4.4585094094488191
21
-4.1498675984251969
0
LINE
8
BLACK
6
CONTINUOUS
10
4.4585094094488191
20
-4.1498675984251969
11
4.4560257874015745
21
-4.148838858267716
0
LINE
8
BLACK
6
CONTINUOUS
10
4.4560257874015745
20
-4.148838858267716
11
4.4541249212598428
21
-4.1469379921259844
0
LINE
8
BLACK
6
CONTINUOUS
10
4.4541249212598428
20
-4.1469379921259844
11
4.4530961811023619
21
-4.1444543700787397
0
LINE
8
BLACK
6
CONTINUOUS
10
4.4530961811023619
20
-4.1444543700787397
11
4.4529637795275594
21
-4.1431102362204726
0
LINE
8
BLACK
6
CONTINUOUS
10
4.4529637795275594
20
-4.1431102362204726
11
4.4529637795275594
21
-4.0860236220472439
0
LINE
8
BLACK
6
CONTINUOUS
10
4.4529637795275594
20
-4.0860236220472439
11
4.4530961811023619
21
-4.0846794881889759
0
LINE
8
BLACK
6
CONTINUOUS
10
4.4530961811023619
20
-4.0846794881889759
11
4.4541249212598428
21
-4.0821958661417321
0
LINE
8
BLACK
6
CONTINUOUS
10
4.4541249212598428
20
-4.0821958661417321
11
4.4560257874015745
21
-4.0802949999999996
0
LINE
8
BLACK
6
CONTINUOUS
10
4.4560257874015745
20
-4.0802949999999996
11
4.4585094094488191
21
-4.0792662598425196
0
LINE
8
BLACK
6
CONTINUOUS
10
4.4585094094488191
20
-4.0792662598425196
11
4.4611976771653543
21
-4.0792662598425196
0
LINE
8
BLACK
6
CONTINUOUS
10
4.4611976771653543
20
-4.0792662598425196
11
4.463681299212598
21
-4.0802949999999996
0
LINE
8
BLACK
6
CONTINUOUS
10
4.495177362204724
20
-4.0802949999999996
11
4.4970782283464565
21
-4.0821958661417321
0
LINE
8
BLACK
6
CONTINUOUS
10
4.4970782283464565
20
-4.0821958661417321
11
4.4981069685039365
21
-4.0846794881889759
0
LINE
8
BLACK
6
CONTINUOUS
10
4.4981069685039365
20
-4.0846794881889759
11
4.49823937007874
21
-4.0860236220472439
0
LINE
8
BLACK
6
CONTINUOUS
10
4.49823937007874
20
-4.0860236220472439
11
4.49823937007874
21
-4.1431102362204726
0
LINE
8
BLACK
6
CONTINUOUS
10
4.49823937007874
20
-4.1431102362204726
11
4.4981069685039365
21
-4.1444543700787397
0
LINE
8
BLACK
6
CONTINUOUS
10
4.4981069685039365
20
-4.1444543700787397
11
4.4970782283464565
21
-4.1469379921259844
0
LINE
8
BLACK
6
CONTINUOUS
10
4.4970782283464565
20
-4.1469379921259844
11
4.495177362204724
21
-4.148838858267716
0
LINE
8
BLACK
6
CONTINUOUS
10
4.495177362204724
20
-4.148838858267716
11
4.4926937401574802
21
-4.1498675984251969
0
LINE
8
BLACK
6
CONTINUOUS
10
4.4926937401574802
20
-4.1498675984251969
11
4.4900054724409451
21
-4.1498675984251969
0
LINE
8
BLACK
6
CONTINUOUS
10
4.4900054724409451
20
-4.1498675984251969
11
4.4875218503937004
21
-4.148838858267716
0
LINE
8
BLACK
6
CONTINUOUS
10
4.4875218503937004
20
-4.148838858267716
11
4.4856209842519688
21
-4.1469379921259844
0
LINE
8
BLACK
6
CONTINUOUS
10
4.4856209842519688
20
-4.1469379921259844
11
4.4845922440944879
21
-4.1444543700787397
0
LINE
8
BLACK
6
CONTINUOUS
10
4.4845922440944879
20
-4.1444543700787397
11
4.4844598425196853
21
-4.1431102362204726
0
LINE
8
BLACK
6
CONTINUOUS
10
4.4844598425196853
20
-4.1431102362204726
11
4.4844598425196853
21
-4.0860236220472439
0
LINE
8
BLACK
6
CONTINUOUS
10
4.4844598425196853
20
-4.0860236220472439
11
4.4845922440944879
21
-4.0846794881889759
0
LINE
8
BLACK
6
CONTINUOUS
10
4.4845922440944879
20
-4.0846794881889759
11
4.4856209842519688
21
-4.0821958661417321
0
LINE
8
BLACK
6
CONTINUOUS
10
4.4856209842519688
20
-4.0821958661417321
11
4.4875218503937004
21
-4.0802949999999996
0
LINE
8
BLACK
6
CONTINUOUS
10
4.4875218503937004
20
-4.0802949999999996
11
4.4900054724409451
21
-4.0792662598425196
0
LINE
8
BLACK
6
CONTINUOUS
10
4.4900054724409451
20
-4.0792662598425196
11
4.4926937401574802
21
-4.0792662598425196
0
LINE
8
BLACK
6
CONTINUOUS
10
4.4926937401574802
20
-4.0792662598425196
11
4.495177362204724
21
-4.0802949999999996
0
LINE
8
BLACK
6
CONTINUOUS
10
4.5266734251968499
20
-4.0802949999999996
11
4.5285742913385825
21
-4.0821958661417321
0
LINE
8
BLACK
6
CONTINUOUS
10
4.5285742913385825
20
-4.0821958661417321
11
4.5296030314960625
21
-4.0846794881889759
0
LINE
8
BLACK
6
CONTINUOUS
10
4.5296030314960625
20
-4.0846794881889759
11
4.5297354330708659
21
-4.0860236220472439
0
LINE
8
BLACK
6
CONTINUOUS
10
4.5297354330708659
20
-4.0860236220472439
11
4.5297354330708659
21
-4.1431102362204726
0
LINE
8
BLACK
6
CONTINUOUS
10
4.5297354330708659
20
-4.1431102362204726
11
4.5296030314960625
21
-4.1444543700787397
0
LINE
8
BLACK
6
CONTINUOUS
10
4.5296030314960625
20
-4.1444543700787397
11
4.5285742913385825
21
-4.1469379921259844
0
LINE
8
BLACK
6
CONTINUOUS
10
4.5285742913385825
20
-4.1469379921259844
11
4.5266734251968499
21
-4.148838858267716
0
LINE
8
BLACK
6
CONTINUOUS
10
4.5266734251968499
20
-4.148838858267716
11
4.5241898031496062
21
-4.1498675984251969
0
LINE
8
BLACK
6
CONTINUOUS
10
4.5241898031496062
20
-4.1498675984251969
11
4.521501535433071
21
-4.1498675984251969
0
LINE
8
BLACK
6
CONTINUOUS
10
4.521501535433071
20
-4.1498675984251969
11
4.5190179133858264
21
-4.148838858267716
0
LINE
8
BLACK
6
CONTINUOUS
10
4.5190179133858264
20
-4.148838858267716
11
4.5171170472440947
21
-4.1469379921259844
0
LINE
8
BLACK
6
CONTINUOUS
10
4.5171170472440947
20
-4.1469379921259844
11
4.5160883070866138
21
-4.1444543700787397
0
LINE
8
BLACK
6
CONTINUOUS
10
4.5160883070866138
20
-4.1444543700787397
11
4.5159559055118113
21
-4.1431102362204726
0
LINE
8
BLACK
6
CONTINUOUS
10
4.5159559055118113
20
-4.1431102362204726
11
4.5159559055118113
21
-4.0860236220472439
0
LINE
8
BLACK
6
CONTINUOUS
10
4.5159559055118113
20
-4.0860236220472439
11
4.5160883070866138
21
-4.0846794881889759
0
LINE
8
BLACK
6
CONTINUOUS
10
4.5160883070866138
20
-4.0846794881889759
11
4.5171170472440947
21
-4.0821958661417321
0
LINE
8
BLACK
6
CONTINUOUS
10
4.5171170472440947
20
-4.0821958661417321
11
4.5190179133858264
21
-4.0802949999999996
0
LINE
8
BLACK
6
CONTINUOUS
10
4.5190179133858264
20
-4.0802949999999996
11
4.521501535433071
21
-4.0792662598425196
0
LINE
8
BLACK
6
CONTINUOUS
10
4.521501535433071
20
-4.0792662598425196
11
4.5241898031496062
21
-4.0792662598425196
0
LINE
8
BLACK
6
CONTINUOUS
10
4.5241898031496062
20
-4.0792662598425196
11
4.5266734251968499
21
-4.0802949999999996
0
LINE
8
BLACK
6
CONTINUOUS
10
4.5581694881889767
20
-4.0802949999999996
11
4.5600703543307084
21
-4.0821958661417321
0
LINE
8
BLACK
6
CONTINUOUS
10
4.5600703543307084
20
-4.0821958661417321
11
4.5610990944881893
21
-4.0846794881889759
0
LINE
8
BLACK
6
CONTINUOUS
10
4.5610990944881893
20
-4.0846794881889759
11
4.5612314960629918
21
-4.0860236220472439
0
LINE
8
BLACK
6
CONTINUOUS
10
4.5612314960629918
20
-4.0860236220472439
11
4.5612314960629918
21
-4.1431102362204726
0
LINE
8
BLACK
6
CONTINUOUS
10
4.5612314960629918
20
-4.1431102362204726
11
4.5610990944881893
21
-4.1444543700787397
0
LINE
8
BLACK
6
CONTINUOUS
10
4.5610990944881893
20
-4.1444543700787397
11
4.5600703543307084
21
-4.1469379921259844
0
LINE
8
BLACK
6
CONTINUOUS
10
4.5600703543307084
20
-4.1469379921259844
11
4.5581694881889767
21
-4.148838858267716
0
LINE
8
BLACK
6
CONTINUOUS
10
4.5581694881889767
20
-4.148838858267716
11
4.5556858661417321
21
-4.1498675984251969
0
LINE
8
BLACK
6
CONTINUOUS
10
4.5556858661417321
20
-4.1498675984251969
11
4.5529975984251969
21
-4.1498675984251969
0
LINE
8
BLACK
6
CONTINUOUS
10
4.5529975984251969
20
-4.1498675984251969
11
4.5505139763779523
21
-4.148838858267716
0
LINE
8
BLACK
6
CONTINUOUS
10
4.5505139763779523
20
-4.148838858267716
11
4.5486131102362206
21
-4.1469379921259844
0
LINE
8
BLACK
6
CONTINUOUS
10
4.5486131102362206
20
-4.1469379921259844
11
4.5475843700787397
21
-4.1444543700787397
0
LINE
8
BLACK
6
CONTINUOUS
10
4.5475843700787397
20
-4.1444543700787397
11
4.5474519685039372
21
-4.1431102362204726
0
LINE
8
BLACK
6
CONTINUOUS
10
4.5474519685039372
20
-4.1431102362204726
11
4.5474519685039372
21
-4.0860236220472439
0
LINE
8
BLACK
6
CONTINUOUS
10
4.5474519685039372
20
-4.0860236220472439
11
4.5475843700787397
21
-4.0846794881889759
0
LINE
8
BLACK
6
CONTINUOUS
10
4.5475843700787397
20
-4.0846794881889759
11
4.5486131102362206
21
-4.0821958661417321
0
LINE
8
BLACK
6
CONTINUOUS
10
4.5486131102362206
20
-4.0821958661417321
11
4.5505139763779523
21
-4.0802949999999996
0
LINE
8
BLACK
6
CONTINUOUS
10
4.5505139763779523
20
-4.0802949999999996
11
4.5529975984251969
21
-4.0792662598425196
0
LINE
8
BLACK
6
CONTINUOUS
10
4.5529975984251969
20
-4.0792662598425196
11
4.5556858661417321
21
-4.0792662598425196
0
LINE
8
BLACK
6
CONTINUOUS
10
4.5556858661417321
20
-4.0792662598425196
11
4.5581694881889767
21
-4.0802949999999996
0
LINE
8
BLACK
6
CONTINUOUS
10
4.5896655511811026
20
-4.0802949999999996
11
4.5915664173228343
21
-4.0821958661417321
0
LINE
8
BLACK
6
CONTINUOUS
10
4.5915664173228343
20
-4.0821958661417321
11
4.5925951574803152
21
-4.0846794881889759
0
LINE
8
BLACK
6
CONTINUOUS
10
4.5925951574803152
20
-4.0846794881889759
11
4.5927275590551178
21
-4.0860236220472439
0
LINE
8
BLACK
6
CONTINUOUS
10
4.5927275590551178
20
-4.0860236220472439
11
4.5927275590551178
21
-4.1431102362204726
0
LINE
8
BLACK
6
CONTINUOUS
10
4.5927275590551178
20
-4.1431102362204726
11
4.5925951574803152
21
-4.1444543700787397
0
LINE
8
BLACK
6
CONTINUOUS
10
4.5925951574803152
20
-4.1444543700787397
11
4.5915664173228343
21
-4.1469379921259844
0
LINE
8
BLACK
6
CONTINUOUS
10
4.5915664173228343
20
-4.1469379921259844
11
4.5896655511811026
21
-4.148838858267716
0
LINE
8
BLACK
6
CONTINUOUS
10
4.5896655511811026
20
-4.148838858267716
11
4.587181929133858
21
-4.1498675984251969
0
LINE
8
BLACK
6
CONTINUOUS
10
4.587181929133858
20
-4.1498675984251969
11
4.5844936614173228
21
-4.1498675984251969
0
LINE
8
BLACK
6
CONTINUOUS
10
4.5844936614173228
20
-4.1498675984251969
11
4.5820100393700782
21
-4.148838858267716
0
LINE
8
BLACK
6
CONTINUOUS
10
4.5820100393700782
20
-4.148838858267716
11
4.5801091732283465
21
-4.1469379921259844
0
LINE
8
BLACK
6
CONTINUOUS
10
4.5801091732283465
20
-4.1469379921259844
11
4.5790804330708657
21
-4.1444543700787397
0
LINE
8
BLACK
6
CONTINUOUS
10
4.5790804330708657
20
-4.1444543700787397
11
4.5789480314960631
21
-4.1431102362204726
0
LINE
8
BLACK
6
CONTINUOUS
10
4.5789480314960631
20
-4.1431102362204726
11
4.5789480314960631
21
-4.0860236220472439
0
LINE
8
BLACK
6
CONTINUOUS
10
4.5789480314960631
20
-4.0860236220472439
11
4.5790804330708657
21
-4.0846794881889759
0
LINE
8
BLACK
6
CONTINUOUS
10
4.5790804330708657
20
-4.0846794881889759
11
4.5801091732283465
21
-4.0821958661417321
0
LINE
8
BLACK
6
CONTINUOUS
10
4.5801091732283465
20
-4.0821958661417321
11
4.5820100393700782
21
-4.0802949999999996
0
LINE
8
BLACK
6
CONTINUOUS
10
4.5820100393700782
20
-4.0802949999999996
11
4.5844936614173228
21
-4.0792662598425196
0
LINE
8
BLACK
6
CONTINUOUS
10
4.5844936614173228
20
-4.0792662598425196
11
4.587181929133858
21
-4.0792662598425196
0
LINE
8
BLACK
6
CONTINUOUS
10
4.587181929133858
20
-4.0792662598425196
11
4.5896655511811026
21
-4.0802949999999996
0
LINE
8
BLACK
6
CONTINUOUS
10
4.6211616141732286
20
-4.0802949999999996
11
4.6230624803149603
21
-4.0821958661417321
0
LINE
8
BLACK
6
CONTINUOUS
10
4.6230624803149603
20
-4.0821958661417321
11
4.6240912204724411
21
-4.0846794881889759
0
LINE
8
BLACK
6
CONTINUOUS
10
4.6240912204724411
20
-4.0846794881889759
11
4.6242236220472437
21
-4.0860236220472439
0
LINE
8
BLACK
6
CONTINUOUS
10
4.6242236220472437
20
-4.0860236220472439
11
4.6242236220472437
21
-4.1431102362204726
0
LINE
8
BLACK
6
CONTINUOUS
10
4.6242236220472437
20
-4.1431102362204726
11
4.6240912204724411
21
-4.1444543700787397
0
LINE
8
BLACK
6
CONTINUOUS
10
4.6240912204724411
20
-4.1444543700787397
11
4.6230624803149603
21
-4.1469379921259844
0
LINE
8
BLACK
6
CONTINUOUS
10
4.6230624803149603
20
-4.1469379921259844
11
4.6211616141732286
21
-4.148838858267716
0
LINE
8
BLACK
6
CONTINUOUS
10
4.6211616141732286
20
-4.148838858267716
11
4.618677992125984
21
-4.1498675984251969
0
LINE
8
BLACK
6
CONTINUOUS
10
4.618677992125984
20
-4.1498675984251969
11
4.6159897244094488
21
-4.1498675984251969
0
LINE
8
BLACK
6
CONTINUOUS
10
4.6159897244094488
20
-4.1498675984251969
11
4.613506102362205
21
-4.148838858267716
0
LINE
8
BLACK
6
CONTINUOUS
10
4.613506102362205
20
-4.148838858267716
11
4.6116052362204725
21
-4.1469379921259844
0
LINE
8
BLACK
6
CONTINUOUS
10
4.6116052362204725
20
-4.1469379921259844
11
4.6105764960629916
21
-4.1444543700787397
0
LINE
8
BLACK
6
CONTINUOUS
10
4.6105764960629916
20
-4.1444543700787397
11
4.610444094488189
21
-4.1431102362204726
0
LINE
8
BLACK
6
CONTINUOUS
10
4.610444094488189
20
-4.1431102362204726
11
4.610444094488189
21
-4.0860236220472439
0
LINE
8
BLACK
6
CONTINUOUS
10
4.610444094488189
20
-4.0860236220472439
11
4.6105764960629916
21
-4.0846794881889759
0
LINE
8
BLACK
6
CONTINUOUS
10
4.6105764960629916
20
-4.0846794881889759
11
4.6116052362204725
21
-4.0821958661417321
0
LINE
8
BLACK
6
CONTINUOUS
10
4.6116052362204725
20
-4.0821958661417321
11
4.613506102362205
21
-4.0802949999999996
0
LINE
8
BLACK
6
CONTINUOUS
10
4.613506102362205
20
-4.0802949999999996
11
4.6159897244094488
21
-4.0792662598425196
0
LINE
8
BLACK
6
CONTINUOUS
10
4.6159897244094488
20
-4.0792662598425196
11
4.618677992125984
21
-4.0792662598425196
0
LINE
8
BLACK
6
CONTINUOUS
10
4.618677992125984
20
-4.0792662598425196
11
4.6211616141732286
21
-4.0802949999999996
0
LINE
8
BLACK
6
CONTINUOUS
10
4.6526576771653545
20
-4.0802949999999996
11
4.6545585433070862
21
-4.0821958661417321
0
LINE
8
BLACK
6
CONTINUOUS
10
4.6545585433070862
20
-4.0821958661417321
11
4.6555872834645671
21
-4.0846794881889759
0
LINE
8
BLACK
6
CONTINUOUS
10
4.6555872834645671
20
-4.0846794881889759
11
4.6557196850393696
21
-4.0860236220472439
0
LINE
8
BLACK
6
CONTINUOUS
10
4.6557196850393696
20
-4.0860236220472439
11
4.6557196850393696
21
-4.1431102362204726
0
LINE
8
BLACK
6
CONTINUOUS
10
4.6557196850393696
20
-4.1431102362204726
11
4.6555872834645671
21
-4.1444543700787397
0
LINE
8
BLACK
6
CONTINUOUS
10
4.6555872834645671
20
-4.1444543700787397
11
4.6545585433070862
21
-4.1469379921259844
0
LINE
8
BLACK
6
CONTINUOUS
10
4.6545585433070862
20
-4.1469379921259844
11
4.6526576771653545
21
-4.148838858267716
0
LINE
8
BLACK
6
CONTINUOUS
10
4.6526576771653545
20
-4.148838858267716
11
4.6501740551181099
21
-4.1498675984251969
0
LINE
8
BLACK
6
CONTINUOUS
10
4.6501740551181099
20
-4.1498675984251969
11
4.6474857874015747
21
-4.1498675984251969
0
LINE
8
BLACK
6
CONTINUOUS
10
4.6474857874015747
20
-4.1498675984251969
11
4.645002165354331
21
-4.148838858267716
0
LINE
8
BLACK
6
CONTINUOUS
10
4.645002165354331
20
-4.148838858267716
11
4.6431012992125984
21
-4.1469379921259844
0
LINE
8
BLACK
6
CONTINUOUS
10
4.6431012992125984
20
-4.1469379921259844
11
4.6420725590551184
21
-4.1444543700787397
0
LINE
8
BLACK
6
CONTINUOUS
10
4.6420725590551184
20
-4.1444543700787397
11
4.641940157480315
21
-4.1431102362204726
0
LINE
8
BLACK
6
CONTINUOUS
10
4.641940157480315
20
-4.1431102362204726
11
4.641940157480315
21
-4.0860236220472439
0
LINE
8
BLACK
6
CONTINUOUS
10
4.641940157480315
20
-4.0860236220472439
11
4.6420725590551184
21
-4.0846794881889759
0
LINE
8
BLACK
6
CONTINUOUS
10
4.6420725590551184
20
-4.0846794881889759
11
4.6431012992125984
21
-4.0821958661417321
0
LINE
8
BLACK
6
CONTINUOUS
10
4.6431012992125984
20
-4.0821958661417321
11
4.645002165354331
21
-4.0802949999999996
0
LINE
8
BLACK
6
CONTINUOUS
10
4.645002165354331
20
-4.0802949999999996
11
4.6474857874015747
21
-4.0792662598425196
0
LINE
8
BLACK
6
CONTINUOUS
10
4.6474857874015747
20
-4.0792662598425196
11
4.6501740551181099
21
-4.0792662598425196
0
LINE
8
BLACK
6
CONTINUOUS
10
4.6501740551181099
20
-4.0792662598425196
11
4.6526576771653545
21
-4.0802949999999996
0
LINE
8
BLACK
6
CONTINUOUS
10
4.6841537401574804
20
-4.0802949999999996
11
4.6860546062992121
21
-4.0821958661417321
0
LINE
8
BLACK
6
CONTINUOUS
10
4.6860546062992121
20
-4.0821958661417321
11
4.687083346456693
21
-4.0846794881889759
0
LINE
8
BLACK
6
CONTINUOUS
10
4.687083346456693
20
-4.0846794881889759
11
4.6872157480314955
21
-4.0860236220472439
0
LINE
8
BLACK
6
CONTINUOUS
10
4.6872157480314955
20
-4.0860236220472439
11
4.6872157480314955
21
-4.1431102362204726
0
LINE
8
BLACK
6
CONTINUOUS
10
4.6872157480314955
20
-4.1431102362204726
11
4.687083346456693
21
-4.1444543700787397
0
LINE
8
BLACK
6
CONTINUOUS
10
4.687083346456693
20
-4.1444543700787397
11
4.6860546062992121
21
-4.1469379921259844
0
LINE
8
BLACK
6
CONTINUOUS
10
4.6860546062992121
20
-4.1469379921259844
11
4.6841537401574804
21
-4.148838858267716
0
LINE
8
BLACK
6
CONTINUOUS
10
4.6841537401574804
20
-4.148838858267716
11
4.6816701181102358
21
-4.1498675984251969
0
LINE
8
BLACK
6
CONTINUOUS
10
4.6816701181102358
20
-4.1498675984251969
11
4.6789818503937006
21
-4.1498675984251969
0
LINE
8
BLACK
6
CONTINUOUS
10
4.6789818503937006
20
-4.1498675984251969
11
4.6764982283464569
21
-4.148838858267716
0
LINE
8
BLACK
6
CONTINUOUS
10
4.6764982283464569
20
-4.148838858267716
11
4.6745973622047243
21
-4.1469379921259844
0
LINE
8
BLACK
6
CONTINUOUS
10
4.6745973622047243
20
-4.1469379921259844
11
4.6735686220472443
21
-4.1444543700787397
0
LINE
8
BLACK
6
CONTINUOUS
10
4.6735686220472443
20
-4.1444543700787397
11
4.6734362204724409
21
-4.1431102362204726
0
LINE
8
BLACK
6
CONTINUOUS
10
4.6734362204724409
20
-4.1431102362204726
11
4.6734362204724409
21
-4.0860236220472439
0
LINE
8
BLACK
6
CONTINUOUS
10
4.6734362204724409
20
-4.0860236220472439
11
4.6735686220472443
21
-4.0846794881889759
0
LINE
8
BLACK
6
CONTINUOUS
10
4.6735686220472443
20
-4.0846794881889759
11
4.6745973622047243
21
-4.0821958661417321
0
LINE
8
BLACK
6
CONTINUOUS
10
4.6745973622047243
20
-4.0821958661417321
11
4.6764982283464569
21
-4.0802949999999996
0
LINE
8
BLACK
6
CONTINUOUS
10
4.6764982283464569
20
-4.0802949999999996
11
4.6789818503937006
21
-4.0792662598425196
0
LINE
8
BLACK
6
CONTINUOUS
10
4.6789818503937006
20
-4.0792662598425196
11
4.6816701181102358
21
-4.0792662598425196
0
LINE
8
BLACK
6
CONTINUOUS
10
4.6816701181102358
20
-4.0792662598425196
11
4.6841537401574804
21
-4.0802949999999996
0
LINE
8
BLACK
6
CONTINUOUS
10
4.7156498031496064
20
-4.0802949999999996
11
4.717550669291338
21
-4.0821958661417321
0
LINE
8
BLACK
6
CONTINUOUS
10
4.717550669291338
20
-4.0821958661417321
11
4.7185794094488189
21
-4.0846794881889759
0
LINE
8
BLACK
6
CONTINUOUS
10
4.7185794094488189
20
-4.0846794881889759
11
4.7187118110236224
21
-4.0860236220472439
0
LINE
8
BLACK
6
CONTINUOUS
10
4.7187118110236224
20
-4.0860236220472439
11
4.7187118110236224
21
-4.1431102362204726
0
LINE
8
BLACK
6
CONTINUOUS
10
4.7187118110236224
20
-4.1431102362204726
11
4.7185794094488189
21
-4.1444543700787397
0
LINE
8
BLACK
6
CONTINUOUS
10
4.7185794094488189
20
-4.1444543700787397
11
4.717550669291338
21
-4.1469379921259844
0
LINE
8
BLACK
6
CONTINUOUS
10
4.717550669291338
20
-4.1469379921259844
11
4.7156498031496064
21
-4.148838858267716
0
LINE
8
BLACK
6
CONTINUOUS
10
4.7156498031496064
20
-4.148838858267716
11
4.7131661811023617
21
-4.1498675984251969
0
LINE
8
BLACK
6
CONTINUOUS
10
4.7131661811023617
20
-4.1498675984251969
11
4.7104779133858266
21
-4.1498675984251969
0
LINE
8
BLACK
6
CONTINUOUS
10
4.7104779133858266
20
-4.1498675984251969
11
4.7079942913385828
21
-4.148838858267716
0
LINE
8
BLACK
6
CONTINUOUS
10
4.7079942913385828
20
-4.148838858267716
11
4.7060934251968503
21
-4.1469379921259844
0
LINE
8
BLACK
6
CONTINUOUS
10
4.7060934251968503
20
-4.1469379921259844
11
4.7050646850393703
21
-4.1444543700787397
0
LINE
8
BLACK
6
CONTINUOUS
10
4.7050646850393703
20
-4.1444543700787397
11
4.7049322834645668
21
-4.1431102362204726
0
LINE
8
BLACK
6
CONTINUOUS
10
4.7049322834645668
20
-4.1431102362204726
11
4.7049322834645668
21
-4.0860236220472439
0
LINE
8
BLACK
6
CONTINUOUS
10
4.7049322834645668
20
-4.0860236220472439
11
4.7050646850393703
21
-4.0846794881889759
0
LINE
8
BLACK
6
CONTINUOUS
10
4.7050646850393703
20
-4.0846794881889759
11
4.7060934251968503
21
-4.0821958661417321
0
LINE
8
BLACK
6
CONTINUOUS
10
4.7060934251968503
20
-4.0821958661417321
11
4.7079942913385828
21
-4.0802949999999996
0
LINE
8
BLACK
6
CONTINUOUS
10
4.7079942913385828
20
-4.0802949999999996
11
4.7104779133858266
21
-4.0792662598425196
0
LINE
8
BLACK
6
CONTINUOUS
10
4.7104779133858266
20
-4.0792662598425196
11
4.7131661811023617
21
-4.0792662598425196
0
LINE
8
BLACK
6
CONTINUOUS
10
4.7131661811023617
20
-4.0792662598425196
11
4.7156498031496064
21
-4.0802949999999996
0
LINE
8
BLACK
6
CONTINUOUS
10
4.7471458661417323
20
-4.0802949999999996
11
4.7490467322834649
21
-4.0821958661417321
0
LINE
8
BLACK
6
CONTINUOUS
10
4.7490467322834649
20
-4.0821958661417321
11
4.7500754724409449
21
-4.0846794881889759
0
LINE
8
BLACK
6
CONTINUOUS
10
4.7500754724409449
20
-4.0846794881889759
11
4.7502078740157483
21
-4.0860236220472439
0
LINE
8
BLACK
6
CONTINUOUS
10
4.7502078740157483
20
-4.0860236220472439
11
4.7502078740157483
21
-4.1431102362204726
0
LINE
8
BLACK
6
CONTINUOUS
10
4.7502078740157483
20
-4.1431102362204726
11
4.7500754724409449
21
-4.1444543700787397
0
LINE
8
BLACK
6
CONTINUOUS
10
4.7500754724409449
20
-4.1444543700787397
11
4.7490467322834649
21
-4.1469379921259844
0
LINE
8
BLACK
6
CONTINUOUS
10
4.7490467322834649
20
-4.1469379921259844
11
4.7471458661417323
21
-4.148838858267716
0
LINE
8
BLACK
6
CONTINUOUS
10
4.7471458661417323
20
-4.148838858267716
11
4.7446622440944877
21
-4.1498675984251969
0
LINE
8
BLACK
6
CONTINUOUS
10
4.7446622440944877
20
-4.1498675984251969
11
4.7419739763779525
21
-4.1498675984251969
0
LINE
8
BLACK
6
CONTINUOUS
10
4.7419739763779525
20
-4.1498675984251969
11
4.7394903543307088
21
-4.148838858267716
0
LINE
8
BLACK
6
CONTINUOUS
10
4.7394903543307088
20
-4.148838858267716
11
4.7375894881889762
21
-4.1469379921259844
0
LINE
8
BLACK
6
CONTINUOUS
10
4.7375894881889762
20
-4.1469379921259844
11
4.7365607480314962
21
-4.1444543700787397
0
LINE
8
BLACK
6
CONTINUOUS
10
4.7365607480314962
20
-4.1444543700787397
11
4.7364283464566928
21
-4.1431102362204726
0
LINE
8
BLACK
6
CONTINUOUS
10
4.7364283464566928
20
-4.1431102362204726
11
4.7364283464566928
21
-4.0860236220472439
0
LINE
8
BLACK
6
CONTINUOUS
10
4.7364283464566928
20
-4.0860236220472439
11
4.7365607480314962
21
-4.0846794881889759
0
LINE
8
BLACK
6
CONTINUOUS
10
4.7365607480314962
20
-4.0846794881889759
11
4.7375894881889762
21
-4.0821958661417321
0
LINE
8
BLACK
6
CONTINUOUS
10
4.7375894881889762
20
-4.0821958661417321
11
4.7394903543307088
21
-4.0802949999999996
0
LINE
8
BLACK
6
CONTINUOUS
10
4.7394903543307088
20
-4.0802949999999996
11
4.7419739763779525
21
-4.0792662598425196
0
LINE
8
BLACK
6
CONTINUOUS
10
4.7419739763779525
20
-4.0792662598425196
11
4.7446622440944877
21
-4.0792662598425196
0
LINE
8
BLACK
6
CONTINUOUS
10
4.7446622440944877
20
-4.0792662598425196
11
4.7471458661417323
21
-4.0802949999999996
0
LINE
8
BLACK
6
CONTINUOUS
10
4.7786419291338582
20
-4.0802949999999996
11
4.7805427952755908
21
-4.0821958661417321
0
LINE
8
BLACK
6
CONTINUOUS
10
4.7805427952755908
20
-4.0821958661417321
11
4.7815715354330708
21
-4.0846794881889759
0
LINE
8
BLACK
6
CONTINUOUS
10
4.7815715354330708
20
-4.0846794881889759
11
4.7817039370078742
21
-4.0860236220472439
0
LINE
8
BLACK
6
CONTINUOUS
10
4.7817039370078742
20
-4.0860236220472439
11
4.7817039370078742
21
-4.1431102362204726
0
LINE
8
BLACK
6
CONTINUOUS
10
4.7817039370078742
20
-4.1431102362204726
11
4.7815715354330708
21
-4.1444543700787397
0
LINE
8
BLACK
6
CONTINUOUS
10
4.7815715354330708
20
-4.1444543700787397
11
4.7805427952755908
21
-4.1469379921259844
0
LINE
8
BLACK
6
CONTINUOUS
10
4.7805427952755908
20
-4.1469379921259844
11
4.7786419291338582
21
-4.148838858267716
0
LINE
8
BLACK
6
CONTINUOUS
10
4.7786419291338582
20
-4.148838858267716
11
4.7761583070866145
21
-4.1498675984251969
0
LINE
8
BLACK
6
CONTINUOUS
10
4.7761583070866145
20
-4.1498675984251969
11
4.7734700393700784
21
-4.1498675984251969
0
LINE
8
BLACK
6
CONTINUOUS
10
4.7734700393700784
20
-4.1498675984251969
11
4.7709864173228347
21
-4.148838858267716
0
LINE
8
BLACK
6
CONTINUOUS
10
4.7709864173228347
20
-4.148838858267716
11
4.7690855511811021
21
-4.1469379921259844
0
LINE
8
BLACK
6
CONTINUOUS
10
4.7690855511811021
20
-4.1469379921259844
11
4.7680568110236221
21
-4.1444543700787397
0
LINE
8
BLACK
6
CONTINUOUS
10
4.7680568110236221
20
-4.1444543700787397
11
4.7679244094488187
21
-4.1431102362204726
0
LINE
8
BLACK
6
CONTINUOUS
10
4.7679244094488187
20
-4.1431102362204726
11
4.7679244094488187
21
-4.0860236220472439
0
LINE
8
BLACK
6
CONTINUOUS
10
4.7679244094488187
20
-4.0860236220472439
11
4.7680568110236221
21
-4.0846794881889759
0
LINE
8
BLACK
6
CONTINUOUS
10
4.7680568110236221
20
-4.0846794881889759
11
4.7690855511811021
21
-4.0821958661417321
0
LINE
8
BLACK
6
CONTINUOUS
10
4.7690855511811021
20
-4.0821958661417321
11
4.7709864173228347
21
-4.0802949999999996
0
LINE
8
BLACK
6
CONTINUOUS
10
4.7709864173228347
20
-4.0802949999999996
11
4.7734700393700784
21
-4.0792662598425196
0
LINE
8
BLACK
6
CONTINUOUS
10
4.7734700393700784
20
-4.0792662598425196
11
4.7761583070866145
21
-4.0792662598425196
0
LINE
8
BLACK
6
CONTINUOUS
10
4.7761583070866145
20
-4.0792662598425196
11
4.7786419291338582
21
-4.0802949999999996
0
LINE
8
BLACK
6
CONTINUOUS
10
4.8101379921259841
20
-4.0802949999999996
11
4.8120388582677167
21
-4.0821958661417321
0
LINE
8
BLACK
6
CONTINUOUS
10
4.8120388582677167
20
-4.0821958661417321
11
4.8130675984251967
21
-4.0846794881889759
0
LINE
8
BLACK
6
CONTINUOUS
10
4.8130675984251967
20
-4.0846794881889759
11
4.8132000000000001
21
-4.0860236220472439
0
LINE
8
BLACK
6
CONTINUOUS
10
4.8132000000000001
20
-4.0860236220472439
11
4.8132000000000001
21
-4.1431102362204726
0
LINE
8
BLACK
6
CONTINUOUS
10
4.8132000000000001
20
-4.1431102362204726
11
4.8130675984251967
21
-4.1444543700787397
0
LINE
8
BLACK
6
CONTINUOUS
10
4.8130675984251967
20
-4.1444543700787397
11
4.8120388582677167
21
-4.1469379921259844
0
LINE
8
BLACK
6
CONTINUOUS
10
4.8120388582677167
20
-4.1469379921259844
11
4.8101379921259841
21
-4.148838858267716
0
LINE
8
BLACK
6
CONTINUOUS
10
4.8101379921259841
20
-4.148838858267716
11
4.8076543700787404
21
-4.1498675984251969
0
LINE
8
BLACK
6
CONTINUOUS
10
4.8076543700787404
20
-4.1498675984251969
11
4.8049661023622043
21
-4.1498675984251969
0
LINE
8
BLACK
6
CONTINUOUS
10
4.8049661023622043
20
-4.1498675984251969
11
4.8024824803149606
21
-4.148838858267716
0
LINE
8
BLACK
6
CONTINUOUS
10
4.8024824803149606
20
-4.148838858267716
11
4.800581614173228
21
-4.1469379921259844
0
LINE
8
BLACK
6
CONTINUOUS
10
4.800581614173228
20
-4.1469379921259844
11
4.799552874015748
21
-4.1444543700787397
0
LINE
8
BLACK
6
CONTINUOUS
10
4.799552874015748
20
-4.1444543700787397
11
4.7994204724409446
21
-4.1431102362204726
0
LINE
8
BLACK
6
CONTINUOUS
10
4.7994204724409446
20
-4.1431102362204726
11
4.7994204724409446
21
-4.0860236220472439
0
LINE
8
BLACK
6
CONTINUOUS
10
4.7994204724409446
20
-4.0860236220472439
11
4.799552874015748
21
-4.0846794881889759
0
LINE
8
BLACK
6
CONTINUOUS
10
4.799552874015748
20
-4.0846794881889759
11
4.800581614173228
21
-4.0821958661417321
0
LINE
8
BLACK
6
CONTINUOUS
10
4.800581614173228
20
-4.0821958661417321
11
4.8024824803149606
21
-4.0802949999999996
0
LINE
8
BLACK
6
CONTINUOUS
10
4.8024824803149606
20
-4.0802949999999996
11
4.8049661023622043
21
-4.0792662598425196
0
LINE
8
BLACK
6
CONTINUOUS
10
4.8049661023622043
20
-4.0792662598425196
11
4.8076543700787404
21
-4.0792662598425196
0
LINE
8
BLACK
6
CONTINUOUS
10
4.8076543700787404
20
-4.0792662598425196
11
4.8101379921259841
21
-4.0802949999999996
0
LINE
8
BLACK
6
CONTINUOUS
10
4.8416340551181101
20
-4.0802949999999996
11
4.8435349212598426
21
-4.0821958661417321
0
LINE
8
BLACK
6
CONTINUOUS
10
4.8435349212598426
20
-4.0821958661417321
11
4.8445636614173226
21
-4.0846794881889759
0
LINE
8
BLACK
6
CONTINUOUS
10
4.8445636614173226
20
-4.0846794881889759
11
4.8446960629921261
21
-4.0860236220472439
0
LINE
8
BLACK
6
CONTINUOUS
10
4.8446960629921261
20
-4.0860236220472439
11
4.8446960629921261
21
-4.1431102362204726
0
LINE
8
BLACK
6
CONTINUOUS
10
4.8446960629921261
20
-4.1431102362204726
11
4.8445636614173226
21
-4.1444543700787397
0
LINE
8
BLACK
6
CONTINUOUS
10
4.8445636614173226
20
-4.1444543700787397
11
4.8435349212598426
21
-4.1469379921259844
0
LINE
8
BLACK
6
CONTINUOUS
10
4.8435349212598426
20
-4.1469379921259844
11
4.8416340551181101
21
-4.148838858267716
0
LINE
8
BLACK
6
CONTINUOUS
10
4.8416340551181101
20
-4.148838858267716
11
4.8391504330708663
21
-4.1498675984251969
0
LINE
8
BLACK
6
CONTINUOUS
10
4.8391504330708663
20
-4.1498675984251969
11
4.8364621653543303
21
-4.1498675984251969
0
LINE
8
BLACK
6
CONTINUOUS
10
4.8364621653543303
20
-4.1498675984251969
11
4.8339785433070865
21
-4.148838858267716
0
LINE
8
BLACK
6
CONTINUOUS
10
4.8339785433070865
20
-4.148838858267716
11
4.832077677165354
21
-4.1469379921259844
0
LINE
8
BLACK
6
CONTINUOUS
10
4.832077677165354
20
-4.1469379921259844
11
4.831048937007874
21
-4.1444543700787397
0
LINE
8
BLACK
6
CONTINUOUS
10
4.831048937007874
20
-4.1444543700787397
11
4.8309165354330705
21
-4.1431102362204726
0
LINE
8
BLACK
6
CONTINUOUS
10
4.8309165354330705
20
-4.1431102362204726
11
4.8309165354330705
21
-4.0860236220472439
0
LINE
8
BLACK
6
CONTINUOUS
10
4.8309165354330705
20
-4.0860236220472439
11
4.831048937007874
21
-4.0846794881889759
0
LINE
8
BLACK
6
CONTINUOUS
10
4.831048937007874
20
-4.0846794881889759
11
4.832077677165354
21
-4.0821958661417321
0
LINE
8
BLACK
6
CONTINUOUS
10
4.832077677165354
20
-4.0821958661417321
11
4.8339785433070865
21
-4.0802949999999996
0
LINE
8
BLACK
6
CONTINUOUS
10
4.8339785433070865
20
-4.0802949999999996
11
4.8364621653543303
21
-4.0792662598425196
0
LINE
8
BLACK
6
CONTINUOUS
10
4.8364621653543303
20
-4.0792662598425196
11
4.8391504330708663
21
-4.0792662598425196
0
LINE
8
BLACK
6
CONTINUOUS
10
4.8391504330708663
20
-4.0792662598425196
11
4.8416340551181101
21
-4.0802949999999996
0
LINE
8
BLACK
6
CONTINUOUS
10
4.873130118110236
20
-4.0802949999999996
11
4.8750309842519686
21
-4.0821958661417321
0
LINE
8
BLACK
6
CONTINUOUS
10
4.8750309842519686
20
-4.0821958661417321
11
4.8760597244094486
21
-4.0846794881889759
0
LINE
8
BLACK
6
CONTINUOUS
10
4.8760597244094486
20
-4.0846794881889759
11
4.876192125984252
21
-4.0860236220472439
0
LINE
8
BLACK
6
CONTINUOUS
10
4.876192125984252
20
-4.0860236220472439
11
4.876192125984252
21
-4.1431102362204726
0
LINE
8
BLACK
6
CONTINUOUS
10
4.876192125984252
20
-4.1431102362204726
11
4.8760597244094486
21
-4.1444543700787397
0
LINE
8
BLACK
6
CONTINUOUS
10
4.8760597244094486
20
-4.1444543700787397
11
4.8750309842519686
21
-4.1469379921259844
0
LINE
8
BLACK
6
CONTINUOUS
10
4.8750309842519686
20
-4.1469379921259844
11
4.873130118110236
21
-4.148838858267716
0
LINE
8
BLACK
6
CONTINUOUS
10
4.873130118110236
20
-4.148838858267716
11
4.8706464960629923
21
-4.1498675984251969
0
LINE
8
BLACK
6
CONTINUOUS
10
4.8706464960629923
20
-4.1498675984251969
11
4.8679582283464562
21
-4.1498675984251969
0
LINE
8
BLACK
6
CONTINUOUS
10
4.8679582283464562
20
-4.1498675984251969
11
4.8654746062992125
21
-4.148838858267716
0
LINE
8
BLACK
6
CONTINUOUS
10
4.8654746062992125
20
-4.148838858267716
11
4.8635737401574799
21
-4.1469379921259844
0
LINE
8
BLACK
6
CONTINUOUS
10
4.8635737401574799
20
-4.1469379921259844
11
4.8625449999999999
21
-4.1444543700787397
0
LINE
8
BLACK
6
CONTINUOUS
10
4.8625449999999999
20
-4.1444543700787397
11
4.8624125984251965
21
-4.1431102362204726
0
LINE
8
BLACK
6
CONTINUOUS
10
4.8624125984251965
20
-4.1431102362204726
11
4.8624125984251965
21
-4.0860236220472439
0
LINE
8
BLACK
6
CONTINUOUS
10
4.8624125984251965
20
-4.0860236220472439
11
4.8625449999999999
21
-4.0846794881889759
0
LINE
8
BLACK
6
CONTINUOUS
10
4.8625449999999999
20
-4.0846794881889759
11
4.8635737401574799
21
-4.0821958661417321
0
LINE
8
BLACK
6
CONTINUOUS
10
4.8635737401574799
20
-4.0821958661417321
11
4.8654746062992125
21
-4.0802949999999996
0
LINE
8
BLACK
6
CONTINUOUS
10
4.8654746062992125
20
-4.0802949999999996
11
4.8679582283464562
21
-4.0792662598425196
0
LINE
8
BLACK
6
CONTINUOUS
10
4.8679582283464562
20
-4.0792662598425196
11
4.8706464960629923
21
-4.0792662598425196
0
LINE
8
BLACK
6
CONTINUOUS
10
4.8706464960629923
20
-4.0792662598425196
11
4.873130118110236
21
-4.0802949999999996
0
LINE
8
BLACK
6
CONTINUOUS
10
4.9046261811023619
20
-4.0802949999999996
11
4.9065270472440945
21
-4.0821958661417321
0
LINE
8
BLACK
6
CONTINUOUS
10
4.9065270472440945
20
-4.0821958661417321
11
4.9075557874015745
21
-4.0846794881889759
0
LINE
8
BLACK
6
CONTINUOUS
10
4.9075557874015745
20
-4.0846794881889759
11
4.9076881889763779
21
-4.0860236220472439
0
LINE
8
BLACK
6
CONTINUOUS
10
4.9076881889763779
20
-4.0860236220472439
11
4.9076881889763779
21
-4.1431102362204726
0
LINE
8
BLACK
6
CONTINUOUS
10
4.9076881889763779
20
-4.1431102362204726
11
4.9075557874015745
21
-4.1444543700787397
0
LINE
8
BLACK
6
CONTINUOUS
10
4.9075557874015745
20
-4.1444543700787397
11
4.9065270472440945
21
-4.1469379921259844
0
LINE
8
BLACK
6
CONTINUOUS
10
4.9065270472440945
20
-4.1469379921259844
11
4.9046261811023619
21
-4.148838858267716
0
LINE
8
BLACK
6
CONTINUOUS
10
4.9046261811023619
20
-4.148838858267716
11
4.9021425590551182
21
-4.1498675984251969
0
LINE
8
BLACK
6
CONTINUOUS
10
4.9021425590551182
20
-4.1498675984251969
11
4.8994542913385821
21
-4.1498675984251969
0
LINE
8
BLACK
6
CONTINUOUS
10
4.8994542913385821
20
-4.1498675984251969
11
4.8969706692913384
21
-4.148838858267716
0
LINE
8
BLACK
6
CONTINUOUS
10
4.8969706692913384
20
-4.148838858267716
11
4.8950698031496058
21
-4.1469379921259844
0
LINE
8
BLACK
6
CONTINUOUS
10
4.8950698031496058
20
-4.1469379921259844
11
4.8940410629921258
21
-4.1444543700787397
0
LINE
8
BLACK
6
CONTINUOUS
10
4.8940410629921258
20
-4.1444543700787397
11
4.8939086614173224
21
-4.1431102362204726
0
LINE
8
BLACK
6
CONTINUOUS
10
4.8939086614173224
20
-4.1431102362204726
11
4.8939086614173224
21
-4.0860236220472439
0
LINE
8
BLACK
6
CONTINUOUS
10
4.8939086614173224
20
-4.0860236220472439
11
4.8940410629921258
21
-4.0846794881889759
0
LINE
8
BLACK
6
CONTINUOUS
10
4.8940410629921258
20
-4.0846794881889759
11
4.8950698031496058
21
-4.0821958661417321
0
LINE
8
BLACK
6
CONTINUOUS
10
4.8950698031496058
20
-4.0821958661417321
11
4.8969706692913384
21
-4.0802949999999996
0
LINE
8
BLACK
6
CONTINUOUS
10
4.8969706692913384
20
-4.0802949999999996
11
4.8994542913385821
21
-4.0792662598425196
0
LINE
8
BLACK
6
CONTINUOUS
10
4.8994542913385821
20
-4.0792662598425196
11
4.9021425590551182
21
-4.0792662598425196
0
LINE
8
BLACK
6
CONTINUOUS
10
4.9021425590551182
20
-4.0792662598425196
11
4.9046261811023619
21
-4.0802949999999996
0
LINE
8
BLACK
6
CONTINUOUS
10
4.9361222440944879
20
-4.0802949999999996
11
4.9380231102362204
21
-4.0821958661417321
0
LINE
8
BLACK
6
CONTINUOUS
10
4.9380231102362204
20
-4.0821958661417321
11
4.9390518503937004
21
-4.0846794881889759
0
LINE
8
BLACK
6
CONTINUOUS
10
4.9390518503937004
20
-4.0846794881889759
11
4.9391842519685039
21
-4.0860236220472439
0
LINE
8
BLACK
6
CONTINUOUS
10
4.9391842519685039
20
-4.0860236220472439
11
4.9391842519685039
21
-4.1431102362204726
0
LINE
8
BLACK
6
CONTINUOUS
10
4.9391842519685039
20
-4.1431102362204726
11
4.9390518503937004
21
-4.1444543700787397
0
LINE
8
BLACK
6
CONTINUOUS
10
4.9390518503937004
20
-4.1444543700787397
11
4.9380231102362204
21
-4.1469379921259844
0
LINE
8
BLACK
6
CONTINUOUS
10
4.9380231102362204
20
-4.1469379921259844
11
4.9361222440944879
21
-4.148838858267716
0
LINE
8
BLACK
6
CONTINUOUS
10
4.9361222440944879
20
-4.148838858267716
11
4.9336386220472441
21
-4.1498675984251969
0
LINE
8
BLACK
6
CONTINUOUS
10
4.9336386220472441
20
-4.1498675984251969
11
4.9309503543307089
21
-4.1498675984251969
0
LINE
8
BLACK
6
CONTINUOUS
10
4.9309503543307089
20
-4.1498675984251969
11
4.9284667322834643
21
-4.148838858267716
0
LINE
8
BLACK
6
CONTINUOUS
10
4.9284667322834643
20
-4.148838858267716
11
4.9265658661417318
21
-4.1469379921259844
0
LINE
8
BLACK
6
CONTINUOUS
10
4.9265658661417318
20
-4.1469379921259844
11
4.9255371259842518
21
-4.1444543700787397
0
LINE
8
BLACK
6
CONTINUOUS
10
4.9255371259842518
20
-4.1444543700787397
11
4.9254047244094483
21
-4.1431102362204726
0
LINE
8
BLACK
6
CONTINUOUS
10
4.9254047244094483
20
-4.1431102362204726
11
4.9254047244094483
21
-4.0860236220472439
0
LINE
8
BLACK
6
CONTINUOUS
10
4.9254047244094483
20
-4.0860236220472439
11
4.9255371259842518
21
-4.0846794881889759
0
LINE
8
BLACK
6
CONTINUOUS
10
4.9255371259842518
20
-4.0846794881889759
11
4.9265658661417318
21
-4.0821958661417321
0
LINE
8
BLACK
6
CONTINUOUS
10
4.9265658661417318
20
-4.0821958661417321
11
4.9284667322834643
21
-4.0802949999999996
0
LINE
8
BLACK
6
CONTINUOUS
10
4.9284667322834643
20
-4.0802949999999996
11
4.9309503543307089
21
-4.0792662598425196
0
LINE
8
BLACK
6
CONTINUOUS
10
4.9309503543307089
20
-4.0792662598425196
11
4.9336386220472441
21
-4.0792662598425196
0
LINE
8
BLACK
6
CONTINUOUS
10
4.9336386220472441
20
-4.0792662598425196
11
4.9361222440944879
21
-4.0802949999999996
0
LINE
8
BLACK
6
CONTINUOUS
10
4.9676183070866138
20
-4.0802949999999996
11
4.9695191732283464
21
-4.0821958661417321
0
LINE
8
BLACK
6
CONTINUOUS
10
4.9695191732283464
20
-4.0821958661417321
11
4.9705479133858264
21
-4.0846794881889759
0
LINE
8
BLACK
6
CONTINUOUS
10
4.9705479133858264
20
-4.0846794881889759
11
4.9706803149606298
21
-4.0860236220472439
0
LINE
8
BLACK
6
CONTINUOUS
10
4.9706803149606298
20
-4.0860236220472439
11
4.9706803149606298
21
-4.1431102362204726
0
LINE
8
BLACK
6
CONTINUOUS
10
4.9706803149606298
20
-4.1431102362204726
11
4.9705479133858264
21
-4.1444543700787397
0
LINE
8
BLACK
6
CONTINUOUS
10
4.9705479133858264
20
-4.1444543700787397
11
4.9695191732283464
21
-4.1469379921259844
0
LINE
8
BLACK
6
CONTINUOUS
10
4.9695191732283464
20
-4.1469379921259844
11
4.9676183070866138
21
-4.148838858267716
0
LINE
8
BLACK
6
CONTINUOUS
10
4.9676183070866138
20
-4.148838858267716
11
4.9651346850393701
21
-4.1498675984251969
0
LINE
8
BLACK
6
CONTINUOUS
10
4.9651346850393701
20
-4.1498675984251969
11
4.9624464173228349
21
-4.1498675984251969
0
LINE
8
BLACK
6
CONTINUOUS
10
4.9624464173228349
20
-4.1498675984251969
11
4.9599627952755903
21
-4.148838858267716
0
LINE
8
BLACK
6
CONTINUOUS
10
4.9599627952755903
20
-4.148838858267716
11
4.9580619291338586
21
-4.1469379921259844
0
LINE
8
BLACK
6
CONTINUOUS
10
4.9580619291338586
20
-4.1469379921259844
11
4.9570331889763777
21
-4.1444543700787397
0
LINE
8
BLACK
6
CONTINUOUS
10
4.9570331889763777
20
-4.1444543700787397
11
4.9569007874015742
21
-4.1431102362204726
0
LINE
8
BLACK
6
CONTINUOUS
10
4.9569007874015742
20
-4.1431102362204726
11
4.9569007874015742
21
-4.0860236220472439
0
LINE
8
BLACK
6
CONTINUOUS
10
4.9569007874015742
20
-4.0860236220472439
11
4.9570331889763777
21
-4.0846794881889759
0
LINE
8
BLACK
6
CONTINUOUS
10
4.9570331889763777
20
-4.0846794881889759
11
4.9580619291338586
21
-4.0821958661417321
0
LINE
8
BLACK
6
CONTINUOUS
10
4.9580619291338586
20
-4.0821958661417321
11
4.9599627952755903
21
-4.0802949999999996
0
LINE
8
BLACK
6
CONTINUOUS
10
4.9599627952755903
20
-4.0802949999999996
11
4.9624464173228349
21
-4.0792662598425196
0
LINE
8
BLACK
6
CONTINUOUS
10
4.9624464173228349
20
-4.0792662598425196
11
4.9651346850393701
21
-4.0792662598425196
0
LINE
8
BLACK
6
CONTINUOUS
10
4.9651346850393701
20
-4.0792662598425196
11
4.9676183070866138
21
-4.0802949999999996
0
LINE
8
BLACK
6
CONTINUOUS
10
3.5548792913385827
20
-4.0934569291338585
11
3.5559446456692911
21
-4.0945222834645669
0
LINE
8
BLACK
6
CONTINUOUS
10
3.5559446456692911
20
-4.0945222834645669
11
3.5560944881889762
21
-4.0952755905511813
0
LINE
8
BLACK
6
CONTINUOUS
10
3.5560944881889762
20
-4.0952755905511813
11
3.5560944881889762
21
-4.1330708661417326
0
LINE
8
BLACK
6
CONTINUOUS
10
3.5560944881889762
20
-4.1330708661417326
11
3.5559446456692911
21
-4.1338241732283461
0
LINE
8
BLACK
6
CONTINUOUS
10
3.5559446456692911
20
-4.1338241732283461
11
3.5548792913385827
21
-4.1348895275590554
0
LINE
8
BLACK
6
CONTINUOUS
10
3.5548792913385827
20
-4.1348895275590554
11
3.5541259842519684
21
-4.13503937007874
0
LINE
8
BLACK
6
CONTINUOUS
10
3.5541259842519684
20
-4.13503937007874
11
3.5163307086614171
21
-4.13503937007874
0
LINE
8
BLACK
6
CONTINUOUS
10
3.5163307086614171
20
-4.13503937007874
11
3.5155774015748031
21
-4.1348895275590554
0
LINE
8
BLACK
6
CONTINUOUS
10
3.5155774015748031
20
-4.1348895275590554
11
3.5145120472440943
21
-4.1338241732283461
0
LINE
8
BLACK
6
CONTINUOUS
10
3.5145120472440943
20
-4.1338241732283461
11
3.5143622047244092
21
-4.1330708661417326
0
LINE
8
BLACK
6
CONTINUOUS
10
3.5143622047244092
20
-4.1330708661417326
11
3.5143622047244092
21
-4.0952755905511813
0
LINE
8
BLACK
6
CONTINUOUS
10
3.5143622047244092
20
-4.0952755905511813
11
3.5145120472440943
21
-4.0945222834645669
0
LINE
8
BLACK
6
CONTINUOUS
10
3.5145120472440943
20
-4.0945222834645669
11
3.5155774015748031
21
-4.0934569291338585
0
LINE
8
BLACK
6
CONTINUOUS
10
3.5155774015748031
20
-4.0934569291338585
11
3.5163307086614171
21
-4.093307086614173
0
LINE
8
BLACK
6
CONTINUOUS
10
3.5163307086614171
20
-4.093307086614173
11
3.5541259842519684
21
-4.093307086614173
0
LINE
8
BLACK
6
CONTINUOUS
10
3.5541259842519684
20
-4.093307086614173
11
3.5548792913385827
21
-4.0934569291338585
0
LINE
8
BLACK
6
CONTINUOUS
10
3.6005485826771655
20
-4.0934569291338585
11
3.6016139370078739
21
-4.0945222834645669
0
LINE
8
BLACK
6
CONTINUOUS
10
3.6016139370078739
20
-4.0945222834645669
11
3.601763779527559
21
-4.0952755905511813
0
LINE
8
BLACK
6
CONTINUOUS
10
3.601763779527559
20
-4.0952755905511813
11
3.601763779527559
21
-4.1330708661417326
0
LINE
8
BLACK
6
CONTINUOUS
10
3.601763779527559
20
-4.1330708661417326
11
3.6016139370078739
21
-4.1338241732283461
0
LINE
8
BLACK
6
CONTINUOUS
10
3.6016139370078739
20
-4.1338241732283461
11
3.6005485826771655
21
-4.1348895275590554
0
LINE
8
BLACK
6
CONTINUOUS
10
3.6005485826771655
20
-4.1348895275590554
11
3.5997952755905511
21
-4.13503937007874
0
LINE
8
BLACK
6
CONTINUOUS
10
3.5997952755905511
20
-4.13503937007874
11
3.5619999999999998
21
-4.13503937007874
0
LINE
8
BLACK
6
CONTINUOUS
10
3.5619999999999998
20
-4.13503937007874
11
3.5612466929133859
21
-4.1348895275590554
0
LINE
8
BLACK
6
CONTINUOUS
10
3.5612466929133859
20
-4.1348895275590554
11
3.560181338582677
21
-4.1338241732283461
0
LINE
8
BLACK
6
CONTINUOUS
10
3.560181338582677
20
-4.1338241732283461
11
3.560031496062992
21
-4.1330708661417326
0
LINE
8
BLACK
6
CONTINUOUS
10
3.560031496062992
20
-4.1330708661417326
11
3.560031496062992
21
-4.0952755905511813
0
LINE
8
BLACK
6
CONTINUOUS
10
3.560031496062992
20
-4.0952755905511813
11
3.560181338582677
21
-4.0945222834645669
0
LINE
8
BLACK
6
CONTINUOUS
10
3.560181338582677
20
-4.0945222834645669
11
3.5612466929133859
21
-4.0934569291338585
0
LINE
8
BLACK
6
CONTINUOUS
10
3.5612466929133859
20
-4.0934569291338585
11
3.5619999999999998
21
-4.093307086614173
0
LINE
8
BLACK
6
CONTINUOUS
10
3.5619999999999998
20
-4.093307086614173
11
3.5997952755905511
21
-4.093307086614173
0
LINE
8
BLACK
6
CONTINUOUS
10
3.5997952755905511
20
-4.093307086614173
11
3.6005485826771655
21
-4.0934569291338585
0
LINE
8
BLACK
6
CONTINUOUS
10
3.6462178740157478
20
-4.0934569291338585
11
3.6472832283464567
21
-4.0945222834645669
0
LINE
8
BLACK
6
CONTINUOUS
10
3.6472832283464567
20
-4.0945222834645669
11
3.6474330708661418
21
-4.0952755905511813
0
LINE
8
BLACK
6
CONTINUOUS
10
3.6474330708661418
20
-4.0952755905511813
11
3.6474330708661418
21
-4.1330708661417326
0
LINE
8
BLACK
6
CONTINUOUS
10
3.6474330708661418
20
-4.1330708661417326
11
3.6472832283464567
21
-4.1338241732283461
0
LINE
8
BLACK
6
CONTINUOUS
10
3.6472832283464567
20
-4.1338241732283461
11
3.6462178740157478
21
-4.1348895275590554
0
LINE
8
BLACK
6
CONTINUOUS
10
3.6462178740157478
20
-4.1348895275590554
11
3.6454645669291339
21
-4.13503937007874
0
LINE
8
BLACK
6
CONTINUOUS
10
3.6454645669291339
20
-4.13503937007874
11
3.6076692913385826
21
-4.13503937007874
0
LINE
8
BLACK
6
CONTINUOUS
10
3.6076692913385826
20
-4.13503937007874
11
3.6069159842519682
21
-4.1348895275590554
0
LINE
8
BLACK
6
CONTINUOUS
10
3.6069159842519682
20
-4.1348895275590554
11
3.6058506299212598
21
-4.1338241732283461
0
LINE
8
BLACK
6
CONTINUOUS
10
3.6058506299212598
20
-4.1338241732283461
11
3.6057007874015747
21
-4.1330708661417326
0
LINE
8
BLACK
6
CONTINUOUS
10
3.6057007874015747
20
-4.1330708661417326
11
3.6057007874015747
21
-4.0952755905511813
0
LINE
8
BLACK
6
CONTINUOUS
10
3.6057007874015747
20
-4.0952755905511813
11
3.6058506299212598
21
-4.0945222834645669
0
LINE
8
BLACK
6
CONTINUOUS
10
3.6058506299212598
20
-4.0945222834645669
11
3.6069159842519682
21
-4.0934569291338585
0
LINE
8
BLACK
6
CONTINUOUS
10
3.6069159842519682
20
-4.0934569291338585
11
3.6076692913385826
21
-4.093307086614173
0
LINE
8
BLACK
6
CONTINUOUS
10
3.6076692913385826
20
-4.093307086614173
11
3.6454645669291339
21
-4.093307086614173
0
LINE
8
BLACK
6
CONTINUOUS
10
3.6454645669291339
20
-4.093307086614173
11
3.6462178740157478
21
-4.0934569291338585
0
LINE
8
BLACK
6
CONTINUOUS
10
3.6918871653543306
20
-4.0934569291338585
11
3.6929525196850395
21
-4.0945222834645669
0
LINE
8
BLACK
6
CONTINUOUS
10
3.6929525196850395
20
-4.0945222834645669
11
3.6931023622047245
21
-4.0952755905511813
0
LINE
8
BLACK
6
CONTINUOUS
10
3.6931023622047245
20
-4.0952755905511813
11
3.6931023622047245
21
-4.1330708661417326
0
LINE
8
BLACK
6
CONTINUOUS
10
3.6931023622047245
20
-4.1330708661417326
11
3.6929525196850395
21
-4.1338241732283461
0
LINE
8
BLACK
6
CONTINUOUS
10
3.6929525196850395
20
-4.1338241732283461
11
3.6918871653543306
21
-4.1348895275590554
0
LINE
8
BLACK
6
CONTINUOUS
10
3.6918871653543306
20
-4.1348895275590554
11
3.6911338582677167
21
-4.13503937007874
0
LINE
8
BLACK
6
CONTINUOUS
10
3.6911338582677167
20
-4.13503937007874
11
3.6533385826771654
21
-4.13503937007874
0
LINE
8
BLACK
6
CONTINUOUS
10
3.6533385826771654
20
-4.13503937007874
11
3.652585275590551
21
-4.1348895275590554
0
LINE
8
BLACK
6
CONTINUOUS
10
3.652585275590551
20
-4.1348895275590554
11
3.6515199212598426
21
-4.1338241732283461
0
LINE
8
BLACK
6
CONTINUOUS
10
3.6515199212598426
20
-4.1338241732283461
11
3.6513700787401575
21
-4.1330708661417326
0
LINE
8
BLACK
6
CONTINUOUS
10
3.6513700787401575
20
-4.1330708661417326
11
3.6513700787401575
21
-4.0952755905511813
0
LINE
8
BLACK
6
CONTINUOUS
10
3.6513700787401575
20
-4.0952755905511813
11
3.6515199212598426
21
-4.0945222834645669
0
LINE
8
BLACK
6
CONTINUOUS
10
3.6515199212598426
20
-4.0945222834645669
11
3.652585275590551
21
-4.0934569291338585
0
LINE
8
BLACK
6
CONTINUOUS
10
3.652585275590551
20
-4.0934569291338585
11
3.6533385826771654
21
-4.093307086614173
0
LINE
8
BLACK
6
CONTINUOUS
10
3.6533385826771654
20
-4.093307086614173
11
3.6911338582677167
21
-4.093307086614173
0
LINE
8
BLACK
6
CONTINUOUS
10
3.6911338582677167
20
-4.093307086614173
11
3.6918871653543306
21
-4.0934569291338585
0
LINE
8
BLACK
6
CONTINUOUS
10
3.7375564566929134
20
-4.0934569291338585
11
3.7386218110236218
21
-4.0945222834645669
0
LINE
8
BLACK
6
CONTINUOUS
10
3.7386218110236218
20
-4.0945222834645669
11
3.7387716535433069
21
-4.0952755905511813
0
LINE
8
BLACK
6
CONTINUOUS
10
3.7387716535433069
20
-4.0952755905511813
11
3.7387716535433069
21
-4.1330708661417326
0
LINE
8
BLACK
6
CONTINUOUS
10
3.7387716535433069
20
-4.1330708661417326
11
3.7386218110236218
21
-4.1338241732283461
0
LINE
8
BLACK
6
CONTINUOUS
10
3.7386218110236218
20
-4.1338241732283461
11
3.7375564566929134
21
-4.1348895275590554
0
LINE
8
BLACK
6
CONTINUOUS
10
3.7375564566929134
20
-4.1348895275590554
11
3.736803149606299
21
-4.13503937007874
0
LINE
8
BLACK
6
CONTINUOUS
10
3.736803149606299
20
-4.13503937007874
11
3.6990078740157482
21
-4.13503937007874
0
LINE
8
BLACK
6
CONTINUOUS
10
3.6990078740157482
20
-4.13503937007874
11
3.6982545669291338
21
-4.1348895275590554
0
LINE
8
BLACK
6
CONTINUOUS
10
3.6982545669291338
20
-4.1348895275590554
11
3.6971892125984249
21
-4.1338241732283461
0
LINE
8
BLACK
6
CONTINUOUS
10
3.6971892125984249
20
-4.1338241732283461
11
3.6970393700787403
21
-4.1330708661417326
0
LINE
8
BLACK
6
CONTINUOUS
10
3.6970393700787403
20
-4.1330708661417326
11
3.6970393700787403
21
-4.0952755905511813
0
LINE
8
BLACK
6
CONTINUOUS
10
3.6970393700787403
20
-4.0952755905511813
11
3.6971892125984249
21
-4.0945222834645669
0
LINE
8
BLACK
6
CONTINUOUS
10
3.6971892125984249
20
-4.0945222834645669
11
3.6982545669291338
21
-4.0934569291338585
0
LINE
8
BLACK
6
CONTINUOUS
10
3.6982545669291338
20
-4.0934569291338585
11
3.6990078740157482
21
-4.093307086614173
0
LINE
8
BLACK
6
CONTINUOUS
10
3.6990078740157482
20
-4.093307086614173
11
3.736803149606299
21
-4.093307086614173
0
LINE
8
BLACK
6
CONTINUOUS
10
3.736803149606299
20
-4.093307086614173
11
3.7375564566929134
21
-4.0934569291338585
0
LINE
8
BLACK
6
CONTINUOUS
10
3.7832257480314961
20
-4.0934569291338585
11
3.7842911023622046
21
-4.0945222834645669
0
LINE
8
BLACK
6
CONTINUOUS
10
3.7842911023622046
20
-4.0945222834645669
11
3.7844409448818896
21
-4.0952755905511813
0
LINE
8
BLACK
6
CONTINUOUS
10
3.7844409448818896
20
-4.0952755905511813
11
3.7844409448818896
21
-4.1330708661417326
0
LINE
8
BLACK
6
CONTINUOUS
10
3.7844409448818896
20
-4.1330708661417326
11
3.7842911023622046
21
-4.1338241732283461
0
LINE
8
BLACK
6
CONTINUOUS
10
3.7842911023622046
20
-4.1338241732283461
11
3.7832257480314961
21
-4.1348895275590554
0
LINE
8
BLACK
6
CONTINUOUS
10
3.7832257480314961
20
-4.1348895275590554
11
3.7824724409448818
21
-4.13503937007874
0
LINE
8
BLACK
6
CONTINUOUS
10
3.7824724409448818
20
-4.13503937007874
11
3.7446771653543305
21
-4.13503937007874
0
LINE
8
BLACK
6
CONTINUOUS
10
3.7446771653543305
20
-4.13503937007874
11
3.7439238582677166
21
-4.1348895275590554
0
LINE
8
BLACK
6
CONTINUOUS
10
3.7439238582677166
20
-4.1348895275590554
11
3.7428585039370077
21
-4.1338241732283461
0
LINE
8
BLACK
6
CONTINUOUS
10
3.7428585039370077
20
-4.1338241732283461
11
3.7427086614173226
21
-4.1330708661417326
0
LINE
8
BLACK
6
CONTINUOUS
10
3.7427086614173226
20
-4.1330708661417326
11
3.7427086614173226
21
-4.0952755905511813
0
LINE
8
BLACK
6
CONTINUOUS
10
3.7427086614173226
20
-4.0952755905511813
11
3.7428585039370077
21
-4.0945222834645669
0
LINE
8
BLACK
6
CONTINUOUS
10
3.7428585039370077
20
-4.0945222834645669
11
3.7439238582677166
21
-4.0934569291338585
0
LINE
8
BLACK
6
CONTINUOUS
10
3.7439238582677166
20
-4.0934569291338585
11
3.7446771653543305
21
-4.093307086614173
0
LINE
8
BLACK
6
CONTINUOUS
10
3.7446771653543305
20
-4.093307086614173
11
3.7824724409448818
21
-4.093307086614173
0
LINE
8
BLACK
6
CONTINUOUS
10
3.7824724409448818
20
-4.093307086614173
11
3.7832257480314961
21
-4.0934569291338585
0
LINE
8
BLACK
6
CONTINUOUS
10
3.486526023622047
20
-4.1234081496062993
11
3.4872923622047245
21
-4.1239202362204725
0
LINE
8
BLACK
6
CONTINUOUS
10
3.4872923622047245
20
-4.1239202362204725
11
3.4878044488188977
21
-4.1246865748031496
0
LINE
8
BLACK
6
CONTINUOUS
10
3.4878044488188977
20
-4.1246865748031496
11
3.4879842519685038
21
-4.1255905511811024
0
LINE
8
BLACK
6
CONTINUOUS
10
3.4879842519685038
20
-4.1255905511811024
11
3.4879842519685038
21
-4.1303149606299208
0
LINE
8
BLACK
6
CONTINUOUS
10
3.4879842519685038
20
-4.1303149606299208
11
3.4878044488188977
21
-4.1312189370078736
0
LINE
8
BLACK
6
CONTINUOUS
10
3.4878044488188977
20
-4.1312189370078736
11
3.4872923622047245
21
-4.1319852755905515
0
LINE
8
BLACK
6
CONTINUOUS
10
3.4872923622047245
20
-4.1319852755905515
11
3.486526023622047
21
-4.1324973622047247
0
LINE
8
BLACK
6
CONTINUOUS
10
3.486526023622047
20
-4.1324973622047247
11
3.4856220472440942
21
-4.1326771653543304
0
LINE
8
BLACK
6
CONTINUOUS
10
3.4856220472440942
20
-4.1326771653543304
11
3.4588503937007875
21
-4.1326771653543304
0
LINE
8
BLACK
6
CONTINUOUS
10
3.4588503937007875
20
-4.1326771653543304
11
3.4579464173228347
21
-4.1324973622047247
0
LINE
8
BLACK
6
CONTINUOUS
10
3.4579464173228347
20
-4.1324973622047247
11
3.4571800787401572
21
-4.1319852755905515
0
LINE
8
BLACK
6
CONTINUOUS
10
3.4571800787401572
20
-4.1319852755905515
11
3.456667992125984
21
-4.1312189370078736
0
LINE
8
BLACK
6
CONTINUOUS
10
3.456667992125984
20
-4.1312189370078736
11
3.4564881889763779
21
-4.1303149606299208
0
LINE
8
BLACK
6
CONTINUOUS
10
3.4564881889763779
20
-4.1303149606299208
11
3.4564881889763779
21
-4.1255905511811024
0
LINE
8
BLACK
6
CONTINUOUS
10
3.4564881889763779
20
-4.1255905511811024
11
3.456667992125984
21
-4.1246865748031496
0
LINE
8
BLACK
6
CONTINUOUS
10
3.456667992125984
20
-4.1246865748031496
11
3.4571800787401572
21
-4.1239202362204725
0
LINE
8
BLACK
6
CONTINUOUS
10
3.4571800787401572
20
-4.1239202362204725
11
3.4579464173228347
21
-4.1234081496062993
0
LINE
8
BLACK
6
CONTINUOUS
10
3.4579464173228347
20
-4.1234081496062993
11
3.4588503937007875
21
-4.1232283464566928
0
LINE
8
BLACK
6
CONTINUOUS
10
3.4588503937007875
20
-4.1232283464566928
11
3.4856220472440942
21
-4.1232283464566928
0
LINE
8
BLACK
6
CONTINUOUS
10
3.4856220472440942
20
-4.1232283464566928
11
3.486526023622047
21
-4.1234081496062993
0
LINE
8
BLACK
6
CONTINUOUS
10
3.8408567322834646
20
-4.1234081496062993
11
3.8416230708661416
21
-4.1239202362204725
0
LINE
8
BLACK
6
CONTINUOUS
10
3.8416230708661416
20
-4.1239202362204725
11
3.8421351574803149
21
-4.1246865748031496
0
LINE
8
BLACK
6
CONTINUOUS
10
3.8421351574803149
20
-4.1246865748031496
11
3.8423149606299214
21
-4.1255905511811024
0
LINE
8
BLACK
6
CONTINUOUS
10
3.8423149606299214
20
-4.1255905511811024
11
3.8423149606299214
21
-4.1303149606299208
0
LINE
8
BLACK
6
CONTINUOUS
10
3.8423149606299214
20
-4.1303149606299208
11
3.8421351574803149
21
-4.1312189370078736
0
LINE
8
BLACK
6
CONTINUOUS
10
3.8421351574803149
20
-4.1312189370078736
11
3.8416230708661416
21
-4.1319852755905515
0
LINE
8
BLACK
6
CONTINUOUS
10
3.8416230708661416
20
-4.1319852755905515
11
3.8408567322834646
21
-4.1324973622047247
0
LINE
8
BLACK
6
CONTINUOUS
10
3.8408567322834646
20
-4.1324973622047247
11
3.8399527559055118
21
-4.1326771653543304
0
LINE
8
BLACK
6
CONTINUOUS
10
3.8399527559055118
20
-4.1326771653543304
11
3.8131811023622046
21
-4.1326771653543304
0
LINE
8
BLACK
6
CONTINUOUS
10
3.8131811023622046
20
-4.1326771653543304
11
3.8122771259842518
21
-4.1324973622047247
0
LINE
8
BLACK
6
CONTINUOUS
10
3.8122771259842518
20
-4.1324973622047247
11
3.8115107874015748
21
-4.1319852755905515
0
LINE
8
BLACK
6
CONTINUOUS
10
3.8115107874015748
20
-4.1319852755905515
11
3.8109987007874015
21
-4.1312189370078736
0
LINE
8
BLACK
6
CONTINUOUS
10
3.8109987007874015
20
-4.1312189370078736
11
3.810818897637795
21
-4.1303149606299208
0
LINE
8
BLACK
6
CONTINUOUS
10
3.810818897637795
20
-4.1303149606299208
11
3.810818897637795
21
-4.1255905511811024
0
LINE
8
BLACK
6
CONTINUOUS
10
3.810818897637795
20
-4.1255905511811024
11
3.8109987007874015
21
-4.1246865748031496
0
LINE
8
BLACK
6
CONTINUOUS
10
3.8109987007874015
20
-4.1246865748031496
11
3.8115107874015748
21
-4.1239202362204725
0
LINE
8
BLACK
6
CONTINUOUS
10
3.8115107874015748
20
-4.1239202362204725
11
3.8122771259842518
21
-4.1234081496062993
0
LINE
8
BLACK
6
CONTINUOUS
10
3.8122771259842518
20
-4.1234081496062993
11
3.8131811023622046
21
-4.1232283464566928
0
LINE
8
BLACK
6
CONTINUOUS
10
3.8131811023622046
20
-4.1232283464566928
11
3.8399527559055118
21
-4.1232283464566928
0
LINE
8
BLACK
6
CONTINUOUS
10
3.8399527559055118
20
-4.1232283464566928
11
3.8408567322834646
21
-4.1234081496062993
0
LINE
8
BLACK
6
CONTINUOUS
10
3.486526023622047
20
-4.1037231102362206
11
3.4872923622047245
21
-4.1042351968503938
0
LINE
8
BLACK
6
CONTINUOUS
10
3.4872923622047245
20
-4.1042351968503938
11
3.4878044488188977
21
-4.1050015354330709
0
LINE
8
BLACK
6
CONTINUOUS
10
3.4878044488188977
20
-4.1050015354330709
11
3.4879842519685038
21
-4.1059055118110237
0
LINE
8
BLACK
6
CONTINUOUS
10
3.4879842519685038
20
-4.1059055118110237
11
3.4879842519685038
21
-4.1106299212598421
0
LINE
8
BLACK
6
CONTINUOUS
10
3.4879842519685038
20
-4.1106299212598421
11
3.4878044488188977
21
-4.1115338976377949
0
LINE
8
BLACK
6
CONTINUOUS
10
3.4878044488188977
20
-4.1115338976377949
11
3.4872923622047245
21
-4.1123002362204719
0
LINE
8
BLACK
6
CONTINUOUS
10
3.4872923622047245
20
-4.1123002362204719
11
3.486526023622047
21
-4.1128123228346452
0
LINE
8
BLACK
6
CONTINUOUS
10
3.486526023622047
20
-4.1128123228346452
11
3.4856220472440942
21
-4.1129921259842517
0
LINE
8
BLACK
6
CONTINUOUS
10
3.4856220472440942
20
-4.1129921259842517
11
3.4588503937007875
21
-4.1129921259842517
0
LINE
8
BLACK
6
CONTINUOUS
10
3.4588503937007875
20
-4.1129921259842517
11
3.4579464173228347
21
-4.1128123228346452
0
LINE
8
BLACK
6
CONTINUOUS
10
3.4579464173228347
20
-4.1128123228346452
11
3.4571800787401572
21
-4.1123002362204719
0
LINE
8
BLACK
6
CONTINUOUS
10
3.4571800787401572
20
-4.1123002362204719
11
3.456667992125984
21
-4.1115338976377949
0
LINE
8
BLACK
6
CONTINUOUS
10
3.456667992125984
20
-4.1115338976377949
11
3.4564881889763779
21
-4.1106299212598421
0
LINE
8
BLACK
6
CONTINUOUS
10
3.4564881889763779
20
-4.1106299212598421
11
3.4564881889763779
21
-4.1059055118110237
0
LINE
8
BLACK
6
CONTINUOUS
10
3.4564881889763779
20
-4.1059055118110237
11
3.456667992125984
21
-4.1050015354330709
0
LINE
8
BLACK
6
CONTINUOUS
10
3.456667992125984
20
-4.1050015354330709
11
3.4571800787401572
21
-4.1042351968503938
0
LINE
8
BLACK
6
CONTINUOUS
10
3.4571800787401572
20
-4.1042351968503938
11
3.4579464173228347
21
-4.1037231102362206
0
LINE
8
BLACK
6
CONTINUOUS
10
3.4579464173228347
20
-4.1037231102362206
11
3.4588503937007875
21
-4.1035433070866141
0
LINE
8
BLACK
6
CONTINUOUS
10
3.4588503937007875
20
-4.1035433070866141
11
3.4856220472440942
21
-4.1035433070866141
0
LINE
8
BLACK
6
CONTINUOUS
10
3.4856220472440942
20
-4.1035433070866141
11
3.486526023622047
21
-4.1037231102362206
0
LINE
8
BLACK
6
CONTINUOUS
10
3.8408567322834646
20
-4.1037231102362206
11
3.8416230708661416
21
-4.1042351968503938
0
LINE
8
BLACK
6
CONTINUOUS
10
3.8416230708661416
20
-4.1042351968503938
11
3.8421351574803149
21
-4.1050015354330709
0
LINE
8
BLACK
6
CONTINUOUS
10
3.8421351574803149
20
-4.1050015354330709
11
3.8423149606299214
21
-4.1059055118110237
0
LINE
8
BLACK
6
CONTINUOUS
10
3.8423149606299214
20
-4.1059055118110237
11
3.8423149606299214
21
-4.1106299212598421
0
LINE
8
BLACK
6
CONTINUOUS
10
3.8423149606299214
20
-4.1106299212598421
11
3.8421351574803149
21
-4.1115338976377949
0
LINE
8
BLACK
6
CONTINUOUS
10
3.8421351574803149
20
-4.1115338976377949
11
3.8416230708661416
21
-4.1123002362204719
0
LINE
8
BLACK
6
CONTINUOUS
10
3.8416230708661416
20
-4.1123002362204719
11
3.8408567322834646
21
-4.1128123228346452
0
LINE
8
BLACK
6
CONTINUOUS
10
3.8408567322834646
20
-4.1128123228346452
11
3.8399527559055118
21
-4.1129921259842517
0
LINE
8
BLACK
6
CONTINUOUS
10
3.8399527559055118
20
-4.1129921259842517
11
3.8131811023622046
21
-4.1129921259842517
0
LINE
8
BLACK
6
CONTINUOUS
10
3.8131811023622046
20
-4.1129921259842517
11
3.8122771259842518
21
-4.1128123228346452
0
LINE
8
BLACK
6
CONTINUOUS
10
3.8122771259842518
20
-4.1128123228346452
11
3.8115107874015748
21
-4.1123002362204719
0
LINE
8
BLACK
6
CONTINUOUS
10
3.8115107874015748
20
-4.1123002362204719
11
3.8109987007874015
21
-4.1115338976377949
0
LINE
8
BLACK
6
CONTINUOUS
10
3.8109987007874015
20
-4.1115338976377949
11
3.810818897637795
21
-4.1106299212598421
0
LINE
8
BLACK
6
CONTINUOUS
10
3.810818897637795
20
-4.1106299212598421
11
3.810818897637795
21
-4.1059055118110237
0
LINE
8
BLACK
6
CONTINUOUS
10
3.810818897637795
20
-4.1059055118110237
11
3.8109987007874015
21
-4.1050015354330709
0
LINE
8
BLACK
6
CONTINUOUS
10
3.8109987007874015
20
-4.1050015354330709
11
3.8115107874015748
21
-4.1042351968503938
0
LINE
8
BLACK
6
CONTINUOUS
10
3.8115107874015748
20
-4.1042351968503938
11
3.8122771259842518
21
-4.1037231102362206
0
LINE
8
BLACK
6
CONTINUOUS
10
3.8122771259842518
20
-4.1037231102362206
11
3.8131811023622046
21
-4.1035433070866141
0
LINE
8
BLACK
6
CONTINUOUS
10
3.8131811023622046
20
-4.1035433070866141
11
3.8399527559055118
21
-4.1035433070866141
0
LINE
8
BLACK
6
CONTINUOUS
10
3.8399527559055118
20
-4.1035433070866141
11
3.8408567322834646
21
-4.1037231102362206
0
LINE
8
BLACK
6
CONTINUOUS
10
3.486526023622047
20
-4.0840380708661419
11
3.4872923622047245
21
-4.0845501574803151
0
LINE
8
BLACK
6
CONTINUOUS
10
3.4872923622047245
20
-4.0845501574803151
11
3.4878044488188977
21
-4.0853164960629922
0
LINE
8
BLACK
6
CONTINUOUS
10
3.4878044488188977
20
-4.0853164960629922
11
3.4879842519685038
21
-4.086220472440945
0
LINE
8
BLACK
6
CONTINUOUS
10
3.4879842519685038
20
-4.086220472440945
11
3.4879842519685038
21
-4.0909448818897634
0
LINE
8
BLACK
6
CONTINUOUS
10
3.4879842519685038
20
-4.0909448818897634
11
3.4878044488188977
21
-4.0918488582677162
0
LINE
8
BLACK
6
CONTINUOUS
10
3.4878044488188977
20
-4.0918488582677162
11
3.4872923622047245
21
-4.0926151968503932
0
LINE
8
BLACK
6
CONTINUOUS
10
3.4872923622047245
20
-4.0926151968503932
11
3.486526023622047
21
-4.0931272834645664
0
LINE
8
BLACK
6
CONTINUOUS
10
3.486526023622047
20
-4.0931272834645664
11
3.4856220472440942
21
-4.093307086614173
0
LINE
8
BLACK
6
CONTINUOUS
10
3.4856220472440942
20
-4.093307086614173
11
3.4588503937007875
21
-4.093307086614173
0
LINE
8
BLACK
6
CONTINUOUS
10
3.4588503937007875
20
-4.093307086614173
11
3.4579464173228347
21
-4.0931272834645664
0
LINE
8
BLACK
6
CONTINUOUS
10
3.4579464173228347
20
-4.0931272834645664
11
3.4571800787401572
21
-4.0926151968503932
0
LINE
8
BLACK
6
CONTINUOUS
10
3.4571800787401572
20
-4.0926151968503932
11
3.456667992125984
21
-4.0918488582677162
0
LINE
8
BLACK
6
CONTINUOUS
10
3.456667992125984
20
-4.0918488582677162
11
3.4564881889763779
21
-4.0909448818897634
0
LINE
8
BLACK
6
CONTINUOUS
10
3.4564881889763779
20
-4.0909448818897634
11
3.4564881889763779
21
-4.086220472440945
0
LINE
8
BLACK
6
CONTINUOUS
10
3.4564881889763779
20
-4.086220472440945
11
3.456667992125984
21
-4.0853164960629922
0
LINE
8
BLACK
6
CONTINUOUS
10
3.456667992125984
20
-4.0853164960629922
11
3.4571800787401572
21
-4.0845501574803151
0
LINE
8
BLACK
6
CONTINUOUS
10
3.4571800787401572
20
-4.0845501574803151
11
3.4579464173228347
21
-4.0840380708661419
0
LINE
8
BLACK
6
CONTINUOUS
10
3.4579464173228347
20
-4.0840380708661419
11
3.4588503937007875
21
-4.0838582677165354
0
LINE
8
BLACK
6
CONTINUOUS
10
3.4588503937007875
20
-4.0838582677165354
11
3.4856220472440942
21
-4.0838582677165354
0
LINE
8
BLACK
6
CONTINUOUS
10
3.4856220472440942
20
-4.0838582677165354
11
3.486526023622047
21
-4.0840380708661419
0
LINE
8
BLACK
6
CONTINUOUS
10
3.8408567322834646
20
-4.0840380708661419
11
3.8416230708661416
21
-4.0845501574803151
0
LINE
8
BLACK
6
CONTINUOUS
10
3.8416230708661416
20
-4.0845501574803151
11
3.8421351574803149
21
-4.0853164960629922
0
LINE
8
BLACK
6
CONTINUOUS
10
3.8421351574803149
20
-4.0853164960629922
11
3.8423149606299214
21
-4.086220472440945
0
LINE
8
BLACK
6
CONTINUOUS
10
3.8423149606299214
20
-4.086220472440945
11
3.8423149606299214
21
-4.0909448818897634
0
LINE
8
BLACK
6
CONTINUOUS
10
3.8423149606299214
20
-4.0909448818897634
11
3.8421351574803149
21
-4.0918488582677162
0
LINE
8
BLACK
6
CONTINUOUS
10
3.8421351574803149
20
-4.0918488582677162
11
3.8416230708661416
21
-4.0926151968503932
0
LINE
8
BLACK
6
CONTINUOUS
10
3.8416230708661416
20
-4.0926151968503932
11
3.8408567322834646
21
-4.0931272834645664
0
LINE
8
BLACK
6
CONTINUOUS
10
3.8408567322834646
20
-4.0931272834645664
11
3.8399527559055118
21
-4.093307086614173
0
LINE
8
BLACK
6
CONTINUOUS
10
3.8399527559055118
20
-4.093307086614173
11
3.8131811023622046
21
-4.093307086614173
0
LINE
8
BLACK
6
CONTINUOUS
10
3.8131811023622046
20
-4.093307086614173
11
3.8122771259842518
21
-4.0931272834645664
0
LINE
8
BLACK
6
CONTINUOUS
10
3.8122771259842518
20
-4.0931272834645664
11
3.8115107874015748
21
-4.0926151968503932
0
LINE
8
BLACK
6
CONTINUOUS
10
3.8115107874015748
20
-4.0926151968503932
11
3.8109987007874015
21
-4.0918488582677162
0
LINE
8
BLACK
6
CONTINUOUS
10
3.8109987007874015
20
-4.0918488582677162
11
3.810818897637795
21
-4.0909448818897634
0
LINE
8
BLACK
6
CONTINUOUS
10
3.810818897637795
20
-4.0909448818897634
11
3.810818897637795
21
-4.086220472440945
0
LINE
8
BLACK
6
CONTINUOUS
10
3.810818897637795
20
-4.086220472440945
11
3.8109987007874015
21
-4.0853164960629922
0
LINE
8
BLACK
6
CONTINUOUS
10
3.8109987007874015
20
-4.0853164960629922
11
3.8115107874015748
21
-4.0845501574803151
0
LINE
8
BLACK
6
CONTINUOUS
10
3.8115107874015748
20
-4.0845501574803151
11
3.8122771259842518
21
-4.0840380708661419
0
LINE
8
BLACK
6
CONTINUOUS
10
3.8122771259842518
20
-4.0840380708661419
11
3.8131811023622046
21
-4.0838582677165354
0
LINE
8
BLACK
6
CONTINUOUS
10
3.8131811023622046
20
-4.0838582677165354
11
3.8399527559055118
21
-4.0838582677165354
0
LINE
8
BLACK
6
CONTINUOUS
10
3.8399527559055118
20
-4.0838582677165354
11
3.8408567322834646
21
-4.0840380708661419
0
LINE
8
BLACK
6
CONTINUOUS
10
3.5548792913385827
20
-4.0477876377952757
11
3.5559446456692911
21
-4.0488529921259842
0
LINE
8
BLACK
6
CONTINUOUS
10
3.5559446456692911
20
-4.0488529921259842
11
3.5560944881889762
21
-4.0496062992125985
0
LINE
8
BLACK
6
CONTINUOUS
10
3.5560944881889762
20
-4.0496062992125985
11
3.5560944881889762
21
-4.0874015748031498
0
LINE
8
BLACK
6
CONTINUOUS
10
3.5560944881889762
20
-4.0874015748031498
11
3.5559446456692911
21
-4.0881548818897633
0
LINE
8
BLACK
6
CONTINUOUS
10
3.5559446456692911
20
-4.0881548818897633
11
3.5548792913385827
21
-4.0892202362204726
0
LINE
8
BLACK
6
CONTINUOUS
10
3.5548792913385827
20
-4.0892202362204726
11
3.5541259842519684
21
-4.0893700787401572
0
LINE
8
BLACK
6
CONTINUOUS
10
3.5541259842519684
20
-4.0893700787401572
11
3.5163307086614171
21
-4.0893700787401572
0
LINE
8
BLACK
6
CONTINUOUS
10
3.5163307086614171
20
-4.0893700787401572
11
3.5155774015748031
21
-4.0892202362204726
0
LINE
8
BLACK
6
CONTINUOUS
10
3.5155774015748031
20
-4.0892202362204726
11
3.5145120472440943
21
-4.0881548818897633
0
LINE
8
BLACK
6
CONTINUOUS
10
3.5145120472440943
20
-4.0881548818897633
11
3.5143622047244092
21
-4.0874015748031498
0
LINE
8
BLACK
6
CONTINUOUS
10
3.5143622047244092
20
-4.0874015748031498
11
3.5143622047244092
21
-4.0496062992125985
0
LINE
8
BLACK
6
CONTINUOUS
10
3.5143622047244092
20
-4.0496062992125985
11
3.5145120472440943
21
-4.0488529921259842
0
LINE
8
BLACK
6
CONTINUOUS
10
3.5145120472440943
20
-4.0488529921259842
11
3.5155774015748031
21
-4.0477876377952757
0
LINE
8
BLACK
6
CONTINUOUS
10
3.5155774015748031
20
-4.0477876377952757
11
3.5163307086614171
21
-4.0476377952755902
0
LINE
8
BLACK
6
CONTINUOUS
10
3.5163307086614171
20
-4.0476377952755902
11
3.5541259842519684
21
-4.0476377952755902
0
LINE
8
BLACK
6
CONTINUOUS
10
3.5541259842519684
20
-4.0476377952755902
11
3.5548792913385827
21
-4.0477876377952757
0
LINE
8
BLACK
6
CONTINUOUS
10
3.6005485826771655
20
-4.0477876377952757
11
3.6016139370078739
21
-4.0488529921259842
0
LINE
8
BLACK
6
CONTINUOUS
10
3.6016139370078739
20
-4.0488529921259842
11
3.601763779527559
21
-4.0496062992125985
0
LINE
8
BLACK
6
CONTINUOUS
10
3.601763779527559
20
-4.0496062992125985
11
3.601763779527559
21
-4.0874015748031498
0
LINE
8
BLACK
6
CONTINUOUS
10
3.601763779527559
20
-4.0874015748031498
11
3.6016139370078739
21
-4.0881548818897633
0
LINE
8
BLACK
6
CONTINUOUS
10
3.6016139370078739
20
-4.0881548818897633
11
3.6005485826771655
21
-4.0892202362204726
0
LINE
8
BLACK
6
CONTINUOUS
10
3.6005485826771655
20
-4.0892202362204726
11
3.5997952755905511
21
-4.0893700787401572
0
LINE
8
BLACK
6
CONTINUOUS
10
3.5997952755905511
20
-4.0893700787401572
11
3.5619999999999998
21
-4.0893700787401572
0
LINE
8
BLACK
6
CONTINUOUS
10
3.5619999999999998
20
-4.0893700787401572
11
3.5612466929133859
21
-4.0892202362204726
0
LINE
8
BLACK
6
CONTINUOUS
10
3.5612466929133859
20
-4.0892202362204726
11
3.560181338582677
21
-4.0881548818897633
0
LINE
8
BLACK
6
CONTINUOUS
10
3.560181338582677
20
-4.0881548818897633
11
3.560031496062992
21
-4.0874015748031498
0
LINE
8
BLACK
6
CONTINUOUS
10
3.560031496062992
20
-4.0874015748031498
11
3.560031496062992
21
-4.0496062992125985
0
LINE
8
BLACK
6
CONTINUOUS
10
3.560031496062992
20
-4.0496062992125985
11
3.560181338582677
21
-4.0488529921259842
0
LINE
8
BLACK
6
CONTINUOUS
10
3.560181338582677
20
-4.0488529921259842
11
3.5612466929133859
21
-4.0477876377952757
0
LINE
8
BLACK
6
CONTINUOUS
10
3.5612466929133859
20
-4.0477876377952757
11
3.5619999999999998
21
-4.0476377952755902
0
LINE
8
BLACK
6
CONTINUOUS
10
3.5619999999999998
20
-4.0476377952755902
11
3.5997952755905511
21
-4.0476377952755902
0
LINE
8
BLACK
6
CONTINUOUS
10
3.5997952755905511
20
-4.0476377952755902
11
3.6005485826771655
21
-4.0477876377952757
0
LINE
8
BLACK
6
CONTINUOUS
10
3.6462178740157478
20
-4.0477876377952757
11
3.6472832283464567
21
-4.0488529921259842
0
LINE
8
BLACK
6
CONTINUOUS
10
3.6472832283464567
20
-4.0488529921259842
11
3.6474330708661418
21
-4.0496062992125985
0
LINE
8
BLACK
6
CONTINUOUS
10
3.6474330708661418
20
-4.0496062992125985
11
3.6474330708661418
21
-4.0874015748031498
0
LINE
8
BLACK
6
CONTINUOUS
10
3.6474330708661418
20
-4.0874015748031498
11
3.6472832283464567
21
-4.0881548818897633
0
LINE
8
BLACK
6
CONTINUOUS
10
3.6472832283464567
20
-4.0881548818897633
11
3.6462178740157478
21
-4.0892202362204726
0
LINE
8
BLACK
6
CONTINUOUS
10
3.6462178740157478
20
-4.0892202362204726
11
3.6454645669291339
21
-4.0893700787401572
0
LINE
8
BLACK
6
CONTINUOUS
10
3.6454645669291339
20
-4.0893700787401572
11
3.6076692913385826
21
-4.0893700787401572
0
LINE
8
BLACK
6
CONTINUOUS
10
3.6076692913385826
20
-4.0893700787401572
11
3.6069159842519682
21
-4.0892202362204726
0
LINE
8
BLACK
6
CONTINUOUS
10
3.6069159842519682
20
-4.0892202362204726
11
3.6058506299212598
21
-4.0881548818897633
0
LINE
8
BLACK
6
CONTINUOUS
10
3.6058506299212598
20
-4.0881548818897633
11
3.6057007874015747
21
-4.0874015748031498
0
LINE
8
BLACK
6
CONTINUOUS
10
3.6057007874015747
20
-4.0874015748031498
11
3.6057007874015747
21
-4.0496062992125985
0
LINE
8
BLACK
6
CONTINUOUS
10
3.6057007874015747
20
-4.0496062992125985
11
3.6058506299212598
21
-4.0488529921259842
0
LINE
8
BLACK
6
CONTINUOUS
10
3.6058506299212598
20
-4.0488529921259842
11
3.6069159842519682
21
-4.0477876377952757
0
LINE
8
BLACK
6
CONTINUOUS
10
3.6069159842519682
20
-4.0477876377952757
11
3.6076692913385826
21
-4.0476377952755902
0
LINE
8
BLACK
6
CONTINUOUS
10
3.6076692913385826
20
-4.0476377952755902
11
3.6454645669291339
21
-4.0476377952755902
0
LINE
8
BLACK
6
CONTINUOUS
10
3.6454645669291339
20
-4.0476377952755902
11
3.6462178740157478
21
-4.0477876377952757
0
LINE
8
BLACK
6
CONTINUOUS
10
3.6918871653543306
20
-4.0477876377952757
11
3.6929525196850395
21
-4.0488529921259842
0
LINE
8
BLACK
6
CONTINUOUS
10
3.6929525196850395
20
-4.0488529921259842
11
3.6931023622047245
21
-4.0496062992125985
0
LINE
8
BLACK
6
CONTINUOUS
10
3.6931023622047245
20
-4.0496062992125985
11
3.6931023622047245
21
-4.0874015748031498
0
LINE
8
BLACK
6
CONTINUOUS
10
3.6931023622047245
20
-4.0874015748031498
11
3.6929525196850395
21
-4.0881548818897633
0
LINE
8
BLACK
6
CONTINUOUS
10
3.6929525196850395
20
-4.0881548818897633
11
3.6918871653543306
21
-4.0892202362204726
0
LINE
8
BLACK
6
CONTINUOUS
10
3.6918871653543306
20
-4.0892202362204726
11
3.6911338582677167
21
-4.0893700787401572
0
LINE
8
BLACK
6
CONTINUOUS
10
3.6911338582677167
20
-4.0893700787401572
11
3.6533385826771654
21
-4.0893700787401572
0
LINE
8
BLACK
6
CONTINUOUS
10
3.6533385826771654
20
-4.0893700787401572
11
3.652585275590551
21
-4.0892202362204726
0
LINE
8
BLACK
6
CONTINUOUS
10
3.652585275590551
20
-4.0892202362204726
11
3.6515199212598426
21
-4.0881548818897633
0
LINE
8
BLACK
6
CONTINUOUS
10
3.6515199212598426
20
-4.0881548818897633
11
3.6513700787401575
21
-4.0874015748031498
0
LINE
8
BLACK
6
CONTINUOUS
10
3.6513700787401575
20
-4.0874015748031498
11
3.6513700787401575
21
-4.0496062992125985
0
LINE
8
BLACK
6
CONTINUOUS
10
3.6513700787401575
20
-4.0496062992125985
11
3.6515199212598426
21
-4.0488529921259842
0
LINE
8
BLACK
6
CONTINUOUS
10
3.6515199212598426
20
-4.0488529921259842
11
3.652585275590551
21
-4.0477876377952757
0
LINE
8
BLACK
6
CONTINUOUS
10
3.652585275590551
20
-4.0477876377952757
11
3.6533385826771654
21
-4.0476377952755902
0
LINE
8
BLACK
6
CONTINUOUS
10
3.6533385826771654
20
-4.0476377952755902
11
3.6911338582677167
21
-4.0476377952755902
0
LINE
8
BLACK
6
CONTINUOUS
10
3.6911338582677167
20
-4.0476377952755902
11
3.6918871653543306
21
-4.0477876377952757
0
LINE
8
BLACK
6
CONTINUOUS
10
3.7375564566929134
20
-4.0477876377952757
11
3.7386218110236218
21
-4.0488529921259842
0
LINE
8
BLACK
6
CONTINUOUS
10
3.7386218110236218
20
-4.0488529921259842
11
3.7387716535433069
21
-4.0496062992125985
0
LINE
8
BLACK
6
CONTINUOUS
10
3.7387716535433069
20
-4.0496062992125985
11
3.7387716535433069
21
-4.0874015748031498
0
LINE
8
BLACK
6
CONTINUOUS
10
3.7387716535433069
20
-4.0874015748031498
11
3.7386218110236218
21
-4.0881548818897633
0
LINE
8
BLACK
6
CONTINUOUS
10
3.7386218110236218
20
-4.0881548818897633
11
3.7375564566929134
21
-4.0892202362204726
0
LINE
8
BLACK
6
CONTINUOUS
10
3.7375564566929134
20
-4.0892202362204726
11
3.736803149606299
21
-4.0893700787401572
0
LINE
8
BLACK
6
CONTINUOUS
10
3.736803149606299
20
-4.0893700787401572
11
3.6990078740157482
21
-4.0893700787401572
0
LINE
8
BLACK
6
CONTINUOUS
10
3.6990078740157482
20
-4.0893700787401572
11
3.6982545669291338
21
-4.0892202362204726
0
LINE
8
BLACK
6
CONTINUOUS
10
3.6982545669291338
20
-4.0892202362204726
11
3.6971892125984249
21
-4.0881548818897633
0
LINE
8
BLACK
6
CONTINUOUS
10
3.6971892125984249
20
-4.0881548818897633
11
3.6970393700787403
21
-4.0874015748031498
0
LINE
8
BLACK
6
CONTINUOUS
10
3.6970393700787403
20
-4.0874015748031498
11
3.6970393700787403
21
-4.0496062992125985
0
LINE
8
BLACK
6
CONTINUOUS
10
3.6970393700787403
20
-4.0496062992125985
11
3.6971892125984249
21
-4.0488529921259842
0
LINE
8
BLACK
6
CONTINUOUS
10
3.6971892125984249
20
-4.0488529921259842
11
3.6982545669291338
21
-4.0477876377952757
0
LINE
8
BLACK
6
CONTINUOUS
10
3.6982545669291338
20
-4.0477876377952757
11
3.6990078740157482
21
-4.0476377952755902
0
LINE
8
BLACK
6
CONTINUOUS
10
3.6990078740157482
20
-4.0476377952755902
11
3.736803149606299
21
-4.0476377952755902
0
LINE
8
BLACK
6
CONTINUOUS
10
3.736803149606299
20
-4.0476377952755902
11
3.7375564566929134
21
-4.0477876377952757
0
LINE
8
BLACK
6
CONTINUOUS
10
3.7832257480314961
20
-4.0477876377952757
11
3.7842911023622046
21
-4.0488529921259842
0
LINE
8
BLACK
6
CONTINUOUS
10
3.7842911023622046
20
-4.0488529921259842
11
3.7844409448818896
21
-4.0496062992125985
0
LINE
8
BLACK
6
CONTINUOUS
10
3.7844409448818896
20
-4.0496062992125985
11
3.7844409448818896
21
-4.0874015748031498
0
LINE
8
BLACK
6
CONTINUOUS
10
3.7844409448818896
20
-4.0874015748031498
11
3.7842911023622046
21
-4.0881548818897633
0
LINE
8
BLACK
6
CONTINUOUS
10
3.7842911023622046
20
-4.0881548818897633
11
3.7832257480314961
21
-4.0892202362204726
0
LINE
8
BLACK
6
CONTINUOUS
10
3.7832257480314961
20
-4.0892202362204726
11
3.7824724409448818
21
-4.0893700787401572
0
LINE
8
BLACK
6
CONTINUOUS
10
3.7824724409448818
20
-4.0893700787401572
11
3.7446771653543305
21
-4.0893700787401572
0
LINE
8
BLACK
6
CONTINUOUS
10
3.7446771653543305
20
-4.0893700787401572
11
3.7439238582677166
21
-4.0892202362204726
0
LINE
8
BLACK
6
CONTINUOUS
10
3.7439238582677166
20
-4.0892202362204726
11
3.7428585039370077
21
-4.0881548818897633
0
LINE
8
BLACK
6
CONTINUOUS
10
3.7428585039370077
20
-4.0881548818897633
11
3.7427086614173226
21
-4.0874015748031498
0
LINE
8
BLACK
6
CONTINUOUS
10
3.7427086614173226
20
-4.0874015748031498
11
3.7427086614173226
21
-4.0496062992125985
0
LINE
8
BLACK
6
CONTINUOUS
10
3.7427086614173226
20
-4.0496062992125985
11
3.7428585039370077
21
-4.0488529921259842
0
LINE
8
BLACK
6
CONTINUOUS
10
3.7428585039370077
20
-4.0488529921259842
11
3.7439238582677166
21
-4.0477876377952757
0
LINE
8
BLACK
6
CONTINUOUS
10
3.7439238582677166
20
-4.0477876377952757
11
3.7446771653543305
21
-4.0476377952755902
0
LINE
8
BLACK
6
CONTINUOUS
10
3.7446771653543305
20
-4.0476377952755902
11
3.7824724409448818
21
-4.0476377952755902
0
LINE
8
BLACK
6
CONTINUOUS
10
3.7824724409448818
20
-4.0476377952755902
11
3.7832257480314961
21
-4.0477876377952757
0
LINE
8
BLACK
6
CONTINUOUS
10
3.486526023622047
20
-4.0643530314960632
11
3.4872923622047245
21
-4.0648651181102364
0
LINE
8
BLACK
6
CONTINUOUS
10
3.4872923622047245
20
-4.0648651181102364
11
3.4878044488188977
21
-4.0656314566929135
0
LINE
8
BLACK
6
CONTINUOUS
10
3.4878044488188977
20
-4.0656314566929135
11
3.4879842519685038
21
-4.0665354330708663
0
LINE
8
BLACK
6
CONTINUOUS
10
3.4879842519685038
20
-4.0665354330708663
11
3.4879842519685038
21
-4.0712598425196846
0
LINE
8
BLACK
6
CONTINUOUS
10
3.4879842519685038
20
-4.0712598425196846
11
3.4878044488188977
21
-4.0721638188976375
0
LINE
8
BLACK
6
CONTINUOUS
10
3.4878044488188977
20
-4.0721638188976375
11
3.4872923622047245
21
-4.0729301574803145
0
LINE
8
BLACK
6
CONTINUOUS
10
3.4872923622047245
20
-4.0729301574803145
11
3.486526023622047
21
-4.0734422440944877
0
LINE
8
BLACK
6
CONTINUOUS
10
3.486526023622047
20
-4.0734422440944877
11
3.4856220472440942
21
-4.0736220472440943
0
LINE
8
BLACK
6
CONTINUOUS
10
3.4856220472440942
20
-4.0736220472440943
11
3.4588503937007875
21
-4.0736220472440943
0
LINE
8
BLACK
6
CONTINUOUS
10
3.4588503937007875
20
-4.0736220472440943
11
3.4579464173228347
21
-4.0734422440944877
0
LINE
8
BLACK
6
CONTINUOUS
10
3.4579464173228347
20
-4.0734422440944877
11
3.4571800787401572
21
-4.0729301574803145
0
LINE
8
BLACK
6
CONTINUOUS
10
3.4571800787401572
20
-4.0729301574803145
11
3.456667992125984
21
-4.0721638188976375
0
LINE
8
BLACK
6
CONTINUOUS
10
3.456667992125984
20
-4.0721638188976375
11
3.4564881889763779
21
-4.0712598425196846
0
LINE
8
BLACK
6
CONTINUOUS
10
3.4564881889763779
20
-4.0712598425196846
11
3.4564881889763779
21
-4.0665354330708663
0
LINE
8
BLACK
6
CONTINUOUS
10
3.4564881889763779
20
-4.0665354330708663
11
3.456667992125984
21
-4.0656314566929135
0
LINE
8
BLACK
6
CONTINUOUS
10
3.456667992125984
20
-4.0656314566929135
11
3.4571800787401572
21
-4.0648651181102364
0
LINE
8
BLACK
6
CONTINUOUS
10
3.4571800787401572
20
-4.0648651181102364
11
3.4579464173228347
21
-4.0643530314960632
0
LINE
8
BLACK
6
CONTINUOUS
10
3.4579464173228347
20
-4.0643530314960632
11
3.4588503937007875
21
-4.0641732283464567
0
LINE
8
BLACK
6
CONTINUOUS
10
3.4588503937007875
20
-4.0641732283464567
11
3.4856220472440942
21
-4.0641732283464567
0
LINE
8
BLACK
6
CONTINUOUS
10
3.4856220472440942
20
-4.0641732283464567
11
3.486526023622047
21
-4.0643530314960632
0
LINE
8
BLACK
6
CONTINUOUS
10
3.8408567322834646
20
-4.0643530314960632
11
3.8416230708661416
21
-4.0648651181102364
0
LINE
8
BLACK
6
CONTINUOUS
10
3.8416230708661416
20
-4.0648651181102364
11
3.8421351574803149
21
-4.0656314566929135
0
LINE
8
BLACK
6
CONTINUOUS
10
3.8421351574803149
20
-4.0656314566929135
11
3.8423149606299214
21
-4.0665354330708663
0
LINE
8
BLACK
6
CONTINUOUS
10
3.8423149606299214
20
-4.0665354330708663
11
3.8423149606299214
21
-4.0712598425196846
0
LINE
8
BLACK
6
CONTINUOUS
10
3.8423149606299214
20
-4.0712598425196846
11
3.8421351574803149
21
-4.0721638188976375
0
LINE
8
BLACK
6
CONTINUOUS
10
3.8421351574803149
20
-4.0721638188976375
11
3.8416230708661416
21
-4.0729301574803145
0
LINE
8
BLACK
6
CONTINUOUS
10
3.8416230708661416
20
-4.0729301574803145
11
3.8408567322834646
21
-4.0734422440944877
0
LINE
8
BLACK
6
CONTINUOUS
10
3.8408567322834646
20
-4.0734422440944877
11
3.8399527559055118
21
-4.0736220472440943
0
LINE
8
BLACK
6
CONTINUOUS
10
3.8399527559055118
20
-4.0736220472440943
11
3.8131811023622046
21
-4.0736220472440943
0
LINE
8
BLACK
6
CONTINUOUS
10
3.8131811023622046
20
-4.0736220472440943
11
3.8122771259842518
21
-4.0734422440944877
0
LINE
8
BLACK
6
CONTINUOUS
10
3.8122771259842518
20
-4.0734422440944877
11
3.8115107874015748
21
-4.0729301574803145
0
LINE
8
BLACK
6
CONTINUOUS
10
3.8115107874015748
20
-4.0729301574803145
11
3.8109987007874015
21
-4.0721638188976375
0
LINE
8
BLACK
6
CONTINUOUS
10
3.8109987007874015
20
-4.0721638188976375
11
3.810818897637795
21
-4.0712598425196846
0
LINE
8
BLACK
6
CONTINUOUS
10
3.810818897637795
20
-4.0712598425196846
11
3.810818897637795
21
-4.0665354330708663
0
LINE
8
BLACK
6
CONTINUOUS
10
3.810818897637795
20
-4.0665354330708663
11
3.8109987007874015
21
-4.0656314566929135
0
LINE
8
BLACK
6
CONTINUOUS
10
3.8109987007874015
20
-4.0656314566929135
11
3.8115107874015748
21
-4.0648651181102364
0
LINE
8
BLACK
6
CONTINUOUS
10
3.8115107874015748
20
-4.0648651181102364
11
3.8122771259842518
21
-4.0643530314960632
0
LINE
8
BLACK
6
CONTINUOUS
10
3.8122771259842518
20
-4.0643530314960632
11
3.8131811023622046
21
-4.0641732283464567
0
LINE
8
BLACK
6
CONTINUOUS
10
3.8131811023622046
20
-4.0641732283464567
11
3.8399527559055118
21
-4.0641732283464567
0
LINE
8
BLACK
6
CONTINUOUS
10
3.8399527559055118
20
-4.0641732283464567
11
3.8408567322834646
21
-4.0643530314960632
0
LINE
8
BLACK
6
CONTINUOUS
10
3.486526023622047
20
-4.0446679921259845
11
3.4872923622047245
21
-4.0451800787401577
0
LINE
8
BLACK
6
CONTINUOUS
10
3.4872923622047245
20
-4.0451800787401577
11
3.4878044488188977
21
-4.0459464173228348
0
LINE
8
BLACK
6
CONTINUOUS
10
3.4878044488188977
20
-4.0459464173228348
11
3.4879842519685038
21
-4.0468503937007876
0
LINE
8
BLACK
6
CONTINUOUS
10
3.4879842519685038
20
-4.0468503937007876
11
3.4879842519685038
21
-4.0515748031496059
0
LINE
8
BLACK
6
CONTINUOUS
10
3.4879842519685038
20
-4.0515748031496059
11
3.4878044488188977
21
-4.0524787795275587
0
LINE
8
BLACK
6
CONTINUOUS
10
3.4878044488188977
20
-4.0524787795275587
11
3.4872923622047245
21
-4.0532451181102358
0
LINE
8
BLACK
6
CONTINUOUS
10
3.4872923622047245
20
-4.0532451181102358
11
3.486526023622047
21
-4.053757204724409
0
LINE
8
BLACK
6
CONTINUOUS
10
3.486526023622047
20
-4.053757204724409
11
3.4856220472440942
21
-4.0539370078740156
0
LINE
8
BLACK
6
CONTINUOUS
10
3.4856220472440942
20
-4.0539370078740156
11
3.4588503937007875
21
-4.0539370078740156
0
LINE
8
BLACK
6
CONTINUOUS
10
3.4588503937007875
20
-4.0539370078740156
11
3.4579464173228347
21
-4.053757204724409
0
LINE
8
BLACK
6
CONTINUOUS
10
3.4579464173228347
20
-4.053757204724409
11
3.4571800787401572
21
-4.0532451181102358
0
LINE
8
BLACK
6
CONTINUOUS
10
3.4571800787401572
20
-4.0532451181102358
11
3.456667992125984
21
-4.0524787795275587
0
LINE
8
BLACK
6
CONTINUOUS
10
3.456667992125984
20
-4.0524787795275587
11
3.4564881889763779
21
-4.0515748031496059
0
LINE
8
BLACK
6
CONTINUOUS
10
3.4564881889763779
20
-4.0515748031496059
11
3.4564881889763779
21
-4.0468503937007876
0
LINE
8
BLACK
6
CONTINUOUS
10
3.4564881889763779
20
-4.0468503937007876
11
3.456667992125984
21
-4.0459464173228348
0
LINE
8
BLACK
6
CONTINUOUS
10
3.456667992125984
20
-4.0459464173228348
11
3.4571800787401572
21
-4.0451800787401577
0
LINE
8
BLACK
6
CONTINUOUS
10
3.4571800787401572
20
-4.0451800787401577
11
3.4579464173228347
21
-4.0446679921259845
0
LINE
8
BLACK
6
CONTINUOUS
10
3.4579464173228347
20
-4.0446679921259845
11
3.4588503937007875
21
-4.044488188976378
0
LINE
8
BLACK
6
CONTINUOUS
10
3.4588503937007875
20
-4.044488188976378
11
3.4856220472440942
21
-4.044488188976378
0
LINE
8
BLACK
6
CONTINUOUS
10
3.4856220472440942
20
-4.044488188976378
11
3.486526023622047
21
-4.0446679921259845
0
LINE
8
BLACK
6
CONTINUOUS
10
3.8408567322834646
20
-4.0446679921259845
11
3.8416230708661416
21
-4.0451800787401577
0
LINE
8
BLACK
6
CONTINUOUS
10
3.8416230708661416
20
-4.0451800787401577
11
3.8421351574803149
21
-4.0459464173228348
0
LINE
8
BLACK
6
CONTINUOUS
10
3.8421351574803149
20
-4.0459464173228348
11
3.8423149606299214
21
-4.0468503937007876
0
LINE
8
BLACK
6
CONTINUOUS
10
3.8423149606299214
20
-4.0468503937007876
11
3.8423149606299214
21
-4.0515748031496059
0
LINE
8
BLACK
6
CONTINUOUS
10
3.8423149606299214
20
-4.0515748031496059
11
3.8421351574803149
21
-4.0524787795275587
0
LINE
8
BLACK
6
CONTINUOUS
10
3.8421351574803149
20
-4.0524787795275587
11
3.8416230708661416
21
-4.0532451181102358
0
LINE
8
BLACK
6
CONTINUOUS
10
3.8416230708661416
20
-4.0532451181102358
11
3.8408567322834646
21
-4.053757204724409
0
LINE
8
BLACK
6
CONTINUOUS
10
3.8408567322834646
20
-4.053757204724409
11
3.8399527559055118
21
-4.0539370078740156
0
LINE
8
BLACK
6
CONTINUOUS
10
3.8399527559055118
20
-4.0539370078740156
11
3.8131811023622046
21
-4.0539370078740156
0
LINE
8
BLACK
6
CONTINUOUS
10
3.8131811023622046
20
-4.0539370078740156
11
3.8122771259842518
21
-4.053757204724409
0
LINE
8
BLACK
6
CONTINUOUS
10
3.8122771259842518
20
-4.053757204724409
11
3.8115107874015748
21
-4.0532451181102358
0
LINE
8
BLACK
6
CONTINUOUS
10
3.8115107874015748
20
-4.0532451181102358
11
3.8109987007874015
21
-4.0524787795275587
0
LINE
8
BLACK
6
CONTINUOUS
10
3.8109987007874015
20
-4.0524787795275587
11
3.810818897637795
21
-4.0515748031496059
0
LINE
8
BLACK
6
CONTINUOUS
10
3.810818897637795
20
-4.0515748031496059
11
3.810818897637795
21
-4.0468503937007876
0
LINE
8
BLACK
6
CONTINUOUS
10
3.810818897637795
20
-4.0468503937007876
11
3.8109987007874015
21
-4.0459464173228348
0
LINE
8
BLACK
6
CONTINUOUS
10
3.8109987007874015
20
-4.0459464173228348
11
3.8115107874015748
21
-4.0451800787401577
0
LINE
8
BLACK
6
CONTINUOUS
10
3.8115107874015748
20
-4.0451800787401577
11
3.8122771259842518
21
-4.0446679921259845
0
LINE
8
BLACK
6
CONTINUOUS
10
3.8122771259842518
20
-4.0446679921259845
11
3.8131811023622046
21
-4.044488188976378
0
LINE
8
BLACK
6
CONTINUOUS
10
3.8131811023622046
20
-4.044488188976378
11
3.8399527559055118
21
-4.044488188976378
0
LINE
8
BLACK
6
CONTINUOUS
10
3.8399527559055118
20
-4.044488188976378
11
3.8408567322834646
21
-4.0446679921259845
0
LINE
8
BLACK
6
CONTINUOUS
10
3.5548792913385827
20
-4.002118346456693
11
3.5559446456692911
21
-4.0031837007874014
0
LINE
8
BLACK
6
CONTINUOUS
10
3.5559446456692911
20
-4.0031837007874014
11
3.5560944881889762
21
-4.0039370078740157
0
LINE
8
BLACK
6
CONTINUOUS
10
3.5560944881889762
20
-4.0039370078740157
11
3.5560944881889762
21
-4.041732283464567
0
LINE
8
BLACK
6
CONTINUOUS
10
3.5560944881889762
20
-4.041732283464567
11
3.5559446456692911
21
-4.0424855905511814
0
LINE
8
BLACK
6
CONTINUOUS
10
3.5559446456692911
20
-4.0424855905511814
11
3.5548792913385827
21
-4.0435509448818898
0
LINE
8
BLACK
6
CONTINUOUS
10
3.5548792913385827
20
-4.0435509448818898
11
3.5541259842519684
21
-4.0437007874015745
0
LINE
8
BLACK
6
CONTINUOUS
10
3.5541259842519684
20
-4.0437007874015745
11
3.5163307086614171
21
-4.0437007874015745
0
LINE
8
BLACK
6
CONTINUOUS
10
3.5163307086614171
20
-4.0437007874015745
11
3.5155774015748031
21
-4.0435509448818898
0
LINE
8
BLACK
6
CONTINUOUS
10
3.5155774015748031
20
-4.0435509448818898
11
3.5145120472440943
21
-4.0424855905511814
0
LINE
8
BLACK
6
CONTINUOUS
10
3.5145120472440943
20
-4.0424855905511814
11
3.5143622047244092
21
-4.041732283464567
0
LINE
8
BLACK
6
CONTINUOUS
10
3.5143622047244092
20
-4.041732283464567
11
3.5143622047244092
21
-4.0039370078740157
0
LINE
8
BLACK
6
CONTINUOUS
10
3.5143622047244092
20
-4.0039370078740157
11
3.5145120472440943
21
-4.0031837007874014
0
LINE
8
BLACK
6
CONTINUOUS
10
3.5145120472440943
20
-4.0031837007874014
11
3.5155774015748031
21
-4.002118346456693
0
LINE
8
BLACK
6
CONTINUOUS
10
3.5155774015748031
20
-4.002118346456693
11
3.5163307086614171
21
-4.0019685039370074
0
LINE
8
BLACK
6
CONTINUOUS
10
3.5163307086614171
20
-4.0019685039370074
11
3.5541259842519684
21
-4.0019685039370074
0
LINE
8
BLACK
6
CONTINUOUS
10
3.5541259842519684
20
-4.0019685039370074
11
3.5548792913385827
21
-4.002118346456693
0
LINE
8
BLACK
6
CONTINUOUS
10
3.6005485826771655
20
-4.002118346456693
11
3.6016139370078739
21
-4.0031837007874014
0
LINE
8
BLACK
6
CONTINUOUS
10
3.6016139370078739
20
-4.0031837007874014
11
3.601763779527559
21
-4.0039370078740157
0
LINE
8
BLACK
6
CONTINUOUS
10
3.601763779527559
20
-4.0039370078740157
11
3.601763779527559
21
-4.041732283464567
0
LINE
8
BLACK
6
CONTINUOUS
10
3.601763779527559
20
-4.041732283464567
11
3.6016139370078739
21
-4.0424855905511814
0
LINE
8
BLACK
6
CONTINUOUS
10
3.6016139370078739
20
-4.0424855905511814
11
3.6005485826771655
21
-4.0435509448818898
0
LINE
8
BLACK
6
CONTINUOUS
10
3.6005485826771655
20
-4.0435509448818898
11
3.5997952755905511
21
-4.0437007874015745
0
LINE
8
BLACK
6
CONTINUOUS
10
3.5997952755905511
20
-4.0437007874015745
11
3.5619999999999998
21
-4.0437007874015745
0
LINE
8
BLACK
6
CONTINUOUS
10
3.5619999999999998
20
-4.0437007874015745
11
3.5612466929133859
21
-4.0435509448818898
0
LINE
8
BLACK
6
CONTINUOUS
10
3.5612466929133859
20
-4.0435509448818898
11
3.560181338582677
21
-4.0424855905511814
0
LINE
8
BLACK
6
CONTINUOUS
10
3.560181338582677
20
-4.0424855905511814
11
3.560031496062992
21
-4.041732283464567
0
LINE
8
BLACK
6
CONTINUOUS
10
3.560031496062992
20
-4.041732283464567
11
3.560031496062992
21
-4.0039370078740157
0
LINE
8
BLACK
6
CONTINUOUS
10
3.560031496062992
20
-4.0039370078740157
11
3.560181338582677
21
-4.0031837007874014
0
LINE
8
BLACK
6
CONTINUOUS
10
3.560181338582677
20
-4.0031837007874014
11
3.5612466929133859
21
-4.002118346456693
0
LINE
8
BLACK
6
CONTINUOUS
10
3.5612466929133859
20
-4.002118346456693
11
3.5619999999999998
21
-4.0019685039370074
0
LINE
8
BLACK
6
CONTINUOUS
10
3.5619999999999998
20
-4.0019685039370074
11
3.5997952755905511
21
-4.0019685039370074
0
LINE
8
BLACK
6
CONTINUOUS
10
3.5997952755905511
20
-4.0019685039370074
11
3.6005485826771655
21
-4.002118346456693
0
LINE
8
BLACK
6
CONTINUOUS
10
3.6462178740157478
20
-4.002118346456693
11
3.6472832283464567
21
-4.0031837007874014
0
LINE
8
BLACK
6
CONTINUOUS
10
3.6472832283464567
20
-4.0031837007874014
11
3.6474330708661418
21
-4.0039370078740157
0
LINE
8
BLACK
6
CONTINUOUS
10
3.6474330708661418
20
-4.0039370078740157
11
3.6474330708661418
21
-4.041732283464567
0
LINE
8
BLACK
6
CONTINUOUS
10
3.6474330708661418
20
-4.041732283464567
11
3.6472832283464567
21
-4.0424855905511814
0
LINE
8
BLACK
6
CONTINUOUS
10
3.6472832283464567
20
-4.0424855905511814
11
3.6462178740157478
21
-4.0435509448818898
0
LINE
8
BLACK
6
CONTINUOUS
10
3.6462178740157478
20
-4.0435509448818898
11
3.6454645669291339
21
-4.0437007874015745
0
LINE
8
BLACK
6
CONTINUOUS
10
3.6454645669291339
20
-4.0437007874015745
11
3.6076692913385826
21
-4.0437007874015745
0
LINE
8
BLACK
6
CONTINUOUS
10
3.6076692913385826
20
-4.0437007874015745
11
3.6069159842519682
21
-4.0435509448818898
0
LINE
8
BLACK
6
CONTINUOUS
10
3.6069159842519682
20
-4.0435509448818898
11
3.6058506299212598
21
-4.0424855905511814
0
LINE
8
BLACK
6
CONTINUOUS
10
3.6058506299212598
20
-4.0424855905511814
11
3.6057007874015747
21
-4.041732283464567
0
LINE
8
BLACK
6
CONTINUOUS
10
3.6057007874015747
20
-4.041732283464567
11
3.6057007874015747
21
-4.0039370078740157
0
LINE
8
BLACK
6
CONTINUOUS
10
3.6057007874015747
20
-4.0039370078740157
11
3.6058506299212598
21
-4.0031837007874014
0
LINE
8
BLACK
6
CONTINUOUS
10
3.6058506299212598
20
-4.0031837007874014
11
3.6069159842519682
21
-4.002118346456693
0
LINE
8
BLACK
6
CONTINUOUS
10
3.6069159842519682
20
-4.002118346456693
11
3.6076692913385826
21
-4.0019685039370074
0
LINE
8
BLACK
6
CONTINUOUS
10
3.6076692913385826
20
-4.0019685039370074
11
3.6454645669291339
21
-4.0019685039370074
0
LINE
8
BLACK
6
CONTINUOUS
10
3.6454645669291339
20
-4.0019685039370074
11
3.6462178740157478
21
-4.002118346456693
0
LINE
8
BLACK
6
CONTINUOUS
10
3.6918871653543306
20
-4.002118346456693
11
3.6929525196850395
21
-4.0031837007874014
0
LINE
8
BLACK
6
CONTINUOUS
10
3.6929525196850395
20
-4.0031837007874014
11
3.6931023622047245
21
-4.0039370078740157
0
LINE
8
BLACK
6
CONTINUOUS
10
3.6931023622047245
20
-4.0039370078740157
11
3.6931023622047245
21
-4.041732283464567
0
LINE
8
BLACK
6
CONTINUOUS
10
3.6931023622047245
20
-4.041732283464567
11
3.6929525196850395
21
-4.0424855905511814
0
LINE
8
BLACK
6
CONTINUOUS
10
3.6929525196850395
20
-4.0424855905511814
11
3.6918871653543306
21
-4.0435509448818898
0
LINE
8
BLACK
6
CONTINUOUS
10
3.6918871653543306
20
-4.0435509448818898
11
3.6911338582677167
21
-4.0437007874015745
0
LINE
8
BLACK
6
CONTINUOUS
10
3.6911338582677167
20
-4.0437007874015745
11
3.6533385826771654
21
-4.0437007874015745
0
LINE
8
BLACK
6
CONTINUOUS
10
3.6533385826771654
20
-4.0437007874015745
11
3.652585275590551
21
-4.0435509448818898
0
LINE
8
BLACK
6
CONTINUOUS
10
3.652585275590551
20
-4.0435509448818898
11
3.6515199212598426
21
-4.0424855905511814
0
LINE
8
BLACK
6
CONTINUOUS
10
3.6515199212598426
20
-4.0424855905511814
11
3.6513700787401575
21
-4.041732283464567
0
LINE
8
BLACK
6
CONTINUOUS
10
3.6513700787401575
20
-4.041732283464567
11
3.6513700787401575
21
-4.0039370078740157
0
LINE
8
BLACK
6
CONTINUOUS
10
3.6513700787401575
20
-4.0039370078740157
11
3.6515199212598426
21
-4.0031837007874014
0
LINE
8
BLACK
6
CONTINUOUS
10
3.6515199212598426
20
-4.0031837007874014
11
3.652585275590551
21
-4.002118346456693
0
LINE
8
BLACK
6
CONTINUOUS
10
3.652585275590551
20
-4.002118346456693
11
3.6533385826771654
21
-4.0019685039370074
0
LINE
8
BLACK
6
CONTINUOUS
10
3.6533385826771654
20
-4.0019685039370074
11
3.6911338582677167
21
-4.0019685039370074
0
LINE
8
BLACK
6
CONTINUOUS
10
3.6911338582677167
20
-4.0019685039370074
11
3.6918871653543306
21
-4.002118346456693
0
LINE
8
BLACK
6
CONTINUOUS
10
3.7375564566929134
20
-4.002118346456693
11
3.7386218110236218
21
-4.0031837007874014
0
LINE
8
BLACK
6
CONTINUOUS
10
3.7386218110236218
20
-4.0031837007874014
11
3.7387716535433069
21
-4.0039370078740157
0
LINE
8
BLACK
6
CONTINUOUS
10
3.7387716535433069
20
-4.0039370078740157
11
3.7387716535433069
21
-4.041732283464567
0
LINE
8
BLACK
6
CONTINUOUS
10
3.7387716535433069
20
-4.041732283464567
11
3.7386218110236218
21
-4.0424855905511814
0
LINE
8
BLACK
6
CONTINUOUS
10
3.7386218110236218
20
-4.0424855905511814
11
3.7375564566929134
21
-4.0435509448818898
0
LINE
8
BLACK
6
CONTINUOUS
10
3.7375564566929134
20
-4.0435509448818898
11
3.736803149606299
21
-4.0437007874015745
0
LINE
8
BLACK
6
CONTINUOUS
10
3.736803149606299
20
-4.0437007874015745
11
3.6990078740157482
21
-4.0437007874015745
0
LINE
8
BLACK
6
CONTINUOUS
10
3.6990078740157482
20
-4.0437007874015745
11
3.6982545669291338
21
-4.0435509448818898
0
LINE
8
BLACK
6
CONTINUOUS
10
3.6982545669291338
20
-4.0435509448818898
11
3.6971892125984249
21
-4.0424855905511814
0
LINE
8
BLACK
6
CONTINUOUS
10
3.6971892125984249
20
-4.0424855905511814
11
3.6970393700787403
21
-4.041732283464567
0
LINE
8
BLACK
6
CONTINUOUS
10
3.6970393700787403
20
-4.041732283464567
11
3.6970393700787403
21
-4.0039370078740157
0
LINE
8
BLACK
6
CONTINUOUS
10
3.6970393700787403
20
-4.0039370078740157
11
3.6971892125984249
21
-4.0031837007874014
0
LINE
8
BLACK
6
CONTINUOUS
10
3.6971892125984249
20
-4.0031837007874014
11
3.6982545669291338
21
-4.002118346456693
0
LINE
8
BLACK
6
CONTINUOUS
10
3.6982545669291338
20
-4.002118346456693
11
3.6990078740157482
21
-4.0019685039370074
0
LINE
8
BLACK
6
CONTINUOUS
10
3.6990078740157482
20
-4.0019685039370074
11
3.736803149606299
21
-4.0019685039370074
0
LINE
8
BLACK
6
CONTINUOUS
10
3.736803149606299
20
-4.0019685039370074
11
3.7375564566929134
21
-4.002118346456693
0
LINE
8
BLACK
6
CONTINUOUS
10
3.7832257480314961
20
-4.002118346456693
11
3.7842911023622046
21
-4.0031837007874014
0
LINE
8
BLACK
6
CONTINUOUS
10
3.7842911023622046
20
-4.0031837007874014
11
3.7844409448818896
21
-4.0039370078740157
0
LINE
8
BLACK
6
CONTINUOUS
10
3.7844409448818896
20
-4.0039370078740157
11
3.7844409448818896
21
-4.041732283464567
0
LINE
8
BLACK
6
CONTINUOUS
10
3.7844409448818896
20
-4.041732283464567
11
3.7842911023622046
21
-4.0424855905511814
0
LINE
8
BLACK
6
CONTINUOUS
10
3.7842911023622046
20
-4.0424855905511814
11
3.7832257480314961
21
-4.0435509448818898
0
LINE
8
BLACK
6
CONTINUOUS
10
3.7832257480314961
20
-4.0435509448818898
11
3.7824724409448818
21
-4.0437007874015745
0
LINE
8
BLACK
6
CONTINUOUS
10
3.7824724409448818
20
-4.0437007874015745
11
3.7446771653543305
21
-4.0437007874015745
0
LINE
8
BLACK
6
CONTINUOUS
10
3.7446771653543305
20
-4.0437007874015745
11
3.7439238582677166
21
-4.0435509448818898
0
LINE
8
BLACK
6
CONTINUOUS
10
3.7439238582677166
20
-4.0435509448818898
11
3.7428585039370077
21
-4.0424855905511814
0
LINE
8
BLACK
6
CONTINUOUS
10
3.7428585039370077
20
-4.0424855905511814
11
3.7427086614173226
21
-4.041732283464567
0
LINE
8
BLACK
6
CONTINUOUS
10
3.7427086614173226
20
-4.041732283464567
11
3.7427086614173226
21
-4.0039370078740157
0
LINE
8
BLACK
6
CONTINUOUS
10
3.7427086614173226
20
-4.0039370078740157
11
3.7428585039370077
21
-4.0031837007874014
0
LINE
8
BLACK
6
CONTINUOUS
10
3.7428585039370077
20
-4.0031837007874014
11
3.7439238582677166
21
-4.002118346456693
0
LINE
8
BLACK
6
CONTINUOUS
10
3.7439238582677166
20
-4.002118346456693
11
3.7446771653543305
21
-4.0019685039370074
0
LINE
8
BLACK
6
CONTINUOUS
10
3.7446771653543305
20
-4.0019685039370074
11
3.7824724409448818
21
-4.0019685039370074
0
LINE
8
BLACK
6
CONTINUOUS
10
3.7824724409448818
20
-4.0019685039370074
11
3.7832257480314961
21
-4.002118346456693
0
LINE
8
BLACK
6
CONTINUOUS
10
3.486526023622047
20
-4.0249829527559058
11
3.4872923622047245
21
-4.025495039370079
0
LINE
8
BLACK
6
CONTINUOUS
10
3.4872923622047245
20
-4.025495039370079
11
3.4878044488188977
21
-4.0262613779527561
0
LINE
8
BLACK
6
CONTINUOUS
10
3.4878044488188977
20
-4.0262613779527561
11
3.4879842519685038
21
-4.0271653543307089
0
LINE
8
BLACK
6
CONTINUOUS
10
3.4879842519685038
20
-4.0271653543307089
11
3.4879842519685038
21
-4.0318897637795272
0
LINE
8
BLACK
6
CONTINUOUS
10
3.4879842519685038
20
-4.0318897637795272
11
3.4878044488188977
21
-4.03279374015748
0
LINE
8
BLACK
6
CONTINUOUS
10
3.4878044488188977
20
-4.03279374015748
11
3.4872923622047245
21
-4.0335600787401571
0
LINE
8
BLACK
6
CONTINUOUS
10
3.4872923622047245
20
-4.0335600787401571
11
3.486526023622047
21
-4.0340721653543303
0
LINE
8
BLACK
6
CONTINUOUS
10
3.486526023622047
20
-4.0340721653543303
11
3.4856220472440942
21
-4.0342519685039369
0
LINE
8
BLACK
6
CONTINUOUS
10
3.4856220472440942
20
-4.0342519685039369
11
3.4588503937007875
21
-4.0342519685039369
0
LINE
8
BLACK
6
CONTINUOUS
10
3.4588503937007875
20
-4.0342519685039369
11
3.4579464173228347
21
-4.0340721653543303
0
LINE
8
BLACK
6
CONTINUOUS
10
3.4579464173228347
20
-4.0340721653543303
11
3.4571800787401572
21
-4.0335600787401571
0
LINE
8
BLACK
6
CONTINUOUS
10
3.4571800787401572
20
-4.0335600787401571
11
3.456667992125984
21
-4.03279374015748
0
LINE
8
BLACK
6
CONTINUOUS
10
3.456667992125984
20
-4.03279374015748
11
3.4564881889763779
21
-4.0318897637795272
0
LINE
8
BLACK
6
CONTINUOUS
10
3.4564881889763779
20
-4.0318897637795272
11
3.4564881889763779
21
-4.0271653543307089
0
LINE
8
BLACK
6
CONTINUOUS
10
3.4564881889763779
20
-4.0271653543307089
11
3.456667992125984
21
-4.0262613779527561
0
LINE
8
BLACK
6
CONTINUOUS
10
3.456667992125984
20
-4.0262613779527561
11
3.4571800787401572
21
-4.025495039370079
0
LINE
8
BLACK
6
CONTINUOUS
10
3.4571800787401572
20
-4.025495039370079
11
3.4579464173228347
21
-4.0249829527559058
0
LINE
8
BLACK
6
CONTINUOUS
10
3.4579464173228347
20
-4.0249829527559058
11
3.4588503937007875
21
-4.0248031496062993
0
LINE
8
BLACK
6
CONTINUOUS
10
3.4588503937007875
20
-4.0248031496062993
11
3.4856220472440942
21
-4.0248031496062993
0
LINE
8
BLACK
6
CONTINUOUS
10
3.4856220472440942
20
-4.0248031496062993
11
3.486526023622047
21
-4.0249829527559058
0
LINE
8
BLACK
6
CONTINUOUS
10
3.8408567322834646
20
-4.0249829527559058
11
3.8416230708661416
21
-4.025495039370079
0
LINE
8
BLACK
6
CONTINUOUS
10
3.8416230708661416
20
-4.025495039370079
11
3.8421351574803149
21
-4.0262613779527561
0
LINE
8
BLACK
6
CONTINUOUS
10
3.8421351574803149
20
-4.0262613779527561
11
3.8423149606299214
21
-4.0271653543307089
0
LINE
8
BLACK
6
CONTINUOUS
10
3.8423149606299214
20
-4.0271653543307089
11
3.8423149606299214
21
-4.0318897637795272
0
LINE
8
BLACK
6
CONTINUOUS
10
3.8423149606299214
20
-4.0318897637795272
11
3.8421351574803149
21
-4.03279374015748
0
LINE
8
BLACK
6
CONTINUOUS
10
3.8421351574803149
20
-4.03279374015748
11
3.8416230708661416
21
-4.0335600787401571
0
LINE
8
BLACK
6
CONTINUOUS
10
3.8416230708661416
20
-4.0335600787401571
11
3.8408567322834646
21
-4.0340721653543303
0
LINE
8
BLACK
6
CONTINUOUS
10
3.8408567322834646
20
-4.0340721653543303
11
3.8399527559055118
21
-4.0342519685039369
0
LINE
8
BLACK
6
CONTINUOUS
10
3.8399527559055118
20
-4.0342519685039369
11
3.8131811023622046
21
-4.0342519685039369
0
LINE
8
BLACK
6
CONTINUOUS
10
3.8131811023622046
20
-4.0342519685039369
11
3.8122771259842518
21
-4.0340721653543303
0
LINE
8
BLACK
6
CONTINUOUS
10
3.8122771259842518
20
-4.0340721653543303
11
3.8115107874015748
21
-4.0335600787401571
0
LINE
8
BLACK
6
CONTINUOUS
10
3.8115107874015748
20
-4.0335600787401571
11
3.8109987007874015
21
-4.03279374015748
0
LINE
8
BLACK
6
CONTINUOUS
10
3.8109987007874015
20
-4.03279374015748
11
3.810818897637795
21
-4.0318897637795272
0
LINE
8
BLACK
6
CONTINUOUS
10
3.810818897637795
20
-4.0318897637795272
11
3.810818897637795
21
-4.0271653543307089
0
LINE
8
BLACK
6
CONTINUOUS
10
3.810818897637795
20
-4.0271653543307089
11
3.8109987007874015
21
-4.0262613779527561
0
LINE
8
BLACK
6
CONTINUOUS
10
3.8109987007874015
20
-4.0262613779527561
11
3.8115107874015748
21
-4.025495039370079
0
LINE
8
BLACK
6
CONTINUOUS
10
3.8115107874015748
20
-4.025495039370079
11
3.8122771259842518
21
-4.0249829527559058
0
LINE
8
BLACK
6
CONTINUOUS
10
3.8122771259842518
20
-4.0249829527559058
11
3.8131811023622046
21
-4.0248031496062993
0
LINE
8
BLACK
6
CONTINUOUS
10
3.8131811023622046
20
-4.0248031496062993
11
3.8399527559055118
21
-4.0248031496062993
0
LINE
8
BLACK
6
CONTINUOUS
10
3.8399527559055118
20
-4.0248031496062993
11
3.8408567322834646
21
-4.0249829527559058
0
LINE
8
BLACK
6
CONTINUOUS
10
3.486526023622047
20
-4.0052979133858271
11
3.4872923622047245
21
-4.0058100000000003
0
LINE
8
BLACK
6
CONTINUOUS
10
3.4872923622047245
20
-4.0058100000000003
11
3.4878044488188977
21
-4.0065763385826774
0
LINE
8
BLACK
6
CONTINUOUS
10
3.4878044488188977
20
-4.0065763385826774
11
3.4879842519685038
21
-4.0074803149606302
0
LINE
8
BLACK
6
CONTINUOUS
10
3.4879842519685038
20
-4.0074803149606302
11
3.4879842519685038
21
-4.0122047244094485
0
LINE
8
BLACK
6
CONTINUOUS
10
3.4879842519685038
20
-4.0122047244094485
11
3.4878044488188977
21
-4.0131087007874013
0
LINE
8
BLACK
6
CONTINUOUS
10
3.4878044488188977
20
-4.0131087007874013
11
3.4872923622047245
21
-4.0138750393700784
0
LINE
8
BLACK
6
CONTINUOUS
10
3.4872923622047245
20
-4.0138750393700784
11
3.486526023622047
21
-4.0143871259842516
0
LINE
8
BLACK
6
CONTINUOUS
10
3.486526023622047
20
-4.0143871259842516
11
3.4856220472440942
21
-4.0145669291338582
0
LINE
8
BLACK
6
CONTINUOUS
10
3.4856220472440942
20
-4.0145669291338582
11
3.4588503937007875
21
-4.0145669291338582
0
LINE
8
BLACK
6
CONTINUOUS
10
3.4588503937007875
20
-4.0145669291338582
11
3.4579464173228347
21
-4.0143871259842516
0
LINE
8
BLACK
6
CONTINUOUS
10
3.4579464173228347
20
-4.0143871259842516
11
3.4571800787401572
21
-4.0138750393700784
0
LINE
8
BLACK
6
CONTINUOUS
10
3.4571800787401572
20
-4.0138750393700784
11
3.456667992125984
21
-4.0131087007874013
0
LINE
8
BLACK
6
CONTINUOUS
10
3.456667992125984
20
-4.0131087007874013
11
3.4564881889763779
21
-4.0122047244094485
0
LINE
8
BLACK
6
CONTINUOUS
10
3.4564881889763779
20
-4.0122047244094485
11
3.4564881889763779
21
-4.0074803149606302
0
LINE
8
BLACK
6
CONTINUOUS
10
3.4564881889763779
20
-4.0074803149606302
11
3.456667992125984
21
-4.0065763385826774
0
LINE
8
BLACK
6
CONTINUOUS
10
3.456667992125984
20
-4.0065763385826774
11
3.4571800787401572
21
-4.0058100000000003
0
LINE
8
BLACK
6
CONTINUOUS
10
3.4571800787401572
20
-4.0058100000000003
11
3.4579464173228347
21
-4.0052979133858271
0
LINE
8
BLACK
6
CONTINUOUS
10
3.4579464173228347
20
-4.0052979133858271
11
3.4588503937007875
21
-4.0051181102362206
0
LINE
8
BLACK
6
CONTINUOUS
10
3.4588503937007875
20
-4.0051181102362206
11
3.4856220472440942
21
-4.0051181102362206
0
LINE
8
BLACK
6
CONTINUOUS
10
3.4856220472440942
20
-4.0051181102362206
11
3.486526023622047
21
-4.0052979133858271
0
LINE
8
BLACK
6
CONTINUOUS
10
3.8408567322834646
20
-4.0052979133858271
11
3.8416230708661416
21
-4.0058100000000003
0
LINE
8
BLACK
6
CONTINUOUS
10
3.8416230708661416
20
-4.0058100000000003
11
3.8421351574803149
21
-4.0065763385826774
0
LINE
8
BLACK
6
CONTINUOUS
10
3.8421351574803149
20
-4.0065763385826774
11
3.8423149606299214
21
-4.0074803149606302
0
LINE
8
BLACK
6
CONTINUOUS
10
3.8423149606299214
20
-4.0074803149606302
11
3.8423149606299214
21
-4.0122047244094485
0
LINE
8
BLACK
6
CONTINUOUS
10
3.8423149606299214
20
-4.0122047244094485
11
3.8421351574803149
21
-4.0131087007874013
0
LINE
8
BLACK
6
CONTINUOUS
10
3.8421351574803149
20
-4.0131087007874013
11
3.8416230708661416
21
-4.0138750393700784
0
LINE
8
BLACK
6
CONTINUOUS
10
3.8416230708661416
20
-4.0138750393700784
11
3.8408567322834646
21
-4.0143871259842516
0
LINE
8
BLACK
6
CONTINUOUS
10
3.8408567322834646
20
-4.0143871259842516
11
3.8399527559055118
21
-4.0145669291338582
0
LINE
8
BLACK
6
CONTINUOUS
10
3.8399527559055118
20
-4.0145669291338582
11
3.8131811023622046
21
-4.0145669291338582
0
LINE
8
BLACK
6
CONTINUOUS
10
3.8131811023622046
20
-4.0145669291338582
11
3.8122771259842518
21
-4.0143871259842516
0
LINE
8
BLACK
6
CONTINUOUS
10
3.8122771259842518
20
-4.0143871259842516
11
3.8115107874015748
21
-4.0138750393700784
0
LINE
8
BLACK
6
CONTINUOUS
10
3.8115107874015748
20
-4.0138750393700784
11
3.8109987007874015
21
-4.0131087007874013
0
LINE
8
BLACK
6
CONTINUOUS
10
3.8109987007874015
20
-4.0131087007874013
11
3.810818897637795
21
-4.0122047244094485
0
LINE
8
BLACK
6
CONTINUOUS
10
3.810818897637795
20
-4.0122047244094485
11
3.810818897637795
21
-4.0074803149606302
0
LINE
8
BLACK
6
CONTINUOUS
10
3.810818897637795
20
-4.0074803149606302
11
3.8109987007874015
21
-4.0065763385826774
0
LINE
8
BLACK
6
CONTINUOUS
10
3.8109987007874015
20
-4.0065763385826774
11
3.8115107874015748
21
-4.0058100000000003
0
LINE
8
BLACK
6
CONTINUOUS
10
3.8115107874015748
20
-4.0058100000000003
11
3.8122771259842518
21
-4.0052979133858271
0
LINE
8
BLACK
6
CONTINUOUS
10
3.8122771259842518
20
-4.0052979133858271
11
3.8131811023622046
21
-4.0051181102362206
0
LINE
8
BLACK
6
CONTINUOUS
10
3.8131811023622046
20
-4.0051181102362206
11
3.8399527559055118
21
-4.0051181102362206
0
LINE
8
BLACK
6
CONTINUOUS
10
3.8399527559055118
20
-4.0051181102362206
11
3.8408567322834646
21
-4.0052979133858271
0
LINE
8
BLACK
6
CONTINUOUS
10
3.5548792913385827
20
-3.9564490551181102
11
3.5559446456692911
21
-3.9575144094488186
0
LINE
8
BLACK
6
CONTINUOUS
10
3.5559446456692911
20
-3.9575144094488186
11
3.5560944881889762
21
-3.958267716535433
0
LINE
8
BLACK
6
CONTINUOUS
10
3.5560944881889762
20
-3.958267716535433
11
3.5560944881889762
21
-3.9960629921259843
0
LINE
8
BLACK
6
CONTINUOUS
10
3.5560944881889762
20
-3.9960629921259843
11
3.5559446456692911
21
-3.9968162992125982
0
LINE
8
BLACK
6
CONTINUOUS
10
3.5559446456692911
20
-3.9968162992125982
11
3.5548792913385827
21
-3.997881653543307
0
LINE
8
BLACK
6
CONTINUOUS
10
3.5548792913385827
20
-3.997881653543307
11
3.5541259842519684
21
-3.9980314960629921
0
LINE
8
BLACK
6
CONTINUOUS
10
3.5541259842519684
20
-3.9980314960629921
11
3.5163307086614171
21
-3.9980314960629921
0
LINE
8
BLACK
6
CONTINUOUS
10
3.5163307086614171
20
-3.9980314960629921
11
3.5155774015748031
21
-3.997881653543307
0
LINE
8
BLACK
6
CONTINUOUS
10
3.5155774015748031
20
-3.997881653543307
11
3.5145120472440943
21
-3.9968162992125982
0
LINE
8
BLACK
6
CONTINUOUS
10
3.5145120472440943
20
-3.9968162992125982
11
3.5143622047244092
21
-3.9960629921259843
0
LINE
8
BLACK
6
CONTINUOUS
10
3.5143622047244092
20
-3.9960629921259843
11
3.5143622047244092
21
-3.958267716535433
0
LINE
8
BLACK
6
CONTINUOUS
10
3.5143622047244092
20
-3.958267716535433
11
3.5145120472440943
21
-3.9575144094488186
0
LINE
8
BLACK
6
CONTINUOUS
10
3.5145120472440943
20
-3.9575144094488186
11
3.5155774015748031
21
-3.9564490551181102
0
LINE
8
BLACK
6
CONTINUOUS
10
3.5155774015748031
20
-3.9564490551181102
11
3.5163307086614171
21
-3.9562992125984251
0
LINE
8
BLACK
6
CONTINUOUS
10
3.5163307086614171
20
-3.9562992125984251
11
3.5541259842519684
21
-3.9562992125984251
0
LINE
8
BLACK
6
CONTINUOUS
10
3.5541259842519684
20
-3.9562992125984251
11
3.5548792913385827
21
-3.9564490551181102
0
LINE
8
BLACK
6
CONTINUOUS
10
3.6005485826771655
20
-3.9564490551181102
11
3.6016139370078739
21
-3.9575144094488186
0
LINE
8
BLACK
6
CONTINUOUS
10
3.6016139370078739
20
-3.9575144094488186
11
3.601763779527559
21
-3.958267716535433
0
LINE
8
BLACK
6
CONTINUOUS
10
3.601763779527559
20
-3.958267716535433
11
3.601763779527559
21
-3.9960629921259843
0
LINE
8
BLACK
6
CONTINUOUS
10
3.601763779527559
20
-3.9960629921259843
11
3.6016139370078739
21
-3.9968162992125982
0
LINE
8
BLACK
6
CONTINUOUS
10
3.6016139370078739
20
-3.9968162992125982
11
3.6005485826771655
21
-3.997881653543307
0
LINE
8
BLACK
6
CONTINUOUS
10
3.6005485826771655
20
-3.997881653543307
11
3.5997952755905511
21
-3.9980314960629921
0
LINE
8
BLACK
6
CONTINUOUS
10
3.5997952755905511
20
-3.9980314960629921
11
3.5619999999999998
21
-3.9980314960629921
0
LINE
8
BLACK
6
CONTINUOUS
10
3.5619999999999998
20
-3.9980314960629921
11
3.5612466929133859
21
-3.997881653543307
0
LINE
8
BLACK
6
CONTINUOUS
10
3.5612466929133859
20
-3.997881653543307
11
3.560181338582677
21
-3.9968162992125982
0
LINE
8
BLACK
6
CONTINUOUS
10
3.560181338582677
20
-3.9968162992125982
11
3.560031496062992
21
-3.9960629921259843
0
LINE
8
BLACK
6
CONTINUOUS
10
3.560031496062992
20
-3.9960629921259843
11
3.560031496062992
21
-3.958267716535433
0
LINE
8
BLACK
6
CONTINUOUS
10
3.560031496062992
20
-3.958267716535433
11
3.560181338582677
21
-3.9575144094488186
0
LINE
8
BLACK
6
CONTINUOUS
10
3.560181338582677
20
-3.9575144094488186
11
3.5612466929133859
21
-3.9564490551181102
0
LINE
8
BLACK
6
CONTINUOUS
10
3.5612466929133859
20
-3.9564490551181102
11
3.5619999999999998
21
-3.9562992125984251
0
LINE
8
BLACK
6
CONTINUOUS
10
3.5619999999999998
20
-3.9562992125984251
11
3.5997952755905511
21
-3.9562992125984251
0
LINE
8
BLACK
6
CONTINUOUS
10
3.5997952755905511
20
-3.9562992125984251
11
3.6005485826771655
21
-3.9564490551181102
0
LINE
8
BLACK
6
CONTINUOUS
10
3.6462178740157478
20
-3.9564490551181102
11
3.6472832283464567
21
-3.9575144094488186
0
LINE
8
BLACK
6
CONTINUOUS
10
3.6472832283464567
20
-3.9575144094488186
11
3.6474330708661418
21
-3.958267716535433
0
LINE
8
BLACK
6
CONTINUOUS
10
3.6474330708661418
20
-3.958267716535433
11
3.6474330708661418
21
-3.9960629921259843
0
LINE
8
BLACK
6
CONTINUOUS
10
3.6474330708661418
20
-3.9960629921259843
11
3.6472832283464567
21
-3.9968162992125982
0
LINE
8
BLACK
6
CONTINUOUS
10
3.6472832283464567
20
-3.9968162992125982
11
3.6462178740157478
21
-3.997881653543307
0
LINE
8
BLACK
6
CONTINUOUS
10
3.6462178740157478
20
-3.997881653543307
11
3.6454645669291339
21
-3.9980314960629921
0
LINE
8
BLACK
6
CONTINUOUS
10
3.6454645669291339
20
-3.9980314960629921
11
3.6076692913385826
21
-3.9980314960629921
0
LINE
8
BLACK
6
CONTINUOUS
10
3.6076692913385826
20
-3.9980314960629921
11
3.6069159842519682
21
-3.997881653543307
0
LINE
8
BLACK
6
CONTINUOUS
10
3.6069159842519682
20
-3.997881653543307
11
3.6058506299212598
21
-3.9968162992125982
0
LINE
8
BLACK
6
CONTINUOUS
10
3.6058506299212598
20
-3.9968162992125982
11
3.6057007874015747
21
-3.9960629921259843
0
LINE
8
BLACK
6
CONTINUOUS
10
3.6057007874015747
20
-3.9960629921259843
11
3.6057007874015747
21
-3.958267716535433
0
LINE
8
BLACK
6
CONTINUOUS
10
3.6057007874015747
20
-3.958267716535433
11
3.6058506299212598
21
-3.9575144094488186
0
LINE
8
BLACK
6
CONTINUOUS
10
3.6058506299212598
20
-3.9575144094488186
11
3.6069159842519682
21
-3.9564490551181102
0
LINE
8
BLACK
6
CONTINUOUS
10
3.6069159842519682
20
-3.9564490551181102
11
3.6076692913385826
21
-3.9562992125984251
0
LINE
8
BLACK
6
CONTINUOUS
10
3.6076692913385826
20
-3.9562992125984251
11
3.6454645669291339
21
-3.9562992125984251
0
LINE
8
BLACK
6
CONTINUOUS
10
3.6454645669291339
20
-3.9562992125984251
11
3.6462178740157478
21
-3.9564490551181102
0
LINE
8
BLACK
6
CONTINUOUS
10
3.6918871653543306
20
-3.9564490551181102
11
3.6929525196850395
21
-3.9575144094488186
0
LINE
8
BLACK
6
CONTINUOUS
10
3.6929525196850395
20
-3.9575144094488186
11
3.6931023622047245
21
-3.958267716535433
0
LINE
8
BLACK
6
CONTINUOUS
10
3.6931023622047245
20
-3.958267716535433
11
3.6931023622047245
21
-3.9960629921259843
0
LINE
8
BLACK
6
CONTINUOUS
10
3.6931023622047245
20
-3.9960629921259843
11
3.6929525196850395
21
-3.9968162992125982
0
LINE
8
BLACK
6
CONTINUOUS
10
3.6929525196850395
20
-3.9968162992125982
11
3.6918871653543306
21
-3.997881653543307
0
LINE
8
BLACK
6
CONTINUOUS
10
3.6918871653543306
20
-3.997881653543307
11
3.6911338582677167
21
-3.9980314960629921
0
LINE
8
BLACK
6
CONTINUOUS
10
3.6911338582677167
20
-3.9980314960629921
11
3.6533385826771654
21
-3.9980314960629921
0
LINE
8
BLACK
6
CONTINUOUS
10
3.6533385826771654
20
-3.9980314960629921
11
3.652585275590551
21
-3.997881653543307
0
LINE
8
BLACK
6
CONTINUOUS
10
3.652585275590551
20
-3.997881653543307
11
3.6515199212598426
21
-3.9968162992125982
0
LINE
8
BLACK
6
CONTINUOUS
10
3.6515199212598426
20
-3.9968162992125982
11
3.6513700787401575
21
-3.9960629921259843
0
LINE
8
BLACK
6
CONTINUOUS
10
3.6513700787401575
20
-3.9960629921259843
11
3.6513700787401575
21
-3.958267716535433
0
LINE
8
BLACK
6
CONTINUOUS
10
3.6513700787401575
20
-3.958267716535433
11
3.6515199212598426
21
-3.9575144094488186
0
LINE
8
BLACK
6
CONTINUOUS
10
3.6515199212598426
20
-3.9575144094488186
11
3.652585275590551
21
-3.9564490551181102
0
LINE
8
BLACK
6
CONTINUOUS
10
3.652585275590551
20
-3.9564490551181102
11
3.6533385826771654
21
-3.9562992125984251
0
LINE
8
BLACK
6
CONTINUOUS
10
3.6533385826771654
20
-3.9562992125984251
11
3.6911338582677167
21
-3.9562992125984251
0
LINE
8
BLACK
6
CONTINUOUS
10
3.6911338582677167
20
-3.9562992125984251
11
3.6918871653543306
21
-3.9564490551181102
0
LINE
8
BLACK
6
CONTINUOUS
10
3.7375564566929134
20
-3.9564490551181102
11
3.7386218110236218
21
-3.9575144094488186
0
LINE
8
BLACK
6
CONTINUOUS
10
3.7386218110236218
20
-3.9575144094488186
11
3.7387716535433069
21
-3.958267716535433
0
LINE
8
BLACK
6
CONTINUOUS
10
3.7387716535433069
20
-3.958267716535433
11
3.7387716535433069
21
-3.9960629921259843
0
LINE
8
BLACK
6
CONTINUOUS
10
3.7387716535433069
20
-3.9960629921259843
11
3.7386218110236218
21
-3.9968162992125982
0
LINE
8
BLACK
6
CONTINUOUS
10
3.7386218110236218
20
-3.9968162992125982
11
3.7375564566929134
21
-3.997881653543307
0
LINE
8
BLACK
6
CONTINUOUS
10
3.7375564566929134
20
-3.997881653543307
11
3.736803149606299
21
-3.9980314960629921
0
LINE
8
BLACK
6
CONTINUOUS
10
3.736803149606299
20
-3.9980314960629921
11
3.6990078740157482
21
-3.9980314960629921
0
LINE
8
BLACK
6
CONTINUOUS
10
3.6990078740157482
20
-3.9980314960629921
11
3.6982545669291338
21
-3.997881653543307
0
LINE
8
BLACK
6
CONTINUOUS
10
3.6982545669291338
20
-3.997881653543307
11
3.6971892125984249
21
-3.9968162992125982
0
LINE
8
BLACK
6
CONTINUOUS
10
3.6971892125984249
20
-3.9968162992125982
11
3.6970393700787403
21
-3.9960629921259843
0
LINE
8
BLACK
6
CONTINUOUS
10
3.6970393700787403
20
-3.9960629921259843
11
3.6970393700787403
21
-3.958267716535433
0
LINE
8
BLACK
6
CONTINUOUS
10
3.6970393700787403
20
-3.958267716535433
11
3.6971892125984249
21
-3.9575144094488186
0
LINE
8
BLACK
6
CONTINUOUS
10
3.6971892125984249
20
-3.9575144094488186
11
3.6982545669291338
21
-3.9564490551181102
0
LINE
8
BLACK
6
CONTINUOUS
10
3.6982545669291338
20
-3.9564490551181102
11
3.6990078740157482
21
-3.9562992125984251
0
LINE
8
BLACK
6
CONTINUOUS
10
3.6990078740157482
20
-3.9562992125984251
11
3.736803149606299
21
-3.9562992125984251
0
LINE
8
BLACK
6
CONTINUOUS
10
3.736803149606299
20
-3.9562992125984251
11
3.7375564566929134
21
-3.9564490551181102
0
LINE
8
BLACK
6
CONTINUOUS
10
3.7832257480314961
20
-3.9564490551181102
11
3.7842911023622046
21
-3.9575144094488186
0
LINE
8
BLACK
6
CONTINUOUS
10
3.7842911023622046
20
-3.9575144094488186
11
3.7844409448818896
21
-3.958267716535433
0
LINE
8
BLACK
6
CONTINUOUS
10
3.7844409448818896
20
-3.958267716535433
11
3.7844409448818896
21
-3.9960629921259843
0
LINE
8
BLACK
6
CONTINUOUS
10
3.7844409448818896
20
-3.9960629921259843
11
3.7842911023622046
21
-3.9968162992125982
0
LINE
8
BLACK
6
CONTINUOUS
10
3.7842911023622046
20
-3.9968162992125982
11
3.7832257480314961
21
-3.997881653543307
0
LINE
8
BLACK
6
CONTINUOUS
10
3.7832257480314961
20
-3.997881653543307
11
3.7824724409448818
21
-3.9980314960629921
0
LINE
8
BLACK
6
CONTINUOUS
10
3.7824724409448818
20
-3.9980314960629921
11
3.7446771653543305
21
-3.9980314960629921
0
LINE
8
BLACK
6
CONTINUOUS
10
3.7446771653543305
20
-3.9980314960629921
11
3.7439238582677166
21
-3.997881653543307
0
LINE
8
BLACK
6
CONTINUOUS
10
3.7439238582677166
20
-3.997881653543307
11
3.7428585039370077
21
-3.9968162992125982
0
LINE
8
BLACK
6
CONTINUOUS
10
3.7428585039370077
20
-3.9968162992125982
11
3.7427086614173226
21
-3.9960629921259843
0
LINE
8
BLACK
6
CONTINUOUS
10
3.7427086614173226
20
-3.9960629921259843
11
3.7427086614173226
21
-3.958267716535433
0
LINE
8
BLACK
6
CONTINUOUS
10
3.7427086614173226
20
-3.958267716535433
11
3.7428585039370077
21
-3.9575144094488186
0
LINE
8
BLACK
6
CONTINUOUS
10
3.7428585039370077
20
-3.9575144094488186
11
3.7439238582677166
21
-3.9564490551181102
0
LINE
8
BLACK
6
CONTINUOUS
10
3.7439238582677166
20
-3.9564490551181102
11
3.7446771653543305
21
-3.9562992125984251
0
LINE
8
BLACK
6
CONTINUOUS
10
3.7446771653543305
20
-3.9562992125984251
11
3.7824724409448818
21
-3.9562992125984251
0
LINE
8
BLACK
6
CONTINUOUS
10
3.7824724409448818
20
-3.9562992125984251
11
3.7832257480314961
21
-3.9564490551181102
0
LINE
8
BLACK
6
CONTINUOUS
10
3.486526023622047
20
-3.9856128740157479
11
3.4872923622047245
21
-3.9861249606299212
0
LINE
8
BLACK
6
CONTINUOUS
10
3.4872923622047245
20
-3.9861249606299212
11
3.4878044488188977
21
-3.9868912992125982
0
LINE
8
BLACK
6
CONTINUOUS
10
3.4878044488188977
20
-3.9868912992125982
11
3.4879842519685038
21
-3.987795275590551
0
LINE
8
BLACK
6
CONTINUOUS
10
3.4879842519685038
20
-3.987795275590551
11
3.4879842519685038
21
-3.9925196850393698
0
LINE
8
BLACK
6
CONTINUOUS
10
3.4879842519685038
20
-3.9925196850393698
11
3.4878044488188977
21
-3.9934236614173226
0
LINE
8
BLACK
6
CONTINUOUS
10
3.4878044488188977
20
-3.9934236614173226
11
3.4872923622047245
21
-3.9941900000000001
0
LINE
8
BLACK
6
CONTINUOUS
10
3.4872923622047245
20
-3.9941900000000001
11
3.486526023622047
21
-3.9947020866141729
0
LINE
8
BLACK
6
CONTINUOUS
10
3.486526023622047
20
-3.9947020866141729
11
3.4856220472440942
21
-3.9948818897637794
0
LINE
8
BLACK
6
CONTINUOUS
10
3.4856220472440942
20
-3.9948818897637794
11
3.4588503937007875
21
-3.9948818897637794
0
LINE
8
BLACK
6
CONTINUOUS
10
3.4588503937007875
20
-3.9948818897637794
11
3.4579464173228347
21
-3.9947020866141729
0
LINE
8
BLACK
6
CONTINUOUS
10
3.4579464173228347
20
-3.9947020866141729
11
3.4571800787401572
21
-3.9941900000000001
0
LINE
8
BLACK
6
CONTINUOUS
10
3.4571800787401572
20
-3.9941900000000001
11
3.456667992125984
21
-3.9934236614173226
0
LINE
8
BLACK
6
CONTINUOUS
10
3.456667992125984
20
-3.9934236614173226
11
3.4564881889763779
21
-3.9925196850393698
0
LINE
8
BLACK
6
CONTINUOUS
10
3.4564881889763779
20
-3.9925196850393698
11
3.4564881889763779
21
-3.987795275590551
0
LINE
8
BLACK
6
CONTINUOUS
10
3.4564881889763779
20
-3.987795275590551
11
3.456667992125984
21
-3.9868912992125982
0
LINE
8
BLACK
6
CONTINUOUS
10
3.456667992125984
20
-3.9868912992125982
11
3.4571800787401572
21
-3.9861249606299212
0
LINE
8
BLACK
6
CONTINUOUS
10
3.4571800787401572
20
-3.9861249606299212
11
3.4579464173228347
21
-3.9856128740157479
0
LINE
8
BLACK
6
CONTINUOUS
10
3.4579464173228347
20
-3.9856128740157479
11
3.4588503937007875
21
-3.9854330708661418
0
LINE
8
BLACK
6
CONTINUOUS
10
3.4588503937007875
20
-3.9854330708661418
11
3.4856220472440942
21
-3.9854330708661418
0
LINE
8
BLACK
6
CONTINUOUS
10
3.4856220472440942
20
-3.9854330708661418
11
3.486526023622047
21
-3.9856128740157479
0
LINE
8
BLACK
6
CONTINUOUS
10
3.8408567322834646
20
-3.9856128740157479
11
3.8416230708661416
21
-3.9861249606299212
0
LINE
8
BLACK
6
CONTINUOUS
10
3.8416230708661416
20
-3.9861249606299212
11
3.8421351574803149
21
-3.9868912992125982
0
LINE
8
BLACK
6
CONTINUOUS
10
3.8421351574803149
20
-3.9868912992125982
11
3.8423149606299214
21
-3.987795275590551
0
LINE
8
BLACK
6
CONTINUOUS
10
3.8423149606299214
20
-3.987795275590551
11
3.8423149606299214
21
-3.9925196850393698
0
LINE
8
BLACK
6
CONTINUOUS
10
3.8423149606299214
20
-3.9925196850393698
11
3.8421351574803149
21
-3.9934236614173226
0
LINE
8
BLACK
6
CONTINUOUS
10
3.8421351574803149
20
-3.9934236614173226
11
3.8416230708661416
21
-3.9941900000000001
0
LINE
8
BLACK
6
CONTINUOUS
10
3.8416230708661416
20
-3.9941900000000001
11
3.8408567322834646
21
-3.9947020866141729
0
LINE
8
BLACK
6
CONTINUOUS
10
3.8408567322834646
20
-3.9947020866141729
11
3.8399527559055118
21
-3.9948818897637794
0
LINE
8
BLACK
6
CONTINUOUS
10
3.8399527559055118
20
-3.9948818897637794
11
3.8131811023622046
21
-3.9948818897637794
0
LINE
8
BLACK
6
CONTINUOUS
10
3.8131811023622046
20
-3.9948818897637794
11
3.8122771259842518
21
-3.9947020866141729
0
LINE
8
BLACK
6
CONTINUOUS
10
3.8122771259842518
20
-3.9947020866141729
11
3.8115107874015748
21
-3.9941900000000001
0
LINE
8
BLACK
6
CONTINUOUS
10
3.8115107874015748
20
-3.9941900000000001
11
3.8109987007874015
21
-3.9934236614173226
0
LINE
8
BLACK
6
CONTINUOUS
10
3.8109987007874015
20
-3.9934236614173226
11
3.810818897637795
21
-3.9925196850393698
0
LINE
8
BLACK
6
CONTINUOUS
10
3.810818897637795
20
-3.9925196850393698
11
3.810818897637795
21
-3.987795275590551
0
LINE
8
BLACK
6
CONTINUOUS
10
3.810818897637795
20
-3.987795275590551
11
3.8109987007874015
21
-3.9868912992125982
0
LINE
8
BLACK
6
CONTINUOUS
10
3.8109987007874015
20
-3.9868912992125982
11
3.8115107874015748
21
-3.9861249606299212
0
LINE
8
BLACK
6
CONTINUOUS
10
3.8115107874015748
20
-3.9861249606299212
11
3.8122771259842518
21
-3.9856128740157479
0
LINE
8
BLACK
6
CONTINUOUS
10
3.8122771259842518
20
-3.9856128740157479
11
3.8131811023622046
21
-3.9854330708661418
0
LINE
8
BLACK
6
CONTINUOUS
10
3.8131811023622046
20
-3.9854330708661418
11
3.8399527559055118
21
-3.9854330708661418
0
LINE
8
BLACK
6
CONTINUOUS
10
3.8399527559055118
20
-3.9854330708661418
11
3.8408567322834646
21
-3.9856128740157479
0
LINE
8
BLACK
6
CONTINUOUS
10
3.486526023622047
20
-3.9659278346456692
11
3.4872923622047245
21
-3.9664399212598425
0
LINE
8
BLACK
6
CONTINUOUS
10
3.4872923622047245
20
-3.9664399212598425
11
3.4878044488188977
21
-3.9672062598425195
0
LINE
8
BLACK
6
CONTINUOUS
10
3.4878044488188977
20
-3.9672062598425195
11
3.4879842519685038
21
-3.9681102362204723
0
LINE
8
BLACK
6
CONTINUOUS
10
3.4879842519685038
20
-3.9681102362204723
11
3.4879842519685038
21
-3.9728346456692911
0
LINE
8
BLACK
6
CONTINUOUS
10
3.4879842519685038
20
-3.9728346456692911
11
3.4878044488188977
21
-3.9737386220472439
0
LINE
8
BLACK
6
CONTINUOUS
10
3.4878044488188977
20
-3.9737386220472439
11
3.4872923622047245
21
-3.974504960629921
0
LINE
8
BLACK
6
CONTINUOUS
10
3.4872923622047245
20
-3.974504960629921
11
3.486526023622047
21
-3.9750170472440942
0
LINE
8
BLACK
6
CONTINUOUS
10
3.486526023622047
20
-3.9750170472440942
11
3.4856220472440942
21
-3.9751968503937007
0
LINE
8
BLACK
6
CONTINUOUS
10
3.4856220472440942
20
-3.9751968503937007
11
3.4588503937007875
21
-3.9751968503937007
0
LINE
8
BLACK
6
CONTINUOUS
10
3.4588503937007875
20
-3.9751968503937007
11
3.4579464173228347
21
-3.9750170472440942
0
LINE
8
BLACK
6
CONTINUOUS
10
3.4579464173228347
20
-3.9750170472440942
11
3.4571800787401572
21
-3.974504960629921
0
LINE
8
BLACK
6
CONTINUOUS
10
3.4571800787401572
20
-3.974504960629921
11
3.456667992125984
21
-3.9737386220472439
0
LINE
8
BLACK
6
CONTINUOUS
10
3.456667992125984
20
-3.9737386220472439
11
3.4564881889763779
21
-3.9728346456692911
0
LINE
8
BLACK
6
CONTINUOUS
10
3.4564881889763779
20
-3.9728346456692911
11
3.4564881889763779
21
-3.9681102362204723
0
LINE
8
BLACK
6
CONTINUOUS
10
3.4564881889763779
20
-3.9681102362204723
11
3.456667992125984
21
-3.9672062598425195
0
LINE
8
BLACK
6
CONTINUOUS
10
3.456667992125984
20
-3.9672062598425195
11
3.4571800787401572
21
-3.9664399212598425
0
LINE
8
BLACK
6
CONTINUOUS
10
3.4571800787401572
20
-3.9664399212598425
11
3.4579464173228347
21
-3.9659278346456692
0
LINE
8
BLACK
6
CONTINUOUS
10
3.4579464173228347
20
-3.9659278346456692
11
3.4588503937007875
21
-3.9657480314960627
0
LINE
8
BLACK
6
CONTINUOUS
10
3.4588503937007875
20
-3.9657480314960627
11
3.4856220472440942
21
-3.9657480314960627
0
LINE
8
BLACK
6
CONTINUOUS
10
3.4856220472440942
20
-3.9657480314960627
11
3.486526023622047
21
-3.9659278346456692
0
LINE
8
BLACK
6
CONTINUOUS
10
3.8408567322834646
20
-3.9659278346456692
11
3.8416230708661416
21
-3.9664399212598425
0
LINE
8
BLACK
6
CONTINUOUS
10
3.8416230708661416
20
-3.9664399212598425
11
3.8421351574803149
21
-3.9672062598425195
0
LINE
8
BLACK
6
CONTINUOUS
10
3.8421351574803149
20
-3.9672062598425195
11
3.8423149606299214
21
-3.9681102362204723
0
LINE
8
BLACK
6
CONTINUOUS
10
3.8423149606299214
20
-3.9681102362204723
11
3.8423149606299214
21
-3.9728346456692911
0
LINE
8
BLACK
6
CONTINUOUS
10
3.8423149606299214
20
-3.9728346456692911
11
3.8421351574803149
21
-3.9737386220472439
0
LINE
8
BLACK
6
CONTINUOUS
10
3.8421351574803149
20
-3.9737386220472439
11
3.8416230708661416
21
-3.974504960629921
0
LINE
8
BLACK
6
CONTINUOUS
10
3.8416230708661416
20
-3.974504960629921
11
3.8408567322834646
21
-3.9750170472440942
0
LINE
8
BLACK
6
CONTINUOUS
10
3.8408567322834646
20
-3.9750170472440942
11
3.8399527559055118
21
-3.9751968503937007
0
LINE
8
BLACK
6
CONTINUOUS
10
3.8399527559055118
20
-3.9751968503937007
11
3.8131811023622046
21
-3.9751968503937007
0
LINE
8
BLACK
6
CONTINUOUS
10
3.8131811023622046
20
-3.9751968503937007
11
3.8122771259842518
21
-3.9750170472440942
0
LINE
8
BLACK
6
CONTINUOUS
10
3.8122771259842518
20
-3.9750170472440942
11
3.8115107874015748
21
-3.974504960629921
0
LINE
8
BLACK
6
CONTINUOUS
10
3.8115107874015748
20
-3.974504960629921
11
3.8109987007874015
21
-3.9737386220472439
0
LINE
8
BLACK
6
CONTINUOUS
10
3.8109987007874015
20
-3.9737386220472439
11
3.810818897637795
21
-3.9728346456692911
0
LINE
8
BLACK
6
CONTINUOUS
10
3.810818897637795
20
-3.9728346456692911
11
3.810818897637795
21
-3.9681102362204723
0
LINE
8
BLACK
6
CONTINUOUS
10
3.810818897637795
20
-3.9681102362204723
11
3.8109987007874015
21
-3.9672062598425195
0
LINE
8
BLACK
6
CONTINUOUS
10
3.8109987007874015
20
-3.9672062598425195
11
3.8115107874015748
21
-3.9664399212598425
0
LINE
8
BLACK
6
CONTINUOUS
10
3.8115107874015748
20
-3.9664399212598425
11
3.8122771259842518
21
-3.9659278346456692
0
LINE
8
BLACK
6
CONTINUOUS
10
3.8122771259842518
20
-3.9659278346456692
11
3.8131811023622046
21
-3.9657480314960627
0
LINE
8
BLACK
6
CONTINUOUS
10
3.8131811023622046
20
-3.9657480314960627
11
3.8399527559055118
21
-3.9657480314960627
0
LINE
8
BLACK
6
CONTINUOUS
10
3.8399527559055118
20
-3.9657480314960627
11
3.8408567322834646
21
-3.9659278346456692
0
LINE
8
BLACK
6
CONTINUOUS
10
3.486526023622047
20
-3.9462427952755905
11
3.4872923622047245
21
-3.9467548818897638
0
LINE
8
BLACK
6
CONTINUOUS
10
3.4872923622047245
20
-3.9467548818897638
11
3.4878044488188977
21
-3.9475212204724408
0
LINE
8
BLACK
6
CONTINUOUS
10
3.4878044488188977
20
-3.9475212204724408
11
3.4879842519685038
21
-3.9484251968503936
0
LINE
8
BLACK
6
CONTINUOUS
10
3.4879842519685038
20
-3.9484251968503936
11
3.4879842519685038
21
-3.9531496062992124
0
LINE
8
BLACK
6
CONTINUOUS
10
3.4879842519685038
20
-3.9531496062992124
11
3.4878044488188977
21
-3.9540535826771652
0
LINE
8
BLACK
6
CONTINUOUS
10
3.4878044488188977
20
-3.9540535826771652
11
3.4872923622047245
21
-3.9548199212598423
0
LINE
8
BLACK
6
CONTINUOUS
10
3.4872923622047245
20
-3.9548199212598423
11
3.486526023622047
21
-3.9553320078740155
0
LINE
8
BLACK
6
CONTINUOUS
10
3.486526023622047
20
-3.9553320078740155
11
3.4856220472440942
21
-3.955511811023622
0
LINE
8
BLACK
6
CONTINUOUS
10
3.4856220472440942
20
-3.955511811023622
11
3.4588503937007875
21
-3.955511811023622
0
LINE
8
BLACK
6
CONTINUOUS
10
3.4588503937007875
20
-3.955511811023622
11
3.4579464173228347
21
-3.9553320078740155
0
LINE
8
BLACK
6
CONTINUOUS
10
3.4579464173228347
20
-3.9553320078740155
11
3.4571800787401572
21
-3.9548199212598423
0
LINE
8
BLACK
6
CONTINUOUS
10
3.4571800787401572
20
-3.9548199212598423
11
3.456667992125984
21
-3.9540535826771652
0
LINE
8
BLACK
6
CONTINUOUS
10
3.456667992125984
20
-3.9540535826771652
11
3.4564881889763779
21
-3.9531496062992124
0
LINE
8
BLACK
6
CONTINUOUS
10
3.4564881889763779
20
-3.9531496062992124
11
3.4564881889763779
21
-3.9484251968503936
0
LINE
8
BLACK
6
CONTINUOUS
10
3.4564881889763779
20
-3.9484251968503936
11
3.456667992125984
21
-3.9475212204724408
0
LINE
8
BLACK
6
CONTINUOUS
10
3.456667992125984
20
-3.9475212204724408
11
3.4571800787401572
21
-3.9467548818897638
0
LINE
8
BLACK
6
CONTINUOUS
10
3.4571800787401572
20
-3.9467548818897638
11
3.4579464173228347
21
-3.9462427952755905
0
LINE
8
BLACK
6
CONTINUOUS
10
3.4579464173228347
20
-3.9462427952755905
11
3.4588503937007875
21
-3.946062992125984
0
LINE
8
BLACK
6
CONTINUOUS
10
3.4588503937007875
20
-3.946062992125984
11
3.4856220472440942
21
-3.946062992125984
0
LINE
8
BLACK
6
CONTINUOUS
10
3.4856220472440942
20
-3.946062992125984
11
3.486526023622047
21
-3.9462427952755905
0
LINE
8
BLACK
6
CONTINUOUS
10
3.8408567322834646
20
-3.9462427952755905
11
3.8416230708661416
21
-3.9467548818897638
0
LINE
8
BLACK
6
CONTINUOUS
10
3.8416230708661416
20
-3.9467548818897638
11
3.8421351574803149
21
-3.9475212204724408
0
LINE
8
BLACK
6
CONTINUOUS
10
3.8421351574803149
20
-3.9475212204724408
11
3.8423149606299214
21
-3.9484251968503936
0
LINE
8
BLACK
6
CONTINUOUS
10
3.8423149606299214
20
-3.9484251968503936
11
3.8423149606299214
21
-3.9531496062992124
0
LINE
8
BLACK
6
CONTINUOUS
10
3.8423149606299214
20
-3.9531496062992124
11
3.8421351574803149
21
-3.9540535826771652
0
LINE
8
BLACK
6
CONTINUOUS
10
3.8421351574803149
20
-3.9540535826771652
11
3.8416230708661416
21
-3.9548199212598423
0
LINE
8
BLACK
6
CONTINUOUS
10
3.8416230708661416
20
-3.9548199212598423
11
3.8408567322834646
21
-3.9553320078740155
0
LINE
8
BLACK
6
CONTINUOUS
10
3.8408567322834646
20
-3.9553320078740155
11
3.8399527559055118
21
-3.955511811023622
0
LINE
8
BLACK
6
CONTINUOUS
10
3.8399527559055118
20
-3.955511811023622
11
3.8131811023622046
21
-3.955511811023622
0
LINE
8
BLACK
6
CONTINUOUS
10
3.8131811023622046
20
-3.955511811023622
11
3.8122771259842518
21
-3.9553320078740155
0
LINE
8
BLACK
6
CONTINUOUS
10
3.8122771259842518
20
-3.9553320078740155
11
3.8115107874015748
21
-3.9548199212598423
0
LINE
8
BLACK
6
CONTINUOUS
10
3.8115107874015748
20
-3.9548199212598423
11
3.8109987007874015
21
-3.9540535826771652
0
LINE
8
BLACK
6
CONTINUOUS
10
3.8109987007874015
20
-3.9540535826771652
11
3.810818897637795
21
-3.9531496062992124
0
LINE
8
BLACK
6
CONTINUOUS
10
3.810818897637795
20
-3.9531496062992124
11
3.810818897637795
21
-3.9484251968503936
0
LINE
8
BLACK
6
CONTINUOUS
10
3.810818897637795
20
-3.9484251968503936
11
3.8109987007874015
21
-3.9475212204724408
0
LINE
8
BLACK
6
CONTINUOUS
10
3.8109987007874015
20
-3.9475212204724408
11
3.8115107874015748
21
-3.9467548818897638
0
LINE
8
BLACK
6
CONTINUOUS
10
3.8115107874015748
20
-3.9467548818897638
11
3.8122771259842518
21
-3.9462427952755905
0
LINE
8
BLACK
6
CONTINUOUS
10
3.8122771259842518
20
-3.9462427952755905
11
3.8131811023622046
21
-3.946062992125984
0
LINE
8
BLACK
6
CONTINUOUS
10
3.8131811023622046
20
-3.946062992125984
11
3.8399527559055118
21
-3.946062992125984
0
LINE
8
BLACK
6
CONTINUOUS
10
3.8399527559055118
20
-3.946062992125984
11
3.8408567322834646
21
-3.9462427952755905
0
LINE
8
BLACK
6
CONTINUOUS
10
3.5548792913385827
20
-3.9107797637795274
11
3.5559446456692911
21
-3.9118451181102363
0
LINE
8
BLACK
6
CONTINUOUS
10
3.5559446456692911
20
-3.9118451181102363
11
3.5560944881889762
21
-3.9125984251968502
0
LINE
8
BLACK
6
CONTINUOUS
10
3.5560944881889762
20
-3.9125984251968502
11
3.5560944881889762
21
-3.9503937007874015
0
LINE
8
BLACK
6
CONTINUOUS
10
3.5560944881889762
20
-3.9503937007874015
11
3.5559446456692911
21
-3.9511470078740158
0
LINE
8
BLACK
6
CONTINUOUS
10
3.5559446456692911
20
-3.9511470078740158
11
3.5548792913385827
21
-3.9522123622047243
0
LINE
8
BLACK
6
CONTINUOUS
10
3.5548792913385827
20
-3.9522123622047243
11
3.5541259842519684
21
-3.9523622047244094
0
LINE
8
BLACK
6
CONTINUOUS
10
3.5541259842519684
20
-3.9523622047244094
11
3.5163307086614171
21
-3.9523622047244094
0
LINE
8
BLACK
6
CONTINUOUS
10
3.5163307086614171
20
-3.9523622047244094
11
3.5155774015748031
21
-3.9522123622047243
0
LINE
8
BLACK
6
CONTINUOUS
10
3.5155774015748031
20
-3.9522123622047243
11
3.5145120472440943
21
-3.9511470078740158
0
LINE
8
BLACK
6
CONTINUOUS
10
3.5145120472440943
20
-3.9511470078740158
11
3.5143622047244092
21
-3.9503937007874015
0
LINE
8
BLACK
6
CONTINUOUS
10
3.5143622047244092
20
-3.9503937007874015
11
3.5143622047244092
21
-3.9125984251968502
0
LINE
8
BLACK
6
CONTINUOUS
10
3.5143622047244092
20
-3.9125984251968502
11
3.5145120472440943
21
-3.9118451181102363
0
LINE
8
BLACK
6
CONTINUOUS
10
3.5145120472440943
20
-3.9118451181102363
11
3.5155774015748031
21
-3.9107797637795274
0
LINE
8
BLACK
6
CONTINUOUS
10
3.5155774015748031
20
-3.9107797637795274
11
3.5163307086614171
21
-3.9106299212598423
0
LINE
8
BLACK
6
CONTINUOUS
10
3.5163307086614171
20
-3.9106299212598423
11
3.5541259842519684
21
-3.9106299212598423
0
LINE
8
BLACK
6
CONTINUOUS
10
3.5541259842519684
20
-3.9106299212598423
11
3.5548792913385827
21
-3.9107797637795274
0
LINE
8
BLACK
6
CONTINUOUS
10
3.6005485826771655
20
-3.9107797637795274
11
3.6016139370078739
21
-3.9118451181102363
0
LINE
8
BLACK
6
CONTINUOUS
10
3.6016139370078739
20
-3.9118451181102363
11
3.601763779527559
21
-3.9125984251968502
0
LINE
8
BLACK
6
CONTINUOUS
10
3.601763779527559
20
-3.9125984251968502
11
3.601763779527559
21
-3.9503937007874015
0
LINE
8
BLACK
6
CONTINUOUS
10
3.601763779527559
20
-3.9503937007874015
11
3.6016139370078739
21
-3.9511470078740158
0
LINE
8
BLACK
6
CONTINUOUS
10
3.6016139370078739
20
-3.9511470078740158
11
3.6005485826771655
21
-3.9522123622047243
0
LINE
8
BLACK
6
CONTINUOUS
10
3.6005485826771655
20
-3.9522123622047243
11
3.5997952755905511
21
-3.9523622047244094
0
LINE
8
BLACK
6
CONTINUOUS
10
3.5997952755905511
20
-3.9523622047244094
11
3.5619999999999998
21
-3.9523622047244094
0
LINE
8
BLACK
6
CONTINUOUS
10
3.5619999999999998
20
-3.9523622047244094
11
3.5612466929133859
21
-3.9522123622047243
0
LINE
8
BLACK
6
CONTINUOUS
10
3.5612466929133859
20
-3.9522123622047243
11
3.560181338582677
21
-3.9511470078740158
0
LINE
8
BLACK
6
CONTINUOUS
10
3.560181338582677
20
-3.9511470078740158
11
3.560031496062992
21
-3.9503937007874015
0
LINE
8
BLACK
6
CONTINUOUS
10
3.560031496062992
20
-3.9503937007874015
11
3.560031496062992
21
-3.9125984251968502
0
LINE
8
BLACK
6
CONTINUOUS
10
3.560031496062992
20
-3.9125984251968502
11
3.560181338582677
21
-3.9118451181102363
0
LINE
8
BLACK
6
CONTINUOUS
10
3.560181338582677
20
-3.9118451181102363
11
3.5612466929133859
21
-3.9107797637795274
0
LINE
8
BLACK
6
CONTINUOUS
10
3.5612466929133859
20
-3.9107797637795274
11
3.5619999999999998
21
-3.9106299212598423
0
LINE
8
BLACK
6
CONTINUOUS
10
3.5619999999999998
20
-3.9106299212598423
11
3.5997952755905511
21
-3.9106299212598423
0
LINE
8
BLACK
6
CONTINUOUS
10
3.5997952755905511
20
-3.9106299212598423
11
3.6005485826771655
21
-3.9107797637795274
0
LINE
8
BLACK
6
CONTINUOUS
10
3.6462178740157478
20
-3.9107797637795274
11
3.6472832283464567
21
-3.9118451181102363
0
LINE
8
BLACK
6
CONTINUOUS
10
3.6472832283464567
20
-3.9118451181102363
11
3.6474330708661418
21
-3.9125984251968502
0
LINE
8
BLACK
6
CONTINUOUS
10
3.6474330708661418
20
-3.9125984251968502
11
3.6474330708661418
21
-3.9503937007874015
0
LINE
8
BLACK
6
CONTINUOUS
10
3.6474330708661418
20
-3.9503937007874015
11
3.6472832283464567
21
-3.9511470078740158
0
LINE
8
BLACK
6
CONTINUOUS
10
3.6472832283464567
20
-3.9511470078740158
11
3.6462178740157478
21
-3.9522123622047243
0
LINE
8
BLACK
6
CONTINUOUS
10
3.6462178740157478
20
-3.9522123622047243
11
3.6454645669291339
21
-3.9523622047244094
0
LINE
8
BLACK
6
CONTINUOUS
10
3.6454645669291339
20
-3.9523622047244094
11
3.6076692913385826
21
-3.9523622047244094
0
LINE
8
BLACK
6
CONTINUOUS
10
3.6076692913385826
20
-3.9523622047244094
11
3.6069159842519682
21
-3.9522123622047243
0
LINE
8
BLACK
6
CONTINUOUS
10
3.6069159842519682
20
-3.9522123622047243
11
3.6058506299212598
21
-3.9511470078740158
0
LINE
8
BLACK
6
CONTINUOUS
10
3.6058506299212598
20
-3.9511470078740158
11
3.6057007874015747
21
-3.9503937007874015
0
LINE
8
BLACK
6
CONTINUOUS
10
3.6057007874015747
20
-3.9503937007874015
11
3.6057007874015747
21
-3.9125984251968502
0
LINE
8
BLACK
6
CONTINUOUS
10
3.6057007874015747
20
-3.9125984251968502
11
3.6058506299212598
21
-3.9118451181102363
0
LINE
8
BLACK
6
CONTINUOUS
10
3.6058506299212598
20
-3.9118451181102363
11
3.6069159842519682
21
-3.9107797637795274
0
LINE
8
BLACK
6
CONTINUOUS
10
3.6069159842519682
20
-3.9107797637795274
11
3.6076692913385826
21
-3.9106299212598423
0
LINE
8
BLACK
6
CONTINUOUS
10
3.6076692913385826
20
-3.9106299212598423
11
3.6454645669291339
21
-3.9106299212598423
0
LINE
8
BLACK
6
CONTINUOUS
10
3.6454645669291339
20
-3.9106299212598423
11
3.6462178740157478
21
-3.9107797637795274
0
LINE
8
BLACK
6
CONTINUOUS
10
3.6918871653543306
20
-3.9107797637795274
11
3.6929525196850395
21
-3.9118451181102363
0
LINE
8
BLACK
6
CONTINUOUS
10
3.6929525196850395
20
-3.9118451181102363
11
3.6931023622047245
21
-3.9125984251968502
0
LINE
8
BLACK
6
CONTINUOUS
10
3.6931023622047245
20
-3.9125984251968502
11
3.6931023622047245
21
-3.9503937007874015
0
LINE
8
BLACK
6
CONTINUOUS
10
3.6931023622047245
20
-3.9503937007874015
11
3.6929525196850395
21
-3.9511470078740158
0
LINE
8
BLACK
6
CONTINUOUS
10
3.6929525196850395
20
-3.9511470078740158
11
3.6918871653543306
21
-3.9522123622047243
0
LINE
8
BLACK
6
CONTINUOUS
10
3.6918871653543306
20
-3.9522123622047243
11
3.6911338582677167
21
-3.9523622047244094
0
LINE
8
BLACK
6
CONTINUOUS
10
3.6911338582677167
20
-3.9523622047244094
11
3.6533385826771654
21
-3.9523622047244094
0
LINE
8
BLACK
6
CONTINUOUS
10
3.6533385826771654
20
-3.9523622047244094
11
3.652585275590551
21
-3.9522123622047243
0
LINE
8
BLACK
6
CONTINUOUS
10
3.652585275590551
20
-3.9522123622047243
11
3.6515199212598426
21
-3.9511470078740158
0
LINE
8
BLACK
6
CONTINUOUS
10
3.6515199212598426
20
-3.9511470078740158
11
3.6513700787401575
21
-3.9503937007874015
0
LINE
8
BLACK
6
CONTINUOUS
10
3.6513700787401575
20
-3.9503937007874015
11
3.6513700787401575
21
-3.9125984251968502
0
LINE
8
BLACK
6
CONTINUOUS
10
3.6513700787401575
20
-3.9125984251968502
11
3.6515199212598426
21
-3.9118451181102363
0
LINE
8
BLACK
6
CONTINUOUS
10
3.6515199212598426
20
-3.9118451181102363
11
3.652585275590551
21
-3.9107797637795274
0
LINE
8
BLACK
6
CONTINUOUS
10
3.652585275590551
20
-3.9107797637795274
11
3.6533385826771654
21
-3.9106299212598423
0
LINE
8
BLACK
6
CONTINUOUS
10
3.6533385826771654
20
-3.9106299212598423
11
3.6911338582677167
21
-3.9106299212598423
0
LINE
8
BLACK
6
CONTINUOUS
10
3.6911338582677167
20
-3.9106299212598423
11
3.6918871653543306
21
-3.9107797637795274
0
LINE
8
BLACK
6
CONTINUOUS
10
3.7375564566929134
20
-3.9107797637795274
11
3.7386218110236218
21
-3.9118451181102363
0
LINE
8
BLACK
6
CONTINUOUS
10
3.7386218110236218
20
-3.9118451181102363
11
3.7387716535433069
21
-3.9125984251968502
0
LINE
8
BLACK
6
CONTINUOUS
10
3.7387716535433069
20
-3.9125984251968502
11
3.7387716535433069
21
-3.9503937007874015
0
LINE
8
BLACK
6
CONTINUOUS
10
3.7387716535433069
20
-3.9503937007874015
11
3.7386218110236218
21
-3.9511470078740158
0
LINE
8
BLACK
6
CONTINUOUS
10
3.7386218110236218
20
-3.9511470078740158
11
3.7375564566929134
21
-3.9522123622047243
0
LINE
8
BLACK
6
CONTINUOUS
10
3.7375564566929134
20
-3.9522123622047243
11
3.736803149606299
21
-3.9523622047244094
0
LINE
8
BLACK
6
CONTINUOUS
10
3.736803149606299
20
-3.9523622047244094
11
3.6990078740157482
21
-3.9523622047244094
0
LINE
8
BLACK
6
CONTINUOUS
10
3.6990078740157482
20
-3.9523622047244094
11
3.6982545669291338
21
-3.9522123622047243
0
LINE
8
BLACK
6
CONTINUOUS
10
3.6982545669291338
20
-3.9522123622047243
11
3.6971892125984249
21
-3.9511470078740158
0
LINE
8
BLACK
6
CONTINUOUS
10
3.6971892125984249
20
-3.9511470078740158
11
3.6970393700787403
21
-3.9503937007874015
0
LINE
8
BLACK
6
CONTINUOUS
10
3.6970393700787403
20
-3.9503937007874015
11
3.6970393700787403
21
-3.9125984251968502
0
LINE
8
BLACK
6
CONTINUOUS
10
3.6970393700787403
20
-3.9125984251968502
11
3.6971892125984249
21
-3.9118451181102363
0
LINE
8
BLACK
6
CONTINUOUS
10
3.6971892125984249
20
-3.9118451181102363
11
3.6982545669291338
21
-3.9107797637795274
0
LINE
8
BLACK
6
CONTINUOUS
10
3.6982545669291338
20
-3.9107797637795274
11
3.6990078740157482
21
-3.9106299212598423
0
LINE
8
BLACK
6
CONTINUOUS
10
3.6990078740157482
20
-3.9106299212598423
11
3.736803149606299
21
-3.9106299212598423
0
LINE
8
BLACK
6
CONTINUOUS
10
3.736803149606299
20
-3.9106299212598423
11
3.7375564566929134
21
-3.9107797637795274
0
LINE
8
BLACK
6
CONTINUOUS
10
3.7832257480314961
20
-3.9107797637795274
11
3.7842911023622046
21
-3.9118451181102363
0
LINE
8
BLACK
6
CONTINUOUS
10
3.7842911023622046
20
-3.9118451181102363
11
3.7844409448818896
21
-3.9125984251968502
0
LINE
8
BLACK
6
CONTINUOUS
10
3.7844409448818896
20
-3.9125984251968502
11
3.7844409448818896
21
-3.9503937007874015
0
LINE
8
BLACK
6
CONTINUOUS
10
3.7844409448818896
20
-3.9503937007874015
11
3.7842911023622046
21
-3.9511470078740158
0
LINE
8
BLACK
6
CONTINUOUS
10
3.7842911023622046
20
-3.9511470078740158
11
3.7832257480314961
21
-3.9522123622047243
0
LINE
8
BLACK
6
CONTINUOUS
10
3.7832257480314961
20
-3.9522123622047243
11
3.7824724409448818
21
-3.9523622047244094
0
LINE
8
BLACK
6
CONTINUOUS
10
3.7824724409448818
20
-3.9523622047244094
11
3.7446771653543305
21
-3.9523622047244094
0
LINE
8
BLACK
6
CONTINUOUS
10
3.7446771653543305
20
-3.9523622047244094
11
3.7439238582677166
21
-3.9522123622047243
0
LINE
8
BLACK
6
CONTINUOUS
10
3.7439238582677166
20
-3.9522123622047243
11
3.7428585039370077
21
-3.9511470078740158
0
LINE
8
BLACK
6
CONTINUOUS
10
3.7428585039370077
20
-3.9511470078740158
11
3.7427086614173226
21
-3.9503937007874015
0
LINE
8
BLACK
6
CONTINUOUS
10
3.7427086614173226
20
-3.9503937007874015
11
3.7427086614173226
21
-3.9125984251968502
0
LINE
8
BLACK
6
CONTINUOUS
10
3.7427086614173226
20
-3.9125984251968502
11
3.7428585039370077
21
-3.9118451181102363
0
LINE
8
BLACK
6
CONTINUOUS
10
3.7428585039370077
20
-3.9118451181102363
11
3.7439238582677166
21
-3.9107797637795274
0
LINE
8
BLACK
6
CONTINUOUS
10
3.7439238582677166
20
-3.9107797637795274
11
3.7446771653543305
21
-3.9106299212598423
0
LINE
8
BLACK
6
CONTINUOUS
10
3.7446771653543305
20
-3.9106299212598423
11
3.7824724409448818
21
-3.9106299212598423
0
LINE
8
BLACK
6
CONTINUOUS
10
3.7824724409448818
20
-3.9106299212598423
11
3.7832257480314961
21
-3.9107797637795274
0
LINE
8
BLACK
6
CONTINUOUS
10
3.486526023622047
20
-3.9265577559055118
11
3.4872923622047245
21
-3.9270698425196851
0
LINE
8
BLACK
6
CONTINUOUS
10
3.4872923622047245
20
-3.9270698425196851
11
3.4878044488188977
21
-3.9278361811023621
0
LINE
8
BLACK
6
CONTINUOUS
10
3.4878044488188977
20
-3.9278361811023621
11
3.4879842519685038
21
-3.9287401574803149
0
LINE
8
BLACK
6
CONTINUOUS
10
3.4879842519685038
20
-3.9287401574803149
11
3.4879842519685038
21
-3.9334645669291337
0
LINE
8
BLACK
6
CONTINUOUS
10
3.4879842519685038
20
-3.9334645669291337
11
3.4878044488188977
21
-3.9343685433070865
0
LINE
8
BLACK
6
CONTINUOUS
10
3.4878044488188977
20
-3.9343685433070865
11
3.4872923622047245
21
-3.9351348818897636
0
LINE
8
BLACK
6
CONTINUOUS
10
3.4872923622047245
20
-3.9351348818897636
11
3.486526023622047
21
-3.9356469685039368
0
LINE
8
BLACK
6
CONTINUOUS
10
3.486526023622047
20
-3.9356469685039368
11
3.4856220472440942
21
-3.9358267716535433
0
LINE
8
BLACK
6
CONTINUOUS
10
3.4856220472440942
20
-3.9358267716535433
11
3.4588503937007875
21
-3.9358267716535433
0
LINE
8
BLACK
6
CONTINUOUS
10
3.4588503937007875
20
-3.9358267716535433
11
3.4579464173228347
21
-3.9356469685039368
0
LINE
8
BLACK
6
CONTINUOUS
10
3.4579464173228347
20
-3.9356469685039368
11
3.4571800787401572
21
-3.9351348818897636
0
LINE
8
BLACK
6
CONTINUOUS
10
3.4571800787401572
20
-3.9351348818897636
11
3.456667992125984
21
-3.9343685433070865
0
LINE
8
BLACK
6
CONTINUOUS
10
3.456667992125984
20
-3.9343685433070865
11
3.4564881889763779
21
-3.9334645669291337
0
LINE
8
BLACK
6
CONTINUOUS
10
3.4564881889763779
20
-3.9334645669291337
11
3.4564881889763779
21
-3.9287401574803149
0
LINE
8
BLACK
6
CONTINUOUS
10
3.4564881889763779
20
-3.9287401574803149
11
3.456667992125984
21
-3.9278361811023621
0
LINE
8
BLACK
6
CONTINUOUS
10
3.456667992125984
20
-3.9278361811023621
11
3.4571800787401572
21
-3.9270698425196851
0
LINE
8
BLACK
6
CONTINUOUS
10
3.4571800787401572
20
-3.9270698425196851
11
3.4579464173228347
21
-3.9265577559055118
0
LINE
8
BLACK
6
CONTINUOUS
10
3.4579464173228347
20
-3.9265577559055118
11
3.4588503937007875
21
-3.9263779527559053
0
LINE
8
BLACK
6
CONTINUOUS
10
3.4588503937007875
20
-3.9263779527559053
11
3.4856220472440942
21
-3.9263779527559053
0
LINE
8
BLACK
6
CONTINUOUS
10
3.4856220472440942
20
-3.9263779527559053
11
3.486526023622047
21
-3.9265577559055118
0
LINE
8
BLACK
6
CONTINUOUS
10
3.8408567322834646
20
-3.9265577559055118
11
3.8416230708661416
21
-3.9270698425196851
0
LINE
8
BLACK
6
CONTINUOUS
10
3.8416230708661416
20
-3.9270698425196851
11
3.8421351574803149
21
-3.9278361811023621
0
LINE
8
BLACK
6
CONTINUOUS
10
3.8421351574803149
20
-3.9278361811023621
11
3.8423149606299214
21
-3.9287401574803149
0
LINE
8
BLACK
6
CONTINUOUS
10
3.8423149606299214
20
-3.9287401574803149
11
3.8423149606299214
21
-3.9334645669291337
0
LINE
8
BLACK
6
CONTINUOUS
10
3.8423149606299214
20
-3.9334645669291337
11
3.8421351574803149
21
-3.9343685433070865
0
LINE
8
BLACK
6
CONTINUOUS
10
3.8421351574803149
20
-3.9343685433070865
11
3.8416230708661416
21
-3.9351348818897636
0
LINE
8
BLACK
6
CONTINUOUS
10
3.8416230708661416
20
-3.9351348818897636
11
3.8408567322834646
21
-3.9356469685039368
0
LINE
8
BLACK
6
CONTINUOUS
10
3.8408567322834646
20
-3.9356469685039368
11
3.8399527559055118
21
-3.9358267716535433
0
LINE
8
BLACK
6
CONTINUOUS
10
3.8399527559055118
20
-3.9358267716535433
11
3.8131811023622046
21
-3.9358267716535433
0
LINE
8
BLACK
6
CONTINUOUS
10
3.8131811023622046
20
-3.9358267716535433
11
3.8122771259842518
21
-3.9356469685039368
0
LINE
8
BLACK
6
CONTINUOUS
10
3.8122771259842518
20
-3.9356469685039368
11
3.8115107874015748
21
-3.9351348818897636
0
LINE
8
BLACK
6
CONTINUOUS
10
3.8115107874015748
20
-3.9351348818897636
11
3.8109987007874015
21
-3.9343685433070865
0
LINE
8
BLACK
6
CONTINUOUS
10
3.8109987007874015
20
-3.9343685433070865
11
3.810818897637795
21
-3.9334645669291337
0
LINE
8
BLACK
6
CONTINUOUS
10
3.810818897637795
20
-3.9334645669291337
11
3.810818897637795
21
-3.9287401574803149
0
LINE
8
BLACK
6
CONTINUOUS
10
3.810818897637795
20
-3.9287401574803149
11
3.8109987007874015
21
-3.9278361811023621
0
LINE
8
BLACK
6
CONTINUOUS
10
3.8109987007874015
20
-3.9278361811023621
11
3.8115107874015748
21
-3.9270698425196851
0
LINE
8
BLACK
6
CONTINUOUS
10
3.8115107874015748
20
-3.9270698425196851
11
3.8122771259842518
21
-3.9265577559055118
0
LINE
8
BLACK
6
CONTINUOUS
10
3.8122771259842518
20
-3.9265577559055118
11
3.8131811023622046
21
-3.9263779527559053
0
LINE
8
BLACK
6
CONTINUOUS
10
3.8131811023622046
20
-3.9263779527559053
11
3.8399527559055118
21
-3.9263779527559053
0
LINE
8
BLACK
6
CONTINUOUS
10
3.8399527559055118
20
-3.9263779527559053
11
3.8408567322834646
21
-3.9265577559055118
0
LINE
8
BLACK
6
CONTINUOUS
10
4.4164372047244091
20
-3.8515548425196848
11
4.4183380708661417
21
-3.8534557086614174
0
LINE
8
BLACK
6
CONTINUOUS
10
4.4183380708661417
20
-3.8534557086614174
11
4.4193668110236217
21
-3.8559393307086611
0
LINE
8
BLACK
6
CONTINUOUS
10
4.4193668110236217
20
-3.8559393307086611
11
4.4194992125984252
21
-3.8572834645669292
0
LINE
8
BLACK
6
CONTINUOUS
10
4.4194992125984252
20
-3.8572834645669292
11
4.4194992125984252
21
-3.9143700787401574
0
LINE
8
BLACK
6
CONTINUOUS
10
4.4194992125984252
20
-3.9143700787401574
11
4.4193668110236217
21
-3.915714212598425
0
LINE
8
BLACK
6
CONTINUOUS
10
4.4193668110236217
20
-3.915714212598425
11
4.4183380708661417
21
-3.9181978346456692
0
LINE
8
BLACK
6
CONTINUOUS
10
4.4183380708661417
20
-3.9181978346456692
11
4.4164372047244091
21
-3.9200987007874013
0
LINE
8
BLACK
6
CONTINUOUS
10
4.4164372047244091
20
-3.9200987007874013
11
4.4139535826771654
21
-3.9211274409448817
0
LINE
8
BLACK
6
CONTINUOUS
10
4.4139535826771654
20
-3.9211274409448817
11
4.4112653149606302
21
-3.9211274409448817
0
LINE
8
BLACK
6
CONTINUOUS
10
4.4112653149606302
20
-3.9211274409448817
11
4.4087816929133856
21
-3.9200987007874013
0
LINE
8
BLACK
6
CONTINUOUS
10
4.4087816929133856
20
-3.9200987007874013
11
4.406880826771653
21
-3.9181978346456692
0
LINE
8
BLACK
6
CONTINUOUS
10
4.406880826771653
20
-3.9181978346456692
11
4.405852086614173
21
-3.915714212598425
0
LINE
8
BLACK
6
CONTINUOUS
10
4.405852086614173
20
-3.915714212598425
11
4.4057196850393696
21
-3.9143700787401574
0
LINE
8
BLACK
6
CONTINUOUS
10
4.4057196850393696
20
-3.9143700787401574
11
4.4057196850393696
21
-3.8572834645669292
0
LINE
8
BLACK
6
CONTINUOUS
10
4.4057196850393696
20
-3.8572834645669292
11
4.405852086614173
21
-3.8559393307086611
0
LINE
8
BLACK
6
CONTINUOUS
10
4.405852086614173
20
-3.8559393307086611
11
4.406880826771653
21
-3.8534557086614174
0
LINE
8
BLACK
6
CONTINUOUS
10
4.406880826771653
20
-3.8534557086614174
11
4.4087816929133856
21
-3.8515548425196848
0
LINE
8
BLACK
6
CONTINUOUS
10
4.4087816929133856
20
-3.8515548425196848
11
4.4112653149606302
21
-3.8505261023622048
0
LINE
8
BLACK
6
CONTINUOUS
10
4.4112653149606302
20
-3.8505261023622048
11
4.4139535826771654
21
-3.8505261023622048
0
LINE
8
BLACK
6
CONTINUOUS
10
4.4139535826771654
20
-3.8505261023622048
11
4.4164372047244091
21
-3.8515548425196848
0
LINE
8
BLACK
6
CONTINUOUS
10
4.4479332677165351
20
-3.8515548425196848
11
4.4498341338582676
21
-3.8534557086614174
0
LINE
8
BLACK
6
CONTINUOUS
10
4.4498341338582676
20
-3.8534557086614174
11
4.4508628740157476
21
-3.8559393307086611
0
LINE
8
BLACK
6
CONTINUOUS
10
4.4508628740157476
20
-3.8559393307086611
11
4.4509952755905511
21
-3.8572834645669292
0
LINE
8
BLACK
6
CONTINUOUS
10
4.4509952755905511
20
-3.8572834645669292
11
4.4509952755905511
21
-3.9143700787401574
0
LINE
8
BLACK
6
CONTINUOUS
10
4.4509952755905511
20
-3.9143700787401574
11
4.4508628740157476
21
-3.915714212598425
0
LINE
8
BLACK
6
CONTINUOUS
10
4.4508628740157476
20
-3.915714212598425
11
4.4498341338582676
21
-3.9181978346456692
0
LINE
8
BLACK
6
CONTINUOUS
10
4.4498341338582676
20
-3.9181978346456692
11
4.4479332677165351
21
-3.9200987007874013
0
LINE
8
BLACK
6
CONTINUOUS
10
4.4479332677165351
20
-3.9200987007874013
11
4.4454496456692913
21
-3.9211274409448817
0
LINE
8
BLACK
6
CONTINUOUS
10
4.4454496456692913
20
-3.9211274409448817
11
4.4427613779527562
21
-3.9211274409448817
0
LINE
8
BLACK
6
CONTINUOUS
10
4.4427613779527562
20
-3.9211274409448817
11
4.4402777559055115
21
-3.9200987007874013
0
LINE
8
BLACK
6
CONTINUOUS
10
4.4402777559055115
20
-3.9200987007874013
11
4.4383768897637799
21
-3.9181978346456692
0
LINE
8
BLACK
6
CONTINUOUS
10
4.4383768897637799
20
-3.9181978346456692
11
4.437348149606299
21
-3.915714212598425
0
LINE
8
BLACK
6
CONTINUOUS
10
4.437348149606299
20
-3.915714212598425
11
4.4372157480314955
21
-3.9143700787401574
0
LINE
8
BLACK
6
CONTINUOUS
10
4.4372157480314955
20
-3.9143700787401574
11
4.4372157480314955
21
-3.8572834645669292
0
LINE
8
BLACK
6
CONTINUOUS
10
4.4372157480314955
20
-3.8572834645669292
11
4.437348149606299
21
-3.8559393307086611
0
LINE
8
BLACK
6
CONTINUOUS
10
4.437348149606299
20
-3.8559393307086611
11
4.4383768897637799
21
-3.8534557086614174
0
LINE
8
BLACK
6
CONTINUOUS
10
4.4383768897637799
20
-3.8534557086614174
11
4.4402777559055115
21
-3.8515548425196848
0
LINE
8
BLACK
6
CONTINUOUS
10
4.4402777559055115
20
-3.8515548425196848
11
4.4427613779527562
21
-3.8505261023622048
0
LINE
8
BLACK
6
CONTINUOUS
10
4.4427613779527562
20
-3.8505261023622048
11
4.4454496456692913
21
-3.8505261023622048
0
LINE
8
BLACK
6
CONTINUOUS
10
4.4454496456692913
20
-3.8505261023622048
11
4.4479332677165351
21
-3.8515548425196848
0
LINE
8
BLACK
6
CONTINUOUS
10
4.479429330708661
20
-3.8515548425196848
11
4.4813301968503936
21
-3.8534557086614174
0
LINE
8
BLACK
6
CONTINUOUS
10
4.4813301968503936
20
-3.8534557086614174
11
4.4823589370078736
21
-3.8559393307086611
0
LINE
8
BLACK
6
CONTINUOUS
10
4.4823589370078736
20
-3.8559393307086611
11
4.482491338582677
21
-3.8572834645669292
0
LINE
8
BLACK
6
CONTINUOUS
10
4.482491338582677
20
-3.8572834645669292
11
4.482491338582677
21
-3.9143700787401574
0
LINE
8
BLACK
6
CONTINUOUS
10
4.482491338582677
20
-3.9143700787401574
11
4.4823589370078736
21
-3.915714212598425
0
LINE
8
BLACK
6
CONTINUOUS
10
4.4823589370078736
20
-3.915714212598425
11
4.4813301968503936
21
-3.9181978346456692
0
LINE
8
BLACK
6
CONTINUOUS
10
4.4813301968503936
20
-3.9181978346456692
11
4.479429330708661
21
-3.9200987007874013
0
LINE
8
BLACK
6
CONTINUOUS
10
4.479429330708661
20
-3.9200987007874013
11
4.4769457086614173
21
-3.9211274409448817
0
LINE
8
BLACK
6
CONTINUOUS
10
4.4769457086614173
20
-3.9211274409448817
11
4.4742574409448821
21
-3.9211274409448817
0
LINE
8
BLACK
6
CONTINUOUS
10
4.4742574409448821
20
-3.9211274409448817
11
4.4717738188976375
21
-3.9200987007874013
0
LINE
8
BLACK
6
CONTINUOUS
10
4.4717738188976375
20
-3.9200987007874013
11
4.4698729527559058
21
-3.9181978346456692
0
LINE
8
BLACK
6
CONTINUOUS
10
4.4698729527559058
20
-3.9181978346456692
11
4.4688442125984249
21
-3.915714212598425
0
LINE
8
BLACK
6
CONTINUOUS
10
4.4688442125984249
20
-3.915714212598425
11
4.4687118110236224
21
-3.9143700787401574
0
LINE
8
BLACK
6
CONTINUOUS
10
4.4687118110236224
20
-3.9143700787401574
11
4.4687118110236224
21
-3.8572834645669292
0
LINE
8
BLACK
6
CONTINUOUS
10
4.4687118110236224
20
-3.8572834645669292
11
4.4688442125984249
21
-3.8559393307086611
0
LINE
8
BLACK
6
CONTINUOUS
10
4.4688442125984249
20
-3.8559393307086611
11
4.4698729527559058
21
-3.8534557086614174
0
LINE
8
BLACK
6
CONTINUOUS
10
4.4698729527559058
20
-3.8534557086614174
11
4.4717738188976375
21
-3.8515548425196848
0
LINE
8
BLACK
6
CONTINUOUS
10
4.4717738188976375
20
-3.8515548425196848
11
4.4742574409448821
21
-3.8505261023622048
0
LINE
8
BLACK
6
CONTINUOUS
10
4.4742574409448821
20
-3.8505261023622048
11
4.4769457086614173
21
-3.8505261023622048
0
LINE
8
BLACK
6
CONTINUOUS
10
4.4769457086614173
20
-3.8505261023622048
11
4.479429330708661
21
-3.8515548425196848
0
LINE
8
BLACK
6
CONTINUOUS
10
4.5109253937007869
20
-3.8515548425196848
11
4.5128262598425195
21
-3.8534557086614174
0
LINE
8
BLACK
6
CONTINUOUS
10
4.5128262598425195
20
-3.8534557086614174
11
4.5138549999999995
21
-3.8559393307086611
0
LINE
8
BLACK
6
CONTINUOUS
10
4.5138549999999995
20
-3.8559393307086611
11
4.5139874015748029
21
-3.8572834645669292
0
LINE
8
BLACK
6
CONTINUOUS
10
4.5139874015748029
20
-3.8572834645669292
11
4.5139874015748029
21
-3.9143700787401574
0
LINE
8
BLACK
6
CONTINUOUS
10
4.5139874015748029
20
-3.9143700787401574
11
4.5138549999999995
21
-3.915714212598425
0
LINE
8
BLACK
6
CONTINUOUS
10
4.5138549999999995
20
-3.915714212598425
11
4.5128262598425195
21
-3.9181978346456692
0
LINE
8
BLACK
6
CONTINUOUS
10
4.5128262598425195
20
-3.9181978346456692
11
4.5109253937007869
21
-3.9200987007874013
0
LINE
8
BLACK
6
CONTINUOUS
10
4.5109253937007869
20
-3.9200987007874013
11
4.5084417716535432
21
-3.9211274409448817
0
LINE
8
BLACK
6
CONTINUOUS
10
4.5084417716535432
20
-3.9211274409448817
11
4.505753503937008
21
-3.9211274409448817
0
LINE
8
BLACK
6
CONTINUOUS
10
4.505753503937008
20
-3.9211274409448817
11
4.5032698818897634
21
-3.9200987007874013
0
LINE
8
BLACK
6
CONTINUOUS
10
4.5032698818897634
20
-3.9200987007874013
11
4.5013690157480317
21
-3.9181978346456692
0
LINE
8
BLACK
6
CONTINUOUS
10
4.5013690157480317
20
-3.9181978346456692
11
4.5003402755905508
21
-3.915714212598425
0
LINE
8
BLACK
6
CONTINUOUS
10
4.5003402755905508
20
-3.915714212598425
11
4.5002078740157483
21
-3.9143700787401574
0
LINE
8
BLACK
6
CONTINUOUS
10
4.5002078740157483
20
-3.9143700787401574
11
4.5002078740157483
21
-3.8572834645669292
0
LINE
8
BLACK
6
CONTINUOUS
10
4.5002078740157483
20
-3.8572834645669292
11
4.5003402755905508
21
-3.8559393307086611
0
LINE
8
BLACK
6
CONTINUOUS
10
4.5003402755905508
20
-3.8559393307086611
11
4.5013690157480317
21
-3.8534557086614174
0
LINE
8
BLACK
6
CONTINUOUS
10
4.5013690157480317
20
-3.8534557086614174
11
4.5032698818897634
21
-3.8515548425196848
0
LINE
8
BLACK
6
CONTINUOUS
10
4.5032698818897634
20
-3.8515548425196848
11
4.505753503937008
21
-3.8505261023622048
0
LINE
8
BLACK
6
CONTINUOUS
10
4.505753503937008
20
-3.8505261023622048
11
4.5084417716535432
21
-3.8505261023622048
0
LINE
8
BLACK
6
CONTINUOUS
10
4.5084417716535432
20
-3.8505261023622048
11
4.5109253937007869
21
-3.8515548425196848
0
LINE
8
BLACK
6
CONTINUOUS
10
4.5424214566929129
20
-3.8515548425196848
11
4.5443223228346454
21
-3.8534557086614174
0
LINE
8
BLACK
6
CONTINUOUS
10
4.5443223228346454
20
-3.8534557086614174
11
4.5453510629921263
21
-3.8559393307086611
0
LINE
8
BLACK
6
CONTINUOUS
10
4.5453510629921263
20
-3.8559393307086611
11
4.5454834645669289
21
-3.8572834645669292
0
LINE
8
BLACK
6
CONTINUOUS
10
4.5454834645669289
20
-3.8572834645669292
11
4.5454834645669289
21
-3.9143700787401574
0
LINE
8
BLACK
6
CONTINUOUS
10
4.5454834645669289
20
-3.9143700787401574
11
4.5453510629921263
21
-3.915714212598425
0
LINE
8
BLACK
6
CONTINUOUS
10
4.5453510629921263
20
-3.915714212598425
11
4.5443223228346454
21
-3.9181978346456692
0
LINE
8
BLACK
6
CONTINUOUS
10
4.5443223228346454
20
-3.9181978346456692
11
4.5424214566929129
21
-3.9200987007874013
0
LINE
8
BLACK
6
CONTINUOUS
10
4.5424214566929129
20
-3.9200987007874013
11
4.5399378346456691
21
-3.9211274409448817
0
LINE
8
BLACK
6
CONTINUOUS
10
4.5399378346456691
20
-3.9211274409448817
11
4.5372495669291339
21
-3.9211274409448817
0
LINE
8
BLACK
6
CONTINUOUS
10
4.5372495669291339
20
-3.9211274409448817
11
4.5347659448818893
21
-3.9200987007874013
0
LINE
8
BLACK
6
CONTINUOUS
10
4.5347659448818893
20
-3.9200987007874013
11
4.5328650787401576
21
-3.9181978346456692
0
LINE
8
BLACK
6
CONTINUOUS
10
4.5328650787401576
20
-3.9181978346456692
11
4.5318363385826768
21
-3.915714212598425
0
LINE
8
BLACK
6
CONTINUOUS
10
4.5318363385826768
20
-3.915714212598425
11
4.5317039370078742
21
-3.9143700787401574
0
LINE
8
BLACK
6
CONTINUOUS
10
4.5317039370078742
20
-3.9143700787401574
11
4.5317039370078742
21
-3.8572834645669292
0
LINE
8
BLACK
6
CONTINUOUS
10
4.5317039370078742
20
-3.8572834645669292
11
4.5318363385826768
21
-3.8559393307086611
0
LINE
8
BLACK
6
CONTINUOUS
10
4.5318363385826768
20
-3.8559393307086611
11
4.5328650787401576
21
-3.8534557086614174
0
LINE
8
BLACK
6
CONTINUOUS
10
4.5328650787401576
20
-3.8534557086614174
11
4.5347659448818893
21
-3.8515548425196848
0
LINE
8
BLACK
6
CONTINUOUS
10
4.5347659448818893
20
-3.8515548425196848
11
4.5372495669291339
21
-3.8505261023622048
0
LINE
8
BLACK
6
CONTINUOUS
10
4.5372495669291339
20
-3.8505261023622048
11
4.5399378346456691
21
-3.8505261023622048
0
LINE
8
BLACK
6
CONTINUOUS
10
4.5399378346456691
20
-3.8505261023622048
11
4.5424214566929129
21
-3.8515548425196848
0
LINE
8
BLACK
6
CONTINUOUS
10
4.5739175196850397
20
-3.8515548425196848
11
4.5758183858267714
21
-3.8534557086614174
0
LINE
8
BLACK
6
CONTINUOUS
10
4.5758183858267714
20
-3.8534557086614174
11
4.5768471259842523
21
-3.8559393307086611
0
LINE
8
BLACK
6
CONTINUOUS
10
4.5768471259842523
20
-3.8559393307086611
11
4.5769795275590548
21
-3.8572834645669292
0
LINE
8
BLACK
6
CONTINUOUS
10
4.5769795275590548
20
-3.8572834645669292
11
4.5769795275590548
21
-3.9143700787401574
0
LINE
8
BLACK
6
CONTINUOUS
10
4.5769795275590548
20
-3.9143700787401574
11
4.5768471259842523
21
-3.915714212598425
0
LINE
8
BLACK
6
CONTINUOUS
10
4.5768471259842523
20
-3.915714212598425
11
4.5758183858267714
21
-3.9181978346456692
0
LINE
8
BLACK
6
CONTINUOUS
10
4.5758183858267714
20
-3.9181978346456692
11
4.5739175196850397
21
-3.9200987007874013
0
LINE
8
BLACK
6
CONTINUOUS
10
4.5739175196850397
20
-3.9200987007874013
11
4.5714338976377951
21
-3.9211274409448817
0
LINE
8
BLACK
6
CONTINUOUS
10
4.5714338976377951
20
-3.9211274409448817
11
4.5687456299212599
21
-3.9211274409448817
0
LINE
8
BLACK
6
CONTINUOUS
10
4.5687456299212599
20
-3.9211274409448817
11
4.5662620078740153
21
-3.9200987007874013
0
LINE
8
BLACK
6
CONTINUOUS
10
4.5662620078740153
20
-3.9200987007874013
11
4.5643611417322836
21
-3.9181978346456692
0
LINE
8
BLACK
6
CONTINUOUS
10
4.5643611417322836
20
-3.9181978346456692
11
4.5633324015748027
21
-3.915714212598425
0
LINE
8
BLACK
6
CONTINUOUS
10
4.5633324015748027
20
-3.915714212598425
11
4.5632000000000001
21
-3.9143700787401574
0
LINE
8
BLACK
6
CONTINUOUS
10
4.5632000000000001
20
-3.9143700787401574
11
4.5632000000000001
21
-3.8572834645669292
0
LINE
8
BLACK
6
CONTINUOUS
10
4.5632000000000001
20
-3.8572834645669292
11
4.5633324015748027
21
-3.8559393307086611
0
LINE
8
BLACK
6
CONTINUOUS
10
4.5633324015748027
20
-3.8559393307086611
11
4.5643611417322836
21
-3.8534557086614174
0
LINE
8
BLACK
6
CONTINUOUS
10
4.5643611417322836
20
-3.8534557086614174
11
4.5662620078740153
21
-3.8515548425196848
0
LINE
8
BLACK
6
CONTINUOUS
10
4.5662620078740153
20
-3.8515548425196848
11
4.5687456299212599
21
-3.8505261023622048
0
LINE
8
BLACK
6
CONTINUOUS
10
4.5687456299212599
20
-3.8505261023622048
11
4.5714338976377951
21
-3.8505261023622048
0
LINE
8
BLACK
6
CONTINUOUS
10
4.5714338976377951
20
-3.8505261023622048
11
4.5739175196850397
21
-3.8515548425196848
0
LINE
8
BLACK
6
CONTINUOUS
10
4.6054135826771656
20
-3.8515548425196848
11
4.6073144488188973
21
-3.8534557086614174
0
LINE
8
BLACK
6
CONTINUOUS
10
4.6073144488188973
20
-3.8534557086614174
11
4.6083431889763782
21
-3.8559393307086611
0
LINE
8
BLACK
6
CONTINUOUS
10
4.6083431889763782
20
-3.8559393307086611
11
4.6084755905511807
21
-3.8572834645669292
0
LINE
8
BLACK
6
CONTINUOUS
10
4.6084755905511807
20
-3.8572834645669292
11
4.6084755905511807
21
-3.9143700787401574
0
LINE
8
BLACK
6
CONTINUOUS
10
4.6084755905511807
20
-3.9143700787401574
11
4.6083431889763782
21
-3.915714212598425
0
LINE
8
BLACK
6
CONTINUOUS
10
4.6083431889763782
20
-3.915714212598425
11
4.6073144488188973
21
-3.9181978346456692
0
LINE
8
BLACK
6
CONTINUOUS
10
4.6073144488188973
20
-3.9181978346456692
11
4.6054135826771656
21
-3.9200987007874013
0
LINE
8
BLACK
6
CONTINUOUS
10
4.6054135826771656
20
-3.9200987007874013
11
4.602929960629921
21
-3.9211274409448817
0
LINE
8
BLACK
6
CONTINUOUS
10
4.602929960629921
20
-3.9211274409448817
11
4.6002416929133858
21
-3.9211274409448817
0
LINE
8
BLACK
6
CONTINUOUS
10
4.6002416929133858
20
-3.9211274409448817
11
4.5977580708661412
21
-3.9200987007874013
0
LINE
8
BLACK
6
CONTINUOUS
10
4.5977580708661412
20
-3.9200987007874013
11
4.5958572047244095
21
-3.9181978346456692
0
LINE
8
BLACK
6
CONTINUOUS
10
4.5958572047244095
20
-3.9181978346456692
11
4.5948284645669286
21
-3.915714212598425
0
LINE
8
BLACK
6
CONTINUOUS
10
4.5948284645669286
20
-3.915714212598425
11
4.5946960629921261
21
-3.9143700787401574
0
LINE
8
BLACK
6
CONTINUOUS
10
4.5946960629921261
20
-3.9143700787401574
11
4.5946960629921261
21
-3.8572834645669292
0
LINE
8
BLACK
6
CONTINUOUS
10
4.5946960629921261
20
-3.8572834645669292
11
4.5948284645669286
21
-3.8559393307086611
0
LINE
8
BLACK
6
CONTINUOUS
10
4.5948284645669286
20
-3.8559393307086611
11
4.5958572047244095
21
-3.8534557086614174
0
LINE
8
BLACK
6
CONTINUOUS
10
4.5958572047244095
20
-3.8534557086614174
11
4.5977580708661412
21
-3.8515548425196848
0
LINE
8
BLACK
6
CONTINUOUS
10
4.5977580708661412
20
-3.8515548425196848
11
4.6002416929133858
21
-3.8505261023622048
0
LINE
8
BLACK
6
CONTINUOUS
10
4.6002416929133858
20
-3.8505261023622048
11
4.602929960629921
21
-3.8505261023622048
0
LINE
8
BLACK
6
CONTINUOUS
10
4.602929960629921
20
-3.8505261023622048
11
4.6054135826771656
21
-3.8515548425196848
0
LINE
8
BLACK
6
CONTINUOUS
10
4.6369096456692915
20
-3.8515548425196848
11
4.6388105118110232
21
-3.8534557086614174
0
LINE
8
BLACK
6
CONTINUOUS
10
4.6388105118110232
20
-3.8534557086614174
11
4.6398392519685041
21
-3.8559393307086611
0
LINE
8
BLACK
6
CONTINUOUS
10
4.6398392519685041
20
-3.8559393307086611
11
4.6399716535433067
21
-3.8572834645669292
0
LINE
8
BLACK
6
CONTINUOUS
10
4.6399716535433067
20
-3.8572834645669292
11
4.6399716535433067
21
-3.9143700787401574
0
LINE
8
BLACK
6
CONTINUOUS
10
4.6399716535433067
20
-3.9143700787401574
11
4.6398392519685041
21
-3.915714212598425
0
LINE
8
BLACK
6
CONTINUOUS
10
4.6398392519685041
20
-3.915714212598425
11
4.6388105118110232
21
-3.9181978346456692
0
LINE
8
BLACK
6
CONTINUOUS
10
4.6388105118110232
20
-3.9181978346456692
11
4.6369096456692915
21
-3.9200987007874013
0
LINE
8
BLACK
6
CONTINUOUS
10
4.6369096456692915
20
-3.9200987007874013
11
4.6344260236220469
21
-3.9211274409448817
0
LINE
8
BLACK
6
CONTINUOUS
10
4.6344260236220469
20
-3.9211274409448817
11
4.6317377559055117
21
-3.9211274409448817
0
LINE
8
BLACK
6
CONTINUOUS
10
4.6317377559055117
20
-3.9211274409448817
11
4.629254133858268
21
-3.9200987007874013
0
LINE
8
BLACK
6
CONTINUOUS
10
4.629254133858268
20
-3.9200987007874013
11
4.6273532677165354
21
-3.9181978346456692
0
LINE
8
BLACK
6
CONTINUOUS
10
4.6273532677165354
20
-3.9181978346456692
11
4.6263245275590554
21
-3.915714212598425
0
LINE
8
BLACK
6
CONTINUOUS
10
4.6263245275590554
20
-3.915714212598425
11
4.626192125984252
21
-3.9143700787401574
0
LINE
8
BLACK
6
CONTINUOUS
10
4.626192125984252
20
-3.9143700787401574
11
4.626192125984252
21
-3.8572834645669292
0
LINE
8
BLACK
6
CONTINUOUS
10
4.626192125984252
20
-3.8572834645669292
11
4.6263245275590554
21
-3.8559393307086611
0
LINE
8
BLACK
6
CONTINUOUS
10
4.6263245275590554
20
-3.8559393307086611
11
4.6273532677165354
21
-3.8534557086614174
0
LINE
8
BLACK
6
CONTINUOUS
10
4.6273532677165354
20
-3.8534557086614174
11
4.629254133858268
21
-3.8515548425196848
0
LINE
8
BLACK
6
CONTINUOUS
10
4.629254133858268
20
-3.8515548425196848
11
4.6317377559055117
21
-3.8505261023622048
0
LINE
8
BLACK
6
CONTINUOUS
10
4.6317377559055117
20
-3.8505261023622048
11
4.6344260236220469
21
-3.8505261023622048
0
LINE
8
BLACK
6
CONTINUOUS
10
4.6344260236220469
20
-3.8505261023622048
11
4.6369096456692915
21
-3.8515548425196848
0
LINE
8
BLACK
6
CONTINUOUS
10
4.6684057086614175
20
-3.8515548425196848
11
4.6703065748031491
21
-3.8534557086614174
0
LINE
8
BLACK
6
CONTINUOUS
10
4.6703065748031491
20
-3.8534557086614174
11
4.67133531496063
21
-3.8559393307086611
0
LINE
8
BLACK
6
CONTINUOUS
10
4.67133531496063
20
-3.8559393307086611
11
4.6714677165354326
21
-3.8572834645669292
0
LINE
8
BLACK
6
CONTINUOUS
10
4.6714677165354326
20
-3.8572834645669292
11
4.6714677165354326
21
-3.9143700787401574
0
LINE
8
BLACK
6
CONTINUOUS
10
4.6714677165354326
20
-3.9143700787401574
11
4.67133531496063
21
-3.915714212598425
0
LINE
8
BLACK
6
CONTINUOUS
10
4.67133531496063
20
-3.915714212598425
11
4.6703065748031491
21
-3.9181978346456692
0
LINE
8
BLACK
6
CONTINUOUS
10
4.6703065748031491
20
-3.9181978346456692
11
4.6684057086614175
21
-3.9200987007874013
0
LINE
8
BLACK
6
CONTINUOUS
10
4.6684057086614175
20
-3.9200987007874013
11
4.6659220866141728
21
-3.9211274409448817
0
LINE
8
BLACK
6
CONTINUOUS
10
4.6659220866141728
20
-3.9211274409448817
11
4.6632338188976377
21
-3.9211274409448817
0
LINE
8
BLACK
6
CONTINUOUS
10
4.6632338188976377
20
-3.9211274409448817
11
4.6607501968503939
21
-3.9200987007874013
0
LINE
8
BLACK
6
CONTINUOUS
10
4.6607501968503939
20
-3.9200987007874013
11
4.6588493307086614
21
-3.9181978346456692
0
LINE
8
BLACK
6
CONTINUOUS
10
4.6588493307086614
20
-3.9181978346456692
11
4.6578205905511814
21
-3.915714212598425
0
LINE
8
BLACK
6
CONTINUOUS
10
4.6578205905511814
20
-3.915714212598425
11
4.6576881889763779
21
-3.9143700787401574
0
LINE
8
BLACK
6
CONTINUOUS
10
4.6576881889763779
20
-3.9143700787401574
11
4.6576881889763779
21
-3.8572834645669292
0
LINE
8
BLACK
6
CONTINUOUS
10
4.6576881889763779
20
-3.8572834645669292
11
4.6578205905511814
21
-3.8559393307086611
0
LINE
8
BLACK
6
CONTINUOUS
10
4.6578205905511814
20
-3.8559393307086611
11
4.6588493307086614
21
-3.8534557086614174
0
LINE
8
BLACK
6
CONTINUOUS
10
4.6588493307086614
20
-3.8534557086614174
11
4.6607501968503939
21
-3.8515548425196848
0
LINE
8
BLACK
6
CONTINUOUS
10
4.6607501968503939
20
-3.8515548425196848
11
4.6632338188976377
21
-3.8505261023622048
0
LINE
8
BLACK
6
CONTINUOUS
10
4.6632338188976377
20
-3.8505261023622048
11
4.6659220866141728
21
-3.8505261023622048
0
LINE
8
BLACK
6
CONTINUOUS
10
4.6659220866141728
20
-3.8505261023622048
11
4.6684057086614175
21
-3.8515548425196848
0
LINE
8
BLACK
6
CONTINUOUS
10
4.6999017716535434
20
-3.8515548425196848
11
4.7018026377952751
21
-3.8534557086614174
0
LINE
8
BLACK
6
CONTINUOUS
10
4.7018026377952751
20
-3.8534557086614174
11
4.702831377952756
21
-3.8559393307086611
0
LINE
8
BLACK
6
CONTINUOUS
10
4.702831377952756
20
-3.8559393307086611
11
4.7029637795275585
21
-3.8572834645669292
0
LINE
8
BLACK
6
CONTINUOUS
10
4.7029637795275585
20
-3.8572834645669292
11
4.7029637795275585
21
-3.9143700787401574
0
LINE
8
BLACK
6
CONTINUOUS
10
4.7029637795275585
20
-3.9143700787401574
11
4.702831377952756
21
-3.915714212598425
0
LINE
8
BLACK
6
CONTINUOUS
10
4.702831377952756
20
-3.915714212598425
11
4.7018026377952751
21
-3.9181978346456692
0
LINE
8
BLACK
6
CONTINUOUS
10
4.7018026377952751
20
-3.9181978346456692
11
4.6999017716535434
21
-3.9200987007874013
0
LINE
8
BLACK
6
CONTINUOUS
10
4.6999017716535434
20
-3.9200987007874013
11
4.6974181496062988
21
-3.9211274409448817
0
LINE
8
BLACK
6
CONTINUOUS
10
4.6974181496062988
20
-3.9211274409448817
11
4.6947298818897636
21
-3.9211274409448817
0
LINE
8
BLACK
6
CONTINUOUS
10
4.6947298818897636
20
-3.9211274409448817
11
4.6922462598425199
21
-3.9200987007874013
0
LINE
8
BLACK
6
CONTINUOUS
10
4.6922462598425199
20
-3.9200987007874013
11
4.6903453937007873
21
-3.9181978346456692
0
LINE
8
BLACK
6
CONTINUOUS
10
4.6903453937007873
20
-3.9181978346456692
11
4.6893166535433073
21
-3.915714212598425
0
LINE
8
BLACK
6
CONTINUOUS
10
4.6893166535433073
20
-3.915714212598425
11
4.6891842519685039
21
-3.9143700787401574
0
LINE
8
BLACK
6
CONTINUOUS
10
4.6891842519685039
20
-3.9143700787401574
11
4.6891842519685039
21
-3.8572834645669292
0
LINE
8
BLACK
6
CONTINUOUS
10
4.6891842519685039
20
-3.8572834645669292
11
4.6893166535433073
21
-3.8559393307086611
0
LINE
8
BLACK
6
CONTINUOUS
10
4.6893166535433073
20
-3.8559393307086611
11
4.6903453937007873
21
-3.8534557086614174
0
LINE
8
BLACK
6
CONTINUOUS
10
4.6903453937007873
20
-3.8534557086614174
11
4.6922462598425199
21
-3.8515548425196848
0
LINE
8
BLACK
6
CONTINUOUS
10
4.6922462598425199
20
-3.8515548425196848
11
4.6947298818897636
21
-3.8505261023622048
0
LINE
8
BLACK
6
CONTINUOUS
10
4.6947298818897636
20
-3.8505261023622048
11
4.6974181496062988
21
-3.8505261023622048
0
LINE
8
BLACK
6
CONTINUOUS
10
4.6974181496062988
20
-3.8505261023622048
11
4.6999017716535434
21
-3.8515548425196848
0
LINE
8
BLACK
6
CONTINUOUS
10
4.7313978346456693
20
-3.8515548425196848
11
4.7332987007874019
21
-3.8534557086614174
0
LINE
8
BLACK
6
CONTINUOUS
10
4.7332987007874019
20
-3.8534557086614174
11
4.7343274409448819
21
-3.8559393307086611
0
LINE
8
BLACK
6
CONTINUOUS
10
4.7343274409448819
20
-3.8559393307086611
11
4.7344598425196853
21
-3.8572834645669292
0
LINE
8
BLACK
6
CONTINUOUS
10
4.7344598425196853
20
-3.8572834645669292
11
4.7344598425196853
21
-3.9143700787401574
0
LINE
8
BLACK
6
CONTINUOUS
10
4.7344598425196853
20
-3.9143700787401574
11
4.7343274409448819
21
-3.915714212598425
0
LINE
8
BLACK
6
CONTINUOUS
10
4.7343274409448819
20
-3.915714212598425
11
4.7332987007874019
21
-3.9181978346456692
0
LINE
8
BLACK
6
CONTINUOUS
10
4.7332987007874019
20
-3.9181978346456692
11
4.7313978346456693
21
-3.9200987007874013
0
LINE
8
BLACK
6
CONTINUOUS
10
4.7313978346456693
20
-3.9200987007874013
11
4.7289142125984247
21
-3.9211274409448817
0
LINE
8
BLACK
6
CONTINUOUS
10
4.7289142125984247
20
-3.9211274409448817
11
4.7262259448818895
21
-3.9211274409448817
0
LINE
8
BLACK
6
CONTINUOUS
10
4.7262259448818895
20
-3.9211274409448817
11
4.7237423228346458
21
-3.9200987007874013
0
LINE
8
BLACK
6
CONTINUOUS
10
4.7237423228346458
20
-3.9200987007874013
11
4.7218414566929132
21
-3.9181978346456692
0
LINE
8
BLACK
6
CONTINUOUS
10
4.7218414566929132
20
-3.9181978346456692
11
4.7208127165354332
21
-3.915714212598425
0
LINE
8
BLACK
6
CONTINUOUS
10
4.7208127165354332
20
-3.915714212598425
11
4.7206803149606298
21
-3.9143700787401574
0
LINE
8
BLACK
6
CONTINUOUS
10
4.7206803149606298
20
-3.9143700787401574
11
4.7206803149606298
21
-3.8572834645669292
0
LINE
8
BLACK
6
CONTINUOUS
10
4.7206803149606298
20
-3.8572834645669292
11
4.7208127165354332
21
-3.8559393307086611
0
LINE
8
BLACK
6
CONTINUOUS
10
4.7208127165354332
20
-3.8559393307086611
11
4.7218414566929132
21
-3.8534557086614174
0
LINE
8
BLACK
6
CONTINUOUS
10
4.7218414566929132
20
-3.8534557086614174
11
4.7237423228346458
21
-3.8515548425196848
0
LINE
8
BLACK
6
CONTINUOUS
10
4.7237423228346458
20
-3.8515548425196848
11
4.7262259448818895
21
-3.8505261023622048
0
LINE
8
BLACK
6
CONTINUOUS
10
4.7262259448818895
20
-3.8505261023622048
11
4.7289142125984247
21
-3.8505261023622048
0
LINE
8
BLACK
6
CONTINUOUS
10
4.7289142125984247
20
-3.8505261023622048
11
4.7313978346456693
21
-3.8515548425196848
0
LINE
8
BLACK
6
CONTINUOUS
10
4.7628938976377952
20
-3.8515548425196848
11
4.7647947637795278
21
-3.8534557086614174
0
LINE
8
BLACK
6
CONTINUOUS
10
4.7647947637795278
20
-3.8534557086614174
11
4.7658235039370078
21
-3.8559393307086611
0
LINE
8
BLACK
6
CONTINUOUS
10
4.7658235039370078
20
-3.8559393307086611
11
4.7659559055118113
21
-3.8572834645669292
0
LINE
8
BLACK
6
CONTINUOUS
10
4.7659559055118113
20
-3.8572834645669292
11
4.7659559055118113
21
-3.9143700787401574
0
LINE
8
BLACK
6
CONTINUOUS
10
4.7659559055118113
20
-3.9143700787401574
11
4.7658235039370078
21
-3.915714212598425
0
LINE
8
BLACK
6
CONTINUOUS
10
4.7658235039370078
20
-3.915714212598425
11
4.7647947637795278
21
-3.9181978346456692
0
LINE
8
BLACK
6
CONTINUOUS
10
4.7647947637795278
20
-3.9181978346456692
11
4.7628938976377952
21
-3.9200987007874013
0
LINE
8
BLACK
6
CONTINUOUS
10
4.7628938976377952
20
-3.9200987007874013
11
4.7604102755905506
21
-3.9211274409448817
0
LINE
8
BLACK
6
CONTINUOUS
10
4.7604102755905506
20
-3.9211274409448817
11
4.7577220078740154
21
-3.9211274409448817
0
LINE
8
BLACK
6
CONTINUOUS
10
4.7577220078740154
20
-3.9211274409448817
11
4.7552383858267717
21
-3.9200987007874013
0
LINE
8
BLACK
6
CONTINUOUS
10
4.7552383858267717
20
-3.9200987007874013
11
4.7533375196850391
21
-3.9181978346456692
0
LINE
8
BLACK
6
CONTINUOUS
10
4.7533375196850391
20
-3.9181978346456692
11
4.7523087795275591
21
-3.915714212598425
0
LINE
8
BLACK
6
CONTINUOUS
10
4.7523087795275591
20
-3.915714212598425
11
4.7521763779527557
21
-3.9143700787401574
0
LINE
8
BLACK
6
CONTINUOUS
10
4.7521763779527557
20
-3.9143700787401574
11
4.7521763779527557
21
-3.8572834645669292
0
LINE
8
BLACK
6
CONTINUOUS
10
4.7521763779527557
20
-3.8572834645669292
11
4.7523087795275591
21
-3.8559393307086611
0
LINE
8
BLACK
6
CONTINUOUS
10
4.7523087795275591
20
-3.8559393307086611
11
4.7533375196850391
21
-3.8534557086614174
0
LINE
8
BLACK
6
CONTINUOUS
10
4.7533375196850391
20
-3.8534557086614174
11
4.7552383858267717
21
-3.8515548425196848
0
LINE
8
BLACK
6
CONTINUOUS
10
4.7552383858267717
20
-3.8515548425196848
11
4.7577220078740154
21
-3.8505261023622048
0
LINE
8
BLACK
6
CONTINUOUS
10
4.7577220078740154
20
-3.8505261023622048
11
4.7604102755905506
21
-3.8505261023622048
0
LINE
8
BLACK
6
CONTINUOUS
10
4.7604102755905506
20
-3.8505261023622048
11
4.7628938976377952
21
-3.8515548425196848
0
LINE
8
BLACK
6
CONTINUOUS
10
4.7943899606299212
20
-3.8515548425196848
11
4.7962908267716537
21
-3.8534557086614174
0
LINE
8
BLACK
6
CONTINUOUS
10
4.7962908267716537
20
-3.8534557086614174
11
4.7973195669291337
21
-3.8559393307086611
0
LINE
8
BLACK
6
CONTINUOUS
10
4.7973195669291337
20
-3.8559393307086611
11
4.7974519685039372
21
-3.8572834645669292
0
LINE
8
BLACK
6
CONTINUOUS
10
4.7974519685039372
20
-3.8572834645669292
11
4.7974519685039372
21
-3.9143700787401574
0
LINE
8
BLACK
6
CONTINUOUS
10
4.7974519685039372
20
-3.9143700787401574
11
4.7973195669291337
21
-3.915714212598425
0
LINE
8
BLACK
6
CONTINUOUS
10
4.7973195669291337
20
-3.915714212598425
11
4.7962908267716537
21
-3.9181978346456692
0
LINE
8
BLACK
6
CONTINUOUS
10
4.7962908267716537
20
-3.9181978346456692
11
4.7943899606299212
21
-3.9200987007874013
0
LINE
8
BLACK
6
CONTINUOUS
10
4.7943899606299212
20
-3.9200987007874013
11
4.7919063385826774
21
-3.9211274409448817
0
LINE
8
BLACK
6
CONTINUOUS
10
4.7919063385826774
20
-3.9211274409448817
11
4.7892180708661414
21
-3.9211274409448817
0
LINE
8
BLACK
6
CONTINUOUS
10
4.7892180708661414
20
-3.9211274409448817
11
4.7867344488188976
21
-3.9200987007874013
0
LINE
8
BLACK
6
CONTINUOUS
10
4.7867344488188976
20
-3.9200987007874013
11
4.7848335826771651
21
-3.9181978346456692
0
LINE
8
BLACK
6
CONTINUOUS
10
4.7848335826771651
20
-3.9181978346456692
11
4.7838048425196851
21
-3.915714212598425
0
LINE
8
BLACK
6
CONTINUOUS
10
4.7838048425196851
20
-3.915714212598425
11
4.7836724409448816
21
-3.9143700787401574
0
LINE
8
BLACK
6
CONTINUOUS
10
4.7836724409448816
20
-3.9143700787401574
11
4.7836724409448816
21
-3.8572834645669292
0
LINE
8
BLACK
6
CONTINUOUS
10
4.7836724409448816
20
-3.8572834645669292
11
4.7838048425196851
21
-3.8559393307086611
0
LINE
8
BLACK
6
CONTINUOUS
10
4.7838048425196851
20
-3.8559393307086611
11
4.7848335826771651
21
-3.8534557086614174
0
LINE
8
BLACK
6
CONTINUOUS
10
4.7848335826771651
20
-3.8534557086614174
11
4.7867344488188976
21
-3.8515548425196848
0
LINE
8
BLACK
6
CONTINUOUS
10
4.7867344488188976
20
-3.8515548425196848
11
4.7892180708661414
21
-3.8505261023622048
0
LINE
8
BLACK
6
CONTINUOUS
10
4.7892180708661414
20
-3.8505261023622048
11
4.7919063385826774
21
-3.8505261023622048
0
LINE
8
BLACK
6
CONTINUOUS
10
4.7919063385826774
20
-3.8505261023622048
11
4.7943899606299212
21
-3.8515548425196848
0
LINE
8
BLACK
6
CONTINUOUS
10
4.8258860236220471
20
-3.8515548425196848
11
4.8277868897637797
21
-3.8534557086614174
0
LINE
8
BLACK
6
CONTINUOUS
10
4.8277868897637797
20
-3.8534557086614174
11
4.8288156299212597
21
-3.8559393307086611
0
LINE
8
BLACK
6
CONTINUOUS
10
4.8288156299212597
20
-3.8559393307086611
11
4.8289480314960631
21
-3.8572834645669292
0
LINE
8
BLACK
6
CONTINUOUS
10
4.8289480314960631
20
-3.8572834645669292
11
4.8289480314960631
21
-3.9143700787401574
0
LINE
8
BLACK
6
CONTINUOUS
10
4.8289480314960631
20
-3.9143700787401574
11
4.8288156299212597
21
-3.915714212598425
0
LINE
8
BLACK
6
CONTINUOUS
10
4.8288156299212597
20
-3.915714212598425
11
4.8277868897637797
21
-3.9181978346456692
0
LINE
8
BLACK
6
CONTINUOUS
10
4.8277868897637797
20
-3.9181978346456692
11
4.8258860236220471
21
-3.9200987007874013
0
LINE
8
BLACK
6
CONTINUOUS
10
4.8258860236220471
20
-3.9200987007874013
11
4.8234024015748034
21
-3.9211274409448817
0
LINE
8
BLACK
6
CONTINUOUS
10
4.8234024015748034
20
-3.9211274409448817
11
4.8207141338582673
21
-3.9211274409448817
0
LINE
8
BLACK
6
CONTINUOUS
10
4.8207141338582673
20
-3.9211274409448817
11
4.8182305118110236
21
-3.9200987007874013
0
LINE
8
BLACK
6
CONTINUOUS
10
4.8182305118110236
20
-3.9200987007874013
11
4.816329645669291
21
-3.9181978346456692
0
LINE
8
BLACK
6
CONTINUOUS
10
4.816329645669291
20
-3.9181978346456692
11
4.815300905511811
21
-3.915714212598425
0
LINE
8
BLACK
6
CONTINUOUS
10
4.815300905511811
20
-3.915714212598425
11
4.8151685039370076
21
-3.9143700787401574
0
LINE
8
BLACK
6
CONTINUOUS
10
4.8151685039370076
20
-3.9143700787401574
11
4.8151685039370076
21
-3.8572834645669292
0
LINE
8
BLACK
6
CONTINUOUS
10
4.8151685039370076
20
-3.8572834645669292
11
4.815300905511811
21
-3.8559393307086611
0
LINE
8
BLACK
6
CONTINUOUS
10
4.815300905511811
20
-3.8559393307086611
11
4.816329645669291
21
-3.8534557086614174
0
LINE
8
BLACK
6
CONTINUOUS
10
4.816329645669291
20
-3.8534557086614174
11
4.8182305118110236
21
-3.8515548425196848
0
LINE
8
BLACK
6
CONTINUOUS
10
4.8182305118110236
20
-3.8515548425196848
11
4.8207141338582673
21
-3.8505261023622048
0
LINE
8
BLACK
6
CONTINUOUS
10
4.8207141338582673
20
-3.8505261023622048
11
4.8234024015748034
21
-3.8505261023622048
0
LINE
8
BLACK
6
CONTINUOUS
10
4.8234024015748034
20
-3.8505261023622048
11
4.8258860236220471
21
-3.8515548425196848
0
LINE
8
BLACK
6
CONTINUOUS
10
4.857382086614173
20
-3.8515548425196848
11
4.8592829527559056
21
-3.8534557086614174
0
LINE
8
BLACK
6
CONTINUOUS
10
4.8592829527559056
20
-3.8534557086614174
11
4.8603116929133856
21
-3.8559393307086611
0
LINE
8
BLACK
6
CONTINUOUS
10
4.8603116929133856
20
-3.8559393307086611
11
4.860444094488189
21
-3.8572834645669292
0
LINE
8
BLACK
6
CONTINUOUS
10
4.860444094488189
20
-3.8572834645669292
11
4.860444094488189
21
-3.9143700787401574
0
LINE
8
BLACK
6
CONTINUOUS
10
4.860444094488189
20
-3.9143700787401574
11
4.8603116929133856
21
-3.915714212598425
0
LINE
8
BLACK
6
CONTINUOUS
10
4.8603116929133856
20
-3.915714212598425
11
4.8592829527559056
21
-3.9181978346456692
0
LINE
8
BLACK
6
CONTINUOUS
10
4.8592829527559056
20
-3.9181978346456692
11
4.857382086614173
21
-3.9200987007874013
0
LINE
8
BLACK
6
CONTINUOUS
10
4.857382086614173
20
-3.9200987007874013
11
4.8548984645669293
21
-3.9211274409448817
0
LINE
8
BLACK
6
CONTINUOUS
10
4.8548984645669293
20
-3.9211274409448817
11
4.8522101968503932
21
-3.9211274409448817
0
LINE
8
BLACK
6
CONTINUOUS
10
4.8522101968503932
20
-3.9211274409448817
11
4.8497265748031495
21
-3.9200987007874013
0
LINE
8
BLACK
6
CONTINUOUS
10
4.8497265748031495
20
-3.9200987007874013
11
4.8478257086614169
21
-3.9181978346456692
0
LINE
8
BLACK
6
CONTINUOUS
10
4.8478257086614169
20
-3.9181978346456692
11
4.8467969685039369
21
-3.915714212598425
0
LINE
8
BLACK
6
CONTINUOUS
10
4.8467969685039369
20
-3.915714212598425
11
4.8466645669291335
21
-3.9143700787401574
0
LINE
8
BLACK
6
CONTINUOUS
10
4.8466645669291335
20
-3.9143700787401574
11
4.8466645669291335
21
-3.8572834645669292
0
LINE
8
BLACK
6
CONTINUOUS
10
4.8466645669291335
20
-3.8572834645669292
11
4.8467969685039369
21
-3.8559393307086611
0
LINE
8
BLACK
6
CONTINUOUS
10
4.8467969685039369
20
-3.8559393307086611
11
4.8478257086614169
21
-3.8534557086614174
0
LINE
8
BLACK
6
CONTINUOUS
10
4.8478257086614169
20
-3.8534557086614174
11
4.8497265748031495
21
-3.8515548425196848
0
LINE
8
BLACK
6
CONTINUOUS
10
4.8497265748031495
20
-3.8515548425196848
11
4.8522101968503932
21
-3.8505261023622048
0
LINE
8
BLACK
6
CONTINUOUS
10
4.8522101968503932
20
-3.8505261023622048
11
4.8548984645669293
21
-3.8505261023622048
0
LINE
8
BLACK
6
CONTINUOUS
10
4.8548984645669293
20
-3.8505261023622048
11
4.857382086614173
21
-3.8515548425196848
0
LINE
8
BLACK
6
CONTINUOUS
10
4.888878149606299
20
-3.8515548425196848
11
4.8907790157480315
21
-3.8534557086614174
0
LINE
8
BLACK
6
CONTINUOUS
10
4.8907790157480315
20
-3.8534557086614174
11
4.8918077559055115
21
-3.8559393307086611
0
LINE
8
BLACK
6
CONTINUOUS
10
4.8918077559055115
20
-3.8559393307086611
11
4.891940157480315
21
-3.8572834645669292
0
LINE
8
BLACK
6
CONTINUOUS
10
4.891940157480315
20
-3.8572834645669292
11
4.891940157480315
21
-3.9143700787401574
0
LINE
8
BLACK
6
CONTINUOUS
10
4.891940157480315
20
-3.9143700787401574
11
4.8918077559055115
21
-3.915714212598425
0
LINE
8
BLACK
6
CONTINUOUS
10
4.8918077559055115
20
-3.915714212598425
11
4.8907790157480315
21
-3.9181978346456692
0
LINE
8
BLACK
6
CONTINUOUS
10
4.8907790157480315
20
-3.9181978346456692
11
4.888878149606299
21
-3.9200987007874013
0
LINE
8
BLACK
6
CONTINUOUS
10
4.888878149606299
20
-3.9200987007874013
11
4.8863945275590552
21
-3.9211274409448817
0
LINE
8
BLACK
6
CONTINUOUS
10
4.8863945275590552
20
-3.9211274409448817
11
4.8837062598425192
21
-3.9211274409448817
0
LINE
8
BLACK
6
CONTINUOUS
10
4.8837062598425192
20
-3.9211274409448817
11
4.8812226377952754
21
-3.9200987007874013
0
LINE
8
BLACK
6
CONTINUOUS
10
4.8812226377952754
20
-3.9200987007874013
11
4.8793217716535429
21
-3.9181978346456692
0
LINE
8
BLACK
6
CONTINUOUS
10
4.8793217716535429
20
-3.9181978346456692
11
4.8782930314960629
21
-3.915714212598425
0
LINE
8
BLACK
6
CONTINUOUS
10
4.8782930314960629
20
-3.915714212598425
11
4.8781606299212594
21
-3.9143700787401574
0
LINE
8
BLACK
6
CONTINUOUS
10
4.8781606299212594
20
-3.9143700787401574
11
4.8781606299212594
21
-3.8572834645669292
0
LINE
8
BLACK
6
CONTINUOUS
10
4.8781606299212594
20
-3.8572834645669292
11
4.8782930314960629
21
-3.8559393307086611
0
LINE
8
BLACK
6
CONTINUOUS
10
4.8782930314960629
20
-3.8559393307086611
11
4.8793217716535429
21
-3.8534557086614174
0
LINE
8
BLACK
6
CONTINUOUS
10
4.8793217716535429
20
-3.8534557086614174
11
4.8812226377952754
21
-3.8515548425196848
0
LINE
8
BLACK
6
CONTINUOUS
10
4.8812226377952754
20
-3.8515548425196848
11
4.8837062598425192
21
-3.8505261023622048
0
LINE
8
BLACK
6
CONTINUOUS
10
4.8837062598425192
20
-3.8505261023622048
11
4.8863945275590552
21
-3.8505261023622048
0
LINE
8
BLACK
6
CONTINUOUS
10
4.8863945275590552
20
-3.8505261023622048
11
4.888878149606299
21
-3.8515548425196848
0
LINE
8
BLACK
6
CONTINUOUS
10
4.9203742125984249
20
-3.8515548425196848
11
4.9222750787401575
21
-3.8534557086614174
0
LINE
8
BLACK
6
CONTINUOUS
10
4.9222750787401575
20
-3.8534557086614174
11
4.9233038188976375
21
-3.8559393307086611
0
LINE
8
BLACK
6
CONTINUOUS
10
4.9233038188976375
20
-3.8559393307086611
11
4.9234362204724409
21
-3.8572834645669292
0
LINE
8
BLACK
6
CONTINUOUS
10
4.9234362204724409
20
-3.8572834645669292
11
4.9234362204724409
21
-3.9143700787401574
0
LINE
8
BLACK
6
CONTINUOUS
10
4.9234362204724409
20
-3.9143700787401574
11
4.9233038188976375
21
-3.915714212598425
0
LINE
8
BLACK
6
CONTINUOUS
10
4.9233038188976375
20
-3.915714212598425
11
4.9222750787401575
21
-3.9181978346456692
0
LINE
8
BLACK
6
CONTINUOUS
10
4.9222750787401575
20
-3.9181978346456692
11
4.9203742125984249
21
-3.9200987007874013
0
LINE
8
BLACK
6
CONTINUOUS
10
4.9203742125984249
20
-3.9200987007874013
11
4.9178905905511812
21
-3.9211274409448817
0
LINE
8
BLACK
6
CONTINUOUS
10
4.9178905905511812
20
-3.9211274409448817
11
4.915202322834646
21
-3.9211274409448817
0
LINE
8
BLACK
6
CONTINUOUS
10
4.915202322834646
20
-3.9211274409448817
11
4.9127187007874014
21
-3.9200987007874013
0
LINE
8
BLACK
6
CONTINUOUS
10
4.9127187007874014
20
-3.9200987007874013
11
4.9108178346456688
21
-3.9181978346456692
0
LINE
8
BLACK
6
CONTINUOUS
10
4.9108178346456688
20
-3.9181978346456692
11
4.9097890944881888
21
-3.915714212598425
0
LINE
8
BLACK
6
CONTINUOUS
10
4.9097890944881888
20
-3.915714212598425
11
4.9096566929133854
21
-3.9143700787401574
0
LINE
8
BLACK
6
CONTINUOUS
10
4.9096566929133854
20
-3.9143700787401574
11
4.9096566929133854
21
-3.8572834645669292
0
LINE
8
BLACK
6
CONTINUOUS
10
4.9096566929133854
20
-3.8572834645669292
11
4.9097890944881888
21
-3.8559393307086611
0
LINE
8
BLACK
6
CONTINUOUS
10
4.9097890944881888
20
-3.8559393307086611
11
4.9108178346456688
21
-3.8534557086614174
0
LINE
8
BLACK
6
CONTINUOUS
10
4.9108178346456688
20
-3.8534557086614174
11
4.9127187007874014
21
-3.8515548425196848
0
LINE
8
BLACK
6
CONTINUOUS
10
4.9127187007874014
20
-3.8515548425196848
11
4.915202322834646
21
-3.8505261023622048
0
LINE
8
BLACK
6
CONTINUOUS
10
4.915202322834646
20
-3.8505261023622048
11
4.9178905905511812
21
-3.8505261023622048
0
LINE
8
BLACK
6
CONTINUOUS
10
4.9178905905511812
20
-3.8505261023622048
11
4.9203742125984249
21
-3.8515548425196848
0
LINE
8
BLACK
6
CONTINUOUS
10
4.9518702755905508
20
-3.8515548425196848
11
4.9537711417322834
21
-3.8534557086614174
0
LINE
8
BLACK
6
CONTINUOUS
10
4.9537711417322834
20
-3.8534557086614174
11
4.9547998818897634
21
-3.8559393307086611
0
LINE
8
BLACK
6
CONTINUOUS
10
4.9547998818897634
20
-3.8559393307086611
11
4.9549322834645668
21
-3.8572834645669292
0
LINE
8
BLACK
6
CONTINUOUS
10
4.9549322834645668
20
-3.8572834645669292
11
4.9549322834645668
21
-3.9143700787401574
0
LINE
8
BLACK
6
CONTINUOUS
10
4.9549322834645668
20
-3.9143700787401574
11
4.9547998818897634
21
-3.915714212598425
0
LINE
8
BLACK
6
CONTINUOUS
10
4.9547998818897634
20
-3.915714212598425
11
4.9537711417322834
21
-3.9181978346456692
0
LINE
8
BLACK
6
CONTINUOUS
10
4.9537711417322834
20
-3.9181978346456692
11
4.9518702755905508
21
-3.9200987007874013
0
LINE
8
BLACK
6
CONTINUOUS
10
4.9518702755905508
20
-3.9200987007874013
11
4.9493866535433071
21
-3.9211274409448817
0
LINE
8
BLACK
6
CONTINUOUS
10
4.9493866535433071
20
-3.9211274409448817
11
4.9466983858267719
21
-3.9211274409448817
0
LINE
8
BLACK
6
CONTINUOUS
10
4.9466983858267719
20
-3.9211274409448817
11
4.9442147637795273
21
-3.9200987007874013
0
LINE
8
BLACK
6
CONTINUOUS
10
4.9442147637795273
20
-3.9200987007874013
11
4.9423138976377956
21
-3.9181978346456692
0
LINE
8
BLACK
6
CONTINUOUS
10
4.9423138976377956
20
-3.9181978346456692
11
4.9412851574803147
21
-3.915714212598425
0
LINE
8
BLACK
6
CONTINUOUS
10
4.9412851574803147
20
-3.915714212598425
11
4.9411527559055113
21
-3.9143700787401574
0
LINE
8
BLACK
6
CONTINUOUS
10
4.9411527559055113
20
-3.9143700787401574
11
4.9411527559055113
21
-3.8572834645669292
0
LINE
8
BLACK
6
CONTINUOUS
10
4.9411527559055113
20
-3.8572834645669292
11
4.9412851574803147
21
-3.8559393307086611
0
LINE
8
BLACK
6
CONTINUOUS
10
4.9412851574803147
20
-3.8559393307086611
11
4.9423138976377956
21
-3.8534557086614174
0
LINE
8
BLACK
6
CONTINUOUS
10
4.9423138976377956
20
-3.8534557086614174
11
4.9442147637795273
21
-3.8515548425196848
0
LINE
8
BLACK
6
CONTINUOUS
10
4.9442147637795273
20
-3.8515548425196848
11
4.9466983858267719
21
-3.8505261023622048
0
LINE
8
BLACK
6
CONTINUOUS
10
4.9466983858267719
20
-3.8505261023622048
11
4.9493866535433071
21
-3.8505261023622048
0
LINE
8
BLACK
6
CONTINUOUS
10
4.9493866535433071
20
-3.8505261023622048
11
4.9518702755905508
21
-3.8515548425196848
0
LINE
8
BLACK
6
CONTINUOUS
10
3.486526023622047
20
-3.9068727165354331
11
3.4872923622047245
21
-3.9073848031496063
0
LINE
8
BLACK
6
CONTINUOUS
10
3.4872923622047245
20
-3.9073848031496063
11
3.4878044488188977
21
-3.9081511417322834
0
LINE
8
BLACK
6
CONTINUOUS
10
3.4878044488188977
20
-3.9081511417322834
11
3.4879842519685038
21
-3.9090551181102362
0
LINE
8
BLACK
6
CONTINUOUS
10
3.4879842519685038
20
-3.9090551181102362
11
3.4879842519685038
21
-3.913779527559055
0
LINE
8
BLACK
6
CONTINUOUS
10
3.4879842519685038
20
-3.913779527559055
11
3.4878044488188977
21
-3.9146835039370078
0
LINE
8
BLACK
6
CONTINUOUS
10
3.4878044488188977
20
-3.9146835039370078
11
3.4872923622047245
21
-3.9154498425196849
0
LINE
8
BLACK
6
CONTINUOUS
10
3.4872923622047245
20
-3.9154498425196849
11
3.486526023622047
21
-3.9159619291338581
0
LINE
8
BLACK
6
CONTINUOUS
10
3.486526023622047
20
-3.9159619291338581
11
3.4856220472440942
21
-3.9161417322834646
0
LINE
8
BLACK
6
CONTINUOUS
10
3.4856220472440942
20
-3.9161417322834646
11
3.4588503937007875
21
-3.9161417322834646
0
LINE
8
BLACK
6
CONTINUOUS
10
3.4588503937007875
20
-3.9161417322834646
11
3.4579464173228347
21
-3.9159619291338581
0
LINE
8
BLACK
6
CONTINUOUS
10
3.4579464173228347
20
-3.9159619291338581
11
3.4571800787401572
21
-3.9154498425196849
0
LINE
8
BLACK
6
CONTINUOUS
10
3.4571800787401572
20
-3.9154498425196849
11
3.456667992125984
21
-3.9146835039370078
0
LINE
8
BLACK
6
CONTINUOUS
10
3.456667992125984
20
-3.9146835039370078
11
3.4564881889763779
21
-3.913779527559055
0
LINE
8
BLACK
6
CONTINUOUS
10
3.4564881889763779
20
-3.913779527559055
11
3.4564881889763779
21
-3.9090551181102362
0
LINE
8
BLACK
6
CONTINUOUS
10
3.4564881889763779
20
-3.9090551181102362
11
3.456667992125984
21
-3.9081511417322834
0
LINE
8
BLACK
6
CONTINUOUS
10
3.456667992125984
20
-3.9081511417322834
11
3.4571800787401572
21
-3.9073848031496063
0
LINE
8
BLACK
6
CONTINUOUS
10
3.4571800787401572
20
-3.9073848031496063
11
3.4579464173228347
21
-3.9068727165354331
0
LINE
8
BLACK
6
CONTINUOUS
10
3.4579464173228347
20
-3.9068727165354331
11
3.4588503937007875
21
-3.9066929133858266
0
LINE
8
BLACK
6
CONTINUOUS
10
3.4588503937007875
20
-3.9066929133858266
11
3.4856220472440942
21
-3.9066929133858266
0
LINE
8
BLACK
6
CONTINUOUS
10
3.4856220472440942
20
-3.9066929133858266
11
3.486526023622047
21
-3.9068727165354331
0
LINE
8
BLACK
6
CONTINUOUS
10
3.8408567322834646
20
-3.9068727165354331
11
3.8416230708661416
21
-3.9073848031496063
0
LINE
8
BLACK
6
CONTINUOUS
10
3.8416230708661416
20
-3.9073848031496063
11
3.8421351574803149
21
-3.9081511417322834
0
LINE
8
BLACK
6
CONTINUOUS
10
3.8421351574803149
20
-3.9081511417322834
11
3.8423149606299214
21
-3.9090551181102362
0
LINE
8
BLACK
6
CONTINUOUS
10
3.8423149606299214
20
-3.9090551181102362
11
3.8423149606299214
21
-3.913779527559055
0
LINE
8
BLACK
6
CONTINUOUS
10
3.8423149606299214
20
-3.913779527559055
11
3.8421351574803149
21
-3.9146835039370078
0
LINE
8
BLACK
6
CONTINUOUS
10
3.8421351574803149
20
-3.9146835039370078
11
3.8416230708661416
21
-3.9154498425196849
0
LINE
8
BLACK
6
CONTINUOUS
10
3.8416230708661416
20
-3.9154498425196849
11
3.8408567322834646
21
-3.9159619291338581
0
LINE
8
BLACK
6
CONTINUOUS
10
3.8408567322834646
20
-3.9159619291338581
11
3.8399527559055118
21
-3.9161417322834646
0
LINE
8
BLACK
6
CONTINUOUS
10
3.8399527559055118
20
-3.9161417322834646
11
3.8131811023622046
21
-3.9161417322834646
0
LINE
8
BLACK
6
CONTINUOUS
10
3.8131811023622046
20
-3.9161417322834646
11
3.8122771259842518
21
-3.9159619291338581
0
LINE
8
BLACK
6
CONTINUOUS
10
3.8122771259842518
20
-3.9159619291338581
11
3.8115107874015748
21
-3.9154498425196849
0
LINE
8
BLACK
6
CONTINUOUS
10
3.8115107874015748
20
-3.9154498425196849
11
3.8109987007874015
21
-3.9146835039370078
0
LINE
8
BLACK
6
CONTINUOUS
10
3.8109987007874015
20
-3.9146835039370078
11
3.810818897637795
21
-3.913779527559055
0
LINE
8
BLACK
6
CONTINUOUS
10
3.810818897637795
20
-3.913779527559055
11
3.810818897637795
21
-3.9090551181102362
0
LINE
8
BLACK
6
CONTINUOUS
10
3.810818897637795
20
-3.9090551181102362
11
3.8109987007874015
21
-3.9081511417322834
0
LINE
8
BLACK
6
CONTINUOUS
10
3.8109987007874015
20
-3.9081511417322834
11
3.8115107874015748
21
-3.9073848031496063
0
LINE
8
BLACK
6
CONTINUOUS
10
3.8115107874015748
20
-3.9073848031496063
11
3.8122771259842518
21
-3.9068727165354331
0
LINE
8
BLACK
6
CONTINUOUS
10
3.8122771259842518
20
-3.9068727165354331
11
3.8131811023622046
21
-3.9066929133858266
0
LINE
8
BLACK
6
CONTINUOUS
10
3.8131811023622046
20
-3.9066929133858266
11
3.8399527559055118
21
-3.9066929133858266
0
LINE
8
BLACK
6
CONTINUOUS
10
3.8399527559055118
20
-3.9066929133858266
11
3.8408567322834646
21
-3.9068727165354331
0
LINE
8
BLACK
6
CONTINUOUS
10
3.5548792913385827
20
-3.8651104724409446
11
3.5559446456692911
21
-3.8661758267716535
0
LINE
8
BLACK
6
CONTINUOUS
10
3.5559446456692911
20
-3.8661758267716535
11
3.5560944881889762
21
-3.8669291338582674
0
LINE
8
BLACK
6
CONTINUOUS
10
3.5560944881889762
20
-3.8669291338582674
11
3.5560944881889762
21
-3.9047244094488187
0
LINE
8
BLACK
6
CONTINUOUS
10
3.5560944881889762
20
-3.9047244094488187
11
3.5559446456692911
21
-3.9054777165354331
0
LINE
8
BLACK
6
CONTINUOUS
10
3.5559446456692911
20
-3.9054777165354331
11
3.5548792913385827
21
-3.9065430708661415
0
LINE
8
BLACK
6
CONTINUOUS
10
3.5548792913385827
20
-3.9065430708661415
11
3.5541259842519684
21
-3.9066929133858266
0
LINE
8
BLACK
6
CONTINUOUS
10
3.5541259842519684
20
-3.9066929133858266
11
3.5163307086614171
21
-3.9066929133858266
0
LINE
8
BLACK
6
CONTINUOUS
10
3.5163307086614171
20
-3.9066929133858266
11
3.5155774015748031
21
-3.9065430708661415
0
LINE
8
BLACK
6
CONTINUOUS
10
3.5155774015748031
20
-3.9065430708661415
11
3.5145120472440943
21
-3.9054777165354331
0
LINE
8
BLACK
6
CONTINUOUS
10
3.5145120472440943
20
-3.9054777165354331
11
3.5143622047244092
21
-3.9047244094488187
0
LINE
8
BLACK
6
CONTINUOUS
10
3.5143622047244092
20
-3.9047244094488187
11
3.5143622047244092
21
-3.8669291338582674
0
LINE
8
BLACK
6
CONTINUOUS
10
3.5143622047244092
20
-3.8669291338582674
11
3.5145120472440943
21
-3.8661758267716535
0
LINE
8
BLACK
6
CONTINUOUS
10
3.5145120472440943
20
-3.8661758267716535
11
3.5155774015748031
21
-3.8651104724409446
0
LINE
8
BLACK
6
CONTINUOUS
10
3.5155774015748031
20
-3.8651104724409446
11
3.5163307086614171
21
-3.8649606299212595
0
LINE
8
BLACK
6
CONTINUOUS
10
3.5163307086614171
20
-3.8649606299212595
11
3.5541259842519684
21
-3.8649606299212595
0
LINE
8
BLACK
6
CONTINUOUS
10
3.5541259842519684
20
-3.8649606299212595
11
3.5548792913385827
21
-3.8651104724409446
0
LINE
8
BLACK
6
CONTINUOUS
10
3.6005485826771655
20
-3.8651104724409446
11
3.6016139370078739
21
-3.8661758267716535
0
LINE
8
BLACK
6
CONTINUOUS
10
3.6016139370078739
20
-3.8661758267716535
11
3.601763779527559
21
-3.8669291338582674
0
LINE
8
BLACK
6
CONTINUOUS
10
3.601763779527559
20
-3.8669291338582674
11
3.601763779527559
21
-3.9047244094488187
0
LINE
8
BLACK
6
CONTINUOUS
10
3.601763779527559
20
-3.9047244094488187
11
3.6016139370078739
21
-3.9054777165354331
0
LINE
8
BLACK
6
CONTINUOUS
10
3.6016139370078739
20
-3.9054777165354331
11
3.6005485826771655
21
-3.9065430708661415
0
LINE
8
BLACK
6
CONTINUOUS
10
3.6005485826771655
20
-3.9065430708661415
11
3.5997952755905511
21
-3.9066929133858266
0
LINE
8
BLACK
6
CONTINUOUS
10
3.5997952755905511
20
-3.9066929133858266
11
3.5619999999999998
21
-3.9066929133858266
0
LINE
8
BLACK
6
CONTINUOUS
10
3.5619999999999998
20
-3.9066929133858266
11
3.5612466929133859
21
-3.9065430708661415
0
LINE
8
BLACK
6
CONTINUOUS
10
3.5612466929133859
20
-3.9065430708661415
11
3.560181338582677
21
-3.9054777165354331
0
LINE
8
BLACK
6
CONTINUOUS
10
3.560181338582677
20
-3.9054777165354331
11
3.560031496062992
21
-3.9047244094488187
0
LINE
8
BLACK
6
CONTINUOUS
10
3.560031496062992
20
-3.9047244094488187
11
3.560031496062992
21
-3.8669291338582674
0
LINE
8
BLACK
6
CONTINUOUS
10
3.560031496062992
20
-3.8669291338582674
11
3.560181338582677
21
-3.8661758267716535
0
LINE
8
BLACK
6
CONTINUOUS
10
3.560181338582677
20
-3.8661758267716535
11
3.5612466929133859
21
-3.8651104724409446
0
LINE
8
BLACK
6
CONTINUOUS
10
3.5612466929133859
20
-3.8651104724409446
11
3.5619999999999998
21
-3.8649606299212595
0
LINE
8
BLACK
6
CONTINUOUS
10
3.5619999999999998
20
-3.8649606299212595
11
3.5997952755905511
21
-3.8649606299212595
0
LINE
8
BLACK
6
CONTINUOUS
10
3.5997952755905511
20
-3.8649606299212595
11
3.6005485826771655
21
-3.8651104724409446
0
LINE
8
BLACK
6
CONTINUOUS
10
3.6462178740157478
20
-3.8651104724409446
11
3.6472832283464567
21
-3.8661758267716535
0
LINE
8
BLACK
6
CONTINUOUS
10
3.6472832283464567
20
-3.8661758267716535
11
3.6474330708661418
21
-3.8669291338582674
0
LINE
8
BLACK
6
CONTINUOUS
10
3.6474330708661418
20
-3.8669291338582674
11
3.6474330708661418
21
-3.9047244094488187
0
LINE
8
BLACK
6
CONTINUOUS
10
3.6474330708661418
20
-3.9047244094488187
11
3.6472832283464567
21
-3.9054777165354331
0
LINE
8
BLACK
6
CONTINUOUS
10
3.6472832283464567
20
-3.9054777165354331
11
3.6462178740157478
21
-3.9065430708661415
0
LINE
8
BLACK
6
CONTINUOUS
10
3.6462178740157478
20
-3.9065430708661415
11
3.6454645669291339
21
-3.9066929133858266
0
LINE
8
BLACK
6
CONTINUOUS
10
3.6454645669291339
20
-3.9066929133858266
11
3.6076692913385826
21
-3.9066929133858266
0
LINE
8
BLACK
6
CONTINUOUS
10
3.6076692913385826
20
-3.9066929133858266
11
3.6069159842519682
21
-3.9065430708661415
0
LINE
8
BLACK
6
CONTINUOUS
10
3.6069159842519682
20
-3.9065430708661415
11
3.6058506299212598
21
-3.9054777165354331
0
LINE
8
BLACK
6
CONTINUOUS
10
3.6058506299212598
20
-3.9054777165354331
11
3.6057007874015747
21
-3.9047244094488187
0
LINE
8
BLACK
6
CONTINUOUS
10
3.6057007874015747
20
-3.9047244094488187
11
3.6057007874015747
21
-3.8669291338582674
0
LINE
8
BLACK
6
CONTINUOUS
10
3.6057007874015747
20
-3.8669291338582674
11
3.6058506299212598
21
-3.8661758267716535
0
LINE
8
BLACK
6
CONTINUOUS
10
3.6058506299212598
20
-3.8661758267716535
11
3.6069159842519682
21
-3.8651104724409446
0
LINE
8
BLACK
6
CONTINUOUS
10
3.6069159842519682
20
-3.8651104724409446
11
3.6076692913385826
21
-3.8649606299212595
0
LINE
8
BLACK
6
CONTINUOUS
10
3.6076692913385826
20
-3.8649606299212595
11
3.6454645669291339
21
-3.8649606299212595
0
LINE
8
BLACK
6
CONTINUOUS
10
3.6454645669291339
20
-3.8649606299212595
11
3.6462178740157478
21
-3.8651104724409446
0
LINE
8
BLACK
6
CONTINUOUS
10
3.6918871653543306
20
-3.8651104724409446
11
3.6929525196850395
21
-3.8661758267716535
0
LINE
8
BLACK
6
CONTINUOUS
10
3.6929525196850395
20
-3.8661758267716535
11
3.6931023622047245
21
-3.8669291338582674
0
LINE
8
BLACK
6
CONTINUOUS
10
3.6931023622047245
20
-3.8669291338582674
11
3.6931023622047245
21
-3.9047244094488187
0
LINE
8
BLACK
6
CONTINUOUS
10
3.6931023622047245
20
-3.9047244094488187
11
3.6929525196850395
21
-3.9054777165354331
0
LINE
8
BLACK
6
CONTINUOUS
10
3.6929525196850395
20
-3.9054777165354331
11
3.6918871653543306
21
-3.9065430708661415
0
LINE
8
BLACK
6
CONTINUOUS
10
3.6918871653543306
20
-3.9065430708661415
11
3.6911338582677167
21
-3.9066929133858266
0
LINE
8
BLACK
6
CONTINUOUS
10
3.6911338582677167
20
-3.9066929133858266
11
3.6533385826771654
21
-3.9066929133858266
0
LINE
8
BLACK
6
CONTINUOUS
10
3.6533385826771654
20
-3.9066929133858266
11
3.652585275590551
21
-3.9065430708661415
0
LINE
8
BLACK
6
CONTINUOUS
10
3.652585275590551
20
-3.9065430708661415
11
3.6515199212598426
21
-3.9054777165354331
0
LINE
8
BLACK
6
CONTINUOUS
10
3.6515199212598426
20
-3.9054777165354331
11
3.6513700787401575
21
-3.9047244094488187
0
LINE
8
BLACK
6
CONTINUOUS
10
3.6513700787401575
20
-3.9047244094488187
11
3.6513700787401575
21
-3.8669291338582674
0
LINE
8
BLACK
6
CONTINUOUS
10
3.6513700787401575
20
-3.8669291338582674
11
3.6515199212598426
21
-3.8661758267716535
0
LINE
8
BLACK
6
CONTINUOUS
10
3.6515199212598426
20
-3.8661758267716535
11
3.652585275590551
21
-3.8651104724409446
0
LINE
8
BLACK
6
CONTINUOUS
10
3.652585275590551
20
-3.8651104724409446
11
3.6533385826771654
21
-3.8649606299212595
0
LINE
8
BLACK
6
CONTINUOUS
10
3.6533385826771654
20
-3.8649606299212595
11
3.6911338582677167
21
-3.8649606299212595
0
LINE
8
BLACK
6
CONTINUOUS
10
3.6911338582677167
20
-3.8649606299212595
11
3.6918871653543306
21
-3.8651104724409446
0
LINE
8
BLACK
6
CONTINUOUS
10
3.7375564566929134
20
-3.8651104724409446
11
3.7386218110236218
21
-3.8661758267716535
0
LINE
8
BLACK
6
CONTINUOUS
10
3.7386218110236218
20
-3.8661758267716535
11
3.7387716535433069
21
-3.8669291338582674
0
LINE
8
BLACK
6
CONTINUOUS
10
3.7387716535433069
20
-3.8669291338582674
11
3.7387716535433069
21
-3.9047244094488187
0
LINE
8
BLACK
6
CONTINUOUS
10
3.7387716535433069
20
-3.9047244094488187
11
3.7386218110236218
21
-3.9054777165354331
0
LINE
8
BLACK
6
CONTINUOUS
10
3.7386218110236218
20
-3.9054777165354331
11
3.7375564566929134
21
-3.9065430708661415
0
LINE
8
BLACK
6
CONTINUOUS
10
3.7375564566929134
20
-3.9065430708661415
11
3.736803149606299
21
-3.9066929133858266
0
LINE
8
BLACK
6
CONTINUOUS
10
3.736803149606299
20
-3.9066929133858266
11
3.6990078740157482
21
-3.9066929133858266
0
LINE
8
BLACK
6
CONTINUOUS
10
3.6990078740157482
20
-3.9066929133858266
11
3.6982545669291338
21
-3.9065430708661415
0
LINE
8
BLACK
6
CONTINUOUS
10
3.6982545669291338
20
-3.9065430708661415
11
3.6971892125984249
21
-3.9054777165354331
0
LINE
8
BLACK
6
CONTINUOUS
10
3.6971892125984249
20
-3.9054777165354331
11
3.6970393700787403
21
-3.9047244094488187
0
LINE
8
BLACK
6
CONTINUOUS
10
3.6970393700787403
20
-3.9047244094488187
11
3.6970393700787403
21
-3.8669291338582674
0
LINE
8
BLACK
6
CONTINUOUS
10
3.6970393700787403
20
-3.8669291338582674
11
3.6971892125984249
21
-3.8661758267716535
0
LINE
8
BLACK
6
CONTINUOUS
10
3.6971892125984249
20
-3.8661758267716535
11
3.6982545669291338
21
-3.8651104724409446
0
LINE
8
BLACK
6
CONTINUOUS
10
3.6982545669291338
20
-3.8651104724409446
11
3.6990078740157482
21
-3.8649606299212595
0
LINE
8
BLACK
6
CONTINUOUS
10
3.6990078740157482
20
-3.8649606299212595
11
3.736803149606299
21
-3.8649606299212595
0
LINE
8
BLACK
6
CONTINUOUS
10
3.736803149606299
20
-3.8649606299212595
11
3.7375564566929134
21
-3.8651104724409446
0
LINE
8
BLACK
6
CONTINUOUS
10
3.7832257480314961
20
-3.8651104724409446
11
3.7842911023622046
21
-3.8661758267716535
0
LINE
8
BLACK
6
CONTINUOUS
10
3.7842911023622046
20
-3.8661758267716535
11
3.7844409448818896
21
-3.8669291338582674
0
LINE
8
BLACK
6
CONTINUOUS
10
3.7844409448818896
20
-3.8669291338582674
11
3.7844409448818896
21
-3.9047244094488187
0
LINE
8
BLACK
6
CONTINUOUS
10
3.7844409448818896
20
-3.9047244094488187
11
3.7842911023622046
21
-3.9054777165354331
0
LINE
8
BLACK
6
CONTINUOUS
10
3.7842911023622046
20
-3.9054777165354331
11
3.7832257480314961
21
-3.9065430708661415
0
LINE
8
BLACK
6
CONTINUOUS
10
3.7832257480314961
20
-3.9065430708661415
11
3.7824724409448818
21
-3.9066929133858266
0
LINE
8
BLACK
6
CONTINUOUS
10
3.7824724409448818
20
-3.9066929133858266
11
3.7446771653543305
21
-3.9066929133858266
0
LINE
8
BLACK
6
CONTINUOUS
10
3.7446771653543305
20
-3.9066929133858266
11
3.7439238582677166
21
-3.9065430708661415
0
LINE
8
BLACK
6
CONTINUOUS
10
3.7439238582677166
20
-3.9065430708661415
11
3.7428585039370077
21
-3.9054777165354331
0
LINE
8
BLACK
6
CONTINUOUS
10
3.7428585039370077
20
-3.9054777165354331
11
3.7427086614173226
21
-3.9047244094488187
0
LINE
8
BLACK
6
CONTINUOUS
10
3.7427086614173226
20
-3.9047244094488187
11
3.7427086614173226
21
-3.8669291338582674
0
LINE
8
BLACK
6
CONTINUOUS
10
3.7427086614173226
20
-3.8669291338582674
11
3.7428585039370077
21
-3.8661758267716535
0
LINE
8
BLACK
6
CONTINUOUS
10
3.7428585039370077
20
-3.8661758267716535
11
3.7439238582677166
21
-3.8651104724409446
0
LINE
8
BLACK
6
CONTINUOUS
10
3.7439238582677166
20
-3.8651104724409446
11
3.7446771653543305
21
-3.8649606299212595
0
LINE
8
BLACK
6
CONTINUOUS
10
3.7446771653543305
20
-3.8649606299212595
11
3.7824724409448818
21
-3.8649606299212595
0
LINE
8
BLACK
6
CONTINUOUS
10
3.7824724409448818
20
-3.8649606299212595
11
3.7832257480314961
21
-3.8651104724409446
0
LINE
8
BLACK
6
CONTINUOUS
10
3.486526023622047
20
-3.8871876771653544
11
3.4872923622047245
21
-3.8876997637795276
0
LINE
8
BLACK
6
CONTINUOUS
10
3.4872923622047245
20
-3.8876997637795276
11
3.4878044488188977
21
-3.8884661023622047
0
LINE
8
BLACK
6
CONTINUOUS
10
3.4878044488188977
20
-3.8884661023622047
11
3.4879842519685038
21
-3.8893700787401575
0
LINE
8
BLACK
6
CONTINUOUS
10
3.4879842519685038
20
-3.8893700787401575
11
3.4879842519685038
21
-3.8940944881889763
0
LINE
8
BLACK
6
CONTINUOUS
10
3.4879842519685038
20
-3.8940944881889763
11
3.4878044488188977
21
-3.8949984645669291
0
LINE
8
BLACK
6
CONTINUOUS
10
3.4878044488188977
20
-3.8949984645669291
11
3.4872923622047245
21
-3.8957648031496062
0
LINE
8
BLACK
6
CONTINUOUS
10
3.4872923622047245
20
-3.8957648031496062
11
3.486526023622047
21
-3.8962768897637794
0
LINE
8
BLACK
6
CONTINUOUS
10
3.486526023622047
20
-3.8962768897637794
11
3.4856220472440942
21
-3.8964566929133859
0
LINE
8
BLACK
6
CONTINUOUS
10
3.4856220472440942
20
-3.8964566929133859
11
3.4588503937007875
21
-3.8964566929133859
0
LINE
8
BLACK
6
CONTINUOUS
10
3.4588503937007875
20
-3.8964566929133859
11
3.4579464173228347
21
-3.8962768897637794
0
LINE
8
BLACK
6
CONTINUOUS
10
3.4579464173228347
20
-3.8962768897637794
11
3.4571800787401572
21
-3.8957648031496062
0
LINE
8
BLACK
6
CONTINUOUS
10
3.4571800787401572
20
-3.8957648031496062
11
3.456667992125984
21
-3.8949984645669291
0
LINE
8
BLACK
6
CONTINUOUS
10
3.456667992125984
20
-3.8949984645669291
11
3.4564881889763779
21
-3.8940944881889763
0
LINE
8
BLACK
6
CONTINUOUS
10
3.4564881889763779
20
-3.8940944881889763
11
3.4564881889763779
21
-3.8893700787401575
0
LINE
8
BLACK
6
CONTINUOUS
10
3.4564881889763779
20
-3.8893700787401575
11
3.456667992125984
21
-3.8884661023622047
0
LINE
8
BLACK
6
CONTINUOUS
10
3.456667992125984
20
-3.8884661023622047
11
3.4571800787401572
21
-3.8876997637795276
0
LINE
8
BLACK
6
CONTINUOUS
10
3.4571800787401572
20
-3.8876997637795276
11
3.4579464173228347
21
-3.8871876771653544
0
LINE
8
BLACK
6
CONTINUOUS
10
3.4579464173228347
20
-3.8871876771653544
11
3.4588503937007875
21
-3.8870078740157479
0
LINE
8
BLACK
6
CONTINUOUS
10
3.4588503937007875
20
-3.8870078740157479
11
3.4856220472440942
21
-3.8870078740157479
0
LINE
8
BLACK
6
CONTINUOUS
10
3.4856220472440942
20
-3.8870078740157479
11
3.486526023622047
21
-3.8871876771653544
0
LINE
8
BLACK
6
CONTINUOUS
10
3.8408567322834646
20
-3.8871876771653544
11
3.8416230708661416
21
-3.8876997637795276
0
LINE
8
BLACK
6
CONTINUOUS
10
3.8416230708661416
20
-3.8876997637795276
11
3.8421351574803149
21
-3.8884661023622047
0
LINE
8
BLACK
6
CONTINUOUS
10
3.8421351574803149
20
-3.8884661023622047
11
3.8423149606299214
21
-3.8893700787401575
0
LINE
8
BLACK
6
CONTINUOUS
10
3.8423149606299214
20
-3.8893700787401575
11
3.8423149606299214
21
-3.8940944881889763
0
LINE
8
BLACK
6
CONTINUOUS
10
3.8423149606299214
20
-3.8940944881889763
11
3.8421351574803149
21
-3.8949984645669291
0
LINE
8
BLACK
6
CONTINUOUS
10
3.8421351574803149
20
-3.8949984645669291
11
3.8416230708661416
21
-3.8957648031496062
0
LINE
8
BLACK
6
CONTINUOUS
10
3.8416230708661416
20
-3.8957648031496062
11
3.8408567322834646
21
-3.8962768897637794
0
LINE
8
BLACK
6
CONTINUOUS
10
3.8408567322834646
20
-3.8962768897637794
11
3.8399527559055118
21
-3.8964566929133859
0
LINE
8
BLACK
6
CONTINUOUS
10
3.8399527559055118
20
-3.8964566929133859
11
3.8131811023622046
21
-3.8964566929133859
0
LINE
8
BLACK
6
CONTINUOUS
10
3.8131811023622046
20
-3.8964566929133859
11
3.8122771259842518
21
-3.8962768897637794
0
LINE
8
BLACK
6
CONTINUOUS
10
3.8122771259842518
20
-3.8962768897637794
11
3.8115107874015748
21
-3.8957648031496062
0
LINE
8
BLACK
6
CONTINUOUS
10
3.8115107874015748
20
-3.8957648031496062
11
3.8109987007874015
21
-3.8949984645669291
0
LINE
8
BLACK
6
CONTINUOUS
10
3.8109987007874015
20
-3.8949984645669291
11
3.810818897637795
21
-3.8940944881889763
0
LINE
8
BLACK
6
CONTINUOUS
10
3.810818897637795
20
-3.8940944881889763
11
3.810818897637795
21
-3.8893700787401575
0
LINE
8
BLACK
6
CONTINUOUS
10
3.810818897637795
20
-3.8893700787401575
11
3.8109987007874015
21
-3.8884661023622047
0
LINE
8
BLACK
6
CONTINUOUS
10
3.8109987007874015
20
-3.8884661023622047
11
3.8115107874015748
21
-3.8876997637795276
0
LINE
8
BLACK
6
CONTINUOUS
10
3.8115107874015748
20
-3.8876997637795276
11
3.8122771259842518
21
-3.8871876771653544
0
LINE
8
BLACK
6
CONTINUOUS
10
3.8122771259842518
20
-3.8871876771653544
11
3.8131811023622046
21
-3.8870078740157479
0
LINE
8
BLACK
6
CONTINUOUS
10
3.8131811023622046
20
-3.8870078740157479
11
3.8399527559055118
21
-3.8870078740157479
0
LINE
8
BLACK
6
CONTINUOUS
10
3.8399527559055118
20
-3.8870078740157479
11
3.8408567322834646
21
-3.8871876771653544
0
LINE
8
BLACK
6
CONTINUOUS
10
3.486526023622047
20
-3.8675026377952757
11
3.4872923622047245
21
-3.8680147244094489
0
LINE
8
BLACK
6
CONTINUOUS
10
3.4872923622047245
20
-3.8680147244094489
11
3.4878044488188977
21
-3.868781062992126
0
LINE
8
BLACK
6
CONTINUOUS
10
3.4878044488188977
20
-3.868781062992126
11
3.4879842519685038
21
-3.8696850393700788
0
LINE
8
BLACK
6
CONTINUOUS
10
3.4879842519685038
20
-3.8696850393700788
11
3.4879842519685038
21
-3.8744094488188976
0
LINE
8
BLACK
6
CONTINUOUS
10
3.4879842519685038
20
-3.8744094488188976
11
3.4878044488188977
21
-3.8753134251968504
0
LINE
8
BLACK
6
CONTINUOUS
10
3.4878044488188977
20
-3.8753134251968504
11
3.4872923622047245
21
-3.8760797637795275
0
LINE
8
BLACK
6
CONTINUOUS
10
3.4872923622047245
20
-3.8760797637795275
11
3.486526023622047
21
-3.8765918503937007
0
LINE
8
BLACK
6
CONTINUOUS
10
3.486526023622047
20
-3.8765918503937007
11
3.4856220472440942
21
-3.8767716535433072
0
LINE
8
BLACK
6
CONTINUOUS
10
3.4856220472440942
20
-3.8767716535433072
11
3.4588503937007875
21
-3.8767716535433072
0
LINE
8
BLACK
6
CONTINUOUS
10
3.4588503937007875
20
-3.8767716535433072
11
3.4579464173228347
21
-3.8765918503937007
0
LINE
8
BLACK
6
CONTINUOUS
10
3.4579464173228347
20
-3.8765918503937007
11
3.4571800787401572
21
-3.8760797637795275
0
LINE
8
BLACK
6
CONTINUOUS
10
3.4571800787401572
20
-3.8760797637795275
11
3.456667992125984
21
-3.8753134251968504
0
LINE
8
BLACK
6
CONTINUOUS
10
3.456667992125984
20
-3.8753134251968504
11
3.4564881889763779
21
-3.8744094488188976
0
LINE
8
BLACK
6
CONTINUOUS
10
3.4564881889763779
20
-3.8744094488188976
11
3.4564881889763779
21
-3.8696850393700788
0
LINE
8
BLACK
6
CONTINUOUS
10
3.4564881889763779
20
-3.8696850393700788
11
3.456667992125984
21
-3.868781062992126
0
LINE
8
BLACK
6
CONTINUOUS
10
3.456667992125984
20
-3.868781062992126
11
3.4571800787401572
21
-3.8680147244094489
0
LINE
8
BLACK
6
CONTINUOUS
10
3.4571800787401572
20
-3.8680147244094489
11
3.4579464173228347
21
-3.8675026377952757
0
LINE
8
BLACK
6
CONTINUOUS
10
3.4579464173228347
20
-3.8675026377952757
11
3.4588503937007875
21
-3.8673228346456692
0
LINE
8
BLACK
6
CONTINUOUS
10
3.4588503937007875
20
-3.8673228346456692
11
3.4856220472440942
21
-3.8673228346456692
0
LINE
8
BLACK
6
CONTINUOUS
10
3.4856220472440942
20
-3.8673228346456692
11
3.486526023622047
21
-3.8675026377952757
0
LINE
8
BLACK
6
CONTINUOUS
10
3.8408567322834646
20
-3.8675026377952757
11
3.8416230708661416
21
-3.8680147244094489
0
LINE
8
BLACK
6
CONTINUOUS
10
3.8416230708661416
20
-3.8680147244094489
11
3.8421351574803149
21
-3.868781062992126
0
LINE
8
BLACK
6
CONTINUOUS
10
3.8421351574803149
20
-3.868781062992126
11
3.8423149606299214
21
-3.8696850393700788
0
LINE
8
BLACK
6
CONTINUOUS
10
3.8423149606299214
20
-3.8696850393700788
11
3.8423149606299214
21
-3.8744094488188976
0
LINE
8
BLACK
6
CONTINUOUS
10
3.8423149606299214
20
-3.8744094488188976
11
3.8421351574803149
21
-3.8753134251968504
0
LINE
8
BLACK
6
CONTINUOUS
10
3.8421351574803149
20
-3.8753134251968504
11
3.8416230708661416
21
-3.8760797637795275
0
LINE
8
BLACK
6
CONTINUOUS
10
3.8416230708661416
20
-3.8760797637795275
11
3.8408567322834646
21
-3.8765918503937007
0
LINE
8
BLACK
6
CONTINUOUS
10
3.8408567322834646
20
-3.8765918503937007
11
3.8399527559055118
21
-3.8767716535433072
0
LINE
8
BLACK
6
CONTINUOUS
10
3.8399527559055118
20
-3.8767716535433072
11
3.8131811023622046
21
-3.8767716535433072
0
LINE
8
BLACK
6
CONTINUOUS
10
3.8131811023622046
20
-3.8767716535433072
11
3.8122771259842518
21
-3.8765918503937007
0
LINE
8
BLACK
6
CONTINUOUS
10
3.8122771259842518
20
-3.8765918503937007
11
3.8115107874015748
21
-3.8760797637795275
0
LINE
8
BLACK
6
CONTINUOUS
10
3.8115107874015748
20
-3.8760797637795275
11
3.8109987007874015
21
-3.8753134251968504
0
LINE
8
BLACK
6
CONTINUOUS
10
3.8109987007874015
20
-3.8753134251968504
11
3.810818897637795
21
-3.8744094488188976
0
LINE
8
BLACK
6
CONTINUOUS
10
3.810818897637795
20
-3.8744094488188976
11
3.810818897637795
21
-3.8696850393700788
0
LINE
8
BLACK
6
CONTINUOUS
10
3.810818897637795
20
-3.8696850393700788
11
3.8109987007874015
21
-3.868781062992126
0
LINE
8
BLACK
6
CONTINUOUS
10
3.8109987007874015
20
-3.868781062992126
11
3.8115107874015748
21
-3.8680147244094489
0
LINE
8
BLACK
6
CONTINUOUS
10
3.8115107874015748
20
-3.8680147244094489
11
3.8122771259842518
21
-3.8675026377952757
0
LINE
8
BLACK
6
CONTINUOUS
10
3.8122771259842518
20
-3.8675026377952757
11
3.8131811023622046
21
-3.8673228346456692
0
LINE
8
BLACK
6
CONTINUOUS
10
3.8131811023622046
20
-3.8673228346456692
11
3.8399527559055118
21
-3.8673228346456692
0
LINE
8
BLACK
6
CONTINUOUS
10
3.8399527559055118
20
-3.8673228346456692
11
3.8408567322834646
21
-3.8675026377952757
0
LINE
8
BLACK
6
CONTINUOUS
10
3.486526023622047
20
-3.8478175984251966
11
3.4872923622047245
21
-3.8483296850393698
0
LINE
8
BLACK
6
CONTINUOUS
10
3.4872923622047245
20
-3.8483296850393698
11
3.4878044488188977
21
-3.8490960236220473
0
LINE
8
BLACK
6
CONTINUOUS
10
3.4878044488188977
20
-3.8490960236220473
11
3.4879842519685038
21
-3.8500000000000001
0
LINE
8
BLACK
6
CONTINUOUS
10
3.4879842519685038
20
-3.8500000000000001
11
3.4879842519685038
21
-3.8547244094488189
0
LINE
8
BLACK
6
CONTINUOUS
10
3.4879842519685038
20
-3.8547244094488189
11
3.4878044488188977
21
-3.8556283858267717
0
LINE
8
BLACK
6
CONTINUOUS
10
3.4878044488188977
20
-3.8556283858267717
11
3.4872923622047245
21
-3.8563947244094487
0
LINE
8
BLACK
6
CONTINUOUS
10
3.4872923622047245
20
-3.8563947244094487
11
3.486526023622047
21
-3.856906811023622
0
LINE
8
BLACK
6
CONTINUOUS
10
3.486526023622047
20
-3.856906811023622
11
3.4856220472440942
21
-3.8570866141732281
0
LINE
8
BLACK
6
CONTINUOUS
10
3.4856220472440942
20
-3.8570866141732281
11
3.4588503937007875
21
-3.8570866141732281
0
LINE
8
BLACK
6
CONTINUOUS
10
3.4588503937007875
20
-3.8570866141732281
11
3.4579464173228347
21
-3.856906811023622
0
LINE
8
BLACK
6
CONTINUOUS
10
3.4579464173228347
20
-3.856906811023622
11
3.4571800787401572
21
-3.8563947244094487
0
LINE
8
BLACK
6
CONTINUOUS
10
3.4571800787401572
20
-3.8563947244094487
11
3.456667992125984
21
-3.8556283858267717
0
LINE
8
BLACK
6
CONTINUOUS
10
3.456667992125984
20
-3.8556283858267717
11
3.4564881889763779
21
-3.8547244094488189
0
LINE
8
BLACK
6
CONTINUOUS
10
3.4564881889763779
20
-3.8547244094488189
11
3.4564881889763779
21
-3.8500000000000001
0
LINE
8
BLACK
6
CONTINUOUS
10
3.4564881889763779
20
-3.8500000000000001
11
3.456667992125984
21
-3.8490960236220473
0
LINE
8
BLACK
6
CONTINUOUS
10
3.456667992125984
20
-3.8490960236220473
11
3.4571800787401572
21
-3.8483296850393698
0
LINE
8
BLACK
6
CONTINUOUS
10
3.4571800787401572
20
-3.8483296850393698
11
3.4579464173228347
21
-3.8478175984251966
0
LINE
8
BLACK
6
CONTINUOUS
10
3.4579464173228347
20
-3.8478175984251966
11
3.4588503937007875
21
-3.8476377952755905
0
LINE
8
BLACK
6
CONTINUOUS
10
3.4588503937007875
20
-3.8476377952755905
11
3.4856220472440942
21
-3.8476377952755905
0
LINE
8
BLACK
6
CONTINUOUS
10
3.4856220472440942
20
-3.8476377952755905
11
3.486526023622047
21
-3.8478175984251966
0
LINE
8
BLACK
6
CONTINUOUS
10
3.8408567322834646
20
-3.8478175984251966
11
3.8416230708661416
21
-3.8483296850393698
0
LINE
8
BLACK
6
CONTINUOUS
10
3.8416230708661416
20
-3.8483296850393698
11
3.8421351574803149
21
-3.8490960236220473
0
LINE
8
BLACK
6
CONTINUOUS
10
3.8421351574803149
20
-3.8490960236220473
11
3.8423149606299214
21
-3.8500000000000001
0
LINE
8
BLACK
6
CONTINUOUS
10
3.8423149606299214
20
-3.8500000000000001
11
3.8423149606299214
21
-3.8547244094488189
0
LINE
8
BLACK
6
CONTINUOUS
10
3.8423149606299214
20
-3.8547244094488189
11
3.8421351574803149
21
-3.8556283858267717
0
LINE
8
BLACK
6
CONTINUOUS
10
3.8421351574803149
20
-3.8556283858267717
11
3.8416230708661416
21
-3.8563947244094487
0
LINE
8
BLACK
6
CONTINUOUS
10
3.8416230708661416
20
-3.8563947244094487
11
3.8408567322834646
21
-3.856906811023622
0
LINE
8
BLACK
6
CONTINUOUS
10
3.8408567322834646
20
-3.856906811023622
11
3.8399527559055118
21
-3.8570866141732281
0
LINE
8
BLACK
6
CONTINUOUS
10
3.8399527559055118
20
-3.8570866141732281
11
3.8131811023622046
21
-3.8570866141732281
0
LINE
8
BLACK
6
CONTINUOUS
10
3.8131811023622046
20
-3.8570866141732281
11
3.8122771259842518
21
-3.856906811023622
0
LINE
8
BLACK
6
CONTINUOUS
10
3.8122771259842518
20
-3.856906811023622
11
3.8115107874015748
21
-3.8563947244094487
0
LINE
8
BLACK
6
CONTINUOUS
10
3.8115107874015748
20
-3.8563947244094487
11
3.8109987007874015
21
-3.8556283858267717
0
LINE
8
BLACK
6
CONTINUOUS
10
3.8109987007874015
20
-3.8556283858267717
11
3.810818897637795
21
-3.8547244094488189
0
LINE
8
BLACK
6
CONTINUOUS
10
3.810818897637795
20
-3.8547244094488189
11
3.810818897637795
21
-3.8500000000000001
0
LINE
8
BLACK
6
CONTINUOUS
10
3.810818897637795
20
-3.8500000000000001
11
3.8109987007874015
21
-3.8490960236220473
0
LINE
8
BLACK
6
CONTINUOUS
10
3.8109987007874015
20
-3.8490960236220473
11
3.8115107874015748
21
-3.8483296850393698
0
LINE
8
BLACK
6
CONTINUOUS
10
3.8115107874015748
20
-3.8483296850393698
11
3.8122771259842518
21
-3.8478175984251966
0
LINE
8
BLACK
6
CONTINUOUS
10
3.8122771259842518
20
-3.8478175984251966
11
3.8131811023622046
21
-3.8476377952755905
0
LINE
8
BLACK
6
CONTINUOUS
10
3.8131811023622046
20
-3.8476377952755905
11
3.8399527559055118
21
-3.8476377952755905
0
LINE
8
BLACK
6
CONTINUOUS
10
3.8399527559055118
20
-3.8476377952755905
11
3.8408567322834646
21
-3.8478175984251966
0
LINE
8
BLACK
6
CONTINUOUS
10
3.5050299606299213
20
-3.8072664173228348
11
3.5057962992125984
21
-3.807778503937008
0
LINE
8
BLACK
6
CONTINUOUS
10
3.5057962992125984
20
-3.807778503937008
11
3.5063083858267716
21
-3.8085448425196851
0
LINE
8
BLACK
6
CONTINUOUS
10
3.5063083858267716
20
-3.8085448425196851
11
3.5064881889763777
21
-3.8094488188976379
0
LINE
8
BLACK
6
CONTINUOUS
10
3.5064881889763777
20
-3.8094488188976379
11
3.5064881889763777
21
-3.836220472440945
0
LINE
8
BLACK
6
CONTINUOUS
10
3.5064881889763777
20
-3.836220472440945
11
3.5063083858267716
21
-3.8371244488188974
0
LINE
8
BLACK
6
CONTINUOUS
10
3.5063083858267716
20
-3.8371244488188974
11
3.5057962992125984
21
-3.8378907874015749
0
LINE
8
BLACK
6
CONTINUOUS
10
3.5057962992125984
20
-3.8378907874015749
11
3.5050299606299213
21
-3.8384028740157481
0
LINE
8
BLACK
6
CONTINUOUS
10
3.5050299606299213
20
-3.8384028740157481
11
3.5041259842519685
21
-3.8385826771653542
0
LINE
8
BLACK
6
CONTINUOUS
10
3.5041259842519685
20
-3.8385826771653542
11
3.4994015748031497
21
-3.8385826771653542
0
LINE
8
BLACK
6
CONTINUOUS
10
3.4994015748031497
20
-3.8385826771653542
11
3.4984975984251969
21
-3.8384028740157481
0
LINE
8
BLACK
6
CONTINUOUS
10
3.4984975984251969
20
-3.8384028740157481
11
3.4977312598425194
21
-3.8378907874015749
0
LINE
8
BLACK
6
CONTINUOUS
10
3.4977312598425194
20
-3.8378907874015749
11
3.4972191732283462
21
-3.8371244488188974
0
LINE
8
BLACK
6
CONTINUOUS
10
3.4972191732283462
20
-3.8371244488188974
11
3.4970393700787401
21
-3.836220472440945
0
LINE
8
BLACK
6
CONTINUOUS
10
3.4970393700787401
20
-3.836220472440945
11
3.4970393700787401
21
-3.8094488188976379
0
LINE
8
BLACK
6
CONTINUOUS
10
3.4970393700787401
20
-3.8094488188976379
11
3.4972191732283462
21
-3.8085448425196851
0
LINE
8
BLACK
6
CONTINUOUS
10
3.4972191732283462
20
-3.8085448425196851
11
3.4977312598425194
21
-3.807778503937008
0
LINE
8
BLACK
6
CONTINUOUS
10
3.4977312598425194
20
-3.807778503937008
11
3.4984975984251969
21
-3.8072664173228348
0
LINE
8
BLACK
6
CONTINUOUS
10
3.4984975984251969
20
-3.8072664173228348
11
3.4994015748031497
21
-3.8070866141732282
0
LINE
8
BLACK
6
CONTINUOUS
10
3.4994015748031497
20
-3.8070866141732282
11
3.5041259842519685
21
-3.8070866141732282
0
LINE
8
BLACK
6
CONTINUOUS
10
3.5041259842519685
20
-3.8070866141732282
11
3.5050299606299213
21
-3.8072664173228348
0
LINE
8
BLACK
6
CONTINUOUS
10
3.524715
20
-3.8072664173228348
11
3.5254813385826771
21
-3.807778503937008
0
LINE
8
BLACK
6
CONTINUOUS
10
3.5254813385826771
20
-3.807778503937008
11
3.5259934251968503
21
-3.8085448425196851
0
LINE
8
BLACK
6
CONTINUOUS
10
3.5259934251968503
20
-3.8085448425196851
11
3.5261732283464564
21
-3.8094488188976379
0
LINE
8
BLACK
6
CONTINUOUS
10
3.5261732283464564
20
-3.8094488188976379
11
3.5261732283464564
21
-3.836220472440945
0
LINE
8
BLACK
6
CONTINUOUS
10
3.5261732283464564
20
-3.836220472440945
11
3.5259934251968503
21
-3.8371244488188974
0
LINE
8
BLACK
6
CONTINUOUS
10
3.5259934251968503
20
-3.8371244488188974
11
3.5254813385826771
21
-3.8378907874015749
0
LINE
8
BLACK
6
CONTINUOUS
10
3.5254813385826771
20
-3.8378907874015749
11
3.524715
21
-3.8384028740157481
0
LINE
8
BLACK
6
CONTINUOUS
10
3.524715
20
-3.8384028740157481
11
3.5238110236220472
21
-3.8385826771653542
0
LINE
8
BLACK
6
CONTINUOUS
10
3.5238110236220472
20
-3.8385826771653542
11
3.5190866141732284
21
-3.8385826771653542
0
LINE
8
BLACK
6
CONTINUOUS
10
3.5190866141732284
20
-3.8385826771653542
11
3.5181826377952756
21
-3.8384028740157481
0
LINE
8
BLACK
6
CONTINUOUS
10
3.5181826377952756
20
-3.8384028740157481
11
3.5174162992125981
21
-3.8378907874015749
0
LINE
8
BLACK
6
CONTINUOUS
10
3.5174162992125981
20
-3.8378907874015749
11
3.5169042125984253
21
-3.8371244488188974
0
LINE
8
BLACK
6
CONTINUOUS
10
3.5169042125984253
20
-3.8371244488188974
11
3.5167244094488188
21
-3.836220472440945
0
LINE
8
BLACK
6
CONTINUOUS
10
3.5167244094488188
20
-3.836220472440945
11
3.5167244094488188
21
-3.8094488188976379
0
LINE
8
BLACK
6
CONTINUOUS
10
3.5167244094488188
20
-3.8094488188976379
11
3.5169042125984253
21
-3.8085448425196851
0
LINE
8
BLACK
6
CONTINUOUS
10
3.5169042125984253
20
-3.8085448425196851
11
3.5174162992125981
21
-3.807778503937008
0
LINE
8
BLACK
6
CONTINUOUS
10
3.5174162992125981
20
-3.807778503937008
11
3.5181826377952756
21
-3.8072664173228348
0
LINE
8
BLACK
6
CONTINUOUS
10
3.5181826377952756
20
-3.8072664173228348
11
3.5190866141732284
21
-3.8070866141732282
0
LINE
8
BLACK
6
CONTINUOUS
10
3.5190866141732284
20
-3.8070866141732282
11
3.5238110236220472
21
-3.8070866141732282
0
LINE
8
BLACK
6
CONTINUOUS
10
3.5238110236220472
20
-3.8070866141732282
11
3.524715
21
-3.8072664173228348
0
LINE
8
BLACK
6
CONTINUOUS
10
3.5444000393700787
20
-3.8072664173228348
11
3.5451663779527558
21
-3.807778503937008
0
LINE
8
BLACK
6
CONTINUOUS
10
3.5451663779527558
20
-3.807778503937008
11
3.545678464566929
21
-3.8085448425196851
0
LINE
8
BLACK
6
CONTINUOUS
10
3.545678464566929
20
-3.8085448425196851
11
3.5458582677165356
21
-3.8094488188976379
0
LINE
8
BLACK
6
CONTINUOUS
10
3.5458582677165356
20
-3.8094488188976379
11
3.5458582677165356
21
-3.836220472440945
0
LINE
8
BLACK
6
CONTINUOUS
10
3.5458582677165356
20
-3.836220472440945
11
3.545678464566929
21
-3.8371244488188974
0
LINE
8
BLACK
6
CONTINUOUS
10
3.545678464566929
20
-3.8371244488188974
11
3.5451663779527558
21
-3.8378907874015749
0
LINE
8
BLACK
6
CONTINUOUS
10
3.5451663779527558
20
-3.8378907874015749
11
3.5444000393700787
21
-3.8384028740157481
0
LINE
8
BLACK
6
CONTINUOUS
10
3.5444000393700787
20
-3.8384028740157481
11
3.5434960629921259
21
-3.8385826771653542
0
LINE
8
BLACK
6
CONTINUOUS
10
3.5434960629921259
20
-3.8385826771653542
11
3.5387716535433071
21
-3.8385826771653542
0
LINE
8
BLACK
6
CONTINUOUS
10
3.5387716535433071
20
-3.8385826771653542
11
3.5378676771653543
21
-3.8384028740157481
0
LINE
8
BLACK
6
CONTINUOUS
10
3.5378676771653543
20
-3.8384028740157481
11
3.5371013385826773
21
-3.8378907874015749
0
LINE
8
BLACK
6
CONTINUOUS
10
3.5371013385826773
20
-3.8378907874015749
11
3.536589251968504
21
-3.8371244488188974
0
LINE
8
BLACK
6
CONTINUOUS
10
3.536589251968504
20
-3.8371244488188974
11
3.5364094488188975
21
-3.836220472440945
0
LINE
8
BLACK
6
CONTINUOUS
10
3.5364094488188975
20
-3.836220472440945
11
3.5364094488188975
21
-3.8094488188976379
0
LINE
8
BLACK
6
CONTINUOUS
10
3.5364094488188975
20
-3.8094488188976379
11
3.536589251968504
21
-3.8085448425196851
0
LINE
8
BLACK
6
CONTINUOUS
10
3.536589251968504
20
-3.8085448425196851
11
3.5371013385826773
21
-3.807778503937008
0
LINE
8
BLACK
6
CONTINUOUS
10
3.5371013385826773
20
-3.807778503937008
11
3.5378676771653543
21
-3.8072664173228348
0
LINE
8
BLACK
6
CONTINUOUS
10
3.5378676771653543
20
-3.8072664173228348
11
3.5387716535433071
21
-3.8070866141732282
0
LINE
8
BLACK
6
CONTINUOUS
10
3.5387716535433071
20
-3.8070866141732282
11
3.5434960629921259
21
-3.8070866141732282
0
LINE
8
BLACK
6
CONTINUOUS
10
3.5434960629921259
20
-3.8070866141732282
11
3.5444000393700787
21
-3.8072664173228348
0
LINE
8
BLACK
6
CONTINUOUS
10
3.5640850787401575
20
-3.8072664173228348
11
3.5648514173228345
21
-3.807778503937008
0
LINE
8
BLACK
6
CONTINUOUS
10
3.5648514173228345
20
-3.807778503937008
11
3.5653635039370077
21
-3.8085448425196851
0
LINE
8
BLACK
6
CONTINUOUS
10
3.5653635039370077
20
-3.8085448425196851
11
3.5655433070866143
21
-3.8094488188976379
0
LINE
8
BLACK
6
CONTINUOUS
10
3.5655433070866143
20
-3.8094488188976379
11
3.5655433070866143
21
-3.836220472440945
0
LINE
8
BLACK
6
CONTINUOUS
10
3.5655433070866143
20
-3.836220472440945
11
3.5653635039370077
21
-3.8371244488188974
0
LINE
8
BLACK
6
CONTINUOUS
10
3.5653635039370077
20
-3.8371244488188974
11
3.5648514173228345
21
-3.8378907874015749
0
LINE
8
BLACK
6
CONTINUOUS
10
3.5648514173228345
20
-3.8378907874015749
11
3.5640850787401575
21
-3.8384028740157481
0
LINE
8
BLACK
6
CONTINUOUS
10
3.5640850787401575
20
-3.8384028740157481
11
3.5631811023622046
21
-3.8385826771653542
0
LINE
8
BLACK
6
CONTINUOUS
10
3.5631811023622046
20
-3.8385826771653542
11
3.5584566929133858
21
-3.8385826771653542
0
LINE
8
BLACK
6
CONTINUOUS
10
3.5584566929133858
20
-3.8385826771653542
11
3.557552716535433
21
-3.8384028740157481
0
LINE
8
BLACK
6
CONTINUOUS
10
3.557552716535433
20
-3.8384028740157481
11
3.556786377952756
21
-3.8378907874015749
0
LINE
8
BLACK
6
CONTINUOUS
10
3.556786377952756
20
-3.8378907874015749
11
3.5562742913385827
21
-3.8371244488188974
0
LINE
8
BLACK
6
CONTINUOUS
10
3.5562742913385827
20
-3.8371244488188974
11
3.5560944881889762
21
-3.836220472440945
0
LINE
8
BLACK
6
CONTINUOUS
10
3.5560944881889762
20
-3.836220472440945
11
3.5560944881889762
21
-3.8094488188976379
0
LINE
8
BLACK
6
CONTINUOUS
10
3.5560944881889762
20
-3.8094488188976379
11
3.5562742913385827
21
-3.8085448425196851
0
LINE
8
BLACK
6
CONTINUOUS
10
3.5562742913385827
20
-3.8085448425196851
11
3.556786377952756
21
-3.807778503937008
0
LINE
8
BLACK
6
CONTINUOUS
10
3.556786377952756
20
-3.807778503937008
11
3.557552716535433
21
-3.8072664173228348
0
LINE
8
BLACK
6
CONTINUOUS
10
3.557552716535433
20
-3.8072664173228348
11
3.5584566929133858
21
-3.8070866141732282
0
LINE
8
BLACK
6
CONTINUOUS
10
3.5584566929133858
20
-3.8070866141732282
11
3.5631811023622046
21
-3.8070866141732282
0
LINE
8
BLACK
6
CONTINUOUS
10
3.5631811023622046
20
-3.8070866141732282
11
3.5640850787401575
21
-3.8072664173228348
0
LINE
8
BLACK
6
CONTINUOUS
10
3.5837701181102362
20
-3.8072664173228348
11
3.5845364566929132
21
-3.807778503937008
0
LINE
8
BLACK
6
CONTINUOUS
10
3.5845364566929132
20
-3.807778503937008
11
3.5850485433070864
21
-3.8085448425196851
0
LINE
8
BLACK
6
CONTINUOUS
10
3.5850485433070864
20
-3.8085448425196851
11
3.585228346456693
21
-3.8094488188976379
0
LINE
8
BLACK
6
CONTINUOUS
10
3.585228346456693
20
-3.8094488188976379
11
3.585228346456693
21
-3.836220472440945
0
LINE
8
BLACK
6
CONTINUOUS
10
3.585228346456693
20
-3.836220472440945
11
3.5850485433070864
21
-3.8371244488188974
0
LINE
8
BLACK
6
CONTINUOUS
10
3.5850485433070864
20
-3.8371244488188974
11
3.5845364566929132
21
-3.8378907874015749
0
LINE
8
BLACK
6
CONTINUOUS
10
3.5845364566929132
20
-3.8378907874015749
11
3.5837701181102362
21
-3.8384028740157481
0
LINE
8
BLACK
6
CONTINUOUS
10
3.5837701181102362
20
-3.8384028740157481
11
3.5828661417322833
21
-3.8385826771653542
0
LINE
8
BLACK
6
CONTINUOUS
10
3.5828661417322833
20
-3.8385826771653542
11
3.5781417322834645
21
-3.8385826771653542
0
LINE
8
BLACK
6
CONTINUOUS
10
3.5781417322834645
20
-3.8385826771653542
11
3.5772377559055117
21
-3.8384028740157481
0
LINE
8
BLACK
6
CONTINUOUS
10
3.5772377559055117
20
-3.8384028740157481
11
3.5764714173228347
21
-3.8378907874015749
0
LINE
8
BLACK
6
CONTINUOUS
10
3.5764714173228347
20
-3.8378907874015749
11
3.5759593307086615
21
-3.8371244488188974
0
LINE
8
BLACK
6
CONTINUOUS
10
3.5759593307086615
20
-3.8371244488188974
11
3.5757795275590549
21
-3.836220472440945
0
LINE
8
BLACK
6
CONTINUOUS
10
3.5757795275590549
20
-3.836220472440945
11
3.5757795275590549
21
-3.8094488188976379
0
LINE
8
BLACK
6
CONTINUOUS
10
3.5757795275590549
20
-3.8094488188976379
11
3.5759593307086615
21
-3.8085448425196851
0
LINE
8
BLACK
6
CONTINUOUS
10
3.5759593307086615
20
-3.8085448425196851
11
3.5764714173228347
21
-3.807778503937008
0
LINE
8
BLACK
6
CONTINUOUS
10
3.5764714173228347
20
-3.807778503937008
11
3.5772377559055117
21
-3.8072664173228348
0
LINE
8
BLACK
6
CONTINUOUS
10
3.5772377559055117
20
-3.8072664173228348
11
3.5781417322834645
21
-3.8070866141732282
0
LINE
8
BLACK
6
CONTINUOUS
10
3.5781417322834645
20
-3.8070866141732282
11
3.5828661417322833
21
-3.8070866141732282
0
LINE
8
BLACK
6
CONTINUOUS
10
3.5828661417322833
20
-3.8070866141732282
11
3.5837701181102362
21
-3.8072664173228348
0
LINE
8
BLACK
6
CONTINUOUS
10
3.6034551574803149
20
-3.8072664173228348
11
3.6042214960629919
21
-3.807778503937008
0
LINE
8
BLACK
6
CONTINUOUS
10
3.6042214960629919
20
-3.807778503937008
11
3.6047335826771651
21
-3.8085448425196851
0
LINE
8
BLACK
6
CONTINUOUS
10
3.6047335826771651
20
-3.8085448425196851
11
3.6049133858267717
21
-3.8094488188976379
0
LINE
8
BLACK
6
CONTINUOUS
10
3.6049133858267717
20
-3.8094488188976379
11
3.6049133858267717
21
-3.836220472440945
0
LINE
8
BLACK
6
CONTINUOUS
10
3.6049133858267717
20
-3.836220472440945
11
3.6047335826771651
21
-3.8371244488188974
0
LINE
8
BLACK
6
CONTINUOUS
10
3.6047335826771651
20
-3.8371244488188974
11
3.6042214960629919
21
-3.8378907874015749
0
LINE
8
BLACK
6
CONTINUOUS
10
3.6042214960629919
20
-3.8378907874015749
11
3.6034551574803149
21
-3.8384028740157481
0
LINE
8
BLACK
6
CONTINUOUS
10
3.6034551574803149
20
-3.8384028740157481
11
3.6025511811023621
21
-3.8385826771653542
0
LINE
8
BLACK
6
CONTINUOUS
10
3.6025511811023621
20
-3.8385826771653542
11
3.5978267716535433
21
-3.8385826771653542
0
LINE
8
BLACK
6
CONTINUOUS
10
3.5978267716535433
20
-3.8385826771653542
11
3.5969227952755904
21
-3.8384028740157481
0
LINE
8
BLACK
6
CONTINUOUS
10
3.5969227952755904
20
-3.8384028740157481
11
3.5961564566929134
21
-3.8378907874015749
0
LINE
8
BLACK
6
CONTINUOUS
10
3.5961564566929134
20
-3.8378907874015749
11
3.5956443700787402
21
-3.8371244488188974
0
LINE
8
BLACK
6
CONTINUOUS
10
3.5956443700787402
20
-3.8371244488188974
11
3.5954645669291336
21
-3.836220472440945
0
LINE
8
BLACK
6
CONTINUOUS
10
3.5954645669291336
20
-3.836220472440945
11
3.5954645669291336
21
-3.8094488188976379
0
LINE
8
BLACK
6
CONTINUOUS
10
3.5954645669291336
20
-3.8094488188976379
11
3.5956443700787402
21
-3.8085448425196851
0
LINE
8
BLACK
6
CONTINUOUS
10
3.5956443700787402
20
-3.8085448425196851
11
3.5961564566929134
21
-3.807778503937008
0
LINE
8
BLACK
6
CONTINUOUS
10
3.5961564566929134
20
-3.807778503937008
11
3.5969227952755904
21
-3.8072664173228348
0
LINE
8
BLACK
6
CONTINUOUS
10
3.5969227952755904
20
-3.8072664173228348
11
3.5978267716535433
21
-3.8070866141732282
0
LINE
8
BLACK
6
CONTINUOUS
10
3.5978267716535433
20
-3.8070866141732282
11
3.6025511811023621
21
-3.8070866141732282
0
LINE
8
BLACK
6
CONTINUOUS
10
3.6025511811023621
20
-3.8070866141732282
11
3.6034551574803149
21
-3.8072664173228348
0
LINE
8
BLACK
6
CONTINUOUS
10
3.6231401968503936
20
-3.8072664173228348
11
3.6239065354330706
21
-3.807778503937008
0
LINE
8
BLACK
6
CONTINUOUS
10
3.6239065354330706
20
-3.807778503937008
11
3.6244186220472439
21
-3.8085448425196851
0
LINE
8
BLACK
6
CONTINUOUS
10
3.6244186220472439
20
-3.8085448425196851
11
3.6245984251968504
21
-3.8094488188976379
0
LINE
8
BLACK
6
CONTINUOUS
10
3.6245984251968504
20
-3.8094488188976379
11
3.6245984251968504
21
-3.836220472440945
0
LINE
8
BLACK
6
CONTINUOUS
10
3.6245984251968504
20
-3.836220472440945
11
3.6244186220472439
21
-3.8371244488188974
0
LINE
8
BLACK
6
CONTINUOUS
10
3.6244186220472439
20
-3.8371244488188974
11
3.6239065354330706
21
-3.8378907874015749
0
LINE
8
BLACK
6
CONTINUOUS
10
3.6239065354330706
20
-3.8378907874015749
11
3.6231401968503936
21
-3.8384028740157481
0
LINE
8
BLACK
6
CONTINUOUS
10
3.6231401968503936
20
-3.8384028740157481
11
3.6222362204724408
21
-3.8385826771653542
0
LINE
8
BLACK
6
CONTINUOUS
10
3.6222362204724408
20
-3.8385826771653542
11
3.617511811023622
21
-3.8385826771653542
0
LINE
8
BLACK
6
CONTINUOUS
10
3.617511811023622
20
-3.8385826771653542
11
3.6166078346456692
21
-3.8384028740157481
0
LINE
8
BLACK
6
CONTINUOUS
10
3.6166078346456692
20
-3.8384028740157481
11
3.6158414960629921
21
-3.8378907874015749
0
LINE
8
BLACK
6
CONTINUOUS
10
3.6158414960629921
20
-3.8378907874015749
11
3.6153294094488189
21
-3.8371244488188974
0
LINE
8
BLACK
6
CONTINUOUS
10
3.6153294094488189
20
-3.8371244488188974
11
3.6151496062992123
21
-3.836220472440945
0
LINE
8
BLACK
6
CONTINUOUS
10
3.6151496062992123
20
-3.836220472440945
11
3.6151496062992123
21
-3.8094488188976379
0
LINE
8
BLACK
6
CONTINUOUS
10
3.6151496062992123
20
-3.8094488188976379
11
3.6153294094488189
21
-3.8085448425196851
0
LINE
8
BLACK
6
CONTINUOUS
10
3.6153294094488189
20
-3.8085448425196851
11
3.6158414960629921
21
-3.807778503937008
0
LINE
8
BLACK
6
CONTINUOUS
10
3.6158414960629921
20
-3.807778503937008
11
3.6166078346456692
21
-3.8072664173228348
0
LINE
8
BLACK
6
CONTINUOUS
10
3.6166078346456692
20
-3.8072664173228348
11
3.617511811023622
21
-3.8070866141732282
0
LINE
8
BLACK
6
CONTINUOUS
10
3.617511811023622
20
-3.8070866141732282
11
3.6222362204724408
21
-3.8070866141732282
0
LINE
8
BLACK
6
CONTINUOUS
10
3.6222362204724408
20
-3.8070866141732282
11
3.6231401968503936
21
-3.8072664173228348
0
LINE
8
BLACK
6
CONTINUOUS
10
3.6428252362204723
20
-3.8072664173228348
11
3.6435915748031493
21
-3.807778503937008
0
LINE
8
BLACK
6
CONTINUOUS
10
3.6435915748031493
20
-3.807778503937008
11
3.6441036614173226
21
-3.8085448425196851
0
LINE
8
BLACK
6
CONTINUOUS
10
3.6441036614173226
20
-3.8085448425196851
11
3.6442834645669291
21
-3.8094488188976379
0
LINE
8
BLACK
6
CONTINUOUS
10
3.6442834645669291
20
-3.8094488188976379
11
3.6442834645669291
21
-3.836220472440945
0
LINE
8
BLACK
6
CONTINUOUS
10
3.6442834645669291
20
-3.836220472440945
11
3.6441036614173226
21
-3.8371244488188974
0
LINE
8
BLACK
6
CONTINUOUS
10
3.6441036614173226
20
-3.8371244488188974
11
3.6435915748031493
21
-3.8378907874015749
0
LINE
8
BLACK
6
CONTINUOUS
10
3.6435915748031493
20
-3.8378907874015749
11
3.6428252362204723
21
-3.8384028740157481
0
LINE
8
BLACK
6
CONTINUOUS
10
3.6428252362204723
20
-3.8384028740157481
11
3.6419212598425195
21
-3.8385826771653542
0
LINE
8
BLACK
6
CONTINUOUS
10
3.6419212598425195
20
-3.8385826771653542
11
3.6371968503937007
21
-3.8385826771653542
0
LINE
8
BLACK
6
CONTINUOUS
10
3.6371968503937007
20
-3.8385826771653542
11
3.6362928740157479
21
-3.8384028740157481
0
LINE
8
BLACK
6
CONTINUOUS
10
3.6362928740157479
20
-3.8384028740157481
11
3.6355265354330708
21
-3.8378907874015749
0
LINE
8
BLACK
6
CONTINUOUS
10
3.6355265354330708
20
-3.8378907874015749
11
3.6350144488188976
21
-3.8371244488188974
0
LINE
8
BLACK
6
CONTINUOUS
10
3.6350144488188976
20
-3.8371244488188974
11
3.634834645669291
21
-3.836220472440945
0
LINE
8
BLACK
6
CONTINUOUS
10
3.634834645669291
20
-3.836220472440945
11
3.634834645669291
21
-3.8094488188976379
0
LINE
8
BLACK
6
CONTINUOUS
10
3.634834645669291
20
-3.8094488188976379
11
3.6350144488188976
21
-3.8085448425196851
0
LINE
8
BLACK
6
CONTINUOUS
10
3.6350144488188976
20
-3.8085448425196851
11
3.6355265354330708
21
-3.807778503937008
0
LINE
8
BLACK
6
CONTINUOUS
10
3.6355265354330708
20
-3.807778503937008
11
3.6362928740157479
21
-3.8072664173228348
0
LINE
8
BLACK
6
CONTINUOUS
10
3.6362928740157479
20
-3.8072664173228348
11
3.6371968503937007
21
-3.8070866141732282
0
LINE
8
BLACK
6
CONTINUOUS
10
3.6371968503937007
20
-3.8070866141732282
11
3.6419212598425195
21
-3.8070866141732282
0
LINE
8
BLACK
6
CONTINUOUS
10
3.6419212598425195
20
-3.8070866141732282
11
3.6428252362204723
21
-3.8072664173228348
0
LINE
8
BLACK
6
CONTINUOUS
10
3.662510275590551
20
-3.8072664173228348
11
3.6632766141732285
21
-3.807778503937008
0
LINE
8
BLACK
6
CONTINUOUS
10
3.6632766141732285
20
-3.807778503937008
11
3.6637887007874017
21
-3.8085448425196851
0
LINE
8
BLACK
6
CONTINUOUS
10
3.6637887007874017
20
-3.8085448425196851
11
3.6639685039370078
21
-3.8094488188976379
0
LINE
8
BLACK
6
CONTINUOUS
10
3.6639685039370078
20
-3.8094488188976379
11
3.6639685039370078
21
-3.836220472440945
0
LINE
8
BLACK
6
CONTINUOUS
10
3.6639685039370078
20
-3.836220472440945
11
3.6637887007874017
21
-3.8371244488188974
0
LINE
8
BLACK
6
CONTINUOUS
10
3.6637887007874017
20
-3.8371244488188974
11
3.6632766141732285
21
-3.8378907874015749
0
LINE
8
BLACK
6
CONTINUOUS
10
3.6632766141732285
20
-3.8378907874015749
11
3.662510275590551
21
-3.8384028740157481
0
LINE
8
BLACK
6
CONTINUOUS
10
3.662510275590551
20
-3.8384028740157481
11
3.6616062992125982
21
-3.8385826771653542
0
LINE
8
BLACK
6
CONTINUOUS
10
3.6616062992125982
20
-3.8385826771653542
11
3.6568818897637794
21
-3.8385826771653542
0
LINE
8
BLACK
6
CONTINUOUS
10
3.6568818897637794
20
-3.8385826771653542
11
3.6559779133858266
21
-3.8384028740157481
0
LINE
8
BLACK
6
CONTINUOUS
10
3.6559779133858266
20
-3.8384028740157481
11
3.6552115748031495
21
-3.8378907874015749
0
LINE
8
BLACK
6
CONTINUOUS
10
3.6552115748031495
20
-3.8378907874015749
11
3.6546994881889763
21
-3.8371244488188974
0
LINE
8
BLACK
6
CONTINUOUS
10
3.6546994881889763
20
-3.8371244488188974
11
3.6545196850393702
21
-3.836220472440945
0
LINE
8
BLACK
6
CONTINUOUS
10
3.6545196850393702
20
-3.836220472440945
11
3.6545196850393702
21
-3.8094488188976379
0
LINE
8
BLACK
6
CONTINUOUS
10
3.6545196850393702
20
-3.8094488188976379
11
3.6546994881889763
21
-3.8085448425196851
0
LINE
8
BLACK
6
CONTINUOUS
10
3.6546994881889763
20
-3.8085448425196851
11
3.6552115748031495
21
-3.807778503937008
0
LINE
8
BLACK
6
CONTINUOUS
10
3.6552115748031495
20
-3.807778503937008
11
3.6559779133858266
21
-3.8072664173228348
0
LINE
8
BLACK
6
CONTINUOUS
10
3.6559779133858266
20
-3.8072664173228348
11
3.6568818897637794
21
-3.8070866141732282
0
LINE
8
BLACK
6
CONTINUOUS
10
3.6568818897637794
20
-3.8070866141732282
11
3.6616062992125982
21
-3.8070866141732282
0
LINE
8
BLACK
6
CONTINUOUS
10
3.6616062992125982
20
-3.8070866141732282
11
3.662510275590551
21
-3.8072664173228348
0
LINE
8
BLACK
6
CONTINUOUS
10
3.6821953149606297
20
-3.8072664173228348
11
3.6829616535433072
21
-3.807778503937008
0
LINE
8
BLACK
6
CONTINUOUS
10
3.6829616535433072
20
-3.807778503937008
11
3.6834737401574804
21
-3.8085448425196851
0
LINE
8
BLACK
6
CONTINUOUS
10
3.6834737401574804
20
-3.8085448425196851
11
3.6836535433070865
21
-3.8094488188976379
0
LINE
8
BLACK
6
CONTINUOUS
10
3.6836535433070865
20
-3.8094488188976379
11
3.6836535433070865
21
-3.836220472440945
0
LINE
8
BLACK
6
CONTINUOUS
10
3.6836535433070865
20
-3.836220472440945
11
3.6834737401574804
21
-3.8371244488188974
0
LINE
8
BLACK
6
CONTINUOUS
10
3.6834737401574804
20
-3.8371244488188974
11
3.6829616535433072
21
-3.8378907874015749
0
LINE
8
BLACK
6
CONTINUOUS
10
3.6829616535433072
20
-3.8378907874015749
11
3.6821953149606297
21
-3.8384028740157481
0
LINE
8
BLACK
6
CONTINUOUS
10
3.6821953149606297
20
-3.8384028740157481
11
3.6812913385826769
21
-3.8385826771653542
0
LINE
8
BLACK
6
CONTINUOUS
10
3.6812913385826769
20
-3.8385826771653542
11
3.6765669291338581
21
-3.8385826771653542
0
LINE
8
BLACK
6
CONTINUOUS
10
3.6765669291338581
20
-3.8385826771653542
11
3.6756629527559053
21
-3.8384028740157481
0
LINE
8
BLACK
6
CONTINUOUS
10
3.6756629527559053
20
-3.8384028740157481
11
3.6748966141732282
21
-3.8378907874015749
0
LINE
8
BLACK
6
CONTINUOUS
10
3.6748966141732282
20
-3.8378907874015749
11
3.674384527559055
21
-3.8371244488188974
0
LINE
8
BLACK
6
CONTINUOUS
10
3.674384527559055
20
-3.8371244488188974
11
3.6742047244094489
21
-3.836220472440945
0
LINE
8
BLACK
6
CONTINUOUS
10
3.6742047244094489
20
-3.836220472440945
11
3.6742047244094489
21
-3.8094488188976379
0
LINE
8
BLACK
6
CONTINUOUS
10
3.6742047244094489
20
-3.8094488188976379
11
3.674384527559055
21
-3.8085448425196851
0
LINE
8
BLACK
6
CONTINUOUS
10
3.674384527559055
20
-3.8085448425196851
11
3.6748966141732282
21
-3.807778503937008
0
LINE
8
BLACK
6
CONTINUOUS
10
3.6748966141732282
20
-3.807778503937008
11
3.6756629527559053
21
-3.8072664173228348
0
LINE
8
BLACK
6
CONTINUOUS
10
3.6756629527559053
20
-3.8072664173228348
11
3.6765669291338581
21
-3.8070866141732282
0
LINE
8
BLACK
6
CONTINUOUS
10
3.6765669291338581
20
-3.8070866141732282
11
3.6812913385826769
21
-3.8070866141732282
0
LINE
8
BLACK
6
CONTINUOUS
10
3.6812913385826769
20
-3.8070866141732282
11
3.6821953149606297
21
-3.8072664173228348
0
LINE
8
BLACK
6
CONTINUOUS
10
3.7018803543307084
20
-3.8072664173228348
11
3.7026466929133859
21
-3.807778503937008
0
LINE
8
BLACK
6
CONTINUOUS
10
3.7026466929133859
20
-3.807778503937008
11
3.7031587795275591
21
-3.8085448425196851
0
LINE
8
BLACK
6
CONTINUOUS
10
3.7031587795275591
20
-3.8085448425196851
11
3.7033385826771652
21
-3.8094488188976379
0
LINE
8
BLACK
6
CONTINUOUS
10
3.7033385826771652
20
-3.8094488188976379
11
3.7033385826771652
21
-3.836220472440945
0
LINE
8
BLACK
6
CONTINUOUS
10
3.7033385826771652
20
-3.836220472440945
11
3.7031587795275591
21
-3.8371244488188974
0
LINE
8
BLACK
6
CONTINUOUS
10
3.7031587795275591
20
-3.8371244488188974
11
3.7026466929133859
21
-3.8378907874015749
0
LINE
8
BLACK
6
CONTINUOUS
10
3.7026466929133859
20
-3.8378907874015749
11
3.7018803543307084
21
-3.8384028740157481
0
LINE
8
BLACK
6
CONTINUOUS
10
3.7018803543307084
20
-3.8384028740157481
11
3.700976377952756
21
-3.8385826771653542
0
LINE
8
BLACK
6
CONTINUOUS
10
3.700976377952756
20
-3.8385826771653542
11
3.6962519685039368
21
-3.8385826771653542
0
LINE
8
BLACK
6
CONTINUOUS
10
3.6962519685039368
20
-3.8385826771653542
11
3.695347992125984
21
-3.8384028740157481
0
LINE
8
BLACK
6
CONTINUOUS
10
3.695347992125984
20
-3.8384028740157481
11
3.6945816535433069
21
-3.8378907874015749
0
LINE
8
BLACK
6
CONTINUOUS
10
3.6945816535433069
20
-3.8378907874015749
11
3.6940695669291337
21
-3.8371244488188974
0
LINE
8
BLACK
6
CONTINUOUS
10
3.6940695669291337
20
-3.8371244488188974
11
3.6938897637795276
21
-3.836220472440945
0
LINE
8
BLACK
6
CONTINUOUS
10
3.6938897637795276
20
-3.836220472440945
11
3.6938897637795276
21
-3.8094488188976379
0
LINE
8
BLACK
6
CONTINUOUS
10
3.6938897637795276
20
-3.8094488188976379
11
3.6940695669291337
21
-3.8085448425196851
0
LINE
8
BLACK
6
CONTINUOUS
10
3.6940695669291337
20
-3.8085448425196851
11
3.6945816535433069
21
-3.807778503937008
0
LINE
8
BLACK
6
CONTINUOUS
10
3.6945816535433069
20
-3.807778503937008
11
3.695347992125984
21
-3.8072664173228348
0
LINE
8
BLACK
6
CONTINUOUS
10
3.695347992125984
20
-3.8072664173228348
11
3.6962519685039368
21
-3.8070866141732282
0
LINE
8
BLACK
6
CONTINUOUS
10
3.6962519685039368
20
-3.8070866141732282
11
3.700976377952756
21
-3.8070866141732282
0
LINE
8
BLACK
6
CONTINUOUS
10
3.700976377952756
20
-3.8070866141732282
11
3.7018803543307084
21
-3.8072664173228348
0
LINE
8
BLACK
6
CONTINUOUS
10
3.7215653937007875
20
-3.8072664173228348
11
3.7223317322834646
21
-3.807778503937008
0
LINE
8
BLACK
6
CONTINUOUS
10
3.7223317322834646
20
-3.807778503937008
11
3.7228438188976378
21
-3.8085448425196851
0
LINE
8
BLACK
6
CONTINUOUS
10
3.7228438188976378
20
-3.8085448425196851
11
3.7230236220472439
21
-3.8094488188976379
0
LINE
8
BLACK
6
CONTINUOUS
10
3.7230236220472439
20
-3.8094488188976379
11
3.7230236220472439
21
-3.836220472440945
0
LINE
8
BLACK
6
CONTINUOUS
10
3.7230236220472439
20
-3.836220472440945
11
3.7228438188976378
21
-3.8371244488188974
0
LINE
8
BLACK
6
CONTINUOUS
10
3.7228438188976378
20
-3.8371244488188974
11
3.7223317322834646
21
-3.8378907874015749
0
LINE
8
BLACK
6
CONTINUOUS
10
3.7223317322834646
20
-3.8378907874015749
11
3.7215653937007875
21
-3.8384028740157481
0
LINE
8
BLACK
6
CONTINUOUS
10
3.7215653937007875
20
-3.8384028740157481
11
3.7206614173228347
21
-3.8385826771653542
0
LINE
8
BLACK
6
CONTINUOUS
10
3.7206614173228347
20
-3.8385826771653542
11
3.7159370078740155
21
-3.8385826771653542
0
LINE
8
BLACK
6
CONTINUOUS
10
3.7159370078740155
20
-3.8385826771653542
11
3.7150330314960631
21
-3.8384028740157481
0
LINE
8
BLACK
6
CONTINUOUS
10
3.7150330314960631
20
-3.8384028740157481
11
3.7142666929133856
21
-3.8378907874015749
0
LINE
8
BLACK
6
CONTINUOUS
10
3.7142666929133856
20
-3.8378907874015749
11
3.7137546062992124
21
-3.8371244488188974
0
LINE
8
BLACK
6
CONTINUOUS
10
3.7137546062992124
20
-3.8371244488188974
11
3.7135748031496063
21
-3.836220472440945
0
LINE
8
BLACK
6
CONTINUOUS
10
3.7135748031496063
20
-3.836220472440945
11
3.7135748031496063
21
-3.8094488188976379
0
LINE
8
BLACK
6
CONTINUOUS
10
3.7135748031496063
20
-3.8094488188976379
11
3.7137546062992124
21
-3.8085448425196851
0
LINE
8
BLACK
6
CONTINUOUS
10
3.7137546062992124
20
-3.8085448425196851
11
3.7142666929133856
21
-3.807778503937008
0
LINE
8
BLACK
6
CONTINUOUS
10
3.7142666929133856
20
-3.807778503937008
11
3.7150330314960631
21
-3.8072664173228348
0
LINE
8
BLACK
6
CONTINUOUS
10
3.7150330314960631
20
-3.8072664173228348
11
3.7159370078740155
21
-3.8070866141732282
0
LINE
8
BLACK
6
CONTINUOUS
10
3.7159370078740155
20
-3.8070866141732282
11
3.7206614173228347
21
-3.8070866141732282
0
LINE
8
BLACK
6
CONTINUOUS
10
3.7206614173228347
20
-3.8070866141732282
11
3.7215653937007875
21
-3.8072664173228348
0
LINE
8
BLACK
6
CONTINUOUS
10
3.7412504330708662
20
-3.8072664173228348
11
3.7420167716535433
21
-3.807778503937008
0
LINE
8
BLACK
6
CONTINUOUS
10
3.7420167716535433
20
-3.807778503937008
11
3.7425288582677165
21
-3.8085448425196851
0
LINE
8
BLACK
6
CONTINUOUS
10
3.7425288582677165
20
-3.8085448425196851
11
3.7427086614173226
21
-3.8094488188976379
0
LINE
8
BLACK
6
CONTINUOUS
10
3.7427086614173226
20
-3.8094488188976379
11
3.7427086614173226
21
-3.836220472440945
0
LINE
8
BLACK
6
CONTINUOUS
10
3.7427086614173226
20
-3.836220472440945
11
3.7425288582677165
21
-3.8371244488188974
0
LINE
8
BLACK
6
CONTINUOUS
10
3.7425288582677165
20
-3.8371244488188974
11
3.7420167716535433
21
-3.8378907874015749
0
LINE
8
BLACK
6
CONTINUOUS
10
3.7420167716535433
20
-3.8378907874015749
11
3.7412504330708662
21
-3.8384028740157481
0
LINE
8
BLACK
6
CONTINUOUS
10
3.7412504330708662
20
-3.8384028740157481
11
3.7403464566929134
21
-3.8385826771653542
0
LINE
8
BLACK
6
CONTINUOUS
10
3.7403464566929134
20
-3.8385826771653542
11
3.7356220472440942
21
-3.8385826771653542
0
LINE
8
BLACK
6
CONTINUOUS
10
3.7356220472440942
20
-3.8385826771653542
11
3.7347180708661418
21
-3.8384028740157481
0
LINE
8
BLACK
6
CONTINUOUS
10
3.7347180708661418
20
-3.8384028740157481
11
3.7339517322834643
21
-3.8378907874015749
0
LINE
8
BLACK
6
CONTINUOUS
10
3.7339517322834643
20
-3.8378907874015749
11
3.7334396456692911
21
-3.8371244488188974
0
LINE
8
BLACK
6
CONTINUOUS
10
3.7334396456692911
20
-3.8371244488188974
11
3.733259842519685
21
-3.836220472440945
0
LINE
8
BLACK
6
CONTINUOUS
10
3.733259842519685
20
-3.836220472440945
11
3.733259842519685
21
-3.8094488188976379
0
LINE
8
BLACK
6
CONTINUOUS
10
3.733259842519685
20
-3.8094488188976379
11
3.7334396456692911
21
-3.8085448425196851
0
LINE
8
BLACK
6
CONTINUOUS
10
3.7334396456692911
20
-3.8085448425196851
11
3.7339517322834643
21
-3.807778503937008
0
LINE
8
BLACK
6
CONTINUOUS
10
3.7339517322834643
20
-3.807778503937008
11
3.7347180708661418
21
-3.8072664173228348
0
LINE
8
BLACK
6
CONTINUOUS
10
3.7347180708661418
20
-3.8072664173228348
11
3.7356220472440942
21
-3.8070866141732282
0
LINE
8
BLACK
6
CONTINUOUS
10
3.7356220472440942
20
-3.8070866141732282
11
3.7403464566929134
21
-3.8070866141732282
0
LINE
8
BLACK
6
CONTINUOUS
10
3.7403464566929134
20
-3.8070866141732282
11
3.7412504330708662
21
-3.8072664173228348
0
LINE
8
BLACK
6
CONTINUOUS
10
3.7609354724409449
20
-3.8072664173228348
11
3.761701811023622
21
-3.807778503937008
0
LINE
8
BLACK
6
CONTINUOUS
10
3.761701811023622
20
-3.807778503937008
11
3.7622138976377952
21
-3.8085448425196851
0
LINE
8
BLACK
6
CONTINUOUS
10
3.7622138976377952
20
-3.8085448425196851
11
3.7623937007874013
21
-3.8094488188976379
0
LINE
8
BLACK
6
CONTINUOUS
10
3.7623937007874013
20
-3.8094488188976379
11
3.7623937007874013
21
-3.836220472440945
0
LINE
8
BLACK
6
CONTINUOUS
10
3.7623937007874013
20
-3.836220472440945
11
3.7622138976377952
21
-3.8371244488188974
0
LINE
8
BLACK
6
CONTINUOUS
10
3.7622138976377952
20
-3.8371244488188974
11
3.761701811023622
21
-3.8378907874015749
0
LINE
8
BLACK
6
CONTINUOUS
10
3.761701811023622
20
-3.8378907874015749
11
3.7609354724409449
21
-3.8384028740157481
0
LINE
8
BLACK
6
CONTINUOUS
10
3.7609354724409449
20
-3.8384028740157481
11
3.7600314960629921
21
-3.8385826771653542
0
LINE
8
BLACK
6
CONTINUOUS
10
3.7600314960629921
20
-3.8385826771653542
11
3.7553070866141733
21
-3.8385826771653542
0
LINE
8
BLACK
6
CONTINUOUS
10
3.7553070866141733
20
-3.8385826771653542
11
3.7544031102362205
21
-3.8384028740157481
0
LINE
8
BLACK
6
CONTINUOUS
10
3.7544031102362205
20
-3.8384028740157481
11
3.753636771653543
21
-3.8378907874015749
0
LINE
8
BLACK
6
CONTINUOUS
10
3.753636771653543
20
-3.8378907874015749
11
3.7531246850393698
21
-3.8371244488188974
0
LINE
8
BLACK
6
CONTINUOUS
10
3.7531246850393698
20
-3.8371244488188974
11
3.7529448818897637
21
-3.836220472440945
0
LINE
8
BLACK
6
CONTINUOUS
10
3.7529448818897637
20
-3.836220472440945
11
3.7529448818897637
21
-3.8094488188976379
0
LINE
8
BLACK
6
CONTINUOUS
10
3.7529448818897637
20
-3.8094488188976379
11
3.7531246850393698
21
-3.8085448425196851
0
LINE
8
BLACK
6
CONTINUOUS
10
3.7531246850393698
20
-3.8085448425196851
11
3.753636771653543
21
-3.807778503937008
0
LINE
8
BLACK
6
CONTINUOUS
10
3.753636771653543
20
-3.807778503937008
11
3.7544031102362205
21
-3.8072664173228348
0
LINE
8
BLACK
6
CONTINUOUS
10
3.7544031102362205
20
-3.8072664173228348
11
3.7553070866141733
21
-3.8070866141732282
0
LINE
8
BLACK
6
CONTINUOUS
10
3.7553070866141733
20
-3.8070866141732282
11
3.7600314960629921
21
-3.8070866141732282
0
LINE
8
BLACK
6
CONTINUOUS
10
3.7600314960629921
20
-3.8070866141732282
11
3.7609354724409449
21
-3.8072664173228348
0
LINE
8
BLACK
6
CONTINUOUS
10
3.7806205118110237
20
-3.8072664173228348
11
3.7813868503937007
21
-3.807778503937008
0
LINE
8
BLACK
6
CONTINUOUS
10
3.7813868503937007
20
-3.807778503937008
11
3.7818989370078739
21
-3.8085448425196851
0
LINE
8
BLACK
6
CONTINUOUS
10
3.7818989370078739
20
-3.8085448425196851
11
3.78207874015748
21
-3.8094488188976379
0
LINE
8
BLACK
6
CONTINUOUS
10
3.78207874015748
20
-3.8094488188976379
11
3.78207874015748
21
-3.836220472440945
0
LINE
8
BLACK
6
CONTINUOUS
10
3.78207874015748
20
-3.836220472440945
11
3.7818989370078739
21
-3.8371244488188974
0
LINE
8
BLACK
6
CONTINUOUS
10
3.7818989370078739
20
-3.8371244488188974
11
3.7813868503937007
21
-3.8378907874015749
0
LINE
8
BLACK
6
CONTINUOUS
10
3.7813868503937007
20
-3.8378907874015749
11
3.7806205118110237
21
-3.8384028740157481
0
LINE
8
BLACK
6
CONTINUOUS
10
3.7806205118110237
20
-3.8384028740157481
11
3.7797165354330708
21
-3.8385826771653542
0
LINE
8
BLACK
6
CONTINUOUS
10
3.7797165354330708
20
-3.8385826771653542
11
3.774992125984252
21
-3.8385826771653542
0
LINE
8
BLACK
6
CONTINUOUS
10
3.774992125984252
20
-3.8385826771653542
11
3.7740881496062992
21
-3.8384028740157481
0
LINE
8
BLACK
6
CONTINUOUS
10
3.7740881496062992
20
-3.8384028740157481
11
3.7733218110236217
21
-3.8378907874015749
0
LINE
8
BLACK
6
CONTINUOUS
10
3.7733218110236217
20
-3.8378907874015749
11
3.772809724409449
21
-3.8371244488188974
0
LINE
8
BLACK
6
CONTINUOUS
10
3.772809724409449
20
-3.8371244488188974
11
3.7726299212598424
21
-3.836220472440945
0
LINE
8
BLACK
6
CONTINUOUS
10
3.7726299212598424
20
-3.836220472440945
11
3.7726299212598424
21
-3.8094488188976379
0
LINE
8
BLACK
6
CONTINUOUS
10
3.7726299212598424
20
-3.8094488188976379
11
3.772809724409449
21
-3.8085448425196851
0
LINE
8
BLACK
6
CONTINUOUS
10
3.772809724409449
20
-3.8085448425196851
11
3.7733218110236217
21
-3.807778503937008
0
LINE
8
BLACK
6
CONTINUOUS
10
3.7733218110236217
20
-3.807778503937008
11
3.7740881496062992
21
-3.8072664173228348
0
LINE
8
BLACK
6
CONTINUOUS
10
3.7740881496062992
20
-3.8072664173228348
11
3.774992125984252
21
-3.8070866141732282
0
LINE
8
BLACK
6
CONTINUOUS
10
3.774992125984252
20
-3.8070866141732282
11
3.7797165354330708
21
-3.8070866141732282
0
LINE
8
BLACK
6
CONTINUOUS
10
3.7797165354330708
20
-3.8070866141732282
11
3.7806205118110237
21
-3.8072664173228348
0
LINE
8
BLACK
6
CONTINUOUS
10
3.8003055511811024
20
-3.8072664173228348
11
3.8010718897637794
21
-3.807778503937008
0
LINE
8
BLACK
6
CONTINUOUS
10
3.8010718897637794
20
-3.807778503937008
11
3.8015839763779526
21
-3.8085448425196851
0
LINE
8
BLACK
6
CONTINUOUS
10
3.8015839763779526
20
-3.8085448425196851
11
3.8017637795275592
21
-3.8094488188976379
0
LINE
8
BLACK
6
CONTINUOUS
10
3.8017637795275592
20
-3.8094488188976379
11
3.8017637795275592
21
-3.836220472440945
0
LINE
8
BLACK
6
CONTINUOUS
10
3.8017637795275592
20
-3.836220472440945
11
3.8015839763779526
21
-3.8371244488188974
0
LINE
8
BLACK
6
CONTINUOUS
10
3.8015839763779526
20
-3.8371244488188974
11
3.8010718897637794
21
-3.8378907874015749
0
LINE
8
BLACK
6
CONTINUOUS
10
3.8010718897637794
20
-3.8378907874015749
11
3.8003055511811024
21
-3.8384028740157481
0
LINE
8
BLACK
6
CONTINUOUS
10
3.8003055511811024
20
-3.8384028740157481
11
3.7994015748031496
21
-3.8385826771653542
0
LINE
8
BLACK
6
CONTINUOUS
10
3.7994015748031496
20
-3.8385826771653542
11
3.7946771653543308
21
-3.8385826771653542
0
LINE
8
BLACK
6
CONTINUOUS
10
3.7946771653543308
20
-3.8385826771653542
11
3.7937731889763779
21
-3.8384028740157481
0
LINE
8
BLACK
6
CONTINUOUS
10
3.7937731889763779
20
-3.8384028740157481
11
3.7930068503937009
21
-3.8378907874015749
0
LINE
8
BLACK
6
CONTINUOUS
10
3.7930068503937009
20
-3.8378907874015749
11
3.7924947637795277
21
-3.8371244488188974
0
LINE
8
BLACK
6
CONTINUOUS
10
3.7924947637795277
20
-3.8371244488188974
11
3.7923149606299211
21
-3.836220472440945
0
LINE
8
BLACK
6
CONTINUOUS
10
3.7923149606299211
20
-3.836220472440945
11
3.7923149606299211
21
-3.8094488188976379
0
LINE
8
BLACK
6
CONTINUOUS
10
3.7923149606299211
20
-3.8094488188976379
11
3.7924947637795277
21
-3.8085448425196851
0
LINE
8
BLACK
6
CONTINUOUS
10
3.7924947637795277
20
-3.8085448425196851
11
3.7930068503937009
21
-3.807778503937008
0
LINE
8
BLACK
6
CONTINUOUS
10
3.7930068503937009
20
-3.807778503937008
11
3.7937731889763779
21
-3.8072664173228348
0
LINE
8
BLACK
6
CONTINUOUS
10
3.7937731889763779
20
-3.8072664173228348
11
3.7946771653543308
21
-3.8070866141732282
0
LINE
8
BLACK
6
CONTINUOUS
10
3.7946771653543308
20
-3.8070866141732282
11
3.7994015748031496
21
-3.8070866141732282
0
LINE
8
BLACK
6
CONTINUOUS
10
3.7994015748031496
20
-3.8070866141732282
11
3.8003055511811024
21
-3.8072664173228348
0
LINE
8
BLACK
6
CONTINUOUS
10
2.8607363779527559
20
-3.6419735039370078
11
2.8636101968503938
21
-3.64389374015748
0
LINE
8
BLACK
6
CONTINUOUS
10
2.8636101968503938
20
-3.64389374015748
11
2.865530433070866
21
-3.6467675590551178
0
LINE
8
BLACK
6
CONTINUOUS
10
2.865530433070866
20
-3.6467675590551178
11
2.8662047244094486
21
-3.6501574803149603
0
LINE
8
BLACK
6
CONTINUOUS
10
2.8662047244094486
20
-3.6501574803149603
11
2.8662047244094486
21
-3.6698425196850395
0
LINE
8
BLACK
6
CONTINUOUS
10
2.8662047244094486
20
-3.6698425196850395
11
2.865530433070866
21
-3.673232440944882
0
LINE
8
BLACK
6
CONTINUOUS
10
2.865530433070866
20
-3.673232440944882
11
2.8636101968503938
21
-3.6761062598425198
0
LINE
8
BLACK
6
CONTINUOUS
10
2.8636101968503938
20
-3.6761062598425198
11
2.8607363779527559
21
-3.678026496062992
0
LINE
8
BLACK
6
CONTINUOUS
10
2.8607363779527559
20
-3.678026496062992
11
2.8573464566929134
21
-3.6787007874015747
0
LINE
8
BLACK
6
CONTINUOUS
10
2.8573464566929134
20
-3.6787007874015747
11
2.8396299212598426
21
-3.6787007874015747
0
LINE
8
BLACK
6
CONTINUOUS
10
2.8396299212598426
20
-3.6787007874015747
11
2.8362400000000001
21
-3.678026496062992
0
LINE
8
BLACK
6
CONTINUOUS
10
2.8362400000000001
20
-3.678026496062992
11
2.8333661811023623
21
-3.6761062598425198
0
LINE
8
BLACK
6
CONTINUOUS
10
2.8333661811023623
20
-3.6761062598425198
11
2.8314459448818896
21
-3.673232440944882
0
LINE
8
BLACK
6
CONTINUOUS
10
2.8314459448818896
20
-3.673232440944882
11
2.830771653543307
21
-3.6698425196850395
0
LINE
8
BLACK
6
CONTINUOUS
10
2.830771653543307
20
-3.6698425196850395
11
2.830771653543307
21
-3.6501574803149603
0
LINE
8
BLACK
6
CONTINUOUS
10
2.830771653543307
20
-3.6501574803149603
11
2.8314459448818896
21
-3.6467675590551178
0
LINE
8
BLACK
6
CONTINUOUS
10
2.8314459448818896
20
-3.6467675590551178
11
2.8333661811023623
21
-3.64389374015748
0
LINE
8
BLACK
6
CONTINUOUS
10
2.8333661811023623
20
-3.64389374015748
11
2.8362400000000001
21
-3.6419735039370078
0
LINE
8
BLACK
6
CONTINUOUS
10
2.8362400000000001
20
-3.6419735039370078
11
2.8396299212598426
21
-3.6412992125984252
0
LINE
8
BLACK
6
CONTINUOUS
10
2.8396299212598426
20
-3.6412992125984252
11
2.8573464566929134
21
-3.6412992125984252
0
LINE
8
BLACK
6
CONTINUOUS
10
2.8573464566929134
20
-3.6412992125984252
11
2.8607363779527559
21
-3.6419735039370078
0
LINE
8
BLACK
6
CONTINUOUS
10
2.9217599999999999
20
-3.6419735039370078
11
2.9246338188976377
21
-3.64389374015748
0
LINE
8
BLACK
6
CONTINUOUS
10
2.9246338188976377
20
-3.64389374015748
11
2.92655405511811
21
-3.6467675590551178
0
LINE
8
BLACK
6
CONTINUOUS
10
2.92655405511811
20
-3.6467675590551178
11
2.9272283464566931
21
-3.6501574803149603
0
LINE
8
BLACK
6
CONTINUOUS
10
2.9272283464566931
20
-3.6501574803149603
11
2.9272283464566931
21
-3.6698425196850395
0
LINE
8
BLACK
6
CONTINUOUS
10
2.9272283464566931
20
-3.6698425196850395
11
2.92655405511811
21
-3.673232440944882
0
LINE
8
BLACK
6
CONTINUOUS
10
2.92655405511811
20
-3.673232440944882
11
2.9246338188976377
21
-3.6761062598425198
0
LINE
8
BLACK
6
CONTINUOUS
10
2.9246338188976377
20
-3.6761062598425198
11
2.9217599999999999
21
-3.678026496062992
0
LINE
8
BLACK
6
CONTINUOUS
10
2.9217599999999999
20
-3.678026496062992
11
2.9183700787401574
21
-3.6787007874015747
0
LINE
8
BLACK
6
CONTINUOUS
10
2.9183700787401574
20
-3.6787007874015747
11
2.9006535433070866
21
-3.6787007874015747
0
LINE
8
BLACK
6
CONTINUOUS
10
2.9006535433070866
20
-3.6787007874015747
11
2.8972636220472441
21
-3.678026496062992
0
LINE
8
BLACK
6
CONTINUOUS
10
2.8972636220472441
20
-3.678026496062992
11
2.8943898031496063
21
-3.6761062598425198
0
LINE
8
BLACK
6
CONTINUOUS
10
2.8943898031496063
20
-3.6761062598425198
11
2.8924695669291336
21
-3.673232440944882
0
LINE
8
BLACK
6
CONTINUOUS
10
2.8924695669291336
20
-3.673232440944882
11
2.8917952755905509
21
-3.6698425196850395
0
LINE
8
BLACK
6
CONTINUOUS
10
2.8917952755905509
20
-3.6698425196850395
11
2.8917952755905509
21
-3.6501574803149603
0
LINE
8
BLACK
6
CONTINUOUS
10
2.8917952755905509
20
-3.6501574803149603
11
2.8924695669291336
21
-3.6467675590551178
0
LINE
8
BLACK
6
CONTINUOUS
10
2.8924695669291336
20
-3.6467675590551178
11
2.8943898031496063
21
-3.64389374015748
0
LINE
8
BLACK
6
CONTINUOUS
10
2.8943898031496063
20
-3.64389374015748
11
2.8972636220472441
21
-3.6419735039370078
0
LINE
8
BLACK
6
CONTINUOUS
10
2.8972636220472441
20
-3.6419735039370078
11
2.9006535433070866
21
-3.6412992125984252
0
LINE
8
BLACK
6
CONTINUOUS
10
2.9006535433070866
20
-3.6412992125984252
11
2.9183700787401574
21
-3.6412992125984252
0
LINE
8
BLACK
6
CONTINUOUS
10
2.9183700787401574
20
-3.6412992125984252
11
2.9217599999999999
21
-3.6419735039370078
0
LINE
8
BLACK
6
CONTINUOUS
10
2.7928400393700787
20
-3.642331653543307
11
2.795394527559055
21
-3.6440385433070865
0
LINE
8
BLACK
6
CONTINUOUS
10
2.795394527559055
20
-3.6440385433070865
11
2.7971014173228346
21
-3.6465930314960628
0
LINE
8
BLACK
6
CONTINUOUS
10
2.7971014173228346
20
-3.6465930314960628
11
2.7977007874015749
21
-3.6496062992125982
0
LINE
8
BLACK
6
CONTINUOUS
10
2.7977007874015749
20
-3.6496062992125982
11
2.7977007874015749
21
-3.6653543307086611
0
LINE
8
BLACK
6
CONTINUOUS
10
2.7977007874015749
20
-3.6653543307086611
11
2.7971014173228346
21
-3.6683675984251969
0
LINE
8
BLACK
6
CONTINUOUS
10
2.7971014173228346
20
-3.6683675984251969
11
2.795394527559055
21
-3.6709220866141732
0
LINE
8
BLACK
6
CONTINUOUS
10
2.795394527559055
20
-3.6709220866141732
11
2.7928400393700787
21
-3.6726289763779527
0
LINE
8
BLACK
6
CONTINUOUS
10
2.7928400393700787
20
-3.6726289763779527
11
2.7898267716535434
21
-3.673228346456693
0
LINE
8
BLACK
6
CONTINUOUS
10
2.7898267716535434
20
-3.673228346456693
11
2.7681732283464568
21
-3.673228346456693
0
LINE
8
BLACK
6
CONTINUOUS
10
2.7681732283464568
20
-3.673228346456693
11
2.7651599606299211
21
-3.6726289763779527
0
LINE
8
BLACK
6
CONTINUOUS
10
2.7651599606299211
20
-3.6726289763779527
11
2.7626054724409448
21
-3.6709220866141732
0
LINE
8
BLACK
6
CONTINUOUS
10
2.7626054724409448
20
-3.6709220866141732
11
2.7608985826771653
21
-3.6683675984251969
0
LINE
8
BLACK
6
CONTINUOUS
10
2.7608985826771653
20
-3.6683675984251969
11
2.7602992125984249
21
-3.6653543307086611
0
LINE
8
BLACK
6
CONTINUOUS
10
2.7602992125984249
20
-3.6653543307086611
11
2.7602992125984249
21
-3.6496062992125982
0
LINE
8
BLACK
6
CONTINUOUS
10
2.7602992125984249
20
-3.6496062992125982
11
2.7608985826771653
21
-3.6465930314960628
0
LINE
8
BLACK
6
CONTINUOUS
10
2.7608985826771653
20
-3.6465930314960628
11
2.7626054724409448
21
-3.6440385433070865
0
LINE
8
BLACK
6
CONTINUOUS
10
2.7626054724409448
20
-3.6440385433070865
11
2.7651599606299211
21
-3.642331653543307
0
LINE
8
BLACK
6
CONTINUOUS
10
2.7651599606299211
20
-3.642331653543307
11
2.7681732283464568
21
-3.6417322834645667
0
LINE
8
BLACK
6
CONTINUOUS
10
2.7681732283464568
20
-3.6417322834645667
11
2.7898267716535434
21
-3.6417322834645667
0
LINE
8
BLACK
6
CONTINUOUS
10
2.7898267716535434
20
-3.6417322834645667
11
2.7928400393700787
21
-3.642331653543307
0
LINE
8
BLACK
6
CONTINUOUS
10
2.8607363779527559
20
-3.571973503937008
11
2.8636101968503938
21
-3.5738937401574802
0
LINE
8
BLACK
6
CONTINUOUS
10
2.8636101968503938
20
-3.5738937401574802
11
2.865530433070866
21
-3.576767559055118
0
LINE
8
BLACK
6
CONTINUOUS
10
2.865530433070866
20
-3.576767559055118
11
2.8662047244094486
21
-3.5801574803149605
0
LINE
8
BLACK
6
CONTINUOUS
10
2.8662047244094486
20
-3.5801574803149605
11
2.8662047244094486
21
-3.5998425196850392
0
LINE
8
BLACK
6
CONTINUOUS
10
2.8662047244094486
20
-3.5998425196850392
11
2.865530433070866
21
-3.6032324409448817
0
LINE
8
BLACK
6
CONTINUOUS
10
2.865530433070866
20
-3.6032324409448817
11
2.8636101968503938
21
-3.6061062598425195
0
LINE
8
BLACK
6
CONTINUOUS
10
2.8636101968503938
20
-3.6061062598425195
11
2.8607363779527559
21
-3.6080264960629922
0
LINE
8
BLACK
6
CONTINUOUS
10
2.8607363779527559
20
-3.6080264960629922
11
2.8573464566929134
21
-3.6087007874015748
0
LINE
8
BLACK
6
CONTINUOUS
10
2.8573464566929134
20
-3.6087007874015748
11
2.8396299212598426
21
-3.6087007874015748
0
LINE
8
BLACK
6
CONTINUOUS
10
2.8396299212598426
20
-3.6087007874015748
11
2.8362400000000001
21
-3.6080264960629922
0
LINE
8
BLACK
6
CONTINUOUS
10
2.8362400000000001
20
-3.6080264960629922
11
2.8333661811023623
21
-3.6061062598425195
0
LINE
8
BLACK
6
CONTINUOUS
10
2.8333661811023623
20
-3.6061062598425195
11
2.8314459448818896
21
-3.6032324409448817
0
LINE
8
BLACK
6
CONTINUOUS
10
2.8314459448818896
20
-3.6032324409448817
11
2.830771653543307
21
-3.5998425196850392
0
LINE
8
BLACK
6
CONTINUOUS
10
2.830771653543307
20
-3.5998425196850392
11
2.830771653543307
21
-3.5801574803149605
0
LINE
8
BLACK
6
CONTINUOUS
10
2.830771653543307
20
-3.5801574803149605
11
2.8314459448818896
21
-3.576767559055118
0
LINE
8
BLACK
6
CONTINUOUS
10
2.8314459448818896
20
-3.576767559055118
11
2.8333661811023623
21
-3.5738937401574802
0
LINE
8
BLACK
6
CONTINUOUS
10
2.8333661811023623
20
-3.5738937401574802
11
2.8362400000000001
21
-3.571973503937008
0
LINE
8
BLACK
6
CONTINUOUS
10
2.8362400000000001
20
-3.571973503937008
11
2.8396299212598426
21
-3.5712992125984253
0
LINE
8
BLACK
6
CONTINUOUS
10
2.8396299212598426
20
-3.5712992125984253
11
2.8573464566929134
21
-3.5712992125984253
0
LINE
8
BLACK
6
CONTINUOUS
10
2.8573464566929134
20
-3.5712992125984253
11
2.8607363779527559
21
-3.571973503937008
0
LINE
8
BLACK
6
CONTINUOUS
10
2.9217599999999999
20
-3.571973503937008
11
2.9246338188976377
21
-3.5738937401574802
0
LINE
8
BLACK
6
CONTINUOUS
10
2.9246338188976377
20
-3.5738937401574802
11
2.92655405511811
21
-3.576767559055118
0
LINE
8
BLACK
6
CONTINUOUS
10
2.92655405511811
20
-3.576767559055118
11
2.9272283464566931
21
-3.5801574803149605
0
LINE
8
BLACK
6
CONTINUOUS
10
2.9272283464566931
20
-3.5801574803149605
11
2.9272283464566931
21
-3.5998425196850392
0
LINE
8
BLACK
6
CONTINUOUS
10
2.9272283464566931
20
-3.5998425196850392
11
2.92655405511811
21
-3.6032324409448817
0
LINE
8
BLACK
6
CONTINUOUS
10
2.92655405511811
20
-3.6032324409448817
11
2.9246338188976377
21
-3.6061062598425195
0
LINE
8
BLACK
6
CONTINUOUS
10
2.9246338188976377
20
-3.6061062598425195
11
2.9217599999999999
21
-3.6080264960629922
0
LINE
8
BLACK
6
CONTINUOUS
10
2.9217599999999999
20
-3.6080264960629922
11
2.9183700787401574
21
-3.6087007874015748
0
LINE
8
BLACK
6
CONTINUOUS
10
2.9183700787401574
20
-3.6087007874015748
11
2.9006535433070866
21
-3.6087007874015748
0
LINE
8
BLACK
6
CONTINUOUS
10
2.9006535433070866
20
-3.6087007874015748
11
2.8972636220472441
21
-3.6080264960629922
0
LINE
8
BLACK
6
CONTINUOUS
10
2.8972636220472441
20
-3.6080264960629922
11
2.8943898031496063
21
-3.6061062598425195
0
LINE
8
BLACK
6
CONTINUOUS
10
2.8943898031496063
20
-3.6061062598425195
11
2.8924695669291336
21
-3.6032324409448817
0
LINE
8
BLACK
6
CONTINUOUS
10
2.8924695669291336
20
-3.6032324409448817
11
2.8917952755905509
21
-3.5998425196850392
0
LINE
8
BLACK
6
CONTINUOUS
10
2.8917952755905509
20
-3.5998425196850392
11
2.8917952755905509
21
-3.5801574803149605
0
LINE
8
BLACK
6
CONTINUOUS
10
2.8917952755905509
20
-3.5801574803149605
11
2.8924695669291336
21
-3.576767559055118
0
LINE
8
BLACK
6
CONTINUOUS
10
2.8924695669291336
20
-3.576767559055118
11
2.8943898031496063
21
-3.5738937401574802
0
LINE
8
BLACK
6
CONTINUOUS
10
2.8943898031496063
20
-3.5738937401574802
11
2.8972636220472441
21
-3.571973503937008
0
LINE
8
BLACK
6
CONTINUOUS
10
2.8972636220472441
20
-3.571973503937008
11
2.9006535433070866
21
-3.5712992125984253
0
LINE
8
BLACK
6
CONTINUOUS
10
2.9006535433070866
20
-3.5712992125984253
11
2.9183700787401574
21
-3.5712992125984253
0
LINE
8
BLACK
6
CONTINUOUS
10
2.9183700787401574
20
-3.5712992125984253
11
2.9217599999999999
21
-3.571973503937008
0
LINE
8
BLACK
6
CONTINUOUS
10
2.7928400393700787
20
-3.5773710236220473
11
2.795394527559055
21
-3.5790779133858268
0
LINE
8
BLACK
6
CONTINUOUS
10
2.795394527559055
20
-3.5790779133858268
11
2.7971014173228346
21
-3.5816324015748031
0
LINE
8
BLACK
6
CONTINUOUS
10
2.7971014173228346
20
-3.5816324015748031
11
2.7977007874015749
21
-3.5846456692913384
0
LINE
8
BLACK
6
CONTINUOUS
10
2.7977007874015749
20
-3.5846456692913384
11
2.7977007874015749
21
-3.6003937007874014
0
LINE
8
BLACK
6
CONTINUOUS
10
2.7977007874015749
20
-3.6003937007874014
11
2.7971014173228346
21
-3.6034069685039367
0
LINE
8
BLACK
6
CONTINUOUS
10
2.7971014173228346
20
-3.6034069685039367
11
2.795394527559055
21
-3.6059614566929135
0
LINE
8
BLACK
6
CONTINUOUS
10
2.795394527559055
20
-3.6059614566929135
11
2.7928400393700787
21
-3.607668346456693
0
LINE
8
BLACK
6
CONTINUOUS
10
2.7928400393700787
20
-3.607668346456693
11
2.7898267716535434
21
-3.6082677165354329
0
LINE
8
BLACK
6
CONTINUOUS
10
2.7898267716535434
20
-3.6082677165354329
11
2.7681732283464568
21
-3.6082677165354329
0
LINE
8
BLACK
6
CONTINUOUS
10
2.7681732283464568
20
-3.6082677165354329
11
2.7651599606299211
21
-3.607668346456693
0
LINE
8
BLACK
6
CONTINUOUS
10
2.7651599606299211
20
-3.607668346456693
11
2.7626054724409448
21
-3.6059614566929135
0
LINE
8
BLACK
6
CONTINUOUS
10
2.7626054724409448
20
-3.6059614566929135
11
2.7608985826771653
21
-3.6034069685039367
0
LINE
8
BLACK
6
CONTINUOUS
10
2.7608985826771653
20
-3.6034069685039367
11
2.7602992125984249
21
-3.6003937007874014
0
LINE
8
BLACK
6
CONTINUOUS
10
2.7602992125984249
20
-3.6003937007874014
11
2.7602992125984249
21
-3.5846456692913384
0
LINE
8
BLACK
6
CONTINUOUS
10
2.7602992125984249
20
-3.5846456692913384
11
2.7608985826771653
21
-3.5816324015748031
0
LINE
8
BLACK
6
CONTINUOUS
10
2.7608985826771653
20
-3.5816324015748031
11
2.7626054724409448
21
-3.5790779133858268
0
LINE
8
BLACK
6
CONTINUOUS
10
2.7626054724409448
20
-3.5790779133858268
11
2.7651599606299211
21
-3.5773710236220473
0
LINE
8
BLACK
6
CONTINUOUS
10
2.7651599606299211
20
-3.5773710236220473
11
2.7681732283464568
21
-3.576771653543307
0
LINE
8
BLACK
6
CONTINUOUS
10
2.7681732283464568
20
-3.576771653543307
11
2.7898267716535434
21
-3.576771653543307
0
LINE
8
BLACK
6
CONTINUOUS
10
2.7898267716535434
20
-3.576771653543307
11
2.7928400393700787
21
-3.5773710236220473
0
LINE
8
BLACK
6
CONTINUOUS
10
2.8605363779527559
20
-3.4916735039370077
11
2.8634101968503938
21
-3.4935937401574804
0
LINE
8
BLACK
6
CONTINUOUS
10
2.8634101968503938
20
-3.4935937401574804
11
2.865330433070866
21
-3.4964675590551182
0
LINE
8
BLACK
6
CONTINUOUS
10
2.865330433070866
20
-3.4964675590551182
11
2.8660047244094486
21
-3.4998574803149607
0
LINE
8
BLACK
6
CONTINUOUS
10
2.8660047244094486
20
-3.4998574803149607
11
2.8660047244094486
21
-3.5195425196850394
0
LINE
8
BLACK
6
CONTINUOUS
10
2.8660047244094486
20
-3.5195425196850394
11
2.865330433070866
21
-3.5229324409448819
0
LINE
8
BLACK
6
CONTINUOUS
10
2.865330433070866
20
-3.5229324409448819
11
2.8634101968503938
21
-3.5258062598425197
0
LINE
8
BLACK
6
CONTINUOUS
10
2.8634101968503938
20
-3.5258062598425197
11
2.8605363779527559
21
-3.5277264960629919
0
LINE
8
BLACK
6
CONTINUOUS
10
2.8605363779527559
20
-3.5277264960629919
11
2.8571464566929134
21
-3.5284007874015746
0
LINE
8
BLACK
6
CONTINUOUS
10
2.8571464566929134
20
-3.5284007874015746
11
2.8394299212598426
21
-3.5284007874015746
0
LINE
8
BLACK
6
CONTINUOUS
10
2.8394299212598426
20
-3.5284007874015746
11
2.8360400000000001
21
-3.5277264960629919
0
LINE
8
BLACK
6
CONTINUOUS
10
2.8360400000000001
20
-3.5277264960629919
11
2.8331661811023623
21
-3.5258062598425197
0
LINE
8
BLACK
6
CONTINUOUS
10
2.8331661811023623
20
-3.5258062598425197
11
2.8312459448818896
21
-3.5229324409448819
0
LINE
8
BLACK
6
CONTINUOUS
10
2.8312459448818896
20
-3.5229324409448819
11
2.830571653543307
21
-3.5195425196850394
0
LINE
8
BLACK
6
CONTINUOUS
10
2.830571653543307
20
-3.5195425196850394
11
2.830571653543307
21
-3.4998574803149607
0
LINE
8
BLACK
6
CONTINUOUS
10
2.830571653543307
20
-3.4998574803149607
11
2.8312459448818896
21
-3.4964675590551182
0
LINE
8
BLACK
6
CONTINUOUS
10
2.8312459448818896
20
-3.4964675590551182
11
2.8331661811023623
21
-3.4935937401574804
0
LINE
8
BLACK
6
CONTINUOUS
10
2.8331661811023623
20
-3.4935937401574804
11
2.8360400000000001
21
-3.4916735039370077
0
LINE
8
BLACK
6
CONTINUOUS
10
2.8360400000000001
20
-3.4916735039370077
11
2.8394299212598426
21
-3.490999212598425
0
LINE
8
BLACK
6
CONTINUOUS
10
2.8394299212598426
20
-3.490999212598425
11
2.8571464566929134
21
-3.490999212598425
0
LINE
8
BLACK
6
CONTINUOUS
10
2.8571464566929134
20
-3.490999212598425
11
2.8605363779527559
21
-3.4916735039370077
0
LINE
8
BLACK
6
CONTINUOUS
10
2.9215599999999999
20
-3.4916735039370077
11
2.9244338188976378
21
-3.4935937401574804
0
LINE
8
BLACK
6
CONTINUOUS
10
2.9244338188976378
20
-3.4935937401574804
11
2.92635405511811
21
-3.4964675590551182
0
LINE
8
BLACK
6
CONTINUOUS
10
2.92635405511811
20
-3.4964675590551182
11
2.9270283464566926
21
-3.4998574803149607
0
LINE
8
BLACK
6
CONTINUOUS
10
2.9270283464566926
20
-3.4998574803149607
11
2.9270283464566926
21
-3.5195425196850394
0
LINE
8
BLACK
6
CONTINUOUS
10
2.9270283464566926
20
-3.5195425196850394
11
2.92635405511811
21
-3.5229324409448819
0
LINE
8
BLACK
6
CONTINUOUS
10
2.92635405511811
20
-3.5229324409448819
11
2.9244338188976378
21
-3.5258062598425197
0
LINE
8
BLACK
6
CONTINUOUS
10
2.9244338188976378
20
-3.5258062598425197
11
2.9215599999999999
21
-3.5277264960629919
0
LINE
8
BLACK
6
CONTINUOUS
10
2.9215599999999999
20
-3.5277264960629919
11
2.9181700787401574
21
-3.5284007874015746
0
LINE
8
BLACK
6
CONTINUOUS
10
2.9181700787401574
20
-3.5284007874015746
11
2.9004535433070866
21
-3.5284007874015746
0
LINE
8
BLACK
6
CONTINUOUS
10
2.9004535433070866
20
-3.5284007874015746
11
2.8970636220472441
21
-3.5277264960629919
0
LINE
8
BLACK
6
CONTINUOUS
10
2.8970636220472441
20
-3.5277264960629919
11
2.8941898031496063
21
-3.5258062598425197
0
LINE
8
BLACK
6
CONTINUOUS
10
2.8941898031496063
20
-3.5258062598425197
11
2.8922695669291336
21
-3.5229324409448819
0
LINE
8
BLACK
6
CONTINUOUS
10
2.8922695669291336
20
-3.5229324409448819
11
2.891595275590551
21
-3.5195425196850394
0
LINE
8
BLACK
6
CONTINUOUS
10
2.891595275590551
20
-3.5195425196850394
11
2.891595275590551
21
-3.4998574803149607
0
LINE
8
BLACK
6
CONTINUOUS
10
2.891595275590551
20
-3.4998574803149607
11
2.8922695669291336
21
-3.4964675590551182
0
LINE
8
BLACK
6
CONTINUOUS
10
2.8922695669291336
20
-3.4964675590551182
11
2.8941898031496063
21
-3.4935937401574804
0
LINE
8
BLACK
6
CONTINUOUS
10
2.8941898031496063
20
-3.4935937401574804
11
2.8970636220472441
21
-3.4916735039370077
0
LINE
8
BLACK
6
CONTINUOUS
10
2.8970636220472441
20
-3.4916735039370077
11
2.9004535433070866
21
-3.490999212598425
0
LINE
8
BLACK
6
CONTINUOUS
10
2.9004535433070866
20
-3.490999212598425
11
2.9181700787401574
21
-3.490999212598425
0
LINE
8
BLACK
6
CONTINUOUS
10
2.9181700787401574
20
-3.490999212598425
11
2.9215599999999999
21
-3.4916735039370077
0
LINE
8
BLACK
6
CONTINUOUS
10
2.7926400393700788
20
-3.4920316535433069
11
2.7951945275590551
21
-3.4937385433070864
0
LINE
8
BLACK
6
CONTINUOUS
10
2.7951945275590551
20
-3.4937385433070864
11
2.7969014173228346
21
-3.4962930314960627
0
LINE
8
BLACK
6
CONTINUOUS
10
2.7969014173228346
20
-3.4962930314960627
11
2.7975007874015749
21
-3.4993062992125985
0
LINE
8
BLACK
6
CONTINUOUS
10
2.7975007874015749
20
-3.4993062992125985
11
2.7975007874015749
21
-3.5150543307086615
0
LINE
8
BLACK
6
CONTINUOUS
10
2.7975007874015749
20
-3.5150543307086615
11
2.7969014173228346
21
-3.5180675984251968
0
LINE
8
BLACK
6
CONTINUOUS
10
2.7969014173228346
20
-3.5180675984251968
11
2.7951945275590551
21
-3.5206220866141731
0
LINE
8
BLACK
6
CONTINUOUS
10
2.7951945275590551
20
-3.5206220866141731
11
2.7926400393700788
21
-3.5223289763779526
0
LINE
8
BLACK
6
CONTINUOUS
10
2.7926400393700788
20
-3.5223289763779526
11
2.7896267716535434
21
-3.5229283464566929
0
LINE
8
BLACK
6
CONTINUOUS
10
2.7896267716535434
20
-3.5229283464566929
11
2.7679732283464564
21
-3.5229283464566929
0
LINE
8
BLACK
6
CONTINUOUS
10
2.7679732283464564
20
-3.5229283464566929
11
2.7649599606299211
21
-3.5223289763779526
0
LINE
8
BLACK
6
CONTINUOUS
10
2.7649599606299211
20
-3.5223289763779526
11
2.7624054724409448
21
-3.5206220866141731
0
LINE
8
BLACK
6
CONTINUOUS
10
2.7624054724409448
20
-3.5206220866141731
11
2.7606985826771653
21
-3.5180675984251968
0
LINE
8
BLACK
6
CONTINUOUS
10
2.7606985826771653
20
-3.5180675984251968
11
2.7600992125984249
21
-3.5150543307086615
0
LINE
8
BLACK
6
CONTINUOUS
10
2.7600992125984249
20
-3.5150543307086615
11
2.7600992125984249
21
-3.4993062992125985
0
LINE
8
BLACK
6
CONTINUOUS
10
2.7600992125984249
20
-3.4993062992125985
11
2.7606985826771653
21
-3.4962930314960627
0
LINE
8
BLACK
6
CONTINUOUS
10
2.7606985826771653
20
-3.4962930314960627
11
2.7624054724409448
21
-3.4937385433070864
0
LINE
8
BLACK
6
CONTINUOUS
10
2.7624054724409448
20
-3.4937385433070864
11
2.7649599606299211
21
-3.4920316535433069
0
LINE
8
BLACK
6
CONTINUOUS
10
2.7649599606299211
20
-3.4920316535433069
11
2.7679732283464564
21
-3.491432283464567
0
LINE
8
BLACK
6
CONTINUOUS
10
2.7679732283464564
20
-3.491432283464567
11
2.7896267716535434
21
-3.491432283464567
0
LINE
8
BLACK
6
CONTINUOUS
10
2.7896267716535434
20
-3.491432283464567
11
2.7926400393700788
21
-3.4920316535433069
0
LINE
8
BLACK
6
CONTINUOUS
10
2.8605363779527559
20
-3.4216735039370079
11
2.8634101968503938
21
-3.4235937401574801
0
LINE
8
BLACK
6
CONTINUOUS
10
2.8634101968503938
20
-3.4235937401574801
11
2.865330433070866
21
-3.4264675590551179
0
LINE
8
BLACK
6
CONTINUOUS
10
2.865330433070866
20
-3.4264675590551179
11
2.8660047244094486
21
-3.4298574803149604
0
LINE
8
BLACK
6
CONTINUOUS
10
2.8660047244094486
20
-3.4298574803149604
11
2.8660047244094486
21
-3.4495425196850391
0
LINE
8
BLACK
6
CONTINUOUS
10
2.8660047244094486
20
-3.4495425196850391
11
2.865330433070866
21
-3.4529324409448816
0
LINE
8
BLACK
6
CONTINUOUS
10
2.865330433070866
20
-3.4529324409448816
11
2.8634101968503938
21
-3.4558062598425194
0
LINE
8
BLACK
6
CONTINUOUS
10
2.8634101968503938
20
-3.4558062598425194
11
2.8605363779527559
21
-3.4577264960629921
0
LINE
8
BLACK
6
CONTINUOUS
10
2.8605363779527559
20
-3.4577264960629921
11
2.8571464566929134
21
-3.4584007874015747
0
LINE
8
BLACK
6
CONTINUOUS
10
2.8571464566929134
20
-3.4584007874015747
11
2.8394299212598426
21
-3.4584007874015747
0
LINE
8
BLACK
6
CONTINUOUS
10
2.8394299212598426
20
-3.4584007874015747
11
2.8360400000000001
21
-3.4577264960629921
0
LINE
8
BLACK
6
CONTINUOUS
10
2.8360400000000001
20
-3.4577264960629921
11
2.8331661811023623
21
-3.4558062598425194
0
LINE
8
BLACK
6
CONTINUOUS
10
2.8331661811023623
20
-3.4558062598425194
11
2.8312459448818896
21
-3.4529324409448816
0
LINE
8
BLACK
6
CONTINUOUS
10
2.8312459448818896
20
-3.4529324409448816
11
2.830571653543307
21
-3.4495425196850391
0
LINE
8
BLACK
6
CONTINUOUS
10
2.830571653543307
20
-3.4495425196850391
11
2.830571653543307
21
-3.4298574803149604
0
LINE
8
BLACK
6
CONTINUOUS
10
2.830571653543307
20
-3.4298574803149604
11
2.8312459448818896
21
-3.4264675590551179
0
LINE
8
BLACK
6
CONTINUOUS
10
2.8312459448818896
20
-3.4264675590551179
11
2.8331661811023623
21
-3.4235937401574801
0
LINE
8
BLACK
6
CONTINUOUS
10
2.8331661811023623
20
-3.4235937401574801
11
2.8360400000000001
21
-3.4216735039370079
0
LINE
8
BLACK
6
CONTINUOUS
10
2.8360400000000001
20
-3.4216735039370079
11
2.8394299212598426
21
-3.4209992125984252
0
LINE
8
BLACK
6
CONTINUOUS
10
2.8394299212598426
20
-3.4209992125984252
11
2.8571464566929134
21
-3.4209992125984252
0
LINE
8
BLACK
6
CONTINUOUS
10
2.8571464566929134
20
-3.4209992125984252
11
2.8605363779527559
21
-3.4216735039370079
0
LINE
8
BLACK
6
CONTINUOUS
10
2.9215599999999999
20
-3.4216735039370079
11
2.9244338188976378
21
-3.4235937401574801
0
LINE
8
BLACK
6
CONTINUOUS
10
2.9244338188976378
20
-3.4235937401574801
11
2.92635405511811
21
-3.4264675590551179
0
LINE
8
BLACK
6
CONTINUOUS
10
2.92635405511811
20
-3.4264675590551179
11
2.9270283464566926
21
-3.4298574803149604
0
LINE
8
BLACK
6
CONTINUOUS
10
2.9270283464566926
20
-3.4298574803149604
11
2.9270283464566926
21
-3.4495425196850391
0
LINE
8
BLACK
6
CONTINUOUS
10
2.9270283464566926
20
-3.4495425196850391
11
2.92635405511811
21
-3.4529324409448816
0
LINE
8
BLACK
6
CONTINUOUS
10
2.92635405511811
20
-3.4529324409448816
11
2.9244338188976378
21
-3.4558062598425194
0
LINE
8
BLACK
6
CONTINUOUS
10
2.9244338188976378
20
-3.4558062598425194
11
2.9215599999999999
21
-3.4577264960629921
0
LINE
8
BLACK
6
CONTINUOUS
10
2.9215599999999999
20
-3.4577264960629921
11
2.9181700787401574
21
-3.4584007874015747
0
LINE
8
BLACK
6
CONTINUOUS
10
2.9181700787401574
20
-3.4584007874015747
11
2.9004535433070866
21
-3.4584007874015747
0
LINE
8
BLACK
6
CONTINUOUS
10
2.9004535433070866
20
-3.4584007874015747
11
2.8970636220472441
21
-3.4577264960629921
0
LINE
8
BLACK
6
CONTINUOUS
10
2.8970636220472441
20
-3.4577264960629921
11
2.8941898031496063
21
-3.4558062598425194
0
LINE
8
BLACK
6
CONTINUOUS
10
2.8941898031496063
20
-3.4558062598425194
11
2.8922695669291336
21
-3.4529324409448816
0
LINE
8
BLACK
6
CONTINUOUS
10
2.8922695669291336
20
-3.4529324409448816
11
2.891595275590551
21
-3.4495425196850391
0
LINE
8
BLACK
6
CONTINUOUS
10
2.891595275590551
20
-3.4495425196850391
11
2.891595275590551
21
-3.4298574803149604
0
LINE
8
BLACK
6
CONTINUOUS
10
2.891595275590551
20
-3.4298574803149604
11
2.8922695669291336
21
-3.4264675590551179
0
LINE
8
BLACK
6
CONTINUOUS
10
2.8922695669291336
20
-3.4264675590551179
11
2.8941898031496063
21
-3.4235937401574801
0
LINE
8
BLACK
6
CONTINUOUS
10
2.8941898031496063
20
-3.4235937401574801
11
2.8970636220472441
21
-3.4216735039370079
0
LINE
8
BLACK
6
CONTINUOUS
10
2.8970636220472441
20
-3.4216735039370079
11
2.9004535433070866
21
-3.4209992125984252
0
LINE
8
BLACK
6
CONTINUOUS
10
2.9004535433070866
20
-3.4209992125984252
11
2.9181700787401574
21
-3.4209992125984252
0
LINE
8
BLACK
6
CONTINUOUS
10
2.9181700787401574
20
-3.4209992125984252
11
2.9215599999999999
21
-3.4216735039370079
0
LINE
8
BLACK
6
CONTINUOUS
10
2.7926400393700788
20
-3.4270710236220472
11
2.7951945275590551
21
-3.4287779133858267
0
LINE
8
BLACK
6
CONTINUOUS
10
2.7951945275590551
20
-3.4287779133858267
11
2.7969014173228346
21
-3.431332401574803
0
LINE
8
BLACK
6
CONTINUOUS
10
2.7969014173228346
20
-3.431332401574803
11
2.7975007874015749
21
-3.4343456692913383
0
LINE
8
BLACK
6
CONTINUOUS
10
2.7975007874015749
20
-3.4343456692913383
11
2.7975007874015749
21
-3.4500937007874013
0
LINE
8
BLACK
6
CONTINUOUS
10
2.7975007874015749
20
-3.4500937007874013
11
2.7969014173228346
21
-3.4531069685039371
0
LINE
8
BLACK
6
CONTINUOUS
10
2.7969014173228346
20
-3.4531069685039371
11
2.7951945275590551
21
-3.4556614566929134
0
LINE
8
BLACK
6
CONTINUOUS
10
2.7951945275590551
20
-3.4556614566929134
11
2.7926400393700788
21
-3.4573683464566929
0
LINE
8
BLACK
6
CONTINUOUS
10
2.7926400393700788
20
-3.4573683464566929
11
2.7896267716535434
21
-3.4579677165354328
0
LINE
8
BLACK
6
CONTINUOUS
10
2.7896267716535434
20
-3.4579677165354328
11
2.7679732283464564
21
-3.4579677165354328
0
LINE
8
BLACK
6
CONTINUOUS
10
2.7679732283464564
20
-3.4579677165354328
11
2.7649599606299211
21
-3.4573683464566929
0
LINE
8
BLACK
6
CONTINUOUS
10
2.7649599606299211
20
-3.4573683464566929
11
2.7624054724409448
21
-3.4556614566929134
0
LINE
8
BLACK
6
CONTINUOUS
10
2.7624054724409448
20
-3.4556614566929134
11
2.7606985826771653
21
-3.4531069685039371
0
LINE
8
BLACK
6
CONTINUOUS
10
2.7606985826771653
20
-3.4531069685039371
11
2.7600992125984249
21
-3.4500937007874013
0
LINE
8
BLACK
6
CONTINUOUS
10
2.7600992125984249
20
-3.4500937007874013
11
2.7600992125984249
21
-3.4343456692913383
0
LINE
8
BLACK
6
CONTINUOUS
10
2.7600992125984249
20
-3.4343456692913383
11
2.7606985826771653
21
-3.431332401574803
0
LINE
8
BLACK
6
CONTINUOUS
10
2.7606985826771653
20
-3.431332401574803
11
2.7624054724409448
21
-3.4287779133858267
0
LINE
8
BLACK
6
CONTINUOUS
10
2.7624054724409448
20
-3.4287779133858267
11
2.7649599606299211
21
-3.4270710236220472
0
LINE
8
BLACK
6
CONTINUOUS
10
2.7649599606299211
20
-3.4270710236220472
11
2.7679732283464564
21
-3.4264716535433069
0
LINE
8
BLACK
6
CONTINUOUS
10
2.7679732283464564
20
-3.4264716535433069
11
2.7896267716535434
21
-3.4264716535433069
0
LINE
8
BLACK
6
CONTINUOUS
10
2.7896267716535434
20
-3.4264716535433069
11
2.7926400393700788
21
-3.4270710236220472
0
LINE
8
BLACK
6
CONTINUOUS
10
3.298432440944882
20
-3.195469566929134
11
3.3013062598425198
21
-3.1973898031496062
0
LINE
8
BLACK
6
CONTINUOUS
10
3.3013062598425198
20
-3.1973898031496062
11
3.303226496062992
21
-3.200263622047244
0
LINE
8
BLACK
6
CONTINUOUS
10
3.303226496062992
20
-3.200263622047244
11
3.3039007874015747
21
-3.2036535433070865
0
LINE
8
BLACK
6
CONTINUOUS
10
3.3039007874015747
20
-3.2036535433070865
11
3.3039007874015747
21
-3.2213700787401573
0
LINE
8
BLACK
6
CONTINUOUS
10
3.3039007874015747
20
-3.2213700787401573
11
3.303226496062992
21
-3.2247599999999998
0
LINE
8
BLACK
6
CONTINUOUS
10
3.303226496062992
20
-3.2247599999999998
11
3.3013062598425198
21
-3.2276338188976377
0
LINE
8
BLACK
6
CONTINUOUS
10
3.3013062598425198
20
-3.2276338188976377
11
3.298432440944882
21
-3.2295540551181103
0
LINE
8
BLACK
6
CONTINUOUS
10
3.298432440944882
20
-3.2295540551181103
11
3.2950425196850395
21
-3.230228346456693
0
LINE
8
BLACK
6
CONTINUOUS
10
3.2950425196850395
20
-3.230228346456693
11
3.2753574803149608
21
-3.230228346456693
0
LINE
8
BLACK
6
CONTINUOUS
10
3.2753574803149608
20
-3.230228346456693
11
3.2719675590551178
21
-3.2295540551181103
0
LINE
8
BLACK
6
CONTINUOUS
10
3.2719675590551178
20
-3.2295540551181103
11
3.2690937401574804
21
-3.2276338188976377
0
LINE
8
BLACK
6
CONTINUOUS
10
3.2690937401574804
20
-3.2276338188976377
11
3.2671735039370078
21
-3.2247599999999998
0
LINE
8
BLACK
6
CONTINUOUS
10
3.2671735039370078
20
-3.2247599999999998
11
3.2664992125984251
21
-3.2213700787401573
0
LINE
8
BLACK
6
CONTINUOUS
10
3.2664992125984251
20
-3.2213700787401573
11
3.2664992125984251
21
-3.2036535433070865
0
LINE
8
BLACK
6
CONTINUOUS
10
3.2664992125984251
20
-3.2036535433070865
11
3.2671735039370078
21
-3.200263622047244
0
LINE
8
BLACK
6
CONTINUOUS
10
3.2671735039370078
20
-3.200263622047244
11
3.2690937401574804
21
-3.1973898031496062
0
LINE
8
BLACK
6
CONTINUOUS
10
3.2690937401574804
20
-3.1973898031496062
11
3.2719675590551178
21
-3.195469566929134
0
LINE
8
BLACK
6
CONTINUOUS
10
3.2719675590551178
20
-3.195469566929134
11
3.2753574803149608
21
-3.1947952755905513
0
LINE
8
BLACK
6
CONTINUOUS
10
3.2753574803149608
20
-3.1947952755905513
11
3.2950425196850395
21
-3.1947952755905513
0
LINE
8
BLACK
6
CONTINUOUS
10
3.2950425196850395
20
-3.1947952755905513
11
3.298432440944882
21
-3.195469566929134
0
LINE
8
BLACK
6
CONTINUOUS
10
2.963232440944882
20
-3.1384695669291336
11
2.9661062598425194
21
-3.1403898031496063
0
LINE
8
BLACK
6
CONTINUOUS
10
2.9661062598425194
20
-3.1403898031496063
11
2.9680264960629921
21
-3.1432636220472441
0
LINE
8
BLACK
6
CONTINUOUS
10
2.9680264960629921
20
-3.1432636220472441
11
2.9687007874015747
21
-3.1466535433070866
0
LINE
8
BLACK
6
CONTINUOUS
10
2.9687007874015747
20
-3.1466535433070866
11
2.9687007874015747
21
-3.1643700787401574
0
LINE
8
BLACK
6
CONTINUOUS
10
2.9687007874015747
20
-3.1643700787401574
11
2.9680264960629921
21
-3.1677599999999999
0
LINE
8
BLACK
6
CONTINUOUS
10
2.9680264960629921
20
-3.1677599999999999
11
2.9661062598425194
21
-3.1706338188976377
0
LINE
8
BLACK
6
CONTINUOUS
10
2.9661062598425194
20
-3.1706338188976377
11
2.963232440944882
21
-3.17255405511811
0
LINE
8
BLACK
6
CONTINUOUS
10
2.963232440944882
20
-3.17255405511811
11
2.9598425196850391
21
-3.173228346456693
0
LINE
8
BLACK
6
CONTINUOUS
10
2.9598425196850391
20
-3.173228346456693
11
2.9401574803149604
21
-3.173228346456693
0
LINE
8
BLACK
6
CONTINUOUS
10
2.9401574803149604
20
-3.173228346456693
11
2.9367675590551179
21
-3.17255405511811
0
LINE
8
BLACK
6
CONTINUOUS
10
2.9367675590551179
20
-3.17255405511811
11
2.9338937401574801
21
-3.1706338188976377
0
LINE
8
BLACK
6
CONTINUOUS
10
2.9338937401574801
20
-3.1706338188976377
11
2.9319735039370078
21
-3.1677599999999999
0
LINE
8
BLACK
6
CONTINUOUS
10
2.9319735039370078
20
-3.1677599999999999
11
2.9312992125984252
21
-3.1643700787401574
0
LINE
8
BLACK
6
CONTINUOUS
10
2.9312992125984252
20
-3.1643700787401574
11
2.9312992125984252
21
-3.1466535433070866
0
LINE
8
BLACK
6
CONTINUOUS
10
2.9312992125984252
20
-3.1466535433070866
11
2.9319735039370078
21
-3.1432636220472441
0
LINE
8
BLACK
6
CONTINUOUS
10
2.9319735039370078
20
-3.1432636220472441
11
2.9338937401574801
21
-3.1403898031496063
0
LINE
8
BLACK
6
CONTINUOUS
10
2.9338937401574801
20
-3.1403898031496063
11
2.9367675590551179
21
-3.1384695669291336
0
LINE
8
BLACK
6
CONTINUOUS
10
2.9367675590551179
20
-3.1384695669291336
11
2.9401574803149604
21
-3.1377952755905509
0
LINE
8
BLACK
6
CONTINUOUS
10
2.9401574803149604
20
-3.1377952755905509
11
2.9598425196850391
21
-3.1377952755905509
0
LINE
8
BLACK
6
CONTINUOUS
10
2.9598425196850391
20
-3.1377952755905509
11
2.963232440944882
21
-3.1384695669291336
0
LINE
8
BLACK
6
CONTINUOUS
10
3.0332324409448819
20
-3.1384695669291336
11
3.0361062598425197
21
-3.1403898031496063
0
LINE
8
BLACK
6
CONTINUOUS
10
3.0361062598425197
20
-3.1403898031496063
11
3.0380264960629919
21
-3.1432636220472441
0
LINE
8
BLACK
6
CONTINUOUS
10
3.0380264960629919
20
-3.1432636220472441
11
3.0387007874015746
21
-3.1466535433070866
0
LINE
8
BLACK
6
CONTINUOUS
10
3.0387007874015746
20
-3.1466535433070866
11
3.0387007874015746
21
-3.1643700787401574
0
LINE
8
BLACK
6
CONTINUOUS
10
3.0387007874015746
20
-3.1643700787401574
11
3.0380264960629919
21
-3.1677599999999999
0
LINE
8
BLACK
6
CONTINUOUS
10
3.0380264960629919
20
-3.1677599999999999
11
3.0361062598425197
21
-3.1706338188976377
0
LINE
8
BLACK
6
CONTINUOUS
10
3.0361062598425197
20
-3.1706338188976377
11
3.0332324409448819
21
-3.17255405511811
0
LINE
8
BLACK
6
CONTINUOUS
10
3.0332324409448819
20
-3.17255405511811
11
3.0298425196850394
21
-3.173228346456693
0
LINE
8
BLACK
6
CONTINUOUS
10
3.0298425196850394
20
-3.173228346456693
11
3.0101574803149607
21
-3.173228346456693
0
LINE
8
BLACK
6
CONTINUOUS
10
3.0101574803149607
20
-3.173228346456693
11
3.0067675590551182
21
-3.17255405511811
0
LINE
8
BLACK
6
CONTINUOUS
10
3.0067675590551182
20
-3.17255405511811
11
3.0038937401574803
21
-3.1706338188976377
0
LINE
8
BLACK
6
CONTINUOUS
10
3.0038937401574803
20
-3.1706338188976377
11
3.0019735039370077
21
-3.1677599999999999
0
LINE
8
BLACK
6
CONTINUOUS
10
3.0019735039370077
20
-3.1677599999999999
11
3.001299212598425
21
-3.1643700787401574
0
LINE
8
BLACK
6
CONTINUOUS
10
3.001299212598425
20
-3.1643700787401574
11
3.001299212598425
21
-3.1466535433070866
0
LINE
8
BLACK
6
CONTINUOUS
10
3.001299212598425
20
-3.1466535433070866
11
3.0019735039370077
21
-3.1432636220472441
0
LINE
8
BLACK
6
CONTINUOUS
10
3.0019735039370077
20
-3.1432636220472441
11
3.0038937401574803
21
-3.1403898031496063
0
LINE
8
BLACK
6
CONTINUOUS
10
3.0038937401574803
20
-3.1403898031496063
11
3.0067675590551182
21
-3.1384695669291336
0
LINE
8
BLACK
6
CONTINUOUS
10
3.0067675590551182
20
-3.1384695669291336
11
3.0101574803149607
21
-3.1377952755905509
0
LINE
8
BLACK
6
CONTINUOUS
10
3.0101574803149607
20
-3.1377952755905509
11
3.0298425196850394
21
-3.1377952755905509
0
LINE
8
BLACK
6
CONTINUOUS
10
3.0298425196850394
20
-3.1377952755905509
11
3.0332324409448819
21
-3.1384695669291336
0
LINE
8
BLACK
6
CONTINUOUS
10
3.1132324409448819
20
-3.1384695669291336
11
3.1161062598425198
21
-3.1403898031496063
0
LINE
8
BLACK
6
CONTINUOUS
10
3.1161062598425198
20
-3.1403898031496063
11
3.118026496062992
21
-3.1432636220472441
0
LINE
8
BLACK
6
CONTINUOUS
10
3.118026496062992
20
-3.1432636220472441
11
3.1187007874015746
21
-3.1466535433070866
0
LINE
8
BLACK
6
CONTINUOUS
10
3.1187007874015746
20
-3.1466535433070866
11
3.1187007874015746
21
-3.1643700787401574
0
LINE
8
BLACK
6
CONTINUOUS
10
3.1187007874015746
20
-3.1643700787401574
11
3.118026496062992
21
-3.1677599999999999
0
LINE
8
BLACK
6
CONTINUOUS
10
3.118026496062992
20
-3.1677599999999999
11
3.1161062598425198
21
-3.1706338188976377
0
LINE
8
BLACK
6
CONTINUOUS
10
3.1161062598425198
20
-3.1706338188976377
11
3.1132324409448819
21
-3.17255405511811
0
LINE
8
BLACK
6
CONTINUOUS
10
3.1132324409448819
20
-3.17255405511811
11
3.1098425196850394
21
-3.173228346456693
0
LINE
8
BLACK
6
CONTINUOUS
10
3.1098425196850394
20
-3.173228346456693
11
3.0901574803149607
21
-3.173228346456693
0
LINE
8
BLACK
6
CONTINUOUS
10
3.0901574803149607
20
-3.173228346456693
11
3.0867675590551182
21
-3.17255405511811
0
LINE
8
BLACK
6
CONTINUOUS
10
3.0867675590551182
20
-3.17255405511811
11
3.0838937401574804
21
-3.1706338188976377
0
LINE
8
BLACK
6
CONTINUOUS
10
3.0838937401574804
20
-3.1706338188976377
11
3.0819735039370078
21
-3.1677599999999999
0
LINE
8
BLACK
6
CONTINUOUS
10
3.0819735039370078
20
-3.1677599999999999
11
3.0812992125984251
21
-3.1643700787401574
0
LINE
8
BLACK
6
CONTINUOUS
10
3.0812992125984251
20
-3.1643700787401574
11
3.0812992125984251
21
-3.1466535433070866
0
LINE
8
BLACK
6
CONTINUOUS
10
3.0812992125984251
20
-3.1466535433070866
11
3.0819735039370078
21
-3.1432636220472441
0
LINE
8
BLACK
6
CONTINUOUS
10
3.0819735039370078
20
-3.1432636220472441
11
3.0838937401574804
21
-3.1403898031496063
0
LINE
8
BLACK
6
CONTINUOUS
10
3.0838937401574804
20
-3.1403898031496063
11
3.0867675590551182
21
-3.1384695669291336
0
LINE
8
BLACK
6
CONTINUOUS
10
3.0867675590551182
20
-3.1384695669291336
11
3.0901574803149607
21
-3.1377952755905509
0
LINE
8
BLACK
6
CONTINUOUS
10
3.0901574803149607
20
-3.1377952755905509
11
3.1098425196850394
21
-3.1377952755905509
0
LINE
8
BLACK
6
CONTINUOUS
10
3.1098425196850394
20
-3.1377952755905509
11
3.1132324409448819
21
-3.1384695669291336
0
LINE
8
BLACK
6
CONTINUOUS
10
3.1832324409448818
20
-3.1384695669291336
11
3.1861062598425196
21
-3.1403898031496063
0
LINE
8
BLACK
6
CONTINUOUS
10
3.1861062598425196
20
-3.1403898031496063
11
3.1880264960629923
21
-3.1432636220472441
0
LINE
8
BLACK
6
CONTINUOUS
10
3.1880264960629923
20
-3.1432636220472441
11
3.1887007874015749
21
-3.1466535433070866
0
LINE
8
BLACK
6
CONTINUOUS
10
3.1887007874015749
20
-3.1466535433070866
11
3.1887007874015749
21
-3.1643700787401574
0
LINE
8
BLACK
6
CONTINUOUS
10
3.1887007874015749
20
-3.1643700787401574
11
3.1880264960629923
21
-3.1677599999999999
0
LINE
8
BLACK
6
CONTINUOUS
10
3.1880264960629923
20
-3.1677599999999999
11
3.1861062598425196
21
-3.1706338188976377
0
LINE
8
BLACK
6
CONTINUOUS
10
3.1861062598425196
20
-3.1706338188976377
11
3.1832324409448818
21
-3.17255405511811
0
LINE
8
BLACK
6
CONTINUOUS
10
3.1832324409448818
20
-3.17255405511811
11
3.1798425196850393
21
-3.173228346456693
0
LINE
8
BLACK
6
CONTINUOUS
10
3.1798425196850393
20
-3.173228346456693
11
3.1601574803149606
21
-3.173228346456693
0
LINE
8
BLACK
6
CONTINUOUS
10
3.1601574803149606
20
-3.173228346456693
11
3.1567675590551181
21
-3.17255405511811
0
LINE
8
BLACK
6
CONTINUOUS
10
3.1567675590551181
20
-3.17255405511811
11
3.1538937401574803
21
-3.1706338188976377
0
LINE
8
BLACK
6
CONTINUOUS
10
3.1538937401574803
20
-3.1706338188976377
11
3.1519735039370076
21
-3.1677599999999999
0
LINE
8
BLACK
6
CONTINUOUS
10
3.1519735039370076
20
-3.1677599999999999
11
3.1512992125984249
21
-3.1643700787401574
0
LINE
8
BLACK
6
CONTINUOUS
10
3.1512992125984249
20
-3.1643700787401574
11
3.1512992125984249
21
-3.1466535433070866
0
LINE
8
BLACK
6
CONTINUOUS
10
3.1512992125984249
20
-3.1466535433070866
11
3.1519735039370076
21
-3.1432636220472441
0
LINE
8
BLACK
6
CONTINUOUS
10
3.1519735039370076
20
-3.1432636220472441
11
3.1538937401574803
21
-3.1403898031496063
0
LINE
8
BLACK
6
CONTINUOUS
10
3.1538937401574803
20
-3.1403898031496063
11
3.1567675590551181
21
-3.1384695669291336
0
LINE
8
BLACK
6
CONTINUOUS
10
3.1567675590551181
20
-3.1384695669291336
11
3.1601574803149606
21
-3.1377952755905509
0
LINE
8
BLACK
6
CONTINUOUS
10
3.1601574803149606
20
-3.1377952755905509
11
3.1798425196850393
21
-3.1377952755905509
0
LINE
8
BLACK
6
CONTINUOUS
10
3.1798425196850393
20
-3.1377952755905509
11
3.1832324409448818
21
-3.1384695669291336
0
LINE
8
BLACK
6
CONTINUOUS
10
3.298432440944882
20
-3.1344459448818895
11
3.3013062598425198
21
-3.1363661811023622
0
LINE
8
BLACK
6
CONTINUOUS
10
3.3013062598425198
20
-3.1363661811023622
11
3.303226496062992
21
-3.13924
0
LINE
8
BLACK
6
CONTINUOUS
10
3.303226496062992
20
-3.13924
11
3.3039007874015747
21
-3.1426299212598425
0
LINE
8
BLACK
6
CONTINUOUS
10
3.3039007874015747
20
-3.1426299212598425
11
3.3039007874015747
21
-3.1603464566929134
0
LINE
8
BLACK
6
CONTINUOUS
10
3.3039007874015747
20
-3.1603464566929134
11
3.303226496062992
21
-3.1637363779527559
0
LINE
8
BLACK
6
CONTINUOUS
10
3.303226496062992
20
-3.1637363779527559
11
3.3013062598425198
21
-3.1666101968503937
0
LINE
8
BLACK
6
CONTINUOUS
10
3.3013062598425198
20
-3.1666101968503937
11
3.298432440944882
21
-3.1685304330708659
0
LINE
8
BLACK
6
CONTINUOUS
10
3.298432440944882
20
-3.1685304330708659
11
3.2950425196850395
21
-3.1692047244094486
0
LINE
8
BLACK
6
CONTINUOUS
10
3.2950425196850395
20
-3.1692047244094486
11
3.2753574803149608
21
-3.1692047244094486
0
LINE
8
BLACK
6
CONTINUOUS
10
3.2753574803149608
20
-3.1692047244094486
11
3.2719675590551178
21
-3.1685304330708659
0
LINE
8
BLACK
6
CONTINUOUS
10
3.2719675590551178
20
-3.1685304330708659
11
3.2690937401574804
21
-3.1666101968503937
0
LINE
8
BLACK
6
CONTINUOUS
10
3.2690937401574804
20
-3.1666101968503937
11
3.2671735039370078
21
-3.1637363779527559
0
LINE
8
BLACK
6
CONTINUOUS
10
3.2671735039370078
20
-3.1637363779527559
11
3.2664992125984251
21
-3.1603464566929134
0
LINE
8
BLACK
6
CONTINUOUS
10
3.2664992125984251
20
-3.1603464566929134
11
3.2664992125984251
21
-3.1426299212598425
0
LINE
8
BLACK
6
CONTINUOUS
10
3.2664992125984251
20
-3.1426299212598425
11
3.2671735039370078
21
-3.13924
0
LINE
8
BLACK
6
CONTINUOUS
10
3.2671735039370078
20
-3.13924
11
3.2690937401574804
21
-3.1363661811023622
0
LINE
8
BLACK
6
CONTINUOUS
10
3.2690937401574804
20
-3.1363661811023622
11
3.2719675590551178
21
-3.1344459448818895
0
LINE
8
BLACK
6
CONTINUOUS
10
3.2719675590551178
20
-3.1344459448818895
11
3.2753574803149608
21
-3.1337716535433069
0
LINE
8
BLACK
6
CONTINUOUS
10
3.2753574803149608
20
-3.1337716535433069
11
3.2950425196850395
21
-3.1337716535433069
0
LINE
8
BLACK
6
CONTINUOUS
10
3.2950425196850395
20
-3.1337716535433069
11
3.298432440944882
21
-3.1344459448818895
0
LINE
8
BLACK
6
CONTINUOUS
10
2.963232440944882
20
-3.0774459448818896
11
2.9661062598425194
21
-3.0793661811023623
0
LINE
8
BLACK
6
CONTINUOUS
10
2.9661062598425194
20
-3.0793661811023623
11
2.9680264960629921
21
-3.0822400000000001
0
LINE
8
BLACK
6
CONTINUOUS
10
2.9680264960629921
20
-3.0822400000000001
11
2.9687007874015747
21
-3.0856299212598426
0
LINE
8
BLACK
6
CONTINUOUS
10
2.9687007874015747
20
-3.0856299212598426
11
2.9687007874015747
21
-3.1033464566929134
0
LINE
8
BLACK
6
CONTINUOUS
10
2.9687007874015747
20
-3.1033464566929134
11
2.9680264960629921
21
-3.1067363779527559
0
LINE
8
BLACK
6
CONTINUOUS
10
2.9680264960629921
20
-3.1067363779527559
11
2.9661062598425194
21
-3.1096101968503937
0
LINE
8
BLACK
6
CONTINUOUS
10
2.9661062598425194
20
-3.1096101968503937
11
2.963232440944882
21
-3.111530433070866
0
LINE
8
BLACK
6
CONTINUOUS
10
2.963232440944882
20
-3.111530433070866
11
2.9598425196850391
21
-3.1122047244094486
0
LINE
8
BLACK
6
CONTINUOUS
10
2.9598425196850391
20
-3.1122047244094486
11
2.9401574803149604
21
-3.1122047244094486
0
LINE
8
BLACK
6
CONTINUOUS
10
2.9401574803149604
20
-3.1122047244094486
11
2.9367675590551179
21
-3.111530433070866
0
LINE
8
BLACK
6
CONTINUOUS
10
2.9367675590551179
20
-3.111530433070866
11
2.9338937401574801
21
-3.1096101968503937
0
LINE
8
BLACK
6
CONTINUOUS
10
2.9338937401574801
20
-3.1096101968503937
11
2.9319735039370078
21
-3.1067363779527559
0
LINE
8
BLACK
6
CONTINUOUS
10
2.9319735039370078
20
-3.1067363779527559
11
2.9312992125984252
21
-3.1033464566929134
0
LINE
8
BLACK
6
CONTINUOUS
10
2.9312992125984252
20
-3.1033464566929134
11
2.9312992125984252
21
-3.0856299212598426
0
LINE
8
BLACK
6
CONTINUOUS
10
2.9312992125984252
20
-3.0856299212598426
11
2.9319735039370078
21
-3.0822400000000001
0
LINE
8
BLACK
6
CONTINUOUS
10
2.9319735039370078
20
-3.0822400000000001
11
2.9338937401574801
21
-3.0793661811023623
0
LINE
8
BLACK
6
CONTINUOUS
10
2.9338937401574801
20
-3.0793661811023623
11
2.9367675590551179
21
-3.0774459448818896
0
LINE
8
BLACK
6
CONTINUOUS
10
2.9367675590551179
20
-3.0774459448818896
11
2.9401574803149604
21
-3.076771653543307
0
LINE
8
BLACK
6
CONTINUOUS
10
2.9401574803149604
20
-3.076771653543307
11
2.9598425196850391
21
-3.076771653543307
0
LINE
8
BLACK
6
CONTINUOUS
10
2.9598425196850391
20
-3.076771653543307
11
2.963232440944882
21
-3.0774459448818896
0
LINE
8
BLACK
6
CONTINUOUS
10
3.0332324409448819
20
-3.0774459448818896
11
3.0361062598425197
21
-3.0793661811023623
0
LINE
8
BLACK
6
CONTINUOUS
10
3.0361062598425197
20
-3.0793661811023623
11
3.0380264960629919
21
-3.0822400000000001
0
LINE
8
BLACK
6
CONTINUOUS
10
3.0380264960629919
20
-3.0822400000000001
11
3.0387007874015746
21
-3.0856299212598426
0
LINE
8
BLACK
6
CONTINUOUS
10
3.0387007874015746
20
-3.0856299212598426
11
3.0387007874015746
21
-3.1033464566929134
0
LINE
8
BLACK
6
CONTINUOUS
10
3.0387007874015746
20
-3.1033464566929134
11
3.0380264960629919
21
-3.1067363779527559
0
LINE
8
BLACK
6
CONTINUOUS
10
3.0380264960629919
20
-3.1067363779527559
11
3.0361062598425197
21
-3.1096101968503937
0
LINE
8
BLACK
6
CONTINUOUS
10
3.0361062598425197
20
-3.1096101968503937
11
3.0332324409448819
21
-3.111530433070866
0
LINE
8
BLACK
6
CONTINUOUS
10
3.0332324409448819
20
-3.111530433070866
11
3.0298425196850394
21
-3.1122047244094486
0
LINE
8
BLACK
6
CONTINUOUS
10
3.0298425196850394
20
-3.1122047244094486
11
3.0101574803149607
21
-3.1122047244094486
0
LINE
8
BLACK
6
CONTINUOUS
10
3.0101574803149607
20
-3.1122047244094486
11
3.0067675590551182
21
-3.111530433070866
0
LINE
8
BLACK
6
CONTINUOUS
10
3.0067675590551182
20
-3.111530433070866
11
3.0038937401574803
21
-3.1096101968503937
0
LINE
8
BLACK
6
CONTINUOUS
10
3.0038937401574803
20
-3.1096101968503937
11
3.0019735039370077
21
-3.1067363779527559
0
LINE
8
BLACK
6
CONTINUOUS
10
3.0019735039370077
20
-3.1067363779527559
11
3.001299212598425
21
-3.1033464566929134
0
LINE
8
BLACK
6
CONTINUOUS
10
3.001299212598425
20
-3.1033464566929134
11
3.001299212598425
21
-3.0856299212598426
0
LINE
8
BLACK
6
CONTINUOUS
10
3.001299212598425
20
-3.0856299212598426
11
3.0019735039370077
21
-3.0822400000000001
0
LINE
8
BLACK
6
CONTINUOUS
10
3.0019735039370077
20
-3.0822400000000001
11
3.0038937401574803
21
-3.0793661811023623
0
LINE
8
BLACK
6
CONTINUOUS
10
3.0038937401574803
20
-3.0793661811023623
11
3.0067675590551182
21
-3.0774459448818896
0
LINE
8
BLACK
6
CONTINUOUS
10
3.0067675590551182
20
-3.0774459448818896
11
3.0101574803149607
21
-3.076771653543307
0
LINE
8
BLACK
6
CONTINUOUS
10
3.0101574803149607
20
-3.076771653543307
11
3.0298425196850394
21
-3.076771653543307
0
LINE
8
BLACK
6
CONTINUOUS
10
3.0298425196850394
20
-3.076771653543307
11
3.0332324409448819
21
-3.0774459448818896
0
LINE
8
BLACK
6
CONTINUOUS
10
3.1132324409448819
20
-3.0774459448818896
11
3.1161062598425198
21
-3.0793661811023623
0
LINE
8
BLACK
6
CONTINUOUS
10
3.1161062598425198
20
-3.0793661811023623
11
3.118026496062992
21
-3.0822400000000001
0
LINE
8
BLACK
6
CONTINUOUS
10
3.118026496062992
20
-3.0822400000000001
11
3.1187007874015746
21
-3.0856299212598426
0
LINE
8
BLACK
6
CONTINUOUS
10
3.1187007874015746
20
-3.0856299212598426
11
3.1187007874015746
21
-3.1033464566929134
0
LINE
8
BLACK
6
CONTINUOUS
10
3.1187007874015746
20
-3.1033464566929134
11
3.118026496062992
21
-3.1067363779527559
0
LINE
8
BLACK
6
CONTINUOUS
10
3.118026496062992
20
-3.1067363779527559
11
3.1161062598425198
21
-3.1096101968503937
0
LINE
8
BLACK
6
CONTINUOUS
10
3.1161062598425198
20
-3.1096101968503937
11
3.1132324409448819
21
-3.111530433070866
0
LINE
8
BLACK
6
CONTINUOUS
10
3.1132324409448819
20
-3.111530433070866
11
3.1098425196850394
21
-3.1122047244094486
0
LINE
8
BLACK
6
CONTINUOUS
10
3.1098425196850394
20
-3.1122047244094486
11
3.0901574803149607
21
-3.1122047244094486
0
LINE
8
BLACK
6
CONTINUOUS
10
3.0901574803149607
20
-3.1122047244094486
11
3.0867675590551182
21
-3.111530433070866
0
LINE
8
BLACK
6
CONTINUOUS
10
3.0867675590551182
20
-3.111530433070866
11
3.0838937401574804
21
-3.1096101968503937
0
LINE
8
BLACK
6
CONTINUOUS
10
3.0838937401574804
20
-3.1096101968503937
11
3.0819735039370078
21
-3.1067363779527559
0
LINE
8
BLACK
6
CONTINUOUS
10
3.0819735039370078
20
-3.1067363779527559
11
3.0812992125984251
21
-3.1033464566929134
0
LINE
8
BLACK
6
CONTINUOUS
10
3.0812992125984251
20
-3.1033464566929134
11
3.0812992125984251
21
-3.0856299212598426
0
LINE
8
BLACK
6
CONTINUOUS
10
3.0812992125984251
20
-3.0856299212598426
11
3.0819735039370078
21
-3.0822400000000001
0
LINE
8
BLACK
6
CONTINUOUS
10
3.0819735039370078
20
-3.0822400000000001
11
3.0838937401574804
21
-3.0793661811023623
0
LINE
8
BLACK
6
CONTINUOUS
10
3.0838937401574804
20
-3.0793661811023623
11
3.0867675590551182
21
-3.0774459448818896
0
LINE
8
BLACK
6
CONTINUOUS
10
3.0867675590551182
20
-3.0774459448818896
11
3.0901574803149607
21
-3.076771653543307
0
LINE
8
BLACK
6
CONTINUOUS
10
3.0901574803149607
20
-3.076771653543307
11
3.1098425196850394
21
-3.076771653543307
0
LINE
8
BLACK
6
CONTINUOUS
10
3.1098425196850394
20
-3.076771653543307
11
3.1132324409448819
21
-3.0774459448818896
0
LINE
8
BLACK
6
CONTINUOUS
10
3.1832324409448818
20
-3.0774459448818896
11
3.1861062598425196
21
-3.0793661811023623
0
LINE
8
BLACK
6
CONTINUOUS
10
3.1861062598425196
20
-3.0793661811023623
11
3.1880264960629923
21
-3.0822400000000001
0
LINE
8
BLACK
6
CONTINUOUS
10
3.1880264960629923
20
-3.0822400000000001
11
3.1887007874015749
21
-3.0856299212598426
0
LINE
8
BLACK
6
CONTINUOUS
10
3.1887007874015749
20
-3.0856299212598426
11
3.1887007874015749
21
-3.1033464566929134
0
LINE
8
BLACK
6
CONTINUOUS
10
3.1887007874015749
20
-3.1033464566929134
11
3.1880264960629923
21
-3.1067363779527559
0
LINE
8
BLACK
6
CONTINUOUS
10
3.1880264960629923
20
-3.1067363779527559
11
3.1861062598425196
21
-3.1096101968503937
0
LINE
8
BLACK
6
CONTINUOUS
10
3.1861062598425196
20
-3.1096101968503937
11
3.1832324409448818
21
-3.111530433070866
0
LINE
8
BLACK
6
CONTINUOUS
10
3.1832324409448818
20
-3.111530433070866
11
3.1798425196850393
21
-3.1122047244094486
0
LINE
8
BLACK
6
CONTINUOUS
10
3.1798425196850393
20
-3.1122047244094486
11
3.1601574803149606
21
-3.1122047244094486
0
LINE
8
BLACK
6
CONTINUOUS
10
3.1601574803149606
20
-3.1122047244094486
11
3.1567675590551181
21
-3.111530433070866
0
LINE
8
BLACK
6
CONTINUOUS
10
3.1567675590551181
20
-3.111530433070866
11
3.1538937401574803
21
-3.1096101968503937
0
LINE
8
BLACK
6
CONTINUOUS
10
3.1538937401574803
20
-3.1096101968503937
11
3.1519735039370076
21
-3.1067363779527559
0
LINE
8
BLACK
6
CONTINUOUS
10
3.1519735039370076
20
-3.1067363779527559
11
3.1512992125984249
21
-3.1033464566929134
0
LINE
8
BLACK
6
CONTINUOUS
10
3.1512992125984249
20
-3.1033464566929134
11
3.1512992125984249
21
-3.0856299212598426
0
LINE
8
BLACK
6
CONTINUOUS
10
3.1512992125984249
20
-3.0856299212598426
11
3.1519735039370076
21
-3.0822400000000001
0
LINE
8
BLACK
6
CONTINUOUS
10
3.1519735039370076
20
-3.0822400000000001
11
3.1538937401574803
21
-3.0793661811023623
0
LINE
8
BLACK
6
CONTINUOUS
10
3.1538937401574803
20
-3.0793661811023623
11
3.1567675590551181
21
-3.0774459448818896
0
LINE
8
BLACK
6
CONTINUOUS
10
3.1567675590551181
20
-3.0774459448818896
11
3.1601574803149606
21
-3.076771653543307
0
LINE
8
BLACK
6
CONTINUOUS
10
3.1601574803149606
20
-3.076771653543307
11
3.1798425196850393
21
-3.076771653543307
0
LINE
8
BLACK
6
CONTINUOUS
10
3.1798425196850393
20
-3.076771653543307
11
3.1832324409448818
21
-3.0774459448818896
0
LINE
8
BLACK
6
CONTINUOUS
10
2.963406968503937
20
-3.0068985826771653
11
2.9659614566929133
21
-3.0086054724409448
0
LINE
8
BLACK
6
CONTINUOUS
10
2.9659614566929133
20
-3.0086054724409448
11
2.9676683464566929
21
-3.0111599606299211
0
LINE
8
BLACK
6
CONTINUOUS
10
2.9676683464566929
20
-3.0111599606299211
11
2.9682677165354332
21
-3.0141732283464568
0
LINE
8
BLACK
6
CONTINUOUS
10
2.9682677165354332
20
-3.0141732283464568
11
2.9682677165354332
21
-3.0358267716535434
0
LINE
8
BLACK
6
CONTINUOUS
10
2.9682677165354332
20
-3.0358267716535434
11
2.9676683464566929
21
-3.0388400393700787
0
LINE
8
BLACK
6
CONTINUOUS
10
2.9676683464566929
20
-3.0388400393700787
11
2.9659614566929133
21
-3.041394527559055
0
LINE
8
BLACK
6
CONTINUOUS
10
2.9659614566929133
20
-3.041394527559055
11
2.963406968503937
21
-3.0431014173228346
0
LINE
8
BLACK
6
CONTINUOUS
10
2.963406968503937
20
-3.0431014173228346
11
2.9603937007874017
21
-3.0437007874015749
0
LINE
8
BLACK
6
CONTINUOUS
10
2.9603937007874017
20
-3.0437007874015749
11
2.9446456692913383
21
-3.0437007874015749
0
LINE
8
BLACK
6
CONTINUOUS
10
2.9446456692913383
20
-3.0437007874015749
11
2.941632401574803
21
-3.0431014173228346
0
LINE
8
BLACK
6
CONTINUOUS
10
2.941632401574803
20
-3.0431014173228346
11
2.9390779133858267
21
-3.041394527559055
0
LINE
8
BLACK
6
CONTINUOUS
10
2.9390779133858267
20
-3.041394527559055
11
2.9373710236220472
21
-3.0388400393700787
0
LINE
8
BLACK
6
CONTINUOUS
10
2.9373710236220472
20
-3.0388400393700787
11
2.9367716535433068
21
-3.0358267716535434
0
LINE
8
BLACK
6
CONTINUOUS
10
2.9367716535433068
20
-3.0358267716535434
11
2.9367716535433068
21
-3.0141732283464568
0
LINE
8
BLACK
6
CONTINUOUS
10
2.9367716535433068
20
-3.0141732283464568
11
2.9373710236220472
21
-3.0111599606299211
0
LINE
8
BLACK
6
CONTINUOUS
10
2.9373710236220472
20
-3.0111599606299211
11
2.9390779133858267
21
-3.0086054724409448
0
LINE
8
BLACK
6
CONTINUOUS
10
2.9390779133858267
20
-3.0086054724409448
11
2.941632401574803
21
-3.0068985826771653
0
LINE
8
BLACK
6
CONTINUOUS
10
2.941632401574803
20
-3.0068985826771653
11
2.9446456692913383
21
-3.0062992125984249
0
LINE
8
BLACK
6
CONTINUOUS
10
2.9446456692913383
20
-3.0062992125984249
11
2.9603937007874017
21
-3.0062992125984249
0
LINE
8
BLACK
6
CONTINUOUS
10
2.9603937007874017
20
-3.0062992125984249
11
2.963406968503937
21
-3.0068985826771653
0
LINE
8
BLACK
6
CONTINUOUS
10
3.0283675984251968
20
-3.0068985826771653
11
3.0309220866141731
21
-3.0086054724409448
0
LINE
8
BLACK
6
CONTINUOUS
10
3.0309220866141731
20
-3.0086054724409448
11
3.0326289763779526
21
-3.0111599606299211
0
LINE
8
BLACK
6
CONTINUOUS
10
3.0326289763779526
20
-3.0111599606299211
11
3.0332283464566929
21
-3.0141732283464568
0
LINE
8
BLACK
6
CONTINUOUS
10
3.0332283464566929
20
-3.0141732283464568
11
3.0332283464566929
21
-3.0358267716535434
0
LINE
8
BLACK
6
CONTINUOUS
10
3.0332283464566929
20
-3.0358267716535434
11
3.0326289763779526
21
-3.0388400393700787
0
LINE
8
BLACK
6
CONTINUOUS
10
3.0326289763779526
20
-3.0388400393700787
11
3.0309220866141731
21
-3.041394527559055
0
LINE
8
BLACK
6
CONTINUOUS
10
3.0309220866141731
20
-3.041394527559055
11
3.0283675984251968
21
-3.0431014173228346
0
LINE
8
BLACK
6
CONTINUOUS
10
3.0283675984251968
20
-3.0431014173228346
11
3.0253543307086614
21
-3.0437007874015749
0
LINE
8
BLACK
6
CONTINUOUS
10
3.0253543307086614
20
-3.0437007874015749
11
3.0096062992125985
21
-3.0437007874015749
0
LINE
8
BLACK
6
CONTINUOUS
10
3.0096062992125985
20
-3.0437007874015749
11
3.0065930314960627
21
-3.0431014173228346
0
LINE
8
BLACK
6
CONTINUOUS
10
3.0065930314960627
20
-3.0431014173228346
11
3.0040385433070864
21
-3.041394527559055
0
LINE
8
BLACK
6
CONTINUOUS
10
3.0040385433070864
20
-3.041394527559055
11
3.0023316535433069
21
-3.0388400393700787
0
LINE
8
BLACK
6
CONTINUOUS
10
3.0023316535433069
20
-3.0388400393700787
11
3.001732283464567
21
-3.0358267716535434
0
LINE
8
BLACK
6
CONTINUOUS
10
3.001732283464567
20
-3.0358267716535434
11
3.001732283464567
21
-3.0141732283464568
0
LINE
8
BLACK
6
CONTINUOUS
10
3.001732283464567
20
-3.0141732283464568
11
3.0023316535433069
21
-3.0111599606299211
0
LINE
8
BLACK
6
CONTINUOUS
10
3.0023316535433069
20
-3.0111599606299211
11
3.0040385433070864
21
-3.0086054724409448
0
LINE
8
BLACK
6
CONTINUOUS
10
3.0040385433070864
20
-3.0086054724409448
11
3.0065930314960627
21
-3.0068985826771653
0
LINE
8
BLACK
6
CONTINUOUS
10
3.0065930314960627
20
-3.0068985826771653
11
3.0096062992125985
21
-3.0062992125984249
0
LINE
8
BLACK
6
CONTINUOUS
10
3.0096062992125985
20
-3.0062992125984249
11
3.0253543307086614
21
-3.0062992125984249
0
LINE
8
BLACK
6
CONTINUOUS
10
3.0253543307086614
20
-3.0062992125984249
11
3.0283675984251968
21
-3.0068985826771653
0
LINE
8
BLACK
6
CONTINUOUS
10
3.1134069685039369
20
-3.0068985826771653
11
3.1159614566929132
21
-3.0086054724409448
0
LINE
8
BLACK
6
CONTINUOUS
10
3.1159614566929132
20
-3.0086054724409448
11
3.1176683464566928
21
-3.0111599606299211
0
LINE
8
BLACK
6
CONTINUOUS
10
3.1176683464566928
20
-3.0111599606299211
11
3.1182677165354331
21
-3.0141732283464568
0
LINE
8
BLACK
6
CONTINUOUS
10
3.1182677165354331
20
-3.0141732283464568
11
3.1182677165354331
21
-3.0358267716535434
0
LINE
8
BLACK
6
CONTINUOUS
10
3.1182677165354331
20
-3.0358267716535434
11
3.1176683464566928
21
-3.0388400393700787
0
LINE
8
BLACK
6
CONTINUOUS
10
3.1176683464566928
20
-3.0388400393700787
11
3.1159614566929132
21
-3.041394527559055
0
LINE
8
BLACK
6
CONTINUOUS
10
3.1159614566929132
20
-3.041394527559055
11
3.1134069685039369
21
-3.0431014173228346
0
LINE
8
BLACK
6
CONTINUOUS
10
3.1134069685039369
20
-3.0431014173228346
11
3.1103937007874016
21
-3.0437007874015749
0
LINE
8
BLACK
6
CONTINUOUS
10
3.1103937007874016
20
-3.0437007874015749
11
3.0946456692913387
21
-3.0437007874015749
0
LINE
8
BLACK
6
CONTINUOUS
10
3.0946456692913387
20
-3.0437007874015749
11
3.0916324015748029
21
-3.0431014173228346
0
LINE
8
BLACK
6
CONTINUOUS
10
3.0916324015748029
20
-3.0431014173228346
11
3.0890779133858266
21
-3.041394527559055
0
LINE
8
BLACK
6
CONTINUOUS
10
3.0890779133858266
20
-3.041394527559055
11
3.0873710236220471
21
-3.0388400393700787
0
LINE
8
BLACK
6
CONTINUOUS
10
3.0873710236220471
20
-3.0388400393700787
11
3.0867716535433072
21
-3.0358267716535434
0
LINE
8
BLACK
6
CONTINUOUS
10
3.0867716535433072
20
-3.0358267716535434
11
3.0867716535433072
21
-3.0141732283464568
0
LINE
8
BLACK
6
CONTINUOUS
10
3.0867716535433072
20
-3.0141732283464568
11
3.0873710236220471
21
-3.0111599606299211
0
LINE
8
BLACK
6
CONTINUOUS
10
3.0873710236220471
20
-3.0111599606299211
11
3.0890779133858266
21
-3.0086054724409448
0
LINE
8
BLACK
6
CONTINUOUS
10
3.0890779133858266
20
-3.0086054724409448
11
3.0916324015748029
21
-3.0068985826771653
0
LINE
8
BLACK
6
CONTINUOUS
10
3.0916324015748029
20
-3.0068985826771653
11
3.0946456692913387
21
-3.0062992125984249
0
LINE
8
BLACK
6
CONTINUOUS
10
3.0946456692913387
20
-3.0062992125984249
11
3.1103937007874016
21
-3.0062992125984249
0
LINE
8
BLACK
6
CONTINUOUS
10
3.1103937007874016
20
-3.0062992125984249
11
3.1134069685039369
21
-3.0068985826771653
0
LINE
8
BLACK
6
CONTINUOUS
10
3.1783675984251967
20
-3.0068985826771653
11
3.180922086614173
21
-3.0086054724409448
0
LINE
8
BLACK
6
CONTINUOUS
10
3.180922086614173
20
-3.0086054724409448
11
3.1826289763779525
21
-3.0111599606299211
0
LINE
8
BLACK
6
CONTINUOUS
10
3.1826289763779525
20
-3.0111599606299211
11
3.1832283464566928
21
-3.0141732283464568
0
LINE
8
BLACK
6
CONTINUOUS
10
3.1832283464566928
20
-3.0141732283464568
11
3.1832283464566928
21
-3.0358267716535434
0
LINE
8
BLACK
6
CONTINUOUS
10
3.1832283464566928
20
-3.0358267716535434
11
3.1826289763779525
21
-3.0388400393700787
0
LINE
8
BLACK
6
CONTINUOUS
10
3.1826289763779525
20
-3.0388400393700787
11
3.180922086614173
21
-3.041394527559055
0
LINE
8
BLACK
6
CONTINUOUS
10
3.180922086614173
20
-3.041394527559055
11
3.1783675984251967
21
-3.0431014173228346
0
LINE
8
BLACK
6
CONTINUOUS
10
3.1783675984251967
20
-3.0431014173228346
11
3.1753543307086614
21
-3.0437007874015749
0
LINE
8
BLACK
6
CONTINUOUS
10
3.1753543307086614
20
-3.0437007874015749
11
3.1596062992125984
21
-3.0437007874015749
0
LINE
8
BLACK
6
CONTINUOUS
10
3.1596062992125984
20
-3.0437007874015749
11
3.1565930314960631
21
-3.0431014173228346
0
LINE
8
BLACK
6
CONTINUOUS
10
3.1565930314960631
20
-3.0431014173228346
11
3.1540385433070863
21
-3.041394527559055
0
LINE
8
BLACK
6
CONTINUOUS
10
3.1540385433070863
20
-3.041394527559055
11
3.1523316535433068
21
-3.0388400393700787
0
LINE
8
BLACK
6
CONTINUOUS
10
3.1523316535433068
20
-3.0388400393700787
11
3.1517322834645669
21
-3.0358267716535434
0
LINE
8
BLACK
6
CONTINUOUS
10
3.1517322834645669
20
-3.0358267716535434
11
3.1517322834645669
21
-3.0141732283464568
0
LINE
8
BLACK
6
CONTINUOUS
10
3.1517322834645669
20
-3.0141732283464568
11
3.1523316535433068
21
-3.0111599606299211
0
LINE
8
BLACK
6
CONTINUOUS
10
3.1523316535433068
20
-3.0111599606299211
11
3.1540385433070863
21
-3.0086054724409448
0
LINE
8
BLACK
6
CONTINUOUS
10
3.1540385433070863
20
-3.0086054724409448
11
3.1565930314960631
21
-3.0068985826771653
0
LINE
8
BLACK
6
CONTINUOUS
10
3.1565930314960631
20
-3.0068985826771653
11
3.1596062992125984
21
-3.0062992125984249
0
LINE
8
BLACK
6
CONTINUOUS
10
3.1596062992125984
20
-3.0062992125984249
11
3.1753543307086614
21
-3.0062992125984249
0
LINE
8
BLACK
6
CONTINUOUS
10
3.1753543307086614
20
-3.0062992125984249
11
3.1783675984251967
21
-3.0068985826771653
0
LINE
8
BLACK
6
CONTINUOUS
10
4.4954330708661416
20
-2.9179527559055116
11
4.4245669291338583
21
-2.9179527559055116
0
LINE
8
BLACK
6
CONTINUOUS
10
4.4245669291338583
20
-2.9179527559055116
11
4.4245669291338583
21
-2.8195275590551181
0
LINE
8
BLACK
6
CONTINUOUS
10
4.4245669291338583
20
-2.8195275590551181
11
4.4954330708661416
21
-2.8195275590551181
0
LINE
8
BLACK
6
CONTINUOUS
10
4.4954330708661416
20
-2.8195275590551181
11
4.4954330708661416
21
-2.9179527559055116
0
LINE
8
BLACK
6
CONTINUOUS
10
4.2134909842519681
20
-2.8041996062992127
11
4.2166841338582675
21
-2.8063331889763781
0
LINE
8
BLACK
6
CONTINUOUS
10
4.2166841338582675
20
-2.8063331889763781
11
4.2188177165354332
21
-2.809526338582677
0
LINE
8
BLACK
6
CONTINUOUS
10
4.2188177165354332
20
-2.809526338582677
11
4.2195669291338582
21
-2.8132929133858267
0
LINE
8
BLACK
6
CONTINUOUS
10
4.2195669291338582
20
-2.8132929133858267
11
4.2195669291338582
21
-2.899907086614173
0
LINE
8
BLACK
6
CONTINUOUS
10
4.2195669291338582
20
-2.899907086614173
11
4.2188177165354332
21
-2.9036736614173226
0
LINE
8
BLACK
6
CONTINUOUS
10
4.2188177165354332
20
-2.9036736614173226
11
4.2166841338582675
21
-2.906866811023622
0
LINE
8
BLACK
6
CONTINUOUS
10
4.2166841338582675
20
-2.906866811023622
11
4.2134909842519681
21
-2.9090003937007873
0
LINE
8
BLACK
6
CONTINUOUS
10
4.2134909842519681
20
-2.9090003937007873
11
4.2097244094488184
21
-2.9097496062992128
0
LINE
8
BLACK
6
CONTINUOUS
10
4.2097244094488184
20
-2.9097496062992128
11
4.1772440944881888
21
-2.9097496062992128
0
LINE
8
BLACK
6
CONTINUOUS
10
4.1772440944881888
20
-2.9097496062992128
11
4.1734775196850391
21
-2.9090003937007873
0
LINE
8
BLACK
6
CONTINUOUS
10
4.1734775196850391
20
-2.9090003937007873
11
4.1702843700787398
21
-2.906866811023622
0
LINE
8
BLACK
6
CONTINUOUS
10
4.1702843700787398
20
-2.906866811023622
11
4.1681507874015749
21
-2.9036736614173226
0
LINE
8
BLACK
6
CONTINUOUS
10
4.1681507874015749
20
-2.9036736614173226
11
4.1674015748031499
21
-2.899907086614173
0
LINE
8
BLACK
6
CONTINUOUS
10
4.1674015748031499
20
-2.899907086614173
11
4.1674015748031499
21
-2.8132929133858267
0
LINE
8
BLACK
6
CONTINUOUS
10
4.1674015748031499
20
-2.8132929133858267
11
4.1681507874015749
21
-2.809526338582677
0
LINE
8
BLACK
6
CONTINUOUS
10
4.1681507874015749
20
-2.809526338582677
11
4.1702843700787398
21
-2.8063331889763781
0
LINE
8
BLACK
6
CONTINUOUS
10
4.1702843700787398
20
-2.8063331889763781
11
4.1734775196850391
21
-2.8041996062992127
0
LINE
8
BLACK
6
CONTINUOUS
10
4.1734775196850391
20
-2.8041996062992127
11
4.1772440944881888
21
-2.8034503937007873
0
LINE
8
BLACK
6
CONTINUOUS
10
4.1772440944881888
20
-2.8034503937007873
11
4.2097244094488184
21
-2.8034503937007873
0
LINE
8
BLACK
6
CONTINUOUS
10
4.2097244094488184
20
-2.8034503937007873
11
4.2134909842519681
21
-2.8041996062992127
0
LINE
8
BLACK
6
CONTINUOUS
10
4.3365224803149607
20
-2.8041996062992127
11
4.33971562992126
21
-2.8063331889763781
0
LINE
8
BLACK
6
CONTINUOUS
10
4.33971562992126
20
-2.8063331889763781
11
4.3418492125984249
21
-2.809526338582677
0
LINE
8
BLACK
6
CONTINUOUS
10
4.3418492125984249
20
-2.809526338582677
11
4.3425984251968499
21
-2.8132929133858267
0
LINE
8
BLACK
6
CONTINUOUS
10
4.3425984251968499
20
-2.8132929133858267
11
4.3425984251968499
21
-2.899907086614173
0
LINE
8
BLACK
6
CONTINUOUS
10
4.3425984251968499
20
-2.899907086614173
11
4.3418492125984249
21
-2.9036736614173226
0
LINE
8
BLACK
6
CONTINUOUS
10
4.3418492125984249
20
-2.9036736614173226
11
4.33971562992126
21
-2.906866811023622
0
LINE
8
BLACK
6
CONTINUOUS
10
4.33971562992126
20
-2.906866811023622
11
4.3365224803149607
21
-2.9090003937007873
0
LINE
8
BLACK
6
CONTINUOUS
10
4.3365224803149607
20
-2.9090003937007873
11
4.332755905511811
21
-2.9097496062992128
0
LINE
8
BLACK
6
CONTINUOUS
10
4.332755905511811
20
-2.9097496062992128
11
4.3002755905511814
21
-2.9097496062992128
0
LINE
8
BLACK
6
CONTINUOUS
10
4.3002755905511814
20
-2.9097496062992128
11
4.2965090157480317
21
-2.9090003937007873
0
LINE
8
BLACK
6
CONTINUOUS
10
4.2965090157480317
20
-2.9090003937007873
11
4.2933158661417323
21
-2.906866811023622
0
LINE
8
BLACK
6
CONTINUOUS
10
4.2933158661417323
20
-2.906866811023622
11
4.2911822834645665
21
-2.9036736614173226
0
LINE
8
BLACK
6
CONTINUOUS
10
4.2911822834645665
20
-2.9036736614173226
11
4.2904330708661416
21
-2.899907086614173
0
LINE
8
BLACK
6
CONTINUOUS
10
4.2904330708661416
20
-2.899907086614173
11
4.2904330708661416
21
-2.8132929133858267
0
LINE
8
BLACK
6
CONTINUOUS
10
4.2904330708661416
20
-2.8132929133858267
11
4.2911822834645665
21
-2.809526338582677
0
LINE
8
BLACK
6
CONTINUOUS
10
4.2911822834645665
20
-2.809526338582677
11
4.2933158661417323
21
-2.8063331889763781
0
LINE
8
BLACK
6
CONTINUOUS
10
4.2933158661417323
20
-2.8063331889763781
11
4.2965090157480317
21
-2.8041996062992127
0
LINE
8
BLACK
6
CONTINUOUS
10
4.2965090157480317
20
-2.8041996062992127
11
4.3002755905511814
21
-2.8034503937007873
0
LINE
8
BLACK
6
CONTINUOUS
10
4.3002755905511814
20
-2.8034503937007873
11
4.332755905511811
21
-2.8034503937007873
0
LINE
8
BLACK
6
CONTINUOUS
10
4.332755905511811
20
-2.8034503937007873
11
4.3365224803149607
21
-2.8041996062992127
0
LINE
8
BLACK
6
CONTINUOUS
10
4.338232440944882
20
-2.7479971259842517
11
4.3411062598425199
21
-2.7499173622047244
0
LINE
8
BLACK
6
CONTINUOUS
10
4.3411062598425199
20
-2.7499173622047244
11
4.3430264960629916
21
-2.7527911811023622
0
LINE
8
BLACK
6
CONTINUOUS
10
4.3430264960629916
20
-2.7527911811023622
11
4.3437007874015743
21
-2.7561811023622047
0
LINE
8
BLACK
6
CONTINUOUS
10
4.3437007874015743
20
-2.7561811023622047
11
4.3437007874015743
21
-2.7738976377952755
0
LINE
8
BLACK
6
CONTINUOUS
10
4.3437007874015743
20
-2.7738976377952755
11
4.3430264960629916
21
-2.777287559055118
0
LINE
8
BLACK
6
CONTINUOUS
10
4.3430264960629916
20
-2.777287559055118
11
4.3411062598425199
21
-2.7801613779527559
0
LINE
8
BLACK
6
CONTINUOUS
10
4.3411062598425199
20
-2.7801613779527559
11
4.338232440944882
21
-2.7820816141732281
0
LINE
8
BLACK
6
CONTINUOUS
10
4.338232440944882
20
-2.7820816141732281
11
4.3348425196850391
21
-2.7827559055118112
0
LINE
8
BLACK
6
CONTINUOUS
10
4.3348425196850391
20
-2.7827559055118112
11
4.3151574803149604
21
-2.7827559055118112
0
LINE
8
BLACK
6
CONTINUOUS
10
4.3151574803149604
20
-2.7827559055118112
11
4.3117675590551183
21
-2.7820816141732281
0
LINE
8
BLACK
6
CONTINUOUS
10
4.3117675590551183
20
-2.7820816141732281
11
4.3088937401574805
21
-2.7801613779527559
0
LINE
8
BLACK
6
CONTINUOUS
10
4.3088937401574805
20
-2.7801613779527559
11
4.3069735039370078
21
-2.777287559055118
0
LINE
8
BLACK
6
CONTINUOUS
10
4.3069735039370078
20
-2.777287559055118
11
4.3062992125984252
21
-2.7738976377952755
0
LINE
8
BLACK
6
CONTINUOUS
10
4.3062992125984252
20
-2.7738976377952755
11
4.3062992125984252
21
-2.7561811023622047
0
LINE
8
BLACK
6
CONTINUOUS
10
4.3062992125984252
20
-2.7561811023622047
11
4.3069735039370078
21
-2.7527911811023622
0
LINE
8
BLACK
6
CONTINUOUS
10
4.3069735039370078
20
-2.7527911811023622
11
4.3088937401574805
21
-2.7499173622047244
0
LINE
8
BLACK
6
CONTINUOUS
10
4.3088937401574805
20
-2.7499173622047244
11
4.3117675590551183
21
-2.7479971259842517
0
LINE
8
BLACK
6
CONTINUOUS
10
4.3117675590551183
20
-2.7479971259842517
11
4.3151574803149604
21
-2.7473228346456691
0
LINE
8
BLACK
6
CONTINUOUS
10
4.3151574803149604
20
-2.7473228346456691
11
4.3348425196850391
21
-2.7473228346456691
0
LINE
8
BLACK
6
CONTINUOUS
10
4.3348425196850391
20
-2.7473228346456691
11
4.338232440944882
21
-2.7479971259842517
0
LINE
8
BLACK
6
CONTINUOUS
10
4.4954330708661416
20
-2.760472440944882
11
4.4245669291338583
21
-2.760472440944882
0
LINE
8
BLACK
6
CONTINUOUS
10
4.4245669291338583
20
-2.760472440944882
11
4.4245669291338583
21
-2.662047244094488
0
LINE
8
BLACK
6
CONTINUOUS
10
4.4245669291338583
20
-2.662047244094488
11
4.4954330708661416
21
-2.662047244094488
0
LINE
8
BLACK
6
CONTINUOUS
10
4.4954330708661416
20
-2.662047244094488
11
4.4954330708661416
21
-2.760472440944882
0
LINE
8
BLACK
6
CONTINUOUS
10
4.338232440944882
20
-2.6869735039370077
11
4.3411062598425199
21
-2.6888937401574804
0
LINE
8
BLACK
6
CONTINUOUS
10
4.3411062598425199
20
-2.6888937401574804
11
4.3430264960629916
21
-2.6917675590551182
0
LINE
8
BLACK
6
CONTINUOUS
10
4.3430264960629916
20
-2.6917675590551182
11
4.3437007874015743
21
-2.6951574803149607
0
LINE
8
BLACK
6
CONTINUOUS
10
4.3437007874015743
20
-2.6951574803149607
11
4.3437007874015743
21
-2.7128740157480316
0
LINE
8
BLACK
6
CONTINUOUS
10
4.3437007874015743
20
-2.7128740157480316
11
4.3430264960629916
21
-2.7162639370078741
0
LINE
8
BLACK
6
CONTINUOUS
10
4.3430264960629916
20
-2.7162639370078741
11
4.3411062598425199
21
-2.7191377559055119
0
LINE
8
BLACK
6
CONTINUOUS
10
4.3411062598425199
20
-2.7191377559055119
11
4.338232440944882
21
-2.7210579921259841
0
LINE
8
BLACK
6
CONTINUOUS
10
4.338232440944882
20
-2.7210579921259841
11
4.3348425196850391
21
-2.7217322834645667
0
LINE
8
BLACK
6
CONTINUOUS
10
4.3348425196850391
20
-2.7217322834645667
11
4.3151574803149604
21
-2.7217322834645667
0
LINE
8
BLACK
6
CONTINUOUS
10
4.3151574803149604
20
-2.7217322834645667
11
4.3117675590551183
21
-2.7210579921259841
0
LINE
8
BLACK
6
CONTINUOUS
10
4.3117675590551183
20
-2.7210579921259841
11
4.3088937401574805
21
-2.7191377559055119
0
LINE
8
BLACK
6
CONTINUOUS
10
4.3088937401574805
20
-2.7191377559055119
11
4.3069735039370078
21
-2.7162639370078741
0
LINE
8
BLACK
6
CONTINUOUS
10
4.3069735039370078
20
-2.7162639370078741
11
4.3062992125984252
21
-2.7128740157480316
0
LINE
8
BLACK
6
CONTINUOUS
10
4.3062992125984252
20
-2.7128740157480316
11
4.3062992125984252
21
-2.6951574803149607
0
LINE
8
BLACK
6
CONTINUOUS
10
4.3062992125984252
20
-2.6951574803149607
11
4.3069735039370078
21
-2.6917675590551182
0
LINE
8
BLACK
6
CONTINUOUS
10
4.3069735039370078
20
-2.6917675590551182
11
4.3088937401574805
21
-2.6888937401574804
0
LINE
8
BLACK
6
CONTINUOUS
10
4.3088937401574805
20
-2.6888937401574804
11
4.3117675590551183
21
-2.6869735039370077
0
LINE
8
BLACK
6
CONTINUOUS
10
4.3117675590551183
20
-2.6869735039370077
11
4.3151574803149604
21
-2.6862992125984251
0
LINE
8
BLACK
6
CONTINUOUS
10
4.3151574803149604
20
-2.6862992125984251
11
4.3348425196850391
21
-2.6862992125984251
0
LINE
8
BLACK
6
CONTINUOUS
10
4.3348425196850391
20
-2.6862992125984251
11
4.338232440944882
21
-2.6869735039370077
  0
ENDSEC
  0
EOF
